usage_id,territory,kind,celebration_id,mass_form,season,week,weekday,special_day,sunday_cycle,weekday_cycle,reference_normalized,reference_display,response_text,source_date,source_selection_id,source_edition,choice_priority,review_status
ng:usage:5298cd966af2a66689ac,NG,celebration,adalbert_of_prague,day,,,,,,,"ps124:2-3,4-5,7b-8","Ps 124:2-3, 4-5, 7b-8",Our soul has escaped like a bird from the hunter’s net.,,ps124_2_3_4_5_7b_8,Catholic Daily RSVCE,1,verified-fallback
ng:usage:d56280a82517f9033595,NG,celebration,adalbert_of_prague,day,,,,,,,"ps126:1-2ab,2bc-3,4-5,6","Ps 126:1-2ab, 2bc-3, 4-5, 6",Those who sow in tears shall reap with shouts of joy.,,ps126_1_2ab_2bc_3_4_5_6,Catholic Daily RSVCE,2,verified-fallback
ng:usage:ebb10c5f649ff39592c8,NG,celebration,adalbert_of_prague,day,,,,,,,"ps31:2cd-3ab,5+7ab,15bc-16","Ps 31:2cd-3ab, 5+7ab, 15bc-16","Into your hands, O Lord, I entrust my spirit.",,ps31_2cd_3ab_5_7ab_15bc_16,Catholic Daily RSVCE,3,verified-fallback
ng:usage:11282e1c7d9831789d89,NG,celebration,adalbert_of_prague,day,,,,,,,"ps34:1-2,3-4,5-6,7-8","Ps 34:1-2, 3-4, 5-6, 7-8",The Lord set me free from all my fears.,,ps34_1_2_3_4_5_6_7_8,Catholic Daily RSVCE,4,verified-fallback
ng:usage:850293c4c4fd1119c8c7,NG,celebration,albert_the_great,day,,,,,,,"ps106:19-20,21-22,23","Ps 106:19-20, 21-22, 23","Lord, remember us, for the love you bear your people.",,ps106_19_20_21_22_23,Catholic Daily RSVCE,1,verified-fallback
ng:usage:c0c2a1da7d08f27e7a95,NG,celebration,albert_the_great,day,,,,,,,"ps110:1-2,3,4","Ps 110:1-2, 3, 4","You are a priest for ever, in the line of Melchizedek.",,local_rsvce:expanded:9147f45b3f3d63c3,Catholic Daily RSVCE,2,verified-fallback
ng:usage:b7c81997e228ff444ae3,NG,celebration,albert_the_great,day,,,,,,,"ps117:1,2","Ps 117:1, 2",Go out to all the world and tell the good news.,,ng:reconstructed:73d92e286a6fb381,Catholic Missal for Nigeria,3,verified
ng:usage:795c44eae5254e2d428b,NG,celebration,albert_the_great,day,,,,,,,"ps16:1-2a1-2a+5,7-8,11","Ps 16:1-2a1-2a+5, 7-8, 11","You are my inheritance, O Lord.",,local_rsvce:expanded:acdd2b509ed6230c,Catholic Daily RSVCE,4,verified-fallback
ng:usage:52f8f2b941e8edccfe82,NG,celebration,albert_the_great,day,,,,,,,"ps23:1-3a,3b-4,5,6","Ps 23:1-3a, 3b-4, 5, 6",The Lord is my shepherd; there is nothing I shall want.,2026-03-15,ng:2026-03-15:responsorial-psalm:1,Catholic Missal for Nigeria,5,verified
ng:usage:2d06fe0776594967a77f,NG,celebration,albert_the_great,day,,,,,,,"ps40:1+3ab,6,7-8,9","Ps 40:1+3ab, 6, 7-8, 9","Here am I, Lord; I come to do your will.",,local_rsvce:expanded:a6f3121c52e20e28,Catholic Daily RSVCE,6,verified-fallback
ng:usage:8664df0b6e1312796faa,NG,celebration,albert_the_great,day,,,,,,,"ps89:1-2,3-4,20-21,24+26","Ps 89:1-2, 3-4, 20-21, 24+26",For ever I will sing the goodness of the Lord.,,local_rsvce:expanded:556f9b30cb1e8359,Catholic Daily RSVCE,7,verified-fallback
ng:usage:5ca85f2892bc24929cdb,NG,celebration,albert_the_great,day,,,,,,,"ps96:1-2a,2b-3,7-8a,10","Ps 96:1-2a, 2b-3, 7-8a, 10",Proclaim God’s marvellous deeds to all the nations.,,ps96_1_2a_2b_3_7_8a_10,Catholic Daily RSVCE,8,verified-fallback
ng:usage:6632c28034b73ab68b59,NG,celebration,all_saints,day,,,,,A,,"ps24:1bc-2,3-4ab,5-6","Ps 24:1bc-2, 3-4ab, 5-6","Lord, this is the people that longs to see your face.",,ng:reconstructed:a6e2824d0bfd8a27,Catholic Missal for Nigeria,1,verified
ng:usage:85dcabd4f2790246147d,NG,celebration,all_saints,day,,,,,B,,"ps24:1bc-2,3-4ab,5-6","Ps 24:1bc-2, 3-4ab, 5-6","Lord, this is the people that longs to see your face.",,ng:reconstructed:a6e2824d0bfd8a27,Catholic Missal for Nigeria,1,verified
ng:usage:af2a38989e3ffb8d721d,NG,celebration,all_saints,day,,,,,C,,"ps24:1bc-2,3-4ab,5-6","Ps 24:1bc-2, 3-4ab, 5-6","Lord, this is the people that longs to see your face.",,ng:reconstructed:a6e2824d0bfd8a27,Catholic Missal for Nigeria,1,verified
ng:usage:fb248afd1e1d4b616abb,NG,celebration,all_saints,day,,,,,,,"ps24:1-2,3-4ab,5-6","Ps 24:1-2, 3-4ab, 5-6","These are the people who seek your face, O Lord.",2026-10-23,ng:2026-10-23:responsorial-psalm:1,Catholic Missal for Nigeria,1,verified
ng:usage:6546e499659de218fd7a,NG,celebration,all_saints,day,,,,,,,"ps24:1b-2,3-4ab,5-6","Ps 24:1b-2, 3-4ab, 5-6","These are the people who seek your face, O Lord.",,ps24_1b_2_3_4ab_5_6,Catholic Daily RSVCE,2,verified-fallback
ng:usage:cbeaf50b559aea308441,NG,celebration,all_saints,day,,,,,,,ps24:1-6,Ps 24:1-6,Let the Lord enter; he is king of glory.,,local_rsvce:expanded:6b79b254c9f7731c,Catholic Daily RSVCE,3,verified-fallback
ng:usage:65964d9a45561499815e,NG,celebration,all_souls,day,,,,,,,"ps23:1-3,4,5,6","Ps 23:1-3, 4, 5, 6","The Lord is my shepherd, there is nothing I shall want.",2026-11-02,ng:2026-11-02:responsorial-psalm:1,Catholic Missal for Nigeria,1,verified
ng:usage:84cb548156a8fa0483d6,NG,celebration,all_souls,day,,,,,,,"ps23:1-3a,3b-4,5,6","Ps 23:1-3a, 3b-4, 5, 6",The Lord is my shepherd; there is nothing I shall want.,2026-03-15,ng:2026-03-15:responsorial-psalm:1,Catholic Missal for Nigeria,2,verified
ng:usage:7818d76e65dc742fd5a3,NG,celebration,andrew_apostle,day,,,,,,,"ps19:2-3,4-5","Ps 19:2-3, 4-5",Their sound goes forth through all the earth.,2026-09-21,ng:2026-09-21:responsorial-psalm:1,Catholic Missal for Nigeria,1,verified
ng:usage:c78aa88e9fe012355338,NG,celebration,andrew_apostle,day,,,,,,,ps19:2-5,Ps 19:2-5,Their message goes out through all the earth.,,local_rsvce:expanded:fd798836a98af69e,Catholic Daily RSVCE,2,verified-fallback
ng:usage:3db75a048bfed421c7a6,NG,celebration,angela_merici,day,,,,,,,"ps148:1-2,11-13a,13c-14","Ps 148:1-2, 11-13a, 13c-14","Young men and women,",,local_rsvce:expanded:29e4357bb27cb4e9,Catholic Daily RSVCE,1,verified-fallback
ng:usage:0768a867ff4cf382a156,NG,celebration,angela_merici,day,,,,,,,"ps45:10-11,13b-14,15-16","Ps 45:10-11, 13b-14, 15-16",The bridegroom is here;,,ps45_10_11_13b_14_15_16,Catholic Daily RSVCE,2,verified-fallback
ng:usage:76735a2a88e75a2753c2,NG,celebration,annunciation_of_the_lord,day,,,,,,,"ps40:7-8a,8b-9,10,11","Ps 40:7-8a, 8b-9, 10, 11","See, I have come, Lord, to do your will.",2026-03-25,ng:2026-03-25:responsorial-psalm:1,Catholic Missal for Nigeria,1,verified
ng:usage:b431b673e3ba55cf4470,NG,celebration,anselm_of_canterbury,day,,,,,,,"ps106:19-20,21-22,23","Ps 106:19-20, 21-22, 23","Lord, remember us, for the love you bear your people.",,ps106_19_20_21_22_23,Catholic Daily RSVCE,1,verified-fallback
ng:usage:2b4b07c9b08f9d41b7a3,NG,celebration,anselm_of_canterbury,day,,,,,,,"ps110:1-2,3,4","Ps 110:1-2, 3, 4","You are a priest for ever, in the line of Melchizedek.",,local_rsvce:expanded:9147f45b3f3d63c3,Catholic Daily RSVCE,2,verified-fallback
ng:usage:d84637a445006da7f6e0,NG,celebration,anselm_of_canterbury,day,,,,,,,"ps117:1,2","Ps 117:1, 2",Go out to all the world and tell the good news.,,ng:reconstructed:73d92e286a6fb381,Catholic Missal for Nigeria,3,verified
ng:usage:d7e9fbd67da446b6fb2a,NG,celebration,anselm_of_canterbury,day,,,,,,,"ps16:1-2a1-2a+5,7-8,11","Ps 16:1-2a1-2a+5, 7-8, 11","You are my inheritance, O Lord.",,local_rsvce:expanded:acdd2b509ed6230c,Catholic Daily RSVCE,4,verified-fallback
ng:usage:ee67b84e53acff9fcbac,NG,celebration,anselm_of_canterbury,day,,,,,,,"ps23:1-3a,3b-4,5,6","Ps 23:1-3a, 3b-4, 5, 6",The Lord is my shepherd; there is nothing I shall want.,2026-03-15,ng:2026-03-15:responsorial-psalm:1,Catholic Missal for Nigeria,5,verified
ng:usage:37710bc6b10f16b234b5,NG,celebration,anselm_of_canterbury,day,,,,,,,"ps40:1+3ab,6,7-8,9","Ps 40:1+3ab, 6, 7-8, 9","Here am I, Lord; I come to do your will.",,local_rsvce:expanded:a6f3121c52e20e28,Catholic Daily RSVCE,6,verified-fallback
ng:usage:8c1edde0f3f67cb2d654,NG,celebration,anselm_of_canterbury,day,,,,,,,"ps89:1-2,3-4,20-21,24+26","Ps 89:1-2, 3-4, 20-21, 24+26",For ever I will sing the goodness of the Lord.,,local_rsvce:expanded:556f9b30cb1e8359,Catholic Daily RSVCE,7,verified-fallback
ng:usage:23d0885040724e745d59,NG,celebration,anselm_of_canterbury,day,,,,,,,"ps96:1-2a,2b-3,7-8a,10","Ps 96:1-2a, 2b-3, 7-8a, 10",Proclaim God’s marvellous deeds to all the nations.,,ps96_1_2a_2b_3_7_8a_10,Catholic Daily RSVCE,8,verified-fallback
ng:usage:42f3e83b67782d1b8e7a,NG,celebration,ansgar_of_hamburg,day,,,,,,,"ps106:19-20,21-22,23","Ps 106:19-20, 21-22, 23","Lord, remember us, for the love you bear your people.",,ps106_19_20_21_22_23,Catholic Daily RSVCE,1,verified-fallback
ng:usage:915230a8bf6a22b55599,NG,celebration,ansgar_of_hamburg,day,,,,,,,"ps110:1-2,3,4","Ps 110:1-2, 3, 4","You are a priest for ever, in the line of Melchizedek.",,local_rsvce:expanded:9147f45b3f3d63c3,Catholic Daily RSVCE,2,verified-fallback
ng:usage:0b4d9307b06812595edf,NG,celebration,ansgar_of_hamburg,day,,,,,,,"ps117:1,2","Ps 117:1, 2",Go out to all the world and tell the good news.,,ng:reconstructed:73d92e286a6fb381,Catholic Missal for Nigeria,3,verified
ng:usage:1f1458ce58c316922f1d,NG,celebration,ansgar_of_hamburg,day,,,,,,,"ps16:1-2a1-2a+5,7-8,11","Ps 16:1-2a1-2a+5, 7-8, 11","You are my inheritance, O Lord.",,local_rsvce:expanded:acdd2b509ed6230c,Catholic Daily RSVCE,4,verified-fallback
ng:usage:16e14bc4a56d1fd6be68,NG,celebration,ansgar_of_hamburg,day,,,,,,,"ps23:1-3a,3b-4,5,6","Ps 23:1-3a, 3b-4, 5, 6",The Lord is my shepherd; there is nothing I shall want.,2026-03-15,ng:2026-03-15:responsorial-psalm:1,Catholic Missal for Nigeria,5,verified
ng:usage:4e86bd38cc340bb190dd,NG,celebration,ansgar_of_hamburg,day,,,,,,,"ps40:1+3ab,6,7-8,9","Ps 40:1+3ab, 6, 7-8, 9","Here am I, Lord; I come to do your will.",,local_rsvce:expanded:a6f3121c52e20e28,Catholic Daily RSVCE,6,verified-fallback
ng:usage:8da26d69b2c6fde329c8,NG,celebration,ansgar_of_hamburg,day,,,,,,,"ps89:1-2,3-4,20-21,24+26","Ps 89:1-2, 3-4, 20-21, 24+26",For ever I will sing the goodness of the Lord.,,local_rsvce:expanded:556f9b30cb1e8359,Catholic Daily RSVCE,7,verified-fallback
ng:usage:c559882662ee4827f807,NG,celebration,ansgar_of_hamburg,day,,,,,,,"ps96:1-2a,2b-3,7-8a,10","Ps 96:1-2a, 2b-3, 7-8a, 10",Proclaim God’s marvellous deeds to all the nations.,,ps96_1_2a_2b_3_7_8a_10,Catholic Daily RSVCE,8,verified-fallback
ng:usage:ca46efc5a2de86f7fbb6,NG,celebration,anthony_mary_claret,day,,,,,,,"ps106:19-20,21-22,23","Ps 106:19-20, 21-22, 23","Lord, remember us, for the love you bear your people.",,ps106_19_20_21_22_23,Catholic Daily RSVCE,1,verified-fallback
ng:usage:a9877aecfb3dbe7931d3,NG,celebration,anthony_mary_claret,day,,,,,,,"ps110:1-2,3,4","Ps 110:1-2, 3, 4","You are a priest for ever, in the line of Melchizedek.",,local_rsvce:expanded:9147f45b3f3d63c3,Catholic Daily RSVCE,2,verified-fallback
ng:usage:7472c9b2e5c636c2cfb0,NG,celebration,anthony_mary_claret,day,,,,,,,"ps117:1,2","Ps 117:1, 2",Go out to all the world and tell the good news.,,ng:reconstructed:73d92e286a6fb381,Catholic Missal for Nigeria,3,verified
ng:usage:09a28f6e29012369e261,NG,celebration,anthony_mary_claret,day,,,,,,,"ps16:1-2a1-2a+5,7-8,11","Ps 16:1-2a1-2a+5, 7-8, 11","You are my inheritance, O Lord.",,local_rsvce:expanded:acdd2b509ed6230c,Catholic Daily RSVCE,4,verified-fallback
ng:usage:956bdd9f2f6ce44e7dae,NG,celebration,anthony_mary_claret,day,,,,,,,"ps23:1-3a,3b-4,5,6","Ps 23:1-3a, 3b-4, 5, 6",The Lord is my shepherd; there is nothing I shall want.,2026-03-15,ng:2026-03-15:responsorial-psalm:1,Catholic Missal for Nigeria,5,verified
ng:usage:c47c11ee0a1a3f3dfe9e,NG,celebration,anthony_mary_claret,day,,,,,,,"ps40:1+3ab,6,7-8,9","Ps 40:1+3ab, 6, 7-8, 9","Here am I, Lord; I come to do your will.",,local_rsvce:expanded:a6f3121c52e20e28,Catholic Daily RSVCE,6,verified-fallback
ng:usage:3b88e32a76e54f2b3a4c,NG,celebration,anthony_mary_claret,day,,,,,,,"ps89:1-2,3-4,20-21,24+26","Ps 89:1-2, 3-4, 20-21, 24+26",For ever I will sing the goodness of the Lord.,,local_rsvce:expanded:556f9b30cb1e8359,Catholic Daily RSVCE,7,verified-fallback
ng:usage:65c33c2734dd0afd4f4c,NG,celebration,anthony_mary_claret,day,,,,,,,"ps96:1-2a,2b-3,7-8a,10","Ps 96:1-2a, 2b-3, 7-8a, 10",Proclaim God’s marvellous deeds to all the nations.,,ps96_1_2a_2b_3_7_8a_10,Catholic Daily RSVCE,8,verified-fallback
ng:usage:7fc17ab78d805fde910d,NG,celebration,anthony_zaccaria,day,,,,,,,"ps106:19-20,21-22,23","Ps 106:19-20, 21-22, 23","Lord, remember us, for the love you bear your people.",,ps106_19_20_21_22_23,Catholic Daily RSVCE,1,verified-fallback
ng:usage:cac4a15fa8fdc624c359,NG,celebration,anthony_zaccaria,day,,,,,,,"ps110:1-2,3,4","Ps 110:1-2, 3, 4","You are a priest for ever, in the line of Melchizedek.",,local_rsvce:expanded:9147f45b3f3d63c3,Catholic Daily RSVCE,2,verified-fallback
ng:usage:dd3f7da224f7c395c92a,NG,celebration,anthony_zaccaria,day,,,,,,,"ps117:1,2","Ps 117:1, 2",Go out to all the world and tell the good news.,,ng:reconstructed:73d92e286a6fb381,Catholic Missal for Nigeria,3,verified
ng:usage:32fe90452ab728983c11,NG,celebration,anthony_zaccaria,day,,,,,,,"ps16:1-2a1-2a+5,7-8,11","Ps 16:1-2a1-2a+5, 7-8, 11","You are my inheritance, O Lord.",,local_rsvce:expanded:acdd2b509ed6230c,Catholic Daily RSVCE,4,verified-fallback
ng:usage:b176873ebe189db8ecf6,NG,celebration,anthony_zaccaria,day,,,,,,,"ps23:1-3a,3b-4,5,6","Ps 23:1-3a, 3b-4, 5, 6",The Lord is my shepherd; there is nothing I shall want.,2026-03-15,ng:2026-03-15:responsorial-psalm:1,Catholic Missal for Nigeria,5,verified
ng:usage:df184647e129cb871b5d,NG,celebration,anthony_zaccaria,day,,,,,,,"ps40:1+3ab,6,7-8,9","Ps 40:1+3ab, 6, 7-8, 9","Here am I, Lord; I come to do your will.",,local_rsvce:expanded:a6f3121c52e20e28,Catholic Daily RSVCE,6,verified-fallback
ng:usage:97e874069d3fa7aed938,NG,celebration,anthony_zaccaria,day,,,,,,,"ps89:1-2,3-4,20-21,24+26","Ps 89:1-2, 3-4, 20-21, 24+26",For ever I will sing the goodness of the Lord.,,local_rsvce:expanded:556f9b30cb1e8359,Catholic Daily RSVCE,7,verified-fallback
ng:usage:44ac2124a719101ee332,NG,celebration,anthony_zaccaria,day,,,,,,,"ps96:1-2a,2b-3,7-8a,10","Ps 96:1-2a, 2b-3, 7-8a, 10",Proclaim God’s marvellous deeds to all the nations.,,ps96_1_2a_2b_3_7_8a_10,Catholic Daily RSVCE,8,verified-fallback
ng:usage:08a2bc5c10b4ef92de67,NG,celebration,apollinaris_of_ravenna,day,,,,,,,"ps124:2-3,4-5,7b-8","Ps 124:2-3, 4-5, 7b-8",Our soul has escaped like a bird from the hunter’s net.,,ps124_2_3_4_5_7b_8,Catholic Daily RSVCE,1,verified-fallback
ng:usage:64103e3200c76c452c06,NG,celebration,apollinaris_of_ravenna,day,,,,,,,"ps126:1-2ab,2bc-3,4-5,6","Ps 126:1-2ab, 2bc-3, 4-5, 6",Those who sow in tears shall reap with shouts of joy.,,ps126_1_2ab_2bc_3_4_5_6,Catholic Daily RSVCE,2,verified-fallback
ng:usage:8722f762e0cd8fb4a4ee,NG,celebration,apollinaris_of_ravenna,day,,,,,,,"ps31:2cd-3ab,5+7ab,15bc-16","Ps 31:2cd-3ab, 5+7ab, 15bc-16","Into your hands, O Lord, I entrust my spirit.",,ps31_2cd_3ab_5_7ab_15bc_16,Catholic Daily RSVCE,3,verified-fallback
ng:usage:ad605cbc5da9f6d532c3,NG,celebration,apollinaris_of_ravenna,day,,,,,,,"ps34:1-2,3-4,5-6,7-8","Ps 34:1-2, 3-4, 5-6, 7-8",The Lord set me free from all my fears.,,ps34_1_2_3_4_5_6_7_8,Catholic Daily RSVCE,4,verified-fallback
ng:usage:5e15761de673088de78c,NG,celebration,ascension_of_the_lord,day,,,,,,,"ps47:2-3,6-7,8-9","Ps 47:2-3, 6-7, 8-9",God has gone up with shouts of joy.,2026-05-14,ng:2026-05-14:responsorial-psalm:1,Catholic Missal for Nigeria,1,verified
ng:usage:762567cb5f6590eaf3d9,NG,celebration,ascension_of_the_lord,day,,,,,,,"ps98:1,2-3ab,3cd-4","Ps 98:1, 2-3ab, 3cd-4",The Lord has shown his deliverance to the nations.,,ps98_1_2_3ab_3cd_4,Catholic Daily RSVCE,2,verified-fallback
ng:usage:fdb36ae6a21abce67605,NG,celebration,ascension_of_the_lord,day,,,,,,,"ps98:1,2-3ab,3cd-4","Ps 98:1, 2-3ab, 3cd-4",The Lord has shown his deliverance to the nations. Or: Alleluia.,,ps98_1_2_3ab_3cd_4,Catholic Daily RSVCE,3,verified-fallback
ng:usage:9b9988ea0defdd8ec355,NG,celebration,augustine_of_canterbury,day,,,,,,,"ps106:19-20,21-22,23","Ps 106:19-20, 21-22, 23","Lord, remember us, for the love you bear your people.",,ps106_19_20_21_22_23,Catholic Daily RSVCE,1,verified-fallback
ng:usage:e8492b1f5c01aa5b0410,NG,celebration,augustine_of_canterbury,day,,,,,,,"ps110:1-2,3,4","Ps 110:1-2, 3, 4","You are a priest for ever, in the line of Melchizedek.",,local_rsvce:expanded:9147f45b3f3d63c3,Catholic Daily RSVCE,2,verified-fallback
ng:usage:998750c94348a39aa170,NG,celebration,augustine_of_canterbury,day,,,,,,,"ps117:1,2","Ps 117:1, 2",Go out to all the world and tell the good news.,,ng:reconstructed:73d92e286a6fb381,Catholic Missal for Nigeria,3,verified
ng:usage:db82d9ad9e93b887dd18,NG,celebration,augustine_of_canterbury,day,,,,,,,"ps16:1-2a1-2a+5,7-8,11","Ps 16:1-2a1-2a+5, 7-8, 11","You are my inheritance, O Lord.",,local_rsvce:expanded:acdd2b509ed6230c,Catholic Daily RSVCE,4,verified-fallback
ng:usage:82aafe299b28cc458864,NG,celebration,augustine_of_canterbury,day,,,,,,,"ps23:1-3a,3b-4,5,6","Ps 23:1-3a, 3b-4, 5, 6",The Lord is my shepherd; there is nothing I shall want.,2026-03-15,ng:2026-03-15:responsorial-psalm:1,Catholic Missal for Nigeria,5,verified
ng:usage:cbce7ca680d184f44e9c,NG,celebration,augustine_of_canterbury,day,,,,,,,"ps40:1+3ab,6,7-8,9","Ps 40:1+3ab, 6, 7-8, 9","Here am I, Lord; I come to do your will.",,local_rsvce:expanded:a6f3121c52e20e28,Catholic Daily RSVCE,6,verified-fallback
ng:usage:e567a0250f99610332bc,NG,celebration,augustine_of_canterbury,day,,,,,,,"ps89:1-2,3-4,20-21,24+26","Ps 89:1-2, 3-4, 20-21, 24+26",For ever I will sing the goodness of the Lord.,,local_rsvce:expanded:556f9b30cb1e8359,Catholic Daily RSVCE,7,verified-fallback
ng:usage:9e7db82b7e6a09939a3f,NG,celebration,augustine_of_canterbury,day,,,,,,,"ps96:1-2a,2b-3,7-8a,10","Ps 96:1-2a, 2b-3, 7-8a, 10",Proclaim God’s marvellous deeds to all the nations.,,ps96_1_2a_2b_3_7_8a_10,Catholic Daily RSVCE,8,verified-fallback
ng:usage:a9a0695d6c28a5806f81,NG,celebration,augustine_zhao_rong,day,,,,,,,"ps124:2-3,4-5,7b-8","Ps 124:2-3, 4-5, 7b-8",Our soul has escaped like a bird from the hunter’s net.,,ps124_2_3_4_5_7b_8,Catholic Daily RSVCE,1,verified-fallback
ng:usage:f2bd6d8413600c10c1d7,NG,celebration,augustine_zhao_rong,day,,,,,,,"ps126:1-2ab,2bc-3,4-5,6","Ps 126:1-2ab, 2bc-3, 4-5, 6",Those who sow in tears shall reap with shouts of joy.,,ps126_1_2ab_2bc_3_4_5_6,Catholic Daily RSVCE,2,verified-fallback
ng:usage:61dfb514eada5ea0c7df,NG,celebration,augustine_zhao_rong,day,,,,,,,"ps31:2cd-3ab,5+7ab,15bc-16","Ps 31:2cd-3ab, 5+7ab, 15bc-16","Into your hands, O Lord, I entrust my spirit.",,ps31_2cd_3ab_5_7ab_15bc_16,Catholic Daily RSVCE,3,verified-fallback
ng:usage:c7680cf4921f82da7231,NG,celebration,augustine_zhao_rong,day,,,,,,,"ps34:1-2,3-4,5-6,7-8","Ps 34:1-2, 3-4, 5-6, 7-8",The Lord set me free from all my fears.,,ps34_1_2_3_4_5_6_7_8,Catholic Daily RSVCE,4,verified-fallback
ng:usage:a1b4e88533309881049a,NG,celebration,baptism_of_the_lord,day,,,,,A,,"ps29:1a,2,3ac-4,3b,9c-10","Ps 29:1a, 2, 3ac-4, 3b, 9c-10",The Lord will bless his people with peace.,2026-01-11,ng:2026-01-11:responsorial-psalm:1,Catholic Missal for Nigeria,1,verified
ng:usage:84985e756427e10affcf,NG,celebration,baptism_of_the_lord,day,,,,,A,,"isa12:2-3,4bcd,5-6","Isa 12:2-3, 4bcd, 5-6",You will draw water joyfully from the springs of salvation.,,isa12_2_3_4bcd_5_6,Catholic Daily RSVCE,2,verified-fallback
ng:usage:23b8bb1c99b83e90bc3a,NG,celebration,baptism_of_the_lord,day,,,,,A,,"ps104:1b-2,3-4,24-25,27-28,29-30","Ps 104:1b-2, 3-4, 24-25, 27-28, 29-30","O bless the Lord, my soul.",,ps104_1b_2_3_4_24_25_27_28_29_30,Catholic Daily RSVCE,3,verified-fallback
ng:usage:ecf647bf9617ccca4c1e,NG,celebration,baptism_of_the_lord,day,,,,,A,,"ps29:1-2,3-4,3,9-10","Ps 29:1-2, 3-4, 3, 9-10",The Lord will bless his people with peace.,,ps29_1_2_3_4_3_9_10,Catholic Daily RSVCE,4,verified-fallback
ng:usage:f654097560eae3cdb440,NG,celebration,baptism_of_the_lord,day,,,,,B,,"isa12:2-3,4bcd,5-6","Isa 12:2-3, 4bcd, 5-6",You will draw water joyfully from the springs of salvation.,,isa12_2_3_4bcd_5_6,Catholic Daily RSVCE,1,verified-fallback
ng:usage:e057c060095edc64a33c,NG,celebration,baptism_of_the_lord,day,,,,,B,,"ps104:1b-2,3-4,24-25,27-28,29-30","Ps 104:1b-2, 3-4, 24-25, 27-28, 29-30","O bless the Lord, my soul.",,ps104_1b_2_3_4_24_25_27_28_29_30,Catholic Daily RSVCE,2,verified-fallback
ng:usage:37e279ad3f3fdaae3df7,NG,celebration,baptism_of_the_lord,day,,,,,B,,"ps29:1-2,3-4,3,9-10","Ps 29:1-2, 3-4, 3, 9-10",The Lord will bless his people with peace.,,ps29_1_2_3_4_3_9_10,Catholic Daily RSVCE,3,verified-fallback
ng:usage:269b28ce98dde254c67d,NG,celebration,baptism_of_the_lord,day,,,,,C,,"ps104:1b-2,3-4,24-25,27-28,29-30","Ps 104:1b-2, 3-4, 24-25, 27-28, 29-30","O bless the Lord, my soul",,ps104_1b_2_3_4_24_25_27_28_29_30,Catholic Daily RSVCE,1,verified-fallback
ng:usage:49827a3d14cade22da84,NG,celebration,baptism_of_the_lord,day,,,,,C,,"isa12:2-3,4bcd,5-6","Isa 12:2-3, 4bcd, 5-6",You will draw water joyfully from the springs of salvation.,,isa12_2_3_4bcd_5_6,Catholic Daily RSVCE,2,verified-fallback
ng:usage:105b6b48739aa712f7e9,NG,celebration,baptism_of_the_lord,day,,,,,C,,"ps29:1-2,3-4,3,9-10","Ps 29:1-2, 3-4, 3, 9-10",The Lord will bless his people with peace.,,ps29_1_2_3_4_3_9_10,Catholic Daily RSVCE,3,verified-fallback
ng:usage:b65193fdb08c498ec345,NG,celebration,baptism_of_the_lord,day,,,,,,,"isaiah12:2-3,4bcd,5-6","Isa 12:2-3, 4bcd, 5-6",You will draw water joyfully from the springs of salvation.,,local_rsvce:expanded:67b7f95f888677c6,Catholic Daily RSVCE,1,verified-fallback
ng:usage:bcd9518fad987b2157a8,NG,celebration,bartholomew_apostle,day,,,,,,,"ps145:10-11,12-13ab,17-18","Ps 145:10-11, 12-13ab, 17-18","Your saints, O Lord, make known the glory of your reign.",2026-08-24,ng:2026-08-24:responsorial-psalm:1,Catholic Missal for Nigeria,1,verified
ng:usage:63671694b5992a240918,NG,celebration,bartholomew_apostle,day,,,,,,,"ps145:10-11,12-13,17-18","Ps 145:10-11, 12-13, 17-18","Your saints, O Lord, make known the glory of your reign",,ps145_10_11_12_13_17_18,Catholic Daily RSVCE,2,verified-fallback
ng:usage:61a855ece404f224698b,NG,celebration,bartholomew_apostle,day,,,,,,,"ps145:10-13,17-18","Ps 145:10-13, 17-18","Your friends make known, O Lord, the glorious splendor of your kingdom.",,local_rsvce:expanded:ca43673dba4a5f55,Catholic Daily RSVCE,3,verified-fallback
ng:usage:e6011514f1d1aa35aa81,NG,celebration,bede_the_venerable,day,,,,,,,"ps119:9-10,11-12,13-14","Ps 119:9-10, 11-12, 13-14","Lord, teach me your decrees.",,ps119_9_10_11_12_13_14,Catholic Daily RSVCE,1,verified-fallback
ng:usage:951c79840027fa8613f1,NG,celebration,bede_the_venerable,day,,,,,,,"ps19:7,8,9,10","Ps 19:7, 8, 9, 10","The judgments of the Lord are true, and all of them are just.",,ps19_7_8_9_10,Catholic Daily RSVCE,2,verified-fallback
ng:usage:9217e9a2d5d3c2a36066,NG,celebration,bede_the_venerable,day,,,,,,,"ps37:3-4,5-6,30-31","Ps 37:3-4, 5-6, 30-31",The mouths of the just murmur wisdom.,,ng:reconstructed:8c4665aa51293035,Catholic Missal for Nigeria,3,verified
ng:usage:3fccf4f417d4602f3bfa,NG,celebration,bernardine_of_siena,day,,,,,,,"ps106:19-20,21-22,23","Ps 106:19-20, 21-22, 23","Lord, remember us, for the love you bear your people.",,ps106_19_20_21_22_23,Catholic Daily RSVCE,1,verified-fallback
ng:usage:3a16ac7cf6f88a9cafad,NG,celebration,bernardine_of_siena,day,,,,,,,"ps110:1-2,3,4","Ps 110:1-2, 3, 4","You are a priest for ever, in the line of Melchizedek.",,local_rsvce:expanded:9147f45b3f3d63c3,Catholic Daily RSVCE,2,verified-fallback
ng:usage:006abb4ed4e962dee78c,NG,celebration,bernardine_of_siena,day,,,,,,,"ps117:1,2","Ps 117:1, 2",Go out to all the world and tell the good news.,,ng:reconstructed:73d92e286a6fb381,Catholic Missal for Nigeria,3,verified
ng:usage:a4e3618ac57e5c872600,NG,celebration,bernardine_of_siena,day,,,,,,,"ps16:1-2a1-2a+5,7-8,11","Ps 16:1-2a1-2a+5, 7-8, 11","You are my inheritance, O Lord.",,local_rsvce:expanded:acdd2b509ed6230c,Catholic Daily RSVCE,4,verified-fallback
ng:usage:5b0a37e78bb40358185b,NG,celebration,bernardine_of_siena,day,,,,,,,"ps23:1-3a,3b-4,5,6","Ps 23:1-3a, 3b-4, 5, 6",The Lord is my shepherd; there is nothing I shall want.,2026-03-15,ng:2026-03-15:responsorial-psalm:1,Catholic Missal for Nigeria,5,verified
ng:usage:8fea6e177b61ab7524b7,NG,celebration,bernardine_of_siena,day,,,,,,,"ps40:1+3ab,6,7-8,9","Ps 40:1+3ab, 6, 7-8, 9","Here am I, Lord; I come to do your will.",,local_rsvce:expanded:a6f3121c52e20e28,Catholic Daily RSVCE,6,verified-fallback
ng:usage:140ba297fd2893346778,NG,celebration,bernardine_of_siena,day,,,,,,,"ps89:1-2,3-4,20-21,24+26","Ps 89:1-2, 3-4, 20-21, 24+26",For ever I will sing the goodness of the Lord.,,local_rsvce:expanded:556f9b30cb1e8359,Catholic Daily RSVCE,7,verified-fallback
ng:usage:d42711b845432dd861da,NG,celebration,bernardine_of_siena,day,,,,,,,"ps96:1-2a,2b-3,7-8a,10","Ps 96:1-2a, 2b-3, 7-8a, 10",Proclaim God’s marvellous deeds to all the nations.,,ps96_1_2a_2b_3_7_8a_10,Catholic Daily RSVCE,8,verified-fallback
ng:usage:aea900bd6e3f3e914d60,NG,celebration,bernardine_of_siena,day,,,,,,,"ps103:1-2,3-4,8-9,13-14,17-18a","Ps 103:1-2, 3-4, 8-9, 13-14, 17-18a","O bless the Lord, my soul!",,local_rsvce:expanded:a23963e8ba7768b2,Catholic Daily RSVCE,9,verified-fallback
ng:usage:d4662bd927b9a4ef1c8b,NG,celebration,bernardine_of_siena,day,,,,,,,"ps112:1-2,3-4,5-6,7-8,9","Ps 112:1-2, 3-4, 5-6, 7-8, 9",Happy are those who fear the Lord.,,local_rsvce:expanded:a2598f66f2117110,Catholic Daily RSVCE,10,verified-fallback
ng:usage:c279d5b20dd335d52e0b,NG,celebration,bernardine_of_siena,day,,,,,,,"ps112:1-2,5-6,7-8,9","Ps 112:1-2, 5-6, 7-8, 9",Happy are those who fear the Lord.,,ps112_1_2_5_6_7_8_9,Catholic Daily RSVCE,11,verified-fallback
ng:usage:feac3380200ce55744c0,NG,celebration,bernardine_of_siena,day,,,,,,,"ps126:1-2ab,2bc-3,4-5,6","Ps 126:1-2ab, 2bc-3, 4-5, 6",Those who sow in tears shall reap with shouts of joy.,,ps126_1_2ab_2bc_3_4_5_6,Catholic Daily RSVCE,12,verified-fallback
ng:usage:307862911b5518965a90,NG,celebration,bernardine_of_siena,day,,,,,,,"ps128:1-2,3-4,5-6","Ps 128:1-2, 3-4, 5-6",Happy are those who fear the Lord.,,local_rsvce:expanded:4115d7f061b9dec9,Catholic Daily RSVCE,13,verified-fallback
ng:usage:6928e0cb05d290e8ab2c,NG,celebration,bernardine_of_siena,day,,,,,,,"ps131:1,2-3a","Ps 131:1, 2-3a","In you, Lord, I have found my peace.",,local_rsvce:expanded:c554d668e32bfa75,Catholic Daily RSVCE,14,verified-fallback
ng:usage:db3289abff671d48182b,NG,celebration,bernardine_of_siena,day,,,,,,,"ps15:1a+2-3a,3b-4ab,5","Ps 15:1a+2-3a, 3b-4ab, 5","The just shall live on your holy mountain, O Lord.",,local_rsvce:expanded:d8a4c685fc2a8ecd,Catholic Daily RSVCE,15,verified-fallback
ng:usage:bf8ab49e022c22732b5b,NG,celebration,bernardine_of_siena,day,,,,,,,"ps15:1a,2-3a,3b-4ab,5","Ps 15:1a, 2-3a, 3b-4ab, 5","The just shall live on your holy mountain, O Lord.",,local_rsvce:expanded:b2b47e3b4171ad7b,Catholic Daily RSVCE,16,verified-fallback
ng:usage:a41dcaf7fdbcd773e569,NG,celebration,bernardine_of_siena,day,,,,,,,"ps16:1-2a+5,7-8,11","Ps 16:1-2a+5, 7-8, 11","You are my inheritance, O Lord.",,ps16_1_2a_5_7_8_11,Catholic Daily RSVCE,17,verified-fallback
ng:usage:58528cb33000a2f258b4,NG,celebration,bernardine_of_siena,day,,,,,,,"ps1:1-2,3,4-6","Ps 1:1-2, 3, 4-6",Happy are they who delight in the law of the Lord.,,local_rsvce:expanded:1add7841ef32e023,Catholic Daily RSVCE,18,verified-fallback
ng:usage:356166188ad1547df7c9,NG,celebration,bernardine_of_siena,day,,,,,,,"ps34:1-2,3-4,5-6,7-8,9-10","Ps 34:1-2, 3-4, 5-6, 7-8, 9-10",I will bless the Lord at all times.,,local_rsvce:expanded:080f8764f6955b45,Catholic Daily RSVCE,19,verified-fallback
ng:usage:a181aa6690adf4c34fd1,NG,celebration,bernardine_of_siena,day,,,,,,,"ps34:1-2,3-4,5-6,7-8,9-10","Ps 34:1-2, 3-4, 5-6, 7-8, 9-10",Taste and see the goodness of the Lord.,,local_rsvce:expanded:080f8764f6955b45,Catholic Daily RSVCE,20,verified-fallback
ng:usage:fdc1cf625337f491731b,NG,celebration,blaise_of_sebaste,day,,,,,,,"ps124:2-3,4-5,7b-8","Ps 124:2-3, 4-5, 7b-8",Our soul has escaped like a bird from the hunter’s net.,,ps124_2_3_4_5_7b_8,Catholic Daily RSVCE,1,verified-fallback
ng:usage:b9c21d6d7fd48f072dd5,NG,celebration,blaise_of_sebaste,day,,,,,,,"ps126:1-2ab,2bc-3,4-5,6","Ps 126:1-2ab, 2bc-3, 4-5, 6",Those who sow in tears shall reap with shouts of joy.,,ps126_1_2ab_2bc_3_4_5_6,Catholic Daily RSVCE,2,verified-fallback
ng:usage:8c1cd787cbd7aea4b805,NG,celebration,blaise_of_sebaste,day,,,,,,,"ps31:2cd-3ab,5+7ab,15bc-16","Ps 31:2cd-3ab, 5+7ab, 15bc-16","Into your hands, O Lord, I entrust my spirit.",,ps31_2cd_3ab_5_7ab_15bc_16,Catholic Daily RSVCE,3,verified-fallback
ng:usage:ec0039b7491b3468e8ff,NG,celebration,blaise_of_sebaste,day,,,,,,,"ps34:1-2,3-4,5-6,7-8","Ps 34:1-2, 3-4, 5-6, 7-8",The Lord set me free from all my fears.,,ps34_1_2_3_4_5_6_7_8,Catholic Daily RSVCE,4,verified-fallback
ng:usage:a18ad1bc5133d2725db5,NG,celebration,body_and_blood_of_christ,day,,,,,A,,"ps147:12-13,14-15,19-20","Ps 147:12-13, 14-15, 19-20","O Jerusalem, glorify the Lord!",2026-01-09,ng:2026-01-09:responsorial-psalm:1,Catholic Missal for Nigeria,1,verified
ng:usage:a2f41e2752e0c2b94242,NG,celebration,body_and_blood_of_christ,day,,,,,A,,"ps147:12-13,14-15,19-20","Ps 147:12-13, 14-15, 19-20","Praise the Lord, Jerusalem.",,ps147_12_13_14_15_19_20,Catholic Daily RSVCE,2,verified-fallback
ng:usage:339e53b7d6de64ac3558,NG,celebration,body_and_blood_of_christ,day,,,,,B,,"ps116:12-13,15-16,17-18","Ps 116:12-13, 15-16, 17-18",The cup of salvation I will raise; I will call on the name of the Lord.,,ps116_12_13_15_16_17_18,Catholic Daily RSVCE,1,verified-fallback
ng:usage:a1976ae001af4f56b8ff,NG,celebration,body_and_blood_of_christ,day,,,,,B,,"ps116:12-13,15-16,17-18","Ps 116:12-13, 15-16, 17-18","I will take the cup of salvation, and call on the name of the Lord.",,ps116_12_13_15_16_17_18,Catholic Daily RSVCE,2,verified-fallback
ng:usage:7c7598ff092fd9c94da6,NG,celebration,body_and_blood_of_christ,day,,,,,C,,"ps110:1,2,3,4","Ps 110:1, 2, 3, 4","You are a priest for ever, in the line of Melchizedek.",,ps110_1_2_3_4,Catholic Daily RSVCE,1,verified-fallback
ng:usage:297f463874c68e570dc9,NG,celebration,bridget_of_sweden,day,,,,,,,"ps103:1-2,3-4,8-9,13-14,17-18a","Ps 103:1-2, 3-4, 8-9, 13-14, 17-18a","O bless the Lord, my soul!",,local_rsvce:expanded:a23963e8ba7768b2,Catholic Daily RSVCE,1,verified-fallback
ng:usage:233a169b555c4f02d816,NG,celebration,bridget_of_sweden,day,,,,,,,"ps112:1-2,3-4,5-6,7-8,9","Ps 112:1-2, 3-4, 5-6, 7-8, 9",Happy are those who fear the Lord.,,local_rsvce:expanded:a2598f66f2117110,Catholic Daily RSVCE,2,verified-fallback
ng:usage:a6c83c27db9656d8c154,NG,celebration,bridget_of_sweden,day,,,,,,,"ps112:1-2,5-6,7-8,9","Ps 112:1-2, 5-6, 7-8, 9",Happy are those who fear the Lord.,,ps112_1_2_5_6_7_8_9,Catholic Daily RSVCE,3,verified-fallback
ng:usage:82601a651e3e6028373c,NG,celebration,bridget_of_sweden,day,,,,,,,"ps126:1-2ab,2bc-3,4-5,6","Ps 126:1-2ab, 2bc-3, 4-5, 6",Those who sow in tears shall reap with shouts of joy.,,ps126_1_2ab_2bc_3_4_5_6,Catholic Daily RSVCE,4,verified-fallback
ng:usage:c2cfc306dd1bfafd0c89,NG,celebration,bridget_of_sweden,day,,,,,,,"ps128:1-2,3-4,5-6","Ps 128:1-2, 3-4, 5-6",Happy are those who fear the Lord.,,local_rsvce:expanded:4115d7f061b9dec9,Catholic Daily RSVCE,5,verified-fallback
ng:usage:cd6143c123ea5f305dae,NG,celebration,bridget_of_sweden,day,,,,,,,"ps131:1,2-3a","Ps 131:1, 2-3a","In you, Lord, I have found my peace.",,local_rsvce:expanded:c554d668e32bfa75,Catholic Daily RSVCE,6,verified-fallback
ng:usage:b9e7d0c79c77e05a2c2d,NG,celebration,bridget_of_sweden,day,,,,,,,"ps15:1a+2-3a,3b-4ab,5","Ps 15:1a+2-3a, 3b-4ab, 5","The just shall live on your holy mountain, O Lord.",,local_rsvce:expanded:d8a4c685fc2a8ecd,Catholic Daily RSVCE,7,verified-fallback
ng:usage:12930f7fda5d366d001f,NG,celebration,bridget_of_sweden,day,,,,,,,"ps15:1a,2-3a,3b-4ab,5","Ps 15:1a, 2-3a, 3b-4ab, 5","The just shall live on your holy mountain, O Lord.",,local_rsvce:expanded:b2b47e3b4171ad7b,Catholic Daily RSVCE,8,verified-fallback
ng:usage:b4bd83391aab230420bd,NG,celebration,bridget_of_sweden,day,,,,,,,"ps16:1-2a+5,7-8,11","Ps 16:1-2a+5, 7-8, 11","You are my inheritance, O Lord.",,ps16_1_2a_5_7_8_11,Catholic Daily RSVCE,9,verified-fallback
ng:usage:1c5d0601d03a8a8a2240,NG,celebration,bridget_of_sweden,day,,,,,,,"ps1:1-2,3,4-6","Ps 1:1-2, 3, 4-6",Happy are they who delight in the law of the Lord.,,local_rsvce:expanded:1add7841ef32e023,Catholic Daily RSVCE,10,verified-fallback
ng:usage:05138dce46f41a38dcea,NG,celebration,bridget_of_sweden,day,,,,,,,"ps23:1-3a,3b-4,5,6","Ps 23:1-3a, 3b-4, 5, 6",The Lord is my shepherd; there is nothing I shall want.,2026-03-15,ng:2026-03-15:responsorial-psalm:1,Catholic Missal for Nigeria,11,verified
ng:usage:f399bbebb044418959ef,NG,celebration,bridget_of_sweden,day,,,,,,,"ps34:1-2,3-4,5-6,7-8,9-10","Ps 34:1-2, 3-4, 5-6, 7-8, 9-10",I will bless the Lord at all times.,,local_rsvce:expanded:080f8764f6955b45,Catholic Daily RSVCE,12,verified-fallback
ng:usage:f510c21480fdc323c33e,NG,celebration,bridget_of_sweden,day,,,,,,,"ps34:1-2,3-4,5-6,7-8,9-10","Ps 34:1-2, 3-4, 5-6, 7-8, 9-10",Taste and see the goodness of the Lord.,,local_rsvce:expanded:080f8764f6955b45,Catholic Daily RSVCE,13,verified-fallback
ng:usage:00ba4413078a78f3b44b,NG,celebration,bruno_of_cologne,day,,,,,,,"ps103:1-2,3-4,8-9,13-14,17-18a","Ps 103:1-2, 3-4, 8-9, 13-14, 17-18a","O bless the Lord, my soul!",,local_rsvce:expanded:a23963e8ba7768b2,Catholic Daily RSVCE,1,verified-fallback
ng:usage:7883bdc12c4f6b981568,NG,celebration,bruno_of_cologne,day,,,,,,,"ps112:1-2,3-4,5-6,7-8,9","Ps 112:1-2, 3-4, 5-6, 7-8, 9",Happy are those who fear the Lord.,,local_rsvce:expanded:a2598f66f2117110,Catholic Daily RSVCE,2,verified-fallback
ng:usage:3601097dd528ab27ba48,NG,celebration,bruno_of_cologne,day,,,,,,,"ps112:1-2,5-6,7-8,9","Ps 112:1-2, 5-6, 7-8, 9",Happy are those who fear the Lord.,,ps112_1_2_5_6_7_8_9,Catholic Daily RSVCE,3,verified-fallback
ng:usage:e583c520eb9bd8afeb4f,NG,celebration,bruno_of_cologne,day,,,,,,,"ps126:1-2ab,2bc-3,4-5,6","Ps 126:1-2ab, 2bc-3, 4-5, 6",Those who sow in tears shall reap with shouts of joy.,,ps126_1_2ab_2bc_3_4_5_6,Catholic Daily RSVCE,4,verified-fallback
ng:usage:3ad03bec7dfec0768680,NG,celebration,bruno_of_cologne,day,,,,,,,"ps128:1-2,3-4,5-6","Ps 128:1-2, 3-4, 5-6",Happy are those who fear the Lord.,,local_rsvce:expanded:4115d7f061b9dec9,Catholic Daily RSVCE,5,verified-fallback
ng:usage:a2630ecf7f2d6481e1d5,NG,celebration,bruno_of_cologne,day,,,,,,,"ps131:1,2-3a","Ps 131:1, 2-3a","In you, Lord, I have found my peace.",,local_rsvce:expanded:c554d668e32bfa75,Catholic Daily RSVCE,6,verified-fallback
ng:usage:7bd4e4fcd75f6136ec5e,NG,celebration,bruno_of_cologne,day,,,,,,,"ps15:1a+2-3a,3b-4ab,5","Ps 15:1a+2-3a, 3b-4ab, 5","The just shall live on your holy mountain, O Lord.",,local_rsvce:expanded:d8a4c685fc2a8ecd,Catholic Daily RSVCE,7,verified-fallback
ng:usage:9c029435c2239ecc6e86,NG,celebration,bruno_of_cologne,day,,,,,,,"ps15:1a,2-3a,3b-4ab,5","Ps 15:1a, 2-3a, 3b-4ab, 5","The just shall live on your holy mountain, O Lord.",,local_rsvce:expanded:b2b47e3b4171ad7b,Catholic Daily RSVCE,8,verified-fallback
ng:usage:97e35fb279e87629a874,NG,celebration,bruno_of_cologne,day,,,,,,,"ps16:1-2a+5,7-8,11","Ps 16:1-2a+5, 7-8, 11","You are my inheritance, O Lord.",,ps16_1_2a_5_7_8_11,Catholic Daily RSVCE,9,verified-fallback
ng:usage:1c03631483acb835b05c,NG,celebration,bruno_of_cologne,day,,,,,,,"ps1:1-2,3,4-6","Ps 1:1-2, 3, 4-6",Happy are they who delight in the law of the Lord.,,local_rsvce:expanded:1add7841ef32e023,Catholic Daily RSVCE,10,verified-fallback
ng:usage:3415722ddcac0f3c73b4,NG,celebration,bruno_of_cologne,day,,,,,,,"ps23:1-3a,3b-4,5,6","Ps 23:1-3a, 3b-4, 5, 6",The Lord is my shepherd; there is nothing I shall want.,2026-03-15,ng:2026-03-15:responsorial-psalm:1,Catholic Missal for Nigeria,11,verified
ng:usage:311d0aeb08bf5979c306,NG,celebration,bruno_of_cologne,day,,,,,,,"ps34:1-2,3-4,5-6,7-8,9-10","Ps 34:1-2, 3-4, 5-6, 7-8, 9-10",I will bless the Lord at all times.,,local_rsvce:expanded:080f8764f6955b45,Catholic Daily RSVCE,12,verified-fallback
ng:usage:3fe22c35191eed0b5ab6,NG,celebration,bruno_of_cologne,day,,,,,,,"ps34:1-2,3-4,5-6,7-8,9-10","Ps 34:1-2, 3-4, 5-6, 7-8, 9-10",Taste and see the goodness of the Lord.,,local_rsvce:expanded:080f8764f6955b45,Catholic Daily RSVCE,13,verified-fallback
ng:usage:c2ff2ba412a238cd8338,NG,celebration,cajetan_of_thiene,day,,,,,,,"ps106:19-20,21-22,23","Ps 106:19-20, 21-22, 23","Lord, remember us, for the love you bear your people.",,ps106_19_20_21_22_23,Catholic Daily RSVCE,1,verified-fallback
ng:usage:191d484f8d44e4f40a82,NG,celebration,cajetan_of_thiene,day,,,,,,,"ps110:1-2,3,4","Ps 110:1-2, 3, 4","You are a priest for ever, in the line of Melchizedek.",,local_rsvce:expanded:9147f45b3f3d63c3,Catholic Daily RSVCE,2,verified-fallback
ng:usage:c93ca097e99881f5bec1,NG,celebration,cajetan_of_thiene,day,,,,,,,"ps117:1,2","Ps 117:1, 2",Go out to all the world and tell the good news.,,ng:reconstructed:73d92e286a6fb381,Catholic Missal for Nigeria,3,verified
ng:usage:b9afe05ae4474796bac3,NG,celebration,cajetan_of_thiene,day,,,,,,,"ps16:1-2a1-2a+5,7-8,11","Ps 16:1-2a1-2a+5, 7-8, 11","You are my inheritance, O Lord.",,local_rsvce:expanded:acdd2b509ed6230c,Catholic Daily RSVCE,4,verified-fallback
ng:usage:69e7b9b7d893b06f19fb,NG,celebration,cajetan_of_thiene,day,,,,,,,"ps23:1-3a,3b-4,5,6","Ps 23:1-3a, 3b-4, 5, 6",The Lord is my shepherd; there is nothing I shall want.,2026-03-15,ng:2026-03-15:responsorial-psalm:1,Catholic Missal for Nigeria,5,verified
ng:usage:fcddda843e42a07aeb73,NG,celebration,cajetan_of_thiene,day,,,,,,,"ps40:1+3ab,6,7-8,9","Ps 40:1+3ab, 6, 7-8, 9","Here am I, Lord; I come to do your will.",,local_rsvce:expanded:a6f3121c52e20e28,Catholic Daily RSVCE,6,verified-fallback
ng:usage:b91c372f45e432e8b830,NG,celebration,cajetan_of_thiene,day,,,,,,,"ps89:1-2,3-4,20-21,24+26","Ps 89:1-2, 3-4, 20-21, 24+26",For ever I will sing the goodness of the Lord.,,local_rsvce:expanded:556f9b30cb1e8359,Catholic Daily RSVCE,7,verified-fallback
ng:usage:ef8dcff782c42856785b,NG,celebration,cajetan_of_thiene,day,,,,,,,"ps96:1-2a,2b-3,7-8a,10","Ps 96:1-2a, 2b-3, 7-8a, 10",Proclaim God’s marvellous deeds to all the nations.,,ps96_1_2a_2b_3_7_8a_10,Catholic Daily RSVCE,8,verified-fallback
ng:usage:8df67a841990192244eb,NG,celebration,callistus_i_pope,day,,,,,,,"ps124:2-3,4-5,7b-8","Ps 124:2-3, 4-5, 7b-8",Our soul has escaped like a bird from the hunter’s net.,,ps124_2_3_4_5_7b_8,Catholic Daily RSVCE,1,verified-fallback
ng:usage:9274e180e9dfa64d4102,NG,celebration,callistus_i_pope,day,,,,,,,"ps126:1-2ab,2bc-3,4-5,6","Ps 126:1-2ab, 2bc-3, 4-5, 6",Those who sow in tears shall reap with shouts of joy.,,ps126_1_2ab_2bc_3_4_5_6,Catholic Daily RSVCE,2,verified-fallback
ng:usage:6b5d9f43da0b23c9b0f6,NG,celebration,callistus_i_pope,day,,,,,,,"ps31:2cd-3ab,5+7ab,15bc-16","Ps 31:2cd-3ab, 5+7ab, 15bc-16","Into your hands, O Lord, I entrust my spirit.",,ps31_2cd_3ab_5_7ab_15bc_16,Catholic Daily RSVCE,3,verified-fallback
ng:usage:fc4b34eb9d6aea027998,NG,celebration,callistus_i_pope,day,,,,,,,"ps34:1-2,3-4,5-6,7-8","Ps 34:1-2, 3-4, 5-6, 7-8",The Lord set me free from all my fears.,,ps34_1_2_3_4_5_6_7_8,Catholic Daily RSVCE,4,verified-fallback
ng:usage:dc1b5d7d258003ec2e89,NG,celebration,camillus_de_lellis,day,,,,,,,"ps103:1-2,3-4,8-9,13-14,17-18a","Ps 103:1-2, 3-4, 8-9, 13-14, 17-18a","O bless the Lord, my soul!",,local_rsvce:expanded:a23963e8ba7768b2,Catholic Daily RSVCE,1,verified-fallback
ng:usage:2c23fe93aec5c3579238,NG,celebration,camillus_de_lellis,day,,,,,,,"ps112:1-2,3-4,5-6,7-8,9","Ps 112:1-2, 3-4, 5-6, 7-8, 9",Happy are those who fear the Lord.,,local_rsvce:expanded:a2598f66f2117110,Catholic Daily RSVCE,2,verified-fallback
ng:usage:8521f8d8af9938211f27,NG,celebration,camillus_de_lellis,day,,,,,,,"ps112:1-2,5-6,7-8,9","Ps 112:1-2, 5-6, 7-8, 9",Happy are those who fear the Lord.,,ps112_1_2_5_6_7_8_9,Catholic Daily RSVCE,3,verified-fallback
ng:usage:c063b660cfb331a4d395,NG,celebration,camillus_de_lellis,day,,,,,,,"ps126:1-2ab,2bc-3,4-5,6","Ps 126:1-2ab, 2bc-3, 4-5, 6",Those who sow in tears shall reap with shouts of joy.,,ps126_1_2ab_2bc_3_4_5_6,Catholic Daily RSVCE,4,verified-fallback
ng:usage:8757c2978a3065cc3faf,NG,celebration,camillus_de_lellis,day,,,,,,,"ps128:1-2,3-4,5-6","Ps 128:1-2, 3-4, 5-6",Happy are those who fear the Lord.,,local_rsvce:expanded:4115d7f061b9dec9,Catholic Daily RSVCE,5,verified-fallback
ng:usage:477447bb754d04a0466b,NG,celebration,camillus_de_lellis,day,,,,,,,"ps131:1,2-3a","Ps 131:1, 2-3a","In you, Lord, I have found my peace.",,local_rsvce:expanded:c554d668e32bfa75,Catholic Daily RSVCE,6,verified-fallback
ng:usage:3a1ac651bc1c71d1fcf7,NG,celebration,camillus_de_lellis,day,,,,,,,"ps15:1a+2-3a,3b-4ab,5","Ps 15:1a+2-3a, 3b-4ab, 5","The just shall live on your holy mountain, O Lord.",,local_rsvce:expanded:d8a4c685fc2a8ecd,Catholic Daily RSVCE,7,verified-fallback
ng:usage:78de8b4609ecdb3b72ad,NG,celebration,camillus_de_lellis,day,,,,,,,"ps15:1a,2-3a,3b-4ab,5","Ps 15:1a, 2-3a, 3b-4ab, 5","The just shall live on your holy mountain, O Lord.",,local_rsvce:expanded:b2b47e3b4171ad7b,Catholic Daily RSVCE,8,verified-fallback
ng:usage:62d1a30f0618b138904e,NG,celebration,camillus_de_lellis,day,,,,,,,"ps16:1-2a+5,7-8,11","Ps 16:1-2a+5, 7-8, 11","You are my inheritance, O Lord.",,ps16_1_2a_5_7_8_11,Catholic Daily RSVCE,9,verified-fallback
ng:usage:87b02c4e8a7bcdf72291,NG,celebration,camillus_de_lellis,day,,,,,,,"ps1:1-2,3,4-6","Ps 1:1-2, 3, 4-6",Happy are they who delight in the law of the Lord.,,local_rsvce:expanded:1add7841ef32e023,Catholic Daily RSVCE,10,verified-fallback
ng:usage:0af8ffd5e843ef3cf88c,NG,celebration,camillus_de_lellis,day,,,,,,,"ps23:1-3a,3b-4,5,6","Ps 23:1-3a, 3b-4, 5, 6",The Lord is my shepherd; there is nothing I shall want.,2026-03-15,ng:2026-03-15:responsorial-psalm:1,Catholic Missal for Nigeria,11,verified
ng:usage:4cb2212fd80579bb5f47,NG,celebration,camillus_de_lellis,day,,,,,,,"ps34:1-2,3-4,5-6,7-8,9-10","Ps 34:1-2, 3-4, 5-6, 7-8, 9-10",I will bless the Lord at all times.,,local_rsvce:expanded:080f8764f6955b45,Catholic Daily RSVCE,12,verified-fallback
ng:usage:08b9e3b2cfc8ab87e16f,NG,celebration,camillus_de_lellis,day,,,,,,,"ps34:1-2,3-4,5-6,7-8,9-10","Ps 34:1-2, 3-4, 5-6, 7-8, 9-10",Taste and see the goodness of the Lord.,,local_rsvce:expanded:080f8764f6955b45,Catholic Daily RSVCE,13,verified-fallback
ng:usage:fcaa0186b0975a07b89b,NG,celebration,casimir_of_poland,day,,,,,,,"ps103:1-2,3-4,8-9,13-14,17-18a","Ps 103:1-2, 3-4, 8-9, 13-14, 17-18a","O bless the Lord, my soul!",,local_rsvce:expanded:a23963e8ba7768b2,Catholic Daily RSVCE,1,verified-fallback
ng:usage:fdcc6ad94df57dfb4e18,NG,celebration,casimir_of_poland,day,,,,,,,"ps112:1-2,3-4,5-6,7-8,9","Ps 112:1-2, 3-4, 5-6, 7-8, 9",Happy are those who fear the Lord.,,local_rsvce:expanded:a2598f66f2117110,Catholic Daily RSVCE,2,verified-fallback
ng:usage:0e1813e6705bc4562d80,NG,celebration,casimir_of_poland,day,,,,,,,"ps112:1-2,5-6,7-8,9","Ps 112:1-2, 5-6, 7-8, 9",Happy are those who fear the Lord.,,ps112_1_2_5_6_7_8_9,Catholic Daily RSVCE,3,verified-fallback
ng:usage:a0ed1948ce1b128e9783,NG,celebration,casimir_of_poland,day,,,,,,,"ps126:1-2ab,2bc-3,4-5,6","Ps 126:1-2ab, 2bc-3, 4-5, 6",Those who sow in tears shall reap with shouts of joy.,,ps126_1_2ab_2bc_3_4_5_6,Catholic Daily RSVCE,4,verified-fallback
ng:usage:ecbe86ac25a64ffe7af5,NG,celebration,casimir_of_poland,day,,,,,,,"ps128:1-2,3-4,5-6","Ps 128:1-2, 3-4, 5-6",Happy are those who fear the Lord.,,local_rsvce:expanded:4115d7f061b9dec9,Catholic Daily RSVCE,5,verified-fallback
ng:usage:ebaffe81752d15ff3729,NG,celebration,casimir_of_poland,day,,,,,,,"ps131:1,2-3a","Ps 131:1, 2-3a","In you, Lord, I have found my peace.",,local_rsvce:expanded:c554d668e32bfa75,Catholic Daily RSVCE,6,verified-fallback
ng:usage:f8a1a47a45a14164114b,NG,celebration,casimir_of_poland,day,,,,,,,"ps15:1a+2-3a,3b-4ab,5","Ps 15:1a+2-3a, 3b-4ab, 5","The just shall live on your holy mountain, O Lord.",,local_rsvce:expanded:d8a4c685fc2a8ecd,Catholic Daily RSVCE,7,verified-fallback
ng:usage:f5a384b7af0fb2946261,NG,celebration,casimir_of_poland,day,,,,,,,"ps15:1a,2-3a,3b-4ab,5","Ps 15:1a, 2-3a, 3b-4ab, 5","The just shall live on your holy mountain, O Lord.",,local_rsvce:expanded:b2b47e3b4171ad7b,Catholic Daily RSVCE,8,verified-fallback
ng:usage:24e7e41cddfee5e874a6,NG,celebration,casimir_of_poland,day,,,,,,,"ps16:1-2a+5,7-8,11","Ps 16:1-2a+5, 7-8, 11","You are my inheritance, O Lord.",,ps16_1_2a_5_7_8_11,Catholic Daily RSVCE,9,verified-fallback
ng:usage:0dac016d271366345ec9,NG,celebration,casimir_of_poland,day,,,,,,,"ps1:1-2,3,4-6","Ps 1:1-2, 3, 4-6",Happy are they who delight in the law of the Lord.,,local_rsvce:expanded:1add7841ef32e023,Catholic Daily RSVCE,10,verified-fallback
ng:usage:d015d97e7c98bb56cc42,NG,celebration,casimir_of_poland,day,,,,,,,"ps23:1-3a,3b-4,5,6","Ps 23:1-3a, 3b-4, 5, 6",The Lord is my shepherd; there is nothing I shall want.,2026-03-15,ng:2026-03-15:responsorial-psalm:1,Catholic Missal for Nigeria,11,verified
ng:usage:e7a8a8e119684bfd8628,NG,celebration,casimir_of_poland,day,,,,,,,"ps34:1-2,3-4,5-6,7-8,9-10","Ps 34:1-2, 3-4, 5-6, 7-8, 9-10",I will bless the Lord at all times.,,local_rsvce:expanded:080f8764f6955b45,Catholic Daily RSVCE,12,verified-fallback
ng:usage:0cb6c9ce9b8e44075a4d,NG,celebration,casimir_of_poland,day,,,,,,,"ps34:1-2,3-4,5-6,7-8,9-10","Ps 34:1-2, 3-4, 5-6, 7-8, 9-10",Taste and see the goodness of the Lord.,,local_rsvce:expanded:080f8764f6955b45,Catholic Daily RSVCE,13,verified-fallback
ng:usage:2a5813b8c8425bd45297,NG,celebration,catherine_of_alexandria,day,,,,,,,"ps31:3-4,6,8","Ps 31:3-4, 6, 8","Into your hands, O Lord, I commend my spirit.",,local_rsvce:expanded:f4b987a7a29a71e7,Catholic Daily RSVCE,1,verified-fallback
ng:usage:525710839919f4d73b95,NG,celebration,chair_of_saint_peter,day,,,,,,,ps23:1-6,Ps 23:1-6,The Lord is my shepherd; there is nothing I shall want.,,local_rsvce:expanded:62d405f933e4c668,Catholic Daily RSVCE,1,verified-fallback
ng:usage:8057edcac3f4aed3a5f8,NG,celebration,christ_the_king,day,,,,,A,,"ps23:1,2a,2b,3,5,6","Ps 23:1, 2a, 2b, 3, 5, 6",The Lord is my shepherd; there is nothing I shall want.,2026-11-22,ng:2026-11-22:responsorial-psalm:1,Catholic Missal for Nigeria,1,verified
ng:usage:fbfb452c5d5c44f02a57,NG,celebration,christ_the_king,day,,,,,B,,"ps93:1abc,1d-2,5","Ps 93:1abc, 1d-2, 5","The Lord is king, with majesty enrobed.",2026-04-14,ng:2026-04-14:responsorial-psalm:1,Catholic Missal for Nigeria,1,verified
ng:usage:f3f0475ea1c23049d207,NG,celebration,christ_the_king,day,,,,,C,,"ps122:1-2,3-4ab,4cd-5","Ps 122:1-2, 3-4ab, 4cd-5",Let us go rejoicing to the house of the Lord.,2026-05-06,ng:2026-05-06:responsorial-psalm:1,Catholic Missal for Nigeria,1,verified
ng:usage:527fa07ac6c5e66aec84,NG,celebration,christopher_magallanes,day,,,,,,,"ps124:2-3,4-5,7b-8","Ps 124:2-3, 4-5, 7b-8",Our soul has escaped like a bird from the hunter’s net.,,ps124_2_3_4_5_7b_8,Catholic Daily RSVCE,1,verified-fallback
ng:usage:e61b3ad0d65974201348,NG,celebration,christopher_magallanes,day,,,,,,,"ps126:1-2ab,2bc-3,4-5,6","Ps 126:1-2ab, 2bc-3, 4-5, 6",Those who sow in tears shall reap with shouts of joy.,,ps126_1_2ab_2bc_3_4_5_6,Catholic Daily RSVCE,2,verified-fallback
ng:usage:850fdb1c2846d6e82ed9,NG,celebration,christopher_magallanes,day,,,,,,,"ps31:2cd-3ab,5+7ab,15bc-16","Ps 31:2cd-3ab, 5+7ab, 15bc-16","Into your hands, O Lord, I entrust my spirit.",,ps31_2cd_3ab_5_7ab_15bc_16,Catholic Daily RSVCE,3,verified-fallback
ng:usage:a663abdf0b36403d5dde,NG,celebration,christopher_magallanes,day,,,,,,,"ps34:1-2,3-4,5-6,7-8","Ps 34:1-2, 3-4, 5-6, 7-8",The Lord set me free from all my fears.,,ps34_1_2_3_4_5_6_7_8,Catholic Daily RSVCE,4,verified-fallback
ng:usage:f8fc710ac1ec61ae67ff,NG,celebration,clement_i_pope,day,,,,,,,"ps124:2-3,4-5,7b-8","Ps 124:2-3, 4-5, 7b-8",Our soul has escaped like a bird from the hunter’s net.,,ps124_2_3_4_5_7b_8,Catholic Daily RSVCE,1,verified-fallback
ng:usage:57bcb00cfe4bf69af814,NG,celebration,clement_i_pope,day,,,,,,,"ps126:1-2ab,2bc-3,4-5,6","Ps 126:1-2ab, 2bc-3, 4-5, 6",Those who sow in tears shall reap with shouts of joy.,,ps126_1_2ab_2bc_3_4_5_6,Catholic Daily RSVCE,2,verified-fallback
ng:usage:ed4f2d9773e2609e6a70,NG,celebration,clement_i_pope,day,,,,,,,"ps31:2cd-3ab,5+7ab,15bc-16","Ps 31:2cd-3ab, 5+7ab, 15bc-16","Into your hands, O Lord, I entrust my spirit.",,ps31_2cd_3ab_5_7ab_15bc_16,Catholic Daily RSVCE,3,verified-fallback
ng:usage:68bc68ce4712f045183b,NG,celebration,clement_i_pope,day,,,,,,,"ps34:1-2,3-4,5-6,7-8","Ps 34:1-2, 3-4, 5-6, 7-8",The Lord set me free from all my fears.,,ps34_1_2_3_4_5_6_7_8,Catholic Daily RSVCE,4,verified-fallback
ng:usage:564335497f7eede91503,NG,celebration,columban_of_luxeuil,day,,,,,,,"ps103:1-2,3-4,8-9,13-14,17-18a","Ps 103:1-2, 3-4, 8-9, 13-14, 17-18a","O bless the Lord, my soul!",,local_rsvce:expanded:a23963e8ba7768b2,Catholic Daily RSVCE,1,verified-fallback
ng:usage:95dabd9c95104dc4b058,NG,celebration,columban_of_luxeuil,day,,,,,,,"ps112:1-2,3-4,5-6,7-8,9","Ps 112:1-2, 3-4, 5-6, 7-8, 9",Happy are those who fear the Lord.,,local_rsvce:expanded:a2598f66f2117110,Catholic Daily RSVCE,2,verified-fallback
ng:usage:ecad5eb543d639fa48b8,NG,celebration,columban_of_luxeuil,day,,,,,,,"ps112:1-2,5-6,7-8,9","Ps 112:1-2, 5-6, 7-8, 9",Happy are those who fear the Lord.,,ps112_1_2_5_6_7_8_9,Catholic Daily RSVCE,3,verified-fallback
ng:usage:c26a6b2a2b7e96228df9,NG,celebration,columban_of_luxeuil,day,,,,,,,"ps126:1-2ab,2bc-3,4-5,6","Ps 126:1-2ab, 2bc-3, 4-5, 6",Those who sow in tears shall reap with shouts of joy.,,ps126_1_2ab_2bc_3_4_5_6,Catholic Daily RSVCE,4,verified-fallback
ng:usage:bcd0861259eca186a11b,NG,celebration,columban_of_luxeuil,day,,,,,,,"ps128:1-2,3-4,5-6","Ps 128:1-2, 3-4, 5-6",Happy are those who fear the Lord.,,local_rsvce:expanded:4115d7f061b9dec9,Catholic Daily RSVCE,5,verified-fallback
ng:usage:57bad194ca0be91bd0aa,NG,celebration,columban_of_luxeuil,day,,,,,,,"ps131:1,2-3a","Ps 131:1, 2-3a","In you, Lord, I have found my peace.",,local_rsvce:expanded:c554d668e32bfa75,Catholic Daily RSVCE,6,verified-fallback
ng:usage:2025d7d9edd51d0671ec,NG,celebration,columban_of_luxeuil,day,,,,,,,"ps15:1a+2-3a,3b-4ab,5","Ps 15:1a+2-3a, 3b-4ab, 5","The just shall live on your holy mountain, O Lord.",,local_rsvce:expanded:d8a4c685fc2a8ecd,Catholic Daily RSVCE,7,verified-fallback
ng:usage:fc4392fe254b127fa304,NG,celebration,columban_of_luxeuil,day,,,,,,,"ps15:1a,2-3a,3b-4ab,5","Ps 15:1a, 2-3a, 3b-4ab, 5","The just shall live on your holy mountain, O Lord.",,local_rsvce:expanded:b2b47e3b4171ad7b,Catholic Daily RSVCE,8,verified-fallback
ng:usage:d9293a42ed6017bef1d0,NG,celebration,columban_of_luxeuil,day,,,,,,,"ps16:1-2a+5,7-8,11","Ps 16:1-2a+5, 7-8, 11","You are my inheritance, O Lord.",,ps16_1_2a_5_7_8_11,Catholic Daily RSVCE,9,verified-fallback
ng:usage:760bdd80f9e49c9d1947,NG,celebration,columban_of_luxeuil,day,,,,,,,"ps1:1-2,3,4-6","Ps 1:1-2, 3, 4-6",Happy are they who delight in the law of the Lord.,,local_rsvce:expanded:1add7841ef32e023,Catholic Daily RSVCE,10,verified-fallback
ng:usage:c786115d9bb07feb333a,NG,celebration,columban_of_luxeuil,day,,,,,,,"ps23:1-3a,3b-4,5,6","Ps 23:1-3a, 3b-4, 5, 6",The Lord is my shepherd; there is nothing I shall want.,2026-03-15,ng:2026-03-15:responsorial-psalm:1,Catholic Missal for Nigeria,11,verified
ng:usage:fa0d3232e7b7b4e7e96d,NG,celebration,columban_of_luxeuil,day,,,,,,,"ps34:1-2,3-4,5-6,7-8,9-10","Ps 34:1-2, 3-4, 5-6, 7-8, 9-10",I will bless the Lord at all times.,,local_rsvce:expanded:080f8764f6955b45,Catholic Daily RSVCE,12,verified-fallback
ng:usage:0b44bbb14aa5270ca698,NG,celebration,columban_of_luxeuil,day,,,,,,,"ps34:1-2,3-4,5-6,7-8,9-10","Ps 34:1-2, 3-4, 5-6, 7-8, 9-10",Taste and see the goodness of the Lord.,,local_rsvce:expanded:080f8764f6955b45,Catholic Daily RSVCE,13,verified-fallback
ng:usage:07e0f23a2873f9c1b5f6,NG,celebration,common_of_blessed_virgin_mary,day,,,,,,,"ps113:1-2,3-4,5-6,7-8","Ps 113:1-2, 3-4, 5-6, 7-8",Blessed be the name of the Lord for ever.,,ps113_1_2_3_4_5_6_7_8,Catholic Daily RSVCE,1,verified-fallback
ng:usage:470ad5de98fcc22c64f5,NG,celebration,common_of_blessed_virgin_mary,day,,,,,,,"ps45:10-11,13b-14,15-16","Ps 45:10-11, 13b-14, 15-16","Listen to me, daughter; see and bend your ear.",,ps45_10_11_13b_14_15_16,Catholic Daily RSVCE,2,verified-fallback
ng:usage:0ad23cc42e11ca6c886b,NG,celebration,common_of_dedication,day,,,,,,,"ps122:1-2,3-4,8-9","Ps 122:1-2, 3-4, 8-9",Let us go rejoicing to the house of the Lord.,,ps122_1_2_3_4_8_9,Catholic Daily RSVCE,1,verified-fallback
ng:usage:3e607005515732a43432,NG,celebration,common_of_dedication,day,,,,,,,"ps46:1-2,4-5,7-8","Ps 46:1-2, 4-5, 7-8",The waters of the river gladden the city of God.,,ps46_1_2_4_5_7_8,Catholic Daily RSVCE,2,verified-fallback
ng:usage:4b3f3467e69bc58a68f6,NG,celebration,common_of_dedication,day,,,,,,,"ps84:2,3,4+9,10","Ps 84:2, 3, 4+9, 10",Here God lives among his people.,,ps84_2_3_4_9_10,Catholic Daily RSVCE,3,verified-fallback
ng:usage:fd1f838e2d9bf92a7160,NG,celebration,common_of_dedication,day,,,,,,,"ps84:2,3,4+9,10","Ps 84:2, 3, 4+9, 10","How lovely is your dwelling place, Lord, mighty God!",,ps84_2_3_4_9_10,Catholic Daily RSVCE,4,verified-fallback
ng:usage:9cafb8cbdd7562beb966,NG,celebration,common_of_dedication,day,,,,,,,"ps95:1-2,3-5,6-7","Ps 95:1-2, 3-5, 6-7",Let us come before the Lord and praise him.,,ps95_1_2_3_5_6_7,Catholic Daily RSVCE,5,verified-fallback
ng:usage:19d00099e7a5d53a511c,NG,celebration,common_of_doctors,day,,,,,,,"ps119:9-10,11-12,13-14","Ps 119:9-10, 11-12, 13-14","Lord, teach me your decrees.",,ps119_9_10_11_12_13_14,Catholic Daily RSVCE,1,verified-fallback
ng:usage:53282b5537328304f8c0,NG,celebration,common_of_doctors,day,,,,,,,"ps19:7,8,9,10","Ps 19:7, 8, 9, 10","The judgments of the Lord are true, and all of them are just.",,ps19_7_8_9_10,Catholic Daily RSVCE,2,verified-fallback
ng:usage:8399079ed1d78740f2a1,NG,celebration,common_of_doctors,day,,,,,,,"ps37:3-4,5-6,30-31","Ps 37:3-4, 5-6, 30-31",The mouths of the just murmur wisdom.,,ng:reconstructed:8c4665aa51293035,Catholic Missal for Nigeria,3,verified
ng:usage:87bfb452d8c70272566f,NG,celebration,common_of_holy_men_and_women,day,,,,,,,"ps103:1-2,3-4,8-9,13-14,17-18a","Ps 103:1-2, 3-4, 8-9, 13-14, 17-18a","O bless the Lord, my soul!",,local_rsvce:expanded:a23963e8ba7768b2,Catholic Daily RSVCE,1,verified-fallback
ng:usage:14b3959773aaf2cfcb0b,NG,celebration,common_of_holy_men_and_women,day,,,,,,,"ps112:1-2,3-4,5-6,7-8,9","Ps 112:1-2, 3-4, 5-6, 7-8, 9",Happy are those who fear the Lord.,,local_rsvce:expanded:a2598f66f2117110,Catholic Daily RSVCE,2,verified-fallback
ng:usage:a584d581ce2079f07b2b,NG,celebration,common_of_holy_men_and_women,day,,,,,,,"ps112:1-2,5-6,7-8,9","Ps 112:1-2, 5-6, 7-8, 9",Happy are those who fear the Lord.,,ps112_1_2_5_6_7_8_9,Catholic Daily RSVCE,3,verified-fallback
ng:usage:979ff0e0c1b06c7ae044,NG,celebration,common_of_holy_men_and_women,day,,,,,,,"ps126:1-2ab,2bc-3,4-5,6","Ps 126:1-2ab, 2bc-3, 4-5, 6",Those who sow in tears shall reap with shouts of joy.,,ps126_1_2ab_2bc_3_4_5_6,Catholic Daily RSVCE,4,verified-fallback
ng:usage:0d97f7dc18c3012b82f2,NG,celebration,common_of_holy_men_and_women,day,,,,,,,"ps128:1-2,3-4,5-6","Ps 128:1-2, 3-4, 5-6",Happy are those who fear the Lord.,,local_rsvce:expanded:4115d7f061b9dec9,Catholic Daily RSVCE,5,verified-fallback
ng:usage:807ca9f73d1646e8c8fd,NG,celebration,common_of_holy_men_and_women,day,,,,,,,"ps131:1,2-3a","Ps 131:1, 2-3a","In you, Lord, I have found my peace.",,local_rsvce:expanded:c554d668e32bfa75,Catholic Daily RSVCE,6,verified-fallback
ng:usage:5573b0a274346a0c6172,NG,celebration,common_of_holy_men_and_women,day,,,,,,,"ps15:1a+2-3a,3b-4ab,5","Ps 15:1a+2-3a, 3b-4ab, 5","The just shall live on your holy mountain, O Lord.",,local_rsvce:expanded:d8a4c685fc2a8ecd,Catholic Daily RSVCE,7,verified-fallback
ng:usage:8857795b800050cb64c3,NG,celebration,common_of_holy_men_and_women,day,,,,,,,"ps15:1a,2-3a,3b-4ab,5","Ps 15:1a, 2-3a, 3b-4ab, 5","The just shall live on your holy mountain, O Lord.",,local_rsvce:expanded:b2b47e3b4171ad7b,Catholic Daily RSVCE,8,verified-fallback
ng:usage:1fa26f387b5a7aabd921,NG,celebration,common_of_holy_men_and_women,day,,,,,,,"ps16:1-2a+5,7-8,11","Ps 16:1-2a+5, 7-8, 11","You are my inheritance, O Lord.",,ps16_1_2a_5_7_8_11,Catholic Daily RSVCE,9,verified-fallback
ng:usage:950f6fd7ca312a2c76ea,NG,celebration,common_of_holy_men_and_women,day,,,,,,,"ps1:1-2,3,4-6","Ps 1:1-2, 3, 4-6",Happy are they who delight in the law of the Lord.,,local_rsvce:expanded:1add7841ef32e023,Catholic Daily RSVCE,10,verified-fallback
ng:usage:c376c596ec2839887587,NG,celebration,common_of_holy_men_and_women,day,,,,,,,"ps23:1-3a,3b-4,5,6","Ps 23:1-3a, 3b-4, 5, 6",The Lord is my shepherd; there is nothing I shall want.,2026-03-15,ng:2026-03-15:responsorial-psalm:1,Catholic Missal for Nigeria,11,verified
ng:usage:8b75005f639d26dbe710,NG,celebration,common_of_holy_men_and_women,day,,,,,,,"ps34:1-2,3-4,5-6,7-8,9-10","Ps 34:1-2, 3-4, 5-6, 7-8, 9-10",I will bless the Lord at all times.,,local_rsvce:expanded:080f8764f6955b45,Catholic Daily RSVCE,12,verified-fallback
ng:usage:0a9c545c0a51b026b3bc,NG,celebration,common_of_holy_men_and_women,day,,,,,,,"ps34:1-2,3-4,5-6,7-8,9-10","Ps 34:1-2, 3-4, 5-6, 7-8, 9-10",Taste and see the goodness of the Lord.,,local_rsvce:expanded:080f8764f6955b45,Catholic Daily RSVCE,13,verified-fallback
ng:usage:24ce4d8ed106d1bf227f,NG,celebration,common_of_martyrs,day,,,,,,,"ps124:2-3,4-5,7b-8","Ps 124:2-3, 4-5, 7b-8",Our soul has escaped like a bird from the hunter’s net.,,ps124_2_3_4_5_7b_8,Catholic Daily RSVCE,1,verified-fallback
ng:usage:ebaab27cef0b03f4a16d,NG,celebration,common_of_martyrs,day,,,,,,,"ps126:1-2ab,2bc-3,4-5,6","Ps 126:1-2ab, 2bc-3, 4-5, 6",Those who sow in tears shall reap with shouts of joy.,,ps126_1_2ab_2bc_3_4_5_6,Catholic Daily RSVCE,2,verified-fallback
ng:usage:e48dfcf8beb8883f9f42,NG,celebration,common_of_martyrs,day,,,,,,,"ps31:2cd-3ab,5+7ab,15bc-16","Ps 31:2cd-3ab, 5+7ab, 15bc-16","Into your hands, O Lord, I entrust my spirit.",,ps31_2cd_3ab_5_7ab_15bc_16,Catholic Daily RSVCE,3,verified-fallback
ng:usage:8da732e8493d4ce63542,NG,celebration,common_of_martyrs,day,,,,,,,"ps34:1-2,3-4,5-6,7-8","Ps 34:1-2, 3-4, 5-6, 7-8",The Lord set me free from all my fears.,,ps34_1_2_3_4_5_6_7_8,Catholic Daily RSVCE,4,verified-fallback
ng:usage:3ed3f35d1351afe33b40,NG,celebration,common_of_pastors,day,,,,,,,"ps106:19-20,21-22,23","Ps 106:19-20, 21-22, 23","Lord, remember us, for the love you bear your people.",,ps106_19_20_21_22_23,Catholic Daily RSVCE,1,verified-fallback
ng:usage:4912bce26e2f032f93b8,NG,celebration,common_of_pastors,day,,,,,,,"ps110:1-2,3,4","Ps 110:1-2, 3, 4","You are a priest for ever, in the line of Melchizedek.",,local_rsvce:expanded:9147f45b3f3d63c3,Catholic Daily RSVCE,2,verified-fallback
ng:usage:092fd873b495a064b991,NG,celebration,common_of_pastors,day,,,,,,,"ps117:1,2","Ps 117:1, 2",Go out to all the world and tell the good news.,,ng:reconstructed:73d92e286a6fb381,Catholic Missal for Nigeria,3,verified
ng:usage:015417471ac196a0799a,NG,celebration,common_of_pastors,day,,,,,,,"ps16:1-2a1-2a+5,7-8,11","Ps 16:1-2a1-2a+5, 7-8, 11","You are my inheritance, O Lord.",,local_rsvce:expanded:acdd2b509ed6230c,Catholic Daily RSVCE,4,verified-fallback
ng:usage:7602905746776a7dde60,NG,celebration,common_of_pastors,day,,,,,,,"ps23:1-3a,3b-4,5,6","Ps 23:1-3a, 3b-4, 5, 6",The Lord is my shepherd; there is nothing I shall want.,2026-03-15,ng:2026-03-15:responsorial-psalm:1,Catholic Missal for Nigeria,5,verified
ng:usage:1ad589da43bcb304b534,NG,celebration,common_of_pastors,day,,,,,,,"ps40:1+3ab,6,7-8,9","Ps 40:1+3ab, 6, 7-8, 9","Here am I, Lord; I come to do your will.",,local_rsvce:expanded:a6f3121c52e20e28,Catholic Daily RSVCE,6,verified-fallback
ng:usage:a3ce8588039acfc4e441,NG,celebration,common_of_pastors,day,,,,,,,"ps89:1-2,3-4,20-21,24+26","Ps 89:1-2, 3-4, 20-21, 24+26",For ever I will sing the goodness of the Lord.,,local_rsvce:expanded:556f9b30cb1e8359,Catholic Daily RSVCE,7,verified-fallback
ng:usage:26cb5084f39e778c17e8,NG,celebration,common_of_pastors,day,,,,,,,"ps96:1-2a,2b-3,7-8a,10","Ps 96:1-2a, 2b-3, 7-8a, 10",Proclaim God’s marvellous deeds to all the nations.,,ps96_1_2a_2b_3_7_8a_10,Catholic Daily RSVCE,8,verified-fallback
ng:usage:9645096e7aaa1ed7db2d,NG,celebration,common_of_virgins,day,,,,,,,"ps148:1-2,11-13a,13c-14","Ps 148:1-2, 11-13a, 13c-14","Young men and women,",,local_rsvce:expanded:29e4357bb27cb4e9,Catholic Daily RSVCE,1,verified-fallback
ng:usage:da51ac9a7f69999bcbc2,NG,celebration,common_of_virgins,day,,,,,,,"ps45:10-11,13b-14,15-16","Ps 45:10-11, 13b-14, 15-16",The bridegroom is here;,,ps45_10_11_13b_14_15_16,Catholic Daily RSVCE,2,verified-fallback
ng:usage:aa990c8655b066e24825,NG,celebration,conversion_of_saint_paul,day,,,,,,,ps117:1-2,Ps 117:1-2,Go out to all the world and tell the Good News.,,local_rsvce:expanded:39ce4fef51d99a1d,Catholic Daily RSVCE,1,verified-fallback
ng:usage:8dff41c9d74bc4317763,NG,celebration,cosmas_and_damian,day,,,,,,,"ps124:2-3,4-5,7b-8","Ps 124:2-3, 4-5, 7b-8",Our soul has escaped like a bird from the hunter’s net.,,ps124_2_3_4_5_7b_8,Catholic Daily RSVCE,1,verified-fallback
ng:usage:c9ecf5e341bf493558de,NG,celebration,cosmas_and_damian,day,,,,,,,"ps126:1-2ab,2bc-3,4-5,6","Ps 126:1-2ab, 2bc-3, 4-5, 6",Those who sow in tears shall reap with shouts of joy.,,ps126_1_2ab_2bc_3_4_5_6,Catholic Daily RSVCE,2,verified-fallback
ng:usage:9316ba7e3311748003ca,NG,celebration,cosmas_and_damian,day,,,,,,,"ps31:2cd-3ab,5+7ab,15bc-16","Ps 31:2cd-3ab, 5+7ab, 15bc-16","Into your hands, O Lord, I entrust my spirit.",,ps31_2cd_3ab_5_7ab_15bc_16,Catholic Daily RSVCE,3,verified-fallback
ng:usage:11e644cde0caf9a96a54,NG,celebration,cosmas_and_damian,day,,,,,,,"ps34:1-2,3-4,5-6,7-8","Ps 34:1-2, 3-4, 5-6, 7-8",The Lord set me free from all my fears.,,ps34_1_2_3_4_5_6_7_8,Catholic Daily RSVCE,4,verified-fallback
ng:usage:8fa2e433fb6a052475ff,NG,celebration,cyprian_michael_iwene_tansi,day,,,,,,,"isa12:2-3,4bcde,5-6","Isa 12:2-3, 4bcde, 5-6",Your anger turned away and you comforted me.,2026-01-20,ng:2026-01-20:responsorial-psalm:1,Catholic Missal for Nigeria,1,verified
ng:usage:d760b6f1221ab099dab5,NG,celebration,cyril_of_alexandria,day,,,,,,,"ps106:19-20,21-22,23","Ps 106:19-20, 21-22, 23","Lord, remember us, for the love you bear your people.",,ps106_19_20_21_22_23,Catholic Daily RSVCE,1,verified-fallback
ng:usage:8d435abe15d19af3e77d,NG,celebration,cyril_of_alexandria,day,,,,,,,"ps110:1-2,3,4","Ps 110:1-2, 3, 4","You are a priest for ever, in the line of Melchizedek.",,local_rsvce:expanded:9147f45b3f3d63c3,Catholic Daily RSVCE,2,verified-fallback
ng:usage:ed95eabd697832ebbe26,NG,celebration,cyril_of_alexandria,day,,,,,,,"ps117:1,2","Ps 117:1, 2",Go out to all the world and tell the good news.,,ng:reconstructed:73d92e286a6fb381,Catholic Missal for Nigeria,3,verified
ng:usage:b15e0bb3e47de0d5e052,NG,celebration,cyril_of_alexandria,day,,,,,,,"ps16:1-2a1-2a+5,7-8,11","Ps 16:1-2a1-2a+5, 7-8, 11","You are my inheritance, O Lord.",,local_rsvce:expanded:acdd2b509ed6230c,Catholic Daily RSVCE,4,verified-fallback
ng:usage:60fc010a9a5cf9833da6,NG,celebration,cyril_of_alexandria,day,,,,,,,"ps23:1-3a,3b-4,5,6","Ps 23:1-3a, 3b-4, 5, 6",The Lord is my shepherd; there is nothing I shall want.,2026-03-15,ng:2026-03-15:responsorial-psalm:1,Catholic Missal for Nigeria,5,verified
ng:usage:e5e67b98bef601298735,NG,celebration,cyril_of_alexandria,day,,,,,,,"ps40:1+3ab,6,7-8,9","Ps 40:1+3ab, 6, 7-8, 9","Here am I, Lord; I come to do your will.",,local_rsvce:expanded:a6f3121c52e20e28,Catholic Daily RSVCE,6,verified-fallback
ng:usage:97caca2d8d5a9675df80,NG,celebration,cyril_of_alexandria,day,,,,,,,"ps89:1-2,3-4,20-21,24+26","Ps 89:1-2, 3-4, 20-21, 24+26",For ever I will sing the goodness of the Lord.,,local_rsvce:expanded:556f9b30cb1e8359,Catholic Daily RSVCE,7,verified-fallback
ng:usage:fe191ebc97d71a261bd9,NG,celebration,cyril_of_alexandria,day,,,,,,,"ps96:1-2a,2b-3,7-8a,10","Ps 96:1-2a, 2b-3, 7-8a, 10",Proclaim God’s marvellous deeds to all the nations.,,ps96_1_2a_2b_3_7_8a_10,Catholic Daily RSVCE,8,verified-fallback
ng:usage:483e0f57b3b85a9fdbe7,NG,celebration,cyril_of_jerusalem,day,,,,,,,"ps106:19-20,21-22,23","Ps 106:19-20, 21-22, 23","Lord, remember us, for the love you bear your people.",,ps106_19_20_21_22_23,Catholic Daily RSVCE,1,verified-fallback
ng:usage:4547b4711ffde403fdc6,NG,celebration,cyril_of_jerusalem,day,,,,,,,"ps110:1-2,3,4","Ps 110:1-2, 3, 4","You are a priest for ever, in the line of Melchizedek.",,local_rsvce:expanded:9147f45b3f3d63c3,Catholic Daily RSVCE,2,verified-fallback
ng:usage:b1b5d62115a8f9d1a37b,NG,celebration,cyril_of_jerusalem,day,,,,,,,"ps117:1,2","Ps 117:1, 2",Go out to all the world and tell the good news.,,ng:reconstructed:73d92e286a6fb381,Catholic Missal for Nigeria,3,verified
ng:usage:c0ab2f94f27ea4d72c9f,NG,celebration,cyril_of_jerusalem,day,,,,,,,"ps16:1-2a1-2a+5,7-8,11","Ps 16:1-2a1-2a+5, 7-8, 11","You are my inheritance, O Lord.",,local_rsvce:expanded:acdd2b509ed6230c,Catholic Daily RSVCE,4,verified-fallback
ng:usage:9b1420714935d6f91666,NG,celebration,cyril_of_jerusalem,day,,,,,,,"ps23:1-3a,3b-4,5,6","Ps 23:1-3a, 3b-4, 5, 6",The Lord is my shepherd; there is nothing I shall want.,2026-03-15,ng:2026-03-15:responsorial-psalm:1,Catholic Missal for Nigeria,5,verified
ng:usage:832574b2d1792edde48d,NG,celebration,cyril_of_jerusalem,day,,,,,,,"ps40:1+3ab,6,7-8,9","Ps 40:1+3ab, 6, 7-8, 9","Here am I, Lord; I come to do your will.",,local_rsvce:expanded:a6f3121c52e20e28,Catholic Daily RSVCE,6,verified-fallback
ng:usage:f24cf1a863070d2ed68e,NG,celebration,cyril_of_jerusalem,day,,,,,,,"ps89:1-2,3-4,20-21,24+26","Ps 89:1-2, 3-4, 20-21, 24+26",For ever I will sing the goodness of the Lord.,,local_rsvce:expanded:556f9b30cb1e8359,Catholic Daily RSVCE,7,verified-fallback
ng:usage:927a4a7a697f228920a5,NG,celebration,cyril_of_jerusalem,day,,,,,,,"ps96:1-2a,2b-3,7-8a,10","Ps 96:1-2a, 2b-3, 7-8a, 10",Proclaim God’s marvellous deeds to all the nations.,,ps96_1_2a_2b_3_7_8a_10,Catholic Daily RSVCE,8,verified-fallback
ng:usage:eaae784570e6e7d0a842,NG,celebration,damasus_i_pope,day,,,,,,,"ps106:19-20,21-22,23","Ps 106:19-20, 21-22, 23","Lord, remember us, for the love you bear your people.",,ps106_19_20_21_22_23,Catholic Daily RSVCE,1,verified-fallback
ng:usage:86757029fea1664a9a15,NG,celebration,damasus_i_pope,day,,,,,,,"ps110:1-2,3,4","Ps 110:1-2, 3, 4","You are a priest for ever, in the line of Melchizedek.",,local_rsvce:expanded:9147f45b3f3d63c3,Catholic Daily RSVCE,2,verified-fallback
ng:usage:2057ee75b61ec96228c0,NG,celebration,damasus_i_pope,day,,,,,,,"ps117:1,2","Ps 117:1, 2",Go out to all the world and tell the good news.,,ng:reconstructed:73d92e286a6fb381,Catholic Missal for Nigeria,3,verified
ng:usage:8ae0d8af0b8ee7fde884,NG,celebration,damasus_i_pope,day,,,,,,,"ps16:1-2a1-2a+5,7-8,11","Ps 16:1-2a1-2a+5, 7-8, 11","You are my inheritance, O Lord.",,local_rsvce:expanded:acdd2b509ed6230c,Catholic Daily RSVCE,4,verified-fallback
ng:usage:9e8f04e99c1b124469a0,NG,celebration,damasus_i_pope,day,,,,,,,"ps23:1-3a,3b-4,5,6","Ps 23:1-3a, 3b-4, 5, 6",The Lord is my shepherd; there is nothing I shall want.,2026-03-15,ng:2026-03-15:responsorial-psalm:1,Catholic Missal for Nigeria,5,verified
ng:usage:e219508ef3be20137ebc,NG,celebration,damasus_i_pope,day,,,,,,,"ps40:1+3ab,6,7-8,9","Ps 40:1+3ab, 6, 7-8, 9","Here am I, Lord; I come to do your will.",,local_rsvce:expanded:a6f3121c52e20e28,Catholic Daily RSVCE,6,verified-fallback
ng:usage:d4309fa86d310436eafb,NG,celebration,damasus_i_pope,day,,,,,,,"ps89:1-2,3-4,20-21,24+26","Ps 89:1-2, 3-4, 20-21, 24+26",For ever I will sing the goodness of the Lord.,,local_rsvce:expanded:556f9b30cb1e8359,Catholic Daily RSVCE,7,verified-fallback
ng:usage:eb3a13d2293b7f7ef9e1,NG,celebration,damasus_i_pope,day,,,,,,,"ps96:1-2a,2b-3,7-8a,10","Ps 96:1-2a, 2b-3, 7-8a, 10",Proclaim God’s marvellous deeds to all the nations.,,ps96_1_2a_2b_3_7_8a_10,Catholic Daily RSVCE,8,verified-fallback
ng:usage:75da493f9c298ddbc277,NG,celebration,dedication_of_basilica_of_saint_mary_major,day,,,,,,,jdt13:18-19,Jdt 13:18-19,You are the highest honor of our race.,,local_rsvce:expanded:baf8398c6e1bfd6e,Catholic Daily RSVCE,1,verified-fallback
ng:usage:52648ad2eaddb5e4dc7c,NG,celebration,dedication_of_basilicas_of_peter_and_paul,day,,,,,,,"ps122:1-2,3-4,8-9","Ps 122:1-2, 3-4, 8-9",Let us go rejoicing to the house of the Lord.,,ps122_1_2_3_4_8_9,Catholic Daily RSVCE,1,verified-fallback
ng:usage:b23a645a555c24847af1,NG,celebration,dedication_of_basilicas_of_peter_and_paul,day,,,,,,,"ps46:1-2,4-5,7-8","Ps 46:1-2, 4-5, 7-8",The waters of the river gladden the city of God.,,ps46_1_2_4_5_7_8,Catholic Daily RSVCE,2,verified-fallback
ng:usage:664e64f0d440e2173473,NG,celebration,dedication_of_basilicas_of_peter_and_paul,day,,,,,,,"ps84:2,3,4+9,10","Ps 84:2, 3, 4+9, 10",Here God lives among his people.,,ps84_2_3_4_9_10,Catholic Daily RSVCE,3,verified-fallback
ng:usage:2ef9aeb0db1863dece01,NG,celebration,dedication_of_basilicas_of_peter_and_paul,day,,,,,,,"ps84:2,3,4+9,10","Ps 84:2, 3, 4+9, 10","How lovely is your dwelling place, Lord, mighty God!",,ps84_2_3_4_9_10,Catholic Daily RSVCE,4,verified-fallback
ng:usage:7ba5ad860f12f275f514,NG,celebration,dedication_of_basilicas_of_peter_and_paul,day,,,,,,,"ps95:1-2,3-5,6-7","Ps 95:1-2, 3-5, 6-7",Let us come before the Lord and praise him.,,ps95_1_2_3_5_6_7,Catholic Daily RSVCE,5,verified-fallback
ng:usage:821985036bb384d9f0ff,NG,celebration,dedication_of_lateran_basilica,day,,,,,A,,"ps46:2-3,5-6,8-9","Ps 46:2-3, 5-6, 8-9","The waters of the river gladden the city of God,",,ps46_2_3_5_6_8_9,Catholic Daily RSVCE,1,verified-fallback
ng:usage:cc9ae8bab5f3bd453654,NG,celebration,dedication_of_lateran_basilica,day,,,,,B,,"ps46:2-3,5-6,8-9","Ps 46:2-3, 5-6, 8-9","The waters of the river gladden the city of God,",,ps46_2_3_5_6_8_9,Catholic Daily RSVCE,1,verified-fallback
ng:usage:4b7619b4f7c7ce1ee6c3,NG,celebration,dedication_of_lateran_basilica,day,,,,,C,,"ps46:2-3,5-6,8-9","Ps 46:2-3, 5-6, 8-9","The waters of the river gladden the city of God,",,ps46_2_3_5_6_8_9,Catholic Daily RSVCE,1,verified-fallback
ng:usage:d69f16fc9c98985d2ae5,NG,celebration,dedication_of_lateran_basilica,day,,,,,,,"ps46:2-3,5-6,8-9","Ps 46:2-3, 5-6, 8-9","The waters of a river give joy to God’s city,",2026-11-09,ng:2026-11-09:responsorial-psalm:1,Catholic Missal for Nigeria,1,verified
ng:usage:fdf7157013f1196c48ff,NG,celebration,dedication_of_lateran_basilica,day,,,,,,,"ps46:2-3,5-6,8-9","Ps 46:2-3, 5-6, 8-9","The waters of a river give joy to God’s city, the holy place, the dwelling of the Most High.",,ps46_2_3_5_6_8_9,Catholic Daily RSVCE,2,verified-fallback
ng:usage:3959617a4e26a0fc4a93,NG,celebration,dedication_of_lateran_basilica,day,,,,,,,"ps46:2-3,5-6,8-9","Ps 46:2-3, 5-6, 8-9","The waters of the river gladden the city of God, the holy dwelling of the Most High.",,ps46_2_3_5_6_8_9,Catholic Daily RSVCE,3,verified-fallback
ng:usage:fe00d0393c863e87df1a,NG,celebration,denis_of_paris,day,,,,,,,"ps124:2-3,4-5,7b-8","Ps 124:2-3, 4-5, 7b-8",Our soul has escaped like a bird from the hunter’s net.,,ps124_2_3_4_5_7b_8,Catholic Daily RSVCE,1,verified-fallback
ng:usage:45fcfb205e10809d4da3,NG,celebration,denis_of_paris,day,,,,,,,"ps126:1-2ab,2bc-3,4-5,6","Ps 126:1-2ab, 2bc-3, 4-5, 6",Those who sow in tears shall reap with shouts of joy.,,ps126_1_2ab_2bc_3_4_5_6,Catholic Daily RSVCE,2,verified-fallback
ng:usage:2d9c35f69b95bddc58d2,NG,celebration,denis_of_paris,day,,,,,,,"ps31:2cd-3ab,5+7ab,15bc-16","Ps 31:2cd-3ab, 5+7ab, 15bc-16","Into your hands, O Lord, I entrust my spirit.",,ps31_2cd_3ab_5_7ab_15bc_16,Catholic Daily RSVCE,3,verified-fallback
ng:usage:f1cdf5c589da0ff682d8,NG,celebration,denis_of_paris,day,,,,,,,"ps34:1-2,3-4,5-6,7-8","Ps 34:1-2, 3-4, 5-6, 7-8",The Lord set me free from all my fears.,,ps34_1_2_3_4_5_6_7_8,Catholic Daily RSVCE,4,verified-fallback
ng:usage:09bf3b33185030abbcd5,NG,celebration,easter_sunday_of_the_resurrection_of_the_lord,day,,,,,,,"ps118:1-2,16-17,22-23","Ps 118:1-2, 16-17, 22-23",This is the day the Lord has made; let us rejoice and be glad.,,ps118_1_2_16_17_22_23,Catholic Daily RSVCE,1,verified-fallback
ng:usage:01c804fef7429bc54358,NG,celebration,easter_sunday,day,,,,,A,,"ps118:1-2,15c-17,22-23","Ps 118:1-2, 15c-17, 22-23",This is the day the Lord has made; let us rejoice in it and be glad.,2026-04-05,ng:2026-04-05:responsorial-psalm:1,Catholic Missal for Nigeria,1,verified
ng:usage:24f53798f7624d10a577,NG,celebration,easter_sunday,day,,,,,B,,"ps118:1-2,16-17,22-23","Ps 118:1-2, 16-17, 22-23",This is the day the Lord has made; let us rejoice in it and be glad.,,ps118_1_2_16_17_22_23,Catholic Daily RSVCE,1,verified-fallback
ng:usage:8d81930eed169bd27b73,NG,celebration,elizabeth_of_portugal,day,,,,,,,"ps103:1-2,3-4,8-9,13-14,17-18a","Ps 103:1-2, 3-4, 8-9, 13-14, 17-18a","O bless the Lord, my soul!",,local_rsvce:expanded:a23963e8ba7768b2,Catholic Daily RSVCE,1,verified-fallback
ng:usage:c1b9afe12b4436e5d4b8,NG,celebration,elizabeth_of_portugal,day,,,,,,,"ps112:1-2,3-4,5-6,7-8,9","Ps 112:1-2, 3-4, 5-6, 7-8, 9",Happy are those who fear the Lord.,,local_rsvce:expanded:a2598f66f2117110,Catholic Daily RSVCE,2,verified-fallback
ng:usage:b0739f0c81af5e993d79,NG,celebration,elizabeth_of_portugal,day,,,,,,,"ps112:1-2,5-6,7-8,9","Ps 112:1-2, 5-6, 7-8, 9",Happy are those who fear the Lord.,,ps112_1_2_5_6_7_8_9,Catholic Daily RSVCE,3,verified-fallback
ng:usage:24fb83a5305d1c3bda33,NG,celebration,elizabeth_of_portugal,day,,,,,,,"ps126:1-2ab,2bc-3,4-5,6","Ps 126:1-2ab, 2bc-3, 4-5, 6",Those who sow in tears shall reap with shouts of joy.,,ps126_1_2ab_2bc_3_4_5_6,Catholic Daily RSVCE,4,verified-fallback
ng:usage:24ad68bf0966a89a7d1d,NG,celebration,elizabeth_of_portugal,day,,,,,,,"ps128:1-2,3-4,5-6","Ps 128:1-2, 3-4, 5-6",Happy are those who fear the Lord.,,local_rsvce:expanded:4115d7f061b9dec9,Catholic Daily RSVCE,5,verified-fallback
ng:usage:ba078807bbb9b5cb0286,NG,celebration,elizabeth_of_portugal,day,,,,,,,"ps131:1,2-3a","Ps 131:1, 2-3a","In you, Lord, I have found my peace.",,local_rsvce:expanded:c554d668e32bfa75,Catholic Daily RSVCE,6,verified-fallback
ng:usage:e0bb9cf204da5c1ccdbe,NG,celebration,elizabeth_of_portugal,day,,,,,,,"ps15:1a+2-3a,3b-4ab,5","Ps 15:1a+2-3a, 3b-4ab, 5","The just shall live on your holy mountain, O Lord.",,local_rsvce:expanded:d8a4c685fc2a8ecd,Catholic Daily RSVCE,7,verified-fallback
ng:usage:8c0b78a842fe45510bb9,NG,celebration,elizabeth_of_portugal,day,,,,,,,"ps15:1a,2-3a,3b-4ab,5","Ps 15:1a, 2-3a, 3b-4ab, 5","The just shall live on your holy mountain, O Lord.",,local_rsvce:expanded:b2b47e3b4171ad7b,Catholic Daily RSVCE,8,verified-fallback
ng:usage:b7547b59266988d9424c,NG,celebration,elizabeth_of_portugal,day,,,,,,,"ps16:1-2a+5,7-8,11","Ps 16:1-2a+5, 7-8, 11","You are my inheritance, O Lord.",,ps16_1_2a_5_7_8_11,Catholic Daily RSVCE,9,verified-fallback
ng:usage:d3f29bd647b1e2fac227,NG,celebration,elizabeth_of_portugal,day,,,,,,,"ps1:1-2,3,4-6","Ps 1:1-2, 3, 4-6",Happy are they who delight in the law of the Lord.,,local_rsvce:expanded:1add7841ef32e023,Catholic Daily RSVCE,10,verified-fallback
ng:usage:235289a0320361ee1be2,NG,celebration,elizabeth_of_portugal,day,,,,,,,"ps23:1-3a,3b-4,5,6","Ps 23:1-3a, 3b-4, 5, 6",The Lord is my shepherd; there is nothing I shall want.,2026-03-15,ng:2026-03-15:responsorial-psalm:1,Catholic Missal for Nigeria,11,verified
ng:usage:bd240d398c84b6f64e1e,NG,celebration,elizabeth_of_portugal,day,,,,,,,"ps34:1-2,3-4,5-6,7-8,9-10","Ps 34:1-2, 3-4, 5-6, 7-8, 9-10",I will bless the Lord at all times.,,local_rsvce:expanded:080f8764f6955b45,Catholic Daily RSVCE,12,verified-fallback
ng:usage:e23c70c8379920da1085,NG,celebration,elizabeth_of_portugal,day,,,,,,,"ps34:1-2,3-4,5-6,7-8,9-10","Ps 34:1-2, 3-4, 5-6, 7-8, 9-10",Taste and see the goodness of the Lord.,,local_rsvce:expanded:080f8764f6955b45,Catholic Daily RSVCE,13,verified-fallback
ng:usage:710949b8355c1faa426b,NG,celebration,ephrem_the_syrian,day,,,,,,,"ps119:9-10,11-12,13-14","Ps 119:9-10, 11-12, 13-14","Lord, teach me your decrees.",,ps119_9_10_11_12_13_14,Catholic Daily RSVCE,1,verified-fallback
ng:usage:75ba48355f4da04a8fad,NG,celebration,ephrem_the_syrian,day,,,,,,,"ps19:7,8,9,10","Ps 19:7, 8, 9, 10","The judgments of the Lord are true, and all of them are just.",,ps19_7_8_9_10,Catholic Daily RSVCE,2,verified-fallback
ng:usage:2e3844add00c9274742b,NG,celebration,ephrem_the_syrian,day,,,,,,,"ps37:3-4,5-6,30-31","Ps 37:3-4, 5-6, 30-31",The mouths of the just murmur wisdom.,,ng:reconstructed:8c4665aa51293035,Catholic Missal for Nigeria,3,verified
ng:usage:c34dd192304722b2e2f3,NG,celebration,epiphany_of_the_lord,day,,,,,A,,"ps72:1-2,7-8,10-11,12-13","Ps 72:1-2, 7-8, 10-11, 12-13","All nations on earth shall fall prostrate before you, O Lord",2026-01-04,ng:2026-01-04:responsorial-psalm:1,Catholic Missal for Nigeria,1,verified
ng:usage:d65aec1d50a6133da0e6,NG,celebration,epiphany_of_the_lord,day,,,,,A,,"ps72:1-2,7-8,10-11,12-13","Ps 72:1-2, 7-8, 10-11, 12-13","Lord, every nation on earth will adore you.",,ps72_1_2_7_8_10_11_12_13,Catholic Daily RSVCE,2,verified-fallback
ng:usage:6efb778f1d9a3e98526e,NG,celebration,epiphany_of_the_lord,day,,,,,B,,"ps72:1-2,7-8,10-11,12-13","Ps 72:1-2, 7-8, 10-11, 12-13","All nations on the earth shall fall prostrate before you, O Lord.",,ps72_1_2_7_8_10_11_12_13,Catholic Daily RSVCE,1,verified-fallback
ng:usage:2dda43df15eee9f922a7,NG,celebration,epiphany_of_the_lord,day,,,,,B,,"ps72:1-2,7-8,10-11,12-13","Ps 72:1-2, 7-8, 10-11, 12-13","Lord, every nation on earth will adore you.",,ps72_1_2_7_8_10_11_12_13,Catholic Daily RSVCE,2,verified-fallback
ng:usage:8846bcaf0908d58b2bb2,NG,celebration,epiphany_of_the_lord,day,,,,,C,,"ps72:1-2,7-8,10-11,12-13","Ps 72:1-2, 7-8, 10-11, 12-13","Lord, every nation on earth will adore you.",,ps72_1_2_7_8_10_11_12_13,Catholic Daily RSVCE,1,verified-fallback
ng:usage:6b8ab4a4fbca7c2af3c9,NG,celebration,eusebius_of_vercelli,day,,,,,,,"ps106:19-20,21-22,23","Ps 106:19-20, 21-22, 23","Lord, remember us, for the love you bear your people.",,ps106_19_20_21_22_23,Catholic Daily RSVCE,1,verified-fallback
ng:usage:d18905e036e4c14438b5,NG,celebration,eusebius_of_vercelli,day,,,,,,,"ps110:1-2,3,4","Ps 110:1-2, 3, 4","You are a priest for ever, in the line of Melchizedek.",,local_rsvce:expanded:9147f45b3f3d63c3,Catholic Daily RSVCE,2,verified-fallback
ng:usage:98763b651c1aff000c00,NG,celebration,eusebius_of_vercelli,day,,,,,,,"ps117:1,2","Ps 117:1, 2",Go out to all the world and tell the good news.,,ng:reconstructed:73d92e286a6fb381,Catholic Missal for Nigeria,3,verified
ng:usage:1f399653a6d150f79f5f,NG,celebration,eusebius_of_vercelli,day,,,,,,,"ps16:1-2a1-2a+5,7-8,11","Ps 16:1-2a1-2a+5, 7-8, 11","You are my inheritance, O Lord.",,local_rsvce:expanded:acdd2b509ed6230c,Catholic Daily RSVCE,4,verified-fallback
ng:usage:081b0b0315861c27783a,NG,celebration,eusebius_of_vercelli,day,,,,,,,"ps23:1-3a,3b-4,5,6","Ps 23:1-3a, 3b-4, 5, 6",The Lord is my shepherd; there is nothing I shall want.,2026-03-15,ng:2026-03-15:responsorial-psalm:1,Catholic Missal for Nigeria,5,verified
ng:usage:8a12f3494c8b76597fa4,NG,celebration,eusebius_of_vercelli,day,,,,,,,"ps40:1+3ab,6,7-8,9","Ps 40:1+3ab, 6, 7-8, 9","Here am I, Lord; I come to do your will.",,local_rsvce:expanded:a6f3121c52e20e28,Catholic Daily RSVCE,6,verified-fallback
ng:usage:968291621b7f1271a93c,NG,celebration,eusebius_of_vercelli,day,,,,,,,"ps89:1-2,3-4,20-21,24+26","Ps 89:1-2, 3-4, 20-21, 24+26",For ever I will sing the goodness of the Lord.,,local_rsvce:expanded:556f9b30cb1e8359,Catholic Daily RSVCE,7,verified-fallback
ng:usage:77d509ff392cd5d8b62e,NG,celebration,eusebius_of_vercelli,day,,,,,,,"ps96:1-2a,2b-3,7-8a,10","Ps 96:1-2a, 2b-3, 7-8a, 10",Proclaim God’s marvellous deeds to all the nations.,,ps96_1_2a_2b_3_7_8a_10,Catholic Daily RSVCE,8,verified-fallback
ng:usage:24824f0fd1c459730c63,NG,celebration,exaltation_of_holy_cross,day,,,,,A,,"ps78:1bc-2,34-35,36-37,38","Ps 78:1bc-2, 34-35, 36-37, 38",Do not forget the works of the Lord!,,ps78_1bc_2_34_35_36_37_38,Catholic Daily RSVCE,1,verified-fallback
ng:usage:ce2b643709935469fa47,NG,celebration,exaltation_of_holy_cross,day,,,,,B,,"ps78:1bc-2,34-35,36-37,38","Ps 78:1bc-2, 34-35, 36-37, 38",Do not forget the works of the Lord!,,ps78_1bc_2_34_35_36_37_38,Catholic Daily RSVCE,1,verified-fallback
ng:usage:f1ab2aad5aefd8c0635a,NG,celebration,exaltation_of_holy_cross,day,,,,,C,,"ps78:1bc-2,34-35,36-37,38","Ps 78:1bc-2, 34-35, 36-37, 38",Do not forget the works of the Lord!,,ps78_1bc_2_34_35_36_37_38,Catholic Daily RSVCE,1,verified-fallback
ng:usage:214c0607e34442381c38,NG,celebration,exaltation_of_holy_cross,day,,,,,,,"ps78:1-2,34-35,36-37,38","Ps 78:1-2, 34-35, 36-37, 38",Never forget the deeds of the Lord!,2026-09-14,ng:2026-09-14:responsorial-psalm:1,Catholic Missal for Nigeria,1,verified
ng:usage:c8ae54f2cee4e99d1ffd,NG,celebration,exaltation_of_holy_cross,day,,,,,,,"ps78:1bc-2,34-35,36-37,38","Ps 78:1bc-2, 34-35, 36-37, 38",Never forget the deeds of the Lord!,,ps78_1bc_2_34_35_36_37_38,Catholic Daily RSVCE,2,verified-fallback
ng:usage:440a7e29e288ebba4293,NG,celebration,exaltation_of_holy_cross,day,,,,,,,"ps78:1-2,34-38","Ps 78:1-2, 34-38",Do not forget the works of the Lord!,,local_rsvce:expanded:35f150c933b74f30,Catholic Daily RSVCE,3,verified-fallback
ng:usage:65093b4b875983cce0bc,NG,celebration,fabian_i_pope,day,,,,,,,"ps124:2-3,4-5,7b-8","Ps 124:2-3, 4-5, 7b-8",Our soul has escaped like a bird from the hunter’s net.,,ps124_2_3_4_5_7b_8,Catholic Daily RSVCE,1,verified-fallback
ng:usage:f3904396f326308ced45,NG,celebration,fabian_i_pope,day,,,,,,,"ps126:1-2ab,2bc-3,4-5,6","Ps 126:1-2ab, 2bc-3, 4-5, 6",Those who sow in tears shall reap with shouts of joy.,,ps126_1_2ab_2bc_3_4_5_6,Catholic Daily RSVCE,2,verified-fallback
ng:usage:ceb5a30a9b83a9ef0b88,NG,celebration,fabian_i_pope,day,,,,,,,"ps31:2cd-3ab,5+7ab,15bc-16","Ps 31:2cd-3ab, 5+7ab, 15bc-16","Into your hands, O Lord, I entrust my spirit.",,ps31_2cd_3ab_5_7ab_15bc_16,Catholic Daily RSVCE,3,verified-fallback
ng:usage:af064f20cfb21251817d,NG,celebration,fabian_i_pope,day,,,,,,,"ps34:1-2,3-4,5-6,7-8","Ps 34:1-2, 3-4, 5-6, 7-8",The Lord set me free from all my fears.,,ps34_1_2_3_4_5_6_7_8,Catholic Daily RSVCE,4,verified-fallback
ng:usage:3e57d03082e01164c3a5,NG,celebration,faustina_kowalska,day,,,,,,,"ps103:1-4,8,10","Ps 103:1-4, 8, 10",The Lord is kind and merciful.,,local_rsvce:expanded:0b3c8149fbce945f,Catholic Daily RSVCE,1,verified-fallback
ng:usage:bb273b3a8bd7bcaddd6a,NG,celebration,fidelis_of_sigmaringen,day,,,,,,,"ps124:2-3,4-5,7b-8","Ps 124:2-3, 4-5, 7b-8",Our soul has escaped like a bird from the hunter’s net.,,ps124_2_3_4_5_7b_8,Catholic Daily RSVCE,1,verified-fallback
ng:usage:809bf3ccdc0a70156916,NG,celebration,fidelis_of_sigmaringen,day,,,,,,,"ps126:1-2ab,2bc-3,4-5,6","Ps 126:1-2ab, 2bc-3, 4-5, 6",Those who sow in tears shall reap with shouts of joy.,,ps126_1_2ab_2bc_3_4_5_6,Catholic Daily RSVCE,2,verified-fallback
ng:usage:4215f7d84bdb81c83e57,NG,celebration,fidelis_of_sigmaringen,day,,,,,,,"ps31:2cd-3ab,5+7ab,15bc-16","Ps 31:2cd-3ab, 5+7ab, 15bc-16","Into your hands, O Lord, I entrust my spirit.",,ps31_2cd_3ab_5_7ab_15bc_16,Catholic Daily RSVCE,3,verified-fallback
ng:usage:bf68f5bde689ef5a8bbd,NG,celebration,fidelis_of_sigmaringen,day,,,,,,,"ps34:1-2,3-4,5-6,7-8","Ps 34:1-2, 3-4, 5-6, 7-8",The Lord set me free from all my fears.,,ps34_1_2_3_4_5_6_7_8,Catholic Daily RSVCE,4,verified-fallback
ng:usage:5d5759ead03e6d76df87,NG,celebration,first_martyrs_of_rome,day,,,,,,,"ps124:2-3,4-5,7b-8","Ps 124:2-3, 4-5, 7b-8",Our soul has escaped like a bird from the hunter’s net.,,ps124_2_3_4_5_7b_8,Catholic Daily RSVCE,1,verified-fallback
ng:usage:52e3bab1f7e085c2aa26,NG,celebration,first_martyrs_of_rome,day,,,,,,,"ps126:1-2ab,2bc-3,4-5,6","Ps 126:1-2ab, 2bc-3, 4-5, 6",Those who sow in tears shall reap with shouts of joy.,,ps126_1_2ab_2bc_3_4_5_6,Catholic Daily RSVCE,2,verified-fallback
ng:usage:03978201397eb1299d88,NG,celebration,first_martyrs_of_rome,day,,,,,,,"ps31:2cd-3ab,5+7ab,15bc-16","Ps 31:2cd-3ab, 5+7ab, 15bc-16","Into your hands, O Lord, I entrust my spirit.",,ps31_2cd_3ab_5_7ab_15bc_16,Catholic Daily RSVCE,3,verified-fallback
ng:usage:2bdfd1a9923f8e83431c,NG,celebration,first_martyrs_of_rome,day,,,,,,,"ps34:1-2,3-4,5-6,7-8","Ps 34:1-2, 3-4, 5-6, 7-8",The Lord set me free from all my fears.,,ps34_1_2_3_4_5_6_7_8,Catholic Daily RSVCE,4,verified-fallback
ng:usage:51e63ed9d00b63040e0b,NG,celebration,frances_of_rome,day,,,,,,,"ps103:1-2,3-4,8-9,13-14,17-18a","Ps 103:1-2, 3-4, 8-9, 13-14, 17-18a","O bless the Lord, my soul!",,local_rsvce:expanded:a23963e8ba7768b2,Catholic Daily RSVCE,1,verified-fallback
ng:usage:d637d0d6518ccf7efb10,NG,celebration,frances_of_rome,day,,,,,,,"ps112:1-2,3-4,5-6,7-8,9","Ps 112:1-2, 3-4, 5-6, 7-8, 9",Happy are those who fear the Lord.,,local_rsvce:expanded:a2598f66f2117110,Catholic Daily RSVCE,2,verified-fallback
ng:usage:fc4d15b658c3a0c4f12f,NG,celebration,frances_of_rome,day,,,,,,,"ps112:1-2,5-6,7-8,9","Ps 112:1-2, 5-6, 7-8, 9",Happy are those who fear the Lord.,,ps112_1_2_5_6_7_8_9,Catholic Daily RSVCE,3,verified-fallback
ng:usage:9645f2619e37cd4b8f5f,NG,celebration,frances_of_rome,day,,,,,,,"ps126:1-2ab,2bc-3,4-5,6","Ps 126:1-2ab, 2bc-3, 4-5, 6",Those who sow in tears shall reap with shouts of joy.,,ps126_1_2ab_2bc_3_4_5_6,Catholic Daily RSVCE,4,verified-fallback
ng:usage:b2cb28b2073e6c730ae1,NG,celebration,frances_of_rome,day,,,,,,,"ps128:1-2,3-4,5-6","Ps 128:1-2, 3-4, 5-6",Happy are those who fear the Lord.,,local_rsvce:expanded:4115d7f061b9dec9,Catholic Daily RSVCE,5,verified-fallback
ng:usage:3aeb9b645341871ae19b,NG,celebration,frances_of_rome,day,,,,,,,"ps131:1,2-3a","Ps 131:1, 2-3a","In you, Lord, I have found my peace.",,local_rsvce:expanded:c554d668e32bfa75,Catholic Daily RSVCE,6,verified-fallback
ng:usage:2e6f23e6ee90c1574d0e,NG,celebration,frances_of_rome,day,,,,,,,"ps15:1a+2-3a,3b-4ab,5","Ps 15:1a+2-3a, 3b-4ab, 5","The just shall live on your holy mountain, O Lord.",,local_rsvce:expanded:d8a4c685fc2a8ecd,Catholic Daily RSVCE,7,verified-fallback
ng:usage:a25353ad4bf094601414,NG,celebration,frances_of_rome,day,,,,,,,"ps15:1a,2-3a,3b-4ab,5","Ps 15:1a, 2-3a, 3b-4ab, 5","The just shall live on your holy mountain, O Lord.",,local_rsvce:expanded:b2b47e3b4171ad7b,Catholic Daily RSVCE,8,verified-fallback
ng:usage:712842574398cdfa59d2,NG,celebration,frances_of_rome,day,,,,,,,"ps16:1-2a+5,7-8,11","Ps 16:1-2a+5, 7-8, 11","You are my inheritance, O Lord.",,ps16_1_2a_5_7_8_11,Catholic Daily RSVCE,9,verified-fallback
ng:usage:d01bbc1afafed7965ad0,NG,celebration,frances_of_rome,day,,,,,,,"ps1:1-2,3,4-6","Ps 1:1-2, 3, 4-6",Happy are they who delight in the law of the Lord.,,local_rsvce:expanded:1add7841ef32e023,Catholic Daily RSVCE,10,verified-fallback
ng:usage:94660ab9337fc196aeb3,NG,celebration,frances_of_rome,day,,,,,,,"ps23:1-3a,3b-4,5,6","Ps 23:1-3a, 3b-4, 5, 6",The Lord is my shepherd; there is nothing I shall want.,2026-03-15,ng:2026-03-15:responsorial-psalm:1,Catholic Missal for Nigeria,11,verified
ng:usage:54c595c58a41207df6e5,NG,celebration,frances_of_rome,day,,,,,,,"ps34:1-2,3-4,5-6,7-8,9-10","Ps 34:1-2, 3-4, 5-6, 7-8, 9-10",I will bless the Lord at all times.,,local_rsvce:expanded:080f8764f6955b45,Catholic Daily RSVCE,12,verified-fallback
ng:usage:ea4d089bb225c35bcf14,NG,celebration,frances_of_rome,day,,,,,,,"ps34:1-2,3-4,5-6,7-8,9-10","Ps 34:1-2, 3-4, 5-6, 7-8, 9-10",Taste and see the goodness of the Lord.,,local_rsvce:expanded:080f8764f6955b45,Catholic Daily RSVCE,13,verified-fallback
ng:usage:734d716a6dfb6e65eaa5,NG,celebration,francis_of_paola,day,,,,,,,"ps103:1-2,3-4,8-9,13-14,17-18a","Ps 103:1-2, 3-4, 8-9, 13-14, 17-18a","O bless the Lord, my soul!",,local_rsvce:expanded:a23963e8ba7768b2,Catholic Daily RSVCE,1,verified-fallback
ng:usage:615f0ace2cc47ae4162b,NG,celebration,francis_of_paola,day,,,,,,,"ps112:1-2,3-4,5-6,7-8,9","Ps 112:1-2, 3-4, 5-6, 7-8, 9",Happy are those who fear the Lord.,,local_rsvce:expanded:a2598f66f2117110,Catholic Daily RSVCE,2,verified-fallback
ng:usage:5f0cca18c301aad17c11,NG,celebration,francis_of_paola,day,,,,,,,"ps112:1-2,5-6,7-8,9","Ps 112:1-2, 5-6, 7-8, 9",Happy are those who fear the Lord.,,ps112_1_2_5_6_7_8_9,Catholic Daily RSVCE,3,verified-fallback
ng:usage:ad09db9788ff11054865,NG,celebration,francis_of_paola,day,,,,,,,"ps126:1-2ab,2bc-3,4-5,6","Ps 126:1-2ab, 2bc-3, 4-5, 6",Those who sow in tears shall reap with shouts of joy.,,ps126_1_2ab_2bc_3_4_5_6,Catholic Daily RSVCE,4,verified-fallback
ng:usage:e89348ef1e3481f9c194,NG,celebration,francis_of_paola,day,,,,,,,"ps128:1-2,3-4,5-6","Ps 128:1-2, 3-4, 5-6",Happy are those who fear the Lord.,,local_rsvce:expanded:4115d7f061b9dec9,Catholic Daily RSVCE,5,verified-fallback
ng:usage:3587468f39d3a5197b6f,NG,celebration,francis_of_paola,day,,,,,,,"ps131:1,2-3a","Ps 131:1, 2-3a","In you, Lord, I have found my peace.",,local_rsvce:expanded:c554d668e32bfa75,Catholic Daily RSVCE,6,verified-fallback
ng:usage:25a82e59538ac14161db,NG,celebration,francis_of_paola,day,,,,,,,"ps15:1a+2-3a,3b-4ab,5","Ps 15:1a+2-3a, 3b-4ab, 5","The just shall live on your holy mountain, O Lord.",,local_rsvce:expanded:d8a4c685fc2a8ecd,Catholic Daily RSVCE,7,verified-fallback
ng:usage:bb9978f78bc8a1298379,NG,celebration,francis_of_paola,day,,,,,,,"ps15:1a,2-3a,3b-4ab,5","Ps 15:1a, 2-3a, 3b-4ab, 5","The just shall live on your holy mountain, O Lord.",,local_rsvce:expanded:b2b47e3b4171ad7b,Catholic Daily RSVCE,8,verified-fallback
ng:usage:2ae92a6d1df219029120,NG,celebration,francis_of_paola,day,,,,,,,"ps16:1-2a+5,7-8,11","Ps 16:1-2a+5, 7-8, 11","You are my inheritance, O Lord.",,ps16_1_2a_5_7_8_11,Catholic Daily RSVCE,9,verified-fallback
ng:usage:f2a51239bf0942cad60d,NG,celebration,francis_of_paola,day,,,,,,,"ps1:1-2,3,4-6","Ps 1:1-2, 3, 4-6",Happy are they who delight in the law of the Lord.,,local_rsvce:expanded:1add7841ef32e023,Catholic Daily RSVCE,10,verified-fallback
ng:usage:bf5e07d53836d99233a4,NG,celebration,francis_of_paola,day,,,,,,,"ps23:1-3a,3b-4,5,6","Ps 23:1-3a, 3b-4, 5, 6",The Lord is my shepherd; there is nothing I shall want.,2026-03-15,ng:2026-03-15:responsorial-psalm:1,Catholic Missal for Nigeria,11,verified
ng:usage:9e4069a4b213cf709f86,NG,celebration,francis_of_paola,day,,,,,,,"ps34:1-2,3-4,5-6,7-8,9-10","Ps 34:1-2, 3-4, 5-6, 7-8, 9-10",I will bless the Lord at all times.,,local_rsvce:expanded:080f8764f6955b45,Catholic Daily RSVCE,12,verified-fallback
ng:usage:ac5a39da8e4fa7166d9a,NG,celebration,francis_of_paola,day,,,,,,,"ps34:1-2,3-4,5-6,7-8,9-10","Ps 34:1-2, 3-4, 5-6, 7-8, 9-10",Taste and see the goodness of the Lord.,,local_rsvce:expanded:080f8764f6955b45,Catholic Daily RSVCE,13,verified-fallback
ng:usage:7c23d02c60022ca71625,NG,celebration,friday_of_the_passion_of_the_lord,day,,,,,,,"ps31:2,6,12-13,15-16,17,25","Ps 31:2, 6, 12-13, 15-16, 17, 25","Father, into your hands I commend my spirit.",,ps31_2_6_12_13_15_16_17_25,Catholic Daily RSVCE,1,verified-fallback
ng:usage:6845892ee3ba3887f22c,NG,celebration,george_of_lydda,day,,,,,,,"ps124:2-3,4-5,7b-8","Ps 124:2-3, 4-5, 7b-8",Our soul has escaped like a bird from the hunter’s net.,,ps124_2_3_4_5_7b_8,Catholic Daily RSVCE,1,verified-fallback
ng:usage:91f8e95855cd400f81f3,NG,celebration,george_of_lydda,day,,,,,,,"ps126:1-2ab,2bc-3,4-5,6","Ps 126:1-2ab, 2bc-3, 4-5, 6",Those who sow in tears shall reap with shouts of joy.,,ps126_1_2ab_2bc_3_4_5_6,Catholic Daily RSVCE,2,verified-fallback
ng:usage:5db9f0ac28115e35bfe1,NG,celebration,george_of_lydda,day,,,,,,,"ps31:2cd-3ab,5+7ab,15bc-16","Ps 31:2cd-3ab, 5+7ab, 15bc-16","Into your hands, O Lord, I entrust my spirit.",,ps31_2cd_3ab_5_7ab_15bc_16,Catholic Daily RSVCE,3,verified-fallback
ng:usage:a9ecab984fb113d24afe,NG,celebration,george_of_lydda,day,,,,,,,"ps34:1-2,3-4,5-6,7-8","Ps 34:1-2, 3-4, 5-6, 7-8",The Lord set me free from all my fears.,,ps34_1_2_3_4_5_6_7_8,Catholic Daily RSVCE,4,verified-fallback
ng:usage:9af90c15aa5a940b947f,NG,celebration,gertrude_the_great,day,,,,,,,"ps148:1-2,11-13a,13c-14","Ps 148:1-2, 11-13a, 13c-14","Young men and women,",,local_rsvce:expanded:29e4357bb27cb4e9,Catholic Daily RSVCE,1,verified-fallback
ng:usage:dfbd9e55985abcf0aecd,NG,celebration,gertrude_the_great,day,,,,,,,"ps45:10-11,13b-14,15-16","Ps 45:10-11, 13b-14, 15-16",The bridegroom is here;,,ps45_10_11_13b_14_15_16,Catholic Daily RSVCE,2,verified-fallback
ng:usage:d1caae688848d7adfd06,NG,celebration,good_friday_of_the_lords_passion,day,,,,,,,"ps31:2,6,12-13,15-16,17,25","Ps 31:2, 6, 12-13, 15-16, 17, 25","Father, into your hands I commend my spirit.",,ps31_2_6_12_13_15_16_17_25,Catholic Daily RSVCE,1,verified-fallback
ng:usage:9a3d4e4ea28455ff23e2,NG,celebration,gregory_of_narek,day,,,,,,,"ps119:9-10,11-12,13-14","Ps 119:9-10, 11-12, 13-14","Lord, teach me your decrees.",,ps119_9_10_11_12_13_14,Catholic Daily RSVCE,1,verified-fallback
ng:usage:60b8c04053c0697d4a50,NG,celebration,gregory_of_narek,day,,,,,,,"ps19:7,8,9,10","Ps 19:7, 8, 9, 10","The judgments of the Lord are true, and all of them are just.",,ps19_7_8_9_10,Catholic Daily RSVCE,2,verified-fallback
ng:usage:ba38afba93eacea83937,NG,celebration,gregory_of_narek,day,,,,,,,"ps37:3-4,5-6,30-31","Ps 37:3-4, 5-6, 30-31",The mouths of the just murmur wisdom.,,ng:reconstructed:8c4665aa51293035,Catholic Missal for Nigeria,3,verified
ng:usage:521e79bc3be6dfdea7aa,NG,celebration,gregory_vii_pope,day,,,,,,,"ps106:19-20,21-22,23","Ps 106:19-20, 21-22, 23","Lord, remember us, for the love you bear your people.",,ps106_19_20_21_22_23,Catholic Daily RSVCE,1,verified-fallback
ng:usage:0c0ad427af1886494b09,NG,celebration,gregory_vii_pope,day,,,,,,,"ps110:1-2,3,4","Ps 110:1-2, 3, 4","You are a priest for ever, in the line of Melchizedek.",,local_rsvce:expanded:9147f45b3f3d63c3,Catholic Daily RSVCE,2,verified-fallback
ng:usage:43124c0e0eebfc334e10,NG,celebration,gregory_vii_pope,day,,,,,,,"ps117:1,2","Ps 117:1, 2",Go out to all the world and tell the good news.,,ng:reconstructed:73d92e286a6fb381,Catholic Missal for Nigeria,3,verified
ng:usage:d5305cdf43007ccf4c62,NG,celebration,gregory_vii_pope,day,,,,,,,"ps16:1-2a1-2a+5,7-8,11","Ps 16:1-2a1-2a+5, 7-8, 11","You are my inheritance, O Lord.",,local_rsvce:expanded:acdd2b509ed6230c,Catholic Daily RSVCE,4,verified-fallback
ng:usage:5b9ea32b9e0b0d141674,NG,celebration,gregory_vii_pope,day,,,,,,,"ps23:1-3a,3b-4,5,6","Ps 23:1-3a, 3b-4, 5, 6",The Lord is my shepherd; there is nothing I shall want.,2026-03-15,ng:2026-03-15:responsorial-psalm:1,Catholic Missal for Nigeria,5,verified
ng:usage:5951f12e1c7888dfba57,NG,celebration,gregory_vii_pope,day,,,,,,,"ps40:1+3ab,6,7-8,9","Ps 40:1+3ab, 6, 7-8, 9","Here am I, Lord; I come to do your will.",,local_rsvce:expanded:a6f3121c52e20e28,Catholic Daily RSVCE,6,verified-fallback
ng:usage:436268d58416766cdc30,NG,celebration,gregory_vii_pope,day,,,,,,,"ps89:1-2,3-4,20-21,24+26","Ps 89:1-2, 3-4, 20-21, 24+26",For ever I will sing the goodness of the Lord.,,local_rsvce:expanded:556f9b30cb1e8359,Catholic Daily RSVCE,7,verified-fallback
ng:usage:8b22994da121402fe040,NG,celebration,gregory_vii_pope,day,,,,,,,"ps96:1-2a,2b-3,7-8a,10","Ps 96:1-2a, 2b-3, 7-8a, 10",Proclaim God’s marvellous deeds to all the nations.,,ps96_1_2a_2b_3_7_8a_10,Catholic Daily RSVCE,8,verified-fallback
ng:usage:dd0fa699fc78ae38acdb,NG,celebration,guardian_angels,day,,,,,,,"ps19:8,9,10,11","Ps 19:8, 9, 10, 11",The precepts of the Lord are right; they gladden the heart.,,ng:reconstructed:77f84d384af17ece,Catholic Missal for Nigeria,1,verified
ng:usage:055ac368b9eb301b05e5,NG,celebration,guardian_angels,day,,,,,,,"ps88:10bc-11,12-13,14-15","Ps 88:10bc-11, 12-13, 14-15","Let my prayer come into your presence, O Lord.",2026-09-30,ng:2026-09-30:responsorial-psalm:1,Catholic Missal for Nigeria,2,verified
ng:usage:9b8780351addb42d28fc,NG,celebration,hedwig_of_silesia,day,,,,,,,"ps103:1-2,3-4,8-9,13-14,17-18a","Ps 103:1-2, 3-4, 8-9, 13-14, 17-18a","O bless the Lord, my soul!",,local_rsvce:expanded:a23963e8ba7768b2,Catholic Daily RSVCE,1,verified-fallback
ng:usage:9d1064ba0167d870e2be,NG,celebration,hedwig_of_silesia,day,,,,,,,"ps112:1-2,3-4,5-6,7-8,9","Ps 112:1-2, 3-4, 5-6, 7-8, 9",Happy are those who fear the Lord.,,local_rsvce:expanded:a2598f66f2117110,Catholic Daily RSVCE,2,verified-fallback
ng:usage:1c061c49ab673c2156c5,NG,celebration,hedwig_of_silesia,day,,,,,,,"ps112:1-2,5-6,7-8,9","Ps 112:1-2, 5-6, 7-8, 9",Happy are those who fear the Lord.,,ps112_1_2_5_6_7_8_9,Catholic Daily RSVCE,3,verified-fallback
ng:usage:ee541cc3e86f5d3a88bc,NG,celebration,hedwig_of_silesia,day,,,,,,,"ps126:1-2ab,2bc-3,4-5,6","Ps 126:1-2ab, 2bc-3, 4-5, 6",Those who sow in tears shall reap with shouts of joy.,,ps126_1_2ab_2bc_3_4_5_6,Catholic Daily RSVCE,4,verified-fallback
ng:usage:f5fde256cea62a11767c,NG,celebration,hedwig_of_silesia,day,,,,,,,"ps128:1-2,3-4,5-6","Ps 128:1-2, 3-4, 5-6",Happy are those who fear the Lord.,,local_rsvce:expanded:4115d7f061b9dec9,Catholic Daily RSVCE,5,verified-fallback
ng:usage:fd369c838f183a316bc8,NG,celebration,hedwig_of_silesia,day,,,,,,,"ps131:1,2-3a","Ps 131:1, 2-3a","In you, Lord, I have found my peace.",,local_rsvce:expanded:c554d668e32bfa75,Catholic Daily RSVCE,6,verified-fallback
ng:usage:f7457bd1fdd749440985,NG,celebration,hedwig_of_silesia,day,,,,,,,"ps15:1a+2-3a,3b-4ab,5","Ps 15:1a+2-3a, 3b-4ab, 5","The just shall live on your holy mountain, O Lord.",,local_rsvce:expanded:d8a4c685fc2a8ecd,Catholic Daily RSVCE,7,verified-fallback
ng:usage:5edae5b308421ed34134,NG,celebration,hedwig_of_silesia,day,,,,,,,"ps15:1a,2-3a,3b-4ab,5","Ps 15:1a, 2-3a, 3b-4ab, 5","The just shall live on your holy mountain, O Lord.",,local_rsvce:expanded:b2b47e3b4171ad7b,Catholic Daily RSVCE,8,verified-fallback
ng:usage:c90bcf99999db6f86776,NG,celebration,hedwig_of_silesia,day,,,,,,,"ps16:1-2a+5,7-8,11","Ps 16:1-2a+5, 7-8, 11","You are my inheritance, O Lord.",,ps16_1_2a_5_7_8_11,Catholic Daily RSVCE,9,verified-fallback
ng:usage:2d74162d5ceeb8cd50a0,NG,celebration,hedwig_of_silesia,day,,,,,,,"ps1:1-2,3,4-6","Ps 1:1-2, 3, 4-6",Happy are they who delight in the law of the Lord.,,local_rsvce:expanded:1add7841ef32e023,Catholic Daily RSVCE,10,verified-fallback
ng:usage:3d265230299d579cefef,NG,celebration,hedwig_of_silesia,day,,,,,,,"ps23:1-3a,3b-4,5,6","Ps 23:1-3a, 3b-4, 5, 6",The Lord is my shepherd; there is nothing I shall want.,2026-03-15,ng:2026-03-15:responsorial-psalm:1,Catholic Missal for Nigeria,11,verified
ng:usage:196b1c9293251748fb92,NG,celebration,hedwig_of_silesia,day,,,,,,,"ps34:1-2,3-4,5-6,7-8,9-10","Ps 34:1-2, 3-4, 5-6, 7-8, 9-10",I will bless the Lord at all times.,,local_rsvce:expanded:080f8764f6955b45,Catholic Daily RSVCE,12,verified-fallback
ng:usage:78a3da6195b5b112bf7b,NG,celebration,hedwig_of_silesia,day,,,,,,,"ps34:1-2,3-4,5-6,7-8,9-10","Ps 34:1-2, 3-4, 5-6, 7-8, 9-10",Taste and see the goodness of the Lord.,,local_rsvce:expanded:080f8764f6955b45,Catholic Daily RSVCE,13,verified-fallback
ng:usage:e2b88958cb361233348e,NG,celebration,henry_ii_emperor,day,,,,,,,"ps103:1-2,3-4,8-9,13-14,17-18a","Ps 103:1-2, 3-4, 8-9, 13-14, 17-18a","O bless the Lord, my soul!",,local_rsvce:expanded:a23963e8ba7768b2,Catholic Daily RSVCE,1,verified-fallback
ng:usage:68699006c4cbfdd474b8,NG,celebration,henry_ii_emperor,day,,,,,,,"ps112:1-2,3-4,5-6,7-8,9","Ps 112:1-2, 3-4, 5-6, 7-8, 9",Happy are those who fear the Lord.,,local_rsvce:expanded:a2598f66f2117110,Catholic Daily RSVCE,2,verified-fallback
ng:usage:894a53916f968c1ca92c,NG,celebration,henry_ii_emperor,day,,,,,,,"ps112:1-2,5-6,7-8,9","Ps 112:1-2, 5-6, 7-8, 9",Happy are those who fear the Lord.,,ps112_1_2_5_6_7_8_9,Catholic Daily RSVCE,3,verified-fallback
ng:usage:ca14a8ed97d727f17eb5,NG,celebration,henry_ii_emperor,day,,,,,,,"ps126:1-2ab,2bc-3,4-5,6","Ps 126:1-2ab, 2bc-3, 4-5, 6",Those who sow in tears shall reap with shouts of joy.,,ps126_1_2ab_2bc_3_4_5_6,Catholic Daily RSVCE,4,verified-fallback
ng:usage:f91c31bc3b1fb6bd925d,NG,celebration,henry_ii_emperor,day,,,,,,,"ps128:1-2,3-4,5-6","Ps 128:1-2, 3-4, 5-6",Happy are those who fear the Lord.,,local_rsvce:expanded:4115d7f061b9dec9,Catholic Daily RSVCE,5,verified-fallback
ng:usage:f50de3c357a3083c8434,NG,celebration,henry_ii_emperor,day,,,,,,,"ps131:1,2-3a","Ps 131:1, 2-3a","In you, Lord, I have found my peace.",,local_rsvce:expanded:c554d668e32bfa75,Catholic Daily RSVCE,6,verified-fallback
ng:usage:8a66cdde7d688a640228,NG,celebration,henry_ii_emperor,day,,,,,,,"ps15:1a+2-3a,3b-4ab,5","Ps 15:1a+2-3a, 3b-4ab, 5","The just shall live on your holy mountain, O Lord.",,local_rsvce:expanded:d8a4c685fc2a8ecd,Catholic Daily RSVCE,7,verified-fallback
ng:usage:7dd13fc5869698645986,NG,celebration,henry_ii_emperor,day,,,,,,,"ps15:1a,2-3a,3b-4ab,5","Ps 15:1a, 2-3a, 3b-4ab, 5","The just shall live on your holy mountain, O Lord.",,local_rsvce:expanded:b2b47e3b4171ad7b,Catholic Daily RSVCE,8,verified-fallback
ng:usage:e557a2d82b916ea8fcd3,NG,celebration,henry_ii_emperor,day,,,,,,,"ps16:1-2a+5,7-8,11","Ps 16:1-2a+5, 7-8, 11","You are my inheritance, O Lord.",,ps16_1_2a_5_7_8_11,Catholic Daily RSVCE,9,verified-fallback
ng:usage:0174b9d2389ac051b144,NG,celebration,henry_ii_emperor,day,,,,,,,"ps1:1-2,3,4-6","Ps 1:1-2, 3, 4-6",Happy are they who delight in the law of the Lord.,,local_rsvce:expanded:1add7841ef32e023,Catholic Daily RSVCE,10,verified-fallback
ng:usage:b452d1314bef344a111d,NG,celebration,henry_ii_emperor,day,,,,,,,"ps23:1-3a,3b-4,5,6","Ps 23:1-3a, 3b-4, 5, 6",The Lord is my shepherd; there is nothing I shall want.,2026-03-15,ng:2026-03-15:responsorial-psalm:1,Catholic Missal for Nigeria,11,verified
ng:usage:eb477546d2cbaf792b5c,NG,celebration,henry_ii_emperor,day,,,,,,,"ps34:1-2,3-4,5-6,7-8,9-10","Ps 34:1-2, 3-4, 5-6, 7-8, 9-10",I will bless the Lord at all times.,,local_rsvce:expanded:080f8764f6955b45,Catholic Daily RSVCE,12,verified-fallback
ng:usage:56ac30acde120c5217d5,NG,celebration,henry_ii_emperor,day,,,,,,,"ps34:1-2,3-4,5-6,7-8,9-10","Ps 34:1-2, 3-4, 5-6, 7-8, 9-10",Taste and see the goodness of the Lord.,,local_rsvce:expanded:080f8764f6955b45,Catholic Daily RSVCE,13,verified-fallback
ng:usage:ab0f00e1ab9e7c3487fd,NG,celebration,hilary_of_poitiers,day,,,,,,,"ps106:19-20,21-22,23","Ps 106:19-20, 21-22, 23","Lord, remember us, for the love you bear your people.",,ps106_19_20_21_22_23,Catholic Daily RSVCE,1,verified-fallback
ng:usage:5c6ef7322b5b11bd687b,NG,celebration,hilary_of_poitiers,day,,,,,,,"ps110:1-2,3,4","Ps 110:1-2, 3, 4","You are a priest for ever, in the line of Melchizedek.",,local_rsvce:expanded:9147f45b3f3d63c3,Catholic Daily RSVCE,2,verified-fallback
ng:usage:3d28e149cb8b3ffa6ff9,NG,celebration,hilary_of_poitiers,day,,,,,,,"ps117:1,2","Ps 117:1, 2",Go out to all the world and tell the good news.,,ng:reconstructed:73d92e286a6fb381,Catholic Missal for Nigeria,3,verified
ng:usage:cfed1ab6a0f26ab0e81b,NG,celebration,hilary_of_poitiers,day,,,,,,,"ps16:1-2a1-2a+5,7-8,11","Ps 16:1-2a1-2a+5, 7-8, 11","You are my inheritance, O Lord.",,local_rsvce:expanded:acdd2b509ed6230c,Catholic Daily RSVCE,4,verified-fallback
ng:usage:b03de5c0afe340375b5e,NG,celebration,hilary_of_poitiers,day,,,,,,,"ps23:1-3a,3b-4,5,6","Ps 23:1-3a, 3b-4, 5, 6",The Lord is my shepherd; there is nothing I shall want.,2026-03-15,ng:2026-03-15:responsorial-psalm:1,Catholic Missal for Nigeria,5,verified
ng:usage:c332e1814917185c7c9a,NG,celebration,hilary_of_poitiers,day,,,,,,,"ps40:1+3ab,6,7-8,9","Ps 40:1+3ab, 6, 7-8, 9","Here am I, Lord; I come to do your will.",,local_rsvce:expanded:a6f3121c52e20e28,Catholic Daily RSVCE,6,verified-fallback
ng:usage:a99496b901453e30f697,NG,celebration,hilary_of_poitiers,day,,,,,,,"ps89:1-2,3-4,20-21,24+26","Ps 89:1-2, 3-4, 20-21, 24+26",For ever I will sing the goodness of the Lord.,,local_rsvce:expanded:556f9b30cb1e8359,Catholic Daily RSVCE,7,verified-fallback
ng:usage:4ec265c6356db3e3f5d0,NG,celebration,hilary_of_poitiers,day,,,,,,,"ps96:1-2a,2b-3,7-8a,10","Ps 96:1-2a, 2b-3, 7-8a, 10",Proclaim God’s marvellous deeds to all the nations.,,ps96_1_2a_2b_3_7_8a_10,Catholic Daily RSVCE,8,verified-fallback
ng:usage:8f8d3cbd5ef07deb1667,NG,celebration,hildegard_of_bingen,day,,,,,,,"ps119:89-91,130,135,175","Ps 119:89-91, 130, 135, 175","Your word is a lamp for my feet, a light for my path.",,local_rsvce:expanded:5b03d7443ff2a8dd,Catholic Daily RSVCE,1,verified-fallback
ng:usage:3a34a44f6d833aeebb61,NG,celebration,holy_family,day,,,,,A,,"ps128:1-2,3,4-5","Ps 128:1-2, 3, 4-5",Blessed are those who fear the Lord and walk in his ways.,,ng:reconstructed:226f0e0edbffd766,Catholic Missal for Nigeria,1,verified
ng:usage:8601cb4d260a6be44885,NG,celebration,holy_family,day,,,,,B,,"ps105:1-2,3-4,5-6,8-9","Ps 105:1-2, 3-4, 5-6, 8-9",The Lord remembers his covenant for ever.,,ps105_1_2_3_4_5_6_8_9,Catholic Daily RSVCE,1,verified-fallback
ng:usage:3860ae695d084f1e8e23,NG,celebration,holy_family,day,,,,,B,,"ps128:1-2,3,4-5","Ps 128:1-2, 3, 4-5",Blessed are those who fear the Lord and walk in his ways.,,ng:reconstructed:226f0e0edbffd766,Catholic Missal for Nigeria,2,verified
ng:usage:9eedca81990396c4252e,NG,celebration,holy_family,day,,,,,C,,"ps128:1-2,3,4-5","Ps 128:1-2, 3, 4-5",Blessed are those who fear the Lord and walk in his ways.,,ng:reconstructed:226f0e0edbffd766,Catholic Missal for Nigeria,1,verified
ng:usage:d96c98c6577abb31a2b2,NG,celebration,holy_family,day,,,,,C,,"ps84:2-3,5-6,9-10","Ps 84:2-3, 5-6, 9-10","Blessed are they who dwell in your house, O Lord.",,ps84_2_3_5_6_9_10,Catholic Daily RSVCE,2,verified-fallback
ng:usage:1e8af6e47e5e9774f727,NG,celebration,holy_family,day,,,,,,,"ps128:1-2,3,4-5","Ps 128:1-2, 3, 4-5","Blessed are all who fear the Lord, and walk in his ways.",2025-12-28,ng:2025-12-28:responsorial-psalm:1,Catholic Missal for Nigeria,1,verified
ng:usage:e5402714dcf324553c9c,NG,celebration,holy_family,day,,,,,,,ps128:1-5,Ps 128:1-5,Blessed are those who fear the Lord and walk in his ways.,,local_rsvce:expanded:419967e96c37a53f,Catholic Daily RSVCE,2,verified-fallback
ng:usage:ca660df82de6fe9877ff,NG,celebration,holy_innocents,day,,,,,,,"ps124:2-5,7b-8","Ps 124:2-5, 7b-8",Our soul has been rescued like a bird from the fowler's snare.,,local_rsvce:expanded:106a5978ff5258d6,Catholic Daily RSVCE,1,verified-fallback
ng:usage:0284a3b7ff7221ab6360,NG,celebration,holy_thursday_evening_mass_of_the_lords_supper,day,,,,,,,ps116:12-18,Ps 116:12-18,"To you, Lord, I will offer a sacrifice of praise.",,local_rsvce:expanded:b3a4169ab7b830ec,Catholic Daily RSVCE,1,verified-fallback
ng:usage:99d7918c15294a4df4c8,NG,celebration,holy_thursday,chrism,,,,,,,"ps89:21-22,25,27","Ps 89:21-22, 25, 27","I will sing forever of your mercies, O Lord.",2026-04-02,ng:2026-04-02:responsorial-psalm:1,Catholic Missal for Nigeria,1,verified
ng:usage:e964b608039f2f22c21b,NG,celebration,holy_thursday,evening,,,,,,,"ps116:12-13,15,16bc,17-18","Ps 116:12-13, 15, 16bc, 17-18",The cup of blessing is a participation in the blood of Christ.,2026-04-02,ng:2026-04-02:responsorial-psalm:2,Catholic Missal for Nigeria,1,verified
ng:usage:0f8fc533f00ec6dd1e57,NG,celebration,immaculate_conception_of_blessed_virgin_mary,day,,,,,A,,"ps98:1,2-3ab,3cd-4","Ps 98:1, 2-3ab, 3cd-4","Sing to the Lord a new song, for he has done marvelous deeds.",,ps98_1_2_3ab_3cd_4,Catholic Daily RSVCE,1,verified-fallback
ng:usage:0043f0901ad414451c9d,NG,celebration,immaculate_conception_of_blessed_virgin_mary,day,,,,,B,,"ps98:1,2-3ab,3cd-4","Ps 98:1, 2-3ab, 3cd-4","Sing to the Lord a new song, for he has done marvelous deeds.",,ps98_1_2_3ab_3cd_4,Catholic Daily RSVCE,1,verified-fallback
ng:usage:2bcdd4de67d4902d7af3,NG,celebration,immaculate_conception_of_blessed_virgin_mary,day,,,,,C,,"ps98:1,2-3ab,3cd-4","Ps 98:1, 2-3ab, 3cd-4","Sing to the Lord a new song, for he has done marvelous deeds.",,ps98_1_2_3ab_3cd_4,Catholic Daily RSVCE,1,verified-fallback
ng:usage:e2410b0808ad50e4e53b,NG,celebration,immaculate_conception_of_blessed_virgin_mary,day,,,,,,,"ps98:1bcde,2-3ab,3cd-4","Ps 98:1bcde, 2-3ab, 3cd-4","O sing a new song to the Lord, for he has worked wonders.",2025-12-08,ng:2025-12-08:responsorial-psalm:1,Catholic Missal for Nigeria,1,verified
ng:usage:2f09009abc2e77006766,NG,celebration,immaculate_conception_of_blessed_virgin_mary,day,,,,,,,"ps126:1-2,2-3,4-5,6","Ps 126:1-2, 2-3, 4-5, 6",The Lord has done great things for us; we are filled with joy.,,ps126_1_2_2_3_4_5_6,Catholic Daily RSVCE,2,verified-fallback
ng:usage:13fa3113761f252937b7,NG,celebration,immaculate_heart_of_mary,day,,,,,,,"luke1:46-47,48-49,50,53,54-55","Luke 1:46-47, 48-49, 50, 53, 54-55",The Lord has remembered his mercy.,,luke1_46_47_48_49_50_53_54_55,Catholic Daily RSVCE,1,verified-fallback
ng:usage:dd63cf00b19cbd1545a9,NG,celebration,immaculate_heart_of_mary,day,,,,,,,"1sam2:1,4-8","1Sam 2:1, 4-8","My heart exults in the Lord, my Savior.",,local_rsvce:expanded:ad7f4cfd6f1be4c2,Catholic Daily RSVCE,2,verified-fallback
ng:usage:b798e6fec75614e6466d,NG,celebration,isidore_of_seville,day,,,,,,,"ps106:19-20,21-22,23","Ps 106:19-20, 21-22, 23","Lord, remember us, for the love you bear your people.",,ps106_19_20_21_22_23,Catholic Daily RSVCE,1,verified-fallback
ng:usage:c0f62beb764d01af2bdc,NG,celebration,isidore_of_seville,day,,,,,,,"ps110:1-2,3,4","Ps 110:1-2, 3, 4","You are a priest for ever, in the line of Melchizedek.",,local_rsvce:expanded:9147f45b3f3d63c3,Catholic Daily RSVCE,2,verified-fallback
ng:usage:041d9a98db003799b2f2,NG,celebration,isidore_of_seville,day,,,,,,,"ps117:1,2","Ps 117:1, 2",Go out to all the world and tell the good news.,,ng:reconstructed:73d92e286a6fb381,Catholic Missal for Nigeria,3,verified
ng:usage:2181925d52b788e432dd,NG,celebration,isidore_of_seville,day,,,,,,,"ps16:1-2a1-2a+5,7-8,11","Ps 16:1-2a1-2a+5, 7-8, 11","You are my inheritance, O Lord.",,local_rsvce:expanded:acdd2b509ed6230c,Catholic Daily RSVCE,4,verified-fallback
ng:usage:299e44f9287666b9a372,NG,celebration,isidore_of_seville,day,,,,,,,"ps23:1-3a,3b-4,5,6","Ps 23:1-3a, 3b-4, 5, 6",The Lord is my shepherd; there is nothing I shall want.,2026-03-15,ng:2026-03-15:responsorial-psalm:1,Catholic Missal for Nigeria,5,verified
ng:usage:825ef89c5d25adef0ffe,NG,celebration,isidore_of_seville,day,,,,,,,"ps40:1+3ab,6,7-8,9","Ps 40:1+3ab, 6, 7-8, 9","Here am I, Lord; I come to do your will.",,local_rsvce:expanded:a6f3121c52e20e28,Catholic Daily RSVCE,6,verified-fallback
ng:usage:86ea9921a377ea1a7884,NG,celebration,isidore_of_seville,day,,,,,,,"ps89:1-2,3-4,20-21,24+26","Ps 89:1-2, 3-4, 20-21, 24+26",For ever I will sing the goodness of the Lord.,,local_rsvce:expanded:556f9b30cb1e8359,Catholic Daily RSVCE,7,verified-fallback
ng:usage:e569e794839be55d8719,NG,celebration,isidore_of_seville,day,,,,,,,"ps96:1-2a,2b-3,7-8a,10","Ps 96:1-2a, 2b-3, 7-8a, 10",Proclaim God’s marvellous deeds to all the nations.,,ps96_1_2a_2b_3_7_8a_10,Catholic Daily RSVCE,8,verified-fallback
ng:usage:8f8ab8c74f6a23d4a311,NG,celebration,james_apostle,day,,,,,,,"ps126:1-2ab,2cd-3,4-5,6","Ps 126:1-2ab, 2cd-3, 4-5, 6",Those who are sowing in tears will sing when they reap.,2026-07-25,ng:2026-07-25:responsorial-psalm:1,Catholic Missal for Nigeria,1,verified
ng:usage:842ee49075e432ecb93e,NG,celebration,james_apostle,day,,,,,,,"ps126:1bc-2ab,2cd-3,4-5,6","Ps 126:1bc-2ab, 2cd-3, 4-5, 6",Those who are sowing in tears will sing when they reap.,,local_rsvce:expanded:01b7dd70371d17fc,Catholic Daily RSVCE,2,verified-fallback
ng:usage:b1167441e993931cfbdb,NG,celebration,james_apostle,day,,,,,,,ps126:1-6,Ps 126:1-6,Those who sow in tears shall reap rejoicing.,,local_rsvce:expanded:fe5e0ed01660879a,Catholic Daily RSVCE,3,verified-fallback
ng:usage:14c12b5657e8018fdacc,NG,celebration,jane_frances_de_chantal,day,,,,,,,"ps103:1-2,3-4,8-9,13-14,17-18a","Ps 103:1-2, 3-4, 8-9, 13-14, 17-18a","O bless the Lord, my soul!",,local_rsvce:expanded:a23963e8ba7768b2,Catholic Daily RSVCE,1,verified-fallback
ng:usage:829918600e15bd525d06,NG,celebration,jane_frances_de_chantal,day,,,,,,,"ps112:1-2,3-4,5-6,7-8,9","Ps 112:1-2, 3-4, 5-6, 7-8, 9",Happy are those who fear the Lord.,,local_rsvce:expanded:a2598f66f2117110,Catholic Daily RSVCE,2,verified-fallback
ng:usage:453195889c482d517000,NG,celebration,jane_frances_de_chantal,day,,,,,,,"ps112:1-2,5-6,7-8,9","Ps 112:1-2, 5-6, 7-8, 9",Happy are those who fear the Lord.,,ps112_1_2_5_6_7_8_9,Catholic Daily RSVCE,3,verified-fallback
ng:usage:0166bcf42133863e40ce,NG,celebration,jane_frances_de_chantal,day,,,,,,,"ps126:1-2ab,2bc-3,4-5,6","Ps 126:1-2ab, 2bc-3, 4-5, 6",Those who sow in tears shall reap with shouts of joy.,,ps126_1_2ab_2bc_3_4_5_6,Catholic Daily RSVCE,4,verified-fallback
ng:usage:77363ed8b82535c70ac7,NG,celebration,jane_frances_de_chantal,day,,,,,,,"ps128:1-2,3-4,5-6","Ps 128:1-2, 3-4, 5-6",Happy are those who fear the Lord.,,local_rsvce:expanded:4115d7f061b9dec9,Catholic Daily RSVCE,5,verified-fallback
ng:usage:9e852b7130602a69089a,NG,celebration,jane_frances_de_chantal,day,,,,,,,"ps131:1,2-3a","Ps 131:1, 2-3a","In you, Lord, I have found my peace.",,local_rsvce:expanded:c554d668e32bfa75,Catholic Daily RSVCE,6,verified-fallback
ng:usage:aa37bb66ec19bf2f0e4e,NG,celebration,jane_frances_de_chantal,day,,,,,,,"ps15:1a+2-3a,3b-4ab,5","Ps 15:1a+2-3a, 3b-4ab, 5","The just shall live on your holy mountain, O Lord.",,local_rsvce:expanded:d8a4c685fc2a8ecd,Catholic Daily RSVCE,7,verified-fallback
ng:usage:34cc9942b8e8a912242e,NG,celebration,jane_frances_de_chantal,day,,,,,,,"ps15:1a,2-3a,3b-4ab,5","Ps 15:1a, 2-3a, 3b-4ab, 5","The just shall live on your holy mountain, O Lord.",,local_rsvce:expanded:b2b47e3b4171ad7b,Catholic Daily RSVCE,8,verified-fallback
ng:usage:afad211886c30952a15f,NG,celebration,jane_frances_de_chantal,day,,,,,,,"ps16:1-2a+5,7-8,11","Ps 16:1-2a+5, 7-8, 11","You are my inheritance, O Lord.",,ps16_1_2a_5_7_8_11,Catholic Daily RSVCE,9,verified-fallback
ng:usage:d8e3d19c42984599bed4,NG,celebration,jane_frances_de_chantal,day,,,,,,,"ps1:1-2,3,4-6","Ps 1:1-2, 3, 4-6",Happy are they who delight in the law of the Lord.,,local_rsvce:expanded:1add7841ef32e023,Catholic Daily RSVCE,10,verified-fallback
ng:usage:6d38d18ca6ce04b37936,NG,celebration,jane_frances_de_chantal,day,,,,,,,"ps23:1-3a,3b-4,5,6","Ps 23:1-3a, 3b-4, 5, 6",The Lord is my shepherd; there is nothing I shall want.,2026-03-15,ng:2026-03-15:responsorial-psalm:1,Catholic Missal for Nigeria,11,verified
ng:usage:49eb05d46ee63677311e,NG,celebration,jane_frances_de_chantal,day,,,,,,,"ps34:1-2,3-4,5-6,7-8,9-10","Ps 34:1-2, 3-4, 5-6, 7-8, 9-10",I will bless the Lord at all times.,,local_rsvce:expanded:080f8764f6955b45,Catholic Daily RSVCE,12,verified-fallback
ng:usage:053dc6fd96a4dbec20cd,NG,celebration,jane_frances_de_chantal,day,,,,,,,"ps34:1-2,3-4,5-6,7-8,9-10","Ps 34:1-2, 3-4, 5-6, 7-8, 9-10",Taste and see the goodness of the Lord.,,local_rsvce:expanded:080f8764f6955b45,Catholic Daily RSVCE,13,verified-fallback
ng:usage:1368d68cfadd7dbe3f9f,NG,celebration,januarius_of_benevento,day,,,,,,,"ps124:2-3,4-5,7b-8","Ps 124:2-3, 4-5, 7b-8",Our soul has escaped like a bird from the hunter’s net.,,ps124_2_3_4_5_7b_8,Catholic Daily RSVCE,1,verified-fallback
ng:usage:80ef68eb41b03305f798,NG,celebration,januarius_of_benevento,day,,,,,,,"ps126:1-2ab,2bc-3,4-5,6","Ps 126:1-2ab, 2bc-3, 4-5, 6",Those who sow in tears shall reap with shouts of joy.,,ps126_1_2ab_2bc_3_4_5_6,Catholic Daily RSVCE,2,verified-fallback
ng:usage:a8fc12f8d3a61932a30e,NG,celebration,januarius_of_benevento,day,,,,,,,"ps31:2cd-3ab,5+7ab,15bc-16","Ps 31:2cd-3ab, 5+7ab, 15bc-16","Into your hands, O Lord, I entrust my spirit.",,ps31_2cd_3ab_5_7ab_15bc_16,Catholic Daily RSVCE,3,verified-fallback
ng:usage:f7b5d9e54acd3ca7671c,NG,celebration,januarius_of_benevento,day,,,,,,,"ps34:1-2,3-4,5-6,7-8","Ps 34:1-2, 3-4, 5-6, 7-8",The Lord set me free from all my fears.,,ps34_1_2_3_4_5_6_7_8,Catholic Daily RSVCE,4,verified-fallback
ng:usage:cd2ca5a6500e820ceb0d,NG,celebration,jerome_emiliani,day,,,,,,,"ps103:1-2,3-4,8-9,13-14,17-18a","Ps 103:1-2, 3-4, 8-9, 13-14, 17-18a","O bless the Lord, my soul!",,local_rsvce:expanded:a23963e8ba7768b2,Catholic Daily RSVCE,1,verified-fallback
ng:usage:3ae66fc8eaa68ef52e94,NG,celebration,jerome_emiliani,day,,,,,,,"ps112:1-2,3-4,5-6,7-8,9","Ps 112:1-2, 3-4, 5-6, 7-8, 9",Happy are those who fear the Lord.,,local_rsvce:expanded:a2598f66f2117110,Catholic Daily RSVCE,2,verified-fallback
ng:usage:cdca33527decdd9bc01b,NG,celebration,jerome_emiliani,day,,,,,,,"ps112:1-2,5-6,7-8,9","Ps 112:1-2, 5-6, 7-8, 9",Happy are those who fear the Lord.,,ps112_1_2_5_6_7_8_9,Catholic Daily RSVCE,3,verified-fallback
ng:usage:689a37d4ade9a3930411,NG,celebration,jerome_emiliani,day,,,,,,,"ps126:1-2ab,2bc-3,4-5,6","Ps 126:1-2ab, 2bc-3, 4-5, 6",Those who sow in tears shall reap with shouts of joy.,,ps126_1_2ab_2bc_3_4_5_6,Catholic Daily RSVCE,4,verified-fallback
ng:usage:d8ec6288d15581bf3922,NG,celebration,jerome_emiliani,day,,,,,,,"ps128:1-2,3-4,5-6","Ps 128:1-2, 3-4, 5-6",Happy are those who fear the Lord.,,local_rsvce:expanded:4115d7f061b9dec9,Catholic Daily RSVCE,5,verified-fallback
ng:usage:2b9c93c6d1326377c08b,NG,celebration,jerome_emiliani,day,,,,,,,"ps131:1,2-3a","Ps 131:1, 2-3a","In you, Lord, I have found my peace.",,local_rsvce:expanded:c554d668e32bfa75,Catholic Daily RSVCE,6,verified-fallback
ng:usage:69b55d1cdeb54856266e,NG,celebration,jerome_emiliani,day,,,,,,,"ps15:1a+2-3a,3b-4ab,5","Ps 15:1a+2-3a, 3b-4ab, 5","The just shall live on your holy mountain, O Lord.",,local_rsvce:expanded:d8a4c685fc2a8ecd,Catholic Daily RSVCE,7,verified-fallback
ng:usage:a4c3054706e45f65870a,NG,celebration,jerome_emiliani,day,,,,,,,"ps15:1a,2-3a,3b-4ab,5","Ps 15:1a, 2-3a, 3b-4ab, 5","The just shall live on your holy mountain, O Lord.",,local_rsvce:expanded:b2b47e3b4171ad7b,Catholic Daily RSVCE,8,verified-fallback
ng:usage:20fe7bffd404846e017b,NG,celebration,jerome_emiliani,day,,,,,,,"ps16:1-2a+5,7-8,11","Ps 16:1-2a+5, 7-8, 11","You are my inheritance, O Lord.",,ps16_1_2a_5_7_8_11,Catholic Daily RSVCE,9,verified-fallback
ng:usage:0246ac563b3ba8376fe3,NG,celebration,jerome_emiliani,day,,,,,,,"ps1:1-2,3,4-6","Ps 1:1-2, 3, 4-6",Happy are they who delight in the law of the Lord.,,local_rsvce:expanded:1add7841ef32e023,Catholic Daily RSVCE,10,verified-fallback
ng:usage:bf1663d9b2cab17c00f5,NG,celebration,jerome_emiliani,day,,,,,,,"ps23:1-3a,3b-4,5,6","Ps 23:1-3a, 3b-4, 5, 6",The Lord is my shepherd; there is nothing I shall want.,2026-03-15,ng:2026-03-15:responsorial-psalm:1,Catholic Missal for Nigeria,11,verified
ng:usage:153f1bee743052417b91,NG,celebration,jerome_emiliani,day,,,,,,,"ps34:1-2,3-4,5-6,7-8,9-10","Ps 34:1-2, 3-4, 5-6, 7-8, 9-10",I will bless the Lord at all times.,,local_rsvce:expanded:080f8764f6955b45,Catholic Daily RSVCE,12,verified-fallback
ng:usage:1f390f02c0d1c2ceb36b,NG,celebration,jerome_emiliani,day,,,,,,,"ps34:1-2,3-4,5-6,7-8,9-10","Ps 34:1-2, 3-4, 5-6, 7-8, 9-10",Taste and see the goodness of the Lord.,,local_rsvce:expanded:080f8764f6955b45,Catholic Daily RSVCE,13,verified-fallback
ng:usage:ebae651f461211ef202e,NG,celebration,john_apostle,day,,,,,,,"ps97:1-2,5-6,11-12","Ps 97:1-2, 5-6, 11-12","Rejoice in the Lord, you just.",2025-12-27,ng:2025-12-27:responsorial-psalm:1,Catholic Missal for Nigeria,1,verified
ng:usage:777c817ca5944afc1610,NG,celebration,john_damascene,day,,,,,,,"ps119:9-10,11-12,13-14","Ps 119:9-10, 11-12, 13-14","Lord, teach me your decrees.",,ps119_9_10_11_12_13_14,Catholic Daily RSVCE,1,verified-fallback
ng:usage:340e467d5ac2f17fcc56,NG,celebration,john_damascene,day,,,,,,,"ps19:7,8,9,10","Ps 19:7, 8, 9, 10","The judgments of the Lord are true, and all of them are just.",,ps19_7_8_9_10,Catholic Daily RSVCE,2,verified-fallback
ng:usage:1bdb4663a0dd1953933a,NG,celebration,john_damascene,day,,,,,,,"ps37:3-4,5-6,30-31","Ps 37:3-4, 5-6, 30-31",The mouths of the just murmur wisdom.,,ng:reconstructed:8c4665aa51293035,Catholic Missal for Nigeria,3,verified
ng:usage:7d4280dfdc32105457e5,NG,celebration,john_de_brebeuf_and_isaac_jogues,day,,,,,,,"ps124:2-3,4-5,7b-8","Ps 124:2-3, 4-5, 7b-8",Our soul has escaped like a bird from the hunter’s net.,,ps124_2_3_4_5_7b_8,Catholic Daily RSVCE,1,verified-fallback
ng:usage:a83b55792c57fbb3fac5,NG,celebration,john_de_brebeuf_and_isaac_jogues,day,,,,,,,"ps126:1-2ab,2bc-3,4-5,6","Ps 126:1-2ab, 2bc-3, 4-5, 6",Those who sow in tears shall reap with shouts of joy.,,ps126_1_2ab_2bc_3_4_5_6,Catholic Daily RSVCE,2,verified-fallback
ng:usage:43430654adc93147fbd1,NG,celebration,john_de_brebeuf_and_isaac_jogues,day,,,,,,,"ps31:2cd-3ab,5+7ab,15bc-16","Ps 31:2cd-3ab, 5+7ab, 15bc-16","Into your hands, O Lord, I entrust my spirit.",,ps31_2cd_3ab_5_7ab_15bc_16,Catholic Daily RSVCE,3,verified-fallback
ng:usage:03a5978fa04e2d85eb64,NG,celebration,john_de_brebeuf_and_isaac_jogues,day,,,,,,,"ps34:1-2,3-4,5-6,7-8","Ps 34:1-2, 3-4, 5-6, 7-8",The Lord set me free from all my fears.,,ps34_1_2_3_4_5_6_7_8,Catholic Daily RSVCE,4,verified-fallback
ng:usage:4825190937b572791e17,NG,celebration,john_eudes,day,,,,,,,"ps106:19-20,21-22,23","Ps 106:19-20, 21-22, 23","Lord, remember us, for the love you bear your people.",,ps106_19_20_21_22_23,Catholic Daily RSVCE,1,verified-fallback
ng:usage:bd0825749e45e2a87812,NG,celebration,john_eudes,day,,,,,,,"ps110:1-2,3,4","Ps 110:1-2, 3, 4","You are a priest for ever, in the line of Melchizedek.",,local_rsvce:expanded:9147f45b3f3d63c3,Catholic Daily RSVCE,2,verified-fallback
ng:usage:11c5d59ae04cacfdcc2a,NG,celebration,john_eudes,day,,,,,,,"ps117:1,2","Ps 117:1, 2",Go out to all the world and tell the good news.,,ng:reconstructed:73d92e286a6fb381,Catholic Missal for Nigeria,3,verified
ng:usage:57fef6a85729008a4f69,NG,celebration,john_eudes,day,,,,,,,"ps16:1-2a1-2a+5,7-8,11","Ps 16:1-2a1-2a+5, 7-8, 11","You are my inheritance, O Lord.",,local_rsvce:expanded:acdd2b509ed6230c,Catholic Daily RSVCE,4,verified-fallback
ng:usage:33caf4750182d02e2ff0,NG,celebration,john_eudes,day,,,,,,,"ps23:1-3a,3b-4,5,6","Ps 23:1-3a, 3b-4, 5, 6",The Lord is my shepherd; there is nothing I shall want.,2026-03-15,ng:2026-03-15:responsorial-psalm:1,Catholic Missal for Nigeria,5,verified
ng:usage:d97297b74fb74e42a3a5,NG,celebration,john_eudes,day,,,,,,,"ps40:1+3ab,6,7-8,9","Ps 40:1+3ab, 6, 7-8, 9","Here am I, Lord; I come to do your will.",,local_rsvce:expanded:a6f3121c52e20e28,Catholic Daily RSVCE,6,verified-fallback
ng:usage:53dead710f3d6487c439,NG,celebration,john_eudes,day,,,,,,,"ps89:1-2,3-4,20-21,24+26","Ps 89:1-2, 3-4, 20-21, 24+26",For ever I will sing the goodness of the Lord.,,local_rsvce:expanded:556f9b30cb1e8359,Catholic Daily RSVCE,7,verified-fallback
ng:usage:64cf21d7a958704b0a18,NG,celebration,john_eudes,day,,,,,,,"ps96:1-2a,2b-3,7-8a,10","Ps 96:1-2a, 2b-3, 7-8a, 10",Proclaim God’s marvellous deeds to all the nations.,,ps96_1_2a_2b_3_7_8a_10,Catholic Daily RSVCE,8,verified-fallback
ng:usage:907706a2b3e91dab1e0f,NG,celebration,john_fisher_and_thomas_more,day,,,,,,,"ps124:2-3,4-5,7b-8","Ps 124:2-3, 4-5, 7b-8",Our soul has escaped like a bird from the hunter’s net.,,ps124_2_3_4_5_7b_8,Catholic Daily RSVCE,1,verified-fallback
ng:usage:8428377c66ba39de04f6,NG,celebration,john_fisher_and_thomas_more,day,,,,,,,"ps126:1-2ab,2bc-3,4-5,6","Ps 126:1-2ab, 2bc-3, 4-5, 6",Those who sow in tears shall reap with shouts of joy.,,ps126_1_2ab_2bc_3_4_5_6,Catholic Daily RSVCE,2,verified-fallback
ng:usage:b58664a753e69816d2e4,NG,celebration,john_fisher_and_thomas_more,day,,,,,,,"ps31:2cd-3ab,5+7ab,15bc-16","Ps 31:2cd-3ab, 5+7ab, 15bc-16","Into your hands, O Lord, I entrust my spirit.",,ps31_2cd_3ab_5_7ab_15bc_16,Catholic Daily RSVCE,3,verified-fallback
ng:usage:0075c079e1f22b92bc91,NG,celebration,john_fisher_and_thomas_more,day,,,,,,,"ps34:1-2,3-4,5-6,7-8","Ps 34:1-2, 3-4, 5-6, 7-8",The Lord set me free from all my fears.,,ps34_1_2_3_4_5_6_7_8,Catholic Daily RSVCE,4,verified-fallback
ng:usage:5bc17b1f101ebd0f8f20,NG,celebration,john_i_pope,day,,,,,,,"ps124:2-3,4-5,7b-8","Ps 124:2-3, 4-5, 7b-8",Our soul has escaped like a bird from the hunter’s net.,,ps124_2_3_4_5_7b_8,Catholic Daily RSVCE,1,verified-fallback
ng:usage:dfe57b6123e3b6f543f5,NG,celebration,john_i_pope,day,,,,,,,"ps126:1-2ab,2bc-3,4-5,6","Ps 126:1-2ab, 2bc-3, 4-5, 6",Those who sow in tears shall reap with shouts of joy.,,ps126_1_2ab_2bc_3_4_5_6,Catholic Daily RSVCE,2,verified-fallback
ng:usage:7f9964f00b879c838168,NG,celebration,john_i_pope,day,,,,,,,"ps31:2cd-3ab,5+7ab,15bc-16","Ps 31:2cd-3ab, 5+7ab, 15bc-16","Into your hands, O Lord, I entrust my spirit.",,ps31_2cd_3ab_5_7ab_15bc_16,Catholic Daily RSVCE,3,verified-fallback
ng:usage:466984ef2944fef9fdbe,NG,celebration,john_i_pope,day,,,,,,,"ps34:1-2,3-4,5-6,7-8","Ps 34:1-2, 3-4, 5-6, 7-8",The Lord set me free from all my fears.,,ps34_1_2_3_4_5_6_7_8,Catholic Daily RSVCE,4,verified-fallback
ng:usage:147305bb66712d68af91,NG,celebration,john_leonardi,day,,,,,,,"ps106:19-20,21-22,23","Ps 106:19-20, 21-22, 23","Lord, remember us, for the love you bear your people.",,ps106_19_20_21_22_23,Catholic Daily RSVCE,1,verified-fallback
ng:usage:c99bae3f9d6e76a1e699,NG,celebration,john_leonardi,day,,,,,,,"ps110:1-2,3,4","Ps 110:1-2, 3, 4","You are a priest for ever, in the line of Melchizedek.",,local_rsvce:expanded:9147f45b3f3d63c3,Catholic Daily RSVCE,2,verified-fallback
ng:usage:27ba82174447c41491b4,NG,celebration,john_leonardi,day,,,,,,,"ps117:1,2","Ps 117:1, 2",Go out to all the world and tell the good news.,,ng:reconstructed:73d92e286a6fb381,Catholic Missal for Nigeria,3,verified
ng:usage:d34ebea199acdeb51be5,NG,celebration,john_leonardi,day,,,,,,,"ps16:1-2a1-2a+5,7-8,11","Ps 16:1-2a1-2a+5, 7-8, 11","You are my inheritance, O Lord.",,local_rsvce:expanded:acdd2b509ed6230c,Catholic Daily RSVCE,4,verified-fallback
ng:usage:3770cc17fd172f2bd826,NG,celebration,john_leonardi,day,,,,,,,"ps23:1-3a,3b-4,5,6","Ps 23:1-3a, 3b-4, 5, 6",The Lord is my shepherd; there is nothing I shall want.,2026-03-15,ng:2026-03-15:responsorial-psalm:1,Catholic Missal for Nigeria,5,verified
ng:usage:21bc9d0d43cc1362e047,NG,celebration,john_leonardi,day,,,,,,,"ps40:1+3ab,6,7-8,9","Ps 40:1+3ab, 6, 7-8, 9","Here am I, Lord; I come to do your will.",,local_rsvce:expanded:a6f3121c52e20e28,Catholic Daily RSVCE,6,verified-fallback
ng:usage:78eab79a7a109c5be828,NG,celebration,john_leonardi,day,,,,,,,"ps89:1-2,3-4,20-21,24+26","Ps 89:1-2, 3-4, 20-21, 24+26",For ever I will sing the goodness of the Lord.,,local_rsvce:expanded:556f9b30cb1e8359,Catholic Daily RSVCE,7,verified-fallback
ng:usage:e44861725fd4a062a09e,NG,celebration,john_leonardi,day,,,,,,,"ps96:1-2a,2b-3,7-8a,10","Ps 96:1-2a, 2b-3, 7-8a, 10",Proclaim God’s marvellous deeds to all the nations.,,ps96_1_2a_2b_3_7_8a_10,Catholic Daily RSVCE,8,verified-fallback
ng:usage:8d55b6a22533ff409f93,NG,celebration,john_leonardi,day,,,,,,,"ps103:1-2,3-4,8-9,13-14,17-18a","Ps 103:1-2, 3-4, 8-9, 13-14, 17-18a","O bless the Lord, my soul!",,local_rsvce:expanded:a23963e8ba7768b2,Catholic Daily RSVCE,9,verified-fallback
ng:usage:109e9ff9a50c1c6eda92,NG,celebration,john_leonardi,day,,,,,,,"ps112:1-2,3-4,5-6,7-8,9","Ps 112:1-2, 3-4, 5-6, 7-8, 9",Happy are those who fear the Lord.,,local_rsvce:expanded:a2598f66f2117110,Catholic Daily RSVCE,10,verified-fallback
ng:usage:55540118b8648ff3ee83,NG,celebration,john_leonardi,day,,,,,,,"ps112:1-2,5-6,7-8,9","Ps 112:1-2, 5-6, 7-8, 9",Happy are those who fear the Lord.,,ps112_1_2_5_6_7_8_9,Catholic Daily RSVCE,11,verified-fallback
ng:usage:93521e98e10c450ef521,NG,celebration,john_leonardi,day,,,,,,,"ps126:1-2ab,2bc-3,4-5,6","Ps 126:1-2ab, 2bc-3, 4-5, 6",Those who sow in tears shall reap with shouts of joy.,,ps126_1_2ab_2bc_3_4_5_6,Catholic Daily RSVCE,12,verified-fallback
ng:usage:9fb2cdb84d7e4ea9bba8,NG,celebration,john_leonardi,day,,,,,,,"ps128:1-2,3-4,5-6","Ps 128:1-2, 3-4, 5-6",Happy are those who fear the Lord.,,local_rsvce:expanded:4115d7f061b9dec9,Catholic Daily RSVCE,13,verified-fallback
ng:usage:5977d65205b21d263f08,NG,celebration,john_leonardi,day,,,,,,,"ps131:1,2-3a","Ps 131:1, 2-3a","In you, Lord, I have found my peace.",,local_rsvce:expanded:c554d668e32bfa75,Catholic Daily RSVCE,14,verified-fallback
ng:usage:8502ff44f8bb8cc4de21,NG,celebration,john_leonardi,day,,,,,,,"ps15:1a+2-3a,3b-4ab,5","Ps 15:1a+2-3a, 3b-4ab, 5","The just shall live on your holy mountain, O Lord.",,local_rsvce:expanded:d8a4c685fc2a8ecd,Catholic Daily RSVCE,15,verified-fallback
ng:usage:909c954eb3373a6204ba,NG,celebration,john_leonardi,day,,,,,,,"ps15:1a,2-3a,3b-4ab,5","Ps 15:1a, 2-3a, 3b-4ab, 5","The just shall live on your holy mountain, O Lord.",,local_rsvce:expanded:b2b47e3b4171ad7b,Catholic Daily RSVCE,16,verified-fallback
ng:usage:7f2a7bc2e195a9eac6a7,NG,celebration,john_leonardi,day,,,,,,,"ps16:1-2a+5,7-8,11","Ps 16:1-2a+5, 7-8, 11","You are my inheritance, O Lord.",,ps16_1_2a_5_7_8_11,Catholic Daily RSVCE,17,verified-fallback
ng:usage:3f831ff6fe4eafb2caa3,NG,celebration,john_leonardi,day,,,,,,,"ps1:1-2,3,4-6","Ps 1:1-2, 3, 4-6",Happy are they who delight in the law of the Lord.,,local_rsvce:expanded:1add7841ef32e023,Catholic Daily RSVCE,18,verified-fallback
ng:usage:259267d34d3ad620c972,NG,celebration,john_leonardi,day,,,,,,,"ps34:1-2,3-4,5-6,7-8,9-10","Ps 34:1-2, 3-4, 5-6, 7-8, 9-10",I will bless the Lord at all times.,,local_rsvce:expanded:080f8764f6955b45,Catholic Daily RSVCE,19,verified-fallback
ng:usage:d16f2e542d0db75c43f0,NG,celebration,john_leonardi,day,,,,,,,"ps34:1-2,3-4,5-6,7-8,9-10","Ps 34:1-2, 3-4, 5-6, 7-8, 9-10",Taste and see the goodness of the Lord.,,local_rsvce:expanded:080f8764f6955b45,Catholic Daily RSVCE,20,verified-fallback
ng:usage:6f2f0be32d45bb779a94,NG,celebration,john_of_avila,day,,,,,,,"ps106:19-20,21-22,23","Ps 106:19-20, 21-22, 23","Lord, remember us, for the love you bear your people.",,ps106_19_20_21_22_23,Catholic Daily RSVCE,1,verified-fallback
ng:usage:2fbada81a11c50c7921e,NG,celebration,john_of_avila,day,,,,,,,"ps110:1-2,3,4","Ps 110:1-2, 3, 4","You are a priest for ever, in the line of Melchizedek.",,local_rsvce:expanded:9147f45b3f3d63c3,Catholic Daily RSVCE,2,verified-fallback
ng:usage:dbec2111b00a2694db5a,NG,celebration,john_of_avila,day,,,,,,,"ps117:1,2","Ps 117:1, 2",Go out to all the world and tell the good news.,,ng:reconstructed:73d92e286a6fb381,Catholic Missal for Nigeria,3,verified
ng:usage:5071363a65e33d7ee003,NG,celebration,john_of_avila,day,,,,,,,"ps16:1-2a1-2a+5,7-8,11","Ps 16:1-2a1-2a+5, 7-8, 11","You are my inheritance, O Lord.",,local_rsvce:expanded:acdd2b509ed6230c,Catholic Daily RSVCE,4,verified-fallback
ng:usage:09f54606a5a9e62d660c,NG,celebration,john_of_avila,day,,,,,,,"ps23:1-3a,3b-4,5,6","Ps 23:1-3a, 3b-4, 5, 6",The Lord is my shepherd; there is nothing I shall want.,2026-03-15,ng:2026-03-15:responsorial-psalm:1,Catholic Missal for Nigeria,5,verified
ng:usage:c746b9fb2296364b3df7,NG,celebration,john_of_avila,day,,,,,,,"ps40:1+3ab,6,7-8,9","Ps 40:1+3ab, 6, 7-8, 9","Here am I, Lord; I come to do your will.",,local_rsvce:expanded:a6f3121c52e20e28,Catholic Daily RSVCE,6,verified-fallback
ng:usage:d8793321a0ffc2807942,NG,celebration,john_of_avila,day,,,,,,,"ps89:1-2,3-4,20-21,24+26","Ps 89:1-2, 3-4, 20-21, 24+26",For ever I will sing the goodness of the Lord.,,local_rsvce:expanded:556f9b30cb1e8359,Catholic Daily RSVCE,7,verified-fallback
ng:usage:c1c58ce94f821ccab065,NG,celebration,john_of_avila,day,,,,,,,"ps96:1-2a,2b-3,7-8a,10","Ps 96:1-2a, 2b-3, 7-8a, 10",Proclaim God’s marvellous deeds to all the nations.,,ps96_1_2a_2b_3_7_8a_10,Catholic Daily RSVCE,8,verified-fallback
ng:usage:6c820cebb39898e8b9ff,NG,celebration,john_of_capistrano,day,,,,,,,"ps106:19-20,21-22,23","Ps 106:19-20, 21-22, 23","Lord, remember us, for the love you bear your people.",,ps106_19_20_21_22_23,Catholic Daily RSVCE,1,verified-fallback
ng:usage:01b2d5a4443d0bb53010,NG,celebration,john_of_capistrano,day,,,,,,,"ps110:1-2,3,4","Ps 110:1-2, 3, 4","You are a priest for ever, in the line of Melchizedek.",,local_rsvce:expanded:9147f45b3f3d63c3,Catholic Daily RSVCE,2,verified-fallback
ng:usage:a60a176b80e7e55d6450,NG,celebration,john_of_capistrano,day,,,,,,,"ps117:1,2","Ps 117:1, 2",Go out to all the world and tell the good news.,,ng:reconstructed:73d92e286a6fb381,Catholic Missal for Nigeria,3,verified
ng:usage:13a6d06d857a64e8aaa3,NG,celebration,john_of_capistrano,day,,,,,,,"ps16:1-2a1-2a+5,7-8,11","Ps 16:1-2a1-2a+5, 7-8, 11","You are my inheritance, O Lord.",,local_rsvce:expanded:acdd2b509ed6230c,Catholic Daily RSVCE,4,verified-fallback
ng:usage:3431c619cf1d5a3c05d3,NG,celebration,john_of_capistrano,day,,,,,,,"ps23:1-3a,3b-4,5,6","Ps 23:1-3a, 3b-4, 5, 6",The Lord is my shepherd; there is nothing I shall want.,2026-03-15,ng:2026-03-15:responsorial-psalm:1,Catholic Missal for Nigeria,5,verified
ng:usage:a5fbaf102d9af6ea87ad,NG,celebration,john_of_capistrano,day,,,,,,,"ps40:1+3ab,6,7-8,9","Ps 40:1+3ab, 6, 7-8, 9","Here am I, Lord; I come to do your will.",,local_rsvce:expanded:a6f3121c52e20e28,Catholic Daily RSVCE,6,verified-fallback
ng:usage:77867cce3d56eebb73e1,NG,celebration,john_of_capistrano,day,,,,,,,"ps89:1-2,3-4,20-21,24+26","Ps 89:1-2, 3-4, 20-21, 24+26",For ever I will sing the goodness of the Lord.,,local_rsvce:expanded:556f9b30cb1e8359,Catholic Daily RSVCE,7,verified-fallback
ng:usage:906135b805fc6c8ba5d4,NG,celebration,john_of_capistrano,day,,,,,,,"ps96:1-2a,2b-3,7-8a,10","Ps 96:1-2a, 2b-3, 7-8a, 10",Proclaim God’s marvellous deeds to all the nations.,,ps96_1_2a_2b_3_7_8a_10,Catholic Daily RSVCE,8,verified-fallback
ng:usage:484eadfe912c5aefaf20,NG,celebration,john_of_capistrano,day,,,,,,,"ps103:1-2,3-4,8-9,13-14,17-18a","Ps 103:1-2, 3-4, 8-9, 13-14, 17-18a","O bless the Lord, my soul!",,local_rsvce:expanded:a23963e8ba7768b2,Catholic Daily RSVCE,9,verified-fallback
ng:usage:d6b53d55eef9b4962478,NG,celebration,john_of_capistrano,day,,,,,,,"ps112:1-2,3-4,5-6,7-8,9","Ps 112:1-2, 3-4, 5-6, 7-8, 9",Happy are those who fear the Lord.,,local_rsvce:expanded:a2598f66f2117110,Catholic Daily RSVCE,10,verified-fallback
ng:usage:4bb91735f3c8799b700e,NG,celebration,john_of_capistrano,day,,,,,,,"ps112:1-2,5-6,7-8,9","Ps 112:1-2, 5-6, 7-8, 9",Happy are those who fear the Lord.,,ps112_1_2_5_6_7_8_9,Catholic Daily RSVCE,11,verified-fallback
ng:usage:39e69e3f634c5deb7f06,NG,celebration,john_of_capistrano,day,,,,,,,"ps126:1-2ab,2bc-3,4-5,6","Ps 126:1-2ab, 2bc-3, 4-5, 6",Those who sow in tears shall reap with shouts of joy.,,ps126_1_2ab_2bc_3_4_5_6,Catholic Daily RSVCE,12,verified-fallback
ng:usage:1621e34fd7de7c551cdb,NG,celebration,john_of_capistrano,day,,,,,,,"ps128:1-2,3-4,5-6","Ps 128:1-2, 3-4, 5-6",Happy are those who fear the Lord.,,local_rsvce:expanded:4115d7f061b9dec9,Catholic Daily RSVCE,13,verified-fallback
ng:usage:83429c18222f2cbadabe,NG,celebration,john_of_capistrano,day,,,,,,,"ps131:1,2-3a","Ps 131:1, 2-3a","In you, Lord, I have found my peace.",,local_rsvce:expanded:c554d668e32bfa75,Catholic Daily RSVCE,14,verified-fallback
ng:usage:853a5a5d2fbba4d3a185,NG,celebration,john_of_capistrano,day,,,,,,,"ps15:1a+2-3a,3b-4ab,5","Ps 15:1a+2-3a, 3b-4ab, 5","The just shall live on your holy mountain, O Lord.",,local_rsvce:expanded:d8a4c685fc2a8ecd,Catholic Daily RSVCE,15,verified-fallback
ng:usage:4d1e11000218b516771e,NG,celebration,john_of_capistrano,day,,,,,,,"ps15:1a,2-3a,3b-4ab,5","Ps 15:1a, 2-3a, 3b-4ab, 5","The just shall live on your holy mountain, O Lord.",,local_rsvce:expanded:b2b47e3b4171ad7b,Catholic Daily RSVCE,16,verified-fallback
ng:usage:88f016dc867d0aa1d05c,NG,celebration,john_of_capistrano,day,,,,,,,"ps16:1-2a+5,7-8,11","Ps 16:1-2a+5, 7-8, 11","You are my inheritance, O Lord.",,ps16_1_2a_5_7_8_11,Catholic Daily RSVCE,17,verified-fallback
ng:usage:78ce1b4788b3174fa2f8,NG,celebration,john_of_capistrano,day,,,,,,,"ps1:1-2,3,4-6","Ps 1:1-2, 3, 4-6",Happy are they who delight in the law of the Lord.,,local_rsvce:expanded:1add7841ef32e023,Catholic Daily RSVCE,18,verified-fallback
ng:usage:22c4a5cf736718b7c3b9,NG,celebration,john_of_capistrano,day,,,,,,,"ps34:1-2,3-4,5-6,7-8,9-10","Ps 34:1-2, 3-4, 5-6, 7-8, 9-10",I will bless the Lord at all times.,,local_rsvce:expanded:080f8764f6955b45,Catholic Daily RSVCE,19,verified-fallback
ng:usage:eb8a99d51cdc7b5976b3,NG,celebration,john_of_capistrano,day,,,,,,,"ps34:1-2,3-4,5-6,7-8,9-10","Ps 34:1-2, 3-4, 5-6, 7-8, 9-10",Taste and see the goodness of the Lord.,,local_rsvce:expanded:080f8764f6955b45,Catholic Daily RSVCE,20,verified-fallback
ng:usage:2a4268d34550be405cbe,NG,celebration,john_of_god,day,,,,,,,"ps103:1-2,3-4,8-9,13-14,17-18a","Ps 103:1-2, 3-4, 8-9, 13-14, 17-18a","O bless the Lord, my soul!",,local_rsvce:expanded:a23963e8ba7768b2,Catholic Daily RSVCE,1,verified-fallback
ng:usage:6eea191d5bb45de860e0,NG,celebration,john_of_god,day,,,,,,,"ps112:1-2,3-4,5-6,7-8,9","Ps 112:1-2, 3-4, 5-6, 7-8, 9",Happy are those who fear the Lord.,,local_rsvce:expanded:a2598f66f2117110,Catholic Daily RSVCE,2,verified-fallback
ng:usage:e16704403600a0d25857,NG,celebration,john_of_god,day,,,,,,,"ps112:1-2,5-6,7-8,9","Ps 112:1-2, 5-6, 7-8, 9",Happy are those who fear the Lord.,,ps112_1_2_5_6_7_8_9,Catholic Daily RSVCE,3,verified-fallback
ng:usage:39e744f0024fa0334620,NG,celebration,john_of_god,day,,,,,,,"ps126:1-2ab,2bc-3,4-5,6","Ps 126:1-2ab, 2bc-3, 4-5, 6",Those who sow in tears shall reap with shouts of joy.,,ps126_1_2ab_2bc_3_4_5_6,Catholic Daily RSVCE,4,verified-fallback
ng:usage:a1bcd19c5c13350c0600,NG,celebration,john_of_god,day,,,,,,,"ps128:1-2,3-4,5-6","Ps 128:1-2, 3-4, 5-6",Happy are those who fear the Lord.,,local_rsvce:expanded:4115d7f061b9dec9,Catholic Daily RSVCE,5,verified-fallback
ng:usage:d4d79436f66161ae6c2b,NG,celebration,john_of_god,day,,,,,,,"ps131:1,2-3a","Ps 131:1, 2-3a","In you, Lord, I have found my peace.",,local_rsvce:expanded:c554d668e32bfa75,Catholic Daily RSVCE,6,verified-fallback
ng:usage:69ae155c6b0a87a763e1,NG,celebration,john_of_god,day,,,,,,,"ps15:1a+2-3a,3b-4ab,5","Ps 15:1a+2-3a, 3b-4ab, 5","The just shall live on your holy mountain, O Lord.",,local_rsvce:expanded:d8a4c685fc2a8ecd,Catholic Daily RSVCE,7,verified-fallback
ng:usage:e294de1f000eb213ef98,NG,celebration,john_of_god,day,,,,,,,"ps15:1a,2-3a,3b-4ab,5","Ps 15:1a, 2-3a, 3b-4ab, 5","The just shall live on your holy mountain, O Lord.",,local_rsvce:expanded:b2b47e3b4171ad7b,Catholic Daily RSVCE,8,verified-fallback
ng:usage:dc99a60d0180901d0706,NG,celebration,john_of_god,day,,,,,,,"ps16:1-2a+5,7-8,11","Ps 16:1-2a+5, 7-8, 11","You are my inheritance, O Lord.",,ps16_1_2a_5_7_8_11,Catholic Daily RSVCE,9,verified-fallback
ng:usage:befe8444679e8f4fbd6e,NG,celebration,john_of_god,day,,,,,,,"ps1:1-2,3,4-6","Ps 1:1-2, 3, 4-6",Happy are they who delight in the law of the Lord.,,local_rsvce:expanded:1add7841ef32e023,Catholic Daily RSVCE,10,verified-fallback
ng:usage:753d96ccca7e39f069ad,NG,celebration,john_of_god,day,,,,,,,"ps23:1-3a,3b-4,5,6","Ps 23:1-3a, 3b-4, 5, 6",The Lord is my shepherd; there is nothing I shall want.,2026-03-15,ng:2026-03-15:responsorial-psalm:1,Catholic Missal for Nigeria,11,verified
ng:usage:b45376598ec04be739b2,NG,celebration,john_of_god,day,,,,,,,"ps34:1-2,3-4,5-6,7-8,9-10","Ps 34:1-2, 3-4, 5-6, 7-8, 9-10",I will bless the Lord at all times.,,local_rsvce:expanded:080f8764f6955b45,Catholic Daily RSVCE,12,verified-fallback
ng:usage:d729dcd7f99304559971,NG,celebration,john_of_god,day,,,,,,,"ps34:1-2,3-4,5-6,7-8,9-10","Ps 34:1-2, 3-4, 5-6, 7-8, 9-10",Taste and see the goodness of the Lord.,,local_rsvce:expanded:080f8764f6955b45,Catholic Daily RSVCE,13,verified-fallback
ng:usage:428c34331e9859fcaccb,NG,celebration,john_of_kanty,day,,,,,,,"ps106:19-20,21-22,23","Ps 106:19-20, 21-22, 23","Lord, remember us, for the love you bear your people.",,ps106_19_20_21_22_23,Catholic Daily RSVCE,1,verified-fallback
ng:usage:a34b76138ff58b9e7f84,NG,celebration,john_of_kanty,day,,,,,,,"ps110:1-2,3,4","Ps 110:1-2, 3, 4","You are a priest for ever, in the line of Melchizedek.",,local_rsvce:expanded:9147f45b3f3d63c3,Catholic Daily RSVCE,2,verified-fallback
ng:usage:e2ed7562bd2a77f7eb2f,NG,celebration,john_of_kanty,day,,,,,,,"ps117:1,2","Ps 117:1, 2",Go out to all the world and tell the good news.,,ng:reconstructed:73d92e286a6fb381,Catholic Missal for Nigeria,3,verified
ng:usage:cf1331ecd41e31119335,NG,celebration,john_of_kanty,day,,,,,,,"ps16:1-2a1-2a+5,7-8,11","Ps 16:1-2a1-2a+5, 7-8, 11","You are my inheritance, O Lord.",,local_rsvce:expanded:acdd2b509ed6230c,Catholic Daily RSVCE,4,verified-fallback
ng:usage:9db7d31d7e8b1a4f4673,NG,celebration,john_of_kanty,day,,,,,,,"ps23:1-3a,3b-4,5,6","Ps 23:1-3a, 3b-4, 5, 6",The Lord is my shepherd; there is nothing I shall want.,2026-03-15,ng:2026-03-15:responsorial-psalm:1,Catholic Missal for Nigeria,5,verified
ng:usage:33e95b58ed5aac8f5d47,NG,celebration,john_of_kanty,day,,,,,,,"ps40:1+3ab,6,7-8,9","Ps 40:1+3ab, 6, 7-8, 9","Here am I, Lord; I come to do your will.",,local_rsvce:expanded:a6f3121c52e20e28,Catholic Daily RSVCE,6,verified-fallback
ng:usage:c56a66549e3b98142f58,NG,celebration,john_of_kanty,day,,,,,,,"ps89:1-2,3-4,20-21,24+26","Ps 89:1-2, 3-4, 20-21, 24+26",For ever I will sing the goodness of the Lord.,,local_rsvce:expanded:556f9b30cb1e8359,Catholic Daily RSVCE,7,verified-fallback
ng:usage:4f15c2eb52f8686a74e0,NG,celebration,john_of_kanty,day,,,,,,,"ps96:1-2a,2b-3,7-8a,10","Ps 96:1-2a, 2b-3, 7-8a, 10",Proclaim God’s marvellous deeds to all the nations.,,ps96_1_2a_2b_3_7_8a_10,Catholic Daily RSVCE,8,verified-fallback
ng:usage:76f9b7372a2899fb9f03,NG,celebration,john_paul_ii_pope,day,,,,,,,"ps16:1-2,5,7-8,11","Ps 16:1-2, 5, 7-8, 11","You are my inheritance, O Lord.",,local_rsvce:expanded:73f3c49ad4fa62f1,Catholic Daily RSVCE,1,verified-fallback
ng:usage:b2f3446df79ec458446b,NG,celebration,john_xxiii_pope,day,,,,,,,ps23:1-6,Ps 23:1-6,The Lord is my shepherd; there is nothing I shall want.,,local_rsvce:expanded:62d405f933e4c668,Catholic Daily RSVCE,1,verified-fallback
ng:usage:97e5c142e84560934451,NG,celebration,joseph_of_calasanz,day,,,,,,,"ps103:1-2,3-4,8-9,13-14,17-18a","Ps 103:1-2, 3-4, 8-9, 13-14, 17-18a","O bless the Lord, my soul!",,local_rsvce:expanded:a23963e8ba7768b2,Catholic Daily RSVCE,1,verified-fallback
ng:usage:fe9324c3475aa5c9d530,NG,celebration,joseph_of_calasanz,day,,,,,,,"ps112:1-2,3-4,5-6,7-8,9","Ps 112:1-2, 3-4, 5-6, 7-8, 9",Happy are those who fear the Lord.,,local_rsvce:expanded:a2598f66f2117110,Catholic Daily RSVCE,2,verified-fallback
ng:usage:deb2fd36aa87a261f758,NG,celebration,joseph_of_calasanz,day,,,,,,,"ps112:1-2,5-6,7-8,9","Ps 112:1-2, 5-6, 7-8, 9",Happy are those who fear the Lord.,,ps112_1_2_5_6_7_8_9,Catholic Daily RSVCE,3,verified-fallback
ng:usage:33174abd6318ab3ab349,NG,celebration,joseph_of_calasanz,day,,,,,,,"ps126:1-2ab,2bc-3,4-5,6","Ps 126:1-2ab, 2bc-3, 4-5, 6",Those who sow in tears shall reap with shouts of joy.,,ps126_1_2ab_2bc_3_4_5_6,Catholic Daily RSVCE,4,verified-fallback
ng:usage:94308fc9964b308fd48a,NG,celebration,joseph_of_calasanz,day,,,,,,,"ps128:1-2,3-4,5-6","Ps 128:1-2, 3-4, 5-6",Happy are those who fear the Lord.,,local_rsvce:expanded:4115d7f061b9dec9,Catholic Daily RSVCE,5,verified-fallback
ng:usage:ed23c7dabf568cb7eed5,NG,celebration,joseph_of_calasanz,day,,,,,,,"ps131:1,2-3a","Ps 131:1, 2-3a","In you, Lord, I have found my peace.",,local_rsvce:expanded:c554d668e32bfa75,Catholic Daily RSVCE,6,verified-fallback
ng:usage:747fc7f91970346a505b,NG,celebration,joseph_of_calasanz,day,,,,,,,"ps15:1a+2-3a,3b-4ab,5","Ps 15:1a+2-3a, 3b-4ab, 5","The just shall live on your holy mountain, O Lord.",,local_rsvce:expanded:d8a4c685fc2a8ecd,Catholic Daily RSVCE,7,verified-fallback
ng:usage:3a28b04594e606f86c01,NG,celebration,joseph_of_calasanz,day,,,,,,,"ps15:1a,2-3a,3b-4ab,5","Ps 15:1a, 2-3a, 3b-4ab, 5","The just shall live on your holy mountain, O Lord.",,local_rsvce:expanded:b2b47e3b4171ad7b,Catholic Daily RSVCE,8,verified-fallback
ng:usage:203d891ee361e2483605,NG,celebration,joseph_of_calasanz,day,,,,,,,"ps16:1-2a+5,7-8,11","Ps 16:1-2a+5, 7-8, 11","You are my inheritance, O Lord.",,ps16_1_2a_5_7_8_11,Catholic Daily RSVCE,9,verified-fallback
ng:usage:db60b515a7aea0d99a50,NG,celebration,joseph_of_calasanz,day,,,,,,,"ps1:1-2,3,4-6","Ps 1:1-2, 3, 4-6",Happy are they who delight in the law of the Lord.,,local_rsvce:expanded:1add7841ef32e023,Catholic Daily RSVCE,10,verified-fallback
ng:usage:f04f1a34bc97819ee779,NG,celebration,joseph_of_calasanz,day,,,,,,,"ps23:1-3a,3b-4,5,6","Ps 23:1-3a, 3b-4, 5, 6",The Lord is my shepherd; there is nothing I shall want.,2026-03-15,ng:2026-03-15:responsorial-psalm:1,Catholic Missal for Nigeria,11,verified
ng:usage:1a18908ed75c61cf1a3d,NG,celebration,joseph_of_calasanz,day,,,,,,,"ps34:1-2,3-4,5-6,7-8,9-10","Ps 34:1-2, 3-4, 5-6, 7-8, 9-10",I will bless the Lord at all times.,,local_rsvce:expanded:080f8764f6955b45,Catholic Daily RSVCE,12,verified-fallback
ng:usage:7e08d0828c3a50b88ee6,NG,celebration,joseph_of_calasanz,day,,,,,,,"ps34:1-2,3-4,5-6,7-8,9-10","Ps 34:1-2, 3-4, 5-6, 7-8, 9-10",Taste and see the goodness of the Lord.,,local_rsvce:expanded:080f8764f6955b45,Catholic Daily RSVCE,13,verified-fallback
ng:usage:23678e6e0122f0a36a93,NG,celebration,joseph_the_worker,day,,,,,,,"ps90:2-4,12-14,16","Ps 90:2-4, 12-14, 16","Lord, give success to the work of our hands.",,local_rsvce:expanded:6b371763b250e6fa,Catholic Daily RSVCE,1,verified-fallback
ng:usage:a960b51c76a09c4b4884,NG,celebration,josephine_bakhita,day,,,,,,,"ps148:1-2,11-13a,13c-14","Ps 148:1-2, 11-13a, 13c-14","Young men and women,",,local_rsvce:expanded:29e4357bb27cb4e9,Catholic Daily RSVCE,1,verified-fallback
ng:usage:e428eab9d1c9312e065a,NG,celebration,josephine_bakhita,day,,,,,,,"ps45:10-11,13b-14,15-16","Ps 45:10-11, 13b-14, 15-16",The bridegroom is here;,,ps45_10_11_13b_14_15_16,Catholic Daily RSVCE,2,verified-fallback
ng:usage:e43fad6ba525dad3a6a3,NG,celebration,juan_diego,day,,,,,,,"ps103:1-2,3-4,8-9,13-14,17-18a","Ps 103:1-2, 3-4, 8-9, 13-14, 17-18a","O bless the Lord, my soul!",,local_rsvce:expanded:a23963e8ba7768b2,Catholic Daily RSVCE,1,verified-fallback
ng:usage:f0b06ea0baafec251083,NG,celebration,juan_diego,day,,,,,,,"ps112:1-2,3-4,5-6,7-8,9","Ps 112:1-2, 3-4, 5-6, 7-8, 9",Happy are those who fear the Lord.,,local_rsvce:expanded:a2598f66f2117110,Catholic Daily RSVCE,2,verified-fallback
ng:usage:4f5321d71ae0e4ce4cd6,NG,celebration,juan_diego,day,,,,,,,"ps112:1-2,5-6,7-8,9","Ps 112:1-2, 5-6, 7-8, 9",Happy are those who fear the Lord.,,ps112_1_2_5_6_7_8_9,Catholic Daily RSVCE,3,verified-fallback
ng:usage:b239530d9a5ffee5683a,NG,celebration,juan_diego,day,,,,,,,"ps126:1-2ab,2bc-3,4-5,6","Ps 126:1-2ab, 2bc-3, 4-5, 6",Those who sow in tears shall reap with shouts of joy.,,ps126_1_2ab_2bc_3_4_5_6,Catholic Daily RSVCE,4,verified-fallback
ng:usage:464f951bba58495c5809,NG,celebration,juan_diego,day,,,,,,,"ps128:1-2,3-4,5-6","Ps 128:1-2, 3-4, 5-6",Happy are those who fear the Lord.,,local_rsvce:expanded:4115d7f061b9dec9,Catholic Daily RSVCE,5,verified-fallback
ng:usage:d1c44e970f763b5b5115,NG,celebration,juan_diego,day,,,,,,,"ps131:1,2-3a","Ps 131:1, 2-3a","In you, Lord, I have found my peace.",,local_rsvce:expanded:c554d668e32bfa75,Catholic Daily RSVCE,6,verified-fallback
ng:usage:87525e52b529d469f839,NG,celebration,juan_diego,day,,,,,,,"ps15:1a+2-3a,3b-4ab,5","Ps 15:1a+2-3a, 3b-4ab, 5","The just shall live on your holy mountain, O Lord.",,local_rsvce:expanded:d8a4c685fc2a8ecd,Catholic Daily RSVCE,7,verified-fallback
ng:usage:8eab47682d641cabf061,NG,celebration,juan_diego,day,,,,,,,"ps15:1a,2-3a,3b-4ab,5","Ps 15:1a, 2-3a, 3b-4ab, 5","The just shall live on your holy mountain, O Lord.",,local_rsvce:expanded:b2b47e3b4171ad7b,Catholic Daily RSVCE,8,verified-fallback
ng:usage:84ba2bf55716f16f9e6c,NG,celebration,juan_diego,day,,,,,,,"ps16:1-2a+5,7-8,11","Ps 16:1-2a+5, 7-8, 11","You are my inheritance, O Lord.",,ps16_1_2a_5_7_8_11,Catholic Daily RSVCE,9,verified-fallback
ng:usage:a84c8a42e851b45778db,NG,celebration,juan_diego,day,,,,,,,"ps1:1-2,3,4-6","Ps 1:1-2, 3, 4-6",Happy are they who delight in the law of the Lord.,,local_rsvce:expanded:1add7841ef32e023,Catholic Daily RSVCE,10,verified-fallback
ng:usage:818edf2b9f2016189b8f,NG,celebration,juan_diego,day,,,,,,,"ps23:1-3a,3b-4,5,6","Ps 23:1-3a, 3b-4, 5, 6",The Lord is my shepherd; there is nothing I shall want.,2026-03-15,ng:2026-03-15:responsorial-psalm:1,Catholic Missal for Nigeria,11,verified
ng:usage:0540c7b34a0882bf801f,NG,celebration,juan_diego,day,,,,,,,"ps34:1-2,3-4,5-6,7-8,9-10","Ps 34:1-2, 3-4, 5-6, 7-8, 9-10",I will bless the Lord at all times.,,local_rsvce:expanded:080f8764f6955b45,Catholic Daily RSVCE,12,verified-fallback
ng:usage:71ee8b87e85e8b982b7b,NG,celebration,juan_diego,day,,,,,,,"ps34:1-2,3-4,5-6,7-8,9-10","Ps 34:1-2, 3-4, 5-6, 7-8, 9-10",Taste and see the goodness of the Lord.,,local_rsvce:expanded:080f8764f6955b45,Catholic Daily RSVCE,13,verified-fallback
ng:usage:bc1d8b7cda2ed7719e21,NG,celebration,lawrence_of_brindisi,day,,,,,,,"ps119:9-10,11-12,13-14","Ps 119:9-10, 11-12, 13-14","Lord, teach me your decrees.",,ps119_9_10_11_12_13_14,Catholic Daily RSVCE,1,verified-fallback
ng:usage:fed710c42a088d28d62f,NG,celebration,lawrence_of_brindisi,day,,,,,,,"ps19:7,8,9,10","Ps 19:7, 8, 9, 10","The judgments of the Lord are true, and all of them are just.",,ps19_7_8_9_10,Catholic Daily RSVCE,2,verified-fallback
ng:usage:81b802786f41e9ffbfde,NG,celebration,lawrence_of_brindisi,day,,,,,,,"ps37:3-4,5-6,30-31","Ps 37:3-4, 5-6, 30-31",The mouths of the just murmur wisdom.,,ng:reconstructed:8c4665aa51293035,Catholic Missal for Nigeria,3,verified
ng:usage:61d83a80a1e92943cd89,NG,celebration,lawrence_of_rome_deacon,day,,,,,,,"ps112:1b-2,5-6,7-8,9","Ps 112:1b-2, 5-6, 7-8, 9",It goes well for the man who deals generously and lends.,2026-08-10,ng:2026-08-10:responsorial-psalm:1,Catholic Missal for Nigeria,1,verified
ng:usage:683f6b49368db1094e89,NG,celebration,lawrence_of_rome_deacon,day,,,,,,,"ps112:1-2,5-6,7-8,9","Ps 112:1-2, 5-6, 7-8, 9",It goes well for the man who deals generously and lends.,,ps112_1_2_5_6_7_8_9,Catholic Daily RSVCE,2,verified-fallback
ng:usage:9eeb9359552083b554fd,NG,celebration,lawrence_of_rome_deacon,day,,,,,,,"ps112:1-2,5-9","Ps 112:1-2, 5-9",Blessed the man who is gracious and lends to those in need.,,local_rsvce:expanded:0f96e4c0b01e5505,Catholic Daily RSVCE,3,verified-fallback
ng:usage:498bef25c8cc96e05865,NG,celebration,lawrence_ruiz,day,,,,,,,"ps124:2-3,4-5,7b-8","Ps 124:2-3, 4-5, 7b-8",Our soul has escaped like a bird from the hunter’s net.,,ps124_2_3_4_5_7b_8,Catholic Daily RSVCE,1,verified-fallback
ng:usage:146e3356e8bbf8dd1671,NG,celebration,lawrence_ruiz,day,,,,,,,"ps126:1-2ab,2bc-3,4-5,6","Ps 126:1-2ab, 2bc-3, 4-5, 6",Those who sow in tears shall reap with shouts of joy.,,ps126_1_2ab_2bc_3_4_5_6,Catholic Daily RSVCE,2,verified-fallback
ng:usage:e8b6316b56b192caf991,NG,celebration,lawrence_ruiz,day,,,,,,,"ps31:2cd-3ab,5+7ab,15bc-16","Ps 31:2cd-3ab, 5+7ab, 15bc-16","Into your hands, O Lord, I entrust my spirit.",,ps31_2cd_3ab_5_7ab_15bc_16,Catholic Daily RSVCE,3,verified-fallback
ng:usage:33efd01e47a854ebbf71,NG,celebration,lawrence_ruiz,day,,,,,,,"ps34:1-2,3-4,5-6,7-8","Ps 34:1-2, 3-4, 5-6, 7-8",The Lord set me free from all my fears.,,ps34_1_2_3_4_5_6_7_8,Catholic Daily RSVCE,4,verified-fallback
ng:usage:f6e56386f4402cef2f1e,NG,celebration,louis_grignion_de_montfort,day,,,,,,,"ps106:19-20,21-22,23","Ps 106:19-20, 21-22, 23","Lord, remember us, for the love you bear your people.",,ps106_19_20_21_22_23,Catholic Daily RSVCE,1,verified-fallback
ng:usage:b26bb00fab476666fc0a,NG,celebration,louis_grignion_de_montfort,day,,,,,,,"ps110:1-2,3,4","Ps 110:1-2, 3, 4","You are a priest for ever, in the line of Melchizedek.",,local_rsvce:expanded:9147f45b3f3d63c3,Catholic Daily RSVCE,2,verified-fallback
ng:usage:e14ce7dd480a303f1a4c,NG,celebration,louis_grignion_de_montfort,day,,,,,,,"ps117:1,2","Ps 117:1, 2",Go out to all the world and tell the good news.,,ng:reconstructed:73d92e286a6fb381,Catholic Missal for Nigeria,3,verified
ng:usage:561ba2af3a1012ea6a5d,NG,celebration,louis_grignion_de_montfort,day,,,,,,,"ps16:1-2a1-2a+5,7-8,11","Ps 16:1-2a1-2a+5, 7-8, 11","You are my inheritance, O Lord.",,local_rsvce:expanded:acdd2b509ed6230c,Catholic Daily RSVCE,4,verified-fallback
ng:usage:8d1c4f0f76ce1c92435c,NG,celebration,louis_grignion_de_montfort,day,,,,,,,"ps23:1-3a,3b-4,5,6","Ps 23:1-3a, 3b-4, 5, 6",The Lord is my shepherd; there is nothing I shall want.,2026-03-15,ng:2026-03-15:responsorial-psalm:1,Catholic Missal for Nigeria,5,verified
ng:usage:bbdefbd357c3c03c5ab9,NG,celebration,louis_grignion_de_montfort,day,,,,,,,"ps40:1+3ab,6,7-8,9","Ps 40:1+3ab, 6, 7-8, 9","Here am I, Lord; I come to do your will.",,local_rsvce:expanded:a6f3121c52e20e28,Catholic Daily RSVCE,6,verified-fallback
ng:usage:986e63fcb54c5bde8ec3,NG,celebration,louis_grignion_de_montfort,day,,,,,,,"ps89:1-2,3-4,20-21,24+26","Ps 89:1-2, 3-4, 20-21, 24+26",For ever I will sing the goodness of the Lord.,,local_rsvce:expanded:556f9b30cb1e8359,Catholic Daily RSVCE,7,verified-fallback
ng:usage:1139f7cac7e8574e3834,NG,celebration,louis_grignion_de_montfort,day,,,,,,,"ps96:1-2a,2b-3,7-8a,10","Ps 96:1-2a, 2b-3, 7-8a, 10",Proclaim God’s marvellous deeds to all the nations.,,ps96_1_2a_2b_3_7_8a_10,Catholic Daily RSVCE,8,verified-fallback
ng:usage:e49dc7f5b2172bc74f72,NG,celebration,louis_ix_of_france,day,,,,,,,"ps103:1-2,3-4,8-9,13-14,17-18a","Ps 103:1-2, 3-4, 8-9, 13-14, 17-18a","O bless the Lord, my soul!",,local_rsvce:expanded:a23963e8ba7768b2,Catholic Daily RSVCE,1,verified-fallback
ng:usage:36487685dbf69a193942,NG,celebration,louis_ix_of_france,day,,,,,,,"ps112:1-2,3-4,5-6,7-8,9","Ps 112:1-2, 3-4, 5-6, 7-8, 9",Happy are those who fear the Lord.,,local_rsvce:expanded:a2598f66f2117110,Catholic Daily RSVCE,2,verified-fallback
ng:usage:cb04d8319c38012a29e0,NG,celebration,louis_ix_of_france,day,,,,,,,"ps112:1-2,5-6,7-8,9","Ps 112:1-2, 5-6, 7-8, 9",Happy are those who fear the Lord.,,ps112_1_2_5_6_7_8_9,Catholic Daily RSVCE,3,verified-fallback
ng:usage:08f16434ac1544c31413,NG,celebration,louis_ix_of_france,day,,,,,,,"ps126:1-2ab,2bc-3,4-5,6","Ps 126:1-2ab, 2bc-3, 4-5, 6",Those who sow in tears shall reap with shouts of joy.,,ps126_1_2ab_2bc_3_4_5_6,Catholic Daily RSVCE,4,verified-fallback
ng:usage:92a1489d3668d2f03e86,NG,celebration,louis_ix_of_france,day,,,,,,,"ps128:1-2,3-4,5-6","Ps 128:1-2, 3-4, 5-6",Happy are those who fear the Lord.,,local_rsvce:expanded:4115d7f061b9dec9,Catholic Daily RSVCE,5,verified-fallback
ng:usage:10a09caf3d627c420c17,NG,celebration,louis_ix_of_france,day,,,,,,,"ps131:1,2-3a","Ps 131:1, 2-3a","In you, Lord, I have found my peace.",,local_rsvce:expanded:c554d668e32bfa75,Catholic Daily RSVCE,6,verified-fallback
ng:usage:b6880b2f322ce30aa493,NG,celebration,louis_ix_of_france,day,,,,,,,"ps15:1a+2-3a,3b-4ab,5","Ps 15:1a+2-3a, 3b-4ab, 5","The just shall live on your holy mountain, O Lord.",,local_rsvce:expanded:d8a4c685fc2a8ecd,Catholic Daily RSVCE,7,verified-fallback
ng:usage:bbcf966cf0b7a85261cc,NG,celebration,louis_ix_of_france,day,,,,,,,"ps15:1a,2-3a,3b-4ab,5","Ps 15:1a, 2-3a, 3b-4ab, 5","The just shall live on your holy mountain, O Lord.",,local_rsvce:expanded:b2b47e3b4171ad7b,Catholic Daily RSVCE,8,verified-fallback
ng:usage:91b5760c3da52857c6c1,NG,celebration,louis_ix_of_france,day,,,,,,,"ps16:1-2a+5,7-8,11","Ps 16:1-2a+5, 7-8, 11","You are my inheritance, O Lord.",,ps16_1_2a_5_7_8_11,Catholic Daily RSVCE,9,verified-fallback
ng:usage:49c8bd6970159d5465a7,NG,celebration,louis_ix_of_france,day,,,,,,,"ps1:1-2,3,4-6","Ps 1:1-2, 3, 4-6",Happy are they who delight in the law of the Lord.,,local_rsvce:expanded:1add7841ef32e023,Catholic Daily RSVCE,10,verified-fallback
ng:usage:fd432dac429bd38beae1,NG,celebration,louis_ix_of_france,day,,,,,,,"ps23:1-3a,3b-4,5,6","Ps 23:1-3a, 3b-4, 5, 6",The Lord is my shepherd; there is nothing I shall want.,2026-03-15,ng:2026-03-15:responsorial-psalm:1,Catholic Missal for Nigeria,11,verified
ng:usage:402a9ad4e3cf2121ee5e,NG,celebration,louis_ix_of_france,day,,,,,,,"ps34:1-2,3-4,5-6,7-8,9-10","Ps 34:1-2, 3-4, 5-6, 7-8, 9-10",I will bless the Lord at all times.,,local_rsvce:expanded:080f8764f6955b45,Catholic Daily RSVCE,12,verified-fallback
ng:usage:accab1babfe3ded2e5da,NG,celebration,louis_ix_of_france,day,,,,,,,"ps34:1-2,3-4,5-6,7-8,9-10","Ps 34:1-2, 3-4, 5-6, 7-8, 9-10",Taste and see the goodness of the Lord.,,local_rsvce:expanded:080f8764f6955b45,Catholic Daily RSVCE,13,verified-fallback
ng:usage:d94c4530cd640e699740,NG,celebration,luke_evangelist,day,,,,,,,"ps145:10-13,17-18","Ps 145:10-13, 17-18","Your friends make known, O Lord, the glorious splendor of your kingdom.",,local_rsvce:expanded:ca43673dba4a5f55,Catholic Daily RSVCE,1,verified-fallback
ng:usage:3390aa3df237e9fd0422,NG,celebration,marcellinus_and_peter,day,,,,,,,"ps124:2-3,4-5,7b-8","Ps 124:2-3, 4-5, 7b-8",Our soul has escaped like a bird from the hunter’s net.,,ps124_2_3_4_5_7b_8,Catholic Daily RSVCE,1,verified-fallback
ng:usage:468db9cebca9c016c6fd,NG,celebration,marcellinus_and_peter,day,,,,,,,"ps126:1-2ab,2bc-3,4-5,6","Ps 126:1-2ab, 2bc-3, 4-5, 6",Those who sow in tears shall reap with shouts of joy.,,ps126_1_2ab_2bc_3_4_5_6,Catholic Daily RSVCE,2,verified-fallback
ng:usage:d3689e34d9f0aa6abdcc,NG,celebration,marcellinus_and_peter,day,,,,,,,"ps31:2cd-3ab,5+7ab,15bc-16","Ps 31:2cd-3ab, 5+7ab, 15bc-16","Into your hands, O Lord, I entrust my spirit.",,ps31_2cd_3ab_5_7ab_15bc_16,Catholic Daily RSVCE,3,verified-fallback
ng:usage:928a638e0bdae233e5b9,NG,celebration,marcellinus_and_peter,day,,,,,,,"ps34:1-2,3-4,5-6,7-8","Ps 34:1-2, 3-4, 5-6, 7-8",The Lord set me free from all my fears.,,ps34_1_2_3_4_5_6_7_8,Catholic Daily RSVCE,4,verified-fallback
ng:usage:4437c63f48bb7f9b94e3,NG,celebration,margaret_mary_alacoque,day,,,,,,,"ps148:1-2,11-13a,13c-14","Ps 148:1-2, 11-13a, 13c-14","Young men and women,",,local_rsvce:expanded:29e4357bb27cb4e9,Catholic Daily RSVCE,1,verified-fallback
ng:usage:8f840fecdf9ca9d304e2,NG,celebration,margaret_mary_alacoque,day,,,,,,,"ps45:10-11,13b-14,15-16","Ps 45:10-11, 13b-14, 15-16",The bridegroom is here;,,ps45_10_11_13b_14_15_16,Catholic Daily RSVCE,2,verified-fallback
ng:usage:fbdbb6d62e4299bc6c22,NG,celebration,margaret_of_scotland,day,,,,,,,"ps103:1-2,3-4,8-9,13-14,17-18a","Ps 103:1-2, 3-4, 8-9, 13-14, 17-18a","O bless the Lord, my soul!",,local_rsvce:expanded:a23963e8ba7768b2,Catholic Daily RSVCE,1,verified-fallback
ng:usage:ede8fc7cd24487ba65f3,NG,celebration,margaret_of_scotland,day,,,,,,,"ps112:1-2,3-4,5-6,7-8,9","Ps 112:1-2, 3-4, 5-6, 7-8, 9",Happy are those who fear the Lord.,,local_rsvce:expanded:a2598f66f2117110,Catholic Daily RSVCE,2,verified-fallback
ng:usage:678864ef03e9720e890d,NG,celebration,margaret_of_scotland,day,,,,,,,"ps112:1-2,5-6,7-8,9","Ps 112:1-2, 5-6, 7-8, 9",Happy are those who fear the Lord.,,ps112_1_2_5_6_7_8_9,Catholic Daily RSVCE,3,verified-fallback
ng:usage:df73b8254047cc1fe5d3,NG,celebration,margaret_of_scotland,day,,,,,,,"ps126:1-2ab,2bc-3,4-5,6","Ps 126:1-2ab, 2bc-3, 4-5, 6",Those who sow in tears shall reap with shouts of joy.,,ps126_1_2ab_2bc_3_4_5_6,Catholic Daily RSVCE,4,verified-fallback
ng:usage:1faabd62ec6e1e704d6c,NG,celebration,margaret_of_scotland,day,,,,,,,"ps128:1-2,3-4,5-6","Ps 128:1-2, 3-4, 5-6",Happy are those who fear the Lord.,,local_rsvce:expanded:4115d7f061b9dec9,Catholic Daily RSVCE,5,verified-fallback
ng:usage:7e877c0b915c561d614f,NG,celebration,margaret_of_scotland,day,,,,,,,"ps131:1,2-3a","Ps 131:1, 2-3a","In you, Lord, I have found my peace.",,local_rsvce:expanded:c554d668e32bfa75,Catholic Daily RSVCE,6,verified-fallback
ng:usage:a3df0e151db039906ac4,NG,celebration,margaret_of_scotland,day,,,,,,,"ps15:1a+2-3a,3b-4ab,5","Ps 15:1a+2-3a, 3b-4ab, 5","The just shall live on your holy mountain, O Lord.",,local_rsvce:expanded:d8a4c685fc2a8ecd,Catholic Daily RSVCE,7,verified-fallback
ng:usage:07bdb1de0f4d7fcf48d5,NG,celebration,margaret_of_scotland,day,,,,,,,"ps15:1a,2-3a,3b-4ab,5","Ps 15:1a, 2-3a, 3b-4ab, 5","The just shall live on your holy mountain, O Lord.",,local_rsvce:expanded:b2b47e3b4171ad7b,Catholic Daily RSVCE,8,verified-fallback
ng:usage:46e565c5c586b57d7d9e,NG,celebration,margaret_of_scotland,day,,,,,,,"ps16:1-2a+5,7-8,11","Ps 16:1-2a+5, 7-8, 11","You are my inheritance, O Lord.",,ps16_1_2a_5_7_8_11,Catholic Daily RSVCE,9,verified-fallback
ng:usage:931840ee3ea404192ba5,NG,celebration,margaret_of_scotland,day,,,,,,,"ps1:1-2,3,4-6","Ps 1:1-2, 3, 4-6",Happy are they who delight in the law of the Lord.,,local_rsvce:expanded:1add7841ef32e023,Catholic Daily RSVCE,10,verified-fallback
ng:usage:7228781ac753845289c8,NG,celebration,margaret_of_scotland,day,,,,,,,"ps23:1-3a,3b-4,5,6","Ps 23:1-3a, 3b-4, 5, 6",The Lord is my shepherd; there is nothing I shall want.,2026-03-15,ng:2026-03-15:responsorial-psalm:1,Catholic Missal for Nigeria,11,verified
ng:usage:6d0badd7f1020056e9df,NG,celebration,margaret_of_scotland,day,,,,,,,"ps34:1-2,3-4,5-6,7-8,9-10","Ps 34:1-2, 3-4, 5-6, 7-8, 9-10",I will bless the Lord at all times.,,local_rsvce:expanded:080f8764f6955b45,Catholic Daily RSVCE,12,verified-fallback
ng:usage:86631d402fa62f2b404b,NG,celebration,margaret_of_scotland,day,,,,,,,"ps34:1-2,3-4,5-6,7-8,9-10","Ps 34:1-2, 3-4, 5-6, 7-8, 9-10",Taste and see the goodness of the Lord.,,local_rsvce:expanded:080f8764f6955b45,Catholic Daily RSVCE,13,verified-fallback
ng:usage:7155e1165d905e9ab7ea,NG,celebration,maria_goretti,day,,,,,,,"ps124:2-3,4-5,7b-8","Ps 124:2-3, 4-5, 7b-8",Our soul has escaped like a bird from the hunter’s net.,,ps124_2_3_4_5_7b_8,Catholic Daily RSVCE,1,verified-fallback
ng:usage:ecf4635c67a15a341079,NG,celebration,maria_goretti,day,,,,,,,"ps126:1-2ab,2bc-3,4-5,6","Ps 126:1-2ab, 2bc-3, 4-5, 6",Those who sow in tears shall reap with shouts of joy.,,ps126_1_2ab_2bc_3_4_5_6,Catholic Daily RSVCE,2,verified-fallback
ng:usage:73ccec2a6803c34c1c97,NG,celebration,maria_goretti,day,,,,,,,"ps31:2cd-3ab,5+7ab,15bc-16","Ps 31:2cd-3ab, 5+7ab, 15bc-16","Into your hands, O Lord, I entrust my spirit.",,ps31_2cd_3ab_5_7ab_15bc_16,Catholic Daily RSVCE,3,verified-fallback
ng:usage:9786afe136bbefa7353a,NG,celebration,maria_goretti,day,,,,,,,"ps34:1-2,3-4,5-6,7-8","Ps 34:1-2, 3-4, 5-6, 7-8",The Lord set me free from all my fears.,,ps34_1_2_3_4_5_6_7_8,Catholic Daily RSVCE,4,verified-fallback
ng:usage:58eda4faa825b4708394,NG,celebration,maria_goretti,day,,,,,,,"ps148:1-2,11-13a,13c-14","Ps 148:1-2, 11-13a, 13c-14","Young men and women,",,local_rsvce:expanded:29e4357bb27cb4e9,Catholic Daily RSVCE,5,verified-fallback
ng:usage:79676cc792ac8e3af6a2,NG,celebration,maria_goretti,day,,,,,,,"ps45:10-11,13b-14,15-16","Ps 45:10-11, 13b-14, 15-16",The bridegroom is here;,,ps45_10_11_13b_14_15_16,Catholic Daily RSVCE,6,verified-fallback
ng:usage:8e7dc0751001c4df3b94,NG,celebration,mark_evangelist,day,,,,,,,"ps89:2-3,6-7,16-17","Ps 89:2-3, 6-7, 16-17","I will sing for ever of your mercies, O Lord.",2026-04-25,ng:2026-04-25:responsorial-psalm:1,Catholic Missal for Nigeria,1,verified
ng:usage:2e30de23f013bd945b66,NG,celebration,mark_evangelist,day,,,,,,,"ps89:2-3,6-7,16-17","Ps 89:2-3, 6-7, 16-17","I will sing forever of your mercies, O Lord.",,ps89_2_3_6_7_16_17,Catholic Daily RSVCE,2,verified-fallback
ng:usage:26f7d2218f27f5978c2b,NG,celebration,mark_evangelist,day,,,,,,,"ps89:2-3,6-7,16-17","Ps 89:2-3, 6-7, 16-17",For ever I will sing the goodness of the Lord.,,ps89_2_3_6_7_16_17,Catholic Daily RSVCE,3,verified-fallback
ng:usage:3a5d2372bced51e0f911,NG,celebration,martin_de_porres,day,,,,,,,ps131:1-3,Ps 131:1-3,"In you, Lord, I have found my peace.",,local_rsvce:expanded:877f8bf9cdb223f6,Catholic Daily RSVCE,1,verified-fallback
ng:usage:da17429f4513dcf64526,NG,celebration,martin_i_pope,day,,,,,,,"ps124:2-3,4-5,7b-8","Ps 124:2-3, 4-5, 7b-8",Our soul has escaped like a bird from the hunter’s net.,,ps124_2_3_4_5_7b_8,Catholic Daily RSVCE,1,verified-fallback
ng:usage:2e5eba83756204ab14b8,NG,celebration,martin_i_pope,day,,,,,,,"ps126:1-2ab,2bc-3,4-5,6","Ps 126:1-2ab, 2bc-3, 4-5, 6",Those who sow in tears shall reap with shouts of joy.,,ps126_1_2ab_2bc_3_4_5_6,Catholic Daily RSVCE,2,verified-fallback
ng:usage:cb17be4f821001b9872d,NG,celebration,martin_i_pope,day,,,,,,,"ps31:2cd-3ab,5+7ab,15bc-16","Ps 31:2cd-3ab, 5+7ab, 15bc-16","Into your hands, O Lord, I entrust my spirit.",,ps31_2cd_3ab_5_7ab_15bc_16,Catholic Daily RSVCE,3,verified-fallback
ng:usage:f7ef8038124776bd7d71,NG,celebration,martin_i_pope,day,,,,,,,"ps34:1-2,3-4,5-6,7-8","Ps 34:1-2, 3-4, 5-6, 7-8",The Lord set me free from all my fears.,,ps34_1_2_3_4_5_6_7_8,Catholic Daily RSVCE,4,verified-fallback
ng:usage:b2dcbd8c4f7c4d7c8193,NG,celebration,mary_magdalene_de_pazzi,day,,,,,,,"ps148:1-2,11-13a,13c-14","Ps 148:1-2, 11-13a, 13c-14","Young men and women,",,local_rsvce:expanded:29e4357bb27cb4e9,Catholic Daily RSVCE,1,verified-fallback
ng:usage:fa0019b27f2ae3c25265,NG,celebration,mary_magdalene_de_pazzi,day,,,,,,,"ps45:10-11,13b-14,15-16","Ps 45:10-11, 13b-14, 15-16",The bridegroom is here;,,ps45_10_11_13b_14_15_16,Catholic Daily RSVCE,2,verified-fallback
ng:usage:c49bec3de7264d3d6e34,NG,celebration,mary_magdalene,day,,,,,,,"ps63:2,2-4,5-6,8-9","Ps 63:2, 2-4, 5-6, 8-9","For you my soul is thirsting, O Lord, my God.",2026-07-22,ng:2026-07-22:responsorial-psalm:1,Catholic Missal for Nigeria,1,verified
ng:usage:5246ffd7528175d04032,NG,celebration,mary_magdalene,day,,,,,,,"ps63:2,3-4,5-6,8-9","Ps 63:2, 3-4, 5-6, 8-9","For you my soul is thirsting, O Lord, my God.",2026-08-30,ng:2026-08-30:responsorial-psalm:1,Catholic Missal for Nigeria,2,verified
ng:usage:962187c1234924592425,NG,celebration,mary_magdalene,day,,,,,,,"ps63:2-6,8-9","Ps 63:2-6, 8-9","My soul is thirsting for you, O Lord my God.",,local_rsvce:expanded:c1309e914d8eb792,Catholic Daily RSVCE,3,verified-fallback
ng:usage:8589dbecfe862088c75d,NG,celebration,mary_mother_of_god,day,,,,,A,,"ps67:2-3,5,6,8","Ps 67:2-3, 5, 6, 8",May God bless us in his mercy.,,ps67_2_3_5_6_8,Catholic Daily RSVCE,1,verified-fallback
ng:usage:0db472069445af3cc9a0,NG,celebration,mary_mother_of_god,day,,,,,B,,"ps67:2-3,5,6,8","Ps 67:2-3, 5, 6, 8",May God bless us in his mercy.,,ps67_2_3_5_6_8,Catholic Daily RSVCE,1,verified-fallback
ng:usage:9537a190d3854c01d5e7,NG,celebration,mary_mother_of_god,day,,,,,C,,"ps67:2-3,5,6,8","Ps 67:2-3, 5, 6, 8",May God bless us in his mercy.,,ps67_2_3_5_6_8,Catholic Daily RSVCE,1,verified-fallback
ng:usage:a7d3f05bd9c92539ba10,NG,celebration,mary_mother_of_god,day,,,,,,,"ps67:2-3,5-6,8","Ps 67:2-3, 5-6, 8","O God, be gracious and bless us.",2026-01-01,ng:2026-01-01:responsorial-psalm:1,Catholic Missal for Nigeria,1,verified
ng:usage:d58230b00a9fbf459857,NG,celebration,mary_mother_of_god,day,,,,,,,"ps67:2-3,5,6,8","Ps 67:2-3, 5, 6, 8",May God bless us in his mercy.,,ps67_2_3_5_6_8,Catholic Daily RSVCE,2,verified-fallback
ng:usage:2672c4871bede43f6935,NG,celebration,mary_mother_of_god,day,,,,,,,"ps67:2-3,5,6,8","Ps 67:2-3, 5, 6, 8","O God, be gracious and bless us.",,ps67_2_3_5_6_8,Catholic Daily RSVCE,3,verified-fallback
ng:usage:2bc708b49d305c83ea77,NG,celebration,mary_mother_of_the_church,day,,,,,,,"ps87:1-2,3,5,6-7","Ps 87:1-2, 3, 5, 6-7","Of you are told glorious things, O city of God!",2026-05-25,ng:2026-05-25:responsorial-psalm:1,Catholic Missal for Nigeria,1,verified
ng:usage:ce9d96866bbfb7dcc9e0,NG,celebration,matthew_apostle,day,,,,,,,"ps19:2-3,4-5","Ps 19:2-3, 4-5",Their sound goes forth through all the earth.,2026-09-21,ng:2026-09-21:responsorial-psalm:1,Catholic Missal for Nigeria,1,verified
ng:usage:7dd8942cb8c75d2eae47,NG,celebration,matthew_apostle,day,,,,,,,ps19:2-5,Ps 19:2-5,Their message goes out through all the earth.,,local_rsvce:expanded:fd798836a98af69e,Catholic Daily RSVCE,2,verified-fallback
ng:usage:fbebe4e4b16d925586ed,NG,celebration,matthias_apostle,day,,,,,,,ps113:1-8,Ps 113:1-8,The Lord will give him a seat with the leaders of his people.,,local_rsvce:expanded:8f67a41f8f535cbd,Catholic Daily RSVCE,1,verified-fallback
ng:usage:c31daef9ff5d9385236e,NG,celebration,maximilian_mary_kolbe,day,,,,,,,ps116:10-19,Ps 116:10-19,Precious in the eyes of the Lord is the death of his faithful.,,local_rsvce:expanded:f3b8b919c0cc1d2b,Catholic Daily RSVCE,1,verified-fallback
ng:usage:92cd2782db17341beb16,NG,celebration,michael_gabriel_raphael_archangels,day,,,,,,,"ps138:1-2a,2bcd-3,4-5","Ps 138:1-2a, 2bcd-3, 4-5","In the presence of the angels I praise you, O Lord.",2026-09-29,ng:2026-09-29:responsorial-psalm:1,Catholic Missal for Nigeria,1,verified
ng:usage:ae63e7a2e64b3cfb500b,NG,celebration,michael_gabriel_raphael_archangels,day,,,,,,,"ps138:1-2ab,2cde-3,4-5","Ps 138:1-2ab, 2cde-3, 4-5","In the presence of the angels I praise you, O Lord.",,local_rsvce:expanded:113bcfc3b324d7f1,Catholic Daily RSVCE,2,verified-fallback
ng:usage:9bbf99c3887307ebf338,NG,celebration,michael_gabriel_raphael_archangels,day,,,,,,,ps138:1-5,Ps 138:1-5,"In the sight of the angels I will sing your praises, Lord.",,local_rsvce:expanded:00f071eafa11d730,Catholic Daily RSVCE,3,verified-fallback
ng:usage:e40fefe1ab303f360592,NG,celebration,most_holy_name_of_jesus,day,,,,,,,"ps8:2a+5,6-7,8-9","Ps 8:2a+5, 6-7, 8-9","O Lord, our God, how wonderful your name in all the earth!",,ps8_2a_5_6_7_8_9,Catholic Daily RSVCE,1,verified-fallback
ng:usage:1e04459ea4713013ec84,NG,celebration,most_holy_name_of_mary,day,,,,,,,"ps87:1-3,5-7","Ps 87:1-3, 5-7","Glorious things are told of you, O city of God.",,local_rsvce:expanded:802b31f9679a41b6,Catholic Daily RSVCE,1,verified-fallback
ng:usage:0f15de559553f42b2345,NG,celebration,most_holy_trinity,day,,,,,A,,"dan3:29-30,31,33,32,34","Dan 3:29-30, 31, 33, 32, 34",You are to be praised and highly exalted forever.,2026-05-31,ng:2026-05-31:responsorial-psalm:1,Catholic Missal for Nigeria,1,verified
ng:usage:59a61706595bc1305d55,NG,celebration,most_holy_trinity,day,,,,,A,,"dn3:52,53,54,55,56","Dn 3:52, 53, 54, 55, 56",Glory and praise for ever!,,local_rsvce:expanded:91fbd4e200c905c7,Catholic Daily RSVCE,2,verified-fallback
ng:usage:691fe63009417dde5b67,NG,celebration,most_holy_trinity,day,,,,,B,,"ps33:4-5,6,9,18-19,20,22","Ps 33:4-5, 6, 9, 18-19, 20, 22",Blessed the people the Lord has chosen as his heritage.,,ps33_4_5_6_9_18_19_20_22,Catholic Daily RSVCE,1,verified-fallback
ng:usage:856cddecd3525ffc25a6,NG,celebration,most_holy_trinity,day,,,,,B,,"ps33:4-5,6,9,18-19,20,22","Ps 33:4-5, 6, 9, 18-19, 20, 22",Blessed the people the Lord has chosen to be his own.,,ps33_4_5_6_9_18_19_20_22,Catholic Daily RSVCE,2,verified-fallback
ng:usage:153728d51b183b586aaa,NG,celebration,most_holy_trinity,day,,,,,C,,"ps8:4-5,6-7,8-9","Ps 8:4-5, 6-7, 8-9","O Lord, our Lord, how majestic is your name through all the earth!",,ps8_4_5_6_7_8_9,Catholic Daily RSVCE,1,verified-fallback
ng:usage:b9a669f4ec8142db45a5,NG,celebration,most_holy_trinity,day,,,,,C,,"ps8:4-5,6-7,8-9","Ps 8:4-5, 6-7, 8-9","O Lord, our God, how wonderful your name in all the earth!",,ps8_4_5_6_7_8_9,Catholic Daily RSVCE,2,verified-fallback
ng:usage:fbd1696c682be0ba8057,NG,celebration,most_sacred_heart_of_jesus,day,,,,,A,,"ps103:1-2,3-4,6-7,8,10","Ps 103:1-2, 3-4, 6-7, 8, 10",The Lord's kindness is everlasting to those who fear him.,,ps103_1_2_3_4_6_7_8_10,Catholic Daily RSVCE,1,verified-fallback
ng:usage:6f799da42c066153312b,NG,celebration,most_sacred_heart_of_jesus,day,,,,,B,,"isa12:2-3,4,5-6","Isa 12:2-3, 4, 5-6",You will draw water joyfully from the springs of salvation.,,isa12_2_3_4_5_6,Catholic Daily RSVCE,1,verified-fallback
ng:usage:e0b1f13fd341e7ffc2c7,NG,celebration,most_sacred_heart_of_jesus,day,,,,,C,,"ps23:1-3a,3b-4,5,6","Ps 23:1-3a, 3b-4, 5, 6",The Lord is my shepherd; there is nothing I shall want.,2026-03-15,ng:2026-03-15:responsorial-psalm:1,Catholic Missal for Nigeria,1,verified
ng:usage:52bc99b445a6d6a55659,NG,celebration,most_sacred_heart_of_jesus,day,,,,,,,"ps103:1-2,3-4,6-7,8,10","Ps 103:1-2, 3-4, 6-7, 8, 10",The mercy of the Lord is everlasting upon those who hold him in fear.,2026-06-12,ng:2026-06-12:responsorial-psalm:1,Catholic Missal for Nigeria,1,verified
ng:usage:ce223b225d89568db47d,NG,celebration,most_sacred_heart_of_jesus,day,,,,,,,"isaiah12:2-3,4,5-6","Isa 12:2-3, 4, 5-6",You will draw water joyfully from the springs of salvation.,,local_rsvce:expanded:7999e9c6d84715f9,Catholic Daily RSVCE,2,verified-fallback
ng:usage:3f59ceca1aa5de42c141,NG,celebration,most_sacred_heart_of_jesus,day,,,,,,,"ps23:1-3a,3b-4,5,6","Ps 23:1-3a, 3b-4, 5, 6",The Lord is my shepherd; there is nothing I shall want.,2026-03-15,ng:2026-03-15:responsorial-psalm:1,Catholic Missal for Nigeria,3,verified
ng:usage:fb101c55f26ae34e6814,NG,celebration,nativity_of_blessed_virgin_mary,day,,,,,,,"ps13:5,6","Ps 13:5, 6",I will greatly rejoice in the Lord.,2026-09-08,ng:2026-09-08:responsorial-psalm:1,Catholic Missal for Nigeria,1,verified
ng:usage:31474869beb9d8a3c812,NG,celebration,nativity_of_blessed_virgin_mary,day,,,,,,,ps13:6,Ps 13:6,With delight I rejoice in the Lord.,,ng:reconstructed:c0e39c51a7d04735,Catholic Missal for Nigeria,2,verified
ng:usage:da5292f0b3ba4f108b1d,NG,celebration,nativity_of_saint_john_the_baptist,day,,,,,A,,"ps139:1b-3,13-14ab,14c-15","Ps 139:1b-3, 13-14ab, 14c-15","I praise you, for I am wonderfully made.",,ps139_1b_3_13_14ab_14c_15,Catholic Daily RSVCE,1,verified-fallback
ng:usage:6ce7b68ecc2568502493,NG,celebration,nativity_of_saint_john_the_baptist,day,,,,,B,,"ps139:1b-3,13-14ab,14c-15","Ps 139:1b-3, 13-14ab, 14c-15","I praise you, for I am wonderfully made.",,ps139_1b_3_13_14ab_14c_15,Catholic Daily RSVCE,1,verified-fallback
ng:usage:5eee9e4154c764f12970,NG,celebration,nativity_of_saint_john_the_baptist,day,,,,,C,,"ps139:1b-3,13-14ab,14c-15","Ps 139:1b-3, 13-14ab, 14c-15","I praise you, for I am wonderfully made.",,ps139_1b_3_13_14ab_14c_15,Catholic Daily RSVCE,1,verified-fallback
ng:usage:d8caf691147330401b72,NG,celebration,nativity_of_saint_john_the_baptist,day,,,,,,,"ps139:1-3,13-14,15","Ps 139:1-3, 13-14, 15",I thank you who wonderfully made me.,2026-06-24,ng:2026-06-24:responsorial-psalm:1,Catholic Missal for Nigeria,1,verified
ng:usage:eedc04310e9da97467e3,NG,celebration,nativity_of_saint_john_the_baptist,day,,,,,,,"ps139:1b-3,13-14ab,14c-15","Ps 139:1b-3, 13-14ab, 14c-15",I thank you who wonderfully made me.,,ps139_1b_3_13_14ab_14c_15,Catholic Daily RSVCE,2,verified-fallback
ng:usage:1709b25816c875cde2e0,NG,celebration,nativity_of_saint_john_the_baptist,vigil,,,,,A,,"ps71:1-2,3-4a,5-6ab,15ab,17","Ps 71:1-2, 3-4a, 5-6ab, 15ab, 17","Since my mother's womb, you have been my strength.",,ps71_1_2_3_4a_5_6ab_15ab_17,Catholic Daily RSVCE,1,verified-fallback
ng:usage:52f978712405735970b9,NG,celebration,nativity_of_saint_john_the_baptist,vigil,,,,,B,,"ps71:1-2,3-4a,5-6ab,15ab,17","Ps 71:1-2, 3-4a, 5-6ab, 15ab, 17","Since my mother's womb, you have been my strength.",,ps71_1_2_3_4a_5_6ab_15ab_17,Catholic Daily RSVCE,1,verified-fallback
ng:usage:e41d984ff0c518e28858,NG,celebration,nativity_of_saint_john_the_baptist,vigil,,,,,C,,"ps71:1-2,3-4a,5-6ab,15ab,17","Ps 71:1-2, 3-4a, 5-6ab, 15ab, 17","Since my mother's womb, you have been my strength.",,ps71_1_2_3_4a_5_6ab_15ab_17,Catholic Daily RSVCE,1,verified-fallback
ng:usage:4307c039777a627d597e,NG,celebration,nativity_of_the_lord,dawn,,,,,,,"ps97:1,6,11-12","Ps 97:1, 6, 11-12",A light will shine on us this day: the Lord is born for us.,,ps97_1_6_11_12,Catholic Daily RSVCE,1,verified-fallback
ng:usage:d7d5546699c534d8446b,NG,celebration,nativity_of_the_lord,day,,,,,,,"ps98:1,2-3ab,3cd-4,5-6","Ps 98:1, 2-3ab, 3cd-4, 5-6",All the ends of the earth have seen the salvation of our God.,2025-12-25,ng:2025-12-25:responsorial-psalm:1,Catholic Missal for Nigeria,1,verified
ng:usage:541950b00fe48f241105,NG,celebration,nativity_of_the_lord,day,,,,,,,"ps98:1,2-3,3-4,5-6","Ps 98:1, 2-3, 3-4, 5-6",All the ends of the earth have seen the saving power of God,,ps98_1_2_3_3_4_5_6,Catholic Daily RSVCE,2,verified-fallback
ng:usage:c36b5edcebbd99707864,NG,celebration,nativity_of_the_lord,midnight,,,,,,,"ps96:1-2,2-3,11-12,13","Ps 96:1-2, 2-3, 11-12, 13","Today is born our Savior, Christ the Lord.",,ps96_1_2_2_3_11_12_13,Catholic Daily RSVCE,1,verified-fallback
ng:usage:92a6fbeb479902e43305,NG,celebration,nativity_of_the_lord,vigil,,,,,,,"ps89:4-5,16-17,27,29","Ps 89:4-5, 16-17, 27, 29","I will sing forever of your mercies, O Lord.",2025-12-24,ng:2025-12-24:responsorial-psalm:2,Catholic Missal for Nigeria,1,verified
ng:usage:c0d5f6103f2710d59151,NG,celebration,nativity_of_the_lord,vigil,,,,,,,"ps89:4-5,16-17,27,29","Ps 89:4-5, 16-17, 27, 29",For ever I will sing the goodness of the Lord.,,ps89_4_5_16_17_27_29,Catholic Daily RSVCE,2,verified-fallback
ng:usage:d4b1f5ac6bda73088aa5,NG,celebration,nereus_and_achilleus,day,,,,,,,"ps124:2-3,4-5,7b-8","Ps 124:2-3, 4-5, 7b-8",Our soul has escaped like a bird from the hunter’s net.,,ps124_2_3_4_5_7b_8,Catholic Daily RSVCE,1,verified-fallback
ng:usage:57b80f34ef6d94d47316,NG,celebration,nereus_and_achilleus,day,,,,,,,"ps126:1-2ab,2bc-3,4-5,6","Ps 126:1-2ab, 2bc-3, 4-5, 6",Those who sow in tears shall reap with shouts of joy.,,ps126_1_2ab_2bc_3_4_5_6,Catholic Daily RSVCE,2,verified-fallback
ng:usage:bb33e76665e906206478,NG,celebration,nereus_and_achilleus,day,,,,,,,"ps31:2cd-3ab,5+7ab,15bc-16","Ps 31:2cd-3ab, 5+7ab, 15bc-16","Into your hands, O Lord, I entrust my spirit.",,ps31_2cd_3ab_5_7ab_15bc_16,Catholic Daily RSVCE,3,verified-fallback
ng:usage:c7a67b82276854329ecd,NG,celebration,nereus_and_achilleus,day,,,,,,,"ps34:1-2,3-4,5-6,7-8","Ps 34:1-2, 3-4, 5-6, 7-8",The Lord set me free from all my fears.,,ps34_1_2_3_4_5_6_7_8,Catholic Daily RSVCE,4,verified-fallback
ng:usage:6da1452f4a7c4db3edf8,NG,celebration,nicholas_of_myra,day,,,,,,,"ps106:19-20,21-22,23","Ps 106:19-20, 21-22, 23","Lord, remember us, for the love you bear your people.",,ps106_19_20_21_22_23,Catholic Daily RSVCE,1,verified-fallback
ng:usage:4f95930053d38106033d,NG,celebration,nicholas_of_myra,day,,,,,,,"ps110:1-2,3,4","Ps 110:1-2, 3, 4","You are a priest for ever, in the line of Melchizedek.",,local_rsvce:expanded:9147f45b3f3d63c3,Catholic Daily RSVCE,2,verified-fallback
ng:usage:40661b5c41d6ad3677d4,NG,celebration,nicholas_of_myra,day,,,,,,,"ps117:1,2","Ps 117:1, 2",Go out to all the world and tell the good news.,,ng:reconstructed:73d92e286a6fb381,Catholic Missal for Nigeria,3,verified
ng:usage:ba157d28539ac0e14284,NG,celebration,nicholas_of_myra,day,,,,,,,"ps16:1-2a1-2a+5,7-8,11","Ps 16:1-2a1-2a+5, 7-8, 11","You are my inheritance, O Lord.",,local_rsvce:expanded:acdd2b509ed6230c,Catholic Daily RSVCE,4,verified-fallback
ng:usage:d5bb69daa6270ecd70f4,NG,celebration,nicholas_of_myra,day,,,,,,,"ps23:1-3a,3b-4,5,6","Ps 23:1-3a, 3b-4, 5, 6",The Lord is my shepherd; there is nothing I shall want.,2026-03-15,ng:2026-03-15:responsorial-psalm:1,Catholic Missal for Nigeria,5,verified
ng:usage:406d9436b83371f84e15,NG,celebration,nicholas_of_myra,day,,,,,,,"ps40:1+3ab,6,7-8,9","Ps 40:1+3ab, 6, 7-8, 9","Here am I, Lord; I come to do your will.",,local_rsvce:expanded:a6f3121c52e20e28,Catholic Daily RSVCE,6,verified-fallback
ng:usage:c9785371df521b1b9ad2,NG,celebration,nicholas_of_myra,day,,,,,,,"ps89:1-2,3-4,20-21,24+26","Ps 89:1-2, 3-4, 20-21, 24+26",For ever I will sing the goodness of the Lord.,,local_rsvce:expanded:556f9b30cb1e8359,Catholic Daily RSVCE,7,verified-fallback
ng:usage:fd3772fd4af6170e7e0e,NG,celebration,nicholas_of_myra,day,,,,,,,"ps96:1-2a,2b-3,7-8a,10","Ps 96:1-2a, 2b-3, 7-8a, 10",Proclaim God’s marvellous deeds to all the nations.,,ps96_1_2a_2b_3_7_8a_10,Catholic Daily RSVCE,8,verified-fallback
ng:usage:746216ee151b14a67948,NG,celebration,norbert_of_xanten,day,,,,,,,"ps106:19-20,21-22,23","Ps 106:19-20, 21-22, 23","Lord, remember us, for the love you bear your people.",,ps106_19_20_21_22_23,Catholic Daily RSVCE,1,verified-fallback
ng:usage:d690fe35cbad69c63877,NG,celebration,norbert_of_xanten,day,,,,,,,"ps110:1-2,3,4","Ps 110:1-2, 3, 4","You are a priest for ever, in the line of Melchizedek.",,local_rsvce:expanded:9147f45b3f3d63c3,Catholic Daily RSVCE,2,verified-fallback
ng:usage:9f853f7ecd6581051f75,NG,celebration,norbert_of_xanten,day,,,,,,,"ps117:1,2","Ps 117:1, 2",Go out to all the world and tell the good news.,,ng:reconstructed:73d92e286a6fb381,Catholic Missal for Nigeria,3,verified
ng:usage:f079f6810b3db9c905af,NG,celebration,norbert_of_xanten,day,,,,,,,"ps16:1-2a1-2a+5,7-8,11","Ps 16:1-2a1-2a+5, 7-8, 11","You are my inheritance, O Lord.",,local_rsvce:expanded:acdd2b509ed6230c,Catholic Daily RSVCE,4,verified-fallback
ng:usage:b0e772dbc528962d7427,NG,celebration,norbert_of_xanten,day,,,,,,,"ps23:1-3a,3b-4,5,6","Ps 23:1-3a, 3b-4, 5, 6",The Lord is my shepherd; there is nothing I shall want.,2026-03-15,ng:2026-03-15:responsorial-psalm:1,Catholic Missal for Nigeria,5,verified
ng:usage:52b327c27ebd47d78c23,NG,celebration,norbert_of_xanten,day,,,,,,,"ps40:1+3ab,6,7-8,9","Ps 40:1+3ab, 6, 7-8, 9","Here am I, Lord; I come to do your will.",,local_rsvce:expanded:a6f3121c52e20e28,Catholic Daily RSVCE,6,verified-fallback
ng:usage:2ad981450b601b5cc605,NG,celebration,norbert_of_xanten,day,,,,,,,"ps89:1-2,3-4,20-21,24+26","Ps 89:1-2, 3-4, 20-21, 24+26",For ever I will sing the goodness of the Lord.,,local_rsvce:expanded:556f9b30cb1e8359,Catholic Daily RSVCE,7,verified-fallback
ng:usage:d916d506837d2b9d34f8,NG,celebration,norbert_of_xanten,day,,,,,,,"ps96:1-2a,2b-3,7-8a,10","Ps 96:1-2a, 2b-3, 7-8a, 10",Proclaim God’s marvellous deeds to all the nations.,,ps96_1_2a_2b_3_7_8a_10,Catholic Daily RSVCE,8,verified-fallback
ng:usage:270f8bd8c46401c2aca8,NG,celebration,our_lady_mother_of_africa,day,,,,,,,"luke1:46-47,48-49,50-51,52-53,54-55","Luke 1:46-47, 48-49, 50-51, 52-53, 54-55","He who is mighty has done great things for me, and holy is his name.",2026-04-30,ng:2026-04-30:responsorial-psalm:1,Catholic Missal for Nigeria,1,verified
ng:usage:3782435e1a61a32e9237,NG,celebration,our_lady_mother_of_africa,day,,,,,,,"ps145:10-11,12-13ab,21","Ps 145:10-11, 12-13ab, 21","Your friends make known, O Lord, the glory of your reign.",2026-05-05,ng:2026-05-05:responsorial-psalm:1,Catholic Missal for Nigeria,2,verified
ng:usage:69c4fcebbd5273424438,NG,celebration,our_lady_mother_of_africa,day,,,,,,,"ps34:2-3,4-5,6-7,8-9","Ps 34:2-3, 4-5, 6-7, 8-9","The Lowly one called, and the Lord heard him Or: Alleluia.",,ng:reconstructed:5e62d1385cd3de19,Catholic Missal for Nigeria,3,verified
ng:usage:9483bc969882d1df2d56,NG,celebration,our_lady_of_fatima,day,,,,,,,"ps45:11-12,14-17","Ps 45:11-12, 14-17","Listen to me, daughter; see and bend your ear.",,local_rsvce:expanded:b42d6d348023c4bf,Catholic Daily RSVCE,1,verified-fallback
ng:usage:52a8e8f98180b324c78b,NG,celebration,our_lady_of_guadalupe,day,,,,,,,jdt13:18-19,Jdt 13:18-19,You are the highest honor of our race.,,local_rsvce:expanded:baf8398c6e1bfd6e,Catholic Daily RSVCE,1,verified-fallback
ng:usage:d0a75e6f8c42896049d1,NG,celebration,our_lady_of_loreto,day,,,,,,,ps130:1-5,Ps 130:1-5,"With the Lord there is mercy, and fullness of redemption.",,local_rsvce:expanded:37632393fed6a579,Catholic Daily RSVCE,1,verified-fallback
ng:usage:bd43cd5808a4f75085ae,NG,celebration,our_lady_of_lourdes,day,,,,,,,jdt13:18-19,Jdt 13:18-19,You are the highest honor of our race.,,local_rsvce:expanded:baf8398c6e1bfd6e,Catholic Daily RSVCE,1,verified-fallback
ng:usage:1c4e82c0527982eaaddd,NG,celebration,our_lady_of_mount_carmel,day,,,,,,,ps15:1-5,Ps 15:1-5,"Who shall dwell on your holy mountain, O Lord?",,local_rsvce:expanded:8f71b3180da30023,Catholic Daily RSVCE,1,verified-fallback
ng:usage:7098e0380c7d90a68fbb,NG,celebration,our_lady_of_sorrows,day,,,,,,,"ps31:2-6,15-16,20","Ps 31:2-6, 15-16, 20","Save me, O Lord, in your kindness.",,local_rsvce:expanded:303b24a68eb58236,Catholic Daily RSVCE,1,verified-fallback
ng:usage:d2165e0c6543fa97def5,NG,celebration,our_lady_of_the_rosary,day,,,,,,,luke1:46-55,Luke 1:46-55,"Blessed are you, Virgin Mary, who bore the Son of the eternal Father.",,local_rsvce:expanded:beab3fb7c533eba7,Catholic Daily RSVCE,1,verified-fallback
ng:usage:51ab5348ffedada9ca44,NG,celebration,our_lady_queen_of_nigeria,day,,,,,,,"ps72:1-2,7-8,12-13,17","Ps 72:1-2, 7-8, 12-13, 17","In his days shall justice flourish, and great peace forever.",2025-12-02,ng:2025-12-02:responsorial-psalm:1,Catholic Missal for Nigeria,1,verified
ng:usage:fdce163be23d7fd1941d,NG,celebration,our_lady_queen_of_nigeria,day,,,,,,,"ps137:1-2,3,4-5,6","Ps 137:1-2, 3, 4-5, 6",O let my tongue cleave to my palate if I remember you not,2026-06-26,ng:2026-06-26:responsorial-psalm:1,Catholic Missal for Nigeria,2,verified
ng:usage:f0d1e1eebadaf2f46eae,NG,celebration,our_lady_queen_of_nigeria,day,,,,,,,"ps88:2-3,4-5,6,7-8","Ps 88:2-3, 4-5, 6, 7-8","Let my prayer come into your presence, O Lord.",,local_rsvce:expanded:5d478a69816c4733,Catholic Daily RSVCE,3,verified-fallback
ng:usage:50db5fef5d32711c894e,NG,celebration,our_lord_jesus_christ_king_of_the_universe,day,,,,,,,"ps25:4bc-5ab,6,7bc,8-9","Ps 25:4bc-5ab, 6, 7bc, 8-9","Remember your mercies, O Lord",,local_rsvce:expanded:b87980047c57a5fb,Catholic Daily RSVCE,1,verified-fallback
ng:usage:a3e809c6a53791bfc3ef,NG,celebration,pancras_of_rome,day,,,,,,,"ps124:2-3,4-5,7b-8","Ps 124:2-3, 4-5, 7b-8",Our soul has escaped like a bird from the hunter’s net.,,ps124_2_3_4_5_7b_8,Catholic Daily RSVCE,1,verified-fallback
ng:usage:f2dbee7c39b17030c84d,NG,celebration,pancras_of_rome,day,,,,,,,"ps126:1-2ab,2bc-3,4-5,6","Ps 126:1-2ab, 2bc-3, 4-5, 6",Those who sow in tears shall reap with shouts of joy.,,ps126_1_2ab_2bc_3_4_5_6,Catholic Daily RSVCE,2,verified-fallback
ng:usage:6cbfb9d933f718a73e9d,NG,celebration,pancras_of_rome,day,,,,,,,"ps31:2cd-3ab,5+7ab,15bc-16","Ps 31:2cd-3ab, 5+7ab, 15bc-16","Into your hands, O Lord, I entrust my spirit.",,ps31_2cd_3ab_5_7ab_15bc_16,Catholic Daily RSVCE,3,verified-fallback
ng:usage:e81f46b3af3d11d8bab1,NG,celebration,pancras_of_rome,day,,,,,,,"ps34:1-2,3-4,5-6,7-8","Ps 34:1-2, 3-4, 5-6, 7-8",The Lord set me free from all my fears.,,ps34_1_2_3_4_5_6_7_8,Catholic Daily RSVCE,4,verified-fallback
ng:usage:03f9c36cac7fde4112a3,NG,celebration,passion_of_john_the_baptist,day,,,,,,,"ps71:1-6,15,17","Ps 71:1-6, 15, 17","Since my mother's womb, you have been my strength.",,local_rsvce:expanded:3304a7c01f857a5b,Catholic Daily RSVCE,1,verified-fallback
ng:usage:2560f5d3be844b9fbd89,NG,celebration,patrick_of_ireland,day,,,,,,,"ps96:1-2a,2b-3,7-8a,9-10ac","Ps 96:1-2a, 2b-3, 7-8a, 9-10ac",Tell among all the peoples the wonders of the Lord!,2026-03-17,ng:2026-03-17:responsorial-psalm:1,Catholic Missal for Nigeria,1,verified
ng:usage:56a3f13009f71e77242a,NG,celebration,patrick_of_ireland,day,,,,,,,"ps96:1-3,7-8,10","Ps 96:1-3, 7-8, 10",Proclaim God's marvelous deeds to all the nations.,,local_rsvce:expanded:e7e8a3ab85641a62,Catholic Daily RSVCE,2,verified-fallback
ng:usage:42439163320e5edfb1e8,NG,celebration,paul_of_the_cross,day,,,,,,,"ps106:19-20,21-22,23","Ps 106:19-20, 21-22, 23","Lord, remember us, for the love you bear your people.",,ps106_19_20_21_22_23,Catholic Daily RSVCE,1,verified-fallback
ng:usage:14cf50e311358976dad4,NG,celebration,paul_of_the_cross,day,,,,,,,"ps110:1-2,3,4","Ps 110:1-2, 3, 4","You are a priest for ever, in the line of Melchizedek.",,local_rsvce:expanded:9147f45b3f3d63c3,Catholic Daily RSVCE,2,verified-fallback
ng:usage:da38b858bd9a8d1260d4,NG,celebration,paul_of_the_cross,day,,,,,,,"ps117:1,2","Ps 117:1, 2",Go out to all the world and tell the good news.,,ng:reconstructed:73d92e286a6fb381,Catholic Missal for Nigeria,3,verified
ng:usage:ef76dd85d67977c2e629,NG,celebration,paul_of_the_cross,day,,,,,,,"ps16:1-2a1-2a+5,7-8,11","Ps 16:1-2a1-2a+5, 7-8, 11","You are my inheritance, O Lord.",,local_rsvce:expanded:acdd2b509ed6230c,Catholic Daily RSVCE,4,verified-fallback
ng:usage:44a26b117274730df13a,NG,celebration,paul_of_the_cross,day,,,,,,,"ps23:1-3a,3b-4,5,6","Ps 23:1-3a, 3b-4, 5, 6",The Lord is my shepherd; there is nothing I shall want.,2026-03-15,ng:2026-03-15:responsorial-psalm:1,Catholic Missal for Nigeria,5,verified
ng:usage:73e967039e3c21e1d4da,NG,celebration,paul_of_the_cross,day,,,,,,,"ps40:1+3ab,6,7-8,9","Ps 40:1+3ab, 6, 7-8, 9","Here am I, Lord; I come to do your will.",,local_rsvce:expanded:a6f3121c52e20e28,Catholic Daily RSVCE,6,verified-fallback
ng:usage:003eb71c97f51c066e82,NG,celebration,paul_of_the_cross,day,,,,,,,"ps89:1-2,3-4,20-21,24+26","Ps 89:1-2, 3-4, 20-21, 24+26",For ever I will sing the goodness of the Lord.,,local_rsvce:expanded:556f9b30cb1e8359,Catholic Daily RSVCE,7,verified-fallback
ng:usage:a71cc192979a656f8546,NG,celebration,paul_of_the_cross,day,,,,,,,"ps96:1-2a,2b-3,7-8a,10","Ps 96:1-2a, 2b-3, 7-8a, 10",Proclaim God’s marvellous deeds to all the nations.,,ps96_1_2a_2b_3_7_8a_10,Catholic Daily RSVCE,8,verified-fallback
ng:usage:6723be87a839dcd499b1,NG,celebration,paul_vi_pope,day,,,,,,,"ps106:19-20,21-22,23","Ps 106:19-20, 21-22, 23","Lord, remember us, for the love you bear your people.",,ps106_19_20_21_22_23,Catholic Daily RSVCE,1,verified-fallback
ng:usage:d665d1237684a706d554,NG,celebration,paul_vi_pope,day,,,,,,,"ps110:1-2,3,4","Ps 110:1-2, 3, 4","You are a priest for ever, in the line of Melchizedek.",,local_rsvce:expanded:9147f45b3f3d63c3,Catholic Daily RSVCE,2,verified-fallback
ng:usage:4b876c4465ef3a336981,NG,celebration,paul_vi_pope,day,,,,,,,"ps117:1,2","Ps 117:1, 2",Go out to all the world and tell the good news.,,ng:reconstructed:73d92e286a6fb381,Catholic Missal for Nigeria,3,verified
ng:usage:2377db4e1bdda61a6331,NG,celebration,paul_vi_pope,day,,,,,,,"ps16:1-2a1-2a+5,7-8,11","Ps 16:1-2a1-2a+5, 7-8, 11","You are my inheritance, O Lord.",,local_rsvce:expanded:acdd2b509ed6230c,Catholic Daily RSVCE,4,verified-fallback
ng:usage:bb8f447e572614772c5c,NG,celebration,paul_vi_pope,day,,,,,,,"ps23:1-3a,3b-4,5,6","Ps 23:1-3a, 3b-4, 5, 6",The Lord is my shepherd; there is nothing I shall want.,2026-03-15,ng:2026-03-15:responsorial-psalm:1,Catholic Missal for Nigeria,5,verified
ng:usage:719f17ecee23e903fe74,NG,celebration,paul_vi_pope,day,,,,,,,"ps40:1+3ab,6,7-8,9","Ps 40:1+3ab, 6, 7-8, 9","Here am I, Lord; I come to do your will.",,local_rsvce:expanded:a6f3121c52e20e28,Catholic Daily RSVCE,6,verified-fallback
ng:usage:0d4840b3f8828c4b660d,NG,celebration,paul_vi_pope,day,,,,,,,"ps89:1-2,3-4,20-21,24+26","Ps 89:1-2, 3-4, 20-21, 24+26",For ever I will sing the goodness of the Lord.,,local_rsvce:expanded:556f9b30cb1e8359,Catholic Daily RSVCE,7,verified-fallback
ng:usage:c5f4bdef610f7bdf4ae4,NG,celebration,paul_vi_pope,day,,,,,,,"ps96:1-2a,2b-3,7-8a,10","Ps 96:1-2a, 2b-3, 7-8a, 10",Proclaim God’s marvellous deeds to all the nations.,,ps96_1_2a_2b_3_7_8a_10,Catholic Daily RSVCE,8,verified-fallback
ng:usage:46fd23cffddaff8242a4,NG,celebration,paulinus_of_nola,day,,,,,,,"ps106:19-20,21-22,23","Ps 106:19-20, 21-22, 23","Lord, remember us, for the love you bear your people.",,ps106_19_20_21_22_23,Catholic Daily RSVCE,1,verified-fallback
ng:usage:b0979590da76a2ce82f6,NG,celebration,paulinus_of_nola,day,,,,,,,"ps110:1-2,3,4","Ps 110:1-2, 3, 4","You are a priest for ever, in the line of Melchizedek.",,local_rsvce:expanded:9147f45b3f3d63c3,Catholic Daily RSVCE,2,verified-fallback
ng:usage:d9bdcb44f43a9d3938e3,NG,celebration,paulinus_of_nola,day,,,,,,,"ps117:1,2","Ps 117:1, 2",Go out to all the world and tell the good news.,,ng:reconstructed:73d92e286a6fb381,Catholic Missal for Nigeria,3,verified
ng:usage:4954ffc46116358441e1,NG,celebration,paulinus_of_nola,day,,,,,,,"ps16:1-2a1-2a+5,7-8,11","Ps 16:1-2a1-2a+5, 7-8, 11","You are my inheritance, O Lord.",,local_rsvce:expanded:acdd2b509ed6230c,Catholic Daily RSVCE,4,verified-fallback
ng:usage:7a2f8b265e7fa14878d4,NG,celebration,paulinus_of_nola,day,,,,,,,"ps23:1-3a,3b-4,5,6","Ps 23:1-3a, 3b-4, 5, 6",The Lord is my shepherd; there is nothing I shall want.,2026-03-15,ng:2026-03-15:responsorial-psalm:1,Catholic Missal for Nigeria,5,verified
ng:usage:70e1ad6bf04cc0e8a413,NG,celebration,paulinus_of_nola,day,,,,,,,"ps40:1+3ab,6,7-8,9","Ps 40:1+3ab, 6, 7-8, 9","Here am I, Lord; I come to do your will.",,local_rsvce:expanded:a6f3121c52e20e28,Catholic Daily RSVCE,6,verified-fallback
ng:usage:6622b7cf88eef2dd74aa,NG,celebration,paulinus_of_nola,day,,,,,,,"ps89:1-2,3-4,20-21,24+26","Ps 89:1-2, 3-4, 20-21, 24+26",For ever I will sing the goodness of the Lord.,,local_rsvce:expanded:556f9b30cb1e8359,Catholic Daily RSVCE,7,verified-fallback
ng:usage:0a1bbd024db6fdd700ac,NG,celebration,paulinus_of_nola,day,,,,,,,"ps96:1-2a,2b-3,7-8a,10","Ps 96:1-2a, 2b-3, 7-8a, 10",Proclaim God’s marvellous deeds to all the nations.,,ps96_1_2a_2b_3_7_8a_10,Catholic Daily RSVCE,8,verified-fallback
ng:usage:a1cb505fb3cece314e9e,NG,celebration,pentecost_sunday,day,,,,,A,,"ps104:1ab,24ac,29bc-30,31and34","Ps 104:1ab, 24ac, 29bc-30, 31and34","Lord, send forth your Spirit, and renew the face of the earth.",2026-05-24,ng:2026-05-24:responsorial-psalm:1,Catholic Missal for Nigeria,1,verified
ng:usage:dcbba1df8bb5469142c9,NG,celebration,pentecost_sunday,day,,,,,B,,"ps104:1,24,29-30,31,34","Ps 104:1, 24, 29-30, 31, 34","Lord, send out your Spirit, and renew the face of the earth.",,ps104_1_24_29_30_31_34,Catholic Daily RSVCE,1,verified-fallback
ng:usage:b608b66ef67507c0bbf9,NG,celebration,pentecost_sunday,day,,,,,C,,"ps104:1,24,29-30,31,34","Ps 104:1, 24, 29-30, 31, 34","Lord, send froth your spirit, and renew the face of the earth. Or: Alleluia.",,ps104_1_24_29_30_31_34,Catholic Daily RSVCE,1,verified-fallback
ng:usage:ea4acde9c7ce076585cb,NG,celebration,pentecost_sunday,vigil,,,,,,,"ps104:1-2a,24,35c,27-28,29bc-30","Ps 104:1-2a, 24, 35c, 27-28, 29bc-30","Lord, send forth your Spirit, and renew the face of the earth.",2026-05-23,ng:2026-05-23:responsorial-psalm:2,Catholic Missal for Nigeria,1,verified
ng:usage:383ee7d40074f838f99e,NG,celebration,peter_canisius,day,,,,,,,"ps119:9-10,11-12,13-14","Ps 119:9-10, 11-12, 13-14","Lord, teach me your decrees.",,ps119_9_10_11_12_13_14,Catholic Daily RSVCE,1,verified-fallback
ng:usage:a46762e078f882ec4e64,NG,celebration,peter_canisius,day,,,,,,,"ps19:7,8,9,10","Ps 19:7, 8, 9, 10","The judgments of the Lord are true, and all of them are just.",,ps19_7_8_9_10,Catholic Daily RSVCE,2,verified-fallback
ng:usage:e8d26482cb967dae0290,NG,celebration,peter_canisius,day,,,,,,,"ps37:3-4,5-6,30-31","Ps 37:3-4, 5-6, 30-31",The mouths of the just murmur wisdom.,,ng:reconstructed:8c4665aa51293035,Catholic Missal for Nigeria,3,verified
ng:usage:8cc624afadd5041991ab,NG,celebration,peter_chanel,day,,,,,,,"ps124:2-3,4-5,7b-8","Ps 124:2-3, 4-5, 7b-8",Our soul has escaped like a bird from the hunter’s net.,,ps124_2_3_4_5_7b_8,Catholic Daily RSVCE,1,verified-fallback
ng:usage:850f3dc55664a720f1bf,NG,celebration,peter_chanel,day,,,,,,,"ps126:1-2ab,2bc-3,4-5,6","Ps 126:1-2ab, 2bc-3, 4-5, 6",Those who sow in tears shall reap with shouts of joy.,,ps126_1_2ab_2bc_3_4_5_6,Catholic Daily RSVCE,2,verified-fallback
ng:usage:5fac718de7905947324a,NG,celebration,peter_chanel,day,,,,,,,"ps31:2cd-3ab,5+7ab,15bc-16","Ps 31:2cd-3ab, 5+7ab, 15bc-16","Into your hands, O Lord, I entrust my spirit.",,ps31_2cd_3ab_5_7ab_15bc_16,Catholic Daily RSVCE,3,verified-fallback
ng:usage:84b5d9d32c9d9d29aae1,NG,celebration,peter_chanel,day,,,,,,,"ps34:1-2,3-4,5-6,7-8","Ps 34:1-2, 3-4, 5-6, 7-8",The Lord set me free from all my fears.,,ps34_1_2_3_4_5_6_7_8,Catholic Daily RSVCE,4,verified-fallback
ng:usage:d92df62d34fef61c5476,NG,celebration,peter_chrysologus,day,,,,,,,"ps106:19-20,21-22,23","Ps 106:19-20, 21-22, 23","Lord, remember us, for the love you bear your people.",,ps106_19_20_21_22_23,Catholic Daily RSVCE,1,verified-fallback
ng:usage:8beaaefef7442d529fcf,NG,celebration,peter_chrysologus,day,,,,,,,"ps110:1-2,3,4","Ps 110:1-2, 3, 4","You are a priest for ever, in the line of Melchizedek.",,local_rsvce:expanded:9147f45b3f3d63c3,Catholic Daily RSVCE,2,verified-fallback
ng:usage:7ab46201dbe34f6d1f6f,NG,celebration,peter_chrysologus,day,,,,,,,"ps117:1,2","Ps 117:1, 2",Go out to all the world and tell the good news.,,ng:reconstructed:73d92e286a6fb381,Catholic Missal for Nigeria,3,verified
ng:usage:0040e36946ce6197ca93,NG,celebration,peter_chrysologus,day,,,,,,,"ps16:1-2a1-2a+5,7-8,11","Ps 16:1-2a1-2a+5, 7-8, 11","You are my inheritance, O Lord.",,local_rsvce:expanded:acdd2b509ed6230c,Catholic Daily RSVCE,4,verified-fallback
ng:usage:dec0dd2f6276f5449f34,NG,celebration,peter_chrysologus,day,,,,,,,"ps23:1-3a,3b-4,5,6","Ps 23:1-3a, 3b-4, 5, 6",The Lord is my shepherd; there is nothing I shall want.,2026-03-15,ng:2026-03-15:responsorial-psalm:1,Catholic Missal for Nigeria,5,verified
ng:usage:0acb897efbda84846845,NG,celebration,peter_chrysologus,day,,,,,,,"ps40:1+3ab,6,7-8,9","Ps 40:1+3ab, 6, 7-8, 9","Here am I, Lord; I come to do your will.",,local_rsvce:expanded:a6f3121c52e20e28,Catholic Daily RSVCE,6,verified-fallback
ng:usage:3798f6d315d61f5c96cf,NG,celebration,peter_chrysologus,day,,,,,,,"ps89:1-2,3-4,20-21,24+26","Ps 89:1-2, 3-4, 20-21, 24+26",For ever I will sing the goodness of the Lord.,,local_rsvce:expanded:556f9b30cb1e8359,Catholic Daily RSVCE,7,verified-fallback
ng:usage:1a1b7c449b81cfb2be5d,NG,celebration,peter_chrysologus,day,,,,,,,"ps96:1-2a,2b-3,7-8a,10","Ps 96:1-2a, 2b-3, 7-8a, 10",Proclaim God’s marvellous deeds to all the nations.,,ps96_1_2a_2b_3_7_8a_10,Catholic Daily RSVCE,8,verified-fallback
ng:usage:ed1a9901365a8fba6d0e,NG,celebration,peter_claver,day,,,,,,,"ps106:19-20,21-22,23","Ps 106:19-20, 21-22, 23","Lord, remember us, for the love you bear your people.",,ps106_19_20_21_22_23,Catholic Daily RSVCE,1,verified-fallback
ng:usage:05b4f6223e4b0fec8c10,NG,celebration,peter_claver,day,,,,,,,"ps110:1-2,3,4","Ps 110:1-2, 3, 4","You are a priest for ever, in the line of Melchizedek.",,local_rsvce:expanded:9147f45b3f3d63c3,Catholic Daily RSVCE,2,verified-fallback
ng:usage:e73a4f98d2f05154a054,NG,celebration,peter_claver,day,,,,,,,"ps117:1,2","Ps 117:1, 2",Go out to all the world and tell the good news.,,ng:reconstructed:73d92e286a6fb381,Catholic Missal for Nigeria,3,verified
ng:usage:08c7e14b79846ef5bc97,NG,celebration,peter_claver,day,,,,,,,"ps16:1-2a1-2a+5,7-8,11","Ps 16:1-2a1-2a+5, 7-8, 11","You are my inheritance, O Lord.",,local_rsvce:expanded:acdd2b509ed6230c,Catholic Daily RSVCE,4,verified-fallback
ng:usage:802b0739b75989c7b977,NG,celebration,peter_claver,day,,,,,,,"ps23:1-3a,3b-4,5,6","Ps 23:1-3a, 3b-4, 5, 6",The Lord is my shepherd; there is nothing I shall want.,2026-03-15,ng:2026-03-15:responsorial-psalm:1,Catholic Missal for Nigeria,5,verified
ng:usage:164520fd4fa17f180aa5,NG,celebration,peter_claver,day,,,,,,,"ps40:1+3ab,6,7-8,9","Ps 40:1+3ab, 6, 7-8, 9","Here am I, Lord; I come to do your will.",,local_rsvce:expanded:a6f3121c52e20e28,Catholic Daily RSVCE,6,verified-fallback
ng:usage:777cb28eeee51bbcac88,NG,celebration,peter_claver,day,,,,,,,"ps89:1-2,3-4,20-21,24+26","Ps 89:1-2, 3-4, 20-21, 24+26",For ever I will sing the goodness of the Lord.,,local_rsvce:expanded:556f9b30cb1e8359,Catholic Daily RSVCE,7,verified-fallback
ng:usage:a96934539b45bfece1bf,NG,celebration,peter_claver,day,,,,,,,"ps96:1-2a,2b-3,7-8a,10","Ps 96:1-2a, 2b-3, 7-8a, 10",Proclaim God’s marvellous deeds to all the nations.,,ps96_1_2a_2b_3_7_8a_10,Catholic Daily RSVCE,8,verified-fallback
ng:usage:9bb05efbdd11e683e2f7,NG,celebration,peter_damian,day,,,,,,,"ps106:19-20,21-22,23","Ps 106:19-20, 21-22, 23","Lord, remember us, for the love you bear your people.",,ps106_19_20_21_22_23,Catholic Daily RSVCE,1,verified-fallback
ng:usage:633dc0c24f749a9f5369,NG,celebration,peter_damian,day,,,,,,,"ps110:1-2,3,4","Ps 110:1-2, 3, 4","You are a priest for ever, in the line of Melchizedek.",,local_rsvce:expanded:9147f45b3f3d63c3,Catholic Daily RSVCE,2,verified-fallback
ng:usage:6d4d27e130cd0b522d45,NG,celebration,peter_damian,day,,,,,,,"ps117:1,2","Ps 117:1, 2",Go out to all the world and tell the good news.,,ng:reconstructed:73d92e286a6fb381,Catholic Missal for Nigeria,3,verified
ng:usage:4c24f1e0da9999389a2c,NG,celebration,peter_damian,day,,,,,,,"ps16:1-2a1-2a+5,7-8,11","Ps 16:1-2a1-2a+5, 7-8, 11","You are my inheritance, O Lord.",,local_rsvce:expanded:acdd2b509ed6230c,Catholic Daily RSVCE,4,verified-fallback
ng:usage:818480dadb62e8c921ed,NG,celebration,peter_damian,day,,,,,,,"ps23:1-3a,3b-4,5,6","Ps 23:1-3a, 3b-4, 5, 6",The Lord is my shepherd; there is nothing I shall want.,2026-03-15,ng:2026-03-15:responsorial-psalm:1,Catholic Missal for Nigeria,5,verified
ng:usage:98b87ad6c11b204b2650,NG,celebration,peter_damian,day,,,,,,,"ps40:1+3ab,6,7-8,9","Ps 40:1+3ab, 6, 7-8, 9","Here am I, Lord; I come to do your will.",,local_rsvce:expanded:a6f3121c52e20e28,Catholic Daily RSVCE,6,verified-fallback
ng:usage:28e5b78977cd25188581,NG,celebration,peter_damian,day,,,,,,,"ps89:1-2,3-4,20-21,24+26","Ps 89:1-2, 3-4, 20-21, 24+26",For ever I will sing the goodness of the Lord.,,local_rsvce:expanded:556f9b30cb1e8359,Catholic Daily RSVCE,7,verified-fallback
ng:usage:2ed5e95b958af6a22137,NG,celebration,peter_damian,day,,,,,,,"ps96:1-2a,2b-3,7-8a,10","Ps 96:1-2a, 2b-3, 7-8a, 10",Proclaim God’s marvellous deeds to all the nations.,,ps96_1_2a_2b_3_7_8a_10,Catholic Daily RSVCE,8,verified-fallback
ng:usage:a85803eae0b6bb72ca63,NG,celebration,peter_julian_eymard,day,,,,,,,"ps103:1-2,3-4,8-9,13-14,17-18a","Ps 103:1-2, 3-4, 8-9, 13-14, 17-18a","O bless the Lord, my soul!",,local_rsvce:expanded:a23963e8ba7768b2,Catholic Daily RSVCE,1,verified-fallback
ng:usage:73c8c8cd4c51fef5c149,NG,celebration,peter_julian_eymard,day,,,,,,,"ps112:1-2,3-4,5-6,7-8,9","Ps 112:1-2, 3-4, 5-6, 7-8, 9",Happy are those who fear the Lord.,,local_rsvce:expanded:a2598f66f2117110,Catholic Daily RSVCE,2,verified-fallback
ng:usage:ec294ec0a3ffab5b0e81,NG,celebration,peter_julian_eymard,day,,,,,,,"ps112:1-2,5-6,7-8,9","Ps 112:1-2, 5-6, 7-8, 9",Happy are those who fear the Lord.,,ps112_1_2_5_6_7_8_9,Catholic Daily RSVCE,3,verified-fallback
ng:usage:8775154d5d64ff1f7858,NG,celebration,peter_julian_eymard,day,,,,,,,"ps126:1-2ab,2bc-3,4-5,6","Ps 126:1-2ab, 2bc-3, 4-5, 6",Those who sow in tears shall reap with shouts of joy.,,ps126_1_2ab_2bc_3_4_5_6,Catholic Daily RSVCE,4,verified-fallback
ng:usage:ced01dc63e23bd93742e,NG,celebration,peter_julian_eymard,day,,,,,,,"ps128:1-2,3-4,5-6","Ps 128:1-2, 3-4, 5-6",Happy are those who fear the Lord.,,local_rsvce:expanded:4115d7f061b9dec9,Catholic Daily RSVCE,5,verified-fallback
ng:usage:399325d85f00e9217b87,NG,celebration,peter_julian_eymard,day,,,,,,,"ps131:1,2-3a","Ps 131:1, 2-3a","In you, Lord, I have found my peace.",,local_rsvce:expanded:c554d668e32bfa75,Catholic Daily RSVCE,6,verified-fallback
ng:usage:4f9ce03a97558fcf6f0c,NG,celebration,peter_julian_eymard,day,,,,,,,"ps15:1a+2-3a,3b-4ab,5","Ps 15:1a+2-3a, 3b-4ab, 5","The just shall live on your holy mountain, O Lord.",,local_rsvce:expanded:d8a4c685fc2a8ecd,Catholic Daily RSVCE,7,verified-fallback
ng:usage:a1bc29d2e9687733f4ca,NG,celebration,peter_julian_eymard,day,,,,,,,"ps15:1a,2-3a,3b-4ab,5","Ps 15:1a, 2-3a, 3b-4ab, 5","The just shall live on your holy mountain, O Lord.",,local_rsvce:expanded:b2b47e3b4171ad7b,Catholic Daily RSVCE,8,verified-fallback
ng:usage:6ab705fa5c36b0eba34c,NG,celebration,peter_julian_eymard,day,,,,,,,"ps16:1-2a+5,7-8,11","Ps 16:1-2a+5, 7-8, 11","You are my inheritance, O Lord.",,ps16_1_2a_5_7_8_11,Catholic Daily RSVCE,9,verified-fallback
ng:usage:23dfc408f3a978d60024,NG,celebration,peter_julian_eymard,day,,,,,,,"ps1:1-2,3,4-6","Ps 1:1-2, 3, 4-6",Happy are they who delight in the law of the Lord.,,local_rsvce:expanded:1add7841ef32e023,Catholic Daily RSVCE,10,verified-fallback
ng:usage:e7bf11455716b5f72fd5,NG,celebration,peter_julian_eymard,day,,,,,,,"ps23:1-3a,3b-4,5,6","Ps 23:1-3a, 3b-4, 5, 6",The Lord is my shepherd; there is nothing I shall want.,2026-03-15,ng:2026-03-15:responsorial-psalm:1,Catholic Missal for Nigeria,11,verified
ng:usage:a93d3549a83e5c08481e,NG,celebration,peter_julian_eymard,day,,,,,,,"ps34:1-2,3-4,5-6,7-8,9-10","Ps 34:1-2, 3-4, 5-6, 7-8, 9-10",I will bless the Lord at all times.,,local_rsvce:expanded:080f8764f6955b45,Catholic Daily RSVCE,12,verified-fallback
ng:usage:6954db43be779ed47d98,NG,celebration,peter_julian_eymard,day,,,,,,,"ps34:1-2,3-4,5-6,7-8,9-10","Ps 34:1-2, 3-4, 5-6, 7-8, 9-10",Taste and see the goodness of the Lord.,,local_rsvce:expanded:080f8764f6955b45,Catholic Daily RSVCE,13,verified-fallback
ng:usage:f6add5e02fe5d05ca392,NG,celebration,philip_and_james_apostles,day,,,,,,,ps19:2-5,Ps 19:2-5,Their message goes out through all the earth.,,local_rsvce:expanded:fd798836a98af69e,Catholic Daily RSVCE,1,verified-fallback
ng:usage:d346c7206e7978dfae83,NG,celebration,pius_v_pope,day,,,,,,,"ps106:19-20,21-22,23","Ps 106:19-20, 21-22, 23","Lord, remember us, for the love you bear your people.",,ps106_19_20_21_22_23,Catholic Daily RSVCE,1,verified-fallback
ng:usage:ff07097e7424c2df13ed,NG,celebration,pius_v_pope,day,,,,,,,"ps110:1-2,3,4","Ps 110:1-2, 3, 4","You are a priest for ever, in the line of Melchizedek.",,local_rsvce:expanded:9147f45b3f3d63c3,Catholic Daily RSVCE,2,verified-fallback
ng:usage:9649b540481ea4554dd4,NG,celebration,pius_v_pope,day,,,,,,,"ps117:1,2","Ps 117:1, 2",Go out to all the world and tell the good news.,,ng:reconstructed:73d92e286a6fb381,Catholic Missal for Nigeria,3,verified
ng:usage:efff28c58a1925936d05,NG,celebration,pius_v_pope,day,,,,,,,"ps16:1-2a1-2a+5,7-8,11","Ps 16:1-2a1-2a+5, 7-8, 11","You are my inheritance, O Lord.",,local_rsvce:expanded:acdd2b509ed6230c,Catholic Daily RSVCE,4,verified-fallback
ng:usage:db6564f80aebd6300d7c,NG,celebration,pius_v_pope,day,,,,,,,"ps23:1-3a,3b-4,5,6","Ps 23:1-3a, 3b-4, 5, 6",The Lord is my shepherd; there is nothing I shall want.,2026-03-15,ng:2026-03-15:responsorial-psalm:1,Catholic Missal for Nigeria,5,verified
ng:usage:2d3d5fa542d0c569ee6f,NG,celebration,pius_v_pope,day,,,,,,,"ps40:1+3ab,6,7-8,9","Ps 40:1+3ab, 6, 7-8, 9","Here am I, Lord; I come to do your will.",,local_rsvce:expanded:a6f3121c52e20e28,Catholic Daily RSVCE,6,verified-fallback
ng:usage:a15f30b71dcb9dc2185a,NG,celebration,pius_v_pope,day,,,,,,,"ps89:1-2,3-4,20-21,24+26","Ps 89:1-2, 3-4, 20-21, 24+26",For ever I will sing the goodness of the Lord.,,local_rsvce:expanded:556f9b30cb1e8359,Catholic Daily RSVCE,7,verified-fallback
ng:usage:46e44dcb648aa8c08d00,NG,celebration,pius_v_pope,day,,,,,,,"ps96:1-2a,2b-3,7-8a,10","Ps 96:1-2a, 2b-3, 7-8a, 10",Proclaim God’s marvellous deeds to all the nations.,,ps96_1_2a_2b_3_7_8a_10,Catholic Daily RSVCE,8,verified-fallback
ng:usage:6eacfa0e8aee1846c5cd,NG,celebration,pontian_and_hippolytus,day,,,,,,,"ps124:2-3,4-5,7b-8","Ps 124:2-3, 4-5, 7b-8",Our soul has escaped like a bird from the hunter’s net.,,ps124_2_3_4_5_7b_8,Catholic Daily RSVCE,1,verified-fallback
ng:usage:70ea79da531b4e4bb3d7,NG,celebration,pontian_and_hippolytus,day,,,,,,,"ps126:1-2ab,2bc-3,4-5,6","Ps 126:1-2ab, 2bc-3, 4-5, 6",Those who sow in tears shall reap with shouts of joy.,,ps126_1_2ab_2bc_3_4_5_6,Catholic Daily RSVCE,2,verified-fallback
ng:usage:4f4477771270378808f9,NG,celebration,pontian_and_hippolytus,day,,,,,,,"ps31:2cd-3ab,5+7ab,15bc-16","Ps 31:2cd-3ab, 5+7ab, 15bc-16","Into your hands, O Lord, I entrust my spirit.",,ps31_2cd_3ab_5_7ab_15bc_16,Catholic Daily RSVCE,3,verified-fallback
ng:usage:c2fa68e99cd284de1e7d,NG,celebration,pontian_and_hippolytus,day,,,,,,,"ps34:1-2,3-4,5-6,7-8","Ps 34:1-2, 3-4, 5-6, 7-8",The Lord set me free from all my fears.,,ps34_1_2_3_4_5_6_7_8,Catholic Daily RSVCE,4,verified-fallback
ng:usage:1344e44eaff5c9278ffa,NG,celebration,presentation_of_blessed_virgin_mary,day,,,,,,,luke1:46-55,Luke 1:46-55,"Blessed are you, Virgin Mary, who bore the Son of the eternal Father.",,local_rsvce:expanded:beab3fb7c533eba7,Catholic Daily RSVCE,1,verified-fallback
ng:usage:b651607922790ec264a6,NG,celebration,presentation_of_the_lord,day,,,,,A,,"ps40:7-8a,8b-9,10,11","Ps 40:7-8a, 8b-9, 10, 11",Who is this king of glory? It is the Lord!,,ng:reconstructed:b153b14e535af7a1,Catholic Missal for Nigeria,1,verified
ng:usage:716cece62d14808cc7be,NG,celebration,presentation_of_the_lord,day,,,,,B,,"ps40:7-8a,8b-9,10,11","Ps 40:7-8a, 8b-9, 10, 11",Who is this king of glory? It is the Lord!,,ng:reconstructed:b153b14e535af7a1,Catholic Missal for Nigeria,1,verified
ng:usage:e2740fa03ff866028127,NG,celebration,presentation_of_the_lord,day,,,,,C,,"ps40:7-8a,8b-9,10,11","Ps 40:7-8a, 8b-9, 10, 11",Who is this king of glory? It is the Lord!,,ng:reconstructed:b153b14e535af7a1,Catholic Missal for Nigeria,1,verified
ng:usage:918929d05303da598b8f,NG,celebration,presentation_of_the_lord,day,,,,,,,"ps24:7,8,9,10","Ps 24:7, 8, 9, 10","The Lord of hosts, he is the king of glory!",2026-02-02,ng:2026-02-02:responsorial-psalm:1,Catholic Missal for Nigeria,1,verified
ng:usage:66c2c75bae704e4303e7,NG,celebration,presentation_of_the_lord,day,,,,,,,"ps24:7,8,9,10","Ps 24:7, 8, 9, 10",Who is this king of glory? It is the Lord!,,ng:reconstructed:147044cc1da9ba22,Catholic Missal for Nigeria,2,verified
ng:usage:4372ff52e9a5f66a706c,NG,celebration,presentation_of_the_lord,day,,,,,,,ps24:7-10,Ps 24:7-10,Who is this king of glory? It is the Lord!,,local_rsvce:expanded:cb0ebfca0a302196,Catholic Daily RSVCE,3,verified-fallback
ng:usage:2393ae1bcd070a89252c,NG,celebration,queenship_of_blessed_virgin_mary,day,,,,,,,ps113:1-8,Ps 113:1-8,"The queen stands at your right hand, arrayed in gold.",,local_rsvce:expanded:8f67a41f8f535cbd,Catholic Daily RSVCE,1,verified-fallback
ng:usage:d07745fd9551c2854ca8,NG,celebration,raymond_of_penyafort,day,,,,,,,"ps106:19-20,21-22,23","Ps 106:19-20, 21-22, 23","Lord, remember us, for the love you bear your people.",,ps106_19_20_21_22_23,Catholic Daily RSVCE,1,verified-fallback
ng:usage:6450dedc9e00b4284239,NG,celebration,raymond_of_penyafort,day,,,,,,,"ps110:1-2,3,4","Ps 110:1-2, 3, 4","You are a priest for ever, in the line of Melchizedek.",,local_rsvce:expanded:9147f45b3f3d63c3,Catholic Daily RSVCE,2,verified-fallback
ng:usage:35dad6606a1ff5bff9a5,NG,celebration,raymond_of_penyafort,day,,,,,,,"ps117:1,2","Ps 117:1, 2",Go out to all the world and tell the good news.,,ng:reconstructed:73d92e286a6fb381,Catholic Missal for Nigeria,3,verified
ng:usage:bebdadad0456e942af5c,NG,celebration,raymond_of_penyafort,day,,,,,,,"ps16:1-2a1-2a+5,7-8,11","Ps 16:1-2a1-2a+5, 7-8, 11","You are my inheritance, O Lord.",,local_rsvce:expanded:acdd2b509ed6230c,Catholic Daily RSVCE,4,verified-fallback
ng:usage:247310c2bf17069e9e6c,NG,celebration,raymond_of_penyafort,day,,,,,,,"ps23:1-3a,3b-4,5,6","Ps 23:1-3a, 3b-4, 5, 6",The Lord is my shepherd; there is nothing I shall want.,2026-03-15,ng:2026-03-15:responsorial-psalm:1,Catholic Missal for Nigeria,5,verified
ng:usage:02f19d7f4dce5e1b7c02,NG,celebration,raymond_of_penyafort,day,,,,,,,"ps40:1+3ab,6,7-8,9","Ps 40:1+3ab, 6, 7-8, 9","Here am I, Lord; I come to do your will.",,local_rsvce:expanded:a6f3121c52e20e28,Catholic Daily RSVCE,6,verified-fallback
ng:usage:563763269748358aa84f,NG,celebration,raymond_of_penyafort,day,,,,,,,"ps89:1-2,3-4,20-21,24+26","Ps 89:1-2, 3-4, 20-21, 24+26",For ever I will sing the goodness of the Lord.,,local_rsvce:expanded:556f9b30cb1e8359,Catholic Daily RSVCE,7,verified-fallback
ng:usage:3e8abe4e1c0caba56f9b,NG,celebration,raymond_of_penyafort,day,,,,,,,"ps96:1-2a,2b-3,7-8a,10","Ps 96:1-2a, 2b-3, 7-8a, 10",Proclaim God’s marvellous deeds to all the nations.,,ps96_1_2a_2b_3_7_8a_10,Catholic Daily RSVCE,8,verified-fallback
ng:usage:5176aaea5a7d9d329172,NG,celebration,rita_of_cascia,day,,,,,,,"ps103:1-2,3-4,8-9,13-14,17-18a","Ps 103:1-2, 3-4, 8-9, 13-14, 17-18a","O bless the Lord, my soul!",,local_rsvce:expanded:a23963e8ba7768b2,Catholic Daily RSVCE,1,verified-fallback
ng:usage:1fa2ddb9f30bab4a8194,NG,celebration,rita_of_cascia,day,,,,,,,"ps112:1-2,3-4,5-6,7-8,9","Ps 112:1-2, 3-4, 5-6, 7-8, 9",Happy are those who fear the Lord.,,local_rsvce:expanded:a2598f66f2117110,Catholic Daily RSVCE,2,verified-fallback
ng:usage:60fbbda18c087d863ddc,NG,celebration,rita_of_cascia,day,,,,,,,"ps112:1-2,5-6,7-8,9","Ps 112:1-2, 5-6, 7-8, 9",Happy are those who fear the Lord.,,ps112_1_2_5_6_7_8_9,Catholic Daily RSVCE,3,verified-fallback
ng:usage:c31c34b459ef2ae49582,NG,celebration,rita_of_cascia,day,,,,,,,"ps126:1-2ab,2bc-3,4-5,6","Ps 126:1-2ab, 2bc-3, 4-5, 6",Those who sow in tears shall reap with shouts of joy.,,ps126_1_2ab_2bc_3_4_5_6,Catholic Daily RSVCE,4,verified-fallback
ng:usage:ca67af2edcc2ae35eff5,NG,celebration,rita_of_cascia,day,,,,,,,"ps128:1-2,3-4,5-6","Ps 128:1-2, 3-4, 5-6",Happy are those who fear the Lord.,,local_rsvce:expanded:4115d7f061b9dec9,Catholic Daily RSVCE,5,verified-fallback
ng:usage:feb7ace8cdd16e3874d8,NG,celebration,rita_of_cascia,day,,,,,,,"ps131:1,2-3a","Ps 131:1, 2-3a","In you, Lord, I have found my peace.",,local_rsvce:expanded:c554d668e32bfa75,Catholic Daily RSVCE,6,verified-fallback
ng:usage:68b0ba995c58481abaca,NG,celebration,rita_of_cascia,day,,,,,,,"ps15:1a+2-3a,3b-4ab,5","Ps 15:1a+2-3a, 3b-4ab, 5","The just shall live on your holy mountain, O Lord.",,local_rsvce:expanded:d8a4c685fc2a8ecd,Catholic Daily RSVCE,7,verified-fallback
ng:usage:fbf018c24e1b927f9bf9,NG,celebration,rita_of_cascia,day,,,,,,,"ps15:1a,2-3a,3b-4ab,5","Ps 15:1a, 2-3a, 3b-4ab, 5","The just shall live on your holy mountain, O Lord.",,local_rsvce:expanded:b2b47e3b4171ad7b,Catholic Daily RSVCE,8,verified-fallback
ng:usage:20772728b66bd9485220,NG,celebration,rita_of_cascia,day,,,,,,,"ps16:1-2a+5,7-8,11","Ps 16:1-2a+5, 7-8, 11","You are my inheritance, O Lord.",,ps16_1_2a_5_7_8_11,Catholic Daily RSVCE,9,verified-fallback
ng:usage:ddb58d7e02defc38231b,NG,celebration,rita_of_cascia,day,,,,,,,"ps1:1-2,3,4-6","Ps 1:1-2, 3, 4-6",Happy are they who delight in the law of the Lord.,,local_rsvce:expanded:1add7841ef32e023,Catholic Daily RSVCE,10,verified-fallback
ng:usage:f4e444c8ffcc01c340a1,NG,celebration,rita_of_cascia,day,,,,,,,"ps23:1-3a,3b-4,5,6","Ps 23:1-3a, 3b-4, 5, 6",The Lord is my shepherd; there is nothing I shall want.,2026-03-15,ng:2026-03-15:responsorial-psalm:1,Catholic Missal for Nigeria,11,verified
ng:usage:32d39a91d71ebe66f335,NG,celebration,rita_of_cascia,day,,,,,,,"ps34:1-2,3-4,5-6,7-8,9-10","Ps 34:1-2, 3-4, 5-6, 7-8, 9-10",I will bless the Lord at all times.,,local_rsvce:expanded:080f8764f6955b45,Catholic Daily RSVCE,12,verified-fallback
ng:usage:c5869da590af89162cfd,NG,celebration,rita_of_cascia,day,,,,,,,"ps34:1-2,3-4,5-6,7-8,9-10","Ps 34:1-2, 3-4, 5-6, 7-8, 9-10",Taste and see the goodness of the Lord.,,local_rsvce:expanded:080f8764f6955b45,Catholic Daily RSVCE,13,verified-fallback
ng:usage:a3f29102ca966968b6c0,NG,celebration,robert_bellarmine,day,,,,,,,"ps106:19-20,21-22,23","Ps 106:19-20, 21-22, 23","Lord, remember us, for the love you bear your people.",,ps106_19_20_21_22_23,Catholic Daily RSVCE,1,verified-fallback
ng:usage:62d521b312030622a1d2,NG,celebration,robert_bellarmine,day,,,,,,,"ps110:1-2,3,4","Ps 110:1-2, 3, 4","You are a priest for ever, in the line of Melchizedek.",,local_rsvce:expanded:9147f45b3f3d63c3,Catholic Daily RSVCE,2,verified-fallback
ng:usage:c608ee3d092f39a3daa0,NG,celebration,robert_bellarmine,day,,,,,,,"ps117:1,2","Ps 117:1, 2",Go out to all the world and tell the good news.,,ng:reconstructed:73d92e286a6fb381,Catholic Missal for Nigeria,3,verified
ng:usage:b886ef2806f7940b2e06,NG,celebration,robert_bellarmine,day,,,,,,,"ps16:1-2a1-2a+5,7-8,11","Ps 16:1-2a1-2a+5, 7-8, 11","You are my inheritance, O Lord.",,local_rsvce:expanded:acdd2b509ed6230c,Catholic Daily RSVCE,4,verified-fallback
ng:usage:58c4d724cfacb23728bc,NG,celebration,robert_bellarmine,day,,,,,,,"ps23:1-3a,3b-4,5,6","Ps 23:1-3a, 3b-4, 5, 6",The Lord is my shepherd; there is nothing I shall want.,2026-03-15,ng:2026-03-15:responsorial-psalm:1,Catholic Missal for Nigeria,5,verified
ng:usage:50f289b8e176a9755f18,NG,celebration,robert_bellarmine,day,,,,,,,"ps40:1+3ab,6,7-8,9","Ps 40:1+3ab, 6, 7-8, 9","Here am I, Lord; I come to do your will.",,local_rsvce:expanded:a6f3121c52e20e28,Catholic Daily RSVCE,6,verified-fallback
ng:usage:cc56bdb502e21fc410c7,NG,celebration,robert_bellarmine,day,,,,,,,"ps89:1-2,3-4,20-21,24+26","Ps 89:1-2, 3-4, 20-21, 24+26",For ever I will sing the goodness of the Lord.,,local_rsvce:expanded:556f9b30cb1e8359,Catholic Daily RSVCE,7,verified-fallback
ng:usage:f195065e01dadc5a8a91,NG,celebration,robert_bellarmine,day,,,,,,,"ps96:1-2a,2b-3,7-8a,10","Ps 96:1-2a, 2b-3, 7-8a, 10",Proclaim God’s marvellous deeds to all the nations.,,ps96_1_2a_2b_3_7_8a_10,Catholic Daily RSVCE,8,verified-fallback
ng:usage:95210ccdf857d15b5944,NG,celebration,romuald_of_ravenna,day,,,,,,,"ps103:1-2,3-4,8-9,13-14,17-18a","Ps 103:1-2, 3-4, 8-9, 13-14, 17-18a","O bless the Lord, my soul!",,local_rsvce:expanded:a23963e8ba7768b2,Catholic Daily RSVCE,1,verified-fallback
ng:usage:501fe1136905dca941cf,NG,celebration,romuald_of_ravenna,day,,,,,,,"ps112:1-2,3-4,5-6,7-8,9","Ps 112:1-2, 3-4, 5-6, 7-8, 9",Happy are those who fear the Lord.,,local_rsvce:expanded:a2598f66f2117110,Catholic Daily RSVCE,2,verified-fallback
ng:usage:33d6f648f15292806963,NG,celebration,romuald_of_ravenna,day,,,,,,,"ps112:1-2,5-6,7-8,9","Ps 112:1-2, 5-6, 7-8, 9",Happy are those who fear the Lord.,,ps112_1_2_5_6_7_8_9,Catholic Daily RSVCE,3,verified-fallback
ng:usage:cd2eb9760d6809f4570b,NG,celebration,romuald_of_ravenna,day,,,,,,,"ps126:1-2ab,2bc-3,4-5,6","Ps 126:1-2ab, 2bc-3, 4-5, 6",Those who sow in tears shall reap with shouts of joy.,,ps126_1_2ab_2bc_3_4_5_6,Catholic Daily RSVCE,4,verified-fallback
ng:usage:228966027dadd7409036,NG,celebration,romuald_of_ravenna,day,,,,,,,"ps128:1-2,3-4,5-6","Ps 128:1-2, 3-4, 5-6",Happy are those who fear the Lord.,,local_rsvce:expanded:4115d7f061b9dec9,Catholic Daily RSVCE,5,verified-fallback
ng:usage:8af1c59080be3c48cd23,NG,celebration,romuald_of_ravenna,day,,,,,,,"ps131:1,2-3a","Ps 131:1, 2-3a","In you, Lord, I have found my peace.",,local_rsvce:expanded:c554d668e32bfa75,Catholic Daily RSVCE,6,verified-fallback
ng:usage:07442de2df7587133d77,NG,celebration,romuald_of_ravenna,day,,,,,,,"ps15:1a+2-3a,3b-4ab,5","Ps 15:1a+2-3a, 3b-4ab, 5","The just shall live on your holy mountain, O Lord.",,local_rsvce:expanded:d8a4c685fc2a8ecd,Catholic Daily RSVCE,7,verified-fallback
ng:usage:cfbba5974bdcaa31054c,NG,celebration,romuald_of_ravenna,day,,,,,,,"ps15:1a,2-3a,3b-4ab,5","Ps 15:1a, 2-3a, 3b-4ab, 5","The just shall live on your holy mountain, O Lord.",,local_rsvce:expanded:b2b47e3b4171ad7b,Catholic Daily RSVCE,8,verified-fallback
ng:usage:af99f53be999431061b3,NG,celebration,romuald_of_ravenna,day,,,,,,,"ps16:1-2a+5,7-8,11","Ps 16:1-2a+5, 7-8, 11","You are my inheritance, O Lord.",,ps16_1_2a_5_7_8_11,Catholic Daily RSVCE,9,verified-fallback
ng:usage:ce859bb3054ad075d904,NG,celebration,romuald_of_ravenna,day,,,,,,,"ps1:1-2,3,4-6","Ps 1:1-2, 3, 4-6",Happy are they who delight in the law of the Lord.,,local_rsvce:expanded:1add7841ef32e023,Catholic Daily RSVCE,10,verified-fallback
ng:usage:c999c811c9685f52e958,NG,celebration,romuald_of_ravenna,day,,,,,,,"ps23:1-3a,3b-4,5,6","Ps 23:1-3a, 3b-4, 5, 6",The Lord is my shepherd; there is nothing I shall want.,2026-03-15,ng:2026-03-15:responsorial-psalm:1,Catholic Missal for Nigeria,11,verified
ng:usage:7820c1a186157b67a891,NG,celebration,romuald_of_ravenna,day,,,,,,,"ps34:1-2,3-4,5-6,7-8,9-10","Ps 34:1-2, 3-4, 5-6, 7-8, 9-10",I will bless the Lord at all times.,,local_rsvce:expanded:080f8764f6955b45,Catholic Daily RSVCE,12,verified-fallback
ng:usage:456dee9a07fab847b961,NG,celebration,romuald_of_ravenna,day,,,,,,,"ps34:1-2,3-4,5-6,7-8,9-10","Ps 34:1-2, 3-4, 5-6, 7-8, 9-10",Taste and see the goodness of the Lord.,,local_rsvce:expanded:080f8764f6955b45,Catholic Daily RSVCE,13,verified-fallback
ng:usage:006d585d948f7a7f5573,NG,celebration,rose_of_lima,day,,,,,,,"ps31:3-4,6,8","Ps 31:3-4, 6, 8","Into your hands, O Lord, I commend my spirit.",,local_rsvce:expanded:f4b987a7a29a71e7,Catholic Daily RSVCE,1,verified-fallback
ng:usage:8a2890a8c23d8fe89303,NG,celebration,saint_barnabas_apostle,day,,,,,,,"ps98:1,2-3ab,3cd-4,5-6","Ps 98:1, 2-3ab, 3cd-4, 5-6",The Lord has shown his deliverance to the nations.,2026-06-11,ng:2026-06-11:responsorial-psalm:1,Catholic Missal for Nigeria,1,verified
ng:usage:84531bcfc1af4341168a,NG,celebration,saint_joseph_spouse_of_blessed_virgin_mary,day,,,,,,,"ps89:2-3,4-5,27,29","Ps 89:2-3, 4-5, 27, 29",His descendants shall continue forever.,2026-03-19,ng:2026-03-19:responsorial-psalm:1,Catholic Missal for Nigeria,1,verified
ng:usage:3b86ec2af489ea0f39f2,NG,celebration,saint_joseph_spouse_of_blessed_virgin_mary,day,,,,,,,"ps89:2-3,4-5,27,29","Ps 89:2-3, 4-5, 27, 29",The son of David will live for ever.,,ps89_2_3_4_5_27_29,Catholic Daily RSVCE,2,verified-fallback
ng:usage:112d06ea049280df2859,NG,celebration,saints_peter_and_paul_apostles,day,,,,,A,,"ps97:1-2,5-6,9","Ps 97:1-2, 5-6, 9",The angel of the Lord will rescue those who fear him.,,ng:reconstructed:3eeef8356c8d4bf6,Catholic Missal for Nigeria,1,verified
ng:usage:3fefe6bb9fd1bd7c4043,NG,celebration,saints_peter_and_paul_apostles,day,,,,,B,,"ps97:1-2,5-6,9","Ps 97:1-2, 5-6, 9",The angel of the Lord will rescue those who fear him.,,ng:reconstructed:3eeef8356c8d4bf6,Catholic Missal for Nigeria,1,verified
ng:usage:f22ee0f2bc91c7eb7eda,NG,celebration,saints_peter_and_paul_apostles,day,,,,,C,,"ps97:1-2,5-6,9","Ps 97:1-2, 5-6, 9",The angel of the Lord will rescue those who fear him.,,ng:reconstructed:3eeef8356c8d4bf6,Catholic Missal for Nigeria,1,verified
ng:usage:34d592c5bb8b586b1829,NG,celebration,saints_peter_and_paul_apostles,day,,,,,,,"ps34:2-3,4-5,6-7,8-9","Ps 34:2-3, 4-5, 6-7, 8-9","From all my terrors, the Lord set me free.",2026-06-29,ng:2026-06-29:responsorial-psalm:1,Catholic Missal for Nigeria,1,verified
ng:usage:4e6c40b0b9fddac3ed94,NG,celebration,saints_peter_and_paul_apostles,day,,,,,,,"ps34:2-3,4-5,6-7,8-9","Ps 34:2-3, 4-5, 6-7, 8-9",From all my terrors he set me free,,ng:reconstructed:3a23a16d2161969a,Catholic Missal for Nigeria,2,verified
ng:usage:0111df810feaed19ffb0,NG,celebration,saints_peter_and_paul_apostles,day,,,,,,,"ps19:2-3,4-5","Ps 19:2-3, 4-5",Their message goes out through all the earth.,,ng:reconstructed:f0691ed52aaf4fc0,Catholic Missal for Nigeria,3,verified
ng:usage:bfec9385200a513faae2,NG,celebration,saints_peter_and_paul_apostles,vigil,,,,,A,,"ps19:2-3,4-5","Ps 19:2-3, 4-5",Their message goes out through all the earth.,,ng:reconstructed:f0691ed52aaf4fc0,Catholic Missal for Nigeria,1,verified
ng:usage:15a53f48990459547a0d,NG,celebration,saints_peter_and_paul_apostles,vigil,,,,,B,,"ps19:2-3,4-5","Ps 19:2-3, 4-5",Their message goes out through all the earth.,,ng:reconstructed:f0691ed52aaf4fc0,Catholic Missal for Nigeria,1,verified
ng:usage:7542266d8ec2b6f9e29d,NG,celebration,saints_peter_and_paul_apostles,vigil,,,,,C,,"ps19:2-3,4-5","Ps 19:2-3, 4-5",Their message goes out through all the earth.,,ng:reconstructed:f0691ed52aaf4fc0,Catholic Missal for Nigeria,1,verified
ng:usage:32ac50c61d92639ad3fa,NG,celebration,saints_peter_and_paul_apostles,vigil,,,,,,,"ps19:2-3,4-5","Ps 19:2-3, 4-5",Their sound goes forth through all the earth.,2026-09-21,ng:2026-09-21:responsorial-psalm:1,Catholic Missal for Nigeria,1,verified
ng:usage:e5f62b5180209ec71ef9,NG,celebration,sebastian_of_milan,day,,,,,,,"ps124:2-3,4-5,7b-8","Ps 124:2-3, 4-5, 7b-8",Our soul has escaped like a bird from the hunter’s net.,,ps124_2_3_4_5_7b_8,Catholic Daily RSVCE,1,verified-fallback
ng:usage:13be436558919f080e8f,NG,celebration,sebastian_of_milan,day,,,,,,,"ps126:1-2ab,2bc-3,4-5,6","Ps 126:1-2ab, 2bc-3, 4-5, 6",Those who sow in tears shall reap with shouts of joy.,,ps126_1_2ab_2bc_3_4_5_6,Catholic Daily RSVCE,2,verified-fallback
ng:usage:9663a3afb3e497ddd4ae,NG,celebration,sebastian_of_milan,day,,,,,,,"ps31:2cd-3ab,5+7ab,15bc-16","Ps 31:2cd-3ab, 5+7ab, 15bc-16","Into your hands, O Lord, I entrust my spirit.",,ps31_2cd_3ab_5_7ab_15bc_16,Catholic Daily RSVCE,3,verified-fallback
ng:usage:9235ba0fd3fbd511a22a,NG,celebration,sebastian_of_milan,day,,,,,,,"ps34:1-2,3-4,5-6,7-8","Ps 34:1-2, 3-4, 5-6, 7-8",The Lord set me free from all my fears.,,ps34_1_2_3_4_5_6_7_8,Catholic Daily RSVCE,4,verified-fallback
ng:usage:e4ec043eafc61e420ee1,NG,celebration,seven_holy_founders_of_servites,day,,,,,,,"ps103:1-2,3-4,8-9,13-14,17-18a","Ps 103:1-2, 3-4, 8-9, 13-14, 17-18a","O bless the Lord, my soul!",,local_rsvce:expanded:a23963e8ba7768b2,Catholic Daily RSVCE,1,verified-fallback
ng:usage:473d83ca519e89995930,NG,celebration,seven_holy_founders_of_servites,day,,,,,,,"ps112:1-2,3-4,5-6,7-8,9","Ps 112:1-2, 3-4, 5-6, 7-8, 9",Happy are those who fear the Lord.,,local_rsvce:expanded:a2598f66f2117110,Catholic Daily RSVCE,2,verified-fallback
ng:usage:b6d7efdd0b46d764aa53,NG,celebration,seven_holy_founders_of_servites,day,,,,,,,"ps112:1-2,5-6,7-8,9","Ps 112:1-2, 5-6, 7-8, 9",Happy are those who fear the Lord.,,ps112_1_2_5_6_7_8_9,Catholic Daily RSVCE,3,verified-fallback
ng:usage:b013f28c9a94c097a955,NG,celebration,seven_holy_founders_of_servites,day,,,,,,,"ps126:1-2ab,2bc-3,4-5,6","Ps 126:1-2ab, 2bc-3, 4-5, 6",Those who sow in tears shall reap with shouts of joy.,,ps126_1_2ab_2bc_3_4_5_6,Catholic Daily RSVCE,4,verified-fallback
ng:usage:e1985dd104c639fbd011,NG,celebration,seven_holy_founders_of_servites,day,,,,,,,"ps128:1-2,3-4,5-6","Ps 128:1-2, 3-4, 5-6",Happy are those who fear the Lord.,,local_rsvce:expanded:4115d7f061b9dec9,Catholic Daily RSVCE,5,verified-fallback
ng:usage:6b592a2f34d6a1f064f0,NG,celebration,seven_holy_founders_of_servites,day,,,,,,,"ps131:1,2-3a","Ps 131:1, 2-3a","In you, Lord, I have found my peace.",,local_rsvce:expanded:c554d668e32bfa75,Catholic Daily RSVCE,6,verified-fallback
ng:usage:9cdba684cb59e7f8da5a,NG,celebration,seven_holy_founders_of_servites,day,,,,,,,"ps15:1a+2-3a,3b-4ab,5","Ps 15:1a+2-3a, 3b-4ab, 5","The just shall live on your holy mountain, O Lord.",,local_rsvce:expanded:d8a4c685fc2a8ecd,Catholic Daily RSVCE,7,verified-fallback
ng:usage:7e1e94b6f6a0bf2a5050,NG,celebration,seven_holy_founders_of_servites,day,,,,,,,"ps15:1a,2-3a,3b-4ab,5","Ps 15:1a, 2-3a, 3b-4ab, 5","The just shall live on your holy mountain, O Lord.",,local_rsvce:expanded:b2b47e3b4171ad7b,Catholic Daily RSVCE,8,verified-fallback
ng:usage:11bc94fe783acd3bd6bb,NG,celebration,seven_holy_founders_of_servites,day,,,,,,,"ps16:1-2a+5,7-8,11","Ps 16:1-2a+5, 7-8, 11","You are my inheritance, O Lord.",,ps16_1_2a_5_7_8_11,Catholic Daily RSVCE,9,verified-fallback
ng:usage:e6f3965de4aa0b0cc3cd,NG,celebration,seven_holy_founders_of_servites,day,,,,,,,"ps1:1-2,3,4-6","Ps 1:1-2, 3, 4-6",Happy are they who delight in the law of the Lord.,,local_rsvce:expanded:1add7841ef32e023,Catholic Daily RSVCE,10,verified-fallback
ng:usage:6bb73f1a7e1bbec1af15,NG,celebration,seven_holy_founders_of_servites,day,,,,,,,"ps23:1-3a,3b-4,5,6","Ps 23:1-3a, 3b-4, 5, 6",The Lord is my shepherd; there is nothing I shall want.,2026-03-15,ng:2026-03-15:responsorial-psalm:1,Catholic Missal for Nigeria,11,verified
ng:usage:34c130c36839671e59cd,NG,celebration,seven_holy_founders_of_servites,day,,,,,,,"ps34:1-2,3-4,5-6,7-8,9-10","Ps 34:1-2, 3-4, 5-6, 7-8, 9-10",I will bless the Lord at all times.,,local_rsvce:expanded:080f8764f6955b45,Catholic Daily RSVCE,12,verified-fallback
ng:usage:3a269c862dbb0664b546,NG,celebration,seven_holy_founders_of_servites,day,,,,,,,"ps34:1-2,3-4,5-6,7-8,9-10","Ps 34:1-2, 3-4, 5-6, 7-8, 9-10",Taste and see the goodness of the Lord.,,local_rsvce:expanded:080f8764f6955b45,Catholic Daily RSVCE,13,verified-fallback
ng:usage:4e83af27c4d3c047276a,NG,celebration,sharbel_makhluf,day,,,,,,,"ps103:1-2,3-4,8-9,13-14,17-18a","Ps 103:1-2, 3-4, 8-9, 13-14, 17-18a","O bless the Lord, my soul!",,local_rsvce:expanded:a23963e8ba7768b2,Catholic Daily RSVCE,1,verified-fallback
ng:usage:c85a4c1332620a22f0c7,NG,celebration,sharbel_makhluf,day,,,,,,,"ps112:1-2,3-4,5-6,7-8,9","Ps 112:1-2, 3-4, 5-6, 7-8, 9",Happy are those who fear the Lord.,,local_rsvce:expanded:a2598f66f2117110,Catholic Daily RSVCE,2,verified-fallback
ng:usage:5bec05e3acf985ff9c47,NG,celebration,sharbel_makhluf,day,,,,,,,"ps112:1-2,5-6,7-8,9","Ps 112:1-2, 5-6, 7-8, 9",Happy are those who fear the Lord.,,ps112_1_2_5_6_7_8_9,Catholic Daily RSVCE,3,verified-fallback
ng:usage:2f49c849bb895b1fb017,NG,celebration,sharbel_makhluf,day,,,,,,,"ps126:1-2ab,2bc-3,4-5,6","Ps 126:1-2ab, 2bc-3, 4-5, 6",Those who sow in tears shall reap with shouts of joy.,,ps126_1_2ab_2bc_3_4_5_6,Catholic Daily RSVCE,4,verified-fallback
ng:usage:e177267d99df654ac276,NG,celebration,sharbel_makhluf,day,,,,,,,"ps128:1-2,3-4,5-6","Ps 128:1-2, 3-4, 5-6",Happy are those who fear the Lord.,,local_rsvce:expanded:4115d7f061b9dec9,Catholic Daily RSVCE,5,verified-fallback
ng:usage:47dba3a0c5739a0816c3,NG,celebration,sharbel_makhluf,day,,,,,,,"ps131:1,2-3a","Ps 131:1, 2-3a","In you, Lord, I have found my peace.",,local_rsvce:expanded:c554d668e32bfa75,Catholic Daily RSVCE,6,verified-fallback
ng:usage:3340c74a7ed8c16e4d2a,NG,celebration,sharbel_makhluf,day,,,,,,,"ps15:1a+2-3a,3b-4ab,5","Ps 15:1a+2-3a, 3b-4ab, 5","The just shall live on your holy mountain, O Lord.",,local_rsvce:expanded:d8a4c685fc2a8ecd,Catholic Daily RSVCE,7,verified-fallback
ng:usage:f5066de256f9d4821f24,NG,celebration,sharbel_makhluf,day,,,,,,,"ps15:1a,2-3a,3b-4ab,5","Ps 15:1a, 2-3a, 3b-4ab, 5","The just shall live on your holy mountain, O Lord.",,local_rsvce:expanded:b2b47e3b4171ad7b,Catholic Daily RSVCE,8,verified-fallback
ng:usage:679f04dc14c97a8e54d7,NG,celebration,sharbel_makhluf,day,,,,,,,"ps16:1-2a+5,7-8,11","Ps 16:1-2a+5, 7-8, 11","You are my inheritance, O Lord.",,ps16_1_2a_5_7_8_11,Catholic Daily RSVCE,9,verified-fallback
ng:usage:9b8c7838de80151da095,NG,celebration,sharbel_makhluf,day,,,,,,,"ps1:1-2,3,4-6","Ps 1:1-2, 3, 4-6",Happy are they who delight in the law of the Lord.,,local_rsvce:expanded:1add7841ef32e023,Catholic Daily RSVCE,10,verified-fallback
ng:usage:640285ca4bb3a9b9094e,NG,celebration,sharbel_makhluf,day,,,,,,,"ps23:1-3a,3b-4,5,6","Ps 23:1-3a, 3b-4, 5, 6",The Lord is my shepherd; there is nothing I shall want.,2026-03-15,ng:2026-03-15:responsorial-psalm:1,Catholic Missal for Nigeria,11,verified
ng:usage:1aa1d482342470c0f3ef,NG,celebration,sharbel_makhluf,day,,,,,,,"ps34:1-2,3-4,5-6,7-8,9-10","Ps 34:1-2, 3-4, 5-6, 7-8, 9-10",I will bless the Lord at all times.,,local_rsvce:expanded:080f8764f6955b45,Catholic Daily RSVCE,12,verified-fallback
ng:usage:ebdc93c1ef15127adeda,NG,celebration,sharbel_makhluf,day,,,,,,,"ps34:1-2,3-4,5-6,7-8,9-10","Ps 34:1-2, 3-4, 5-6, 7-8, 9-10",Taste and see the goodness of the Lord.,,local_rsvce:expanded:080f8764f6955b45,Catholic Daily RSVCE,13,verified-fallback
ng:usage:7baa4b58b83bc3827745,NG,celebration,simon_and_jude_apostles,day,,,,,,,"ps19:2-3,4-5","Ps 19:2-3, 4-5",Their sound goes forth through all the earth.,2026-09-21,ng:2026-09-21:responsorial-psalm:1,Catholic Missal for Nigeria,1,verified
ng:usage:66fa800c5dffb6348008,NG,celebration,simon_and_jude_apostles,day,,,,,,,ps19:2-5,Ps 19:2-5,Their message goes out through all the earth.,,local_rsvce:expanded:fd798836a98af69e,Catholic Daily RSVCE,2,verified-fallback
ng:usage:41642823ef6bb3a7faf3,NG,celebration,sixtus_ii_pope,day,,,,,,,"ps124:2-3,4-5,7b-8","Ps 124:2-3, 4-5, 7b-8",Our soul has escaped like a bird from the hunter’s net.,,ps124_2_3_4_5_7b_8,Catholic Daily RSVCE,1,verified-fallback
ng:usage:da5438167efde43aa57b,NG,celebration,sixtus_ii_pope,day,,,,,,,"ps126:1-2ab,2bc-3,4-5,6","Ps 126:1-2ab, 2bc-3, 4-5, 6",Those who sow in tears shall reap with shouts of joy.,,ps126_1_2ab_2bc_3_4_5_6,Catholic Daily RSVCE,2,verified-fallback
ng:usage:0ab39cc4651eb94cdbf9,NG,celebration,sixtus_ii_pope,day,,,,,,,"ps31:2cd-3ab,5+7ab,15bc-16","Ps 31:2cd-3ab, 5+7ab, 15bc-16","Into your hands, O Lord, I entrust my spirit.",,ps31_2cd_3ab_5_7ab_15bc_16,Catholic Daily RSVCE,3,verified-fallback
ng:usage:79d48be09bcdf93d168d,NG,celebration,sixtus_ii_pope,day,,,,,,,"ps34:1-2,3-4,5-6,7-8","Ps 34:1-2, 3-4, 5-6, 7-8",The Lord set me free from all my fears.,,ps34_1_2_3_4_5_6_7_8,Catholic Daily RSVCE,4,verified-fallback
ng:usage:1a104a4d37d7cc7ffb24,NG,celebration,stephen_first_martyr,day,,,,,,,"ps31:3bc-4,6,8ab,16bc,17","Ps 31:3bc-4, 6, 8ab, 16bc, 17","Into your hand, O Lord, I commend my spirit.",2025-12-26,ng:2025-12-26:responsorial-psalm:1,Catholic Missal for Nigeria,1,verified
ng:usage:7bd958bfaa7d4c6ed574,NG,celebration,stephen_first_martyr,day,,,,,,,"ps31:3cd-4,6,8ab,16bc,17","Ps 31:3cd-4, 6, 8ab, 16bc, 17","Into your hands, O Lord, I commend my spirit.",,local_rsvce:expanded:0f3359da64da1fe3,Catholic Daily RSVCE,2,verified-fallback
ng:usage:14f7f205dfd4cbe633dc,NG,celebration,stephen_first_martyr,day,,,,,,,"ps31:3cd-4,6,8ab,16bc-17","Ps 31:3cd-4, 6, 8ab, 16bc-17","Into your hands, O Lord, I commend my spirit.",,local_rsvce:expanded:34c4b862971beeb9,Catholic Daily RSVCE,3,verified-fallback
ng:usage:ee8257e7e714418e18db,NG,celebration,stephen_of_hungary,day,,,,,,,"ps103:1-2,3-4,8-9,13-14,17-18a","Ps 103:1-2, 3-4, 8-9, 13-14, 17-18a","O bless the Lord, my soul!",,local_rsvce:expanded:a23963e8ba7768b2,Catholic Daily RSVCE,1,verified-fallback
ng:usage:627744be2dce6c5dcb9f,NG,celebration,stephen_of_hungary,day,,,,,,,"ps112:1-2,3-4,5-6,7-8,9","Ps 112:1-2, 3-4, 5-6, 7-8, 9",Happy are those who fear the Lord.,,local_rsvce:expanded:a2598f66f2117110,Catholic Daily RSVCE,2,verified-fallback
ng:usage:f407e675d522906d2779,NG,celebration,stephen_of_hungary,day,,,,,,,"ps112:1-2,5-6,7-8,9","Ps 112:1-2, 5-6, 7-8, 9",Happy are those who fear the Lord.,,ps112_1_2_5_6_7_8_9,Catholic Daily RSVCE,3,verified-fallback
ng:usage:0eac65e6a7d97adbd66f,NG,celebration,stephen_of_hungary,day,,,,,,,"ps126:1-2ab,2bc-3,4-5,6","Ps 126:1-2ab, 2bc-3, 4-5, 6",Those who sow in tears shall reap with shouts of joy.,,ps126_1_2ab_2bc_3_4_5_6,Catholic Daily RSVCE,4,verified-fallback
ng:usage:4bd700a94f5a9494614a,NG,celebration,stephen_of_hungary,day,,,,,,,"ps128:1-2,3-4,5-6","Ps 128:1-2, 3-4, 5-6",Happy are those who fear the Lord.,,local_rsvce:expanded:4115d7f061b9dec9,Catholic Daily RSVCE,5,verified-fallback
ng:usage:ec1e6c21d368e1149a24,NG,celebration,stephen_of_hungary,day,,,,,,,"ps131:1,2-3a","Ps 131:1, 2-3a","In you, Lord, I have found my peace.",,local_rsvce:expanded:c554d668e32bfa75,Catholic Daily RSVCE,6,verified-fallback
ng:usage:740f500e5b284dd853c9,NG,celebration,stephen_of_hungary,day,,,,,,,"ps15:1a+2-3a,3b-4ab,5","Ps 15:1a+2-3a, 3b-4ab, 5","The just shall live on your holy mountain, O Lord.",,local_rsvce:expanded:d8a4c685fc2a8ecd,Catholic Daily RSVCE,7,verified-fallback
ng:usage:3509fba310ba5b37ce61,NG,celebration,stephen_of_hungary,day,,,,,,,"ps15:1a,2-3a,3b-4ab,5","Ps 15:1a, 2-3a, 3b-4ab, 5","The just shall live on your holy mountain, O Lord.",,local_rsvce:expanded:b2b47e3b4171ad7b,Catholic Daily RSVCE,8,verified-fallback
ng:usage:d51331d81f1b454c2948,NG,celebration,stephen_of_hungary,day,,,,,,,"ps16:1-2a+5,7-8,11","Ps 16:1-2a+5, 7-8, 11","You are my inheritance, O Lord.",,ps16_1_2a_5_7_8_11,Catholic Daily RSVCE,9,verified-fallback
ng:usage:5831281f2040cc999113,NG,celebration,stephen_of_hungary,day,,,,,,,"ps1:1-2,3,4-6","Ps 1:1-2, 3, 4-6",Happy are they who delight in the law of the Lord.,,local_rsvce:expanded:1add7841ef32e023,Catholic Daily RSVCE,10,verified-fallback
ng:usage:79350ed80dc1ecf68c7f,NG,celebration,stephen_of_hungary,day,,,,,,,"ps23:1-3a,3b-4,5,6","Ps 23:1-3a, 3b-4, 5, 6",The Lord is my shepherd; there is nothing I shall want.,2026-03-15,ng:2026-03-15:responsorial-psalm:1,Catholic Missal for Nigeria,11,verified
ng:usage:21096ce338f98a58625a,NG,celebration,stephen_of_hungary,day,,,,,,,"ps34:1-2,3-4,5-6,7-8,9-10","Ps 34:1-2, 3-4, 5-6, 7-8, 9-10",I will bless the Lord at all times.,,local_rsvce:expanded:080f8764f6955b45,Catholic Daily RSVCE,12,verified-fallback
ng:usage:e2649b6c3ff257e0a122,NG,celebration,stephen_of_hungary,day,,,,,,,"ps34:1-2,3-4,5-6,7-8,9-10","Ps 34:1-2, 3-4, 5-6, 7-8, 9-10",Taste and see the goodness of the Lord.,,local_rsvce:expanded:080f8764f6955b45,Catholic Daily RSVCE,13,verified-fallback
ng:usage:1178cd686234d7f8ace3,NG,celebration,sylvester_i_pope,day,,,,,,,"ps106:19-20,21-22,23","Ps 106:19-20, 21-22, 23","Lord, remember us, for the love you bear your people.",,ps106_19_20_21_22_23,Catholic Daily RSVCE,1,verified-fallback
ng:usage:f2cf09577e8f56a18456,NG,celebration,sylvester_i_pope,day,,,,,,,"ps110:1-2,3,4","Ps 110:1-2, 3, 4","You are a priest for ever, in the line of Melchizedek.",,local_rsvce:expanded:9147f45b3f3d63c3,Catholic Daily RSVCE,2,verified-fallback
ng:usage:748b1dc306e20b2bae85,NG,celebration,sylvester_i_pope,day,,,,,,,"ps117:1,2","Ps 117:1, 2",Go out to all the world and tell the good news.,,ng:reconstructed:73d92e286a6fb381,Catholic Missal for Nigeria,3,verified
ng:usage:6c2a9e40ff14a880f4f7,NG,celebration,sylvester_i_pope,day,,,,,,,"ps16:1-2a1-2a+5,7-8,11","Ps 16:1-2a1-2a+5, 7-8, 11","You are my inheritance, O Lord.",,local_rsvce:expanded:acdd2b509ed6230c,Catholic Daily RSVCE,4,verified-fallback
ng:usage:5c7394a88a21dbc6f44d,NG,celebration,sylvester_i_pope,day,,,,,,,"ps23:1-3a,3b-4,5,6","Ps 23:1-3a, 3b-4, 5, 6",The Lord is my shepherd; there is nothing I shall want.,2026-03-15,ng:2026-03-15:responsorial-psalm:1,Catholic Missal for Nigeria,5,verified
ng:usage:fc746abd7f8445c03a93,NG,celebration,sylvester_i_pope,day,,,,,,,"ps40:1+3ab,6,7-8,9","Ps 40:1+3ab, 6, 7-8, 9","Here am I, Lord; I come to do your will.",,local_rsvce:expanded:a6f3121c52e20e28,Catholic Daily RSVCE,6,verified-fallback
ng:usage:9d82a3fd0a027370a18f,NG,celebration,sylvester_i_pope,day,,,,,,,"ps89:1-2,3-4,20-21,24+26","Ps 89:1-2, 3-4, 20-21, 24+26",For ever I will sing the goodness of the Lord.,,local_rsvce:expanded:556f9b30cb1e8359,Catholic Daily RSVCE,7,verified-fallback
ng:usage:3543825648dec08fa9c2,NG,celebration,sylvester_i_pope,day,,,,,,,"ps96:1-2a,2b-3,7-8a,10","Ps 96:1-2a, 2b-3, 7-8a, 10",Proclaim God’s marvellous deeds to all the nations.,,ps96_1_2a_2b_3_7_8a_10,Catholic Daily RSVCE,8,verified-fallback
ng:usage:667671de39292fff7175,NG,celebration,teresa_benedicta_of_the_cross,day,,,,,,,"ps45:11-12,14-17","Ps 45:11-12, 14-17","Listen to me, daughter; see and bend your ear.",,local_rsvce:expanded:b42d6d348023c4bf,Catholic Daily RSVCE,1,verified-fallback
ng:usage:2c9e453b062f92e5b27c,NG,celebration,teresa_of_calcutta,day,,,,,,,ps23:1-6,Ps 23:1-6,The Lord is my shepherd; there is nothing I shall want.,,local_rsvce:expanded:62d405f933e4c668,Catholic Daily RSVCE,1,verified-fallback
ng:usage:bb7534315f6909314ce7,NG,celebration,the_assumption_of_the_blessed_virgin_mary,day,,,,,A,,"ps45:10,11,12,16","Ps 45:10, 11, 12, 16","The queen stands at your right hand, arrayed in gold.",,ng:reconstructed:64ddca3c04620afa,Catholic Missal for Nigeria,1,verified
ng:usage:74651bf32a2732f695a0,NG,celebration,the_assumption_of_the_blessed_virgin_mary,day,,,,,B,,"ps45:10,11,12,16","Ps 45:10, 11, 12, 16","The queen stands at your right hand, arrayed in gold.",,ng:reconstructed:64ddca3c04620afa,Catholic Missal for Nigeria,1,verified
ng:usage:fdc62f934327a9d6adfa,NG,celebration,the_assumption_of_the_blessed_virgin_mary,day,,,,,C,,"ps45:10,11,12,16","Ps 45:10, 11, 12, 16","The queen stands at your right hand, arrayed in gold.",,ng:reconstructed:64ddca3c04620afa,Catholic Missal for Nigeria,1,verified
ng:usage:39a3ee04a8a777f6a85a,NG,celebration,the_assumption_of_the_blessed_virgin_mary,day,,,,,,,"ps45:10,11,12,16","Ps 45:10, 11, 12, 16",On your right stands the queen in gold of Ophir.,2026-08-15,ng:2026-08-15:responsorial-psalm:1,Catholic Missal for Nigeria,1,verified
ng:usage:f73d6277df11447de054,NG,celebration,the_assumption_of_the_blessed_virgin_mary,vigil,,,,,A,,"ps132:6-7,9-10,13-14","Ps 132:6-7, 9-10, 13-14","Lord, go up to the place of your rest,",,ng:reconstructed:c818d975b423ab47,Catholic Missal for Nigeria,1,verified
ng:usage:a8c47fb05317dc659c82,NG,celebration,the_assumption_of_the_blessed_virgin_mary,vigil,,,,,B,,"ps132:6-7,9-10,13-14","Ps 132:6-7, 9-10, 13-14","Lord, go up to the place of your rest,",,ng:reconstructed:c818d975b423ab47,Catholic Missal for Nigeria,1,verified
ng:usage:c73d2c333df98229ff0d,NG,celebration,the_assumption_of_the_blessed_virgin_mary,vigil,,,,,C,,"ps132:6-7,9-10,13-14","Ps 132:6-7, 9-10, 13-14","Lord, go up to the place of your rest,",,ng:reconstructed:c818d975b423ab47,Catholic Missal for Nigeria,1,verified
ng:usage:bedbae82cc046a85773f,NG,celebration,the_assumption_of_the_blessed_virgin_mary,vigil,,,,,,,"ps132:6-7,9-10,13-14","Ps 132:6-7, 9-10, 13-14","Go up, Lord, to the place of your rest, you and the ark of your strength.",2026-08-14,ng:2026-08-14:responsorial-psalm:2,Catholic Missal for Nigeria,1,verified
ng:usage:5cb2f22307c87c2870dd,NG,celebration,thomas_apostle,day,,,,,,,"ps117:1,2","Ps 117:1, 2",Go into all the world and preach the Gospel.,2026-04-24,ng:2026-04-24:responsorial-psalm:1,Catholic Missal for Nigeria,1,verified
ng:usage:8950729d8114d051dd48,NG,celebration,thomas_apostle,day,,,,,,,"ps117:1bc,2","Ps 117:1bc, 2",Go into all the world and proclaim the gospel,,ps117_1bc_2,Catholic Daily RSVCE,2,verified-fallback
ng:usage:2080dd42bad9454de5ef,NG,celebration,thomas_apostle,day,,,,,,,ps117:1-2,Ps 117:1-2,Go out to all the world and tell the Good News.,,local_rsvce:expanded:39ce4fef51d99a1d,Catholic Daily RSVCE,3,verified-fallback
ng:usage:14253b1f73a0e794cc2a,NG,celebration,thomas_becket,day,,,,,,,ps34:2-9,Ps 34:2-9,The Lord delivered me from all my fears.,,local_rsvce:expanded:d0f8a2968a313cb0,Catholic Daily RSVCE,1,verified-fallback
ng:usage:e80e7547a154923c8811,NG,celebration,transfiguration_of_the_lord,day,,,,,,,"ps97:1-2,5-6,9","Ps 97:1-2, 5-6, 9","The Lord is king, the most high above all the earth.",2026-08-06,ng:2026-08-06:responsorial-psalm:1,Catholic Missal for Nigeria,1,verified
ng:usage:c62c8bc3f06b72118a16,NG,celebration,transfiguration_of_the_lord,day,,,,,,,"ps97:1-2,5-6,9","Ps 97:1-2, 5-6, 9","The Lord is king, most high above all the earth.",,ng:reconstructed:fa34bd23c16890c3,Catholic Missal for Nigeria,2,verified
ng:usage:b0a6634b5cca38c2b094,NG,celebration,transfiguration_of_the_lord,day,,,,,,,"ps97:1-2,5-6,9","Ps 97:1-2, 5-6, 9","The Lord is king, the most high over all the earth.",,ng:reconstructed:826388ed60626aa7,Catholic Missal for Nigeria,3,verified
ng:usage:e1026a1555b7b60b4e97,NG,celebration,turibius_of_mogrovejo,day,,,,,,,"ps106:19-20,21-22,23","Ps 106:19-20, 21-22, 23","Lord, remember us, for the love you bear your people.",,ps106_19_20_21_22_23,Catholic Daily RSVCE,1,verified-fallback
ng:usage:bcc5b77fe53680627218,NG,celebration,turibius_of_mogrovejo,day,,,,,,,"ps110:1-2,3,4","Ps 110:1-2, 3, 4","You are a priest for ever, in the line of Melchizedek.",,local_rsvce:expanded:9147f45b3f3d63c3,Catholic Daily RSVCE,2,verified-fallback
ng:usage:21ffafa725dac8a7cdf6,NG,celebration,turibius_of_mogrovejo,day,,,,,,,"ps117:1,2","Ps 117:1, 2",Go out to all the world and tell the good news.,,ng:reconstructed:73d92e286a6fb381,Catholic Missal for Nigeria,3,verified
ng:usage:1b31e37fcf54aa79fcd5,NG,celebration,turibius_of_mogrovejo,day,,,,,,,"ps16:1-2a1-2a+5,7-8,11","Ps 16:1-2a1-2a+5, 7-8, 11","You are my inheritance, O Lord.",,local_rsvce:expanded:acdd2b509ed6230c,Catholic Daily RSVCE,4,verified-fallback
ng:usage:a4671364b598bb5eda76,NG,celebration,turibius_of_mogrovejo,day,,,,,,,"ps23:1-3a,3b-4,5,6","Ps 23:1-3a, 3b-4, 5, 6",The Lord is my shepherd; there is nothing I shall want.,2026-03-15,ng:2026-03-15:responsorial-psalm:1,Catholic Missal for Nigeria,5,verified
ng:usage:8b970683a5f2a2e79c11,NG,celebration,turibius_of_mogrovejo,day,,,,,,,"ps40:1+3ab,6,7-8,9","Ps 40:1+3ab, 6, 7-8, 9","Here am I, Lord; I come to do your will.",,local_rsvce:expanded:a6f3121c52e20e28,Catholic Daily RSVCE,6,verified-fallback
ng:usage:289b118521a1cf54dbd1,NG,celebration,turibius_of_mogrovejo,day,,,,,,,"ps89:1-2,3-4,20-21,24+26","Ps 89:1-2, 3-4, 20-21, 24+26",For ever I will sing the goodness of the Lord.,,local_rsvce:expanded:556f9b30cb1e8359,Catholic Daily RSVCE,7,verified-fallback
ng:usage:e1098a33a460efb2e988,NG,celebration,turibius_of_mogrovejo,day,,,,,,,"ps96:1-2a,2b-3,7-8a,10","Ps 96:1-2a, 2b-3, 7-8a, 10",Proclaim God’s marvellous deeds to all the nations.,,ps96_1_2a_2b_3_7_8a_10,Catholic Daily RSVCE,8,verified-fallback
ng:usage:3fed6ab42bd18c4396ee,NG,celebration,vincent_ferrer,day,,,,,,,"ps106:19-20,21-22,23","Ps 106:19-20, 21-22, 23","Lord, remember us, for the love you bear your people.",,ps106_19_20_21_22_23,Catholic Daily RSVCE,1,verified-fallback
ng:usage:ef3e94b1ee639a122280,NG,celebration,vincent_ferrer,day,,,,,,,"ps110:1-2,3,4","Ps 110:1-2, 3, 4","You are a priest for ever, in the line of Melchizedek.",,local_rsvce:expanded:9147f45b3f3d63c3,Catholic Daily RSVCE,2,verified-fallback
ng:usage:06498e95d59c86126dfb,NG,celebration,vincent_ferrer,day,,,,,,,"ps117:1,2","Ps 117:1, 2",Go out to all the world and tell the good news.,,ng:reconstructed:73d92e286a6fb381,Catholic Missal for Nigeria,3,verified
ng:usage:1bd9874d81acff5d815e,NG,celebration,vincent_ferrer,day,,,,,,,"ps16:1-2a1-2a+5,7-8,11","Ps 16:1-2a1-2a+5, 7-8, 11","You are my inheritance, O Lord.",,local_rsvce:expanded:acdd2b509ed6230c,Catholic Daily RSVCE,4,verified-fallback
ng:usage:ff40a4583286803a8efe,NG,celebration,vincent_ferrer,day,,,,,,,"ps23:1-3a,3b-4,5,6","Ps 23:1-3a, 3b-4, 5, 6",The Lord is my shepherd; there is nothing I shall want.,2026-03-15,ng:2026-03-15:responsorial-psalm:1,Catholic Missal for Nigeria,5,verified
ng:usage:8abfa9450b05f2c3ae1a,NG,celebration,vincent_ferrer,day,,,,,,,"ps40:1+3ab,6,7-8,9","Ps 40:1+3ab, 6, 7-8, 9","Here am I, Lord; I come to do your will.",,local_rsvce:expanded:a6f3121c52e20e28,Catholic Daily RSVCE,6,verified-fallback
ng:usage:51e7bcd6678deaaee157,NG,celebration,vincent_ferrer,day,,,,,,,"ps89:1-2,3-4,20-21,24+26","Ps 89:1-2, 3-4, 20-21, 24+26",For ever I will sing the goodness of the Lord.,,local_rsvce:expanded:556f9b30cb1e8359,Catholic Daily RSVCE,7,verified-fallback
ng:usage:57df371191b2c38f4743,NG,celebration,vincent_ferrer,day,,,,,,,"ps96:1-2a,2b-3,7-8a,10","Ps 96:1-2a, 2b-3, 7-8a, 10",Proclaim God’s marvellous deeds to all the nations.,,ps96_1_2a_2b_3_7_8a_10,Catholic Daily RSVCE,8,verified-fallback
ng:usage:84e8cf4f256aaa10b04b,NG,celebration,vincent_ferrer,day,,,,,,,"ps103:1-2,3-4,8-9,13-14,17-18a","Ps 103:1-2, 3-4, 8-9, 13-14, 17-18a","O bless the Lord, my soul!",,local_rsvce:expanded:a23963e8ba7768b2,Catholic Daily RSVCE,9,verified-fallback
ng:usage:2d632dd6652b9bf0f6b1,NG,celebration,vincent_ferrer,day,,,,,,,"ps112:1-2,3-4,5-6,7-8,9","Ps 112:1-2, 3-4, 5-6, 7-8, 9",Happy are those who fear the Lord.,,local_rsvce:expanded:a2598f66f2117110,Catholic Daily RSVCE,10,verified-fallback
ng:usage:a7f5a36b88ae30306281,NG,celebration,vincent_ferrer,day,,,,,,,"ps112:1-2,5-6,7-8,9","Ps 112:1-2, 5-6, 7-8, 9",Happy are those who fear the Lord.,,ps112_1_2_5_6_7_8_9,Catholic Daily RSVCE,11,verified-fallback
ng:usage:9facf2bace76b2a95396,NG,celebration,vincent_ferrer,day,,,,,,,"ps126:1-2ab,2bc-3,4-5,6","Ps 126:1-2ab, 2bc-3, 4-5, 6",Those who sow in tears shall reap with shouts of joy.,,ps126_1_2ab_2bc_3_4_5_6,Catholic Daily RSVCE,12,verified-fallback
ng:usage:7b7019b2c0142d7c7cc9,NG,celebration,vincent_ferrer,day,,,,,,,"ps128:1-2,3-4,5-6","Ps 128:1-2, 3-4, 5-6",Happy are those who fear the Lord.,,local_rsvce:expanded:4115d7f061b9dec9,Catholic Daily RSVCE,13,verified-fallback
ng:usage:ae8b0b772764fa77f844,NG,celebration,vincent_ferrer,day,,,,,,,"ps131:1,2-3a","Ps 131:1, 2-3a","In you, Lord, I have found my peace.",,local_rsvce:expanded:c554d668e32bfa75,Catholic Daily RSVCE,14,verified-fallback
ng:usage:7d110d2bd76a45d54470,NG,celebration,vincent_ferrer,day,,,,,,,"ps15:1a+2-3a,3b-4ab,5","Ps 15:1a+2-3a, 3b-4ab, 5","The just shall live on your holy mountain, O Lord.",,local_rsvce:expanded:d8a4c685fc2a8ecd,Catholic Daily RSVCE,15,verified-fallback
ng:usage:86e20891a27a7a45b5bc,NG,celebration,vincent_ferrer,day,,,,,,,"ps15:1a,2-3a,3b-4ab,5","Ps 15:1a, 2-3a, 3b-4ab, 5","The just shall live on your holy mountain, O Lord.",,local_rsvce:expanded:b2b47e3b4171ad7b,Catholic Daily RSVCE,16,verified-fallback
ng:usage:ebaca8f5a533aec3dcc3,NG,celebration,vincent_ferrer,day,,,,,,,"ps16:1-2a+5,7-8,11","Ps 16:1-2a+5, 7-8, 11","You are my inheritance, O Lord.",,ps16_1_2a_5_7_8_11,Catholic Daily RSVCE,17,verified-fallback
ng:usage:646af21e057d997da984,NG,celebration,vincent_ferrer,day,,,,,,,"ps1:1-2,3,4-6","Ps 1:1-2, 3, 4-6",Happy are they who delight in the law of the Lord.,,local_rsvce:expanded:1add7841ef32e023,Catholic Daily RSVCE,18,verified-fallback
ng:usage:4506f98f994b40752e2c,NG,celebration,vincent_ferrer,day,,,,,,,"ps34:1-2,3-4,5-6,7-8,9-10","Ps 34:1-2, 3-4, 5-6, 7-8, 9-10",I will bless the Lord at all times.,,local_rsvce:expanded:080f8764f6955b45,Catholic Daily RSVCE,19,verified-fallback
ng:usage:0aaef820b3637c0c3fae,NG,celebration,vincent_ferrer,day,,,,,,,"ps34:1-2,3-4,5-6,7-8,9-10","Ps 34:1-2, 3-4, 5-6, 7-8, 9-10",Taste and see the goodness of the Lord.,,local_rsvce:expanded:080f8764f6955b45,Catholic Daily RSVCE,20,verified-fallback
ng:usage:f53cddb59c64c71ba373,NG,celebration,visitation_of_mary,day,,,,,,,isa12:2-6,Isa 12:2-6,Among you is the great and Holy One of Israel.,,isa12_2_6,Catholic Daily RSVCE,1,verified-fallback
ng:usage:cef6564828ae049a71b4,NG,celebration,wenceslaus_of_bohemia,day,,,,,,,"ps124:2-3,4-5,7b-8","Ps 124:2-3, 4-5, 7b-8",Our soul has escaped like a bird from the hunter’s net.,,ps124_2_3_4_5_7b_8,Catholic Daily RSVCE,1,verified-fallback
ng:usage:f5abad07e52ced44c1b6,NG,celebration,wenceslaus_of_bohemia,day,,,,,,,"ps126:1-2ab,2bc-3,4-5,6","Ps 126:1-2ab, 2bc-3, 4-5, 6",Those who sow in tears shall reap with shouts of joy.,,ps126_1_2ab_2bc_3_4_5_6,Catholic Daily RSVCE,2,verified-fallback
ng:usage:b630c6ebcd9e9e719ca7,NG,celebration,wenceslaus_of_bohemia,day,,,,,,,"ps31:2cd-3ab,5+7ab,15bc-16","Ps 31:2cd-3ab, 5+7ab, 15bc-16","Into your hands, O Lord, I entrust my spirit.",,ps31_2cd_3ab_5_7ab_15bc_16,Catholic Daily RSVCE,3,verified-fallback
ng:usage:ce1b666bb39c8373f15e,NG,celebration,wenceslaus_of_bohemia,day,,,,,,,"ps34:1-2,3-4,5-6,7-8","Ps 34:1-2, 3-4, 5-6, 7-8",The Lord set me free from all my fears.,,ps34_1_2_3_4_5_6_7_8,Catholic Daily RSVCE,4,verified-fallback
ng:usage:283c76992235504bfebe,NG,special-period,,,,,,advent-december-17,,I,"ps72:1-2,3-4ab,7-8,17","Ps 72:1-2, 3-4ab, 7-8, 17","Justice shall flourish in his time, and fullness of peace for ever.",,ng:reconstructed:ea07954a0e62a027,Catholic Missal for Nigeria,1,verified
ng:usage:5d1a2bfb8f4f6d5d7aeb,NG,special-period,,,,,,advent-december-17,,I,"ps72:1-2,3-4,7-8,17","Ps 72:1-2, 3-4, 7-8, 17",Justice and peace shall flourish for ever.,,ps72_1_2_3_4_7_8_17,Catholic Daily RSVCE,2,verified-fallback
ng:usage:35c68d9e0d5307c36aaf,NG,special-period,,,,,,advent-december-17,,II,"ps72:1-2,3-4ab,7-8,17","Ps 72:1-2, 3-4ab, 7-8, 17","In his days shall justice flourish, and great peace forever.",2025-12-17,ng:2025-12-17:responsorial-psalm:1,Catholic Missal for Nigeria,1,verified
ng:usage:375fe954a7c53eeb1ae7,NG,special-period,,,,,,advent-december-17,,II,"ps72:1-2,3-4,7-8,17","Ps 72:1-2, 3-4, 7-8, 17",Justice and peace shall flourish for ever.,,ps72_1_2_3_4_7_8_17,Catholic Daily RSVCE,2,verified-fallback
ng:usage:a8d3229ad6da828dec53,NG,special-period,,,,,,advent-december-18,,I,"ps72:1-2,12-13,18-19","Ps 72:1-2, 12-13, 18-19","Justice shall flourish in his time, and fullness of peace for ever.",,ps72_1_2_12_13_18_19,Catholic Daily RSVCE,1,verified-fallback
ng:usage:05127cee89ad3c123d1e,NG,special-period,,,,,,advent-december-18,,I,"ps72:1-2,12-13,18-19","Ps 72:1-2, 12-13, 18-19",Justice and peace shall flourish for ever.,,ps72_1_2_12_13_18_19,Catholic Daily RSVCE,2,verified-fallback
ng:usage:eae7c7bd5cdcda9ae268,NG,special-period,,,,,,advent-december-18,,II,"ps72:1-2,12-13,18-19","Ps 72:1-2, 12-13, 18-19","In his days shall justice flourish, and great peace forever.",2025-12-18,ng:2025-12-18:responsorial-psalm:1,Catholic Missal for Nigeria,1,verified
ng:usage:c6400c9dad435121e191,NG,special-period,,,,,,advent-december-18,,II,"ps72:1-2,12-13,18-19","Ps 72:1-2, 12-13, 18-19",Justice and peace shall flourish for ever.,,ps72_1_2_12_13_18_19,Catholic Daily RSVCE,2,verified-fallback
ng:usage:2e14dbd3448ad135064d,NG,special-period,,,,,,advent-december-19,,I,"ps71:3-4a,5-6ab,16-17","Ps 71:3-4a, 5-6ab, 16-17","My mouth shall be filled with your praise, and I will sing your glory!",,ps71_3_4a_5_6ab_16_17,Catholic Daily RSVCE,1,verified-fallback
ng:usage:ccc010c1a7ec4ad666ad,NG,special-period,,,,,,advent-december-19,,I,"ps71:3-4a,5-6ab,16-17","Ps 71:3-4a, 5-6ab, 16-17",Fill me with your praise and I will sing your glory!,,ps71_3_4a_5_6ab_16_17,Catholic Daily RSVCE,2,verified-fallback
ng:usage:ecb1429f49fbcf38f56d,NG,special-period,,,,,,advent-december-19,,II,"ps71:3-4a,5-6ab:16-17","Ps 71:3-4a, 5-6ab:16-17","My mouth is filled with your praise, and I will sing your glory!",2025-12-19,ng:2025-12-19:responsorial-psalm:1,Catholic Missal for Nigeria,1,verified
ng:usage:ec535c44eaa47d806fe2,NG,special-period,,,,,,advent-december-19,,II,"ps71:3-4a,5-6ab,16-17","Ps 71:3-4a, 5-6ab, 16-17",Fill me with your praise and I will sing your glory!,,ps71_3_4a_5_6ab_16_17,Catholic Daily RSVCE,2,verified-fallback
ng:usage:d4e1252a4169cadc0053,NG,special-period,,,,,,advent-december-20,,I,"ps24:1-2,3-4ab,5-6","Ps 24:1-2, 3-4ab, 5-6",Let the Lord enter; he is the king of glory!,2025-12-21,ng:2025-12-21:responsorial-psalm:1,Catholic Missal for Nigeria,1,verified
ng:usage:33c51b6238c9a6af69de,NG,special-period,,,,,,advent-december-20,,I,"ps24:1-2,3-4ab,5-6","Ps 24:1-2, 3-4ab, 5-6",Let the Lord enter; he is king of glory.,,ng:reconstructed:51f958e73e5009e7,Catholic Missal for Nigeria,2,verified
ng:usage:156bb5f7bee3ee13912a,NG,special-period,,,,,,advent-december-20,,II,"ps24:1bc-2,3-4ab,5-6","Ps 24:1bc-2, 3-4ab, 5-6",Let the Lord enter; he is the king of glory.,2025-12-20,ng:2025-12-20:responsorial-psalm:1,Catholic Missal for Nigeria,1,verified
ng:usage:101375b73dc649b7a872,NG,special-period,,,,,,advent-december-20,,II,"ps24:1-2,3-4ab,5-6","Ps 24:1-2, 3-4ab, 5-6",Let the Lord enter; he is king of glory.,,ng:reconstructed:51f958e73e5009e7,Catholic Missal for Nigeria,2,verified
ng:usage:7d2e3fff0c85f304bacd,NG,special-period,,,,,,advent-december-21,A,,"ps24:1-2,3-4ab,5-6","Ps 24:1-2, 3-4ab, 5-6",Let the Lord enter; he is the king of glory.,2025-12-21,ng:2025-12-21:responsorial-psalm:1,Catholic Missal for Nigeria,1,verified
ng:usage:1087a4bc214799e3184d,NG,special-period,,,,,,advent-december-21,,I,"ps33:2-3,11-12,20-21","Ps 33:2-3, 11-12, 20-21","Ring out your joy to the Lord, O you just; O Sing him a song that is new",,ps33_2_3_11_12_20_21,Catholic Daily RSVCE,1,verified-fallback
ng:usage:832f091c8aa60fc9dfd3,NG,special-period,,,,,,advent-december-21,,I,"ps33:2-3,11-12,20-21","Ps 33:2-3, 11-12, 20-21",Cry out with joy to the Lord.,,ps33_2_3_11_12_20_21,Catholic Daily RSVCE,2,verified-fallback
ng:usage:ee59a50ddb595a6a4b58,NG,special-period,,,,,,advent-december-21,,II,"ps33:2-3,11-12,20-21","Ps 33:2-3, 11-12, 20-21",Cry out with joy to the Lord.,,ps33_2_3_11_12_20_21,Catholic Daily RSVCE,1,verified-fallback
ng:usage:e668d083c33e69b4dca7,NG,special-period,,,,,,advent-december-22,C,,"ps80:2-3,15-16,18-19","Ps 80:2-3, 15-16, 18-19","Lord, make us turn to you; let us see your face and we shall be saved.",,ps80_2_3_15_16_18_19,Catholic Daily RSVCE,1,verified-fallback
ng:usage:387a908e9aaee79bd0f6,NG,special-period,,,,,,advent-december-22,,II,"1sam2:1,4-5,6-7,8abcd","1Sam 2:1, 4-5, 6-7, 8abcd","My heart exults in the Lord, my Saviour.",2025-12-22,ng:2025-12-22:responsorial-psalm:1,Catholic Missal for Nigeria,1,verified
ng:usage:d132ee02af4b688b7c2c,NG,special-period,,,,,,advent-december-23,,I,"ps25:4-5ab,8-9,10,14","Ps 25:4-5ab, 8-9, 10, 14",Lift up your heads and see; your redemption is near at hand.,,ps25_4_5ab_8_9_10_14,Catholic Daily RSVCE,1,verified-fallback
ng:usage:d535aea443001d461ada,NG,special-period,,,,,,advent-december-23,,I,"ps25:4bc-5ab,8-9,10+14","Ps 25:4bc-5ab, 8-9, 10+14",Lift up your heads and see;,,ps25_4bc_5ab_8_9_10_14,Catholic Daily RSVCE,2,verified-fallback
ng:usage:05d082e7b586884f281d,NG,special-period,,,,,,advent-december-23,,II,"ps25:4-5ab,8-9,10,14","Ps 25:4-5ab, 8-9, 10, 14","Look up and raise your heads, because your redemption is drawing near.",2025-12-23,ng:2025-12-23:responsorial-psalm:1,Catholic Missal for Nigeria,1,verified
ng:usage:563efc23f0b03a971917,NG,special-period,,,,,,advent-december-23,,II,"ps25:4bc-5ab,8-9,10+14","Ps 25:4bc-5ab, 8-9, 10+14",Lift up your heads and see;,,ps25_4bc_5ab_8_9_10_14,Catholic Daily RSVCE,2,verified-fallback
ng:usage:36de9bb9dfd0fbd27f72,NG,special-period,,,,,,advent-december-24,,I,"ps89:2-3,4-5,27,29","Ps 89:2-3, 4-5, 27, 29",For ever I will sing the goodness of the Lord,,ps89_2_3_4_5_27_29,Catholic Daily RSVCE,1,verified-fallback
ng:usage:e15e9e1ff3b7896d9f54,NG,special-period,,,,,,advent-december-24,,I,"ps89:1-2,3-4,26+28","Ps 89:1-2, 3-4, 26+28",For ever I will sing the goodness of the Lord.,,ps89_1_2_3_4_26_28,Catholic Daily RSVCE,2,verified-fallback
ng:usage:a285f41621b1784b2f35,NG,special-period,,,,,,advent-december-24,,II,"ps89:2-3,4-5,27,29","Ps 89:2-3, 4-5, 27, 29","I will sing forever of your mercies, O Lord.",2025-12-24,ng:2025-12-24:responsorial-psalm:1,Catholic Missal for Nigeria,1,verified
ng:usage:ab9b2136c69ef462f539,NG,special-period,,,,,,advent-december-24,,II,"ps89:1-2,3-4,26+28","Ps 89:1-2, 3-4, 26+28",For ever I will sing the goodness of the Lord.,,ps89_1_2_3_4_26_28,Catholic Daily RSVCE,2,verified-fallback
ng:usage:00b4a79915af039288cb,NG,special-period,,,,,,after-ash-wednesday-friday,,I,"ps51:3-4,5-6ab,18-19","Ps 51:3-4, 5-6ab, 18-19","A heart contrite and humbled, O God, you will not spurn.",,ps51_3_4_5_6ab_18_19,Catholic Daily RSVCE,1,verified-fallback
ng:usage:e19b50fefe9fcda3497f,NG,special-period,,,,,,after-ash-wednesday-friday,,II,"ps51:3-4,5-6ab,18-19","Ps 51:3-4, 5-6ab, 18-19","A broken and humbled heart, O God, you will not spurn.",2026-02-20,ng:2026-02-20:responsorial-psalm:1,Catholic Missal for Nigeria,1,verified
ng:usage:3f1875b7cdc216669de7,NG,special-period,,,,,,after-ash-wednesday-saturday,,I,"ps86:1-2,3-4,5-6","Ps 86:1-2, 3-4, 5-6","Teach me, O Lord, your way, so that I may walk in your truth.",2026-02-21,ng:2026-02-21:responsorial-psalm:1,Catholic Missal for Nigeria,1,verified
ng:usage:deaab7fe87ab9881e7a6,NG,special-period,,,,,,after-ash-wednesday-saturday,,II,"ps86:1-2,3-4,5-6","Ps 86:1-2, 3-4, 5-6","Teach me, O Lord, your way, So that I may walk in your truth.",2026-02-21,ng:2026-02-21:responsorial-psalm:1,Catholic Missal for Nigeria,1,verified
ng:usage:6982fc0ed6ddefa06e63,NG,special-period,,,,,,after-ash-wednesday-thursday,,I,"ps1:1-2,3,4,6","Ps 1:1-2, 3, 4, 6",Blessed are they who hope in the Lord.,,ng:reconstructed:4414a34004c0e690,Catholic Missal for Nigeria,1,verified
ng:usage:00e8abe79dd6d6f0896f,NG,special-period,,,,,,after-ash-wednesday-thursday,,II,"ps1:1-2,3,4and6","Ps 1:1-2, 3, 4and6",Blessed the man who has placed his trust in the Lord.,2026-02-19,ng:2026-02-19:responsorial-psalm:1,Catholic Missal for Nigeria,1,verified
ng:usage:e31b671af4674e51d3bf,NG,special-period,,,,,,after-ash-wednesday-thursday,,II,"ps1:1-2,3,4,6","Ps 1:1-2, 3, 4, 6",Blessed the man who has placed his trust in the Lord.,2026-03-05,ng:2026-03-05:responsorial-psalm:1,Catholic Missal for Nigeria,2,verified
ng:usage:192e9744ffcdfdc573b2,NG,special-period,,,,,,after-epiphany-friday,,I,"ps147:12-13,14-15,19-20","Ps 147:12-13, 14-15, 19-20","Praise the Lord, Jerusalem.",,ps147_12_13_14_15_19_20,Catholic Daily RSVCE,1,verified-fallback
ng:usage:723f935411098f542c35,NG,special-period,,,,,,after-epiphany-friday,,II,"ps147:12-13,14-15,19-20","Ps 147:12-13, 14-15, 19-20","O Jerusalem, glorify the Lord!",2026-01-09,ng:2026-01-09:responsorial-psalm:1,Catholic Missal for Nigeria,1,verified
ng:usage:c2b011037b5e55a5842c,NG,special-period,,,,,,after-epiphany-saturday,,I,"ps149:1-2,3-4,5,6a,9b","Ps 149:1-2, 3-4, 5, 6a, 9b",The Lord takes delight in his people or Alleluia,,ps149_1_2_3_4_5_6a_9b__alias_75e62e52fcec,Catholic Daily RSVCE,1,verified-fallback
ng:usage:e2cf0aba1cc2c1e4f99a,NG,special-period,,,,,,after-epiphany-saturday,,II,"ps149:1b-2,3-4,5-6a,9bc","Ps 149:1b-2, 3-4, 5-6a, 9bc",The Lord takes delight in his people.,2026-01-10,ng:2026-01-10:responsorial-psalm:1,Catholic Missal for Nigeria,1,verified
ng:usage:a171ef8ce67214012ab1,NG,special-period,,,,,,after-epiphany-thursday,,I,"ps72:1-2,14,15bc,17","Ps 72:1-2, 14, 15bc, 17","Lord, every nation on earth will adore you.",,ps72_1_2_14_15bc_17__alias_f0b43c6efc54,Catholic Daily RSVCE,1,verified-fallback
ng:usage:cee4ee80c243c7a54520,NG,special-period,,,,,,after-epiphany-thursday,,II,"ps72:1-2,14,15cd,17","Ps 72:1-2, 14, 15cd, 17","All nations on earth shall fall prostrate before you, O Lord.",2026-01-08,ng:2026-01-08:responsorial-psalm:1,Catholic Missal for Nigeria,1,verified
ng:usage:8212788dec47f77ec5b5,NG,special-period,,,,,,after-epiphany-wednesday,,I,"ps72:1-2,10,12-13","Ps 72:1-2, 10, 12-13","Lord, every nation on earth will adore you.",,ps72_1_2_10_12_13,Catholic Daily RSVCE,1,verified-fallback
ng:usage:83fae1faf0c56589b718,NG,special-period,,,,,,ash-wednesday,A,,"ps51:3-4,5-6ab,12-13,14,17","Ps 51:3-4, 5-6ab, 12-13, 14, 17","Be merciful, O Lord, for we have sinned.",,ps51_3_4_5_6ab_12_13_14_17,Catholic Daily RSVCE,1,verified-fallback
ng:usage:7360977e29ed778f7514,NG,special-period,,,,,,ash-wednesday,B,,"ps51:3-4,5-6ab,12-13,14,17","Ps 51:3-4, 5-6ab, 12-13, 14, 17","Be merciful, O Lord, for we have sinned.",,ps51_3_4_5_6ab_12_13_14_17,Catholic Daily RSVCE,1,verified-fallback
ng:usage:59f729daf7322f7c50ed,NG,special-period,,,,,,ash-wednesday,C,,"ps51:3-4,5-6ab,12-13,14,17","Ps 51:3-4, 5-6ab, 12-13, 14, 17","Be merciful, O Lord, for we have sinned.",,ps51_3_4_5_6ab_12_13_14_17,Catholic Daily RSVCE,1,verified-fallback
ng:usage:8bd2f2a35a8aa55fa577,NG,special-period,,,,,,ash-wednesday,,I,"ps51:3-4,5-6ab,12-13,14,17","Ps 51:3-4, 5-6ab, 12-13, 14, 17","Be merciful, O Lord, for we have sinned.",,ps51_3_4_5_6ab_12_13_14_17,Catholic Daily RSVCE,1,verified-fallback
ng:usage:d835703a538cec4da41b,NG,special-period,,,,,,ash-wednesday,,I,"ps51:1-2,3-4a,10-11,12+15","Ps 51:1-2, 3-4a, 10-11, 12+15","Be merciful, O Lord, for we have sinned.",,ps51_1_2_3_4a_10_11_12_15,Catholic Daily RSVCE,2,verified-fallback
ng:usage:a472a494808555ef2d4a,NG,special-period,,,,,,ash-wednesday,,II,"ps51:3-4,5-6ab,12-13,14,17","Ps 51:3-4, 5-6ab, 12-13, 14, 17","Have mercy, O Lord, for we have sinned.",2026-02-18,ng:2026-02-18:responsorial-psalm:1,Catholic Missal for Nigeria,1,verified
ng:usage:9d7f8f4a630d7126d539,NG,special-period,,,,,,ash-wednesday,,II,"ps51:1-2,3-4a,10-11,12+15","Ps 51:1-2, 3-4a, 10-11, 12+15","Be merciful, O Lord, for we have sinned.",,ps51_1_2_3_4a_10_11_12_15,Catholic Daily RSVCE,2,verified-fallback
ng:usage:36e004c8606d50caa5d8,NG,special-period,,,,,,christmas-december-28,,I,"ps124:2-3,4-5,7b-8","Ps 124:2-3, 4-5, 7b-8",Our soul has been rescued like a bird from the fowler’s snare.,,ps124_2_3_4_5_7b_8,Catholic Daily RSVCE,1,verified-fallback
ng:usage:f6e77378ffb6a5754e48,NG,special-period,,,,,,christmas-december-29,,II,"ps96:1-2a.,2b-3,5b-6","Ps 96:1-2a., 2b-3, 5b-6",Let the heavens rejoice and earth be glad.,2025-12-29,ng:2025-12-29:responsorial-psalm:1,Catholic Missal for Nigeria,1,verified
ng:usage:7dda5ba43dfb78360457,NG,special-period,,,,,,christmas-december-30,,I,"ps96:7-8a,8b-9,10","Ps 96:7-8a, 8b-9, 10",Let the heavens be glad and the earth rejoice!,,ps96_7_8a_8b_9_10,Catholic Daily RSVCE,1,verified-fallback
ng:usage:06813b67225f180687f1,NG,special-period,,,,,,christmas-december-30,,II,"ps96:7-8a,8b-9,10","Ps 96:7-8a, 8b-9, 10",Let the heavens rejoice and earth be glad.,2025-12-30,ng:2025-12-30:responsorial-psalm:1,Catholic Missal for Nigeria,1,verified
ng:usage:b41e7601dbff14b08fbd,NG,special-period,,,,,,christmas-december-31,,I,"ps96:1-2,11-12,13","Ps 96:1-2, 11-12, 13",Let the heavens be glad and the earth rejoice!,,ng:reconstructed:98793514984b79e1,Catholic Missal for Nigeria,1,verified
ng:usage:9a731e0e00e5f92c5361,NG,special-period,,,,,,christmas-december-31,,II,"ps96:1-2,11-12,13","Ps 96:1-2, 11-12, 13",Let the heavens rejoice and earth be glad.,2025-12-31,ng:2025-12-31:responsorial-psalm:1,Catholic Missal for Nigeria,1,verified
ng:usage:5c0e535f4276a258f507,NG,special-period,,,,,,christmas-january-2,,I,"ps98:1,2-3ab,3cd-4","Ps 98:1, 2-3ab, 3cd-4",All the ends of the earth have seen the saving power of God.,,ps98_1_2_3ab_3cd_4,Catholic Daily RSVCE,1,verified-fallback
ng:usage:ab71dedadfcaeace2c72,NG,special-period,,,,,,christmas-january-2,,I,"ps98:1,2-3ab,3cd-4","Ps 98:1, 2-3ab, 3cd-4",All the ends of the earth have seen,,ps98_1_2_3ab_3cd_4,Catholic Daily RSVCE,2,verified-fallback
ng:usage:e48ed5503cd96ba0da8b,NG,special-period,,,,,,christmas-january-2,,II,"ps98:1,2-3ab,3cd-4","Ps 98:1, 2-3ab, 3cd-4",All the ends of the earth have seen the salvation of our God.,2026-01-02,ng:2026-01-02:responsorial-psalm:1,Catholic Missal for Nigeria,1,verified
ng:usage:843f8c27d97a4a2312af,NG,special-period,,,,,,christmas-january-2,,II,"ps98:1,2-3ab,3cd-4","Ps 98:1, 2-3ab, 3cd-4",All the ends of the earth have seen,,ps98_1_2_3ab_3cd_4,Catholic Daily RSVCE,2,verified-fallback
ng:usage:c0b5c07808f0a82b4ef1,NG,special-period,,,,,,christmas-january-3,,I,"ps98:1,3cd-4,5-6","Ps 98:1, 3cd-4, 5-6",All the ends of the earth have seen the saving power of God.,,ps98_1_3cd_4_5_6,Catholic Daily RSVCE,1,verified-fallback
ng:usage:f2231037c02402daff31,NG,special-period,,,,,,christmas-january-3,,I,"ps98:1,3cd-4,5-6","Ps 98:1, 3cd-4, 5-6",All the ends of the earth have seen,,ps98_1_3cd_4_5_6,Catholic Daily RSVCE,2,verified-fallback
ng:usage:930e2d1f54a036bece4c,NG,special-period,,,,,,christmas-january-3,,II,"ps98:1,3cd-4,5-6","Ps 98:1, 3cd-4, 5-6",All the ends of the earth have seen the salvation of our God.,2026-01-03,ng:2026-01-03:responsorial-psalm:1,Catholic Missal for Nigeria,1,verified
ng:usage:9f9e42f9f7d3517bc495,NG,special-period,,,,,,christmas-january-3,,II,"ps98:1,3cd-4,5-6","Ps 98:1, 3cd-4, 5-6",All the ends of the earth have seen,,ps98_1_3cd_4_5_6,Catholic Daily RSVCE,2,verified-fallback
ng:usage:844167970e922ccd7b98,NG,special-period,,,,,,christmas-january-4,,I,"ps98:1,7-8,9","Ps 98:1, 7-8, 9",All the ends of the earth have seen the saving power of God.,,ps98_1_7_8_9,Catholic Daily RSVCE,1,verified-fallback
ng:usage:e83e02664017ae541c78,NG,special-period,,,,,,christmas-january-4,,I,"ps98:1,7-8,9","Ps 98:1, 7-8, 9",All the ends of the earth have seen,,ps98_1_7_8_9,Catholic Daily RSVCE,2,verified-fallback
ng:usage:5b2c6cb783f3ba0d47c5,NG,special-period,,,,,,christmas-january-4,,II,"ps98:1,7-8,9","Ps 98:1, 7-8, 9",All the ends of the earth have seen the salvation of our God.,,ps98_1_7_8_9,Catholic Daily RSVCE,1,verified-fallback
ng:usage:6a097b58331c801c7202,NG,special-period,,,,,,christmas-january-4,,II,"ps98:1,7-8,9","Ps 98:1, 7-8, 9",All the ends of the earth have seen,,ps98_1_7_8_9,Catholic Daily RSVCE,2,verified-fallback
ng:usage:7354a90178dc88b6f683,NG,special-period,,,,,,christmas-january-5,,I,"ps100:1-2,3,4,5","Ps 100:1-2, 3, 4, 5",Let all the earth cry out with joy.,,ng:reconstructed:ad906fabfff7358c,Catholic Missal for Nigeria,1,verified
ng:usage:c60ca9ddd4c33c749d7a,NG,special-period,,,,,,christmas-january-5,,II,"ps2:7-8,10-11","Ps 2:7-8, 10-11",I will give you the nations as your inheritance.,2026-01-05,ng:2026-01-05:responsorial-psalm:1,Catholic Missal for Nigeria,1,verified
ng:usage:78710d5e1a8748633249,NG,special-period,,,,,,christmas-january-5,,II,"ps100:1b-2,3,4,5","Ps 100:1b-2, 3, 4, 5","Cry out with joy to the Lord, all the earth.",,ps100_1b_2_3_4_5,Catholic Daily RSVCE,2,verified-fallback
ng:usage:82d9d860283aef2367ec,NG,special-period,,,,,,christmas-january-5,,II,"ps100:1-2,3,4,5","Ps 100:1-2, 3, 4, 5",Let all the earth cry out with joy.,,ng:reconstructed:ad906fabfff7358c,Catholic Missal for Nigeria,3,verified
ng:usage:30d4fba50a0098e6be4c,NG,special-period,,,,,,christmas-january-6,,I,"ps147:12-13,14-15,19-20","Ps 147:12-13, 14-15, 19-20","Praise the Lord, Jerusalem.",,ps147_12_13_14_15_19_20,Catholic Daily RSVCE,1,verified-fallback
ng:usage:f2cbbbed8adb58452cca,NG,special-period,,,,,,christmas-january-6,,II,"ps72:1-2,3-4ab,7-8","Ps 72:1-2, 3-4ab, 7-8","All nations on earth shall fall prostrate before you, O Lord.",2026-01-06,ng:2026-01-06:responsorial-psalm:1,Catholic Missal for Nigeria,1,verified
ng:usage:08378589236811cf96dd,NG,special-period,,,,,,christmas-january-6,,II,"ps147:12-13,14-15,19-20","Ps 147:12-13, 14-15, 19-20","O Jerusalem, glorify the Lord! or Alleluia.",,ps147_12_13_14_15_19_20,Catholic Daily RSVCE,2,verified-fallback
ng:usage:2f0506d91e0808345a81,NG,special-period,,,,,,christmas-january-6,,II,"ps147:12-13,14-15,19-20","Ps 147:12-13, 14-15, 19-20","Praise the Lord, Jerusalem.",,ps147_12_13_14_15_19_20,Catholic Daily RSVCE,3,verified-fallback
ng:usage:dad3fe8ebb581f91ecc5,NG,special-period,,,,,,christmas-january-7,,I,"ps72:1-2,3-4,7-8","Ps 72:1-2, 3-4, 7-8","Lord, every nation on earth will adore you.",,ps72_1_2_3_4_7_8,Catholic Daily RSVCE,1,verified-fallback
ng:usage:84601e37cd156aae9e8a,NG,special-period,,,,,,christmas-january-7,,I,"ps149:1-2,3-4,5-6a+9b","Ps 149:1-2, 3-4, 5-6a+9b",The Lord takes delight in his people.,,ps149_1_2_3_4_5_6a_9b,Catholic Daily RSVCE,2,verified-fallback
ng:usage:cad36ecc5edcfb91c044,NG,special-period,,,,,,christmas-january-7,,II,"ps72:1-2,10-11,12-13","Ps 72:1-2, 10-11, 12-13","All nations on earth shall fall prostrate before you, O Lord.",2026-01-07,ng:2026-01-07:responsorial-psalm:1,Catholic Missal for Nigeria,1,verified
ng:usage:da406b31557529910075,NG,special-period,,,,,,christmas-january-7,,II,"ps149:1-2,3-4,5-6a+9b","Ps 149:1-2, 3-4, 5-6a+9b",The Lord takes delight in his people.,,ps149_1_2_3_4_5_6a_9b,Catholic Daily RSVCE,2,verified-fallback
ng:usage:a952fef4a3763ab941bb,NG,special-period,,,,,,easter-octave-friday,,I,"ps118:1-2,4,22-24,25-27a","Ps 118:1-2, 4, 22-24, 25-27a",The stone rejected by the builders has become the cornerstone.,,ps118_1_2_4_22_24_25_27a,Catholic Daily RSVCE,1,verified-fallback
ng:usage:318ed5be97622ae65b24,NG,special-period,,,,,,easter-octave-friday,,II,"ps118:1-2,4,22-24,25-27ab","Ps 118:1-2, 4, 22-24, 25-27ab",The stone which the builders rejected has become the cornerstone.,2026-04-10,ng:2026-04-10:responsorial-psalm:1,Catholic Missal for Nigeria,1,verified
ng:usage:20005b0e931631d82741,NG,special-period,,,,,,easter-octave-friday,,II,"ps118:1-2,4,22-24,25-27a","Ps 118:1-2, 4, 22-24, 25-27a",The stone rejected by the builders has become the cornerstone.,,ps118_1_2_4_22_24_25_27a,Catholic Daily RSVCE,2,verified-fallback
ng:usage:f705361b36ab116bb85c,NG,special-period,,,,,,easter-octave-monday,,I,"ps16:1-2a,5,7-8,9-10,11","Ps 16:1-2a, 5, 7-8, 9-10, 11","Keep me safe, O God; you are my hope.",,ps16_1_2a_5_7_8_9_10_11,Catholic Daily RSVCE,1,verified-fallback
ng:usage:ebb1cb0e44f9097cec40,NG,special-period,,,,,,easter-octave-monday,,II,"ps16:1-2a,5,7-8,9-10,11","Ps 16:1-2a, 5, 7-8, 9-10, 11","Preserve me, O God, for in you I take refuge.",2026-04-06,ng:2026-04-06:responsorial-psalm:1,Catholic Missal for Nigeria,1,verified
ng:usage:987286d972cc13d968c3,NG,special-period,,,,,,easter-octave-monday,,II,"ps16:1-2a,5,7-8,9-10,11","Ps 16:1-2a, 5, 7-8, 9-10, 11","Preserve me, O God, for in you I take refuge. Or Alleluia",,ps16_1_2a_5_7_8_9_10_11,Catholic Daily RSVCE,2,verified-fallback
ng:usage:a445fc6f463702bd2156,NG,special-period,,,,,,easter-octave-monday,,II,"ps16:1-2a,5,7-8,9-10,11","Ps 16:1-2a, 5, 7-8, 9-10, 11","Keep me safe, O God; you are my hope.",,ps16_1_2a_5_7_8_9_10_11,Catholic Daily RSVCE,3,verified-fallback
ng:usage:a58ad7cdbb441254a519,NG,special-period,,,,,,easter-octave-saturday,,I,"ps118:1,14-15ab,16-18,19-21","Ps 118:1, 14-15ab, 16-18, 19-21","I will give thanks to you, for you have answered me.",,ps118_1_14_15ab_16_18_19_21,Catholic Daily RSVCE,1,verified-fallback
ng:usage:a851ac4508b6e72fc796,NG,special-period,,,,,,easter-octave-saturday,,I,"ps118:1,14-15ab,16-18,19-21","Ps 118:1, 14-15ab, 16-18, 19-21","I will give thanks to you, Lord, for you have answered me.",,ps118_1_14_15ab_16_18_19_21,Catholic Daily RSVCE,2,verified-fallback
ng:usage:7dd0243ffbdf55b15f3c,NG,special-period,,,,,,easter-octave-saturday,,II,"ps118:1,14-15ab,15c-18,19-21","Ps 118:1, 14-15ab, 15c-18, 19-21","I will thank you, Lord, for you have answered me.",2026-04-11,ng:2026-04-11:responsorial-psalm:1,Catholic Missal for Nigeria,1,verified
ng:usage:3eacd5ad6d4f44b0130d,NG,special-period,,,,,,easter-octave-saturday,,II,"ps118:1,14-15ab,16-18,19-21","Ps 118:1, 14-15ab, 16-18, 19-21","I will thank you, Lord, for you have answered me Or: Alleluia.",,ps118_1_14_15ab_16_18_19_21,Catholic Daily RSVCE,2,verified-fallback
ng:usage:62f00c6f7b16da2acbaa,NG,special-period,,,,,,easter-octave-saturday,,II,"ps118:1,14-15ab,16-18,19-21","Ps 118:1, 14-15ab, 16-18, 19-21","I will give thanks to you, Lord, for you have answered me.",,ps118_1_14_15ab_16_18_19_21,Catholic Daily RSVCE,3,verified-fallback
ng:usage:fc8439cf37af1e3bd905,NG,special-period,,,,,,easter-octave-thursday,,I,"ps8:2ab,5,6-7,8-9","Ps 8:2ab, 5, 6-7, 8-9","O Lord, our God, how wonderful your name in all the earth!",,ps8_2ab_5_6_7_8_9,Catholic Daily RSVCE,1,verified-fallback
ng:usage:6af8bb7d4eb8bc732f35,NG,special-period,,,,,,easter-octave-thursday,,II,"ps8:2ab,5,6-7a,7b-9","Ps 8:2ab, 5, 6-7a, 7b-9","O Lord, our Lord, how majestic is your name through all the earth!",2026-04-09,ng:2026-04-09:responsorial-psalm:1,Catholic Missal for Nigeria,1,verified
ng:usage:38caea87ba25ea6c5aa8,NG,special-period,,,,,,easter-octave-thursday,,II,"ps8:2ab,5,6-7,8-9","Ps 8:2ab, 5, 6-7, 8-9","O Lord, our Lord, how majestic is your name through all the earth! Or: Alleluia.",,ps8_2ab_5_6_7_8_9,Catholic Daily RSVCE,2,verified-fallback
ng:usage:bcfaf9599eb7ecf25cb7,NG,special-period,,,,,,easter-octave-thursday,,II,"ps8:2ab,5,6-7,8-9","Ps 8:2ab, 5, 6-7, 8-9","O Lord, our God, how wonderful your name in all the earth!",,ps8_2ab_5_6_7_8_9,Catholic Daily RSVCE,3,verified-fallback
ng:usage:9ef39b36de18d7d64cb8,NG,special-period,,,,,,easter-octave-tuesday,,I,"ps33:4-5,18-19,20,22","Ps 33:4-5, 18-19, 20, 22",The earth is full of the goodness of the Lord.,,ps33_4_5_18_19_20_22,Catholic Daily RSVCE,1,verified-fallback
ng:usage:1cff550b1e828426db43,NG,special-period,,,,,,easter-octave-tuesday,,II,"ps33:4-5,18-19,20,22","Ps 33:4-5, 18-19, 20, 22",His merciful love fills the earth.,2026-04-07,ng:2026-04-07:responsorial-psalm:1,Catholic Missal for Nigeria,1,verified
ng:usage:2bf5e0f65525969dc9a4,NG,special-period,,,,,,easter-octave-tuesday,,II,"ps33:4-5,18-19,20,22","Ps 33:4-5, 18-19, 20, 22",His merciful love fills the earth. Or Alleluia !,,ps33_4_5_18_19_20_22,Catholic Daily RSVCE,2,verified-fallback
ng:usage:6c7fd157e3398f665b6f,NG,special-period,,,,,,easter-octave-tuesday,,II,"ps33:4-5,18-19,20,22","Ps 33:4-5, 18-19, 20, 22",The earth is full of the goodness of the Lord.,,ps33_4_5_18_19_20_22,Catholic Daily RSVCE,3,verified-fallback
ng:usage:4c4298d224bb81be5903,NG,special-period,,,,,,easter-octave-wednesday,,I,"ps105:1-2,3-4,6-7,8-9","Ps 105:1-2, 3-4, 6-7, 8-9","Rejoice, O hearts that seek the Lord.",,ps105_1_2_3_4_6_7_8_9,Catholic Daily RSVCE,1,verified-fallback
ng:usage:5ec9d16947766a8f587b,NG,special-period,,,,,,easter-octave-wednesday,,II,"ps105:1-2,3-4,6-7,8-9","Ps 105:1-2, 3-4, 6-7, 8-9",Let the hearts that seek the Lord rejoice.,2026-04-08,ng:2026-04-08:responsorial-psalm:1,Catholic Missal for Nigeria,1,verified
ng:usage:7e7ebcfc4f9c085dd212,NG,special-period,,,,,,easter-octave-wednesday,,II,"ps105:1-2,3-4,6-7,8-9","Ps 105:1-2, 3-4, 6-7, 8-9",Let the hearts that seek the Lord rejoice. Or: Alleluia.,,ps105_1_2_3_4_6_7_8_9,Catholic Daily RSVCE,2,verified-fallback
ng:usage:411c2e990e4aec45b385,NG,special-period,,,,,,easter-octave-wednesday,,II,"ps105:1-2,3-4,6-7,8-9","Ps 105:1-2, 3-4, 6-7, 8-9","Rejoice, O hearts that seek the Lord.",,ps105_1_2_3_4_6_7_8_9,Catholic Daily RSVCE,3,verified-fallback
ng:usage:a3a9f2e042c853a502be,NG,special-period,,,,,,easter-vigil,,,"ps104:1-2a,5-6,10and12,13-14,24,35c","Ps 104:1-2a, 5-6, 10and12, 13-14, 24, 35c","Lord, send forth your Spirit, and renew the face of the earth.",2026-04-04,ng:2026-04-04:responsorial-psalm:1,Catholic Missal for Nigeria,1,verified
ng:usage:b1e76ddf89e46c993a3c,NG,special-period,,,,,,easter-vigil,,,"ps33:4-5,6-7,12-13,20,22","Ps 33:4-5, 6-7, 12-13, 20, 22",His merciful love fills the earth.,2026-04-04,ng:2026-04-04:responsorial-psalm:2,Catholic Missal for Nigeria,2,verified
ng:usage:409ca66530529cacb09c,NG,special-period,,,,,,easter-vigil,,,"ps16:5,8,9-10,11","Ps 16:5, 8, 9-10, 11","Preserve me, O God, for in you I take refuge.",2026-04-04,ng:2026-04-04:responsorial-psalm:3,Catholic Missal for Nigeria,3,verified
ng:usage:ff1f356fb6cc4730307f,NG,special-period,,,,,,easter-vigil,,,"exod15:1b-2,3-4,5-6,17-18","Exod 15:1b-2, 3-4, 5-6, 17-18","I will sing to the Lord, for he has triumphed gloriously.",2026-04-04,ng:2026-04-04:responsorial-psalm:4,Catholic Missal for Nigeria,4,verified
ng:usage:1e7521f5d7470972ef47,NG,special-period,,,,,,easter-vigil,,,"ps30:2,4,5-6,11-12a,13b","Ps 30:2, 4, 5-6, 11-12a, 13b","I will extol you, O Lord, for you have raised me up.",2026-04-04,ng:2026-04-04:responsorial-psalm:5,Catholic Missal for Nigeria,5,verified
ng:usage:cca311ff465855b2ad24,NG,special-period,,,,,,easter-vigil,,,"isa12:2-3,4bcde,5-6","Isa 12:2-3, 4bcde, 5-6",With joy you will draw water from the wells of salvation.,2026-04-04,ng:2026-04-04:responsorial-psalm:6,Catholic Missal for Nigeria,6,verified
ng:usage:0df0d78f03a8bd68b947,NG,special-period,,,,,,easter-vigil,,,"ps19:8,9,10,11","Ps 19:8, 9, 10, 11","Lord, you have the words of eternal life.",2026-04-04,ng:2026-04-04:responsorial-psalm:7,Catholic Missal for Nigeria,7,verified
ng:usage:62058c9f449cd9457c58,NG,special-period,,,,,,easter-vigil,,,"ps42:3,5bcd,43:3,4","Ps 42:3, 5bcd, 43:3, 4","Like the deer that yearns for running streams,",2026-04-04,ng:2026-04-04:responsorial-psalm:8,Catholic Missal for Nigeria,8,verified
ng:usage:35bfc8593f647aa79dd0,NG,special-period,,,,,,easter-vigil,,,"ps51:12-13,14-15,18-19","Ps 51:12-13, 14-15, 18-19","Create a pure heart for me, O God",2026-04-04,ng:2026-04-04:responsorial-psalm:9,Catholic Missal for Nigeria,9,verified
ng:usage:f2ee2ed96b530c33294b,NG,special-period,,,,,,easter-vigil,,,"ps118:1-2,15c-17,22-23","Ps 118:1-2, 15c-17, 22-23",Alleluia. Alleluia. Alleluia.,2026-04-04,ng:2026-04-04:responsorial-psalm:10,Catholic Missal for Nigeria,10,verified
ng:usage:bab6f254bc8d93dc17c1,NG,special-period,,,,,,good-friday,,I,"ps31:2,6,12-13,15-16,17,25","Ps 31:2, 6, 12-13, 15-16, 17, 25","Father, into your hands I commend my spirit!",,ps31_2_6_12_13_15_16_17_25,Catholic Daily RSVCE,1,verified-fallback
ng:usage:4d74716dc7f98979dea3,NG,special-period,,,,,,good-friday,,II,"ps31:2,6,12-13,15-16,17,25","Ps 31:2, 6, 12-13, 15-16, 17, 25","Father, into your hands I commit my spirit!",2026-04-03,ng:2026-04-03:responsorial-psalm:1,Catholic Missal for Nigeria,1,verified
ng:usage:25da24b5e0943e076a2d,NG,special-period,,,,,,good-friday,,II,"ps31:2,6,12-13,15-16,17,25","Ps 31:2, 6, 12-13, 15-16, 17, 25","Father, into your hands I commend my spirit!",,ps31_2_6_12_13_15_16_17_25,Catholic Daily RSVCE,2,verified-fallback
ng:usage:ee13daa02ea4006067c0,NG,special-period,,,,,,holy-week-monday,,I,"ps27:1,2,3,13-14","Ps 27:1, 2, 3, 13-14",The Lord is my light and my salvation.,2026-03-30,ng:2026-03-30:responsorial-psalm:1,Catholic Missal for Nigeria,1,verified
ng:usage:87f24b57e79fd7f834a5,NG,special-period,,,,,,holy-week-monday,,II,"ps27:1,2,3,13-14","Ps 27:1, 2, 3, 13-14",The Lord is my light and my salvation.,2026-03-30,ng:2026-03-30:responsorial-psalm:1,Catholic Missal for Nigeria,1,verified
ng:usage:9e5b5226e919c0827739,NG,special-period,,,,,,holy-week-tuesday,,I,"ps71:1-2,3-4a,5ab-6ab,15,17","Ps 71:1-2, 3-4a, 5ab-6ab, 15, 17","My mouth will tell of your salvation, Lord.",,ps71_1_2_3_4a_5ab_6ab_15_17,Catholic Daily RSVCE,1,verified-fallback
ng:usage:42fa82cada00dc6a9089,NG,special-period,,,,,,holy-week-tuesday,,I,"ps71:1-2,3,5-6,15+17","Ps 71:1-2, 3, 5-6, 15+17",I will sing of your salvation.,,ps71_1_2_3_5_6_15_17,Catholic Daily RSVCE,2,verified-fallback
ng:usage:bdcd8592ccc69057a0d6,NG,special-period,,,,,,holy-week-tuesday,,II,"ps71:1-2,3-4a,5-6ab,15ab,17","Ps 71:1-2, 3-4a, 5-6ab, 15ab, 17","My mouth will tell of your salvation, Lord.",2026-03-31,ng:2026-03-31:responsorial-psalm:1,Catholic Missal for Nigeria,1,verified
ng:usage:12b342e9128c962845fe,NG,special-period,,,,,,holy-week-tuesday,,II,"ps71:1-2,3-4a,5ab-6ab,15,17","Ps 71:1-2, 3-4a, 5ab-6ab, 15, 17","My mouth will tell of your salvation, Lord.",,ps71_1_2_3_4a_5ab_6ab_15_17,Catholic Daily RSVCE,2,verified-fallback
ng:usage:bfe1cb087ccc309e7c86,NG,special-period,,,,,,holy-week-tuesday,,II,"ps71:1-2,3,5-6,15+17","Ps 71:1-2, 3, 5-6, 15+17",I will sing of your salvation.,,ps71_1_2_3_5_6_15_17,Catholic Daily RSVCE,3,verified-fallback
ng:usage:c9224574aa4288366db5,NG,special-period,,,,,,holy-week-wednesday,,I,"ps69:7-9,20-21,30+32-33","Ps 69:7-9, 20-21, 30+32-33","Lord, in your great love, answer me.",,ps69_7_9_20_21_30_32_33,Catholic Daily RSVCE,1,verified-fallback
ng:usage:209ac325d3575bfc763d,NG,special-period,,,,,,holy-week-wednesday,,II,"ps69:8-10,21-22,31,33-34","Ps 69:8-10, 21-22, 31, 33-34","In your great mercy, answer me, O God",2026-04-01,ng:2026-04-01:responsorial-psalm:1,Catholic Missal for Nigeria,1,verified
ng:usage:e08efa7bb2eb201e3f5d,NG,special-period,,,,,,holy-week-wednesday,,II,"ps69:8-10,21-22,31,33-34","Ps 69:8-10, 21-22, 31, 33-34","In your great mercy, answer me, O Lord, for a time of your favour.",,ps69_8_10_21_22_31_33_34,Catholic Daily RSVCE,2,verified-fallback
ng:usage:d44391507bc66ad37ee5,NG,special-period,,,,,,holy-week-wednesday,,II,"ps69:7-9,20-21,30+32-33","Ps 69:7-9, 20-21, 30+32-33","Lord, in your great love, answer me.",,ps69_7_9_20_21_30_32_33,Catholic Daily RSVCE,3,verified-fallback
ng:usage:0c7055bebbfcf5e38e41,NG,special-period,,,,,,palm-sunday,A,,"ps22:8-9,17-18a,19-20,23-24","Ps 22:8-9, 17-18a, 19-20, 23-24","My God, my God, why have you forsaken me?",2026-03-29,ng:2026-03-29:responsorial-psalm:1,Catholic Missal for Nigeria,1,verified
ng:usage:3ce7a79a26adcec6f95a,NG,special-period,,,,,,palm-sunday,B,,"ps22:8-9,17-18,19-20,23-24","Ps 22:8-9, 17-18, 19-20, 23-24","My God, my God, Why have you forsaken me?",,ps22_8_9_17_18_19_20_23_24,Catholic Daily RSVCE,1,verified-fallback
ng:usage:ce4cff98341b6a0aacc0,NG,special-period,,,,,,palm-sunday,C,,"ps22:8-9,17-18,19-20,23-24","Ps 22:8-9, 17-18, 19-20, 23-24","My God, my God, why have you forsaken me?",,ps22_8_9_17_18_19_20_23_24,Catholic Daily RSVCE,1,verified-fallback
ng:usage:896cc03b5e551e8b4a3b,NG,temporal,,,advent,1,friday,,,I,"ps27:1,4,13-14","Ps 27:1, 4, 13-14",The Lord is my light and my salvation.,2025-12-05,ng:2025-12-05:responsorial-psalm:1,Catholic Missal for Nigeria,1,verified
ng:usage:78b773515fcdbedcaa4d,NG,temporal,,,advent,1,friday,,,II,"ps27:1,4,13-14","Ps 27:1, 4, 13-14",The Lord is my light and my salvation.,2025-12-05,ng:2025-12-05:responsorial-psalm:1,Catholic Missal for Nigeria,1,verified
ng:usage:c41bb6d8a0f6fcad04d0,NG,temporal,,,advent,1,monday,,,I,"ps122:1-2,3-4b,4cd-5,6-7,8-9","Ps 122:1-2, 3-4b, 4cd-5, 6-7, 8-9",Let us go rejoicing to the house of the Lord.,,ps122_1_2_3_4b_4cd_5_6_7_8_9,Catholic Daily RSVCE,1,verified-fallback
ng:usage:db1adbf9417f641655e9,NG,temporal,,,advent,1,monday,,,I,"ps122:1-2,3-4,4-5,6-7,8-9","Ps 122:1-2, 3-4, 4-5, 6-7, 8-9",Let us go rejoicing to the house of the Lord.,,ps122_1_2_3_4_4_5_6_7_8_9,Catholic Daily RSVCE,2,verified-fallback
ng:usage:78aa2ade0fe590ddaaaa,NG,temporal,,,advent,1,monday,,,II,"ps122:1-2,3-4ab,4cd-5,6-7,8-9","Ps 122:1-2, 3-4ab, 4cd-5, 6-7, 8-9",Let us go rejoicing to the house of the Lord.,2025-12-01,ng:2025-12-01:responsorial-psalm:1,Catholic Missal for Nigeria,1,verified
ng:usage:27c0210197c2cda8fd50,NG,temporal,,,advent,1,monday,,,II,"ps122:1-2,3-4,4-5,6-7,8-9","Ps 122:1-2, 3-4, 4-5, 6-7, 8-9",Let us go rejoicing to the house of the Lord.,,ps122_1_2_3_4_4_5_6_7_8_9,Catholic Daily RSVCE,2,verified-fallback
ng:usage:c2112392928ea665bc41,NG,temporal,,,advent,1,saturday,,,I,"ps147:1-2,3-4,5-6","Ps 147:1-2, 3-4, 5-6",Blessed are all those who wait for the Lord.,2025-12-06,ng:2025-12-06:responsorial-psalm:1,Catholic Missal for Nigeria,1,verified
ng:usage:234e1298a2916cdc143d,NG,temporal,,,advent,1,saturday,,,I,"ps147:1-2,3-4,5-6","Ps 147:1-2, 3-4, 5-6",Happy are all who long,,ps147_1_2_3_4_5_6,Catholic Daily RSVCE,2,verified-fallback
ng:usage:1be68971896c35920611,NG,temporal,,,advent,1,saturday,,,II,"ps147:1-2,3-4,5-6","Ps 147:1-2, 3-4, 5-6",Blessed are all those who wait for the Lord.,2025-12-06,ng:2025-12-06:responsorial-psalm:1,Catholic Missal for Nigeria,1,verified
ng:usage:b77ffbce642416309365,NG,temporal,,,advent,1,saturday,,,II,"ps147:1-2,3-4,5-6","Ps 147:1-2, 3-4, 5-6",Happy are all who long,,ps147_1_2_3_4_5_6,Catholic Daily RSVCE,2,verified-fallback
ng:usage:af7fe73fdabd5e6ec0b2,NG,temporal,,,advent,1,sunday,,A,,"ps122:1-2,3-4ab,4cd-5,6-7,8-9","Ps 122:1-2, 3-4ab, 4cd-5, 6-7, 8-9",We shall go rejoicing to the house of the Lord,,ng:reconstructed:039c8f7f43b5e682,Catholic Missal for Nigeria,1,verified
ng:usage:2cda1136a2edc4f9708d,NG,temporal,,,advent,1,sunday,,A,,"ps122:1-2,3-4,4-5,6-7,8-9","Ps 122:1-2, 3-4, 4-5, 6-7, 8-9",Let us go rejoicing to the house of the Lord.,,ps122_1_2_3_4_4_5_6_7_8_9,Catholic Daily RSVCE,2,verified-fallback
ng:usage:d8c073a458f711d139e3,NG,temporal,,,advent,1,sunday,,B,,"ps80:2ac,3b,15-16a,18-19","Ps 80:2ac, 3b, 15-16a, 18-19","O God, bring us back; let your face shine on us, and we shall be shaved.",2026-11-29,ng:2026-11-29:responsorial-psalm:1,Catholic Missal for Nigeria,1,verified
ng:usage:1662c11bdb495f513c1a,NG,temporal,,,advent,1,sunday,,B,,"ps80:2-3,15-16,18-19","Ps 80:2-3, 15-16, 18-19","Lord, make us turn to you;",,ps80_2_3_15_16_18_19,Catholic Daily RSVCE,2,verified-fallback
ng:usage:e8f074d42b64dc556001,NG,temporal,,,advent,1,sunday,,C,,"ps25:4-5,8-9,10,14","Ps 25:4-5, 8-9, 10, 14","To you, O Lord, I lift my soul.",,ps25_4_5_8_9_10_14,Catholic Daily RSVCE,1,verified-fallback
ng:usage:edf020516bddd0ca8548,NG,temporal,,,advent,1,thursday,,,I,"ps118:1,8-9,19-21,25-27a","Ps 118:1, 8-9, 19-21, 25-27a",Blessed is he who comes in the name of the Lord.,,ps118_1_8_9_19_21_25_27a,Catholic Daily RSVCE,1,verified-fallback
ng:usage:c75168a933b710f8e28f,NG,temporal,,,advent,1,thursday,,,II,"ps118:1,8-9,19-21,25-27","Ps 118:1, 8-9, 19-21, 25-27",Blest is he who comes in the name of the Lord.,2025-12-04,ng:2025-12-04:responsorial-psalm:1,Catholic Missal for Nigeria,1,verified
ng:usage:a46da77cd631ef0dfb50,NG,temporal,,,advent,1,thursday,,,II,"ps118:1,8-9,19-21,25-27a","Ps 118:1, 8-9, 19-21, 25-27a",Blessed is he who comes in the name of the Lord.,,ps118_1_8_9_19_21_25_27a,Catholic Daily RSVCE,2,verified-fallback
ng:usage:9993af6d1b50cf0d829e,NG,temporal,,,advent,1,tuesday,,,I,"ps72:1-2,7-8,12-13,17","Ps 72:1-2, 7-8, 12-13, 17","Justice shall flourish in his time, and fullness of peace for ever.",,ps72_1_2_7_8_12_13_17,Catholic Daily RSVCE,1,verified-fallback
ng:usage:b40cccde51cba49cd3ae,NG,temporal,,,advent,1,tuesday,,,I,"ps72:1-2,7-8,12-13,17","Ps 72:1-2, 7-8, 12-13, 17","Justice shall flourish in his time,",,ps72_1_2_7_8_12_13_17,Catholic Daily RSVCE,2,verified-fallback
ng:usage:e94e68ab829a810f2734,NG,temporal,,,advent,1,tuesday,,,II,"ps72:1-2,7-8,12-13,17","Ps 72:1-2, 7-8, 12-13, 17","In his days shall justice flourish, and great peace forever.",2025-12-02,ng:2025-12-02:responsorial-psalm:1,Catholic Missal for Nigeria,1,verified
ng:usage:47522896e246d69d9ad8,NG,temporal,,,advent,1,tuesday,,,II,"ps72:1-2,7-8,12-13,17","Ps 72:1-2, 7-8, 12-13, 17","Justice shall flourish in his time,",,ps72_1_2_7_8_12_13_17,Catholic Daily RSVCE,2,verified-fallback
ng:usage:7e8e67c7c2e011a3f948,NG,temporal,,,advent,1,wednesday,,,I,"ps23:1-3a,3b-4,5,6","Ps 23:1-3a, 3b-4, 5, 6",I shall live in the house of the Lord all the days of my life.,,ng:reconstructed:c49ce424abed26f8,Catholic Missal for Nigeria,1,verified
ng:usage:a3bf43ccf513811293dd,NG,temporal,,,advent,1,wednesday,,,I,"ps23:1-3a,3b-4,5,6","Ps 23:1-3a, 3b-4, 5, 6",I shall dwell in the house of the Lord,,ng:reconstructed:ecb5b87f6c23f24a,Catholic Missal for Nigeria,2,verified
ng:usage:7a8a3c86173da1db1a52,NG,temporal,,,advent,1,wednesday,,,II,"ps23:1-3a,3b-4,5,6","Ps 23:1-3a, 3b-4, 5, 6",In the Lord’s own house shall I dwell for length of days unending.,2025-12-03,ng:2025-12-03:responsorial-psalm:1,Catholic Missal for Nigeria,1,verified
ng:usage:0bb97e8e55a5d50726d4,NG,temporal,,,advent,1,wednesday,,,II,"ps23:1-3a,3b-4,5,6","Ps 23:1-3a, 3b-4, 5, 6",I shall dwell in the house of the Lord,,ng:reconstructed:ecb5b87f6c23f24a,Catholic Missal for Nigeria,2,verified
ng:usage:2dc03642456a7b6bbad8,NG,temporal,,,advent,2,friday,,,I,"ps1:1-2,3,4,6","Ps 1:1-2, 3, 4, 6","Those who follow you, Lord, will have the light of life.",,ng:reconstructed:a43113458076a8a2,Catholic Missal for Nigeria,1,verified
ng:usage:b4b5fa21f1420f81d034,NG,temporal,,,advent,2,friday,,,I,"ps1:1-2,3,4+6","Ps 1:1-2, 3, 4+6","Those who follow you, Lord,",,local_rsvce:expanded:79eaecfe70635984,Catholic Daily RSVCE,2,verified-fallback
ng:usage:864bdb0737de1c5db95b,NG,temporal,,,advent,2,friday,,,II,"ps1:1-2,3,4,6","Ps 1:1-2, 3, 4, 6","He who follows you, Lord, will have the light of life.",2025-12-12,ng:2025-12-12:responsorial-psalm:1,Catholic Missal for Nigeria,1,verified
ng:usage:2e0e1121d13d8321e5b0,NG,temporal,,,advent,2,friday,,,II,"ps1:1-2,3,4+6","Ps 1:1-2, 3, 4+6","Those who follow you, Lord,",,local_rsvce:expanded:79eaecfe70635984,Catholic Daily RSVCE,2,verified-fallback
ng:usage:00dc612547a9a7947ba6,NG,temporal,,,advent,2,monday,,,I,"ps98:1,2-3ab,3cd-4","Ps 98:1, 2-3ab, 3cd-4","Sing to the Lord a new song, for he has done marvellous deeds.",,ps98_1_2_3ab_3cd_4,Catholic Daily RSVCE,1,verified-fallback
ng:usage:5cde65c71319c24e2101,NG,temporal,,,advent,2,monday,,,I,"ps85:8ab-9,10-11,12-13","Ps 85:8ab-9, 10-11, 12-13",Our God will come to save us!,,ps85_8ab_9_10_11_12_13,Catholic Daily RSVCE,2,verified-fallback
ng:usage:97011151a82f2da3c7e8,NG,temporal,,,advent,2,monday,,,II,"ps85:8ab-9,10-11,12-13","Ps 85:8ab-9, 10-11, 12-13",Our God will come to save us!,,ps85_8ab_9_10_11_12_13,Catholic Daily RSVCE,1,verified-fallback
ng:usage:e7745872ee3870571299,NG,temporal,,,advent,2,saturday,,,I,"ps80:2ac,3b,15-16,18-19","Ps 80:2ac, 3b, 15-16, 18-19","O God, bring us back; let your face shine on us, and we shall be saved",,ps80_2ac_3b_15_16_18_19,Catholic Daily RSVCE,1,verified-fallback
ng:usage:32bcc265612d3a142224,NG,temporal,,,advent,2,saturday,,,I,"ps80:1ac+2b,14-15,17-18","Ps 80:1ac+2b, 14-15, 17-18","Lord, let us see your face and we shall be saved.",,ps80_1ac_2b_14_15_17_18,Catholic Daily RSVCE,2,verified-fallback
ng:usage:075c571c44e2a0b9a6d5,NG,temporal,,,advent,2,saturday,,,II,"ps80:2ac,3b,15-16a,18-19","Ps 80:2ac, 3b, 15-16a, 18-19","O God, bring us back; let your face shine on us, and we shall be saved.",2025-12-13,ng:2025-12-13:responsorial-psalm:1,Catholic Missal for Nigeria,1,verified
ng:usage:b4a8159a5318ecebd1ca,NG,temporal,,,advent,2,saturday,,,II,"ps80:1ac+2b,14-15,17-18","Ps 80:1ac+2b, 14-15, 17-18","Lord, let us see your face and we shall be saved.",,ps80_1ac_2b_14_15_17_18,Catholic Daily RSVCE,2,verified-fallback
ng:usage:5578e7e40625af35bb28,NG,temporal,,,advent,2,sunday,,A,,"ps72:1-2,7-8,12-13,17","Ps 72:1-2, 7-8, 12-13, 17","In his days shall justice flourish, and great peace forever.",2025-12-02,ng:2025-12-02:responsorial-psalm:1,Catholic Missal for Nigeria,1,verified
ng:usage:ad6546dc1bc200fcb747,NG,temporal,,,advent,2,sunday,,A,,"ps72:1-2,7-8,12-13,17","Ps 72:1-2, 7-8, 12-13, 17","Justice shall flourish in his time, and fullness of peace for ever.",,ps72_1_2_7_8_12_13_17,Catholic Daily RSVCE,2,verified-fallback
ng:usage:f5a5eb993d797e936b61,NG,temporal,,,advent,2,sunday,,B,,"ps85:9-10,11-12,13-14","Ps 85:9-10, 11-12, 13-14","Lord, let us see your kindness, and grant us your salvation.",,ps85_9_10_11_12_13_14,Catholic Daily RSVCE,1,verified-fallback
ng:usage:dec618306a1b92c3fe23,NG,temporal,,,advent,2,sunday,,C,,"ps126:1-2,2-3,4-5,6","Ps 126:1-2, 2-3, 4-5, 6",The Lord has done great things for us; we are filled with joy.,,ps126_1_2_2_3_4_5_6,Catholic Daily RSVCE,1,verified-fallback
ng:usage:a5290ad9fcd4489e531a,NG,temporal,,,advent,2,thursday,,,I,"ps145:1+9,10-11,12-13ab","Ps 145:1+9, 10-11, 12-13ab",The Lord is kind and merciful.,,ps145_1_9_10_11_12_13ab,Catholic Daily RSVCE,1,verified-fallback
ng:usage:afb894f75762ae0e6be3,NG,temporal,,,advent,2,thursday,,,II,"ps145:1,9,10-11,12-13ab","Ps 145:1, 9, 10-11, 12-13ab","The Lord is kind and full of compassion, slow to anger, abounding in mercy.",2025-12-11,ng:2025-12-11:responsorial-psalm:1,Catholic Missal for Nigeria,1,verified
ng:usage:b3921e5fa834d247c1d7,NG,temporal,,,advent,2,thursday,,,II,"ps145:1+9,10-11,12-13ab","Ps 145:1+9, 10-11, 12-13ab",The Lord is kind and merciful.,,ps145_1_9_10_11_12_13ab,Catholic Daily RSVCE,2,verified-fallback
ng:usage:346b6d9122a4744f42cf,NG,temporal,,,advent,2,tuesday,,,I,"ps96:1-2,3,10ac,11-12,13","Ps 96:1-2, 3, 10ac, 11-12, 13",The Lord our God comes with power.,,ps96_1_2_3_10ac_11_12_13__alias_ac9fcf8b2437,Catholic Daily RSVCE,1,verified-fallback
ng:usage:0d0878c7ae7174cf117b,NG,temporal,,,advent,2,tuesday,,,I,"ps96:1-2,3&10ac,11-12,13","Ps 96:1-2, 3&10ac, 11-12, 13",The Lord our God comes in strength.,,ps96_1_2_3_10ac_11_12_13,Catholic Daily RSVCE,2,verified-fallback
ng:usage:c41403b9416f1058b61a,NG,temporal,,,advent,2,tuesday,,,II,"ps96:1-2,3,10ac,11-12a,12b-13","Ps 96:1-2, 3, 10ac, 11-12a, 12b-13",The Lord our God comes with might.,2025-12-09,ng:2025-12-09:responsorial-psalm:1,Catholic Missal for Nigeria,1,verified
ng:usage:bca91b4991e29121bfad,NG,temporal,,,advent,2,tuesday,,,II,"ps96:1-2,3&10ac,11-12,13","Ps 96:1-2, 3&10ac, 11-12, 13",The Lord our God comes in strength.,,ps96_1_2_3_10ac_11_12_13,Catholic Daily RSVCE,2,verified-fallback
ng:usage:eecbd9767e6fe7ca934f,NG,temporal,,,advent,2,wednesday,,,I,"ps103:1-2,3-4,8,10","Ps 103:1-2, 3-4, 8, 10","O bless the Lord, my soul!",,ps103_1_2_3_4_8_10__alias_6ad181591454,Catholic Daily RSVCE,1,verified-fallback
ng:usage:aa02fb0f389ff01173ab,NG,temporal,,,advent,2,wednesday,,,I,"ps103:1-2,3-4,8+10","Ps 103:1-2, 3-4, 8+10","O bless the Lord, my soul!",,ps103_1_2_3_4_8_10,Catholic Daily RSVCE,2,verified-fallback
ng:usage:9f1c627f11b55b528185,NG,temporal,,,advent,2,wednesday,,,II,"ps103:1-2,3-4,8,10","Ps 103:1-2, 3-4, 8, 10","Bless the Lord, O my soul.",2025-12-10,ng:2025-12-10:responsorial-psalm:1,Catholic Missal for Nigeria,1,verified
ng:usage:4330fbaf6fcb69aa1d55,NG,temporal,,,advent,2,wednesday,,,II,"ps103:1-2,3-4,8+10","Ps 103:1-2, 3-4, 8+10","O bless the Lord, my soul!",,ps103_1_2_3_4_8_10,Catholic Daily RSVCE,2,verified-fallback
ng:usage:c9ad399b93c7d34d0e13,NG,temporal,,,advent,3,friday,,,I,"ps67:1-2,4,6-7","Ps 67:1-2, 4, 6-7","O God, let the nations praise you!",,ps67_1_2_4_6_7,Catholic Daily RSVCE,1,verified-fallback
ng:usage:fcc4ae8c17d9c877ca2c,NG,temporal,,,advent,3,friday,,,II,"ps67:1-2,4,6-7","Ps 67:1-2, 4, 6-7","O God, let the nations praise you!",,ps67_1_2_4_6_7,Catholic Daily RSVCE,1,verified-fallback
ng:usage:c69e4aa34728a8c7bff0,NG,temporal,,,advent,3,monday,,,I,"ps25:4-5ab,6,7bc,8-9","Ps 25:4-5ab, 6, 7bc, 8-9","Teach me your ways, O Lord.",,ps25_4_5ab_6_7bc_8_9,Catholic Daily RSVCE,1,verified-fallback
ng:usage:7605fa04636c3e1ac68e,NG,temporal,,,advent,3,monday,,,I,"ps25:4bc-5ab,6-7bc,8-9","Ps 25:4bc-5ab, 6-7bc, 8-9","Teach me your ways, O Lord.",,ps25_4bc_5ab_6_7bc_8_9,Catholic Daily RSVCE,2,verified-fallback
ng:usage:cad6b7248aa9fc072db1,NG,temporal,,,advent,3,monday,,,II,"ps25:4-5ab,6,7cd,8-9","Ps 25:4-5ab, 6, 7cd, 8-9","Teach me your paths, O Lord.",2025-12-15,ng:2025-12-15:responsorial-psalm:1,Catholic Missal for Nigeria,1,verified
ng:usage:1239d138d3cb6e671b19,NG,temporal,,,advent,3,monday,,,II,"ps25:4bc-5ab,6-7bc,8-9","Ps 25:4bc-5ab, 6-7bc, 8-9","Teach me your ways, O Lord.",,ps25_4bc_5ab_6_7bc_8_9,Catholic Daily RSVCE,2,verified-fallback
ng:usage:dbdea832f4f52d626ebf,NG,temporal,,,advent,3,sunday,,A,,"ps146:6c-7,8-9a,9bc-10","Ps 146:6c-7, 8-9a, 9bc-10","Come, Lord, and save us.",2025-12-14,ng:2025-12-14:responsorial-psalm:1,Catholic Missal for Nigeria,1,verified
ng:usage:1da1a470f9e37b968377,NG,temporal,,,advent,3,sunday,,A,,"ps146:6-7,8-9,9-10","Ps 146:6-7, 8-9, 9-10","Lord, come and save us.",,ps146_6_7_8_9_9_10,Catholic Daily RSVCE,2,verified-fallback
ng:usage:90ae831fe71c1d84e773,NG,temporal,,,advent,3,sunday,,B,,"luke1:46-48,49-50,53-54","Luke 1:46-48, 49-50, 53-54",My soul rejoices in my God.,,luke1_46_48_49_50_53_54,Catholic Daily RSVCE,1,verified-fallback
ng:usage:54bca525925e225318ab,NG,temporal,,,advent,3,sunday,,C,,"isaiah12:2-3,4,5-6","Isa 12:2-3, 4, 5-6",Cry out with joy and gladness: for among you is the great and Holy One of Israel.,,local_rsvce:expanded:7999e9c6d84715f9,Catholic Daily RSVCE,1,verified-fallback
ng:usage:604b3297ca4b499431f1,NG,temporal,,,advent,3,sunday,,C,,"isa12:2-3,4,5-6","Isa 12:2-3, 4, 5-6",Cry out with joy and gladness:,,isa12_2_3_4_5_6,Catholic Daily RSVCE,2,verified-fallback
ng:usage:2d1fa4e900503a87a42a,NG,temporal,,,advent,3,thursday,,,I,"ps30:1+3,4-5,10-11ac+12","Ps 30:1+3, 4-5, 10-11ac+12","I will praise you, Lord,",,ps30_1_3_4_5_10_11ac_12,Catholic Daily RSVCE,1,verified-fallback
ng:usage:2ac2a5ce5152a9af8c8c,NG,temporal,,,advent,3,thursday,,,II,"ps30:1+3,4-5,10-11ac+12","Ps 30:1+3, 4-5, 10-11ac+12","I will praise you, Lord,",,ps30_1_3_4_5_10_11ac_12,Catholic Daily RSVCE,1,verified-fallback
ng:usage:58b489bae8db175df5ea,NG,temporal,,,advent,3,tuesday,,,I,"ps34:1-2,5-6,17-18,19+22","Ps 34:1-2, 5-6, 17-18, 19+22",The Lord hears the cry of the poor.,,ps34_1_2_5_6_17_18_19_22,Catholic Daily RSVCE,1,verified-fallback
ng:usage:645c0027bf5b4fab7a82,NG,temporal,,,advent,3,tuesday,,,II,"ps34:2-3,6-7,17-18,19,23","Ps 34:2-3, 6-7, 17-18, 19, 23","The lowly one called, and the Lord heard him.",2025-12-16,ng:2025-12-16:responsorial-psalm:1,Catholic Missal for Nigeria,1,verified
ng:usage:abe700e7952bcf9e7352,NG,temporal,,,advent,3,tuesday,,,II,"ps34:1-2,5-6,17-18,19+22","Ps 34:1-2, 5-6, 17-18, 19+22",The Lord hears the cry of the poor.,,ps34_1_2_5_6_17_18_19_22,Catholic Daily RSVCE,2,verified-fallback
ng:usage:44fb7bfe0ad54d93eaa5,NG,temporal,,,advent,3,wednesday,,,I,"ps85:8ab-9,10-11,12-14","Ps 85:8ab-9, 10-11, 12-14",Let the clouds rain down the Just One.,,ps85_8ab_9_10_11_12_14,Catholic Daily RSVCE,1,verified-fallback
ng:usage:29ef518c3526dc8fe6c2,NG,temporal,,,advent,3,wednesday,,,II,"ps85:8ab-9,10-11,12-14","Ps 85:8ab-9, 10-11, 12-14",Let the clouds rain down the Just One.,,ps85_8ab_9_10_11_12_14,Catholic Daily RSVCE,1,verified-fallback
ng:usage:94d0eb717cbc298cb6b0,NG,temporal,,,advent,4,sunday,,A,,"ps24:1-2,3-4,5-6","Ps 24:1-2, 3-4, 5-6",Let the Lord enter; he is king of glory.,,ps24_1_2_3_4_5_6,Catholic Daily RSVCE,1,verified-fallback
ng:usage:d011767cf5c20c19a2b8,NG,temporal,,,advent,4,sunday,,B,,"ps89:2-3,4-5,27,29","Ps 89:2-3, 4-5, 27, 29",For ever I will sing the goodness of the Lord.,,ps89_2_3_4_5_27_29,Catholic Daily RSVCE,1,verified-fallback
ng:usage:5e7f4a3ea36065b5c604,NG,temporal,,,advent,4,sunday,,C,,"ps80:2-3,15-16,18-19","Ps 80:2-3, 15-16, 18-19","Lord, make us turn to you;",,ps80_2_3_15_16_18_19,Catholic Daily RSVCE,1,verified-fallback
ng:usage:c2b0249d97aa577e3f84,NG,temporal,,,easter,1,friday,,,I,"ps118:1-2,4,22-24,25-27a","Ps 118:1-2, 4, 22-24, 25-27a",The stone rejected by the builders has become the cornerstone.,,ps118_1_2_4_22_24_25_27a,Catholic Daily RSVCE,1,verified-fallback
ng:usage:103198bed9df5e84a7e7,NG,temporal,,,easter,2,friday,,,I,"ps27:1,4,13-14","Ps 27:1, 4, 13-14","There is one thing I ask of the Lord, to live in the house of the Lord Or: Alleluia.",,ps27_1_4_13_14,Catholic Daily RSVCE,1,verified-fallback
ng:usage:208d2b7f347b2d876e3d,NG,temporal,,,easter,2,friday,,,I,"ps27:1,4,13-14","Ps 27:1, 4, 13-14",One thing I seek: to dwell in the house of the Lord.,,ps27_1_4_13_14,Catholic Daily RSVCE,2,verified-fallback
ng:usage:da4ced2951ccdc0fa69b,NG,temporal,,,easter,2,friday,,,II,"ps27:1,4,13-14","Ps 27:1, 4, 13-14","There is one thing I ask of the Lord, to live in the house of the Lord.",2026-04-17,ng:2026-04-17:responsorial-psalm:1,Catholic Missal for Nigeria,1,verified
ng:usage:367f95a0a26a3c240ba3,NG,temporal,,,easter,2,friday,,,II,"ps27:1,4,13-14","Ps 27:1, 4, 13-14",One thing I seek: to dwell in the house of the Lord.,,ps27_1_4_13_14,Catholic Daily RSVCE,2,verified-fallback
ng:usage:424d8888dd5b2cdd2a02,NG,temporal,,,easter,2,monday,,,I,"ps2:1-3,4-6,7-9","Ps 2:1-3, 4-6, 7-9",Blessed are all who take refuge in the Lord. Or: Alleluia.,,ps2_1_3_4_6_7_9,Catholic Daily RSVCE,1,verified-fallback
ng:usage:81bde9b576bd4bd392e5,NG,temporal,,,easter,2,monday,,,I,"ps2:1-3,4-6,7-9","Ps 2:1-3, 4-6, 7-9",Happy are all who put their trust in the Lord.,,ps2_1_3_4_6_7_9,Catholic Daily RSVCE,2,verified-fallback
ng:usage:383799cfb81ff1802c60,NG,temporal,,,easter,2,monday,,,II,"ps2:1-3,4-6,7-9","Ps 2:1-3, 4-6, 7-9","Blessed are all who trust in you, O Lord.",2026-04-13,ng:2026-04-13:responsorial-psalm:1,Catholic Missal for Nigeria,1,verified
ng:usage:0dabde09649a5f6f39dd,NG,temporal,,,easter,2,monday,,,II,"ps2:1-3,4-6,7-9","Ps 2:1-3, 4-6, 7-9",Happy are all who put their trust in the Lord.,,ps2_1_3_4_6_7_9,Catholic Daily RSVCE,2,verified-fallback
ng:usage:14b511feb4243438434f,NG,temporal,,,easter,2,saturday,,,I,"ps19:2-3,4-5","Ps 19:2-3, 4-5",Their Sound goes forth through all the earth Or: Alleluia.,,ng:reconstructed:e92bd5cabc1f2f27,Catholic Missal for Nigeria,1,verified
ng:usage:f4c04ef8bfae9aed57ab,NG,temporal,,,easter,2,saturday,,,I,"ps33:1-2,4-5,18-19","Ps 33:1-2, 4-5, 18-19","Lord, let you mercy be on us,",,ng:reconstructed:b398aae72e79664f,Catholic Missal for Nigeria,2,verified
ng:usage:b1cc68ca246a7eaa0573,NG,temporal,,,easter,2,saturday,,,II,"ps33:1-2,4-5,18-19","Ps 33:1-2, 4-5, 18-19","May your merciful love be upon us, as we hope in you, O Lord.",2026-04-18,ng:2026-04-18:responsorial-psalm:1,Catholic Missal for Nigeria,1,verified
ng:usage:38ffd1aa7966a97e3f50,NG,temporal,,,easter,2,saturday,,,II,"ps33:1-2,4-5,18-19","Ps 33:1-2, 4-5, 18-19","May your merciful love be upon us, as we hope in you, O Lord. Or Alleluia",,ng:reconstructed:a0baef2ab7271cba,Catholic Missal for Nigeria,2,verified
ng:usage:fae0b1f9cdd9d9dcf0f4,NG,temporal,,,easter,2,saturday,,,II,"ps33:1-2,4-5,18-19","Ps 33:1-2, 4-5, 18-19","Lord, let you mercy be on us,",,ng:reconstructed:b398aae72e79664f,Catholic Missal for Nigeria,3,verified
ng:usage:c45b2d6e9eeb5681e82d,NG,temporal,,,easter,2,sunday,,A,,"ps118:2-4,13-15ab,22-24","Ps 118:2-4, 13-15ab, 22-24","Give praise to the Lord, for he is good; his mercy endures forever.",2026-04-12,ng:2026-04-12:responsorial-psalm:1,Catholic Missal for Nigeria,1,verified
ng:usage:cff9ccec15f8f004c893,NG,temporal,,,easter,2,sunday,,A,,"ps118:2-4,13-15,22-24","Ps 118:2-4, 13-15, 22-24","Give thanks to the LORD, for he is good, his love is everlasting.",,ps118_2_4_13_15_22_24,Catholic Daily RSVCE,2,verified-fallback
ng:usage:6ab08a14e20ceeb730d8,NG,temporal,,,easter,2,sunday,,B,,"ps118:2-4,13-15,22-24","Ps 118:2-4, 13-15, 22-24","Give thanks to the LORD, for he is good, his love is everlasting.",,ps118_2_4_13_15_22_24,Catholic Daily RSVCE,1,verified-fallback
ng:usage:6411190a38f8c07590df,NG,temporal,,,easter,2,sunday,,C,,"ps118:2-4,13-15,22-24","Ps 118:2-4, 13-15, 22-24","Give thanks to the Lord for he is good, his love is everlasting.",,ps118_2_4_13_15_22_24,Catholic Daily RSVCE,1,verified-fallback
ng:usage:adba3dc3e6d3d60dd845,NG,temporal,,,easter,2,thursday,,,I,"ps34:1+8,16-17,18-19","Ps 34:1+8, 16-17, 18-19",The Lord hears the cry of the poor.,,ps34_1_8_16_17_18_19,Catholic Daily RSVCE,1,verified-fallback
ng:usage:ef1a62b7f1a94f0e6014,NG,temporal,,,easter,2,thursday,,,II,"ps34:2,9,17-18,19-20","Ps 34:2, 9, 17-18, 19-20","The lowly one called, and the Lord heard him.",2026-04-16,ng:2026-04-16:responsorial-psalm:1,Catholic Missal for Nigeria,1,verified
ng:usage:9a5ae056aaf04e60a8dc,NG,temporal,,,easter,2,thursday,,,II,"ps34:1+8,16-17,18-19","Ps 34:1+8, 16-17, 18-19",The Lord hears the cry of the poor.,,ps34_1_8_16_17_18_19,Catholic Daily RSVCE,2,verified-fallback
ng:usage:40c4e2cdef877455af58,NG,temporal,,,easter,2,tuesday,,,I,"ps93:1ab,1cd-2,5","Ps 93:1ab, 1cd-2, 5","The Lord is king, with majesty enrobed. Or: Alleluia.",,ps93_1ab_1cd_2_5,Catholic Daily RSVCE,1,verified-fallback
ng:usage:567cd5a52bf670ea5f1a,NG,temporal,,,easter,2,tuesday,,,I,"ps93:1ab,1c-2,5","Ps 93:1ab, 1c-2, 5",The Lord is king; he is robed in majesty.,,ps93_1ab_1c_2_5,Catholic Daily RSVCE,2,verified-fallback
ng:usage:be9f23d282b0cb090baa,NG,temporal,,,easter,2,tuesday,,,II,"ps93:1abc,1d-2,5","Ps 93:1abc, 1d-2, 5","The Lord is king, with majesty enrobed.",2026-04-14,ng:2026-04-14:responsorial-psalm:1,Catholic Missal for Nigeria,1,verified
ng:usage:7fe8a071ce0736c7cc14,NG,temporal,,,easter,2,tuesday,,,II,"ps93:1ab,1cd-2,5","Ps 93:1ab, 1cd-2, 5","The Lord is king, with majesty enrobed.",,ps93_1ab_1cd_2_5,Catholic Daily RSVCE,2,verified-fallback
ng:usage:72fc11c8c8b8af4efbff,NG,temporal,,,easter,2,tuesday,,,II,"ps93:1ab,1c-2,5","Ps 93:1ab, 1c-2, 5",The Lord is king; he is robed in majesty.,,ps93_1ab_1c_2_5,Catholic Daily RSVCE,3,verified-fallback
ng:usage:2080e478d306d0e1295f,NG,temporal,,,easter,2,wednesday,,,I,"ps34:1-2,3-4,5-6,7-8","Ps 34:1-2, 3-4, 5-6, 7-8",The Lord hears the cry of the poor.,,ps34_1_2_3_4_5_6_7_8,Catholic Daily RSVCE,1,verified-fallback
ng:usage:86182a50be49a9785f10,NG,temporal,,,easter,2,wednesday,,,II,"ps34:2-3,4-5,6-7,8-9","Ps 34:2-3, 4-5, 6-7, 8-9","The lowly one called, and the Lord heard him.",2026-04-15,ng:2026-04-15:responsorial-psalm:1,Catholic Missal for Nigeria,1,verified
ng:usage:c8c34a57f3c0c3814c0a,NG,temporal,,,easter,2,wednesday,,,II,"ps34:1-2,3-4,5-6,7-8","Ps 34:1-2, 3-4, 5-6, 7-8",The Lord hears the cry of the poor.,,ps34_1_2_3_4_5_6_7_8,Catholic Daily RSVCE,2,verified-fallback
ng:usage:c5fb54e2248ec25a1cf0,NG,temporal,,,easter,3,friday,,,I,"ps117:1,2","Ps 117:1, 2","Go into all the world, and proclaim the Gospel Or: Alleluia.",,ng:reconstructed:9e04d3195f4c39be,Catholic Missal for Nigeria,1,verified
ng:usage:bd907869ba166ea5a8bd,NG,temporal,,,easter,3,friday,,,I,"ps117:1,2","Ps 117:1, 2",Go out to all the world and tell the good news.,,ng:reconstructed:73d92e286a6fb381,Catholic Missal for Nigeria,2,verified
ng:usage:61acb26f9916b8da07e9,NG,temporal,,,easter,3,friday,,,II,"ps117:1,2","Ps 117:1, 2","Go into all the world, and preach the Gospel.",2026-04-24,ng:2026-04-24:responsorial-psalm:1,Catholic Missal for Nigeria,1,verified
ng:usage:1727fdb4cb0b5162479f,NG,temporal,,,easter,3,friday,,,II,"ps117:1,2","Ps 117:1, 2","Go into all the world, and proclaim the Gospel.",,ng:reconstructed:6639883d6b8c380b,Catholic Missal for Nigeria,2,verified
ng:usage:706c3850bc173d5d7835,NG,temporal,,,easter,3,friday,,,II,"ps117:1,2","Ps 117:1, 2",Go out to all the world and tell the good news.,,ng:reconstructed:73d92e286a6fb381,Catholic Missal for Nigeria,3,verified
ng:usage:98d4ceca68a4526ec10d,NG,temporal,,,easter,3,monday,,,I,"ps119:23-24,26-27,29-30","Ps 119:23-24, 26-27, 29-30",Blessed are those who walk in the law of the Lord. Or: Alleluia.,,ps119_23_24_26_27_29_30,Catholic Daily RSVCE,1,verified-fallback
ng:usage:54e93fa89563eab720b2,NG,temporal,,,easter,3,monday,,,I,"ps119:23-24,26-27,29-30","Ps 119:23-24, 26-27, 29-30",Happy are they who follow the law of the Lord!,,ps119_23_24_26_27_29_30,Catholic Daily RSVCE,2,verified-fallback
ng:usage:58c3ade34a92a88115c0,NG,temporal,,,easter,3,monday,,,II,"ps119:23-24,26-27,29-30","Ps 119:23-24, 26-27, 29-30",Blessed are those who walk in the law of the Lord.,2026-04-20,ng:2026-04-20:responsorial-psalm:1,Catholic Missal for Nigeria,1,verified
ng:usage:15649af7f19a8b4a3239,NG,temporal,,,easter,3,monday,,,II,"ps119:23-24,26-27,29-30","Ps 119:23-24, 26-27, 29-30",Blessed are those walk in the law of the Lord.,,ps119_23_24_26_27_29_30,Catholic Daily RSVCE,2,verified-fallback
ng:usage:0463775758e64b9927c7,NG,temporal,,,easter,3,monday,,,II,"ps119:23-24,26-27,29-30","Ps 119:23-24, 26-27, 29-30",Happy are they who follow the law of the Lord!,,ps119_23_24_26_27_29_30,Catholic Daily RSVCE,3,verified-fallback
ng:usage:717719d9dbf786474a2c,NG,temporal,,,easter,3,saturday,,,I,"ps116:12-13,14-15,16-17","Ps 116:12-13, 14-15, 16-17",How can I repay the Lord for all his goodness to me? Or: Alleluia.,,ps116_12_13_14_15_16_17,Catholic Daily RSVCE,1,verified-fallback
ng:usage:fa75a255f0ae378303ac,NG,temporal,,,easter,3,saturday,,,I,"ps116:12-13,14-15,16-17","Ps 116:12-13, 14-15, 16-17",What return can I make to the Lord,,ps116_12_13_14_15_16_17,Catholic Daily RSVCE,2,verified-fallback
ng:usage:954919d426b45352625e,NG,temporal,,,easter,3,saturday,,,II,"ps116:12-13,14-15,16-17","Ps 116:12-13, 14-15, 16-17",How can I repay the Lord for all his goodness to me,,ps116_12_13_14_15_16_17,Catholic Daily RSVCE,1,verified-fallback
ng:usage:e6b80ea0133bd9260bdf,NG,temporal,,,easter,3,saturday,,,II,"ps116:12-13,14-15,16-17","Ps 116:12-13, 14-15, 16-17",What return can I make to the Lord,,ps116_12_13_14_15_16_17,Catholic Daily RSVCE,2,verified-fallback
ng:usage:4b6eae19e79cf2a8ab19,NG,temporal,,,easter,3,sunday,,A,,"ps16:1-2a,5,7-8,9-10,11","Ps 16:1-2a, 5, 7-8, 9-10, 11","Lord, you will show me the path of life.",2026-04-19,ng:2026-04-19:responsorial-psalm:1,Catholic Missal for Nigeria,1,verified
ng:usage:2e864516902faa77e9c2,NG,temporal,,,easter,3,sunday,,A,,"ps16:1-2,5,7-8,9-10,11","Ps 16:1-2, 5, 7-8, 9-10, 11","Lord, you will show us the path of life.",,ps16_1_2_5_7_8_9_10_11,Catholic Daily RSVCE,2,verified-fallback
ng:usage:09ea53c5fa92659266f5,NG,temporal,,,easter,3,sunday,,B,,"ps4:2,4,7-8,9","Ps 4:2, 4, 7-8, 9","Lord, let your face shine on us.",,ps4_2_4_7_8_9,Catholic Daily RSVCE,1,verified-fallback
ng:usage:f0812c97f67df97ce5dc,NG,temporal,,,easter,3,sunday,,C,,"ps30:2,4,5-6,11-12,13","Ps 30:2, 4, 5-6, 11-12, 13","I will praise you, Lord, for you have rescued me.",,ps30_2_4_5_6_11_12_13,Catholic Daily RSVCE,1,verified-fallback
ng:usage:61fa859456072c54ceb2,NG,temporal,,,easter,3,thursday,,,I,"ps66:8-9,16-17,20","Ps 66:8-9, 16-17, 20","Cry out with joy to God, all the earth. Or: Alleluia.",,ps66_8_9_16_17_20,Catholic Daily RSVCE,1,verified-fallback
ng:usage:81d6da7f33be861d373a,NG,temporal,,,easter,3,thursday,,,I,"ps66:8-9,16-17,20","Ps 66:8-9, 16-17, 20",Let all the earth cry out to God with joy.,,ps66_8_9_16_17_20,Catholic Daily RSVCE,2,verified-fallback
ng:usage:4cc9fa8d41644ef29810,NG,temporal,,,easter,3,thursday,,,II,"ps66:8-9,16-17,20","Ps 66:8-9, 16-17, 20","Cry out with joy to God, all the earth.",2026-04-23,ng:2026-04-23:responsorial-psalm:1,Catholic Missal for Nigeria,1,verified
ng:usage:fc16cc35115a5c3cfe3e,NG,temporal,,,easter,3,thursday,,,II,"ps66:8-9,16-17,20","Ps 66:8-9, 16-17, 20",Let all the earth cry out to God with joy.,,ps66_8_9_16_17_20,Catholic Daily RSVCE,2,verified-fallback
ng:usage:b97a083978cdd5a66b52,NG,temporal,,,easter,3,tuesday,,,I,"ps31:3cd-4,6,7b,8a,17,21ab","Ps 31:3cd-4, 6, 7b, 8a, 17, 21ab","Into your hands, O Lord, I commend my spirit. Or: Alleluia.",,ps31_3cd_4_6_7b_8a_17_21ab,Catholic Daily RSVCE,1,verified-fallback
ng:usage:b095d4edb742deb24828,NG,temporal,,,easter,3,tuesday,,,I,"ps31:2cd-3,5ab+6b+7a,16+20ab","Ps 31:2cd-3, 5ab+6b+7a, 16+20ab","Into your hands, O Lord, I entrust my spirit.",,ps31_2cd_3_5ab_6b_7a_16_20ab,Catholic Daily RSVCE,2,verified-fallback
ng:usage:65102c880a5444c6cc87,NG,temporal,,,easter,3,tuesday,,,II,"ps31:3bc-4,5,7b-8a,17,21ab","Ps 31:3bc-4, 5, 7b-8a, 17, 21ab","Into your hands, O Lord, I commend my spirit.",2026-04-21,ng:2026-04-21:responsorial-psalm:1,Catholic Missal for Nigeria,1,verified
ng:usage:bdf5f1b28501eff249a0,NG,temporal,,,easter,3,tuesday,,,II,"ps31:3cd-4,6,7b,8a,17,21ab","Ps 31:3cd-4, 6, 7b, 8a, 17, 21ab","Into your hands, O Lord, I commend my spirit.",,ps31_3cd_4_6_7b_8a_17_21ab,Catholic Daily RSVCE,2,verified-fallback
ng:usage:7971d95cfa0e2fc6a702,NG,temporal,,,easter,3,tuesday,,,II,"ps31:2cd-3,5ab+6b+7a,16+20ab","Ps 31:2cd-3, 5ab+6b+7a, 16+20ab","Into your hands, O Lord, I entrust my spirit.",,ps31_2cd_3_5ab_6b_7a_16_20ab,Catholic Daily RSVCE,3,verified-fallback
ng:usage:9e5c94487935385febd9,NG,temporal,,,easter,3,wednesday,,,I,"ps66:1-3a,4-5,6-7a","Ps 66:1-3a, 4-5, 6-7a","Cry out with joy to God, all the earth. Or: Alleluia.",,ps66_1_3a_4_5_6_7a,Catholic Daily RSVCE,1,verified-fallback
ng:usage:01eec899ca12ebc28900,NG,temporal,,,easter,3,wednesday,,,I,"ps66:1-3a,4-5,6-7a","Ps 66:1-3a, 4-5, 6-7a",Let all the earth cry out to God with joy.,,ps66_1_3a_4_5_6_7a,Catholic Daily RSVCE,2,verified-fallback
ng:usage:3d94bc17a8277b5d808b,NG,temporal,,,easter,3,wednesday,,,II,"ps66:1-3a,4-5,6-7a","Ps 66:1-3a, 4-5, 6-7a","Cry out with joy to God, all the earth.",2026-04-22,ng:2026-04-22:responsorial-psalm:1,Catholic Missal for Nigeria,1,verified
ng:usage:02ade3d85f26b82f4462,NG,temporal,,,easter,3,wednesday,,,II,"ps66:1-3a,4-5,6-7a","Ps 66:1-3a, 4-5, 6-7a",Let all the earth cry out to God with joy.,,ps66_1_3a_4_5_6_7a,Catholic Daily RSVCE,2,verified-fallback
ng:usage:973faccfa838e2798fb6,NG,temporal,,,easter,4,friday,,,I,"ps2:6-7,8-9,10-11","Ps 2:6-7, 8-9, 10-11",You are my Son; this day I have begotten you.,,ps2_6_7_8_9_10_11,Catholic Daily RSVCE,1,verified-fallback
ng:usage:039a38805399fadc4a13,NG,temporal,,,easter,4,friday,,,II,"ps2:6-7,8-9,10-12a","Ps 2:6-7, 8-9, 10-12a",You are my son. It is I who have begotten you this day.,2026-05-01,ng:2026-05-01:responsorial-psalm:1,Catholic Missal for Nigeria,1,verified
ng:usage:64719bd3994a02a90ffa,NG,temporal,,,easter,4,friday,,,II,"ps2:6-7,8-9,10-11ab","Ps 2:6-7, 8-9, 10-11ab",You are my son. It is I who have begotten you this day.,,local_rsvce:expanded:e10bddf28fddd420,Catholic Daily RSVCE,2,verified-fallback
ng:usage:698e5da8193d94f08a0f,NG,temporal,,,easter,4,friday,,,II,"ps2:6-7,8-9,10-11","Ps 2:6-7, 8-9, 10-11",You are my Son; this day I have begotten you.,,ps2_6_7_8_9_10_11,Catholic Daily RSVCE,3,verified-fallback
ng:usage:de54a748d858a3f9b7e1,NG,temporal,,,easter,4,monday,,,I,"ps42:2-3,43:3-4","Ps 42:2-3, 43:3-4","My soul is thirsting for you, the living God. Or: Alleluia.",,ps42_2_3_43_3_4,Catholic Daily RSVCE,1,verified-fallback
ng:usage:41e86bf7c15532a5b158,NG,temporal,,,easter,4,monday,,,I,"ps42:2-3,43:3,4","Ps 42:2-3, 43:3, 4",My soul is thirsting for the living God.,,ps42_2_3_43_3_4__alias_112adc2a2976,Catholic Daily RSVCE,2,verified-fallback
ng:usage:a07d6d99f51429deffec,NG,temporal,,,easter,4,monday,,,II,"ps42:2-3,43:3,4","Ps 42:2-3, 43:3, 4","My soul is thirsting for you, the living God.",2026-04-27,ng:2026-04-27:responsorial-psalm:1,Catholic Missal for Nigeria,1,verified
ng:usage:37fcd6fce14381cd087b,NG,temporal,,,easter,4,monday,,,II,"ps42:2-3,43:3-4","Ps 42:2-3, 43:3-4","My soul is thirsting for you, the living God.",,ps42_2_3_43_3_4,Catholic Daily RSVCE,2,verified-fallback
ng:usage:53b5275778839a1c65d7,NG,temporal,,,easter,4,monday,,,II,"ps42:2-3,43:3,4","Ps 42:2-3, 43:3, 4",My soul is thirsting for the living God.,,ps42_2_3_43_3_4__alias_112adc2a2976,Catholic Daily RSVCE,3,verified-fallback
ng:usage:c3ca71f0c98c475897f5,NG,temporal,,,easter,4,saturday,,,I,"ps98:1,2-3ab,3cd-4","Ps 98:1, 2-3ab, 3cd-4",All the ends of the earth have seen the salvation of our God. Or: Alleluia.,,ps98_1_2_3ab_3cd_4,Catholic Daily RSVCE,1,verified-fallback
ng:usage:029f2ee8b009c35d4d07,NG,temporal,,,easter,4,saturday,,,I,"ps98:1,2-3ab,3cd-4","Ps 98:1, 2-3ab, 3cd-4",All the ends of the earth have seen,,ps98_1_2_3ab_3cd_4,Catholic Daily RSVCE,2,verified-fallback
ng:usage:464409dba8a77a9eec79,NG,temporal,,,easter,4,saturday,,,II,"ps98:1,2-3ab,3cd-4","Ps 98:1, 2-3ab, 3cd-4",All the ends of the earth have seen the salvation of our God.,2026-01-02,ng:2026-01-02:responsorial-psalm:1,Catholic Missal for Nigeria,1,verified
ng:usage:85aa44c16abd38a52bff,NG,temporal,,,easter,4,saturday,,,II,"ps98:1,2-3ab,3cd-4","Ps 98:1, 2-3ab, 3cd-4",All the ends of the earth have seen,,ps98_1_2_3ab_3cd_4,Catholic Daily RSVCE,2,verified-fallback
ng:usage:8a5f9b9084d38ca21c13,NG,temporal,,,easter,4,sunday,,A,,"ps23:1-3a,3b-4,5,6","Ps 23:1-3a, 3b-4, 5, 6",The Lord is my shepherd; there is nothing I shall want.,2026-03-15,ng:2026-03-15:responsorial-psalm:1,Catholic Missal for Nigeria,1,verified
ng:usage:8f9a881b9f41b4f5e09b,NG,temporal,,,easter,4,sunday,,B,,"ps118:1,8-9,21-23,26,28,29","Ps 118:1, 8-9, 21-23, 26, 28, 29",The stone that the builders rejected has become the cornerstone.,,ps118_1_8_9_21_23_26_28_29,Catholic Daily RSVCE,1,verified-fallback
ng:usage:b89ca16aa353f320e7ec,NG,temporal,,,easter,4,sunday,,B,,"ps118:1,8-9,21-23,26,28,29","Ps 118:1, 8-9, 21-23, 26, 28, 29",The stone rejected by the builders has become the cornerstone.,,ps118_1_8_9_21_23_26_28_29,Catholic Daily RSVCE,2,verified-fallback
ng:usage:a539e42fad661b5ef257,NG,temporal,,,easter,4,sunday,,C,,"ps100:1-2,3,5","Ps 100:1-2, 3, 5","We are his people, the sheep of his flock. Or: Alleluia.",,ng:reconstructed:cede12dd16b6c2ae,Catholic Missal for Nigeria,1,verified
ng:usage:1494972109bd1b833908,NG,temporal,,,easter,4,sunday,,C,,"ps100:1-2,3,5","Ps 100:1-2, 3, 5","We are his people, the sheep of his flock.",2026-06-14,ng:2026-06-14:responsorial-psalm:1,Catholic Missal for Nigeria,2,verified
ng:usage:4aa4464c8a2f1cffda56,NG,temporal,,,easter,4,thursday,,,I,"ps89:2-3,21-22,25,27","Ps 89:2-3, 21-22, 25, 27","I will sing forever of your mercies, O Lord. Or: Alleluia.",,ps89_2_3_21_22_25_27__alias_e81bee9a59c5,Catholic Daily RSVCE,1,verified-fallback
ng:usage:bf94a910fa944c3ada75,NG,temporal,,,easter,4,thursday,,,I,"ps89:2-3,21-22,25+27","Ps 89:2-3, 21-22, 25+27",For ever I will sing the goodness of the Lord.,,ps89_2_3_21_22_25_27,Catholic Daily RSVCE,2,verified-fallback
ng:usage:bf268ff019530d7a00fe,NG,temporal,,,easter,4,thursday,,,II,"ps89:2-3,21-22,25+27","Ps 89:2-3, 21-22, 25+27",For ever I will sing the goodness of the Lord.,,ps89_2_3_21_22_25_27,Catholic Daily RSVCE,1,verified-fallback
ng:usage:aca51fac315f716f4dc9,NG,temporal,,,easter,4,tuesday,,,I,"ps87:1b-3,4-5,6-7","Ps 87:1b-3, 4-5, 6-7","O praise the Lord, all you nations. Or: Alleluia.",,ps87_1b_3_4_5_6_7,Catholic Daily RSVCE,1,verified-fallback
ng:usage:06aad06f5985dd804a78,NG,temporal,,,easter,4,tuesday,,,I,"ps87:1-3,4-5,6-7","Ps 87:1-3, 4-5, 6-7","All you nations, praise the Lord.",,ps87_1_3_4_5_6_7,Catholic Daily RSVCE,2,verified-fallback
ng:usage:92a1b011e3c06a54dd44,NG,temporal,,,easter,4,tuesday,,,II,"ps87:1-3,4-5,6-7","Ps 87:1-3, 4-5, 6-7","O praise the Lord, all you nations.",2026-04-28,ng:2026-04-28:responsorial-psalm:1,Catholic Missal for Nigeria,1,verified
ng:usage:7978ae68c28cd88d16ba,NG,temporal,,,easter,4,tuesday,,,II,"ps87:1b-3,4-5,6-7","Ps 87:1b-3, 4-5, 6-7","O praise the Lord, all you nations",,ps87_1b_3_4_5_6_7,Catholic Daily RSVCE,2,verified-fallback
ng:usage:07e11f2fcd863a75fbea,NG,temporal,,,easter,4,tuesday,,,II,"ps87:1-3,4-5,6-7","Ps 87:1-3, 4-5, 6-7","All you nations, praise the Lord.",,ps87_1_3_4_5_6_7,Catholic Daily RSVCE,3,verified-fallback
ng:usage:8f132fd713e26f8c5b46,NG,temporal,,,easter,4,wednesday,,,I,"ps113:1-2,3-4,5-6,7-8","Ps 113:1-2, 3-4, 5-6, 7-8",The Lord set them with the princes of his people. Or: Alleluia.,,ps113_1_2_3_4_5_6_7_8,Catholic Daily RSVCE,1,verified-fallback
ng:usage:f65383dfaa7c50df8722,NG,temporal,,,easter,4,wednesday,,,I,"ps67:1-2,3a+4,5+7","Ps 67:1-2, 3a+4, 5+7","O God, let all the nations praise you!",,ps67_1_2_3a_4_5_7,Catholic Daily RSVCE,2,verified-fallback
ng:usage:b3cda126808896102f57,NG,temporal,,,easter,4,wednesday,,,II,"ps67:2-3,5,6,8","Ps 67:2-3, 5, 6, 8","Let the people praise you, O God; let all the people praise you!",2026-04-29,ng:2026-04-29:responsorial-psalm:1,Catholic Missal for Nigeria,1,verified
ng:usage:8bc373f4bd5a7e0c5f43,NG,temporal,,,easter,4,wednesday,,,II,"ps67:2-3,5,6,8","Ps 67:2-3, 5, 6, 8","Let the peoples praise you, O God; let all the peoples praise you!",2026-08-16,ng:2026-08-16:responsorial-psalm:1,Catholic Missal for Nigeria,2,verified
ng:usage:6d792ee17031e6e316e7,NG,temporal,,,easter,4,wednesday,,,II,"ps67:1-2,3a+4,5+7","Ps 67:1-2, 3a+4, 5+7","O God, let all the nations praise you!",,ps67_1_2_3a_4_5_7,Catholic Daily RSVCE,3,verified-fallback
ng:usage:680ff0cab9c7e7e3c6ed,NG,temporal,,,easter,5,friday,,,I,"ps57:8-9,10,12","Ps 57:8-9, 10, 12","I will give you thanks among the peoples, O Lord. Or: Alleluia.",,ps57_8_9_10_12,Catholic Daily RSVCE,1,verified-fallback
ng:usage:366984eff4a038d9d842,NG,temporal,,,easter,5,friday,,,I,"ps57:7,8,9-10,11","Ps 57:7, 8, 9-10, 11","I will praise you among the nations, O Lord.",,ps57_7_8_9_10_11,Catholic Daily RSVCE,2,verified-fallback
ng:usage:436b26459ac71409172f,NG,temporal,,,easter,5,friday,,,II,"ps57:8-9,10-12","Ps 57:8-9, 10-12","I will praise you, Lord, among the peoples.",2026-05-08,ng:2026-05-08:responsorial-psalm:1,Catholic Missal for Nigeria,1,verified
ng:usage:4ff6b956d9a07441d2f5,NG,temporal,,,easter,5,friday,,,II,"ps19:2-3,4-5","Ps 19:2-3, 4-5",Their sound goes forth through all the earth.,2026-09-21,ng:2026-09-21:responsorial-psalm:1,Catholic Missal for Nigeria,2,verified
ng:usage:7aa0760cb06482095c11,NG,temporal,,,easter,5,friday,,,II,"ps57:7,8,9-10,11","Ps 57:7, 8, 9-10, 11","I will praise you among the nations, O Lord.",,ps57_7_8_9_10_11,Catholic Daily RSVCE,3,verified-fallback
ng:usage:7615cae52088e520aa24,NG,temporal,,,easter,5,monday,,,I,"ps115:1-2,3-4,15-16","Ps 115:1-2, 3-4, 15-16","Not to us, O Lord, but to your name give the glory. Or: Alleluia.",,ps115_1_2_3_4_15_16,Catholic Daily RSVCE,1,verified-fallback
ng:usage:ba1ca7d2c0c1e4bb6ec0,NG,temporal,,,easter,5,monday,,,I,"ps115:1-2,3-4,15-16","Ps 115:1-2, 3-4, 15-16","Not to us, O Lord, but to your name give the glory.",2026-05-04,ng:2026-05-04:responsorial-psalm:1,Catholic Missal for Nigeria,2,verified
ng:usage:c32d702bb0b4d07bc94b,NG,temporal,,,easter,5,monday,,,II,"ps115:1-2,3-4,15-16","Ps 115:1-2, 3-4, 15-16","Not to us, O Lord, but to your name give the glory.",2026-05-04,ng:2026-05-04:responsorial-psalm:1,Catholic Missal for Nigeria,1,verified
ng:usage:ce604f812cca7f6fb258,NG,temporal,,,easter,5,saturday,,,I,"ps100:1-2,3,5","Ps 100:1-2, 3, 5",Let all the earth cry out to God with joy.,,ng:reconstructed:c1d875fa19636054,Catholic Missal for Nigeria,1,verified
ng:usage:6c671c0d4f11c4da954b,NG,temporal,,,easter,5,saturday,,,II,"ps100:1-2,3,5","Ps 100:1-2, 3, 5","Cry out with joy to the Lord, all the earth.",2026-05-09,ng:2026-05-09:responsorial-psalm:1,Catholic Missal for Nigeria,1,verified
ng:usage:e09db496d6213e8ad7b7,NG,temporal,,,easter,5,saturday,,,II,"ps100:1-2,3,5","Ps 100:1-2, 3, 5",Let all the earth cry out to God with joy.,,ng:reconstructed:c1d875fa19636054,Catholic Missal for Nigeria,2,verified
ng:usage:bb4707f2269a45c3460b,NG,temporal,,,easter,5,sunday,,A,,"ps33:1-2,4-5,18-19","Ps 33:1-2, 4-5, 18-19","May your merciful love be upon us, as we hope in you, O Lord.",2026-04-18,ng:2026-04-18:responsorial-psalm:1,Catholic Missal for Nigeria,1,verified
ng:usage:696dbe972f18a01f0d79,NG,temporal,,,easter,5,sunday,,A,,"ps33:1-2,4-5,18-19","Ps 33:1-2, 4-5, 18-19","Lord, let your mercy be on us, as we place our trust in you.",,ng:reconstructed:f1a6395f00e2fce5,Catholic Missal for Nigeria,2,verified
ng:usage:27430e6779715d40d383,NG,temporal,,,easter,5,sunday,,B,,"ps22:26-27,28,30,31-32","Ps 22:26-27, 28, 30, 31-32","You are my praise, Lord, in the great assembly.",,ps22_26_27_28_30_31_32,Catholic Daily RSVCE,1,verified-fallback
ng:usage:f2147e614f453826aba0,NG,temporal,,,easter,5,sunday,,B,,"ps22:26-27,28,30,31-32","Ps 22:26-27, 28, 30, 31-32","I will praise you, Lord, in the assembly of your people.",,ps22_26_27_28_30_31_32,Catholic Daily RSVCE,2,verified-fallback
ng:usage:fd2db581acbe91e5e446,NG,temporal,,,easter,5,sunday,,C,,"ps145:8-9,10-11,12-13","Ps 145:8-9, 10-11, 12-13","I will bless you name forever, my king and my God. Or: Alleluia.",,ps145_8_9_10_11_12_13,Catholic Daily RSVCE,1,verified-fallback
ng:usage:5709e96cd1e0c5217acf,NG,temporal,,,easter,5,sunday,,C,,"ps145:8-9,10-11,12-13","Ps 145:8-9, 10-11, 12-13","I will praise your name for ever, my king and my God.",,ps145_8_9_10_11_12_13,Catholic Daily RSVCE,2,verified-fallback
ng:usage:435ad66d5e2f4ae636ef,NG,temporal,,,easter,5,thursday,,,I,"ps96:1-2a,2b-3,10","Ps 96:1-2a, 2b-3, 10",Tell among all the peoples the wonders of the Lord. Or: Alleluia.,,ps96_1_2a_2b_3_10,Catholic Daily RSVCE,1,verified-fallback
ng:usage:48b6002bf571735630b8,NG,temporal,,,easter,5,thursday,,,I,"ps96:1-2a,2b-3,10","Ps 96:1-2a, 2b-3, 10",Proclaim God's marvellous deeds to all the nations.,,ps96_1_2a_2b_3_10,Catholic Daily RSVCE,2,verified-fallback
ng:usage:4cd5d40e9429f25caf6d,NG,temporal,,,easter,5,thursday,,,II,"ps96:1-2a,2b-3,10","Ps 96:1-2a, 2b-3, 10",Tell among all the peoples the wonders of the Lord.,2026-05-07,ng:2026-05-07:responsorial-psalm:1,Catholic Missal for Nigeria,1,verified
ng:usage:2e76ec5c2d6c76c5aa9f,NG,temporal,,,easter,5,thursday,,,II,"ps96:1-2a,2b-3,10","Ps 96:1-2a, 2b-3, 10",Proclaim God's marvellous deeds to all the nations.,,ps96_1_2a_2b_3_10,Catholic Daily RSVCE,2,verified-fallback
ng:usage:c468224af4f9394be788,NG,temporal,,,easter,5,tuesday,,,I,"ps145:10-11,12-13ab,21","Ps 145:10-11, 12-13ab, 21","Your friends make known, O Lord, the glory of your reign. Or: Alleluia.",,ps145_10_11_12_13ab_21,Catholic Daily RSVCE,1,verified-fallback
ng:usage:acb513394c34ddbb0b9f,NG,temporal,,,easter,5,tuesday,,,I,"ps145:10-11,12-13ab,13cd+21","Ps 145:10-11, 12-13ab, 13cd+21","Your friends tell the glory of your kingship, Lord.",,ps145_10_11_12_13ab_13cd_21,Catholic Daily RSVCE,2,verified-fallback
ng:usage:b6997f989427755891a8,NG,temporal,,,easter,5,tuesday,,,II,"ps145:10-11,12-13ab,21","Ps 145:10-11, 12-13ab, 21","Your friends make known, O Lord, the glory of your reign.",2026-05-05,ng:2026-05-05:responsorial-psalm:1,Catholic Missal for Nigeria,1,verified
ng:usage:8802e229ddbc6e3423ac,NG,temporal,,,easter,5,tuesday,,,II,"ps145:10-11,12-13ab,13cd+21","Ps 145:10-11, 12-13ab, 13cd+21","Your friends tell the glory of your kingship, Lord.",,ps145_10_11_12_13ab_13cd_21,Catholic Daily RSVCE,2,verified-fallback
ng:usage:bcd9958fc0026d3b442f,NG,temporal,,,easter,5,wednesday,,,I,"ps122:1-2,3-4ab,4cd-5","Ps 122:1-2, 3-4ab, 4cd-5",Let us go rejoicing to the house of the Lord. Or: Alleluia.,,ng:reconstructed:2f1e987c66491f59,Catholic Missal for Nigeria,1,verified
ng:usage:6384cd671bf18452c1d8,NG,temporal,,,easter,5,wednesday,,,I,"ps122:1-2,3-4a,4b-5","Ps 122:1-2, 3-4a, 4b-5",Let us go rejoicing to the house of the Lord.,,ps122_1_2_3_4a_4b_5,Catholic Daily RSVCE,2,verified-fallback
ng:usage:c9a511c0dd549caf642b,NG,temporal,,,easter,5,wednesday,,,II,"ps122:1-2,3-4ab,4cd-5","Ps 122:1-2, 3-4ab, 4cd-5",Let us go rejoicing to the house of the Lord.,2026-05-06,ng:2026-05-06:responsorial-psalm:1,Catholic Missal for Nigeria,1,verified
ng:usage:cddcd721b2c116f0c0ec,NG,temporal,,,easter,5,wednesday,,,II,"ps122:1-2,3-4a,4b-5","Ps 122:1-2, 3-4a, 4b-5",Let us go rejoicing to the house of the Lord.,,ps122_1_2_3_4a_4b_5,Catholic Daily RSVCE,2,verified-fallback
ng:usage:a4394873e59815932bb1,NG,temporal,,,easter,6,friday,,,I,"ps47:2-3,4-5,6-7","Ps 47:2-3, 4-5, 6-7",God is king of all the earth. Or: Alleluia.,,ps47_2_3_4_5_6_7,Catholic Daily RSVCE,1,verified-fallback
ng:usage:9103c9fbae465297e47d,NG,temporal,,,easter,6,friday,,,I,"ps47:1-2,3-4,5-6","Ps 47:1-2, 3-4, 5-6",God is king of all the earth.,,ps47_1_2_3_4_5_6,Catholic Daily RSVCE,2,verified-fallback
ng:usage:dc6288de479a6ab86ac5,NG,temporal,,,easter,6,friday,,,II,"ps47:2-3,4-5,6-7","Ps 47:2-3, 4-5, 6-7",God is king of all the earth.,2026-05-15,ng:2026-05-15:responsorial-psalm:1,Catholic Missal for Nigeria,1,verified
ng:usage:9b5f75a5606dba30bb5e,NG,temporal,,,easter,6,friday,,,II,"ps47:1-2,3-4,5-6","Ps 47:1-2, 3-4, 5-6",God is king of all the earth.,,ps47_1_2_3_4_5_6,Catholic Daily RSVCE,2,verified-fallback
ng:usage:bc8e16a23f984560422e,NG,temporal,,,easter,6,monday,,,I,"ps149:1b-2,3-4,5-6a,9b","Ps 149:1b-2, 3-4, 5-6a, 9b",The Lord takes delight in his people. Or: Alleluia.,,ps149_1b_2_3_4_5_6a_9b,Catholic Daily RSVCE,1,verified-fallback
ng:usage:dcabec1c35d00231dc0b,NG,temporal,,,easter,6,monday,,,I,"ps149:1-2,3-4,5-6a+9b","Ps 149:1-2, 3-4, 5-6a+9b",The Lord takes delight in his people.,,ps149_1_2_3_4_5_6a_9b,Catholic Daily RSVCE,2,verified-fallback
ng:usage:e399c65a7e1b7e9fe1ff,NG,temporal,,,easter,6,monday,,,II,"ps149:1bc-2,3-4,5-6a,9bc","Ps 149:1bc-2, 3-4, 5-6a, 9bc",The Lord takes delight in his people.,2026-05-11,ng:2026-05-11:responsorial-psalm:1,Catholic Missal for Nigeria,1,verified
ng:usage:a784cdceaa77c3f7fd3b,NG,temporal,,,easter,6,monday,,,II,"ps149:1b-2,3-4,5-6a,9b","Ps 149:1b-2, 3-4, 5-6a, 9b",The Lord takes delight in his people.,,ps149_1b_2_3_4_5_6a_9b,Catholic Daily RSVCE,2,verified-fallback
ng:usage:5534dbb55a8aae435a9f,NG,temporal,,,easter,6,monday,,,II,"ps149:1-2,3-4,5-6a+9b","Ps 149:1-2, 3-4, 5-6a+9b",The Lord takes delight in his people.,,ps149_1_2_3_4_5_6a_9b,Catholic Daily RSVCE,3,verified-fallback
ng:usage:474e9b19adcbdc2fd4cd,NG,temporal,,,easter,6,saturday,,,I,"isaiah12:2-3,4bcd,5-6","Isa 12:2-3, 4bcd, 5-6",Among you is the great and Holy One of Israel.,,local_rsvce:expanded:67b7f95f888677c6,Catholic Daily RSVCE,1,verified-fallback
ng:usage:975bd0fa1bee356b2782,NG,temporal,,,easter,6,saturday,,,I,"ps47:1-2,7-8,9","Ps 47:1-2, 7-8, 9",God is king of all the earth.,,ps47_1_2_7_8_9,Catholic Daily RSVCE,2,verified-fallback
ng:usage:36c0e0c8fa21db09ee5a,NG,temporal,,,easter,6,saturday,,,II,"ps47:2-3,8-9,10","Ps 47:2-3, 8-9, 10",God is king of all the earth.,2026-05-16,ng:2026-05-16:responsorial-psalm:1,Catholic Missal for Nigeria,1,verified
ng:usage:a773d2ee279391377863,NG,temporal,,,easter,6,saturday,,,II,"ps47:1-2,7-8,9","Ps 47:1-2, 7-8, 9",God is king of all the earth.,,ps47_1_2_7_8_9,Catholic Daily RSVCE,2,verified-fallback
ng:usage:6ac0eacd2f1519212058,NG,temporal,,,easter,6,sunday,,A,,"ps66:1-3a,4-5,6-7a,16,20","Ps 66:1-3a, 4-5, 6-7a, 16, 20","Cry out with joy to God, all the earth.",2026-05-10,ng:2026-05-10:responsorial-psalm:1,Catholic Missal for Nigeria,1,verified
ng:usage:af4a9ad744cb64e4f12a,NG,temporal,,,easter,6,sunday,,A,,"ps66:1-3,4-5,6-7,16,20","Ps 66:1-3, 4-5, 6-7, 16, 20",Let all the earth cry out to God with joy.,,ps66_1_3_4_5_6_7_16_20,Catholic Daily RSVCE,2,verified-fallback
ng:usage:f6423a6290fcc9525852,NG,temporal,,,easter,6,sunday,,B,,"ps98:1,2-3,3-4","Ps 98:1, 2-3, 3-4",The Lord has shown his deliverance to the nations..,,ps98_1_2_3_3_4,Catholic Daily RSVCE,1,verified-fallback
ng:usage:cea53b353c69d22f0a50,NG,temporal,,,easter,6,sunday,,B,,"ps98:1,2-3,3-4","Ps 98:1, 2-3, 3-4",The Lord has revealed to the nations his saving power.,,ps98_1_2_3_3_4,Catholic Daily RSVCE,2,verified-fallback
ng:usage:44a9f2616b3a2c8037cf,NG,temporal,,,easter,6,sunday,,C,,"ps67:2-3,5,6,8","Ps 67:2-3, 5, 6, 8","Let the peoples praise you, O God; let all the peoples praise you!. Or: Alleluia.",,ps67_2_3_5_6_8,Catholic Daily RSVCE,1,verified-fallback
ng:usage:8be6ccd9b4861ba98128,NG,temporal,,,easter,6,sunday,,C,,"ps47:2-3,6-7,8-9","Ps 47:2-3, 6-7, 8-9","O God, let all the nations praise you!",,ps47_2_3_6_7_8_9,Catholic Daily RSVCE,2,verified-fallback
ng:usage:8a4a3132c099d459995d,NG,temporal,,,easter,6,thursday,,,I,"ps98:1,2-3ab,3cd-4","Ps 98:1, 2-3ab, 3cd-4",The Lord has revealed to the nations his saving power.,,ps98_1_2_3ab_3cd_4,Catholic Daily RSVCE,1,verified-fallback
ng:usage:7f57b9df46b862b4f2eb,NG,temporal,,,easter,6,thursday,,,II,"ps98:1,2-3ab,3cd-4","Ps 98:1, 2-3ab, 3cd-4",The Lord has revealed to the nations his saving power.,,ps98_1_2_3ab_3cd_4,Catholic Daily RSVCE,1,verified-fallback
ng:usage:a267081930a3d206cd6b,NG,temporal,,,easter,6,tuesday,,,I,"ps138:1-2ab,2cde-3,7c-8","Ps 138:1-2ab, 2cde-3, 7c-8","With your right hand you save me, O Lord. Or: Alleluia.",,ps138_1_2ab_2cde_3_7c_8,Catholic Daily RSVCE,1,verified-fallback
ng:usage:c3994c3700d2e9ebac17,NG,temporal,,,easter,6,tuesday,,,I,"ps138:1-2a,2bc-3,7c-8","Ps 138:1-2a, 2bc-3, 7c-8","Your right hand has saved me, O Lord.",,ps138_1_2a_2bc_3_7c_8,Catholic Daily RSVCE,2,verified-fallback
ng:usage:4ed55beaf46b7a9a240c,NG,temporal,,,easter,6,tuesday,,,II,"ps138:1ac-2a,2bcd-3,7c-8","Ps 138:1ac-2a, 2bcd-3, 7c-8","With your right hand you save me, O Lord.",2026-05-12,ng:2026-05-12:responsorial-psalm:1,Catholic Missal for Nigeria,1,verified
ng:usage:60f744ee27f114755420,NG,temporal,,,easter,6,tuesday,,,II,"ps138:1-2ab,2cde-3,7c-8","Ps 138:1-2ab, 2cde-3, 7c-8","With your right hand you save me, O Lord.",,ps138_1_2ab_2cde_3_7c_8,Catholic Daily RSVCE,2,verified-fallback
ng:usage:90782e66dad461ca2f0f,NG,temporal,,,easter,6,tuesday,,,II,"ps138:1-2a,2bc-3,7c-8","Ps 138:1-2a, 2bc-3, 7c-8","Your right hand has saved me, O Lord.",,ps138_1_2a_2bc_3_7c_8,Catholic Daily RSVCE,3,verified-fallback
ng:usage:f8b242fe86302e7c73ad,NG,temporal,,,easter,6,wednesday,,,I,"ps148:1-2,11-12,13,14","Ps 148:1-2, 11-12, 13, 14",Heaven and earth are full of your glory. Or: Alleluia.,,ps148_1_2_11_12_13_14,Catholic Daily RSVCE,1,verified-fallback
ng:usage:ef1e4f74d4b724707396,NG,temporal,,,easter,6,wednesday,,,I,"ps148:1-2,11-12,13,14","Ps 148:1-2, 11-12, 13, 14",Heaven and earth are full of your glory.,2026-05-13,ng:2026-05-13:responsorial-psalm:1,Catholic Missal for Nigeria,2,verified
ng:usage:a4883af0589e3e6cf4c8,NG,temporal,,,easter,6,wednesday,,,II,"ps148:1-2,11-12,13,14","Ps 148:1-2, 11-12, 13, 14",Heaven and earth are full of your glory.,2026-05-13,ng:2026-05-13:responsorial-psalm:1,Catholic Missal for Nigeria,1,verified
ng:usage:75b3d2cffae8405f9e92,NG,temporal,,,easter,7,friday,,,I,"ps103:1-2,11-12,19-20ab","Ps 103:1-2, 11-12, 19-20ab",The Lord has fixed his throne in heaven. Or: Alleluia.,,ps103_1_2_11_12_19_20ab,Catholic Daily RSVCE,1,verified-fallback
ng:usage:cfd8d2b7235aaefc1c29,NG,temporal,,,easter,7,friday,,,I,"ps103:1-2,11-12,19-20ab","Ps 103:1-2, 11-12, 19-20ab",The Lord has set his throne in heaven.,,ps103_1_2_11_12_19_20ab,Catholic Daily RSVCE,2,verified-fallback
ng:usage:402be90bb8486e8829cc,NG,temporal,,,easter,7,friday,,,II,"ps103:1-2,11-12,19-20ab","Ps 103:1-2, 11-12, 19-20ab",The Lord has fixed his throne in heaven.,2026-05-22,ng:2026-05-22:responsorial-psalm:1,Catholic Missal for Nigeria,1,verified
ng:usage:e02156c46f74c89086c3,NG,temporal,,,easter,7,friday,,,II,"ps103:1-2,11-12,19-20ab","Ps 103:1-2, 11-12, 19-20ab",The Lord has established his throne in heaven.,,ps103_1_2_11_12_19_20ab,Catholic Daily RSVCE,2,verified-fallback
ng:usage:41430eb797921b1f0a47,NG,temporal,,,easter,7,friday,,,II,"ps103:1-2,11-12,19-20ab","Ps 103:1-2, 11-12, 19-20ab",The Lord has set his throne in heaven.,,ps103_1_2_11_12_19_20ab,Catholic Daily RSVCE,3,verified-fallback
ng:usage:869228688515e6eea447,NG,temporal,,,easter,7,monday,,,I,"ps68:2-3ab,4-5acd,6-7ab","Ps 68:2-3ab, 4-5acd, 6-7ab","You kingdoms of the earth, sing to God. Or: Alleluia.",,ps68_2_3ab_4_5acd_6_7ab,Catholic Daily RSVCE,1,verified-fallback
ng:usage:61b2eeb80cd2031069bc,NG,temporal,,,easter,7,monday,,,I,"ps68:1-2,3,4ac,5-6ab","Ps 68:1-2, 3, 4ac, 5-6ab","Sing to God, O kingdoms of the earth.",,ps68_1_2_3_4ac_5_6ab,Catholic Daily RSVCE,2,verified-fallback
ng:usage:5e4883261ab8eeecffa0,NG,temporal,,,easter,7,monday,,,II,"ps68:2-3,4-5ac,6-7ab","Ps 68:2-3, 4-5ac, 6-7ab","You kingdoms of the earth, sing to God.",2026-05-18,ng:2026-05-18:responsorial-psalm:1,Catholic Missal for Nigeria,1,verified
ng:usage:9cefe8ff1897db5d0591,NG,temporal,,,easter,7,monday,,,II,"ps68:2-3ab,4-5acd,6-7ab","Ps 68:2-3ab, 4-5acd, 6-7ab","Sing to God, O kingdoms of the earth.",,ps68_2_3ab_4_5acd_6_7ab,Catholic Daily RSVCE,2,verified-fallback
ng:usage:81c94ddf1d2df7aacaae,NG,temporal,,,easter,7,monday,,,II,"ps68:1-2,3,4ac,5-6ab","Ps 68:1-2, 3, 4ac, 5-6ab","Sing to God, O kingdoms of the earth.",,ps68_1_2_3_4ac_5_6ab,Catholic Daily RSVCE,3,verified-fallback
ng:usage:5afd96c7ec9663a61a9a,NG,temporal,,,easter,7,saturday,,,I,"ps11:4,5,7","Ps 11:4, 5, 7","The upright shall behold your face, O Lord. Or: Alleluia.",,ng:reconstructed:a496fa528ec7b413,Catholic Missal for Nigeria,1,verified
ng:usage:5ca5d002a5912f8d9313,NG,temporal,,,easter,7,saturday,,,I,"ps11:4,5,7","Ps 11:4, 5, 7","The upright shall behold your face, O Lord.",2026-05-23,ng:2026-05-23:responsorial-psalm:1,Catholic Missal for Nigeria,2,verified
ng:usage:6d074e91a20af0913b57,NG,temporal,,,easter,7,saturday,,,II,"ps11:4,5,7","Ps 11:4, 5, 7","The upright shall behold your face, O Lord.",2026-05-23,ng:2026-05-23:responsorial-psalm:1,Catholic Missal for Nigeria,1,verified
ng:usage:62b2dc7f0c1999d28bb5,NG,temporal,,,easter,7,saturday,,,II,"ps11:4,5,7","Ps 11:4, 5, 7","The just will gaze on your face, O Lord.",,ng:reconstructed:0e99c5aac99a6537,Catholic Missal for Nigeria,2,verified
ng:usage:da05f1572ec6d97ff188,NG,temporal,,,easter,7,sunday,,A,,"ps27:1,4,7-8a","Ps 27:1, 4, 7-8a",I believe I shall see the Lord’s goodness in the land of the living.,2026-05-17,ng:2026-05-17:responsorial-psalm:1,Catholic Missal for Nigeria,1,verified
ng:usage:2591c83ca0c1b93a1a51,NG,temporal,,,easter,7,sunday,,A,,"ps27:1,4,7-8","Ps 27:1, 4, 7-8",I believe that I shall see the good things of the Lord in the land,,ps27_1_4_7_8,Catholic Daily RSVCE,2,verified-fallback
ng:usage:3d474083506334298f24,NG,temporal,,,easter,7,sunday,,B,,"ps47:2-3,6-7,8-9","Ps 47:2-3, 6-7, 8-9",God mounts his throne to shouts of joy: a blare of trumpets for the Lord.,,ps47_2_3_6_7_8_9,Catholic Daily RSVCE,1,verified-fallback
ng:usage:b1ea7da041a818d4de35,NG,temporal,,,easter,7,sunday,,B,,"ps103:1-2,11-12,19-20","Ps 103:1-2, 11-12, 19-20",The Lord has set his throne in heaven.,,ps103_1_2_11_12_19_20,Catholic Daily RSVCE,2,verified-fallback
ng:usage:d30e312b47c3ab5f7b98,NG,temporal,,,easter,7,sunday,,C,,"ps47:2-3,6-7,8-9","Ps 47:2-3, 6-7, 8-9",God goes up with shouts of joy. The Lord goes up with trumpet blast. Or: Alleluia.,,ps47_2_3_6_7_8_9,Catholic Daily RSVCE,1,verified-fallback
ng:usage:17d2b0b3761c0122a054,NG,temporal,,,easter,7,sunday,,C,,"ps104:1,24,29-30,31,34","Ps 104:1, 24, 29-30, 31, 34","The Lord is king, the most high over all the earth.",,ps104_1_24_29_30_31_34,Catholic Daily RSVCE,2,verified-fallback
ng:usage:f39411eaea224a329f64,NG,temporal,,,easter,7,thursday,,,I,"ps16:1-2a,5,7-8,9-10,11","Ps 16:1-2a, 5, 7-8, 9-10, 11","Preserve me, O God, for in you I take refuge. Or: Alleluia.",,ps16_1_2a_5_7_8_9_10_11,Catholic Daily RSVCE,1,verified-fallback
ng:usage:589742e290f0dc522bcb,NG,temporal,,,easter,7,thursday,,,I,"ps16:1-2+5,7-8,9-10,11","Ps 16:1-2+5, 7-8, 9-10, 11","Keep me safe, O God; you are my hope.",,local_rsvce:expanded:834a66ca0bef67ad,Catholic Daily RSVCE,2,verified-fallback
ng:usage:9ff7df963133827ce536,NG,temporal,,,easter,7,thursday,,,II,"ps16:1-2a,5,7-8,9-10,11","Ps 16:1-2a, 5, 7-8, 9-10, 11","Preserve me, O God, for in you I take refuge.",2026-04-06,ng:2026-04-06:responsorial-psalm:1,Catholic Missal for Nigeria,1,verified
ng:usage:20cbf8196e54f4ac81fe,NG,temporal,,,easter,7,thursday,,,II,"ps16:1-2a,5,7-8,9-10,11","Ps 16:1-2a, 5, 7-8, 9-10, 11","Preserve me, O Lord, for I have put trust in thee.",,ps16_1_2a_5_7_8_9_10_11,Catholic Daily RSVCE,2,verified-fallback
ng:usage:c1a21f7d3e5e812383b1,NG,temporal,,,easter,7,thursday,,,II,"ps16:1-2+5,7-8,9-10,11","Ps 16:1-2+5, 7-8, 9-10, 11","Keep me safe, O God; you are my hope.",,local_rsvce:expanded:834a66ca0bef67ad,Catholic Daily RSVCE,3,verified-fallback
ng:usage:e8abb2c7af0a5d423d0a,NG,temporal,,,easter,7,tuesday,,,I,"ps68:10-11,20-21","Ps 68:10-11, 20-21","You kingdoms of the earth, sing to God, sing to God. Or: Alleluia.",,ps68_10_11_20_21,Catholic Daily RSVCE,1,verified-fallback
ng:usage:f8bf94f762253459363a,NG,temporal,,,easter,7,tuesday,,,I,"ps68:9-10,19-20","Ps 68:9-10, 19-20","Sing to God, O kingdoms of the earth.",,ps68_9_10_19_20,Catholic Daily RSVCE,2,verified-fallback
ng:usage:9922abf901c98a03dead,NG,temporal,,,easter,7,tuesday,,,II,"ps68:10-11,20-21","Ps 68:10-11, 20-21","You kingdoms of the earth, sing to God.",2026-05-19,ng:2026-05-19:responsorial-psalm:1,Catholic Missal for Nigeria,1,verified
ng:usage:d9ae9fdcd5bdf317ae86,NG,temporal,,,easter,7,tuesday,,,II,"ps113:1-2,3-4,5-6,7-8","Ps 113:1-2, 3-4, 5-6, 7-8",The Lord will give him a seat with the leaders of his people.,,ps113_1_2_3_4_5_6_7_8,Catholic Daily RSVCE,2,verified-fallback
ng:usage:f5c496e97a27a1ace2e0,NG,temporal,,,easter,7,tuesday,,,II,"ps68:9-10,19-20","Ps 68:9-10, 19-20","Sing to God, O kingdoms of the earth.",,ps68_9_10_19_20,Catholic Daily RSVCE,3,verified-fallback
ng:usage:4318b628723a59103eab,NG,temporal,,,easter,7,wednesday,,,I,"ps68:29-30,33-35a,35bc-36ab","Ps 68:29-30, 33-35a, 35bc-36ab","You kingdoms of the earth, sing to God, sing to God. Or: Alleluia.",,ps68_29_30_33_35a_35bc_36ab,Catholic Daily RSVCE,1,verified-fallback
ng:usage:e64c558c9d6c18032b7a,NG,temporal,,,easter,7,wednesday,,,I,"ps68:28-29,32-33,34,35","Ps 68:28-29, 32-33, 34, 35","Sing to God, O kingdoms of the earth.",,ps68_28_29_32_33_34_35,Catholic Daily RSVCE,2,verified-fallback
ng:usage:76cb89d08730a4e7aba5,NG,temporal,,,easter,7,wednesday,,,II,"ps68:33-35a,35b,36b","Ps 68:33-35a, 35b, 36b","You kingdoms of the earth, sing to God.",2026-05-20,ng:2026-05-20:responsorial-psalm:1,Catholic Missal for Nigeria,1,verified
ng:usage:fbadd6ecc033d715b38d,NG,temporal,,,easter,7,wednesday,,,II,"ps68:29-30,33-35a,35bc-36ab","Ps 68:29-30, 33-35a, 35bc-36ab","Sing to God, O kingdoms of the earth.",,ps68_29_30_33_35a_35bc_36ab,Catholic Daily RSVCE,2,verified-fallback
ng:usage:ba72af79490aaa70f4b2,NG,temporal,,,easter,7,wednesday,,,II,"ps68:28-29,32-33,34,35","Ps 68:28-29, 32-33, 34, 35","Sing to God, O kingdoms of the earth.",,ps68_28_29_32_33_34_35,Catholic Daily RSVCE,3,verified-fallback
ng:usage:0cc78aec333ad6288e90,NG,temporal,,,lent,1,friday,,,I,"ps130:1-2,3-4,5-6,7-8","Ps 130:1-2, 3-4, 5-6, 7-8","If you, O Lord, mark iniquities, who can stand?",,ps130_1_2_3_4_5_6_7_8,Catholic Daily RSVCE,1,verified-fallback
ng:usage:1b2b3445e8b07f8f9960,NG,temporal,,,lent,1,friday,,,I,"ps130:1-2,3-4,5-6","Ps 130:1-2, 3-4, 5-6","If you, O Lord, laid bare our guilt,",,ps130_1_2_3_4_5_6,Catholic Daily RSVCE,2,verified-fallback
ng:usage:a1c389332f76959f6015,NG,temporal,,,lent,1,friday,,,II,"ps130:1-2,3-4,5-7a,7bc-8","Ps 130:1-2, 3-4, 5-7a, 7bc-8","If you, O Lord, should mark iniquities, Lord, who could stand?",2026-02-27,ng:2026-02-27:responsorial-psalm:1,Catholic Missal for Nigeria,1,verified
ng:usage:9aa552e313fe01e1b1a2,NG,temporal,,,lent,1,friday,,,II,"ps130:1-2,3-4,5-6,7-8","Ps 130:1-2, 3-4, 5-6, 7-8","If you, O Lord, should mark iniquities, Lord, who could stand?",,ps130_1_2_3_4_5_6_7_8,Catholic Daily RSVCE,2,verified-fallback
ng:usage:379dfcacf23f258fc0d3,NG,temporal,,,lent,1,friday,,,II,"ps130:1-2,3-4,5-6","Ps 130:1-2, 3-4, 5-6","If you, O Lord, laid bare our guilt,",,ps130_1_2_3_4_5_6,Catholic Daily RSVCE,3,verified-fallback
ng:usage:84ffde879026d44d58bb,NG,temporal,,,lent,1,monday,,,I,"ps19:8,9,10,15","Ps 19:8, 9, 10, 15","Your words, Lord, are Spirit and life",,ng:reconstructed:005ac49f5337e7db,Catholic Missal for Nigeria,1,verified
ng:usage:0709c6c46922ea26a1a8,NG,temporal,,,lent,1,monday,,,I,"ps19:7,8,9,14","Ps 19:7, 8, 9, 14","Your words, Lord, are spirit and life.",,ps19_7_8_9_14,Catholic Daily RSVCE,2,verified-fallback
ng:usage:3abb4b332467e32f3135,NG,temporal,,,lent,1,monday,,,II,"ps19:8,9,10,15","Ps 19:8, 9, 10, 15","Your words, O Lord, are Spirit and life.",2026-02-23,ng:2026-02-23:responsorial-psalm:1,Catholic Missal for Nigeria,1,verified
ng:usage:0034859d364aea236696,NG,temporal,,,lent,1,monday,,,II,"ps19:7,8,9,14","Ps 19:7, 8, 9, 14","Your words, Lord, are spirit and life.",,ps19_7_8_9_14,Catholic Daily RSVCE,2,verified-fallback
ng:usage:44ebb576a429d73d0ee7,NG,temporal,,,lent,1,saturday,,,I,"ps119:1-2,4-5,7-8","Ps 119:1-2, 4-5, 7-8",Blessed are those who walk in the law of the Lord!,2026-02-28,ng:2026-02-28:responsorial-psalm:1,Catholic Missal for Nigeria,1,verified
ng:usage:a284e198212c282eb900,NG,temporal,,,lent,1,saturday,,,I,"ps119:1-2,4-5,7-8","Ps 119:1-2, 4-5, 7-8",Happy are they who follow the law of the Lord!,,ng:reconstructed:38c2f9eff5723831,Catholic Missal for Nigeria,2,verified
ng:usage:95aba853a6cd3b3865f2,NG,temporal,,,lent,1,saturday,,,II,"ps119:1-2,4-5,7-8","Ps 119:1-2, 4-5, 7-8",Blessed are those who walk in the law of the Lord!,2026-02-28,ng:2026-02-28:responsorial-psalm:1,Catholic Missal for Nigeria,1,verified
ng:usage:2812353aeed63cc9b795,NG,temporal,,,lent,1,saturday,,,II,"ps119:1-2,4-5,7-8","Ps 119:1-2, 4-5, 7-8",Happy are they who follow the law of the Lord!,,ng:reconstructed:38c2f9eff5723831,Catholic Missal for Nigeria,2,verified
ng:usage:a9e8cfcdcbe9f00aed32,NG,temporal,,,lent,1,sunday,,A,,"ps51:3-4,5-6ab,12-13,14,17","Ps 51:3-4, 5-6ab, 12-13, 14, 17","Have mercy, O Lord, for we have sinned.",2026-02-18,ng:2026-02-18:responsorial-psalm:1,Catholic Missal for Nigeria,1,verified
ng:usage:115fc5ead72644b7af82,NG,temporal,,,lent,1,sunday,,A,,"ps51:3-4,5-6,12-13,17","Ps 51:3-4, 5-6, 12-13, 17","Be merciful, O Lord, for we have sinned.",,ps51_3_4_5_6_12_13_17,Catholic Daily RSVCE,2,verified-fallback
ng:usage:2d6a10f2b7ca16c295b1,NG,temporal,,,lent,1,sunday,,B,,"ps25:4-5,6-7,8-9","Ps 25:4-5, 6-7, 8-9","All your paths, O Lord, are mercy and faithfulness, for those who keep your covenant.",,ng:reconstructed:37447a3c0dc19ab2,Catholic Missal for Nigeria,1,verified
ng:usage:5bd0eda61ec65587eae2,NG,temporal,,,lent,1,sunday,,B,,"ps25:4-5,6-7,8-9","Ps 25:4-5, 6-7, 8-9","Your ways, O Lord, are love and truth to those who keep",,ng:reconstructed:8c1bd06c208b93cc,Catholic Missal for Nigeria,2,verified
ng:usage:78cbad9cfff557efd05b,NG,temporal,,,lent,1,sunday,,C,,"ps91:1-2,10-11,12-13,14-15","Ps 91:1-2, 10-11, 12-13, 14-15","Be with me, Lord, when I am in trouble.",,ps91_1_2_10_11_12_13_14_15,Catholic Daily RSVCE,1,verified-fallback
ng:usage:3d3e1ea0aa39db9f455a,NG,temporal,,,lent,1,thursday,,,I,"ps138:1-2ab,2cde-3,7c-8","Ps 138:1-2ab, 2cde-3, 7c-8","Lord, on the day I called for help, you answered me.",,ps138_1_2ab_2cde_3_7c_8,Catholic Daily RSVCE,1,verified-fallback
ng:usage:3c9391a5c336e52cdc82,NG,temporal,,,lent,1,thursday,,,I,"ps138:1-2a,2bc-3,7c-8","Ps 138:1-2a, 2bc-3, 7c-8","Lord, on the day I called for help, you answered me.",,ps138_1_2a_2bc_3_7c_8,Catholic Daily RSVCE,2,verified-fallback
ng:usage:2f6a11b5eaa6ac174a7d,NG,temporal,,,lent,1,thursday,,,II,"ps138:1-2a,2bcd-3,7d-8","Ps 138:1-2a, 2bcd-3, 7d-8","On the day I called, you answered me, O Lord.",2026-02-26,ng:2026-02-26:responsorial-psalm:1,Catholic Missal for Nigeria,1,verified
ng:usage:c602f7a9c19e0b387ff0,NG,temporal,,,lent,1,thursday,,,II,"ps23:1-3a,4,5,6","Ps 23:1-3a, 4, 5, 6",The Lord is my shepherd; there is nothing I shall want.,,ps23_1_3a_4_5_6,Catholic Daily RSVCE,2,verified-fallback
ng:usage:9ca2e0f09953c732f517,NG,temporal,,,lent,1,thursday,,,II,"ps138:1-2a,2bc-3,7c-8","Ps 138:1-2a, 2bc-3, 7c-8","Lord, on the day I called for help, you answered me.",,ps138_1_2a_2bc_3_7c_8,Catholic Daily RSVCE,3,verified-fallback
ng:usage:b0df6cdf7150ba1da16d,NG,temporal,,,lent,1,tuesday,,,I,"ps34:4-5,6-7,16-17,18-19","Ps 34:4-5, 6-7, 16-17, 18-19",From all their distress God rescues the just.,,ng:reconstructed:37a6f074f67ea3c2,Catholic Missal for Nigeria,1,verified
ng:usage:e47500ed933eaa1d6f0e,NG,temporal,,,lent,1,tuesday,,,I,"ps34:3-4,5-6,15-16,17-18","Ps 34:3-4, 5-6, 15-16, 17-18",From all their afflictions God will deliver the just.,,ps34_3_4_5_6_15_16_17_18,Catholic Daily RSVCE,2,verified-fallback
ng:usage:d5c0a301fba5dc136446,NG,temporal,,,lent,1,tuesday,,,II,"ps34:4-5,6-7,16-17,18-19","Ps 34:4-5, 6-7, 16-17, 18-19",The Lord rescues them in all their distress.,2026-02-24,ng:2026-02-24:responsorial-psalm:1,Catholic Missal for Nigeria,1,verified
ng:usage:e84ff9c7d613da7cf8ca,NG,temporal,,,lent,1,tuesday,,,II,"ps34:3-4,5-6,15-16,17-18","Ps 34:3-4, 5-6, 15-16, 17-18",From all their afflictions God will deliver the just.,,ps34_3_4_5_6_15_16_17_18,Catholic Daily RSVCE,2,verified-fallback
ng:usage:cf0314166044e863fef3,NG,temporal,,,lent,1,wednesday,,,I,"ps51:3-4,12-13,18-19","Ps 51:3-4, 12-13, 18-19","A heart contrite and humbled, O God, you will not spurn",,ps51_3_4_12_13_18_19,Catholic Daily RSVCE,1,verified-fallback
ng:usage:300fb41b0d39f0b771b3,NG,temporal,,,lent,1,wednesday,,,I,"ps51:1-2,10-11,16-17","Ps 51:1-2, 10-11, 16-17","A broken, humbled heart, O God, you will not scorn.",,ps51_1_2_10_11_16_17,Catholic Daily RSVCE,2,verified-fallback
ng:usage:6a62725e745adbfde958,NG,temporal,,,lent,1,wednesday,,,II,"ps51:3-4,12-13,18-19","Ps 51:3-4, 12-13, 18-19","A broken and humbled heart, O God, you will not spurn.",2026-02-25,ng:2026-02-25:responsorial-psalm:1,Catholic Missal for Nigeria,1,verified
ng:usage:4eaf0bfcaaf1a8f61869,NG,temporal,,,lent,1,wednesday,,,II,"ps51:1-2,10-11,16-17","Ps 51:1-2, 10-11, 16-17","A broken, humbled heart, O God, you will not scorn.",,ps51_1_2_10_11_16_17,Catholic Daily RSVCE,2,verified-fallback
ng:usage:9faa0ef578970399a404,NG,temporal,,,lent,2,friday,,,I,"ps105:16-17,18-19,20-21","Ps 105:16-17, 18-19, 20-21",Remember the marvels the Lord has done.,,ps105_16_17_18_19_20_21,Catholic Daily RSVCE,1,verified-fallback
ng:usage:54a2fcf2be3e4979a817,NG,temporal,,,lent,2,friday,,,II,"ps105:15-17,18-19,20-21","Ps 105:15-17, 18-19, 20-21",Remember the wonders the Lord has done.,2026-03-06,ng:2026-03-06:responsorial-psalm:1,Catholic Missal for Nigeria,1,verified
ng:usage:ccbe6d85c06993809808,NG,temporal,,,lent,2,friday,,,II,"ps105:16-17,18-19,20-21","Ps 105:16-17, 18-19, 20-21",Remember the wonders the Lord has done.,,ps105_16_17_18_19_20_21,Catholic Daily RSVCE,2,verified-fallback
ng:usage:0fb6d6fa5dd9edc10fa7,NG,temporal,,,lent,2,friday,,,II,"ps105:16-17,18-19,20-21","Ps 105:16-17, 18-19, 20-21",Remember the marvels the Lord has done.,,ps105_16_17_18_19_20_21,Catholic Daily RSVCE,3,verified-fallback
ng:usage:26be876b36fc69444e39,NG,temporal,,,lent,2,monday,,,I,"ps79:8,9,11,13","Ps 79:8, 9, 11, 13","Lord, do not deal with us according to our sins.",,ps79_8_9_11_13__alias_f90bbc674414,Catholic Daily RSVCE,1,verified-fallback
ng:usage:601ccc15586da59a7f4f,NG,temporal,,,lent,2,monday,,,I,"ps79:8,9,11+13","Ps 79:8, 9, 11+13","Lord, do not deal with us as our sins deserve.",,ps79_8_9_11_13,Catholic Daily RSVCE,2,verified-fallback
ng:usage:1e3756ce75cbeae5375b,NG,temporal,,,lent,2,monday,,,II,"ps79:8,9,11,13","Ps 79:8, 9, 11, 13","O Lord, do not treat us according to our sins.",2026-03-02,ng:2026-03-02:responsorial-psalm:1,Catholic Missal for Nigeria,1,verified
ng:usage:0a0063de2bb1c08e8c43,NG,temporal,,,lent,2,monday,,,II,"ps79:8,9,11+13","Ps 79:8, 9, 11+13","Lord, do not deal with us as our sins deserve.",,ps79_8_9_11_13,Catholic Daily RSVCE,2,verified-fallback
ng:usage:c7f8563b441f67871e82,NG,temporal,,,lent,2,saturday,,,I,"ps103:1-2,3-4,9-10,11-12","Ps 103:1-2, 3-4, 9-10, 11-12",The Lord is compassionate and gracious.,2026-03-07,ng:2026-03-07:responsorial-psalm:1,Catholic Missal for Nigeria,1,verified
ng:usage:e1cbe8c1e49669ca89ba,NG,temporal,,,lent,2,saturday,,,I,"ps103:1-2,3-4,9-10,11-12","Ps 103:1-2, 3-4, 9-10, 11-12",The Lord is kind and merciful.,,ng:reconstructed:9e713f3ef3a03f89,Catholic Missal for Nigeria,2,verified
ng:usage:91743619d5babdd11cf6,NG,temporal,,,lent,2,saturday,,,II,"ps103:1-2,3-4,9-10,11-12","Ps 103:1-2, 3-4, 9-10, 11-12",The Lord is compassionate and gracious.,2026-03-07,ng:2026-03-07:responsorial-psalm:1,Catholic Missal for Nigeria,1,verified
ng:usage:5e680c89b284338bdf11,NG,temporal,,,lent,2,saturday,,,II,"ps103:1-2,3-4,9-10,11-12","Ps 103:1-2, 3-4, 9-10, 11-12",The Lord is kind and merciful.,,ng:reconstructed:9e713f3ef3a03f89,Catholic Missal for Nigeria,2,verified
ng:usage:0a30d705eca39446e660,NG,temporal,,,lent,2,sunday,,A,,"ps33:4-5,18-19,20,22","Ps 33:4-5, 18-19, 20, 22","May your merciful love be upon us, as we hope in you, O Lord.",2026-03-01,ng:2026-03-01:responsorial-psalm:1,Catholic Missal for Nigeria,1,verified
ng:usage:00a3149f42f27b3d54f9,NG,temporal,,,lent,2,sunday,,A,,"ps33:4-5,18-19,20,22","Ps 33:4-5, 18-19, 20, 22","Lord, let your mercy be on us, as we place our trust in you.",,ps33_4_5_18_19_20_22,Catholic Daily RSVCE,2,verified-fallback
ng:usage:7bf7dc6d2422ad6c943b,NG,temporal,,,lent,2,sunday,,B,,"ps116:10,15,16-17,18-19","Ps 116:10, 15, 16-17, 18-19",I will walk in the presence of the Lord in the Land of the living.,,ps116_10_15_16_17_18_19,Catholic Daily RSVCE,1,verified-fallback
ng:usage:2fa2bc8e9538ce64e890,NG,temporal,,,lent,2,sunday,,B,,"ps116:10,15,16-17,18-19","Ps 116:10, 15, 16-17, 18-19","I will walk before the Lord, in the land of the living.",,ps116_10_15_16_17_18_19,Catholic Daily RSVCE,2,verified-fallback
ng:usage:ff5b5c725de741eb6784,NG,temporal,,,lent,2,sunday,,C,,"ps27:1,7-8,8-9,13-14","Ps 27:1, 7-8, 8-9, 13-14",The Lord is my light and my salvation.,,ps27_1_7_8_8_9_13_14,Catholic Daily RSVCE,1,verified-fallback
ng:usage:8704eae5c96ff48f634b,NG,temporal,,,lent,2,thursday,,,I,"ps1:1-2,3,4,6","Ps 1:1-2, 3, 4, 6",Blessed are they who hope in the Lord.,,ng:reconstructed:4414a34004c0e690,Catholic Missal for Nigeria,1,verified
ng:usage:05f1b9dcb064c29a8b5a,NG,temporal,,,lent,2,thursday,,,I,"ps1:1-2,3,4+6","Ps 1:1-2, 3, 4+6",Happy are they who hope in the Lord.,,local_rsvce:expanded:79eaecfe70635984,Catholic Daily RSVCE,2,verified-fallback
ng:usage:81c70eefde990bb008a9,NG,temporal,,,lent,2,thursday,,,II,"ps1:1-2,3,4,6","Ps 1:1-2, 3, 4, 6",Blessed the man who has placed his trust in the Lord.,2026-03-05,ng:2026-03-05:responsorial-psalm:1,Catholic Missal for Nigeria,1,verified
ng:usage:f98ce0a77aa432fbbf38,NG,temporal,,,lent,2,thursday,,,II,"ps1:1-2,3,4+6","Ps 1:1-2, 3, 4+6",Happy are they who hope in the Lord.,,local_rsvce:expanded:79eaecfe70635984,Catholic Daily RSVCE,2,verified-fallback
ng:usage:3a0345abd04327c8e9a0,NG,temporal,,,lent,2,tuesday,,,I,"ps50:8-9,16bc-17,21,23","Ps 50:8-9, 16bc-17, 21, 23",To the upright I will show the saving power of God.,,ps50_8_9_16bc_17_21_23,Catholic Daily RSVCE,1,verified-fallback
ng:usage:f3a16aff99f8994f02f3,NG,temporal,,,lent,2,tuesday,,,II,"ps50:8-9,16bc-17,21,23","Ps 50:8-9, 16bc-17, 21, 23","To one whose way is blameless, I will show the salvation of God.",2026-01-19,ng:2026-01-19:responsorial-psalm:1,Catholic Missal for Nigeria,1,verified
ng:usage:7dd30022b0f9abfc5108,NG,temporal,,,lent,2,tuesday,,,II,"ps50:8-9,16bc-17,21,23","Ps 50:8-9, 16bc-17, 21, 23",To the upright I will show the saving power of God.,,ps50_8_9_16bc_17_21_23,Catholic Daily RSVCE,2,verified-fallback
ng:usage:3ee1f8cff931d7b09789,NG,temporal,,,lent,2,wednesday,,,I,"ps31:4-5,13,14-15","Ps 31:4-5, 13, 14-15","Save me, O Lord, in your steadfast love.",,ps31_4_5_13_14_15,Catholic Daily RSVCE,1,verified-fallback
ng:usage:f03e6615aafcf9e81a28,NG,temporal,,,lent,2,wednesday,,,II,"ps31:5-6,14,15-16","Ps 31:5-6, 14, 15-16","Save me, O Lord, in your merciful love.",2026-03-04,ng:2026-03-04:responsorial-psalm:1,Catholic Missal for Nigeria,1,verified
ng:usage:c71306abe832d739c18a,NG,temporal,,,lent,2,wednesday,,,II,"ps31:4-5,13,14-15","Ps 31:4-5, 13, 14-15","Save me, O Lord, in your steadfast love.",,ps31_4_5_13_14_15,Catholic Daily RSVCE,2,verified-fallback
ng:usage:fa1a2097cc52ac91a116,NG,temporal,,,lent,3,friday,,,I,"ps81:6c-8a,8bc-9,10-11ab,14,17","Ps 81:6c-8a, 8bc-9, 10-11ab, 14, 17",I am the Lord your God; listen to my voice.,,ps81_6c_8a_8bc_9_10_11ab_14_17,Catholic Daily RSVCE,1,verified-fallback
ng:usage:d983b30520bee22cfd3f,NG,temporal,,,lent,3,friday,,,I,"ps81:5c-7a,7bc-8,9-10ab,13+16","Ps 81:5c-7a, 7bc-8, 9-10ab, 13+16","I am the Lord, your God: hear my voice.",,ps81_5c_7a_7bc_8_9_10ab_13_16,Catholic Daily RSVCE,2,verified-fallback
ng:usage:42ddc7197619194788bb,NG,temporal,,,lent,3,friday,,,II,"ps81:6c-8a,8bc-9,10-11ab,14and17","Ps 81:6c-8a, 8bc-9, 10-11ab, 14and17",I am the Lord your God: listen to my voice.,2026-03-13,ng:2026-03-13:responsorial-psalm:1,Catholic Missal for Nigeria,1,verified
ng:usage:847fdc903c78d7a8f30b,NG,temporal,,,lent,3,friday,,,II,"ps81:6c-8a,8bc-9,10-11ab,14,17","Ps 81:6c-8a, 8bc-9, 10-11ab, 14, 17",I am the Lord your God: listen to my voice.,,ps81_6c_8a_8bc_9_10_11ab_14_17,Catholic Daily RSVCE,2,verified-fallback
ng:usage:1e54edf98cf460dd3e1f,NG,temporal,,,lent,3,friday,,,II,"ps81:5c-7a,7bc-8,9-10ab,13+16","Ps 81:5c-7a, 7bc-8, 9-10ab, 13+16","I am the Lord, your God: hear my voice.",,ps81_5c_7a_7bc_8_9_10ab_13_16,Catholic Daily RSVCE,3,verified-fallback
ng:usage:32ca54d61a87756ae96a,NG,temporal,,,lent,3,monday,,,I,"ps42:2,3,43:3,4","Ps 42:2, 3, 43:3, 4","My soul is thirsting for God, the living God. When can I enter and appear before the face of God?",,ps42_2_3_43_3_4__alias_83bc95cf3cac,Catholic Daily RSVCE,1,verified-fallback
ng:usage:72bb72ffa34acb01c429,NG,temporal,,,lent,3,monday,,,I,"ps42:2,3,43:3,4","Ps 42:2, 3, 43:3, 4",My soul is thirsting for the living God;,,ps42_2_3_43_3_4__alias_83bc95cf3cac,Catholic Daily RSVCE,2,verified-fallback
ng:usage:d430ff5c2e0f132d511d,NG,temporal,,,lent,3,monday,,,II,"ps42:2,3,43:3,4","Ps 42:2, 3, 43:3, 4","My soul is thirsting for God, the living God.",2026-03-09,ng:2026-03-09:responsorial-psalm:1,Catholic Missal for Nigeria,1,verified
ng:usage:ec2c75628a8ffd1270a9,NG,temporal,,,lent,3,monday,,,II,"ps42:2,3,43:3,4","Ps 42:2, 3, 43:3, 4","My soul is thirsting for God, the living God. When can I enter and appear before the face of God?",,ps42_2_3_43_3_4__alias_83bc95cf3cac,Catholic Daily RSVCE,2,verified-fallback
ng:usage:67aa72d053940d6711c8,NG,temporal,,,lent,3,monday,,,II,"ps42:2,3,43:3,4","Ps 42:2, 3, 43:3, 4",My soul is thirsting for the living God;,,ps42_2_3_43_3_4__alias_83bc95cf3cac,Catholic Daily RSVCE,3,verified-fallback
ng:usage:25286ca514988d8f2cf4,NG,temporal,,,lent,3,saturday,,,I,"ps51:3-4,18-19,20-21ab","Ps 51:3-4, 18-19, 20-21ab","I desire steadfast love, and not sacrifice.",,ps51_3_4_18_19_20_21ab,Catholic Daily RSVCE,1,verified-fallback
ng:usage:35f22323d873f175d198,NG,temporal,,,lent,3,saturday,,,I,"ps51:1-2,16-17,18-19ab","Ps 51:1-2, 16-17, 18-19ab","It is steadfast love, not sacrifice, that God desires.",,ps51_1_2_16_17_18_19ab,Catholic Daily RSVCE,2,verified-fallback
ng:usage:d90604330fb85657e0a4,NG,temporal,,,lent,3,saturday,,,II,"ps51:3-4,18-19,20-21ab","Ps 51:3-4, 18-19, 20-21ab","I desire mercy, and not sacrifice.",2026-03-14,ng:2026-03-14:responsorial-psalm:1,Catholic Missal for Nigeria,1,verified
ng:usage:e8270c37126b3a350784,NG,temporal,,,lent,3,saturday,,,II,"ps51:3-4,18-19,20-21ab","Ps 51:3-4, 18-19, 20-21ab","I desire steadfast love, and not sacrifice",,ps51_3_4_18_19_20_21ab,Catholic Daily RSVCE,2,verified-fallback
ng:usage:f00d81160c1ed9299285,NG,temporal,,,lent,3,saturday,,,II,"ps51:1-2,16-17,18-19ab","Ps 51:1-2, 16-17, 18-19ab","It is steadfast love, not sacrifice, that God desires.",,ps51_1_2_16_17_18_19ab,Catholic Daily RSVCE,3,verified-fallback
ng:usage:a74f1e3ae4b756c19ea9,NG,temporal,,,lent,3,sunday,,A,,"ps95:1-2,6-7abc,7d-9","Ps 95:1-2, 6-7abc, 7d-9",O that today you would listen to his voice! Harden not your hearts.,2026-03-08,ng:2026-03-08:responsorial-psalm:1,Catholic Missal for Nigeria,1,verified
ng:usage:635d22858a7c6dec88dd,NG,temporal,,,lent,3,sunday,,A,,"ps95:1-2,6-7,8-9","Ps 95:1-2, 6-7, 8-9","If today you hear his voice, harden not your hearts.",,ps95_1_2_6_7_8_9,Catholic Daily RSVCE,2,verified-fallback
ng:usage:626d27e9c7dc8aeb23d2,NG,temporal,,,lent,3,sunday,,B,,"ps19:8,9,10,11","Ps 19:8, 9, 10, 11","Lord, you have the words of eternal life.",2026-04-04,ng:2026-04-04:responsorial-psalm:7,Catholic Missal for Nigeria,1,verified
ng:usage:6a9e675c4ec0ec7426a8,NG,temporal,,,lent,3,sunday,,B,,"ps19:8,9,10,11","Ps 19:8, 9, 10, 11","Lord, you have the words of everlasting life.",,ng:reconstructed:3d75053e714ed81c,Catholic Missal for Nigeria,2,verified
ng:usage:8ef7cdbd663d85a4f7f4,NG,temporal,,,lent,3,sunday,,C,,"ps103:1-2,3-4,6-7,8,11","Ps 103:1-2, 3-4, 6-7, 8, 11",The Lord is kind and merciful.,,ps103_1_2_3_4_6_7_8_11,Catholic Daily RSVCE,1,verified-fallback
ng:usage:24235e72295d3b476f86,NG,temporal,,,lent,3,thursday,,,I,"ps95:1-2,6-7,8-9","Ps 95:1-2, 6-7, 8-9",O that today you would listen to his voice! Harden not your hearts.,,ps95_1_2_6_7_8_9,Catholic Daily RSVCE,1,verified-fallback
ng:usage:0a5350fb9bcb5cc028f0,NG,temporal,,,lent,3,thursday,,,I,"ps95:1-2,6-7ab,7c-9","Ps 95:1-2, 6-7ab, 7c-9","If today you hear God's voice,",,ps95_1_2_6_7ab_7c_9,Catholic Daily RSVCE,2,verified-fallback
ng:usage:6c5fb1dc8db4565f8edf,NG,temporal,,,lent,3,thursday,,,II,"ps95:1-2,6-7abc,7d-9","Ps 95:1-2, 6-7abc, 7d-9",O that today you would listen to his voice!,2026-03-12,ng:2026-03-12:responsorial-psalm:1,Catholic Missal for Nigeria,1,verified
ng:usage:4f03e9d48e16e2bde3a7,NG,temporal,,,lent,3,thursday,,,II,"ps95:1-2,6-7,8-9","Ps 95:1-2, 6-7, 8-9",O that today you would listen to his voice! Harden not your hearts.,,ps95_1_2_6_7_8_9,Catholic Daily RSVCE,2,verified-fallback
ng:usage:af88468969e5a2418a17,NG,temporal,,,lent,3,thursday,,,II,"ps95:1-2,6-7ab,7c-9","Ps 95:1-2, 6-7ab, 7c-9","If today you hear God's voice,",,ps95_1_2_6_7ab_7c_9,Catholic Daily RSVCE,3,verified-fallback
ng:usage:526feaaed22a8fc4a91d,NG,temporal,,,lent,3,tuesday,,,I,"ps25:4-5a,6-7,8-9","Ps 25:4-5a, 6-7, 8-9","Remember your mercies, O Lord.",,ps25_4_5a_6_7_8_9,Catholic Daily RSVCE,1,verified-fallback
ng:usage:6d8dc5b6c85a12745eef,NG,temporal,,,lent,3,tuesday,,,II,"ps25:4-5ab,6,7cd,8-9","Ps 25:4-5ab, 6, 7cd, 8-9","Remember your compassion, O Lord.",2026-03-10,ng:2026-03-10:responsorial-psalm:1,Catholic Missal for Nigeria,1,verified
ng:usage:cba2920ecf7359b18a9f,NG,temporal,,,lent,3,tuesday,,,II,"ps25:4-5ab,6,7bc,8-9","Ps 25:4-5ab, 6, 7bc, 8-9","Remember your compassion, O Lord.",,ps25_4_5ab_6_7bc_8_9,Catholic Daily RSVCE,2,verified-fallback
ng:usage:6bb7ba9c8170eae9118a,NG,temporal,,,lent,3,tuesday,,,II,"ps25:4-5a,6-7,8-9","Ps 25:4-5a, 6-7, 8-9","Remember your mercies, O Lord.",,ps25_4_5a_6_7_8_9,Catholic Daily RSVCE,3,verified-fallback
ng:usage:e042dd955a79a78392ed,NG,temporal,,,lent,3,wednesday,,,I,"ps147:12-13,15-16,19-20","Ps 147:12-13, 15-16, 19-20","O Jerusalem, glorify the Lord!",2026-03-11,ng:2026-03-11:responsorial-psalm:1,Catholic Missal for Nigeria,1,verified
ng:usage:a220de5fe81d302162e8,NG,temporal,,,lent,3,wednesday,,,I,"ps147:12-13,15-16,19-20","Ps 147:12-13, 15-16, 19-20","Praise the Lord, Jerusalem.",,ng:reconstructed:05aa6e9025949e7f,Catholic Missal for Nigeria,2,verified
ng:usage:ef9362d6d444f0494e7e,NG,temporal,,,lent,3,wednesday,,,II,"ps147:12-13,15-16,19-20","Ps 147:12-13, 15-16, 19-20","O Jerusalem, glorify the Lord!",2026-03-11,ng:2026-03-11:responsorial-psalm:1,Catholic Missal for Nigeria,1,verified
ng:usage:3019d2f5a716f195922c,NG,temporal,,,lent,3,wednesday,,,II,"ps147:12-13,15-16,19-20","Ps 147:12-13, 15-16, 19-20","Praise the Lord, Jerusalem.",,ng:reconstructed:05aa6e9025949e7f,Catholic Missal for Nigeria,2,verified
ng:usage:8377a8b6aadf667d94db,NG,temporal,,,lent,4,friday,,,I,"ps34:17-18,19-20,21,23","Ps 34:17-18, 19-20, 21, 23",The Lord is close to the broken-hearted.,2026-03-20,ng:2026-03-20:responsorial-psalm:1,Catholic Missal for Nigeria,1,verified
ng:usage:973b48fe6b9a7e531aa3,NG,temporal,,,lent,4,friday,,,I,"ps34:16-17,18-19,20+22","Ps 34:16-17, 18-19, 20+22",The Lord is near to broken hearts.,,ps34_16_17_18_19_20_22,Catholic Daily RSVCE,2,verified-fallback
ng:usage:663c4b123802c2e67f89,NG,temporal,,,lent,4,friday,,,II,"ps34:17-18,19-20,21,23","Ps 34:17-18, 19-20, 21, 23",The Lord is close to the broken-hearted.,2026-03-20,ng:2026-03-20:responsorial-psalm:1,Catholic Missal for Nigeria,1,verified
ng:usage:0aee9c0635bae6315bf6,NG,temporal,,,lent,4,friday,,,II,"ps34:16-17,18-19,20+22","Ps 34:16-17, 18-19, 20+22",The Lord is near to broken hearts.,,ps34_16_17_18_19_20_22,Catholic Daily RSVCE,2,verified-fallback
ng:usage:05e793c1b759f2730edf,NG,temporal,,,lent,4,monday,,,I,"ps30:2,4,5-6,11-12a,13b","Ps 30:2, 4, 5-6, 11-12a, 13b","I will extol you, Lord, for you have raised me up",2026-03-16,ng:2026-03-16:responsorial-psalm:1,Catholic Missal for Nigeria,1,verified
ng:usage:47db83839a389f59bbda,NG,temporal,,,lent,4,monday,,,I,"ps30:1+3,4-5,10+11a+12b","Ps 30:1+3, 4-5, 10+11a+12b","I will praise you, Lord,",,ps30_1_3_4_5_10_11a_12b,Catholic Daily RSVCE,2,verified-fallback
ng:usage:880ee44babfc61d791a4,NG,temporal,,,lent,4,monday,,,II,"ps30:2,4,5-6,11-12a,13b","Ps 30:2, 4, 5-6, 11-12a, 13b","I will extol you, Lord, for you have raised me up.",2026-03-16,ng:2026-03-16:responsorial-psalm:1,Catholic Missal for Nigeria,1,verified
ng:usage:46f00e23a46b1747e66e,NG,temporal,,,lent,4,monday,,,II,"ps30:1+3,4-5,10+11a+12b","Ps 30:1+3, 4-5, 10+11a+12b","I will praise you, Lord,",,ps30_1_3_4_5_10_11a_12b,Catholic Daily RSVCE,2,verified-fallback
ng:usage:abe9ca2bdecb01096d88,NG,temporal,,,lent,4,saturday,,,I,"ps7:2-3,9bc-10,11-12","Ps 7:2-3, 9bc-10, 11-12","O Lord, my God, I take refuge in you",2026-03-21,ng:2026-03-21:responsorial-psalm:1,Catholic Missal for Nigeria,1,verified
ng:usage:5f10fe3a2fc154ceb6ed,NG,temporal,,,lent,4,saturday,,,I,"ps7:1-2,8bc-9,10-11","Ps 7:1-2, 8bc-9, 10-11","Lord, my God, I take shelter in you.",,ps7_1_2_8bc_9_10_11,Catholic Daily RSVCE,2,verified-fallback
ng:usage:4b6417942e580c233c5b,NG,temporal,,,lent,4,saturday,,,II,"ps7:2-3,9bc-10,11-12","Ps 7:2-3, 9bc-10, 11-12","O Lord, my God, I take refuge in you.",2026-03-21,ng:2026-03-21:responsorial-psalm:1,Catholic Missal for Nigeria,1,verified
ng:usage:2c9c1f7bb58aca00d9f5,NG,temporal,,,lent,4,saturday,,,II,"ps7:1-2,8bc-9,10-11","Ps 7:1-2, 8bc-9, 10-11","Lord, my God, I take shelter in you.",,ps7_1_2_8bc_9_10_11,Catholic Daily RSVCE,2,verified-fallback
ng:usage:9945ae778d2513e98e3f,NG,temporal,,,lent,4,sunday,,A,,"ps23:1-3a,3b-4,5,6","Ps 23:1-3a, 3b-4, 5, 6",The Lord is my shepherd; there is nothing I shall want.,2026-03-15,ng:2026-03-15:responsorial-psalm:1,Catholic Missal for Nigeria,1,verified
ng:usage:5e8ae59098e09ae8f35c,NG,temporal,,,lent,4,sunday,,B,,"ps137:1-2,3,4-5,6","Ps 137:1-2, 3, 4-5, 6",O let my tongue cleave to my palate if I remember you not.,2026-06-26,ng:2026-06-26:responsorial-psalm:1,Catholic Missal for Nigeria,1,verified
ng:usage:6550edac237bb7f6ce56,NG,temporal,,,lent,4,sunday,,B,,"ps137:1-2,3,4-5,6","Ps 137:1-2, 3, 4-5, 6","Let my tongue be silenced, if I ever forget you!",,ng:reconstructed:b05498c1207b96ce,Catholic Missal for Nigeria,2,verified
ng:usage:0844c22578ac95b1f824,NG,temporal,,,lent,4,sunday,,C,,"ps34:2-3,4-5,6-7","Ps 34:2-3, 4-5, 6-7",Taste and see the goodness of the Lord.,,ng:reconstructed:09b527b2419bf23c,Catholic Missal for Nigeria,1,verified
ng:usage:7f529f314273bfd7eaf7,NG,temporal,,,lent,4,thursday,,,I,"ps106:19-20,21-22,23","Ps 106:19-20, 21-22, 23","O Lord, remember us with the favour you show to your people",,ps106_19_20_21_22_23,Catholic Daily RSVCE,1,verified-fallback
ng:usage:b7a5d95d450c62416a56,NG,temporal,,,lent,4,thursday,,,I,"ps106:19-20,21-22,23","Ps 106:19-20, 21-22, 23","Lord, remember us, for the love you bear your people.",,ps106_19_20_21_22_23,Catholic Daily RSVCE,2,verified-fallback
ng:usage:7c1230dc25334f495e0b,NG,temporal,,,lent,4,thursday,,,II,"ps106:19-20,21-22,23","Ps 106:19-20, 21-22, 23","O Lord, remember us with the favour you show to your people.",,ps106_19_20_21_22_23,Catholic Daily RSVCE,1,verified-fallback
ng:usage:b879c165b6269f886d29,NG,temporal,,,lent,4,thursday,,,II,"ps106:19-20,21-22,23","Ps 106:19-20, 21-22, 23","Lord, remember us, for the love you bear your people.",,ps106_19_20_21_22_23,Catholic Daily RSVCE,2,verified-fallback
ng:usage:d500532ba5157d022f56,NG,temporal,,,lent,4,tuesday,,,I,"ps46:2-3,5-6,8-9","Ps 46:2-3, 5-6, 8-9",The Lord of hosts is with us; the God of Jacob is our stronghold.,,ps46_2_3_5_6_8_9,Catholic Daily RSVCE,1,verified-fallback
ng:usage:3285d7f71b4300a3b7e7,NG,temporal,,,lent,4,tuesday,,,I,"ps46:1-2,4-5,7-8","Ps 46:1-2, 4-5, 7-8",The mighty Lord is our refuge.,,ps46_1_2_4_5_7_8,Catholic Daily RSVCE,2,verified-fallback
ng:usage:7374365315ebd52a5276,NG,temporal,,,lent,4,tuesday,,,II,"ps46:2-3,5-6,8-9","Ps 46:2-3, 5-6, 8-9",The Lord of hosts is with us; the God of Jacob is our stronghold.,,ps46_2_3_5_6_8_9,Catholic Daily RSVCE,1,verified-fallback
ng:usage:e786b777d4008e0b8d79,NG,temporal,,,lent,4,tuesday,,,II,"ps46:1-2,4-5,7-8","Ps 46:1-2, 4-5, 7-8",The mighty Lord is our refuge.,,ps46_1_2_4_5_7_8,Catholic Daily RSVCE,2,verified-fallback
ng:usage:bc00bfe3c6d8e4dd16da,NG,temporal,,,lent,4,wednesday,,,I,"ps145:8-9,13cd-14,17-18","Ps 145:8-9, 13cd-14, 17-18",The Lord is kind and full of compassion,,ng:reconstructed:0be76bd18404f4f5,Catholic Missal for Nigeria,1,verified
ng:usage:864b2ab3ec91b2008b8c,NG,temporal,,,lent,4,wednesday,,,I,"ps145:8-9,13cd-14,17-18","Ps 145:8-9, 13cd-14, 17-18",The Lord is kind and merciful.,,ng:reconstructed:bac86ed2b54b6d1f,Catholic Missal for Nigeria,2,verified
ng:usage:89dc9946e1dc91a44df3,NG,temporal,,,lent,4,wednesday,,,II,"ps145:8-9,13d-14,17-18","Ps 145:8-9, 13d-14, 17-18",The Lord is kind and full of compassion.,2026-03-18,ng:2026-03-18:responsorial-psalm:1,Catholic Missal for Nigeria,1,verified
ng:usage:40ab48fb058f2a42c720,NG,temporal,,,lent,4,wednesday,,,II,"ps145:8-9,13cd-14,17-18","Ps 145:8-9, 13cd-14, 17-18",The Lord is kind and full of compassion.,,ng:reconstructed:0be76bd18404f4f5,Catholic Missal for Nigeria,2,verified
ng:usage:12002f57cbe7e7002838,NG,temporal,,,lent,4,wednesday,,,II,"ps145:8-9,13cd-14,17-18","Ps 145:8-9, 13cd-14, 17-18",The Lord is kind and merciful.,,ng:reconstructed:bac86ed2b54b6d1f,Catholic Missal for Nigeria,3,verified
ng:usage:66af71449fee93a86d2f,NG,temporal,,,lent,5,friday,,,I,"ps18:2-3a,3bc-4,5-6,7","Ps 18:2-3a, 3bc-4, 5-6, 7","In my anguish I called to the Lord, and he heard me.",,ps18_2_3a_3bc_4_5_6_7,Catholic Daily RSVCE,1,verified-fallback
ng:usage:5be4a1918bef4c28d7ff,NG,temporal,,,lent,5,friday,,,I,"ps18:1-2ab,2c-3,4-5,6","Ps 18:1-2ab, 2c-3, 4-5, 6","In my distress I called upon the Lord,",,ps18_1_2ab_2c_3_4_5_6,Catholic Daily RSVCE,2,verified-fallback
ng:usage:94fa5123a5bcf226099d,NG,temporal,,,lent,5,friday,,,II,"ps18:1-2a,2bc-3,4-5,6","Ps 18:1-2a, 2bc-3, 4-5, 6","In my anguish I called to the Lord, and he heard me.",2026-03-27,ng:2026-03-27:responsorial-psalm:1,Catholic Missal for Nigeria,1,verified
ng:usage:ce9900e7b959ff2ca8dd,NG,temporal,,,lent,5,friday,,,II,"ps18:2-3a,3bc-4,5-6,7","Ps 18:2-3a, 3bc-4, 5-6, 7","In my anguish I called to the Lord, and he heard me",,ps18_2_3a_3bc_4_5_6_7,Catholic Daily RSVCE,2,verified-fallback
ng:usage:acce346056f61f434ea7,NG,temporal,,,lent,5,friday,,,II,"ps18:1-2ab,2c-3,4-5,6","Ps 18:1-2ab, 2c-3, 4-5, 6","In my distress I called upon the Lord,",,ps18_1_2ab_2c_3_4_5_6,Catholic Daily RSVCE,3,verified-fallback
ng:usage:cf746576c6fe0b7c9445,NG,temporal,,,lent,5,monday,,,I,"ps23:1-3a,3b-4,5,6","Ps 23:1-3a, 3b-4, 5, 6","Though I should walk in the valley of the shadow of death, no evil would I fear, for you are with me.",,ng:reconstructed:ad1467f0b44d00de,Catholic Missal for Nigeria,1,verified
ng:usage:410e0460d1d11f70957e,NG,temporal,,,lent,5,monday,,,I,"ps23:1-3a,3b-4,5,6","Ps 23:1-3a, 3b-4, 5, 6","Though I walk in the valley of darkness,",,ng:reconstructed:1b05d65db91d2758,Catholic Missal for Nigeria,2,verified
ng:usage:dc5ef2ce3ba2c20ade91,NG,temporal,,,lent,5,monday,,,II,"ps23:1-3a,3b-4,5,6","Ps 23:1-3a, 3b-4, 5, 6","Though I should walk in the valley of the shadow of death,",2026-03-23,ng:2026-03-23:responsorial-psalm:1,Catholic Missal for Nigeria,1,verified
ng:usage:b09b2473a8eb2ce715fc,NG,temporal,,,lent,5,monday,,,II,"ps23:1-3a,3b-4,5,6","Ps 23:1-3a, 3b-4, 5, 6","Though I should walk in the valley of the shadow of death, no evil would I fear, for you are with me.",,ng:reconstructed:ad1467f0b44d00de,Catholic Missal for Nigeria,2,verified
ng:usage:f24426223f1f03d4be92,NG,temporal,,,lent,5,monday,,,II,"ps23:1-3a,3b-4,5,6","Ps 23:1-3a, 3b-4, 5, 6","Though I walk in the valley of darkness,",,ng:reconstructed:1b05d65db91d2758,Catholic Missal for Nigeria,3,verified
ng:usage:3340c56061144e910187,NG,temporal,,,lent,5,saturday,,,I,"jeremiah31:10,11-12,13","Jer 31:10, 11-12, 13","The Lord will guard us, as a shepherd guards his flock.",,local_rsvce:expanded:a599a4522934744a,Catholic Daily RSVCE,1,verified-fallback
ng:usage:7cb07fb1e5a3ce03e25c,NG,temporal,,,lent,5,saturday,,,I,"jer31:10,11-12abcd,13","Jer 31:10, 11-12abcd, 13","The Lord will guard us, as a shepherd guards his flock.",,jer31_10_11_12abcd_13,Catholic Daily RSVCE,2,verified-fallback
ng:usage:7851e7fe7ebbdebbfb2c,NG,temporal,,,lent,5,saturday,,,II,"jer31:10,11-12ab,13","Jer 31:10, 11-12ab, 13","The Lord will keep us, as a shepherd keeps his flock.",2026-03-28,ng:2026-03-28:responsorial-psalm:1,Catholic Missal for Nigeria,1,verified
ng:usage:788ddd5c0ed5f705af74,NG,temporal,,,lent,5,saturday,,,II,"jeremiah31:10,11-12,13","Jer 31:10, 11-12, 13","The Lord will guard us, as a shepherd guards his flock.",,local_rsvce:expanded:a599a4522934744a,Catholic Daily RSVCE,2,verified-fallback
ng:usage:876196d6c8e22bfb9825,NG,temporal,,,lent,5,saturday,,,II,"jer31:10,11-12abcd,13","Jer 31:10, 11-12abcd, 13","The Lord will guard us, as a shepherd guards his flock.",,jer31_10_11_12abcd_13,Catholic Daily RSVCE,3,verified-fallback
ng:usage:a4b3e8bcfed3a05886ff,NG,temporal,,,lent,5,sunday,,A,,"ps130:1-2,3-4,5-7a,7b-8","Ps 130:1-2, 3-4, 5-7a, 7b-8","With the Lord there is mercy, in him is plentiful redemption.",2026-03-22,ng:2026-03-22:responsorial-psalm:1,Catholic Missal for Nigeria,1,verified
ng:usage:d3b0f4fe863914fa95b8,NG,temporal,,,lent,5,sunday,,A,,"ps130:1-2,3-4,5-6,7-8","Ps 130:1-2, 3-4, 5-6, 7-8",With the Lord there is mercy and fullness of redemption.,,ps130_1_2_3_4_5_6_7_8,Catholic Daily RSVCE,2,verified-fallback
ng:usage:aec7da6063325c24eecc,NG,temporal,,,lent,5,sunday,,B,,"ps51:3-4,12-13,14-15","Ps 51:3-4, 12-13, 14-15","Create a pure heart for me, O God.",,ng:reconstructed:2d8a19d20286cf4b,Catholic Missal for Nigeria,1,verified
ng:usage:79b31fb071ef8c760890,NG,temporal,,,lent,5,sunday,,B,,"ps51:3-4,12-13,14-15","Ps 51:3-4, 12-13, 14-15","Create a clean heart in me, O God.",,ng:reconstructed:f904bc3ddbfc3ca7,Catholic Missal for Nigeria,2,verified
ng:usage:4bc9e0dce813dfc3168e,NG,temporal,,,lent,5,sunday,,C,,"ps126:1-2ab,2cd-3,4-5,6","Ps 126:1-2ab, 2cd-3, 4-5, 6","What great deeds the Lord worked for us! Indeed, we were glad.",,ng:reconstructed:c9b48d176639c2ed,Catholic Missal for Nigeria,1,verified
ng:usage:2ef144883e0efbbff877,NG,temporal,,,lent,5,sunday,,C,,"ps31:2,6,12-13,15-16,17,25","Ps 31:2, 6, 12-13, 15-16, 17, 25",The Lord has done great things for us; we are filled with joy.,,ps31_2_6_12_13_15_16_17_25,Catholic Daily RSVCE,2,verified-fallback
ng:usage:533c58f87586360d016c,NG,temporal,,,lent,5,thursday,,,I,"ps105:4-5,6-7,8-9","Ps 105:4-5, 6-7, 8-9",The Lord remembers his covenant forever.,2026-03-26,ng:2026-03-26:responsorial-psalm:1,Catholic Missal for Nigeria,1,verified
ng:usage:4ca42305efa017ba93c8,NG,temporal,,,lent,5,thursday,,,II,"ps105:4-5,6-7,8-9","Ps 105:4-5, 6-7, 8-9",The Lord remembers his covenant forever.,2026-03-26,ng:2026-03-26:responsorial-psalm:1,Catholic Missal for Nigeria,1,verified
ng:usage:d8ae8fb63bd5d8af176e,NG,temporal,,,lent,5,tuesday,,,I,"ps102:2-3,16-18,19-21","Ps 102:2-3, 16-18, 19-21","O Lord, hear my prayer, and let my cry come to you.",,ps102_2_3_16_18_19_21,Catholic Daily RSVCE,1,verified-fallback
ng:usage:1a2c5fca8aabe5d2ce40,NG,temporal,,,lent,5,tuesday,,,I,"ps102:1-2,15-17,18-20","Ps 102:1-2, 15-17, 18-20","O Lord, hear my prayer,",,ng:reconstructed:0a619d2499bae864,Catholic Missal for Nigeria,2,verified
ng:usage:7a2b7f50f473f8514cd7,NG,temporal,,,lent,5,tuesday,,,II,"ps102:1-2,15-17,18-20","Ps 102:1-2, 15-17, 18-20","O Lord, hear my prayer, and let my cry come to you.",2026-03-24,ng:2026-03-24:responsorial-psalm:1,Catholic Missal for Nigeria,1,verified
ng:usage:4364ab69bc8c40306414,NG,temporal,,,lent,5,tuesday,,,II,"ps102:1-2,15-17,18-20","Ps 102:1-2, 15-17, 18-20","O Lord, hear my prayer,",,ng:reconstructed:0a619d2499bae864,Catholic Missal for Nigeria,2,verified
ng:usage:a63527d5b85d87d17d6f,NG,temporal,,,lent,5,wednesday,,,I,"daniel3:52,53,54,55,56","Dan 3:52, 53, 54, 55, 56",Glory and praise for ever!,,local_rsvce:expanded:4c1b321ed97fdf76,Catholic Daily RSVCE,1,verified-fallback
ng:usage:4825ab51626633b433a7,NG,temporal,,,lent,5,wednesday,,,II,"daniel3:52,53,54,55,56","Dan 3:52, 53, 54, 55, 56",Glory and praise for ever!,,local_rsvce:expanded:4c1b321ed97fdf76,Catholic Daily RSVCE,1,verified-fallback
ng:usage:1aba8f7eb93adcd9fb7a,NG,temporal,,,lent,6,monday,,,II,"ps27:1,2,3,13-14","Ps 27:1, 2, 3, 13-14",The Lord is my light and my salvation.,2026-03-30,ng:2026-03-30:responsorial-psalm:1,Catholic Missal for Nigeria,1,verified
ng:usage:33ec84bb3855b29bd260,NG,temporal,,,lent,6,thursday,,,I,"ps116:12-13,15-16bc,17-18","Ps 116:12-13, 15-16bc, 17-18",The cup of blessing is a participation in the blood of Christ.,,ps116_12_13_15_16bc_17_18,Catholic Daily RSVCE,1,verified-fallback
ng:usage:640a3579a277c321bf0d,NG,temporal,,,lent,6,thursday,,,II,"ps116:12-13,15-16bc,17-18","Ps 116:12-13, 15-16bc, 17-18",The cup of blessing is a participation in the blood of Christ.,,ps116_12_13_15_16bc_17_18,Catholic Daily RSVCE,1,verified-fallback
ng:usage:20eb30e14d9590997681,NG,temporal,,,lent,9,friday,,,I,"ps51:1-2,3-4a,16-17","Ps 51:1-2, 3-4a, 16-17","A broken, humbled heart, O God, you will not scorn.",,ps51_1_2_3_4a_16_17,Catholic Daily RSVCE,1,verified-fallback
ng:usage:18d355699d81d6dbe1c6,NG,temporal,,,lent,9,friday,,,II,"ps51:1-2,3-4a,16-17","Ps 51:1-2, 3-4a, 16-17","A broken, humbled heart, O God, you will not scorn.",,ps51_1_2_3_4a_16_17,Catholic Daily RSVCE,1,verified-fallback
ng:usage:4070d6fff34cf97f5a48,NG,temporal,,,lent,9,saturday,,,I,"ps86:1-2ab,2c-4,5-6","Ps 86:1-2ab, 2c-4, 5-6","Teach me your way, O Lord.",,ps86_1_2ab_2c_4_5_6,Catholic Daily RSVCE,1,verified-fallback
ng:usage:44926a80c301100748e8,NG,temporal,,,lent,9,saturday,,,II,"ps86:1-2ab,2c-4,5-6","Ps 86:1-2ab, 2c-4, 5-6","Teach me your way, O Lord.",,ps86_1_2ab_2c_4_5_6,Catholic Daily RSVCE,1,verified-fallback
ng:usage:3cac5f75437cf397a735,NG,temporal,,,lent,9,thursday,,,I,"ps1:1-2,3,4-6","Ps 1:1-2, 3, 4-6",Happy are they who hope in the Lord.,,local_rsvce:expanded:1add7841ef32e023,Catholic Daily RSVCE,1,verified-fallback
ng:usage:99cbb7227e7ad620f765,NG,temporal,,,lent,9,thursday,,,II,"ps1:1-2,3,4-6","Ps 1:1-2, 3, 4-6",Happy are they who hope in the Lord.,,local_rsvce:expanded:1add7841ef32e023,Catholic Daily RSVCE,1,verified-fallback
ng:usage:0a3dd8686fc099397dda,NG,temporal,,,ordinary-time,10,friday,,,I,"ps116:10-11,15-16,17-18","Ps 116:10-11, 15-16, 17-18","To you, Lord, I will offer a sacrifice of praise.",,ps116_10_11_15_16_17_18,Catholic Daily RSVCE,1,verified-fallback
ng:usage:8c465f9291590adcb3df,NG,temporal,,,ordinary-time,10,friday,,,II,"ps27:7-8a,8b-9abc,13-14","Ps 27:7-8a, 8b-9abc, 13-14","It is your face, O Lord, that I seek.",,ps27_7_8a_8b_9abc_13_14,Catholic Daily RSVCE,1,verified-fallback
ng:usage:d9ad944a746a856f5a60,NG,temporal,,,ordinary-time,10,friday,,,II,"ps27:7-8a,8b-9abc,13-14","Ps 27:7-8a, 8b-9abc, 13-14","I long to see your face, O Lord.",,ps27_7_8a_8b_9abc_13_14,Catholic Daily RSVCE,2,verified-fallback
ng:usage:129f7d56e07398614f2c,NG,temporal,,,ordinary-time,10,monday,,,I,"ps34:1-2,3-4,5-6,7-8","Ps 34:1-2, 3-4, 5-6, 7-8",Taste and see the goodness of the Lord.,,ps34_1_2_3_4_5_6_7_8,Catholic Daily RSVCE,1,verified-fallback
ng:usage:a3025003e2779375270c,NG,temporal,,,ordinary-time,10,monday,,,II,"ps121:1-2,3-4,5-6,7-8","Ps 121:1-2, 3-4, 5-6, 7-8","Our help comes from the Lord, who made heaven and earth.",2026-06-08,ng:2026-06-08:responsorial-psalm:1,Catholic Missal for Nigeria,1,verified
ng:usage:e68786ffbe1b43b7e901,NG,temporal,,,ordinary-time,10,monday,,,II,"ps121:1bc-2,3-4,5-6,7-8","Ps 121:1bc-2, 3-4, 5-6, 7-8","Our help shall come from the Lord, who made heaven and earth.",,local_rsvce:expanded:9c13a750527c1439,Catholic Daily RSVCE,2,verified-fallback
ng:usage:9047a7db083874452241,NG,temporal,,,ordinary-time,10,monday,,,II,"ps121:1-2,3-4,5-6,7-8","Ps 121:1-2, 3-4, 5-6, 7-8","Our help is from the Lord,",,ng:reconstructed:55ccff13976ef6aa,Catholic Missal for Nigeria,3,verified
ng:usage:5f9080a021b787b86a36,NG,temporal,,,ordinary-time,10,saturday,,,I,"ps103:1-2,3-4,9-10,11-12","Ps 103:1-2, 3-4, 9-10, 11-12",The Lord is kind and merciful.,,ng:reconstructed:9e713f3ef3a03f89,Catholic Missal for Nigeria,1,verified
ng:usage:6b473adb73ffd1f58214,NG,temporal,,,ordinary-time,10,saturday,,,I,"ps103:1-2,3-4,8-9,11-12","Ps 103:1-2, 3-4, 8-9, 11-12",The Lord is kind and merciful.,,ps103_1_2_3_4_8_9_11_12,Catholic Daily RSVCE,2,verified-fallback
ng:usage:42bf220d4a3d1fc7471c,NG,temporal,,,ordinary-time,10,saturday,,,II,"ps16:1-2a,5,7-8,9-10","Ps 16:1-2a, 5, 7-8, 9-10","It is you, O Lord, who are my portion.",2026-06-13,ng:2026-06-13:responsorial-psalm:1,Catholic Missal for Nigeria,1,verified
ng:usage:77552d817e22843dab57,NG,temporal,,,ordinary-time,10,saturday,,,II,"ps16:1b-2a,5,7-8,9-10","Ps 16:1b-2a, 5, 7-8, 9-10","It is you, O Lord, who are my portion.",,local_rsvce:expanded:7614483d2443884f,Catholic Daily RSVCE,2,verified-fallback
ng:usage:84cbd2d22a05eeafdda3,NG,temporal,,,ordinary-time,10,saturday,,,II,"ps16:1-2a+5,7-8,9-10","Ps 16:1-2a+5, 7-8, 9-10","It is you, O Lord, who are my portion.",,ps16_1_2a_5_7_8_9_10,Catholic Daily RSVCE,3,verified-fallback
ng:usage:128fb0b00a4a983e0c94,NG,temporal,,,ordinary-time,10,sunday,,B,,"ps130:1-2,3-4,5-6,7-8","Ps 130:1-2, 3-4, 5-6, 7-8","With the Lord there is mercy, in him is plentiful redemption.",,ps130_1_2_3_4_5_6_7_8,Catholic Daily RSVCE,1,verified-fallback
ng:usage:0525432cd8b3d9ac412c,NG,temporal,,,ordinary-time,10,sunday,,B,,"ps130:1-2,3-4,5-6,7-8","Ps 130:1-2, 3-4, 5-6, 7-8","With the Lord there is mercy, and fullness of redemption.",,ps130_1_2_3_4_5_6_7_8,Catholic Daily RSVCE,2,verified-fallback
ng:usage:5e489058fc3343e857e3,NG,temporal,,,ordinary-time,10,sunday,,C,,"ps30:2,4,5-6,11,12,13","Ps 30:2, 4, 5-6, 11, 12, 13","I will praise you, Lord, for you have rescued me.",,ps30_2_4_5_6_11_12_13__alias_fc547127961c,Catholic Daily RSVCE,1,verified-fallback
ng:usage:31c7ef607a5e5f8a4d1e,NG,temporal,,,ordinary-time,10,thursday,,,I,"ps85:9ab,10,11-12,13-14","Ps 85:9ab, 10, 11-12, 13-14",The glory of the Lord will dwell in our land.,2026-08-22,ng:2026-08-22:responsorial-psalm:1,Catholic Missal for Nigeria,1,verified
ng:usage:bff83d3480a52802bedd,NG,temporal,,,ordinary-time,10,thursday,,,I,"ps85:8ab-9,10-11,12-13","Ps 85:8ab-9, 10-11, 12-13",The glory of the Lord will dwell in our land.,,ps85_8ab_9_10_11_12_13,Catholic Daily RSVCE,2,verified-fallback
ng:usage:8679c3f44bc28844cbd3,NG,temporal,,,ordinary-time,10,thursday,,,II,"ps65:10,11,12-13","Ps 65:10, 11, 12-13","Praise is due to you in Sion, O God.",,ps65_10_11_12_13,Catholic Daily RSVCE,1,verified-fallback
ng:usage:d7b5e18d2e00ca45dfcb,NG,temporal,,,ordinary-time,10,thursday,,,II,"ps65:9abcd,9e-10,11-12","Ps 65:9abcd, 9e-10, 11-12","It is right to praise you in Zion, O God.",,ng:reconstructed:ce0735b860dd66e5,Catholic Missal for Nigeria,2,verified
ng:usage:90db569077aabae0bebd,NG,temporal,,,ordinary-time,10,tuesday,,,I,"ps119:129,130,131,132,133,135","Ps 119:129, 130, 131, 132, 133, 135",Let your face shine forth on your servant,,ps119_129_130_131_132_133_135__alias_3c9c24b55446,Catholic Daily RSVCE,1,verified-fallback
ng:usage:438d25e5c79d5100a674,NG,temporal,,,ordinary-time,10,tuesday,,,I,"ps119:129-130,131-132,133+135","Ps 119:129-130, 131-132, 133+135","Lord, let your face shine on me.",,ps119_129_130_131_132_133_135,Catholic Daily RSVCE,2,verified-fallback
ng:usage:0604074b03578b1c85dc,NG,temporal,,,ordinary-time,10,tuesday,,,II,"ps4:2-3,4-5,7a,8","Ps 4:2-3, 4-5, 7a, 8","Lift up the light of your face on us, O Lord.",2026-06-09,ng:2026-06-09:responsorial-psalm:1,Catholic Missal for Nigeria,1,verified
ng:usage:c3055fb61042f33e73d1,NG,temporal,,,ordinary-time,10,tuesday,,,II,"ps4:1-2,3-4,6-7","Ps 4:1-2, 3-4, 6-7","Lord, let your face shine on us.",,ps4_1_2_3_4_6_7,Catholic Daily RSVCE,2,verified-fallback
ng:usage:27934d259a799c0572f3,NG,temporal,,,ordinary-time,10,wednesday,,,I,"ps99:5,6,7,8,9","Ps 99:5, 6, 7, 8, 9",Holy is the Lord our God.,,ps99_5_6_7_8_9,Catholic Daily RSVCE,1,verified-fallback
ng:usage:8a9edc490f4f6a559a3a,NG,temporal,,,ordinary-time,10,wednesday,,,II,"ps16:1-2a,4,5,8,11","Ps 16:1-2a, 4, 5, 8, 11","Preserve me, O God, for in you I take refuge.",2026-06-10,ng:2026-06-10:responsorial-psalm:1,Catholic Missal for Nigeria,1,verified
ng:usage:c0f8b2b4cdeaf6a96f48,NG,temporal,,,ordinary-time,10,wednesday,,,II,"ps16:1b-2ab,4,5ab,8,11","Ps 16:1b-2ab, 4, 5ab, 8, 11","Preserve me, O God, for in you I take refuge.",,local_rsvce:expanded:ddbfd015b5ceab4a,Catholic Daily RSVCE,2,verified-fallback
ng:usage:6708449b0cc535ccd739,NG,temporal,,,ordinary-time,10,wednesday,,,II,"ps16:1-2a,4,5+8,11","Ps 16:1-2a, 4, 5+8, 11","Keep me safe, O God; you are my hope.",,ps16_1_2a_4_5_8_11,Catholic Daily RSVCE,3,verified-fallback
ng:usage:c631ec3d362d6abdfa8b,NG,temporal,,,ordinary-time,11,friday,,,I,"ps34:2-3,4-5,6-7","Ps 34:2-3, 4-5, 6-7",The Lord rescues them in all their distress,,ng:reconstructed:a8032f3c729652aa,Catholic Missal for Nigeria,1,verified
ng:usage:0d7d4da406a41b5074e8,NG,temporal,,,ordinary-time,11,friday,,,I,"ps34:1-2,3-4,5-6","Ps 34:1-2, 3-4, 5-6",From all their afflictions God will deliver the just.,,ps34_1_2_3_4_5_6,Catholic Daily RSVCE,2,verified-fallback
ng:usage:4b0ad00b2510d12e6b37,NG,temporal,,,ordinary-time,11,friday,,,II,"ps132:11,12,13-14,17-18","Ps 132:11, 12, 13-14, 17-18","The Lord has chosen Sion, he has desired it for his dwelling.",2026-06-19,ng:2026-06-19:responsorial-psalm:1,Catholic Missal for Nigeria,1,verified
ng:usage:c54b36eeb221a88bcd17,NG,temporal,,,ordinary-time,11,friday,,,II,"ps132:11,12,13-14,17-18","Ps 132:11, 12, 13-14, 17-18",The Lord has chosen Zion for his dwelling.,,ng:reconstructed:c88f2cec1c0c0aa7,Catholic Missal for Nigeria,2,verified
ng:usage:22cd902ad4f9ea014851,NG,temporal,,,ordinary-time,11,monday,,,I,"ps98:1,2b,3ab,3cd-4","Ps 98:1, 2b, 3ab, 3cd-4",The Lord is compassionate and gracious,,ps98_1_2b_3ab_3cd_4,Catholic Daily RSVCE,1,verified-fallback
ng:usage:cc1187814d52d6f9771e,NG,temporal,,,ordinary-time,11,monday,,,I,"ps98:1,2-3ab,3cd-4","Ps 98:1, 2-3ab, 3cd-4",The Lord has made known his salvation.,2026-05-26,ng:2026-05-26:responsorial-psalm:1,Catholic Missal for Nigeria,2,verified
ng:usage:d5739dd7a166fb437850,NG,temporal,,,ordinary-time,11,monday,,,II,"ps5:2-3,5-6,7","Ps 5:2-3, 5-6, 7","O Lord, give heed to my sighs.",2026-06-15,ng:2026-06-15:responsorial-psalm:1,Catholic Missal for Nigeria,1,verified
ng:usage:5314969e09bdec7802d3,NG,temporal,,,ordinary-time,11,monday,,,II,"ps5:1-2,4-5,6+12","Ps 5:1-2, 4-5, 6+12","Lord, listen to my groaning.",,ps5_1_2_4_5_6_12,Catholic Daily RSVCE,2,verified-fallback
ng:usage:543a3fe13932a7def178,NG,temporal,,,ordinary-time,11,saturday,,,I,"ps34:8-9,10-11,12-13","Ps 34:8-9, 10-11, 12-13",Taste and see that the Lord is good,,ps34_8_9_10_11_12_13,Catholic Daily RSVCE,1,verified-fallback
ng:usage:d085bc30bca137d220d1,NG,temporal,,,ordinary-time,11,saturday,,,I,"ps34:7-8,9-10,11-12","Ps 34:7-8, 9-10, 11-12",Taste and see the goodness of the Lord.,,ps34_7_8_9_10_11_12,Catholic Daily RSVCE,2,verified-fallback
ng:usage:dd0bb2db1b6be329cdc1,NG,temporal,,,ordinary-time,11,saturday,,,II,"ps89:4-5,29-30,31-32,33-34","Ps 89:4-5, 29-30, 31-32, 33-34",I will keep my faithful love for him always.,2026-06-20,ng:2026-06-20:responsorial-psalm:1,Catholic Missal for Nigeria,1,verified
ng:usage:d6c5b301c2caca0edb7d,NG,temporal,,,ordinary-time,11,saturday,,,II,"ps89:3-4,28-29,30+32,33-34","Ps 89:3-4, 28-29, 30+32, 33-34",For ever I will pledge my love for my servant.,,ps89_3_4_28_29_30_32_33_34,Catholic Daily RSVCE,2,verified-fallback
ng:usage:a23eae11e8d6ddd68f35,NG,temporal,,,ordinary-time,11,sunday,,A,,"ps100:1-2,3,5","Ps 100:1-2, 3, 5","We are his people, the sheep of his flock.",2026-06-14,ng:2026-06-14:responsorial-psalm:1,Catholic Missal for Nigeria,1,verified
ng:usage:7b3dd8b4305ce509c3a9,NG,temporal,,,ordinary-time,11,sunday,,B,,"ps92:2-3,13-14,15-16","Ps 92:2-3, 13-14, 15-16","It is good to give thanks to you, O Lord.",,ps92_2_3_13_14_15_16,Catholic Daily RSVCE,1,verified-fallback
ng:usage:a5c1d3bd91e86d70f7c9,NG,temporal,,,ordinary-time,11,sunday,,B,,"ps92:2-3,13-14,15-16","Ps 92:2-3, 13-14, 15-16","Lord, it is good to give thanks to you.",,ps92_2_3_13_14_15_16,Catholic Daily RSVCE,2,verified-fallback
ng:usage:4b36f8eb6cab0c915b56,NG,temporal,,,ordinary-time,11,sunday,,C,,"ps32:1-2,5,7,11","Ps 32:1-2, 5, 7, 11","Lord, forgive the wrong I have done.",,ps32_1_2_5_7_11,Catholic Daily RSVCE,1,verified-fallback
ng:usage:5854c8a4a9d6feb681e9,NG,temporal,,,ordinary-time,11,thursday,,,I,"ps111:1b-2,3-4,7-8","Ps 111:1b-2, 3-4, 7-8",The Lord’s handiwork is justice and truth,,ps111_1b_2_3_4_7_8,Catholic Daily RSVCE,1,verified-fallback
ng:usage:65cba5e9f4bfba4c2171,NG,temporal,,,ordinary-time,11,thursday,,,I,"ps111:1-2,3-4,7-8","Ps 111:1-2, 3-4, 7-8","Your works, O Lord, are justice and truth.",,ps111_1_2_3_4_7_8,Catholic Daily RSVCE,2,verified-fallback
ng:usage:1cbcd6a82e030508a7f1,NG,temporal,,,ordinary-time,11,thursday,,,II,"ps97:1-2,3-4,5-6,7","Ps 97:1-2, 3-4, 5-6, 7","Rejoice in the Lord, you just.",2026-06-18,ng:2026-06-18:responsorial-psalm:1,Catholic Missal for Nigeria,1,verified
ng:usage:4cb2ffbe4c1c7369f7ab,NG,temporal,,,ordinary-time,11,thursday,,,II,"ps97:1-2,3-4,5-6,7-8a","Ps 97:1-2, 3-4, 5-6, 7-8a",Let the just rejoice in the Lord.,,ps97_1_2_3_4_5_6_7_8a,Catholic Daily RSVCE,2,verified-fallback
ng:usage:c1dccf5e6d79ef0eeba4,NG,temporal,,,ordinary-time,11,tuesday,,,I,"ps146:2,5-6ab,6c-7,8-9a","Ps 146:2, 5-6ab, 6c-7, 8-9a","Praise the Lord, my soul!",,ps146_2_5_6ab_6c_7_8_9a,Catholic Daily RSVCE,1,verified-fallback
ng:usage:f32607cf3b62f07598ab,NG,temporal,,,ordinary-time,11,tuesday,,,I,"ps146:1b-2,5-6,7,8-9","Ps 146:1b-2, 5-6, 7, 8-9","Praise the Lord, my soul!",,ps146_1b_2_5_6_7_8_9,Catholic Daily RSVCE,2,verified-fallback
ng:usage:6b3e04c8d27e87444a17,NG,temporal,,,ordinary-time,11,tuesday,,,II,"ps51:3-4,5-6ab,11,16","Ps 51:3-4, 5-6ab, 11, 16","Have mercy, O Lord, for we have sinned.",2026-06-16,ng:2026-06-16:responsorial-psalm:1,Catholic Missal for Nigeria,1,verified
ng:usage:8391dcdb409ca8e98486,NG,temporal,,,ordinary-time,11,tuesday,,,II,"ps51:1-2,3-4,9+14","Ps 51:1-2, 3-4, 9+14","Be merciful, O Lord, for we have sinned.",,ps51_1_2_3_4_9_14,Catholic Daily RSVCE,2,verified-fallback
ng:usage:bdb44a1be029d37c03fb,NG,temporal,,,ordinary-time,11,wednesday,,,I,"ps112:1bc-2,3-4,9","Ps 112:1bc-2, 3-4, 9",Blessed the man who fears the Lord.,,ps112_1bc_2_3_4_9,Catholic Daily RSVCE,1,verified-fallback
ng:usage:b53742c9623515c974c0,NG,temporal,,,ordinary-time,11,wednesday,,,I,"ps112:1-2,3-4,9","Ps 112:1-2, 3-4, 9",Happy are those who fear the Lord.,,ps112_1_2_3_4_9,Catholic Daily RSVCE,2,verified-fallback
ng:usage:06333cfab876e13f6215,NG,temporal,,,ordinary-time,11,wednesday,,,II,"ps31:20,21,24","Ps 31:20, 21, 24","Be strong, let your heart take courage, all who hope in the Lord.",2026-06-17,ng:2026-06-17:responsorial-psalm:1,Catholic Missal for Nigeria,1,verified
ng:usage:de47d9f7ccb4acb14f87,NG,temporal,,,ordinary-time,11,wednesday,,,II,"ps31:19,20,23","Ps 31:19, 20, 23","Let your heart take comfort,",,ps31_19_20_23,Catholic Daily RSVCE,2,verified-fallback
ng:usage:21e7e86910df3f7f5f3e,NG,temporal,,,ordinary-time,12,friday,,,I,"ps128:1-2,3,4-5","Ps 128:1-2, 3, 4-5",See how the Lord blesses those who fear him.,,ng:reconstructed:26e5024bed4f3109,Catholic Missal for Nigeria,1,verified
ng:usage:5ff226475e697aa1922e,NG,temporal,,,ordinary-time,12,friday,,,II,"ps137:1-2,3,4-5,6","Ps 137:1-2, 3, 4-5, 6",O let my tongue cleave to my palate if I remember you not!,2026-06-26,ng:2026-06-26:responsorial-psalm:1,Catholic Missal for Nigeria,1,verified
ng:usage:a6c1e4b593deea14f796,NG,temporal,,,ordinary-time,12,friday,,,II,"ps137:1-2,3,4-5,6","Ps 137:1-2, 3, 4-5, 6","Let my tongue be silenced, if I ever forget you!",,ng:reconstructed:b05498c1207b96ce,Catholic Missal for Nigeria,2,verified
ng:usage:c463b8d6ed915e3e5a94,NG,temporal,,,ordinary-time,12,monday,,,I,"ps33:12-13,18-19,20,22","Ps 33:12-13, 18-19, 20, 22",Blessed the people the Lord has chosen to be his own.,,ps33_12_13_18_19_20_22__alias_30e74bf28cf1,Catholic Daily RSVCE,1,verified-fallback
ng:usage:d457399828cae64a4902,NG,temporal,,,ordinary-time,12,monday,,,I,"ps33:12-13,18-19,20+22","Ps 33:12-13, 18-19, 20+22",Happy the people the Lord has chosen to be his own.,,ps33_12_13_18_19_20_22,Catholic Daily RSVCE,2,verified-fallback
ng:usage:1233802c8c019785658d,NG,temporal,,,ordinary-time,12,monday,,,II,"ps60:3,4-5,12-14","Ps 60:3, 4-5, 12-14","With your right hand, Lord, grant salvation, and give answer.",2026-06-22,ng:2026-06-22:responsorial-psalm:1,Catholic Missal for Nigeria,1,verified
ng:usage:9b844ac1378867dc2cda,NG,temporal,,,ordinary-time,12,monday,,,II,"ps60:1-2,3+5,10-11","Ps 60:1-2, 3+5, 10-11","Help us with your right hand, O Lord, and answer us.",,ps60_1_2_3_5_10_11,Catholic Daily RSVCE,2,verified-fallback
ng:usage:56777fffac37d552da1b,NG,temporal,,,ordinary-time,12,saturday,,,II,"ps74:1-2,3-4,5-7,20-21","Ps 74:1-2, 3-4, 5-7, 20-21",Do not forget the life of your poor ones forever.,2026-06-27,ng:2026-06-27:responsorial-psalm:1,Catholic Missal for Nigeria,1,verified
ng:usage:1cbb9f115e7735795771,NG,temporal,,,ordinary-time,12,saturday,,,II,"ps74:1-2,3-5,6-7,20-21","Ps 74:1-2, 3-5, 6-7, 20-21","Lord, forget not the life of your poor ones.",,ps74_1_2_3_5_6_7_20_21,Catholic Daily RSVCE,2,verified-fallback
ng:usage:b377dab2bec6ee73d7ea,NG,temporal,,,ordinary-time,12,sunday,,A,,"ps69:7-9,13,16,32-34","Ps 69:7-9, 13, 16, 32-34","In your great mercy, answer me, O Lord.",2026-06-21,ng:2026-06-21:responsorial-psalm:1,Catholic Missal for Nigeria,1,verified
ng:usage:fb808c5c1846fa592e37,NG,temporal,,,ordinary-time,12,sunday,,A,,"ps69:8-10,14,17,33-35","Ps 69:8-10, 14, 17, 33-35","Lord, in your great love, answer me.",,ps69_8_10_14_17_33_35,Catholic Daily RSVCE,2,verified-fallback
ng:usage:53dfb75f579dfbae16e4,NG,temporal,,,ordinary-time,12,sunday,,B,,"ps107:23-24,25-26,28-29,30-31","Ps 107:23-24, 25-26, 28-29, 30-31",. O give thanks to the Lord for he is good; for his mercy endures forever!,,ps107_23_24_25_26_28_29_30_31,Catholic Daily RSVCE,1,verified-fallback
ng:usage:02ba3b834a21ee4725d9,NG,temporal,,,ordinary-time,12,sunday,,B,,"ps107:23-24,25-26,28-29,30-31","Ps 107:23-24, 25-26, 28-29, 30-31","Give thanks to the Lord, his love is everlasting.",,ps107_23_24_25_26_28_29_30_31,Catholic Daily RSVCE,2,verified-fallback
ng:usage:a9d7fbc08c1d1d319489,NG,temporal,,,ordinary-time,12,sunday,,C,,"ps63:2,3-4,5-6,8-9","Ps 63:2, 3-4, 5-6, 8-9","My soul is thirsting for you, O Lord my God.",,ng:reconstructed:0c3f8e352ef5d860,Catholic Missal for Nigeria,1,verified
ng:usage:00e21cd4bf844d50ab20,NG,temporal,,,ordinary-time,12,thursday,,,I,"ps106:1b-2,3-4a,4b-5","Ps 106:1b-2, 3-4a, 4b-5","O give thanks to the Lord, for he is good.",,ps106_1b_2_3_4a_4b_5,Catholic Daily RSVCE,1,verified-fallback
ng:usage:ed6c0fccd22d82e97652,NG,temporal,,,ordinary-time,12,thursday,,,I,"ps106:1-2,3-4a,4b-5","Ps 106:1-2, 3-4a, 4b-5","Give thanks, for the Lord is good.",,ps106_1_2_3_4a_4b_5,Catholic Daily RSVCE,2,verified-fallback
ng:usage:d55c2d268d8995e69d05,NG,temporal,,,ordinary-time,12,thursday,,,II,"ps79:1-2,3-5,8,9","Ps 79:1-2, 3-5, 8, 9","For the sake of the glory of your name, free us, O Lord.",2026-06-25,ng:2026-06-25:responsorial-psalm:1,Catholic Missal for Nigeria,1,verified
ng:usage:9e1e9f667db92e074080,NG,temporal,,,ordinary-time,12,thursday,,,II,"ps79:1b-2,3-5,8,9","Ps 79:1b-2, 3-5, 8, 9","For the sake of the glory of your name, free us O Lord.",,ps79_1b_2_3_5_8_9,Catholic Daily RSVCE,2,verified-fallback
ng:usage:7cb1e844bf72479c857f,NG,temporal,,,ordinary-time,12,thursday,,,II,"ps79:1-2,3-5,8-9","Ps 79:1-2, 3-5, 8-9","For the glory of your name, O Lord, deliver us.",,ps79_1_2_3_5_8_9,Catholic Daily RSVCE,3,verified-fallback
ng:usage:7214ce6ac24620f3aa91,NG,temporal,,,ordinary-time,12,tuesday,,,I,"ps15:2-3ab,3cd-4ab,5","Ps 15:2-3ab, 3cd-4ab, 5",The just will live in the presence of the Lord.,,ps15_2_3ab_3cd_4ab_5,Catholic Daily RSVCE,1,verified-fallback
ng:usage:cbf9405ba354e0a12cba,NG,temporal,,,ordinary-time,12,tuesday,,,II,"ps48:2-3ab,3cd-4,10-11","Ps 48:2-3ab, 3cd-4, 10-11",God establishes his city forever.,2026-06-23,ng:2026-06-23:responsorial-psalm:1,Catholic Missal for Nigeria,1,verified
ng:usage:29c7df034ed47db68ae8,NG,temporal,,,ordinary-time,12,tuesday,,,II,"ps48:1-2a,2b-3,9-10","Ps 48:1-2a, 2b-3, 9-10",God upholds his city for ever.,,ps48_1_2a_2b_3_9_10,Catholic Daily RSVCE,2,verified-fallback
ng:usage:8acbd9c3a041475a7ed1,NG,temporal,,,ordinary-time,12,wednesday,,,I,"ps105:1-2,3-4,6-7,8-9","Ps 105:1-2, 3-4, 6-7, 8-9",The Lord remembers his covenant for ever.,,ps105_1_2_3_4_6_7_8_9,Catholic Daily RSVCE,1,verified-fallback
ng:usage:ac9192d6c148fdac0c77,NG,temporal,,,ordinary-time,12,wednesday,,,II,"ps119:33-34,35-36,37+40","Ps 119:33-34, 35-36, 37+40","Teach me the way of your decrees, O Lord.",,ps119_33_34_35_36_37_40,Catholic Daily RSVCE,1,verified-fallback
ng:usage:1ad5360f7615d8e4b681,NG,temporal,,,ordinary-time,13,friday,,,I,"ps106:1b-2,3-4a,4b-5","Ps 106:1b-2, 3-4a, 4b-5","O give thanks to the Lord, for he is good",,ps106_1b_2_3_4a_4b_5,Catholic Daily RSVCE,1,verified-fallback
ng:usage:cde1955a543856df3ea9,NG,temporal,,,ordinary-time,13,friday,,,I,"ps106:1b-2,3-4a,4b-5","Ps 106:1b-2, 3-4a, 4b-5","Give thanks, for the Lord is good.",,ps106_1b_2_3_4a_4b_5,Catholic Daily RSVCE,2,verified-fallback
ng:usage:27899b6d3b6aaaac5b8f,NG,temporal,,,ordinary-time,13,friday,,,II,"ps119:2,10,20,30,40,131","Ps 119:2, 10, 20, 30, 40, 131","Man shall not live by bread alone, but by every word that comes from the mouth of God.",,ps119_2_10_20_30_40_131__alias_269025f6d537,Catholic Daily RSVCE,1,verified-fallback
ng:usage:d927b5a92360f5106f25,NG,temporal,,,ordinary-time,13,friday,,,II,"ps119:2+10,20+30,40+131","Ps 119:2+10, 20+30, 40+131","No one lives on bread alone,",,ps119_2_10_20_30_40_131,Catholic Daily RSVCE,2,verified-fallback
ng:usage:072ff2af6dc2d47bce0c,NG,temporal,,,ordinary-time,13,monday,,,I,"ps103:1b-2,3-4,8-9,10-11","Ps 103:1b-2, 3-4, 8-9, 10-11",The Lord is compassionate and gracious,,ps103_1b_2_3_4_8_9_10_11,Catholic Daily RSVCE,1,verified-fallback
ng:usage:e609b0c74d111c7e3509,NG,temporal,,,ordinary-time,13,monday,,,I,"ps103:1-2,3-4,8-9,10-11","Ps 103:1-2, 3-4, 8-9, 10-11",The Lord is kind and merciful.,,ps103_1_2_3_4_8_9_10_11,Catholic Daily RSVCE,2,verified-fallback
ng:usage:9ed3062396de7734efe3,NG,temporal,,,ordinary-time,13,monday,,,II,"ps50:16bc-17,18-19,20-21,22-23","Ps 50:16bc-17, 18-19, 20-21, 22-23","Mark this, you who are forgetful of God",,ps50_16bc_17_18_19_20_21_22_23,Catholic Daily RSVCE,1,verified-fallback
ng:usage:f72cf7690c0f3ab51d6d,NG,temporal,,,ordinary-time,13,monday,,,II,"ps50:16bc-17,18-19,20-21,22-23","Ps 50:16bc-17, 18-19, 20-21, 22-23","Remember this, you who never think of God.",,ps50_16bc_17_18_19_20_21_22_23,Catholic Daily RSVCE,2,verified-fallback
ng:usage:f1206b22cbde2b1239fa,NG,temporal,,,ordinary-time,13,saturday,,,I,"ps135:1b-2,3-4,5-6","Ps 135:1b-2, 3-4, 5-6","Praise the Lord, for the Lord is good.",,ps135_1b_2_3_4_5_6,Catholic Daily RSVCE,1,verified-fallback
ng:usage:a3a154bf94600b6ace3b,NG,temporal,,,ordinary-time,13,saturday,,,I,"ps135:1-2,3-4,5-6","Ps 135:1-2, 3-4, 5-6",Praise the Lord for he is good!,,ps135_1_2_3_4_5_6,Catholic Daily RSVCE,2,verified-fallback
ng:usage:db6afb0b7ec29ed55b51,NG,temporal,,,ordinary-time,13,saturday,,,II,"ps85:9,11-12,13-14","Ps 85:9, 11-12, 13-14",The Lord speaks of peace for his people.,2026-07-04,ng:2026-07-04:responsorial-psalm:1,Catholic Missal for Nigeria,1,verified
ng:usage:af9611844cb6db2321bb,NG,temporal,,,ordinary-time,13,saturday,,,II,"ps85:8,10-11,12-13","Ps 85:8, 10-11, 12-13",The Lord speaks of peace to his people.,,ps85_8_10_11_12_13,Catholic Daily RSVCE,2,verified-fallback
ng:usage:ffc761a50dd8f79a4dfc,NG,temporal,,,ordinary-time,13,sunday,,A,,"ps89:2-3,16-17,18-19","Ps 89:2-3, 16-17, 18-19","I will sing forever of your mercies, O Lord.",2026-06-28,ng:2026-06-28:responsorial-psalm:1,Catholic Missal for Nigeria,1,verified
ng:usage:bead8a6c9fffe6c731f7,NG,temporal,,,ordinary-time,13,sunday,,A,,"ps89:2-3,16-17,18-19","Ps 89:2-3, 16-17, 18-19",For ever I will sing the goodness of the Lord.,,ng:reconstructed:511175273d74ae2a,Catholic Missal for Nigeria,2,verified
ng:usage:65f112d4446e574b027b,NG,temporal,,,ordinary-time,13,sunday,,B,,"ps30:2,4,5-6,11,12,13","Ps 30:2, 4, 5-6, 11, 12, 13","I will extol you, O Lord, for you have raised me up",,ps30_2_4_5_6_11_12_13__alias_fc547127961c,Catholic Daily RSVCE,1,verified-fallback
ng:usage:56510871f7f3255ae23d,NG,temporal,,,ordinary-time,13,sunday,,B,,"ps30:2,4,5-6,11,12,13","Ps 30:2, 4, 5-6, 11, 12, 13","I will praise you, Lord, for you have rescued me.",,ps30_2_4_5_6_11_12_13__alias_fc547127961c,Catholic Daily RSVCE,2,verified-fallback
ng:usage:f6dd64f383f9004e435d,NG,temporal,,,ordinary-time,13,sunday,,C,,"ps16:1-2,5,7-8,9-10,11","Ps 16:1-2, 5, 7-8, 9-10, 11","You are my inheritance, O Lord.",,ps16_1_2_5_7_8_9_10_11,Catholic Daily RSVCE,1,verified-fallback
ng:usage:02738e3eb10ef6d76f69,NG,temporal,,,ordinary-time,13,thursday,,,I,"ps116:1-2,3-4,5-6,8-9","Ps 116:1-2, 3-4, 5-6, 8-9","I will walk in the presence of the Lord,",,ps116_1_2_3_4_5_6_8_9,Catholic Daily RSVCE,1,verified-fallback
ng:usage:c481a5ac5c09f2035d83,NG,temporal,,,ordinary-time,13,thursday,,,II,"ps19:8,9,10,11","Ps 19:8, 9, 10, 11","The judgements of the Lord are true, they are, all of them, just.",2026-07-02,ng:2026-07-02:responsorial-psalm:1,Catholic Missal for Nigeria,1,verified
ng:usage:a742bf5727f2adc75227,NG,temporal,,,ordinary-time,13,thursday,,,II,"ps19:8,9,10,11","Ps 19:8, 9, 10, 11",". The judgments of the Lord are true; they are, all of them, just",,ng:reconstructed:c03bb95a9a228bb2,Catholic Missal for Nigeria,2,verified
ng:usage:c383f6d6896694ed26b2,NG,temporal,,,ordinary-time,13,thursday,,,II,"ps19:7,8,9,10","Ps 19:7, 8, 9, 10","The judgments of the Lord are true,",,ps19_7_8_9_10,Catholic Daily RSVCE,3,verified-fallback
ng:usage:2d2e0fa916a6b5517a70,NG,temporal,,,ordinary-time,13,tuesday,,,I,"ps26:2-3,9-10,11-12","Ps 26:2-3, 9-10, 11-12","O Lord, you mercy is before my eyes.",,ps26_2_3_9_10_11_12,Catholic Daily RSVCE,1,verified-fallback
ng:usage:cb587f1552a1be9fda78,NG,temporal,,,ordinary-time,13,tuesday,,,I,"ps26:2-3,9-10,11-12","Ps 26:2-3, 9-10, 11-12","O Lord, your kindness is before my eyes.",,ps26_2_3_9_10_11_12,Catholic Daily RSVCE,2,verified-fallback
ng:usage:b5f0b15e6e86d4e72b97,NG,temporal,,,ordinary-time,13,tuesday,,,II,"ps5:5-6,7,8","Ps 5:5-6, 7, 8","Lead me, Lord, in your justice.",2026-06-30,ng:2026-06-30:responsorial-psalm:1,Catholic Missal for Nigeria,1,verified
ng:usage:965341878b84aacbbbeb,NG,temporal,,,ordinary-time,13,tuesday,,,II,"ps5:4-5a,5b-6,7","Ps 5:4-5a, 5b-6, 7","Lead me in your justice, Lord.",,ps5_4_5a_5b_6_7,Catholic Daily RSVCE,2,verified-fallback
ng:usage:8aefa0e2c9a40700ea02,NG,temporal,,,ordinary-time,13,wednesday,,,I,"ps34:7-8,10-11,12-13","Ps 34:7-8, 10-11, 12-13","The lowly one called, and the Lord heard him",,ps34_7_8_10_11_12_13,Catholic Daily RSVCE,1,verified-fallback
ng:usage:f3964ab288b918bca34f,NG,temporal,,,ordinary-time,13,wednesday,,,I,"ps34:6-7,9-10,11-12","Ps 34:6-7, 9-10, 11-12",The Lord hears the cry of the poor.,,ps34_6_7_9_10_11_12,Catholic Daily RSVCE,2,verified-fallback
ng:usage:71dddd40b6a06a29f471,NG,temporal,,,ordinary-time,13,wednesday,,,II,"ps50:7,8-9,10-11,12-13,16bc-17","Ps 50:7, 8-9, 10-11, 12-13, 16bc-17","To one whose way is blameless, I will show the salvation of God.",2026-07-01,ng:2026-07-01:responsorial-psalm:1,Catholic Missal for Nigeria,1,verified
ng:usage:1f1056a8896f96568d8c,NG,temporal,,,ordinary-time,13,wednesday,,,II,"ps50:1a+7,8-9,10-11,12-13,16bc-17","Ps 50:1a+7, 8-9, 10-11, 12-13, 16bc-17",To the upright I will show the saving power of God.,,ps50_1a_7_8_9_10_11_12_13_16bc_17,Catholic Daily RSVCE,2,verified-fallback
ng:usage:695de6a5f33f4b702fed,NG,temporal,,,ordinary-time,14,friday,,,I,"ps37:3-4,18-19,27-28,39-40","Ps 37:3-4, 18-19, 27-28, 39-40",From the Lord comes the salvation of the just.,,ps37_3_4_18_19_27_28_39_40,Catholic Daily RSVCE,1,verified-fallback
ng:usage:480c7af3ded80e5b2e33,NG,temporal,,,ordinary-time,14,friday,,,I,"ps37:3-4,18-19,27-28,39-40","Ps 37:3-4, 18-19, 27-28, 39-40",The salvation of the just comes from the Lord.,,ps37_3_4_18_19_27_28_39_40,Catholic Daily RSVCE,2,verified-fallback
ng:usage:cf0d9dce9401c5cb19db,NG,temporal,,,ordinary-time,14,friday,,,II,"ps51:3-4,8-9,12-13,14,17","Ps 51:3-4, 8-9, 12-13, 14, 17",My mouth shall proclaim your praise.,2026-07-10,ng:2026-07-10:responsorial-psalm:1,Catholic Missal for Nigeria,1,verified
ng:usage:a38458da473d7f5013e2,NG,temporal,,,ordinary-time,14,friday,,,II,"ps51:1-2,6-7,10-11,12+15","Ps 51:1-2, 6-7, 10-11, 12+15",My mouth will declare your praise.,,ps51_1_2_6_7_10_11_12_15,Catholic Daily RSVCE,2,verified-fallback
ng:usage:06e512077b19a2deb9ec,NG,temporal,,,ordinary-time,14,monday,,,I,"ps91:1-2,3-4,14-15ab","Ps 91:1-2, 3-4, 14-15ab","O my God, I trust in you.",,ps91_1_2_3_4_14_15ab,Catholic Daily RSVCE,1,verified-fallback
ng:usage:e27295d6434d8761fd35,NG,temporal,,,ordinary-time,14,monday,,,I,"ps91:1-2,3-4,14-15ab","Ps 91:1-2, 3-4, 14-15ab","In you, my God, I place my trust.",,ps91_1_2_3_4_14_15ab,Catholic Daily RSVCE,2,verified-fallback
ng:usage:d4d8417e3e6ada9c72f4,NG,temporal,,,ordinary-time,14,monday,,,II,"ps145:2-3,4-5,6-7,8-9","Ps 145:2-3, 4-5, 6-7, 8-9",The Lord is kind and full of compassion.,2026-07-06,ng:2026-07-06:responsorial-psalm:1,Catholic Missal for Nigeria,1,verified
ng:usage:7ab8b98f336bee3e51ee,NG,temporal,,,ordinary-time,14,monday,,,II,"ps145:2-3,4-5,6-7,8-9","Ps 145:2-3, 4-5, 6-7, 8-9",The Lord is kind and merciful.,,ng:reconstructed:aa41c467ee37ceba,Catholic Missal for Nigeria,2,verified
ng:usage:f36e963c6ff8703a141c,NG,temporal,,,ordinary-time,14,saturday,,,I,"ps105:1-2,3-4,6-7","Ps 105:1-2, 3-4, 6-7","You who are poor seek God, and your hearts will revive.",,ps105_1_2_3_4_6_7,Catholic Daily RSVCE,1,verified-fallback
ng:usage:ebbf82fa643221d7b463,NG,temporal,,,ordinary-time,14,saturday,,,I,"ps105:1-2,3-4,6-7","Ps 105:1-2, 3-4, 6-7",Turn to the Lord in your need and you will live.,,ps105_1_2_3_4_6_7,Catholic Daily RSVCE,2,verified-fallback
ng:usage:1e199a750e80f8c41309,NG,temporal,,,ordinary-time,14,saturday,,,II,"ps93:1abc,1d-2,5","Ps 93:1abc, 1d-2, 5","The Lord is king, with majesty enrobed.",2026-04-14,ng:2026-04-14:responsorial-psalm:1,Catholic Missal for Nigeria,1,verified
ng:usage:c0e7358dbcdb6cff7f95,NG,temporal,,,ordinary-time,14,saturday,,,II,"ps93:1ab,1cd-2,5","Ps 93:1ab, 1cd-2, 5","The Lord is king, with majesty enrobed",,ps93_1ab_1cd_2_5,Catholic Daily RSVCE,2,verified-fallback
ng:usage:5cab5a457f4cf9bfa733,NG,temporal,,,ordinary-time,14,saturday,,,II,"ps93:1ab,1c-2,5","Ps 93:1ab, 1c-2, 5",The Lord is king; he is robed in majesty.,,ps93_1ab_1c_2_5,Catholic Daily RSVCE,3,verified-fallback
ng:usage:b81dc10e8fc43622af1f,NG,temporal,,,ordinary-time,14,sunday,,A,,"ps145:1-2,8-9,10-11,13cd-14","Ps 145:1-2, 8-9, 10-11, 13cd-14","I will bless your name forever, my king and my God.",2026-07-05,ng:2026-07-05:responsorial-psalm:1,Catholic Missal for Nigeria,1,verified
ng:usage:f91865e649beac0e9714,NG,temporal,,,ordinary-time,14,sunday,,A,,"ps145:1-2,8-9,10-11,13-14","Ps 145:1-2, 8-9, 10-11, 13-14","I will praise your name for ever, my king and my God.",,ps145_1_2_8_9_10_11_13_14,Catholic Daily RSVCE,2,verified-fallback
ng:usage:dc935d3a30a51d29b468,NG,temporal,,,ordinary-time,14,sunday,,B,,"ps123:1-2,2,3-4","Ps 123:1-2, 2, 3-4","Our eyes are on the Lord our God, till he show us his mercy.",,ps123_1_2_2_3_4,Catholic Daily RSVCE,1,verified-fallback
ng:usage:ee524603d80cd02dda47,NG,temporal,,,ordinary-time,14,sunday,,B,,"ps123:1-2,2,3-4","Ps 123:1-2, 2, 3-4","Our eyes are fixed on the Lord, pleading for his mercy.",,ps123_1_2_2_3_4,Catholic Daily RSVCE,2,verified-fallback
ng:usage:99960305437b7d04b0af,NG,temporal,,,ordinary-time,14,sunday,,C,,"ps66:1-3,4-5,6-7,16,20","Ps 66:1-3, 4-5, 6-7, 16, 20",From all my terrors he set me free.,,ps66_1_3_4_5_6_7_16_20,Catholic Daily RSVCE,1,verified-fallback
ng:usage:208288ecd1ad6d6df48c,NG,temporal,,,ordinary-time,14,sunday,,C,,"ps66:1-3,4-5,6-7,16,20","Ps 66:1-3, 4-5, 6-7, 16, 20",Let all the earth cry out to God with joy.,,ps66_1_3_4_5_6_7_16_20,Catholic Daily RSVCE,2,verified-fallback
ng:usage:63af4f40b7e637f506c3,NG,temporal,,,ordinary-time,14,thursday,,,I,"ps105:16-17,18-19,20-21","Ps 105:16-17, 18-19, 20-21",Remember the wonders the Lord has done.,,ps105_16_17_18_19_20_21,Catholic Daily RSVCE,1,verified-fallback
ng:usage:15bb58a6e95ecf6b4baf,NG,temporal,,,ordinary-time,14,thursday,,,I,"ps105:16-17,18-19,20-21","Ps 105:16-17, 18-19, 20-21",Remember the marvels the Lord has done.,,ps105_16_17_18_19_20_21,Catholic Daily RSVCE,2,verified-fallback
ng:usage:a032a4f2d5d61258d1be,NG,temporal,,,ordinary-time,14,thursday,,,II,"ps80:2ac,3b,15-16","Ps 80:2ac, 3b, 15-16","Let your face shine on us, Lord, and we shall be saved.",2026-07-09,ng:2026-07-09:responsorial-psalm:1,Catholic Missal for Nigeria,1,verified
ng:usage:e703ffb14cb7e7ab5efe,NG,temporal,,,ordinary-time,14,thursday,,,II,"ps80:1-2,14-15,18-19","Ps 80:1-2, 14-15, 18-19","Let us see your face, Lord, and we shall be saved.",,ps80_1_2_14_15_18_19,Catholic Daily RSVCE,2,verified-fallback
ng:usage:f981e93c7b6289aabf7d,NG,temporal,,,ordinary-time,14,tuesday,,,I,"ps17:1b,2-3,6-7ab,8b,15","Ps 17:1b, 2-3, 6-7ab, 8b, 15",In justice I shall behold your face,,ps17_1b_2_3_6_7ab_8b_15,Catholic Daily RSVCE,1,verified-fallback
ng:usage:61e219cca8f668477538,NG,temporal,,,ordinary-time,14,tuesday,,,I,"ps17:1,2-3,6-7,8+15","Ps 17:1, 2-3, 6-7, 8+15","In my justice, I shall see your face, O Lord.",,ps17_1_2_3_6_7_8_15,Catholic Daily RSVCE,2,verified-fallback
ng:usage:4237c2ee1cc7e1826319,NG,temporal,,,ordinary-time,14,tuesday,,,II,"ps115:3-4,5-6,7ab,8,9-10","Ps 115:3-4, 5-6, 7ab, 8, 9-10","House of Israel, trust in the Lord.",2026-07-07,ng:2026-07-07:responsorial-psalm:1,Catholic Missal for Nigeria,1,verified
ng:usage:04bd01e407d3e2bbcf92,NG,temporal,,,ordinary-time,14,tuesday,,,II,"ps115:3-4,5-6,7ab-8,9-10","Ps 115:3-4, 5-6, 7ab-8, 9-10","House of Israel, trust in the Lord",,local_rsvce:expanded:c8434c0328153f6c,Catholic Daily RSVCE,2,verified-fallback
ng:usage:865b3dd40d7897e6c2aa,NG,temporal,,,ordinary-time,14,tuesday,,,II,"ps115:3-4,5-6,7-8,9-10","Ps 115:3-4, 5-6, 7-8, 9-10",The house of Israel trusts in the Lord.,,ps115_3_4_5_6_7_8_9_10,Catholic Daily RSVCE,3,verified-fallback
ng:usage:c4e5664c3d3be9cba8a8,NG,temporal,,,ordinary-time,14,wednesday,,,I,"ps33:2-3,10-11,18-19","Ps 33:2-3, 10-11, 18-19","May your merciful love be upon us as we hope in you, O Lord.",,ps33_2_3_10_11_18_19,Catholic Daily RSVCE,1,verified-fallback
ng:usage:d39f68e85a3dd7045427,NG,temporal,,,ordinary-time,14,wednesday,,,I,"ps33:2-3,10-11,18-19","Ps 33:2-3, 10-11, 18-19","Lord, let your mercy be upon us,",,ps33_2_3_10_11_18_19,Catholic Daily RSVCE,2,verified-fallback
ng:usage:67f556a243171ce57952,NG,temporal,,,ordinary-time,14,wednesday,,,II,"ps105:2-3,4-5,6-7","Ps 105:2-3, 4-5, 6-7",Constantly seek the Lord’s face.,2026-07-08,ng:2026-07-08:responsorial-psalm:1,Catholic Missal for Nigeria,1,verified
ng:usage:5de72517a1e4de0c750f,NG,temporal,,,ordinary-time,14,wednesday,,,II,"ps105:2-3,4-5,6-7","Ps 105:2-3, 4-5, 6-7",Seek always the face of the Lord.,,ps105_2_3_4_5_6_7,Catholic Daily RSVCE,2,verified-fallback
ng:usage:01345d335e112bc25c95,NG,temporal,,,ordinary-time,15,friday,,,I,"ps116:12-13,15,16bc,17-18","Ps 116:12-13, 15, 16bc, 17-18",The cup of salvation I will raise; I will call on the name of the Lord.,,ps116_12_13_15_16bc_17_18__alias_b402db00021c,Catholic Daily RSVCE,1,verified-fallback
ng:usage:89495c1ba6160d803a8c,NG,temporal,,,ordinary-time,15,friday,,,I,"ps116:12-13,15-16,17-18","Ps 116:12-13, 15-16, 17-18","I will take the cup of salvation,",,ps116_12_13_15_16_17_18,Catholic Daily RSVCE,2,verified-fallback
ng:usage:2197f4033ceb100f8260,NG,temporal,,,ordinary-time,15,friday,,,II,"isa38:10,11,12abcd,16","Isa 38:10, 11, 12abcd, 16","O Lord, you have snatched my soul lest it perish.",2026-07-17,ng:2026-07-17:responsorial-psalm:1,Catholic Missal for Nigeria,1,verified
ng:usage:cc1244f150bfe31d965d,NG,temporal,,,ordinary-time,15,friday,,,II,"isaiah38:10,11,12abcd,16","Isa 38:10, 11, 12abcd, 16","You saved my life, O Lord; I shall not die.",,local_rsvce:expanded:dd5e0a9c20c1d94d,Catholic Daily RSVCE,2,verified-fallback
ng:usage:ffb8eb6d2cf342c642fd,NG,temporal,,,ordinary-time,15,friday,,,II,"ps116:12-13,15-16,17-18","Ps 116:12-13, 15-16, 17-18","I will take the cup of salvation,",,ps116_12_13_15_16_17_18,Catholic Daily RSVCE,3,verified-fallback
ng:usage:224997c402f02e4b4af1,NG,temporal,,,ordinary-time,15,monday,,,I,"ps124:1b-3,4-6,7-8","Ps 124:1b-3, 4-6, 7-8",Our help is in the name of the Lord.,,ps124_1b_3_4_6_7_8,Catholic Daily RSVCE,1,verified-fallback
ng:usage:383e108292b0b5e8ea0e,NG,temporal,,,ordinary-time,15,monday,,,I,"ps124:1-3,4-6,7-8","Ps 124:1-3, 4-6, 7-8",Our help is in the name of the Lord.,,ps124_1_3_4_6_7_8,Catholic Daily RSVCE,2,verified-fallback
ng:usage:70b29f24f6d9e9541e44,NG,temporal,,,ordinary-time,15,monday,,,II,"ps50:8-9,16bc-17,21,23","Ps 50:8-9, 16bc-17, 21, 23","To one whose way is blameless, I will show the salvation of God.",2026-01-19,ng:2026-01-19:responsorial-psalm:1,Catholic Missal for Nigeria,1,verified
ng:usage:3b206ddef0204b76d0c6,NG,temporal,,,ordinary-time,15,monday,,,II,"ps50:8-9,16bc-17,21,23","Ps 50:8-9, 16bc-17, 21, 23",To the upright I will show the saving power of God.,,ps50_8_9_16bc_17_21_23,Catholic Daily RSVCE,2,verified-fallback
ng:usage:cc2793a893395214dedd,NG,temporal,,,ordinary-time,15,saturday,,,I,"ps136:1,23-24,10-12,13-15","Ps 136:1, 23-24, 10-12, 13-15",For his mercy endures forever,,ps136_1_23_24_10_12_13_15__alias_6a89b35f6474,Catholic Daily RSVCE,1,verified-fallback
ng:usage:7e3c4f87fb5e58573e0f,NG,temporal,,,ordinary-time,15,saturday,,,I,"ps136:1+23-24,10-12,13-15","Ps 136:1+23-24, 10-12, 13-15",God's love is everlasting.,,ps136_1_23_24_10_12_13_15,Catholic Daily RSVCE,2,verified-fallback
ng:usage:c3558acbebd0ee050288,NG,temporal,,,ordinary-time,15,saturday,,,II,"ps10:1-2,3-4a,7-8b,14","Ps 10:1-2, 3-4a, 7-8b, 14","Do not forget the poor, O Lord!",2026-07-18,ng:2026-07-18:responsorial-psalm:1,Catholic Missal for Nigeria,1,verified
ng:usage:a1a3e14a495020e20c41,NG,temporal,,,ordinary-time,15,saturday,,,II,"ps10:1-2,3-4,7-8,14","Ps 10:1-2, 3-4, 7-8, 14","Do not forget the poor, O Lord",,ps10_1_2_3_4_7_8_14,Catholic Daily RSVCE,2,verified-fallback
ng:usage:8dffc72d66b500af6a35,NG,temporal,,,ordinary-time,15,sunday,,A,,"ps65:9abcd,9e-10,11-12,13","Ps 65:9abcd, 9e-10, 11-12, 13",The seed that fell into good soil yielded a hundredfold.,2026-07-12,ng:2026-07-12:responsorial-psalm:1,Catholic Missal for Nigeria,1,verified
ng:usage:3b50e6cf97a6a1ebffc1,NG,temporal,,,ordinary-time,15,sunday,,A,,"ps65:10,11,12-13,14","Ps 65:10, 11, 12-13, 14",The seed that falls on good ground will yield a fruitful harvest.,,ps65_10_11_12_13_14,Catholic Daily RSVCE,2,verified-fallback
ng:usage:f69387d3a130d10cb377,NG,temporal,,,ordinary-time,15,sunday,,B,,"ps85:9-10,11-12,13-14","Ps 85:9-10, 11-12, 13-14","Let us see, O Lord, your mercy, and grant us your salvation.",,ps85_9_10_11_12_13_14,Catholic Daily RSVCE,1,verified-fallback
ng:usage:2dff8a209b3fb3f13dd8,NG,temporal,,,ordinary-time,15,sunday,,B,,"ps85:9-10,11-12,13-14","Ps 85:9-10, 11-12, 13-14","Lord, let us see your kindness, and grant us your salvation.",,ps85_9_10_11_12_13_14,Catholic Daily RSVCE,2,verified-fallback
ng:usage:d7ebfe3c3052e701bce7,NG,temporal,,,ordinary-time,15,thursday,,,I,"ps105:1,5,8-9,24-25,26-27","Ps 105:1, 5, 8-9, 24-25, 26-27",The Lord remembers his covenant forever.,,ps105_1_5_8_9_24_25_26_27__alias_ca2e49b8ecc5,Catholic Daily RSVCE,1,verified-fallback
ng:usage:04168f2d9231503b2f7d,NG,temporal,,,ordinary-time,15,thursday,,,I,"ps105:1+5,8-9,24-25,26-27","Ps 105:1+5, 8-9, 24-25, 26-27",The Lord remembers his covenant for ever.,,ps105_1_5_8_9_24_25_26_27,Catholic Daily RSVCE,2,verified-fallback
ng:usage:809ba818b401035cb673,NG,temporal,,,ordinary-time,15,thursday,,,II,"ps102:13-14ab,15,16-18,19-21","Ps 102:13-14ab, 15, 16-18, 19-21",The Lord looked down from heaven to the earth.,2026-07-16,ng:2026-07-16:responsorial-psalm:1,Catholic Missal for Nigeria,1,verified
ng:usage:18775eabd2b6f086cfcf,NG,temporal,,,ordinary-time,15,thursday,,,II,"ps102:12-14,15-17,18-20","Ps 102:12-14, 15-17, 18-20",From heaven the Lord looks down on the earth.,,ps102_12_14_15_17_18_20,Catholic Daily RSVCE,2,verified-fallback
ng:usage:f66321885ac504598891,NG,temporal,,,ordinary-time,15,tuesday,,,I,"ps69:3,14,30-31,33-34","Ps 69:3, 14, 30-31, 33-34","You who are poor, seek God and your heart will revive.",,ps69_3_14_30_31_33_34,Catholic Daily RSVCE,1,verified-fallback
ng:usage:d7b8e164e3e922b7617a,NG,temporal,,,ordinary-time,15,tuesday,,,I,"ps69:2,13,29-30,32-33","Ps 69:2, 13, 29-30, 32-33","Turn to the Lord in your need, and you will live.",,ps69_2_13_29_30_32_33,Catholic Daily RSVCE,2,verified-fallback
ng:usage:e45725404c4607599048,NG,temporal,,,ordinary-time,15,tuesday,,,II,"ps48:2-3ab,3c-4,5-6,7-8","Ps 48:2-3ab, 3c-4, 5-6, 7-8",God establishes his city forever.,2026-07-14,ng:2026-07-14:responsorial-psalm:1,Catholic Missal for Nigeria,1,verified
ng:usage:039bc2d351ef894acf3e,NG,temporal,,,ordinary-time,15,tuesday,,,II,"ps48:2-3a,3b-4,5-6,7-8","Ps 48:2-3a, 3b-4, 5-6, 7-8",God establishes his city forever.,,local_rsvce:expanded:25fb5739b67326d2,Catholic Daily RSVCE,2,verified-fallback
ng:usage:1bbff545328ab51142cc,NG,temporal,,,ordinary-time,15,tuesday,,,II,"ps48:1-2a,2b-3,4-5,6-7","Ps 48:1-2a, 2b-3, 4-5, 6-7",God upholds his city for ever.,,ps48_1_2a_2b_3_4_5_6_7,Catholic Daily RSVCE,3,verified-fallback
ng:usage:25d689732139bf0ae497,NG,temporal,,,ordinary-time,15,wednesday,,,I,"ps103:1b-2,3-4,6-7","Ps 103:1b-2, 3-4, 6-7",The Lord is compassionate and gracious.,,ps103_1b_2_3_4_6_7,Catholic Daily RSVCE,1,verified-fallback
ng:usage:662420f47118d121bab4,NG,temporal,,,ordinary-time,15,wednesday,,,I,"ps103:1-2,3-4,6-7","Ps 103:1-2, 3-4, 6-7",The Lord is kind and merciful.,,ps103_1_2_3_4_6_7,Catholic Daily RSVCE,2,verified-fallback
ng:usage:5b3dcd1c1e8ff8263499,NG,temporal,,,ordinary-time,15,wednesday,,,II,"ps94:5-6,7-8,9-10,14-15","Ps 94:5-6, 7-8, 9-10, 14-15",The Lord will not abandon his people.,2026-07-15,ng:2026-07-15:responsorial-psalm:1,Catholic Missal for Nigeria,1,verified
ng:usage:f63c053f3c8af5dbd2f4,NG,temporal,,,ordinary-time,16,friday,,,I,"ps19:7,8,9,10","Ps 19:7, 8, 9, 10","Lord, you have the words of everlasting life.",,ps19_7_8_9_10,Catholic Daily RSVCE,1,verified-fallback
ng:usage:d06d5be9bb5346ef8e6f,NG,temporal,,,ordinary-time,16,friday,,,II,"jer31:10,11-12ab,13","Jer 31:10, 11-12ab, 13","The Lord will keep us, as a shepherd keeps his flock.",2026-03-28,ng:2026-03-28:responsorial-psalm:1,Catholic Missal for Nigeria,1,verified
ng:usage:fec3c92f1197559a1785,NG,temporal,,,ordinary-time,16,friday,,,II,"jeremiah31:10,11-12abcd,13","Jer 31:10, 11-12abcd, 13",The Lord will guard us as a shepherd guards his flock.,,local_rsvce:expanded:978d0be5a3572517,Catholic Daily RSVCE,2,verified-fallback
ng:usage:737c277f2dd68d218341,NG,temporal,,,ordinary-time,16,friday,,,II,"ps19:7,8,9,10","Ps 19:7, 8, 9, 10","Lord, you have the words of everlasting life.",,ps19_7_8_9_10,Catholic Daily RSVCE,3,verified-fallback
ng:usage:b8a98f09f3faacaf2525,NG,temporal,,,ordinary-time,16,monday,,,I,"exodus15:1bc-2,3-4,5-6","Exod 15:1bc-2, 3-4, 5-6",Let us sing to the Lord; he has covered himself in glory.,,local_rsvce:expanded:edbaff16ded957c7,Catholic Daily RSVCE,1,verified-fallback
ng:usage:ebac7c22f3b5ff58d07c,NG,temporal,,,ordinary-time,16,monday,,,II,"ps50:5-6,8-9,16bc-17,21,23","Ps 50:5-6, 8-9, 16bc-17, 21, 23","To one whose way is blameless, I will show the salvation of God.",2026-07-20,ng:2026-07-20:responsorial-psalm:1,Catholic Missal for Nigeria,1,verified
ng:usage:f602f3a4762beebfb395,NG,temporal,,,ordinary-time,16,monday,,,II,"ps50:5-6,8-9,16bc-17,21+23","Ps 50:5-6, 8-9, 16bc-17, 21+23",To the upright I will show the saving power of God.,,ps50_5_6_8_9_16bc_17_21_23,Catholic Daily RSVCE,2,verified-fallback
ng:usage:8f2f04300cb8f3b7ffa0,NG,temporal,,,ordinary-time,16,saturday,,,I,"ps50:1b-2,5-6,14-15","Ps 50:1b-2, 5-6, 14-15",Give your praise as a sacrifice to God,,ps50_1b_2_5_6_14_15,Catholic Daily RSVCE,1,verified-fallback
ng:usage:b57c155f83e3c3f30b64,NG,temporal,,,ordinary-time,16,saturday,,,I,"ps50:1-2,5-6,14-15","Ps 50:1-2, 5-6, 14-15",Offer to God a sacrifice of praise.,,ps50_1_2_5_6_14_15,Catholic Daily RSVCE,2,verified-fallback
ng:usage:e7eeb7f05679b6ed32e5,NG,temporal,,,ordinary-time,16,saturday,,,II,"ps84:3,4,5-6a,8a,11","Ps 84:3, 4, 5-6a, 8a, 11","How lovely is your dwelling place, O Lord of hosts!",,ps84_3_4_5_6a_8a_11,Catholic Daily RSVCE,1,verified-fallback
ng:usage:19d753643ee8e00eae50,NG,temporal,,,ordinary-time,16,saturday,,,II,"ps84:2,3,4-5a+7a,10","Ps 84:2, 3, 4-5a+7a, 10","How lovely is your dwelling place,",,ps84_2_3_4_5a_7a_10,Catholic Daily RSVCE,2,verified-fallback
ng:usage:a55a974f758d0c23a490,NG,temporal,,,ordinary-time,16,sunday,,A,,"ps86:5-6,9-10,15-16a","Ps 86:5-6, 9-10, 15-16a","O Lord, you are good and forgiving.",2026-07-19,ng:2026-07-19:responsorial-psalm:1,Catholic Missal for Nigeria,1,verified
ng:usage:a3eab4105f6f364676fd,NG,temporal,,,ordinary-time,16,sunday,,A,,"ps86:5-6,9-10,15-16","Ps 86:5-6, 9-10, 15-16","Lord, you are good and forgiving.",,ps86_5_6_9_10_15_16,Catholic Daily RSVCE,2,verified-fallback
ng:usage:76d95c14aeb326d6239c,NG,temporal,,,ordinary-time,16,sunday,,B,,"ps23:1-3,3-4,5,6","Ps 23:1-3, 3-4, 5, 6",The Lord is my shepherd; there is nothing I shall want,,ps23_1_3_3_4_5_6,Catholic Daily RSVCE,1,verified-fallback
ng:usage:23e53c36a078907056f5,NG,temporal,,,ordinary-time,16,sunday,,C,,"ps15:2-3ab,3cd-4,5","Ps 15:2-3ab, 3cd-4, 5","O Lord, who may abide in your tent?",,ps15_2_3ab_3cd_4_5,Catholic Daily RSVCE,1,verified-fallback
ng:usage:0271d21e90a5ff686ef0,NG,temporal,,,ordinary-time,16,sunday,,C,,"ps15:2-3,3-4,5","Ps 15:2-3, 3-4, 5",He who does justice will live in the presence of the Lord.,,ps15_2_3_3_4_5,Catholic Daily RSVCE,2,verified-fallback
ng:usage:c3d8dd81dafd3aba8f6b,NG,temporal,,,ordinary-time,16,thursday,,,I,"daniel3:52,53,54,55,56","Dan 3:52, 53, 54, 55, 56",Glory and praise for ever!,,local_rsvce:expanded:4c1b321ed97fdf76,Catholic Daily RSVCE,1,verified-fallback
ng:usage:76e547f2a323538b5181,NG,temporal,,,ordinary-time,16,thursday,,,II,"ps36:6-7ab,8-9,10-11","Ps 36:6-7ab, 8-9, 10-11","With you, O Lord, is the fountain of life.",2026-07-23,ng:2026-07-23:responsorial-psalm:1,Catholic Missal for Nigeria,1,verified
ng:usage:03bb34e51431698a73f2,NG,temporal,,,ordinary-time,16,thursday,,,II,"ps36:5-6,7-8,9-10","Ps 36:5-6, 7-8, 9-10","You are the source of life, O Lord.",,ps36_5_6_7_8_9_10,Catholic Daily RSVCE,2,verified-fallback
ng:usage:40082f515d3278d2727e,NG,temporal,,,ordinary-time,16,tuesday,,,I,"exod15:7ab-8,9,10+12,17","Exod 15:7ab-8, 9, 10+12, 17",Let us sing to the Lord;,,local_rsvce:expanded:65ba46de7a416b7a,Catholic Daily RSVCE,1,verified-fallback
ng:usage:b525bdaa85ac3647351b,NG,temporal,,,ordinary-time,16,tuesday,,,II,"ps85:2-4,5-6,7-8","Ps 85:2-4, 5-6, 7-8","Let us see, O Lord, your mercy.",2026-07-21,ng:2026-07-21:responsorial-psalm:1,Catholic Missal for Nigeria,1,verified
ng:usage:0a2e36792907d30abcf5,NG,temporal,,,ordinary-time,16,tuesday,,,II,"ps85:1-3,4-5,6-7","Ps 85:1-3, 4-5, 6-7","Lord, show us your mercy and love.",,ps85_1_3_4_5_6_7,Catholic Daily RSVCE,2,verified-fallback
ng:usage:6ea62747c9fb617296e4,NG,temporal,,,ordinary-time,16,wednesday,,,I,"ps78:18-19,23-24,25-26,27-28","Ps 78:18-19, 23-24, 25-26, 27-28",The Lord gave them bread from heaven.,,ps78_18_19_23_24_25_26_27_28,Catholic Daily RSVCE,1,verified-fallback
ng:usage:6083e3aebd927c0fd45a,NG,temporal,,,ordinary-time,16,wednesday,,,II,"ps71:1-2,3-4a,5-6ab,15,17","Ps 71:1-2, 3-4a, 5-6ab, 15, 17","My mouth will tell of your salvation, Lord.",,ps71_1_2_3_4a_5_6ab_15_17,Catholic Daily RSVCE,1,verified-fallback
ng:usage:8b1de578f6c396a72be7,NG,temporal,,,ordinary-time,16,wednesday,,,II,"ps71:1-2,3-4a,5-6ab,15ab+17","Ps 71:1-2, 3-4a, 5-6ab, 15ab+17",I will sing of your salvation.,,local_rsvce:expanded:ce8cdf6b21c04911,Catholic Daily RSVCE,2,verified-fallback
ng:usage:e5b9b90e237426351656,NG,temporal,,,ordinary-time,17,friday,,,I,"ps81:3-4,5-6,10-11ab","Ps 81:3-4, 5-6, 10-11ab",Sing joyfully to God our strength.,,ps81_3_4_5_6_10_11ab,Catholic Daily RSVCE,1,verified-fallback
ng:usage:adbeb4826b39746275ea,NG,temporal,,,ordinary-time,17,friday,,,I,"ps81:2-3,4-5,9-10","Ps 81:2-3, 4-5, 9-10",Sing with joy to God our help.,,ps81_2_3_4_5_9_10,Catholic Daily RSVCE,2,verified-fallback
ng:usage:ff2c57773f367e0f7454,NG,temporal,,,ordinary-time,17,friday,,,II,"ps69:5,8-10,14","Ps 69:5, 8-10, 14","In your great mercy, answer me, O Lord.",2026-07-31,ng:2026-07-31:responsorial-psalm:1,Catholic Missal for Nigeria,1,verified
ng:usage:c69b6e5feabeea3a5d32,NG,temporal,,,ordinary-time,17,friday,,,II,"ps69:1+4ab,4cd+7,8-9,13","Ps 69:1+4ab, 4cd+7, 8-9, 13","Lord, in your great love, answer me.",,ps69_1_4ab_4cd_7_8_9_13,Catholic Daily RSVCE,2,verified-fallback
ng:usage:eaf1e7c129963003da8f,NG,temporal,,,ordinary-time,17,monday,,,I,"ps106:19-20,21-22,23","Ps 106:19-20, 21-22, 23",O give thanks to the Lord for he is good.,,ps106_19_20_21_22_23,Catholic Daily RSVCE,1,verified-fallback
ng:usage:995ac42bb977e4e2007a,NG,temporal,,,ordinary-time,17,monday,,,I,"ps106:19-20,21-22,23","Ps 106:19-20, 21-22, 23","In your love, remember us, Lord.",,ps106_19_20_21_22_23,Catholic Daily RSVCE,2,verified-fallback
ng:usage:21519573358bb251bf40,NG,temporal,,,ordinary-time,17,monday,,,II,"deuteronomy32:18-19,20,21","Dt 32:18-19, 20, 21",You forgot the God who gave you birth.,2026-07-27,ng:2026-07-27:responsorial-psalm:1,Catholic Missal for Nigeria,1,verified
ng:usage:902c9c372e6934ad10b6,NG,temporal,,,ordinary-time,17,monday,,,II,"deuteronomy32:18-19,20,21","Dt 32:18-19, 20, 21",You have forgotten God who gave you birth.,,ng:reconstructed:ddee090816b19e06,Catholic Missal for Nigeria,2,verified
ng:usage:b04680684cf7ee220ff3,NG,temporal,,,ordinary-time,17,monday,,,II,"ps106:19-20,21-22,23","Ps 106:19-20, 21-22, 23","In your love, remember us, Lord.",,ps106_19_20_21_22_23,Catholic Daily RSVCE,3,verified-fallback
ng:usage:4e01661b005062ae2392,NG,temporal,,,ordinary-time,17,saturday,,,I,"ps67:2-3,5,7-8","Ps 67:2-3, 5, 7-8",Sing joyfully to God our strength.,,ps67_2_3_5_7_8,Catholic Daily RSVCE,1,verified-fallback
ng:usage:1684dbb424b08a88b097,NG,temporal,,,ordinary-time,17,saturday,,,I,"ps67:1-2,3a+4,6-7","Ps 67:1-2, 3a+4, 6-7","O God, let all the nations praise you!",,ps67_1_2_3a_4_6_7,Catholic Daily RSVCE,2,verified-fallback
ng:usage:c66a4f7ce8f7f99a8dec,NG,temporal,,,ordinary-time,17,saturday,,,II,"ps69:15-16,30-31,33-34","Ps 69:15-16, 30-31, 33-34","At an acceptable time, O Lord, answer me.",2026-08-01,ng:2026-08-01:responsorial-psalm:1,Catholic Missal for Nigeria,1,verified
ng:usage:ef6746522cf4296f1596,NG,temporal,,,ordinary-time,17,saturday,,,II,"ps69:14-15,29-30,32-33","Ps 69:14-15, 29-30, 32-33","Lord, in your great love, answer me.",,ps69_14_15_29_30_32_33,Catholic Daily RSVCE,2,verified-fallback
ng:usage:6e326d9f5349104cb16b,NG,temporal,,,ordinary-time,17,sunday,,A,,"ps119:57,72,76-77,127-128,129-130","Ps 119:57, 72, 76-77, 127-128, 129-130","O Lord, how I love your law.",2026-07-26,ng:2026-07-26:responsorial-psalm:1,Catholic Missal for Nigeria,1,verified
ng:usage:bdb6452b7c419ecd36bc,NG,temporal,,,ordinary-time,17,sunday,,A,,"ps119:57,72,76-77,127-128,129-130","Ps 119:57, 72, 76-77, 127-128, 129-130","Lord, I love your commands.",,ps119_57_72_76_77_127_128_129_130,Catholic Daily RSVCE,2,verified-fallback
ng:usage:8c59040ce55a5fcae2ba,NG,temporal,,,ordinary-time,17,sunday,,B,,"ps145:10-11,15-16,17-18","Ps 145:10-11, 15-16, 17-18","You open your hand, Lord, and you satisfy us",,ng:reconstructed:46b685766cad9fbe,Catholic Missal for Nigeria,1,verified
ng:usage:4aa51d3170d2c1107ed3,NG,temporal,,,ordinary-time,17,sunday,,B,,"ps145:10-11,15-16,17-18","Ps 145:10-11, 15-16, 17-18",The hand of the Lord feeds us; he answers all our needs.,,ng:reconstructed:723ca64eca307950,Catholic Missal for Nigeria,2,verified
ng:usage:e82a26427ee6e207fb50,NG,temporal,,,ordinary-time,17,sunday,,C,,"ps138:1-2,2-3,6-7,7-8","Ps 138:1-2, 2-3, 6-7, 7-8","On the day I called, you answered me, O Lord",,ps138_1_2_2_3_6_7_7_8,Catholic Daily RSVCE,1,verified-fallback
ng:usage:b51dc226d85187b18f04,NG,temporal,,,ordinary-time,17,sunday,,C,,"ps138:1-2,2-3,6-7,7-8","Ps 138:1-2, 2-3, 6-7, 7-8","Lord, on the day I called for help, you answered me.",,ps138_1_2_2_3_6_7_7_8,Catholic Daily RSVCE,2,verified-fallback
ng:usage:3db3725771e3a575557f,NG,temporal,,,ordinary-time,17,thursday,,,I,"ps84:3,4,5-6a,8a,11","Ps 84:3, 4, 5-6a, 8a, 11","How lovely is your dwelling place, O Lord of hosts.",,ps84_3_4_5_6a_8a_11,Catholic Daily RSVCE,1,verified-fallback
ng:usage:7869fb0d6db98030b04a,NG,temporal,,,ordinary-time,17,thursday,,,I,"ps84:2,3,4-5a+7,10","Ps 84:2, 3, 4-5a+7, 10","How lovely is your dwelling place,",,ps84_2_3_4_5a_7_10,Catholic Daily RSVCE,2,verified-fallback
ng:usage:f806a549bacfb10b7dac,NG,temporal,,,ordinary-time,17,thursday,,,II,"ps146:1b-2,3-4,5-6ab","Ps 146:1b-2, 3-4, 5-6ab",Blessed is he who is helped by Jacob’s God.,2026-07-30,ng:2026-07-30:responsorial-psalm:1,Catholic Missal for Nigeria,1,verified
ng:usage:7ead2ef8155cf70efc31,NG,temporal,,,ordinary-time,17,thursday,,,II,"ps146:1-2,3-4,5-6","Ps 146:1-2, 3-4, 5-6",Blest are they whose help is the God of Jacob.,,ps146_1_2_3_4_5_6,Catholic Daily RSVCE,2,verified-fallback
ng:usage:88e46f05540b8058f769,NG,temporal,,,ordinary-time,17,tuesday,,,I,"ps103:6-7,8-9,10-11,12-13","Ps 103:6-7, 8-9, 10-11, 12-13",The Lord is compassionate and gracious.,,ps103_6_7_8_9_10_11_12_13,Catholic Daily RSVCE,1,verified-fallback
ng:usage:7d881d20b23d3f191ad6,NG,temporal,,,ordinary-time,17,tuesday,,,I,"ps103:6-7,8-9,10-11,12-13","Ps 103:6-7, 8-9, 10-11, 12-13",The Lord is kind and merciful.,,ps103_6_7_8_9_10_11_12_13,Catholic Daily RSVCE,2,verified-fallback
ng:usage:4971cfec5aa9790a5762,NG,temporal,,,ordinary-time,17,tuesday,,,II,"ps79:8,9,11,13","Ps 79:8, 9, 11, 13","For the sake of the glory of your name, free us, O Lord.",2026-07-28,ng:2026-07-28:responsorial-psalm:1,Catholic Missal for Nigeria,1,verified
ng:usage:674366f3012f00099464,NG,temporal,,,ordinary-time,17,tuesday,,,II,"ps79:5+8,9+11,13","Ps 79:5+8, 9+11, 13","For the glory of your name, O Lord, deliver us.",,ps79_5_8_9_11_13,Catholic Daily RSVCE,2,verified-fallback
ng:usage:d127efeae8a3a979bd47,NG,temporal,,,ordinary-time,17,wednesday,,,I,"ps99:5,6,7,9","Ps 99:5, 6, 7, 9","You are holy, O Lord our God.",,ps99_5_6_7_9,Catholic Daily RSVCE,1,verified-fallback
ng:usage:81f278eee16d7e4d6787,NG,temporal,,,ordinary-time,17,wednesday,,,I,"ps99:5,6,7,9","Ps 99:5, 6, 7, 9",Holy is the Lord our God.,,ps99_5_6_7_9,Catholic Daily RSVCE,2,verified-fallback
ng:usage:376c729ce0d03aaff50e,NG,temporal,,,ordinary-time,17,wednesday,,,II,"ps59:2-3,4,10-11,17,18","Ps 59:2-3, 4, 10-11, 17, 18",God is my refuge in the day of my distress.,2026-07-29,ng:2026-07-29:responsorial-psalm:1,Catholic Missal for Nigeria,1,verified
ng:usage:e40118272a946dba2fc5,NG,temporal,,,ordinary-time,17,wednesday,,,II,"ps59:1-2,3-4a,9-10,16,17","Ps 59:1-2, 3-4a, 9-10, 16, 17",God is my refuge on the day of distress.,,ps59_1_2_3_4a_9_10_16_17,Catholic Daily RSVCE,2,verified-fallback
ng:usage:ad53dbe529c1becaed30,NG,temporal,,,ordinary-time,18,friday,,,I,"ps77:12-13,14-15,16,21","Ps 77:12-13, 14-15, 16, 21",I remember the deeds of the Lord.,,ps77_12_13_14_15_16_21,Catholic Daily RSVCE,1,verified-fallback
ng:usage:de18e8f8e2d6ecaef313,NG,temporal,,,ordinary-time,18,friday,,,I,"ps77:11-12,13-14,15+20","Ps 77:11-12, 13-14, 15+20",I remember the deeds of the Lord.,,ps77_11_12_13_14_15_20,Catholic Daily RSVCE,2,verified-fallback
ng:usage:60bc87555f5a393e2429,NG,temporal,,,ordinary-time,18,friday,,,II,"deuteronomy32:35cd-36ab,39abcd,41","Dt 32:35cd-36ab, 39abcd, 41",I kill and I make alive.,2026-08-07,ng:2026-08-07:responsorial-psalm:1,Catholic Missal for Nigeria,1,verified
ng:usage:48470b1339a86e60b1a6,NG,temporal,,,ordinary-time,18,friday,,,II,"deuteronomy32:35cd-36ab,39abcd,41","Dt 32:35cd-36ab, 39abcd, 41",It is I who deal death and give life.,,ng:reconstructed:b98d0d3e1ffc0229,Catholic Missal for Nigeria,2,verified
ng:usage:60dcdf0fcd5c0a42179a,NG,temporal,,,ordinary-time,18,friday,,,II,"ps77:11-12,13-14,15+20","Ps 77:11-12, 13-14, 15+20",I remember the deeds of the Lord.,,ps77_11_12_13_14_15_20,Catholic Daily RSVCE,3,verified-fallback
ng:usage:19fea5948c6565ceec83,NG,temporal,,,ordinary-time,18,monday,,,I,"ps81:12-13,14-15,16-17","Ps 81:12-13, 14-15, 16-17",Sing joyfully to God our strength.,,ps81_12_13_14_15_16_17,Catholic Daily RSVCE,1,verified-fallback
ng:usage:49851cb6f04472872326,NG,temporal,,,ordinary-time,18,monday,,,I,"ps81:11-12,13-14,15-16","Ps 81:11-12, 13-14, 15-16",Sing with joy to God our help.,,ps81_11_12_13_14_15_16,Catholic Daily RSVCE,2,verified-fallback
ng:usage:c6a602f49c2d4efd7078,NG,temporal,,,ordinary-time,18,monday,,,II,"ps119:29,43,79,80,95,102","Ps 119:29, 43, 79, 80, 95, 102","Teach me your statutes, O Lord.",2026-08-03,ng:2026-08-03:responsorial-psalm:1,Catholic Missal for Nigeria,1,verified
ng:usage:ffd39df5c604fe00b211,NG,temporal,,,ordinary-time,18,monday,,,II,"ps119:29+43,79-80,95+102","Ps 119:29+43, 79-80, 95+102","Teach me your laws, O Lord.",,ps119_29_43_79_80_95_102,Catholic Daily RSVCE,2,verified-fallback
ng:usage:7fc028be353b0b819e26,NG,temporal,,,ordinary-time,18,saturday,,,I,"ps18:1-2,3+6b,46+50","Ps 18:1-2, 3+6b, 46+50","I love you, Lord, my strength.",,ps18_1_2_3_6b_46_50,Catholic Daily RSVCE,1,verified-fallback
ng:usage:922d9143f1cb657be622,NG,temporal,,,ordinary-time,18,saturday,,,II,"ps9:8-9,10-11,12-13","Ps 9:8-9, 10-11, 12-13","You will not forsake those who seek you, O Lord.",2026-08-08,ng:2026-08-08:responsorial-psalm:1,Catholic Missal for Nigeria,1,verified
ng:usage:8132218cbc55d848640a,NG,temporal,,,ordinary-time,18,saturday,,,II,"ps9:7-8,9-10,11-12","Ps 9:7-8, 9-10, 11-12","You will never abandon those who seek you, Lord.",,ps9_7_8_9_10_11_12,Catholic Daily RSVCE,2,verified-fallback
ng:usage:048a2f996206ed3306ec,NG,temporal,,,ordinary-time,18,sunday,,A,,"ps145:8-9,15-16","Ps 145:8-9, 15-16","You open your hand, Lord, and you satisfy us.",2026-08-02,ng:2026-08-02:responsorial-psalm:1,Catholic Missal for Nigeria,1,verified
ng:usage:e565c784a67406fc586f,NG,temporal,,,ordinary-time,18,sunday,,A,,"ps145:8-9,15-16,17-18","Ps 145:8-9, 15-16, 17-18",The hand of the Lord feeds us; he answers all our needs.,,ng:reconstructed:3c1c51dfbc61f0e8,Catholic Missal for Nigeria,2,verified
ng:usage:4c48c1e8feb478d56567,NG,temporal,,,ordinary-time,18,sunday,,B,,"ps78:3-4,23-24,25,54","Ps 78:3-4, 23-24, 25, 54",The Lord gave them bread from heaven,,ps78_3_4_23_24_25_54,Catholic Daily RSVCE,1,verified-fallback
ng:usage:8c1b0de6ad23d7af4f00,NG,temporal,,,ordinary-time,18,sunday,,C,,"ps90:3-4,5-6,12-13,14,17","Ps 90:3-4, 5-6, 12-13, 14, 17","O Lord, you have been our refuge, from generation to generation",2026-09-24,ng:2026-09-24:responsorial-psalm:1,Catholic Missal for Nigeria,1,verified
ng:usage:a4f6092741ead1a49ccd,NG,temporal,,,ordinary-time,18,sunday,,C,,"ps89:3-4,5-6,12-13,14,17","Ps 89:3-4, 5-6, 12-13, 14, 17","If today you hear his voice, harden not your hearts.",,ps89_3_4_5_6_12_13_14_17,Catholic Daily RSVCE,2,verified-fallback
ng:usage:2b4fed6a44816f99871c,NG,temporal,,,ordinary-time,18,thursday,,,I,"ps95:1-2,6-7,8-9","Ps 95:1-2, 6-7, 8-9","If today you hear his voice, harden not your hearts.",,ps95_1_2_6_7_8_9,Catholic Daily RSVCE,1,verified-fallback
ng:usage:4a0158f1c06dc2ae2e0f,NG,temporal,,,ordinary-time,18,thursday,,,I,"ps95:1-2,6-7ab,7c-9","Ps 95:1-2, 6-7ab, 7c-9","If today you hear God's voice,",,ps95_1_2_6_7ab_7c_9,Catholic Daily RSVCE,2,verified-fallback
ng:usage:ab447fe4f87e3c15c922,NG,temporal,,,ordinary-time,18,thursday,,,II,"ps51:12-13,14-15,18-19","Ps 51:12-13, 14-15, 18-19","Create a pure heart for me, O God.",2026-04-04,ng:2026-04-04:responsorial-psalm:9,Catholic Missal for Nigeria,1,verified
ng:usage:bca312835f140f6a6801,NG,temporal,,,ordinary-time,18,thursday,,,II,"ps51:10-11,12-13,16-17","Ps 51:10-11, 12-13, 16-17","Create a clean heart in me, O God.",,ng:reconstructed:5bb194fdcd72aba1,Catholic Missal for Nigeria,2,verified
ng:usage:27dbef1678402580fcd0,NG,temporal,,,ordinary-time,18,tuesday,,,I,"ps51:3-4,5-6ab,6cd-7,12-13","Ps 51:3-4, 5-6ab, 6cd-7, 12-13","Have mercy, O Lord, for we have sinned.",,ng:reconstructed:09d6ecdf7620854e,Catholic Missal for Nigeria,1,verified
ng:usage:ae21c9c75c3cdc8ea1db,NG,temporal,,,ordinary-time,18,tuesday,,,I,"ps51:1-2,3-4,10-11","Ps 51:1-2, 3-4, 10-11","Be merciful, O Lord, for we have sinned.",,ps51_1_2_3_4_10_11,Catholic Daily RSVCE,2,verified-fallback
ng:usage:92584ea270c015910a1c,NG,temporal,,,ordinary-time,18,tuesday,,,II,"ps102:16-18,19-21,22-23","Ps 102:16-18, 19-21, 22-23","The Lord shall build up Sion, He will appear in all his glory.",2026-08-04,ng:2026-08-04:responsorial-psalm:1,Catholic Missal for Nigeria,1,verified
ng:usage:758b6c39d85c4abc18f5,NG,temporal,,,ordinary-time,18,tuesday,,,II,"ps102:15-17,18-20,28+21-22","Ps 102:15-17, 18-20, 28+21-22","The Lord will build up Zion again,",,ps102_15_17_18_20_28_21_22,Catholic Daily RSVCE,2,verified-fallback
ng:usage:28061a82611a5f932e2f,NG,temporal,,,ordinary-time,18,wednesday,,,I,"ps106:6-7,13-14,21-22,23","Ps 106:6-7, 13-14, 21-22, 23","In your love, remember us, Lord.",,ps106_6_7_13_14_21_22_23,Catholic Daily RSVCE,1,verified-fallback
ng:usage:6799cd38d2e72a13c46c,NG,temporal,,,ordinary-time,18,wednesday,,,II,"jer31:10,11-12ab,13","Jer 31:10, 11-12ab, 13","The Lord will keep us, as a shepherd keeps his flock.",2026-03-28,ng:2026-03-28:responsorial-psalm:1,Catholic Missal for Nigeria,1,verified
ng:usage:780f79dd0fe1575e1985,NG,temporal,,,ordinary-time,18,wednesday,,,II,"jeremiah31:10,11-12ab,13","Jer 31:10, 11-12ab, 13",The Lord will guard us as a shepherd guards his flock.,,local_rsvce:expanded:bba65b319a934b72,Catholic Daily RSVCE,2,verified-fallback
ng:usage:e6d97981fc17ca068583,NG,temporal,,,ordinary-time,18,wednesday,,,II,"ps106:6-7,13-14,21-22,23","Ps 106:6-7, 13-14, 21-22, 23","In your love, remember us, Lord.",,ps106_6_7_13_14_21_22_23,Catholic Daily RSVCE,3,verified-fallback
ng:usage:eaaebdc76816e1d7aedf,NG,temporal,,,ordinary-time,19,friday,,,I,"ps136:1-3,16-18,21-22+24","Ps 136:1-3, 16-18, 21-22+24",God's love is everlasting.,,ps136_1_3_16_18_21_22_24,Catholic Daily RSVCE,1,verified-fallback
ng:usage:8b6b467444ec0ab68049,NG,temporal,,,ordinary-time,19,friday,,,II,"isa12:2-3,4bcde,5-6","Isa 12:2-3, 4bcde, 5-6",Your anger turned away and you comforted me.,2026-01-20,ng:2026-01-20:responsorial-psalm:1,Catholic Missal for Nigeria,1,verified
ng:usage:55accdc8f345fef4d716,NG,temporal,,,ordinary-time,19,friday,,,II,"isaiah12:2-3,4bcd,5-6","Isa 12:2-3, 4bcd, 5-6",You have turned from your anger.,,local_rsvce:expanded:67b7f95f888677c6,Catholic Daily RSVCE,2,verified-fallback
ng:usage:d5e4a2f3251729370db5,NG,temporal,,,ordinary-time,19,friday,,,II,"ps136:1-3,16-18,21-22+24","Ps 136:1-3, 16-18, 21-22+24",God's love is everlasting.,,ps136_1_3_16_18_21_22_24,Catholic Daily RSVCE,3,verified-fallback
ng:usage:4e04fa58245b0f196d53,NG,temporal,,,ordinary-time,19,monday,,,I,"ps147:12-13,14-15,19-20","Ps 147:12-13, 14-15, 19-20","O Jerusalem, glorify the Lord!",2026-01-09,ng:2026-01-09:responsorial-psalm:1,Catholic Missal for Nigeria,1,verified
ng:usage:ec989823315656de7d15,NG,temporal,,,ordinary-time,19,monday,,,I,"ps147:12-13,14-15,19-20","Ps 147:12-13, 14-15, 19-20","Praise the Lord, Jerusalem.",,ps147_12_13_14_15_19_20,Catholic Daily RSVCE,2,verified-fallback
ng:usage:7b8f473045217ac68ecb,NG,temporal,,,ordinary-time,19,monday,,,II,"ps148:1-2,11-12,13,14","Ps 148:1-2, 11-12, 13, 14",Heaven and earth are full of your glory,2026-05-13,ng:2026-05-13:responsorial-psalm:1,Catholic Missal for Nigeria,1,verified
ng:usage:2a9cd7aaf326fef7d1a6,NG,temporal,,,ordinary-time,19,saturday,,,I,"ps16:1-2a,5,7-8,11","Ps 16:1-2a, 5, 7-8, 11","It is you, O Lord, who are my portion.",,ps16_1_2a_5_7_8_11__alias_f8dcd06bedf6,Catholic Daily RSVCE,1,verified-fallback
ng:usage:4d43e2b9328ce154e1f3,NG,temporal,,,ordinary-time,19,saturday,,,I,"ps16:1-2a+5,7-8,9a+11","Ps 16:1-2a+5, 7-8, 9a+11","You are my inheritance, O Lord.",,ps16_1_2a_5_7_8_9a_11,Catholic Daily RSVCE,2,verified-fallback
ng:usage:1e903fba318232fc8d37,NG,temporal,,,ordinary-time,19,saturday,,,II,"ps51:12-13,14-15,18-19","Ps 51:12-13, 14-15, 18-19","Create a pure heart for me, O God",2026-04-04,ng:2026-04-04:responsorial-psalm:9,Catholic Missal for Nigeria,1,verified
ng:usage:c79a788e1a54866565f8,NG,temporal,,,ordinary-time,19,saturday,,,II,"ps51:10-11,12-13,16-17","Ps 51:10-11, 12-13, 16-17","Create a clean heart in me, O God.",,ng:reconstructed:5bb194fdcd72aba1,Catholic Missal for Nigeria,2,verified
ng:usage:e93d69251ddff1a40345,NG,temporal,,,ordinary-time,19,sunday,,A,,"ps85:8ab,9,10-11,12-13","Ps 85:8ab, 9, 10-11, 12-13","Let us see, O Lord, your mercy, and grant us your salvation.",2026-08-09,ng:2026-08-09:responsorial-psalm:1,Catholic Missal for Nigeria,1,verified
ng:usage:757e534779f6bd2469dc,NG,temporal,,,ordinary-time,19,sunday,,A,,"ps85:9,10,11-12,13-14","Ps 85:9, 10, 11-12, 13-14","Lord, let us see your kindness, and grant us your salvation.",,local_rsvce:expanded:576c9b689921700f,Catholic Daily RSVCE,2,verified-fallback
ng:usage:2c8bae34fe35fd1723ba,NG,temporal,,,ordinary-time,19,sunday,,B,,"ps34:2-3,4-5,6-7,8-9","Ps 34:2-3, 4-5, 6-7, 8-9",Taste and see that the Lord is good,,ng:reconstructed:961273b62de4a998,Catholic Missal for Nigeria,1,verified
ng:usage:3e3b3d47b59ffea45d85,NG,temporal,,,ordinary-time,19,sunday,,B,,"ps34:2-3,4-5,6-7,8-9","Ps 34:2-3, 4-5, 6-7, 8-9",Taste and see the goodness of the Lord.,,ng:reconstructed:350e18e7d29210a4,Catholic Missal for Nigeria,2,verified
ng:usage:e37973e1773396096943,NG,temporal,,,ordinary-time,19,sunday,,C,,"ps33:1,12,18-19,20-22","Ps 33:1, 12, 18-19, 20-22",Blessed the people the Lord has chosen as his heritage,,ps33_1_12_18_19_20_22,Catholic Daily RSVCE,1,verified-fallback
ng:usage:2976fca4175dd13051d8,NG,temporal,,,ordinary-time,19,sunday,,C,,"ps33:1,12,18-19,20-22","Ps 33:1, 12, 18-19, 20-22",Blessed the people the Lord has chosen to be his own.,,ps33_1_12_18_19_20_22,Catholic Daily RSVCE,2,verified-fallback
ng:usage:cebd6d80c9eb33d1113c,NG,temporal,,,ordinary-time,19,thursday,,,I,"ps114:1-2,3-4,5-6","Ps 114:1-2, 3-4, 5-6",Alleluia,,ps114_1_2_3_4_5_6,Catholic Daily RSVCE,1,verified-fallback
ng:usage:d47f9376ae4dc9d30d93,NG,temporal,,,ordinary-time,19,thursday,,,I,"ps114:1-2,3-4,5-6","Ps 114:1-2, 3-4, 5-6",Alleluia! (or two or three times),,ps114_1_2_3_4_5_6,Catholic Daily RSVCE,2,verified-fallback
ng:usage:54c203a785468852568c,NG,temporal,,,ordinary-time,19,thursday,,,II,"ps78:56-57,58-59,61-62","Ps 78:56-57, 58-59, 61-62",Never forget the deeds of the Lord!,2026-08-13,ng:2026-08-13:responsorial-psalm:1,Catholic Missal for Nigeria,1,verified
ng:usage:ecd79a445192f835384e,NG,temporal,,,ordinary-time,19,thursday,,,II,"ps78:56-57,58-59,61-62","Ps 78:56-57, 58-59, 61-62",Do not forget the works of the Lord!,,ng:reconstructed:a2d326aa306186cf,Catholic Missal for Nigeria,2,verified
ng:usage:b89c6e1401f3984ed7e8,NG,temporal,,,ordinary-time,19,tuesday,,,I,"deuteronomy32:3-4ab,7,8,9,12","Dt 32:3-4ab, 7, 8, 9, 12",The portion of the Lord is his people.,,local_rsvce:expanded:3571d36ce13b74a7,Catholic Daily RSVCE,1,verified-fallback
ng:usage:8ffdacae103970bbca62,NG,temporal,,,ordinary-time,19,tuesday,,,II,"ps119:14,24,72,103,111,131","Ps 119:14, 24, 72, 103, 111, 131","How sweet is your promise to my tongue, O Lord!",2026-08-11,ng:2026-08-11:responsorial-psalm:1,Catholic Missal for Nigeria,1,verified
ng:usage:4c39e364fb5ced6dab1f,NG,temporal,,,ordinary-time,19,tuesday,,,II,"ps119:14,24,72,103,111,131","Ps 119:14, 24, 72, 103, 111, 131",How sweet to my taste is your promise!,,ng:reconstructed:9b2d77a3156035fb,Catholic Missal for Nigeria,2,verified
ng:usage:0f71cfec60c976e5af92,NG,temporal,,,ordinary-time,19,tuesday,,,II,"ps119:14+24,72+103,111+131","Ps 119:14+24, 72+103, 111+131",How sweet to my taste is your promise!,,ps119_14_24_72_103_111_131,Catholic Daily RSVCE,3,verified-fallback
ng:usage:efc774d0fecf4d6b072d,NG,temporal,,,ordinary-time,19,wednesday,,,I,"ps66:1-3a,5+8,16-17","Ps 66:1-3a, 5+8, 16-17",Blessed be God who filled my soul with life!,,ps66_1_3a_5_8_16_17,Catholic Daily RSVCE,1,verified-fallback
ng:usage:baa41a6bde4215b57bbe,NG,temporal,,,ordinary-time,19,wednesday,,,II,"ps113:1b-2,3-4,5-6","Ps 113:1b-2, 3-4, 5-6",The glory of the Lord is above the heavens.,2026-08-12,ng:2026-08-12:responsorial-psalm:1,Catholic Missal for Nigeria,1,verified
ng:usage:462f6f93fad0a23e036f,NG,temporal,,,ordinary-time,19,wednesday,,,II,"ps113:1-2,3-4,5-6","Ps 113:1-2, 3-4, 5-6",The glory of the Lord is above the heaven,,ps113_1_2_3_4_5_6,Catholic Daily RSVCE,2,verified-fallback
ng:usage:4703731b4b1e169f1623,NG,temporal,,,ordinary-time,19,wednesday,,,II,"ps113:1-2,3-4,5-6","Ps 113:1-2, 3-4, 5-6",The glory of the Lord is higher than the skies.,,ps113_1_2_3_4_5_6,Catholic Daily RSVCE,3,verified-fallback
ng:usage:7f9269ff072c2f3938f3,NG,temporal,,,ordinary-time,1,friday,,,I,"ps78:3,4bc,6c-7,8","Ps 78:3, 4bc, 6c-7, 8",Do not forget the works of the Lord!,,ps78_3_4bc_6c_7_8__alias_ef181da2495e,Catholic Daily RSVCE,1,verified-fallback
ng:usage:b0aa0b454c8fb7db999f,NG,temporal,,,ordinary-time,1,friday,,,I,"ps78:3+4bc,6c-7,8","Ps 78:3+4bc, 6c-7, 8",Do not forget the works of the Lord!,,ps78_3_4bc_6c_7_8,Catholic Daily RSVCE,2,verified-fallback
ng:usage:1e4cc12153b449f2cd18,NG,temporal,,,ordinary-time,1,friday,,,II,"ps89:16-17,18-19","Ps 89:16-17, 18-19","I will sing forever of your mercies, O Lord.",2026-01-16,ng:2026-01-16:responsorial-psalm:1,Catholic Missal for Nigeria,1,verified
ng:usage:653a7e44c36bb876fd17,NG,temporal,,,ordinary-time,1,friday,,,II,"ps89:15-16,17-18","Ps 89:15-16, 17-18",For ever I will sing the goodness of the Lord.,,ps89_15_16_17_18,Catholic Daily RSVCE,2,verified-fallback
ng:usage:35e7fe5cb71cbe45af03,NG,temporal,,,ordinary-time,1,monday,,,I,"ps97:1,2b,6,7c,9","Ps 97:1, 2b, 6, 7c, 9",Let all his angels worship him.,,ps97_1_2b_6_7c_9,Catholic Daily RSVCE,1,verified-fallback
ng:usage:24beccf0c62e06d1cccf,NG,temporal,,,ordinary-time,1,monday,,,I,"ps97:1-2,6+7ac,8bc-9","Ps 97:1-2, 6+7ac, 8bc-9","Worship the Lord, all angels of God.",,ps97_1_2_6_7ac_8bc_9,Catholic Daily RSVCE,2,verified-fallback
ng:usage:280ec1281d07c6bf928d,NG,temporal,,,ordinary-time,1,monday,,,II,"ps116:12-13,14,17,18-19","Ps 116:12-13, 14, 17, 18-19","A thanksgiving sacrifice I make to you, O Lord.",2026-01-12,ng:2026-01-12:responsorial-psalm:1,Catholic Missal for Nigeria,1,verified
ng:usage:2c3b6120d272a7e32012,NG,temporal,,,ordinary-time,1,monday,,,II,"ps50:8-9,16bc-17,21,23","Ps 50:8-9, 16bc-17, 21, 23","To one whose way is blameless, I will show the salvation of God.",2026-01-19,ng:2026-01-19:responsorial-psalm:1,Catholic Missal for Nigeria,2,verified
ng:usage:c664fe6cb391269a0d11,NG,temporal,,,ordinary-time,1,monday,,,II,"ps116:12-13,14+17,18-19","Ps 116:12-13, 14+17, 18-19","To you, Lord, I will offer a sacrifice of praise.",,ps116_12_13_14_17_18_19,Catholic Daily RSVCE,3,verified-fallback
ng:usage:e2e9bdf0226f58960d10,NG,temporal,,,ordinary-time,1,saturday,,,I,"ps19:8,9,10,15","Ps 19:8, 9, 10, 15","Your words, O Lord, are spirit and life",2026-02-23,ng:2026-02-23:responsorial-psalm:1,Catholic Missal for Nigeria,1,verified
ng:usage:5d3770ef7431df863959,NG,temporal,,,ordinary-time,1,saturday,,,I,"ps19:7,8,9,14","Ps 19:7, 8, 9, 14","Your words, Lord, are spirit and life.",,ps19_7_8_9_14,Catholic Daily RSVCE,2,verified-fallback
ng:usage:64e3a525611359f84a2a,NG,temporal,,,ordinary-time,1,saturday,,,II,"ps21:2-3,4-5,6-7","Ps 21:2-3, 4-5, 6-7","In your strength, O Lord, the king rejoices.",2026-01-17,ng:2026-01-17:responsorial-psalm:1,Catholic Missal for Nigeria,1,verified
ng:usage:1a0c8200a1c90629c124,NG,temporal,,,ordinary-time,1,saturday,,,II,"ps21:1-2,3-4,5-6","Ps 21:1-2, 3-4, 5-6","Lord, your strength gives joy to the king.",,ps21_1_2_3_4_5_6,Catholic Daily RSVCE,2,verified-fallback
ng:usage:492ad11708719bfd4bc4,NG,temporal,,,ordinary-time,1,thursday,,,I,"ps95:6-7c,8-9,10-11","Ps 95:6-7c, 8-9, 10-11","If today you hear his voice, harden not your hearts.",,ps95_6_7c_8_9_10_11,Catholic Daily RSVCE,1,verified-fallback
ng:usage:2422213416b5ea460d40,NG,temporal,,,ordinary-time,1,thursday,,,I,"ps95:6-7,8-9,10-11","Ps 95:6-7, 8-9, 10-11","If today you hear God's voice,",,ps95_6_7_8_9_10_11,Catholic Daily RSVCE,2,verified-fallback
ng:usage:1204cdea2de2bae2dabc,NG,temporal,,,ordinary-time,1,thursday,,,II,"ps44:10,11,14-15,24-25","Ps 44:10, 11, 14-15, 24-25","Redeem us, O Lord, with your merciful love!",2026-01-15,ng:2026-01-15:responsorial-psalm:1,Catholic Missal for Nigeria,1,verified
ng:usage:b0569a3dc5cb6bcea7d1,NG,temporal,,,ordinary-time,1,thursday,,,II,"ps44:10-11,14-15,24-25","Ps 44:10-11, 14-15, 24-25","Redeem us, O Lord, with your merciful love!",,local_rsvce:expanded:df3ae878c3506945,Catholic Daily RSVCE,2,verified-fallback
ng:usage:f336b63286373d1ba321,NG,temporal,,,ordinary-time,1,thursday,,,II,"ps44:9-10,13-14,23-24","Ps 44:9-10, 13-14, 23-24","Save us Lord, in your mercy.",,ps44_9_10_13_14_23_24,Catholic Daily RSVCE,3,verified-fallback
ng:usage:b6790601d6b1862b2491,NG,temporal,,,ordinary-time,1,tuesday,,,I,"ps8:2ab,5,6-7,8-9","Ps 8:2ab, 5, 6-7, 8-9",You have given your Son rule over the works of your hands.,,ps8_2ab_5_6_7_8_9,Catholic Daily RSVCE,1,verified-fallback
ng:usage:1c39b3a831d30a93d576,NG,temporal,,,ordinary-time,1,tuesday,,,I,"ps8:1-2,3-4,5-6ab,6c-8","Ps 8:1-2, 3-4, 5-6ab, 6c-8",You gave your Son authority over all your creation.,,ps8_1_2_3_4_5_6ab_6c_8,Catholic Daily RSVCE,2,verified-fallback
ng:usage:d018fc315a2601ad441e,NG,temporal,,,ordinary-time,1,tuesday,,,II,"1sam2:1,4-5,6-7,8abcd","1Sam 2:1, 4-5, 6-7, 8abcd","My heart exults in the Lord, my Saviour.",2025-12-22,ng:2025-12-22:responsorial-psalm:1,Catholic Missal for Nigeria,1,verified
ng:usage:6d17d20698d99305df7b,NG,temporal,,,ordinary-time,1,tuesday,,,II,"firstsamuel2:1,4-5,6-7,8abcd","Firstsamuel 2:1, 4-5, 6-7, 8abcd","My heart exults in the Lord, my Savior.",,local_rsvce:expanded:c932a25121877e6c,Catholic Daily RSVCE,2,verified-fallback
ng:usage:be0667e28f504a299256,NG,temporal,,,ordinary-time,1,tuesday,,,II,"ps8:1-2,3-4,5-6ab,6c-8","Ps 8:1-2, 3-4, 5-6ab, 6c-8",You gave your Son authority over all your creation.,,ps8_1_2_3_4_5_6ab_6c_8,Catholic Daily RSVCE,3,verified-fallback
ng:usage:03b4d6d3c290b9cbc66f,NG,temporal,,,ordinary-time,1,wednesday,,,I,"ps105:1-2,3-4,6-7,8-9","Ps 105:1-2, 3-4, 6-7, 8-9",The Lord remembers his covenant for ever.,,ps105_1_2_3_4_6_7_8_9,Catholic Daily RSVCE,1,verified-fallback
ng:usage:5f98e7ca2838c8d15bb6,NG,temporal,,,ordinary-time,1,wednesday,,,I,"ps105:1-2,3-4,6-7,8-9","Ps 105:1-2, 3-4, 6-7, 8-9",The Lord remembers his covenant forever.,,ps105_1_2_3_4_6_7_8_9,Catholic Daily RSVCE,2,verified-fallback
ng:usage:c983e91831ab2da5b34d,NG,temporal,,,ordinary-time,1,wednesday,,,II,"ps40:2,5,7-8a,8b-9,10","Ps 40:2, 5, 7-8a, 8b-9, 10","See, I have come, Lord, to do your will",2026-01-14,ng:2026-01-14:responsorial-psalm:1,Catholic Missal for Nigeria,1,verified
ng:usage:c15fb40fa5842d226217,NG,temporal,,,ordinary-time,1,wednesday,,,II,"ps40:1+4,6-7a,7b-8,9","Ps 40:1+4, 6-7a, 7b-8, 9","Here am I, Lord, I come to do your will.",,ps40_1_4_6_7a_7b_8_9,Catholic Daily RSVCE,2,verified-fallback
ng:usage:2f7aa86d4cc142a217ad,NG,temporal,,,ordinary-time,20,friday,,,I,"ps146:5-6ab,6c-7,8-9a,9bc-10","Ps 146:5-6ab, 6c-7, 8-9a, 9bc-10","My soul, give praise to the Lord!",,ps146_5_6ab_6c_7_8_9a_9bc_10,Catholic Daily RSVCE,1,verified-fallback
ng:usage:c9f2f9d2a0f39b3c0579,NG,temporal,,,ordinary-time,20,friday,,,I,"ps146:5-6,7,8-9a,9bc-10","Ps 146:5-6, 7, 8-9a, 9bc-10","Praise the Lord, my soul!",,ps146_5_6_7_8_9a_9bc_10,Catholic Daily RSVCE,2,verified-fallback
ng:usage:185d914e64d505561a8e,NG,temporal,,,ordinary-time,20,friday,,,II,"ps107:2-3,4-5,6-7,8-9","Ps 107:2-3, 4-5, 6-7, 8-9",O give thanks to the Lord for he is good; for his mercy endures forever!,2026-08-21,ng:2026-08-21:responsorial-psalm:1,Catholic Missal for Nigeria,1,verified
ng:usage:620885be010df708dac9,NG,temporal,,,ordinary-time,20,friday,,,II,"ps107:1-2,4-5,6-7,8-9","Ps 107:1-2, 4-5, 6-7, 8-9","Give thanks to the Lord, God's love is everlasting.",,ps107_1_2_4_5_6_7_8_9,Catholic Daily RSVCE,2,verified-fallback
ng:usage:4510b8f9566ced10d6b7,NG,temporal,,,ordinary-time,20,monday,,,I,"ps106:34-35,36-37,39-40,43ab,44","Ps 106:34-35, 36-37, 39-40, 43ab, 44","O Lord, remember us with the favour you show to your people.",,ps106_34_35_36_37_39_40_43ab_44,Catholic Daily RSVCE,1,verified-fallback
ng:usage:76bcafbf497442e7c6a3,NG,temporal,,,ordinary-time,20,monday,,,I,"ps106:4+5b,6+35,36-37,39-40,43-44","Ps 106:4+5b, 6+35, 36-37, 39-40, 43-44","In your love, remember us, Lord.",,ps106_4_5b_6_35_36_37_39_40_43_44,Catholic Daily RSVCE,2,verified-fallback
ng:usage:b8c1b3b3ba044ca95d47,NG,temporal,,,ordinary-time,20,monday,,,II,"deuteronomy32:18-19,20,21","Dt 32:18-19, 20, 21",You forgot God who gave you birth.,2026-08-17,ng:2026-08-17:responsorial-psalm:1,Catholic Missal for Nigeria,1,verified
ng:usage:1fe5d0b34a8deee3ac98,NG,temporal,,,ordinary-time,20,monday,,,II,"deuteronomy32:18-19,20,21","Dt 32:18-19, 20, 21",You have forgotten God who gave you birth.,,ng:reconstructed:ddee090816b19e06,Catholic Missal for Nigeria,2,verified
ng:usage:3a33116d30ce12a2d0ea,NG,temporal,,,ordinary-time,20,saturday,,,I,"ps128:1b-2,3,4,5","Ps 128:1b-2, 3, 4, 5",Indeed thus shall be blessed the man who fears the Lord.,,ps128_1b_2_3_4_5,Catholic Daily RSVCE,1,verified-fallback
ng:usage:c5c1141824da5d75424d,NG,temporal,,,ordinary-time,20,saturday,,,I,"ps128:1-2,3,4-5","Ps 128:1-2, 3, 4-5",See how the Lord blesses those who fear him.,,ng:reconstructed:26e5024bed4f3109,Catholic Missal for Nigeria,2,verified
ng:usage:11db53cfc04e7bd34422,NG,temporal,,,ordinary-time,20,saturday,,,II,"ps85:9ab,10,11-12,13-14","Ps 85:9ab, 10, 11-12, 13-14",The glory of the Lord will dwell in our land.,2026-08-22,ng:2026-08-22:responsorial-psalm:1,Catholic Missal for Nigeria,1,verified
ng:usage:e962851c417093ce6c93,NG,temporal,,,ordinary-time,20,saturday,,,II,"ps85:8ab-9,10-11,12-13","Ps 85:8ab-9, 10-11, 12-13",The glory of the Lord will dwell in our land.,,ps85_8ab_9_10_11_12_13,Catholic Daily RSVCE,2,verified-fallback
ng:usage:f7bbdd31796578e65d45,NG,temporal,,,ordinary-time,20,sunday,,A,,"ps67:2-3,5,6,8","Ps 67:2-3, 5, 6, 8","Let the peoples praise you, O God; let all the peoples praise you!",2026-08-16,ng:2026-08-16:responsorial-psalm:1,Catholic Missal for Nigeria,1,verified
ng:usage:8ed19b53769020922383,NG,temporal,,,ordinary-time,20,sunday,,A,,"ps67:2-3,5,6,8","Ps 67:2-3, 5, 6, 8","O God, let all the nations praise you!",,ps67_2_3_5_6_8,Catholic Daily RSVCE,2,verified-fallback
ng:usage:9da6a3f11ec8fccd859e,NG,temporal,,,ordinary-time,20,sunday,,B,,"ps34:2-3,10-11,12-13,14-15","Ps 34:2-3, 10-11, 12-13, 14-15",Taste and see that the Lord is good,,ps34_2_3_10_11_12_13_14_15,Catholic Daily RSVCE,1,verified-fallback
ng:usage:82da48e53609a06756ff,NG,temporal,,,ordinary-time,20,sunday,,B,,"ps34:2-3,10-11,12-13,14-15","Ps 34:2-3, 10-11, 12-13, 14-15",Taste and see the goodness of the Lord.,,ps34_2_3_10_11_12_13_14_15,Catholic Daily RSVCE,2,verified-fallback
ng:usage:e5bd193b9cbcb5fa9436,NG,temporal,,,ordinary-time,20,sunday,,C,,"ps40:2,3,4,18","Ps 40:2, 3, 4, 18","Lord, make haste to help me!",,ps40_2_3_4_18,Catholic Daily RSVCE,1,verified-fallback
ng:usage:516bc378a51d3520539c,NG,temporal,,,ordinary-time,20,sunday,,C,,"ps40:2,3,4,18","Ps 40:2, 3, 4, 18","Lord, come to my aid!",,ps40_2_3_4_18,Catholic Daily RSVCE,2,verified-fallback
ng:usage:0ffffbcf7e6eccc5e0f3,NG,temporal,,,ordinary-time,20,thursday,,,I,"ps40:5,7-8a,8b-9,10","Ps 40:5, 7-8a, 8b-9, 10","See, I have come, Lord, to do your will",,ps40_5_7_8a_8b_9_10,Catholic Daily RSVCE,1,verified-fallback
ng:usage:570079cfc6f6877ba93e,NG,temporal,,,ordinary-time,20,thursday,,,I,"ps40:4,6-7a,7b-8,9","Ps 40:4, 6-7a, 7b-8, 9","Here am I, Lord;",,ps40_4_6_7a_7b_8_9,Catholic Daily RSVCE,2,verified-fallback
ng:usage:c49ea5ac29b177a11b2f,NG,temporal,,,ordinary-time,20,thursday,,,II,"ps51:12-13,14-15,18-19","Ps 51:12-13, 14-15, 18-19","I will sprinkle clean water on you, and you shall be clean from all your uncleannesses.",2026-08-20,ng:2026-08-20:responsorial-psalm:1,Catholic Missal for Nigeria,1,verified
ng:usage:f885822edff2c921f1bc,NG,temporal,,,ordinary-time,20,thursday,,,II,"ps51:10-11,12-13,16-17","Ps 51:10-11, 12-13, 16-17",I will pour clean water on you,,ng:reconstructed:451fc9c7d8e2a676,Catholic Missal for Nigeria,2,verified
ng:usage:cf982690c66b5160bd80,NG,temporal,,,ordinary-time,20,tuesday,,,I,"ps85:9,11-12,13-14","Ps 85:9, 11-12, 13-14",The Lord speaks of peace for his people.,2026-07-04,ng:2026-07-04:responsorial-psalm:1,Catholic Missal for Nigeria,1,verified
ng:usage:b016547dce5a1bf1630e,NG,temporal,,,ordinary-time,20,tuesday,,,I,"ps85:8,10-11,12-13","Ps 85:8, 10-11, 12-13",The Lord speaks of peace to his people.,,ps85_8_10_11_12_13,Catholic Daily RSVCE,2,verified-fallback
ng:usage:42a266aaef42c3749535,NG,temporal,,,ordinary-time,20,tuesday,,,II,"deuteronomy32:26-27ab,27cd-28,30,35cd-36ab","Dt 32:26-27ab, 27cd-28, 30, 35cd-36ab",I kill and I make alive.,2026-08-18,ng:2026-08-18:responsorial-psalm:1,Catholic Missal for Nigeria,1,verified
ng:usage:1c84f5136adce2ff3309,NG,temporal,,,ordinary-time,20,tuesday,,,II,"deuteronomy32:26-27ab,27cd-28,30,35cd-36ab","Dt 32:26-27ab, 27cd-28, 30, 35cd-36ab",It is I who deal death and give life.,,ng:reconstructed:ce6792d69f9e8517,Catholic Missal for Nigeria,2,verified
ng:usage:8869e9dcadc9df081bb6,NG,temporal,,,ordinary-time,20,tuesday,,,II,"ps85:8,10-11,12-13","Ps 85:8, 10-11, 12-13",The Lord speaks of peace to his people.,,ps85_8_10_11_12_13,Catholic Daily RSVCE,3,verified-fallback
ng:usage:60c72784ce267d1e278e,NG,temporal,,,ordinary-time,20,wednesday,,,I,"ps21:2-3,4-5,6-7","Ps 21:2-3, 4-5, 6-7","In your strength, O Lord, the king rejoices.",2026-01-17,ng:2026-01-17:responsorial-psalm:1,Catholic Missal for Nigeria,1,verified
ng:usage:6dd82f2f260f9d9f2627,NG,temporal,,,ordinary-time,20,wednesday,,,I,"ps21:1-2,3-4,5-6","Ps 21:1-2, 3-4, 5-6","Lord, your strength gives joy to the king.",,ps21_1_2_3_4_5_6,Catholic Daily RSVCE,2,verified-fallback
ng:usage:59ddbd6c697c97dd171e,NG,temporal,,,ordinary-time,20,wednesday,,,II,"ps23:1-3a,3b-4,5,6","Ps 23:1-3a, 3b-4, 5, 6",The Lord is my shepherd; there is nothing I shall want.,2026-03-15,ng:2026-03-15:responsorial-psalm:1,Catholic Missal for Nigeria,1,verified
ng:usage:0c4a859908b4c5ee5c02,NG,temporal,,,ordinary-time,20,wednesday,,,II,"ps23:1-3a,3b-4,5,6","Ps 23:1-3a, 3b-4, 5, 6",The Lord is my shepherd;,,ng:reconstructed:dd7075773890c9c5,Catholic Missal for Nigeria,2,verified
ng:usage:51fac7f1ce54f022f5b3,NG,temporal,,,ordinary-time,21,friday,,,I,"ps97:1+2b,5-6,10,11-12","Ps 97:1+2b, 5-6, 10, 11-12",Let the just rejoice in the Lord.,,ps97_1_2b_5_6_10_11_12,Catholic Daily RSVCE,1,verified-fallback
ng:usage:a82c4125478b42686399,NG,temporal,,,ordinary-time,21,friday,,,II,"ps33:1-2,4-5,10-11","Ps 33:1-2, 4-5, 10-11",The Lord’s merciful love fills the earth.,2026-08-28,ng:2026-08-28:responsorial-psalm:1,Catholic Missal for Nigeria,1,verified
ng:usage:6518cc5ab79ee8b5dd06,NG,temporal,,,ordinary-time,21,friday,,,II,"ps33:1-2,4-5,10ab+11","Ps 33:1-2, 4-5, 10ab+11",The earth is full of the goodness of the Lord.,,ps33_1_2_4_5_10ab_11,Catholic Daily RSVCE,2,verified-fallback
ng:usage:f351944472484bb9c879,NG,temporal,,,ordinary-time,21,monday,,,I,"ps149:1b-2,3-4,5-6a,9b","Ps 149:1b-2, 3-4, 5-6a, 9b",The Lord takes delight in his people.,,ps149_1b_2_3_4_5_6a_9b,Catholic Daily RSVCE,1,verified-fallback
ng:usage:a3400231e1189dabaabe,NG,temporal,,,ordinary-time,21,monday,,,I,"ps149:1-2,3-4,5,6a+9b","Ps 149:1-2, 3-4, 5, 6a+9b",The Lord takes delight in his people.,,local_rsvce:expanded:8941cbb4a9561bda,Catholic Daily RSVCE,2,verified-fallback
ng:usage:217537d6707774562a34,NG,temporal,,,ordinary-time,21,monday,,,II,"ps96:1-2a,2b-3,4-5","Ps 96:1-2a, 2b-3, 4-5",Tell among all the people the wonders of the Lord,,ps96_1_2a_2b_3_4_5,Catholic Daily RSVCE,1,verified-fallback
ng:usage:61571a3dfd4eb0ae5a01,NG,temporal,,,ordinary-time,21,monday,,,II,"ps96:1-2a,2b-3,4-5","Ps 96:1-2a, 2b-3, 4-5",Proclaim God's marvellous deeds to all the nations.,,ps96_1_2a_2b_3_4_5,Catholic Daily RSVCE,2,verified-fallback
ng:usage:971e90e7f75a469bc651,NG,temporal,,,ordinary-time,21,saturday,,,I,"ps98:1,7-8,9","Ps 98:1, 7-8, 9",The Lord comes to judge the people with fairness,,ps98_1_7_8_9,Catholic Daily RSVCE,1,verified-fallback
ng:usage:ffc72874c706721aac6d,NG,temporal,,,ordinary-time,21,saturday,,,I,"ps98:1,7-8,9","Ps 98:1, 7-8, 9",The Lord comes to rule the earth with justice.,,ps98_1_7_8_9,Catholic Daily RSVCE,2,verified-fallback
ng:usage:9474f89bb4f997ea40f9,NG,temporal,,,ordinary-time,21,saturday,,,II,"ps33:12-13,18-19,20-21","Ps 33:12-13, 18-19, 20-21",Blessed the people the Lord has chosen as his heritage.,2026-08-29,ng:2026-08-29:responsorial-psalm:1,Catholic Missal for Nigeria,1,verified
ng:usage:434dc552309c8749ec41,NG,temporal,,,ordinary-time,21,saturday,,,II,"ps33:12-13,18-19,20-21","Ps 33:12-13, 18-19, 20-21",Happy the people the Lord has chosen to be his own.,,ng:reconstructed:d2e3b8470c003119,Catholic Missal for Nigeria,2,verified
ng:usage:f882485e8664d8c99d45,NG,temporal,,,ordinary-time,21,sunday,,A,,"ps138:1-2a,2bcd-3,6,8bc","Ps 138:1-2a, 2bcd-3, 6, 8bc","O Lord, your merciful love is eternal; Discard not the work of your hands.",2026-08-23,ng:2026-08-23:responsorial-psalm:1,Catholic Missal for Nigeria,1,verified
ng:usage:22f06cf82f1539d50672,NG,temporal,,,ordinary-time,21,sunday,,A,,"ps138:1-2,2-3,6,8","Ps 138:1-2, 2-3, 6, 8","Lord, your love is eternal; do not forsake the work of your hands.",,ps138_1_2_2_3_6_8,Catholic Daily RSVCE,2,verified-fallback
ng:usage:3dc95480ce54d26e627e,NG,temporal,,,ordinary-time,21,sunday,,B,,"ps34:2-3,16-17,18-19,20-21,22-23","Ps 34:2-3, 16-17, 18-19, 20-21, 22-23",Taste and see that the Lord is good,,ps34_2_3_16_17_18_19_20_21_22_23,Catholic Daily RSVCE,1,verified-fallback
ng:usage:35cf971f67665e0df95a,NG,temporal,,,ordinary-time,21,sunday,,B,,"ps34:2-3,16-17,18-19,20-21,22-23","Ps 34:2-3, 16-17, 18-19, 20-21, 22-23",Taste and see the goodness of the Lord.,,ps34_2_3_16_17_18_19_20_21_22_23,Catholic Daily RSVCE,2,verified-fallback
ng:usage:fc412a9ba542d7f4a217,NG,temporal,,,ordinary-time,21,sunday,,C,,"ps117:1,2","Ps 117:1, 2",Go into all the world and proclaim the gospel.,,ng:reconstructed:6639883d6b8c380b,Catholic Missal for Nigeria,1,verified
ng:usage:1cc2fd991cc05147794a,NG,temporal,,,ordinary-time,21,sunday,,C,,"ps117:1,2","Ps 117:1, 2",Go out to all the world and tell the Good News.,,ng:reconstructed:73d92e286a6fb381,Catholic Missal for Nigeria,2,verified
ng:usage:677dd75fb8814c179c7f,NG,temporal,,,ordinary-time,21,thursday,,,I,"ps90:3-5a,12-13,14,17","Ps 90:3-5a, 12-13, 14, 17","Fill us with your merciful love, O Lord, and we shall exult",,ps90_3_5a_12_13_14_17,Catholic Daily RSVCE,1,verified-fallback
ng:usage:d7cb86e4c50dacb4e6c6,NG,temporal,,,ordinary-time,21,thursday,,,I,"ps90:3-4,12-13,14+17","Ps 90:3-4, 12-13, 14+17","Fill us with your love, O Lord,",,ps90_3_4_12_13_14_17,Catholic Daily RSVCE,2,verified-fallback
ng:usage:1fa6e5d152c490b6abff,NG,temporal,,,ordinary-time,21,thursday,,,II,"ps145:2-3,4-5,6-7","Ps 145:2-3, 4-5, 6-7","I will bless your name, O Lord, forever.",2026-08-27,ng:2026-08-27:responsorial-psalm:1,Catholic Missal for Nigeria,1,verified
ng:usage:50d55524d51f0daef199,NG,temporal,,,ordinary-time,21,thursday,,,II,"ps145:2-3,4-5,6-7","Ps 145:2-3, 4-5, 6-7","I will praise your name for ever, Lord.",,ng:reconstructed:79b5aaf8483dcbd4,Catholic Missal for Nigeria,2,verified
ng:usage:846a2210909d5bafe0a3,NG,temporal,,,ordinary-time,21,tuesday,,,I,"ps139:1-3,4-6","Ps 139:1-3, 4-6","O Lord, you search me and you know me.",,ps139_1_3_4_6,Catholic Daily RSVCE,1,verified-fallback
ng:usage:a14fd78ee36ea27df579,NG,temporal,,,ordinary-time,21,tuesday,,,I,"ps139:1-2,3-4,5-6","Ps 139:1-2, 3-4, 5-6","You have searched me and you know me, Lord.",,ps139_1_2_3_4_5_6,Catholic Daily RSVCE,2,verified-fallback
ng:usage:d93c73ed6ff7a33df60c,NG,temporal,,,ordinary-time,21,tuesday,,,II,"ps96:10,11-12a,12b-13","Ps 96:10, 11-12a, 12b-13",The Lord comes to judge the earth.,2026-08-25,ng:2026-08-25:responsorial-psalm:1,Catholic Missal for Nigeria,1,verified
ng:usage:f9ca3e04035656b443fc,NG,temporal,,,ordinary-time,21,tuesday,,,II,"ps96:10,11-12,13","Ps 96:10, 11-12, 13",The Lord comes to judge the earth,2026-05-29,ng:2026-05-29:responsorial-psalm:1,Catholic Missal for Nigeria,2,verified
ng:usage:3d128c5ce34496838f68,NG,temporal,,,ordinary-time,21,wednesday,,,I,"ps139:7-8,9-10,11-12ab","Ps 139:7-8, 9-10, 11-12ab","O Lord, you search me and you know me.",,ps139_7_8_9_10_11_12ab,Catholic Daily RSVCE,1,verified-fallback
ng:usage:cd2622c4c84b46d059ee,NG,temporal,,,ordinary-time,21,wednesday,,,I,"ps139:7-8,9-10,11-12","Ps 139:7-8, 9-10, 11-12","You have searched me and you know me, Lord.",,ps139_7_8_9_10_11_12,Catholic Daily RSVCE,2,verified-fallback
ng:usage:5384c0c1e740e702e153,NG,temporal,,,ordinary-time,21,wednesday,,,II,"ps128:1-2,4-5","Ps 128:1-2, 4-5",Blessed are all who fear the Lord.,2026-08-26,ng:2026-08-26:responsorial-psalm:1,Catholic Missal for Nigeria,1,verified
ng:usage:3b306ccb1ac19a47926c,NG,temporal,,,ordinary-time,21,wednesday,,,II,"ps128:1-2,4-5","Ps 128:1-2, 4-5",Happy are those who fear the Lord.,,ng:reconstructed:7329f8c5cbf4c111,Catholic Missal for Nigeria,2,verified
ng:usage:8b6e6deceafa3e60d9b2,NG,temporal,,,ordinary-time,22,friday,,,I,"ps100:1b-2,3,4,5","Ps 100:1b-2, 3, 4, 5","Come before the Lord, singing for joy",,ps100_1b_2_3_4_5,Catholic Daily RSVCE,1,verified-fallback
ng:usage:8a7d250ad5b9ed80146b,NG,temporal,,,ordinary-time,22,friday,,,I,"ps100:1-2,3,4,5","Ps 100:1-2, 3, 4, 5",Come with joy into the presence of the Lord.,,ng:reconstructed:cdebe904ba890cad,Catholic Missal for Nigeria,2,verified
ng:usage:5db831d53658aca18d16,NG,temporal,,,ordinary-time,22,friday,,,II,"ps37:3-4,5-6,27-28,39-40","Ps 37:3-4, 5-6, 27-28, 39-40",From the Lord comes the salvation of the just.,2026-09-04,ng:2026-09-04:responsorial-psalm:1,Catholic Missal for Nigeria,1,verified
ng:usage:d9f26c59056da95adfe5,NG,temporal,,,ordinary-time,22,friday,,,II,"ps37:3-4,5-6,27-28,39-40","Ps 37:3-4, 5-6, 27-28, 39-40",The salvation of the just comes from the Lord.,,ps37_3_4_5_6_27_28_39_40,Catholic Daily RSVCE,2,verified-fallback
ng:usage:60b55b921fdea42fd653,NG,temporal,,,ordinary-time,22,monday,,,I,"ps96:1,3,4-5,11-12,13","Ps 96:1, 3, 4-5, 11-12, 13",The Lord comes to judge the earth,,ps96_1_3_4_5_11_12_13__alias_8796bceb2f85,Catholic Daily RSVCE,1,verified-fallback
ng:usage:132f0485f94916464516,NG,temporal,,,ordinary-time,22,monday,,,I,"ps96:1+3,4-5,11-12,13","Ps 96:1+3, 4-5, 11-12, 13",The Lord comes to judge the earth.,,ps96_1_3_4_5_11_12_13,Catholic Daily RSVCE,2,verified-fallback
ng:usage:50843b875cd42416e6d5,NG,temporal,,,ordinary-time,22,monday,,,II,"ps119:97,98,99,100,101,102","Ps 119:97, 98, 99, 100, 101, 102","O Lord, how I love your law!",2026-08-31,ng:2026-08-31:responsorial-psalm:1,Catholic Missal for Nigeria,1,verified
ng:usage:ea6c52e8954761d5d256,NG,temporal,,,ordinary-time,22,monday,,,II,"ps119:97-98,99-100,101-102","Ps 119:97-98, 99-100, 101-102","Lord, I love your commands.",,ps119_97_98_99_100_101_102,Catholic Daily RSVCE,2,verified-fallback
ng:usage:d4d6c32945240dc3cea8,NG,temporal,,,ordinary-time,22,saturday,,,I,"ps54:3-4,6,8","Ps 54:3-4, 6, 8","See, I have God for my help.",,ps54_3_4_6_8,Catholic Daily RSVCE,1,verified-fallback
ng:usage:05b102f21500d950ec1d,NG,temporal,,,ordinary-time,22,saturday,,,I,"ps54:1-2,4+6","Ps 54:1-2, 4+6",The Lord God is my help.,,ps54_1_2_4_6,Catholic Daily RSVCE,2,verified-fallback
ng:usage:dfe1633f8897280bf30d,NG,temporal,,,ordinary-time,22,saturday,,,II,"ps145:17-18,19-20,21","Ps 145:17-18, 19-20, 21",The Lord is close to all who call him.,2026-09-05,ng:2026-09-05:responsorial-psalm:1,Catholic Missal for Nigeria,1,verified
ng:usage:0b3a3bd297b9ec7d5729,NG,temporal,,,ordinary-time,22,saturday,,,II,"ps145:17-18,19-20,21","Ps 145:17-18, 19-20, 21",The Lord is near to all who call on him.,,ng:reconstructed:92c8c6341ecc175f,Catholic Missal for Nigeria,2,verified
ng:usage:184f3ecfcdb29a07e85c,NG,temporal,,,ordinary-time,22,sunday,,A,,"ps63:2,3-4,5-6,8-9","Ps 63:2, 3-4, 5-6, 8-9","For you my soul is thirsting, O Lord, my God.",2026-08-30,ng:2026-08-30:responsorial-psalm:1,Catholic Missal for Nigeria,1,verified
ng:usage:1a855f8d9dfa93164995,NG,temporal,,,ordinary-time,22,sunday,,A,,"ps63:2,3-4,5-6,8-9","Ps 63:2, 3-4, 5-6, 8-9","My soul is thirsting for you, O Lord my God.",,ng:reconstructed:0c3f8e352ef5d860,Catholic Missal for Nigeria,2,verified
ng:usage:65df1a547bd418b5ff23,NG,temporal,,,ordinary-time,22,sunday,,B,,"ps15:2-3,3-4,4-5","Ps 15:2-3, 3-4, 4-5","O Lord, who may abide in your tent?",,ps15_2_3_3_4_4_5,Catholic Daily RSVCE,1,verified-fallback
ng:usage:6e6ed5aaa6b732d15eae,NG,temporal,,,ordinary-time,22,sunday,,B,,"ps15:2-3,3-4,4-5","Ps 15:2-3, 3-4, 4-5",One who does justice will live in the presence of the Lord.,,ps15_2_3_3_4_4_5,Catholic Daily RSVCE,2,verified-fallback
ng:usage:ce2273828ba9ce007f18,NG,temporal,,,ordinary-time,22,sunday,,C,,"ps68:4-5,6-7,10-11","Ps 68:4-5, 6-7, 10-11","In your goodness, O God, you provided for the poor.",,ps68_4_5_6_7_10_11,Catholic Daily RSVCE,1,verified-fallback
ng:usage:7784a7680f8994b37fc2,NG,temporal,,,ordinary-time,22,sunday,,C,,"ps68:4-5,6-7,10-11","Ps 68:4-5, 6-7, 10-11","God, in your goodness, you have made a home for the poor.",,ps68_4_5_6_7_10_11,Catholic Daily RSVCE,2,verified-fallback
ng:usage:64c27a57b354678940a3,NG,temporal,,,ordinary-time,22,thursday,,,I,"ps98:2-3ab,3cd-4,5-6","Ps 98:2-3ab, 3cd-4, 5-6",The Lord has made known his salvation.,,ng:reconstructed:843ff99ac9e44187,Catholic Missal for Nigeria,1,verified
ng:usage:22e19f351b92aacd461d,NG,temporal,,,ordinary-time,22,thursday,,,II,"ps24:1-2,3-4ab,5-6","Ps 24:1-2, 3-4ab, 5-6",The Lord’s is the earth and its fullness.,2026-09-03,ng:2026-09-03:responsorial-psalm:1,Catholic Missal for Nigeria,1,verified
ng:usage:a563d8a625248eb8f93c,NG,temporal,,,ordinary-time,22,thursday,,,II,"ps24:1bc-2,3-4ab,5-6","Ps 24:1bc-2, 3-4ab, 5-6",The Lord’s is the earth and its fullness.,,ng:reconstructed:b597c5930154e178,Catholic Missal for Nigeria,2,verified
ng:usage:ccc9cd1e9ea75c043529,NG,temporal,,,ordinary-time,22,thursday,,,II,"ps24:1-2,3-4ab,5-6","Ps 24:1-2, 3-4ab, 5-6",To the Lord belongs the earth and all that fills it.,,ng:reconstructed:258139bb5436f060,Catholic Missal for Nigeria,3,verified
ng:usage:b80ba23a79de82e26558,NG,temporal,,,ordinary-time,22,tuesday,,,I,"ps27:1,4,13-14","Ps 27:1, 4, 13-14",I believe I shall see the Lord’s goodness in the land of the living.,,ps27_1_4_13_14,Catholic Daily RSVCE,1,verified-fallback
ng:usage:4f88ad82c947c9239957,NG,temporal,,,ordinary-time,22,tuesday,,,I,"ps27:1,4,13-14","Ps 27:1, 4, 13-14",I believe that I shall see the good things of the Lord,,ps27_1_4_13_14,Catholic Daily RSVCE,2,verified-fallback
ng:usage:b85b950a244e1da06872,NG,temporal,,,ordinary-time,22,tuesday,,,II,"ps145:8-9,10-11,12-13ab,13cd-14","Ps 145:8-9, 10-11, 12-13ab, 13cd-14",The Lord is just in all his ways.,2026-09-01,ng:2026-09-01:responsorial-psalm:1,Catholic Missal for Nigeria,1,verified
ng:usage:f63f979a74b08c453c1a,NG,temporal,,,ordinary-time,22,wednesday,,,I,"ps52:10,11","Ps 52:10, 11","I trust in the mercy of God, forever and ever.",,ps52_10_11,Catholic Daily RSVCE,1,verified-fallback
ng:usage:4dbd03e14b617ef0743d,NG,temporal,,,ordinary-time,22,wednesday,,,I,"ps52:8,9","Ps 52:8, 9",I trust in the kindness of God for ever.,,ps52_8_9,Catholic Daily RSVCE,2,verified-fallback
ng:usage:1ee7c7f05dc34e6f9928,NG,temporal,,,ordinary-time,22,wednesday,,,II,"ps33:12-13,14-15,20-21","Ps 33:12-13, 14-15, 20-21",Blessed the people the Lord has chosen for his heritage.,2026-09-02,ng:2026-09-02:responsorial-psalm:1,Catholic Missal for Nigeria,1,verified
ng:usage:bc48415a596e91782ca1,NG,temporal,,,ordinary-time,22,wednesday,,,II,"ps33:12-13,14-15,20-21","Ps 33:12-13, 14-15, 20-21",Happy the people the Lord has chosen to be his own.,,ng:reconstructed:2941b5d5a549b2b5,Catholic Missal for Nigeria,2,verified
ng:usage:d9fd54940072e0fd8124,NG,temporal,,,ordinary-time,23,friday,,,I,"ps16:1b-2a,5,7-8,11","Ps 16:1b-2a, 5, 7-8, 11","It is you, O Lord, who are my portion.",,ps16_1b_2a_5_7_8_11,Catholic Daily RSVCE,1,verified-fallback
ng:usage:2ab899527efe3b265e05,NG,temporal,,,ordinary-time,23,friday,,,I,"ps16:1-2a+5,7-8,11","Ps 16:1-2a+5, 7-8, 11","You are my inheritance, O Lord.",,ps16_1_2a_5_7_8_11,Catholic Daily RSVCE,2,verified-fallback
ng:usage:788e66f4fc3cb7112bf0,NG,temporal,,,ordinary-time,23,friday,,,II,"ps84:3,4,5-6,12","Ps 84:3, 4, 5-6, 12","How lovely is your dwelling place, O Lord of hosts!",2026-09-11,ng:2026-09-11:responsorial-psalm:1,Catholic Missal for Nigeria,1,verified
ng:usage:f5a6a908a04796301afe,NG,temporal,,,ordinary-time,23,friday,,,II,"ps84:2,3,4-5,11","Ps 84:2, 3, 4-5, 11","How lovely is your dwelling place, Lord, mighty God!",,ps84_2_3_4_5_11,Catholic Daily RSVCE,2,verified-fallback
ng:usage:448753bf36409db2f0bd,NG,temporal,,,ordinary-time,23,monday,,,I,"ps62:5-6,7b-8","Ps 62:5-6, 7b-8",In God is my safety and my glory.,,ps62_5_6_7b_8,Catholic Daily RSVCE,1,verified-fallback
ng:usage:87d2708e0c2b1ffd50a4,NG,temporal,,,ordinary-time,23,monday,,,II,"ps5:5-6,7,12","Ps 5:5-6, 7, 12","Lead me, Lord, in your justice.",2026-09-07,ng:2026-09-07:responsorial-psalm:1,Catholic Missal for Nigeria,1,verified
ng:usage:7c73a6475e992352af97,NG,temporal,,,ordinary-time,23,monday,,,II,"ps5:1+4,5-6,11","Ps 5:1+4, 5-6, 11","Lead me in your justice, Lord.",,ps5_1_4_5_6_11,Catholic Daily RSVCE,2,verified-fallback
ng:usage:d5c91d9a7eb106f84f54,NG,temporal,,,ordinary-time,23,saturday,,,I,"ps113:1b-2,3-4,5a,6-7","Ps 113:1b-2, 3-4, 5a, 6-7",May the name of the Lord be blest for evermore.,,ps113_1b_2_3_4_5a_6_7,Catholic Daily RSVCE,1,verified-fallback
ng:usage:563ef76e94d393d4fd05,NG,temporal,,,ordinary-time,23,saturday,,,I,"ps113:1-2,3-4,5a+6-7","Ps 113:1-2, 3-4, 5a+6-7",Blessed be the name of the Lord for ever.,,ps113_1_2_3_4_5a_6_7,Catholic Daily RSVCE,2,verified-fallback
ng:usage:75f31f162858b19064a2,NG,temporal,,,ordinary-time,23,saturday,,,II,"ps116:12-13,17-18","Ps 116:12-13, 17-18","A thanksgiving sacrifice I make to you, O Lord.",2026-09-12,ng:2026-09-12:responsorial-psalm:1,Catholic Missal for Nigeria,1,verified
ng:usage:9df154233e719210e3cb,NG,temporal,,,ordinary-time,23,saturday,,,II,"ps116:12-13,17-18","Ps 116:12-13, 17-18","To you, Lord, I will offer a sacrifice of praise.",,ps116_12_13_17_18,Catholic Daily RSVCE,2,verified-fallback
ng:usage:1c5381e9f83cd5a9970f,NG,temporal,,,ordinary-time,23,sunday,,A,,"ps95:1-2,6-7abc,7d-9","Ps 95:1-2, 6-7abc, 7d-9",O that today you would listen to his voice! Harden not your hearts.,2026-03-08,ng:2026-03-08:responsorial-psalm:1,Catholic Missal for Nigeria,1,verified
ng:usage:696ed2dffcd18bf721bf,NG,temporal,,,ordinary-time,23,sunday,,A,,"ps95:1-2,6-7,8-9","Ps 95:1-2, 6-7, 8-9","If today you hear his voice, harden not your hearts.",,ps95_1_2_6_7_8_9,Catholic Daily RSVCE,2,verified-fallback
ng:usage:600ad70149ce01fa8061,NG,temporal,,,ordinary-time,23,sunday,,B,,"ps146:7,8-9,9-10","Ps 146:7, 8-9, 9-10","Praise the Lord, my soul!",,ps146_7_8_9_9_10,Catholic Daily RSVCE,1,verified-fallback
ng:usage:812c3e21e43e8532d023,NG,temporal,,,ordinary-time,23,sunday,,C,,"ps90:3-4,5-6,12-13,14,17","Ps 90:3-4, 5-6, 12-13, 14, 17","O Lord, you have been our refuge, from generation to generation.",2026-09-24,ng:2026-09-24:responsorial-psalm:1,Catholic Missal for Nigeria,1,verified
ng:usage:288b7e82fdc18edbda7c,NG,temporal,,,ordinary-time,23,sunday,,C,,"ps90:3-4,5-6,12-13,14-17","Ps 90:3-4, 5-6, 12-13, 14-17","In every age, O Lord, you have been our refuge.",,ps90_3_4_5_6_12_13_14_17,Catholic Daily RSVCE,2,verified-fallback
ng:usage:d889c8094f7cc9fa8f52,NG,temporal,,,ordinary-time,23,thursday,,,I,"ps150:1b-2,3-4,5-6","Ps 150:1b-2, 3-4, 5-6",Let everything that breathes praise the Lord!,,ps150_1b_2_3_4_5_6,Catholic Daily RSVCE,1,verified-fallback
ng:usage:3caed7cb5b38d809e739,NG,temporal,,,ordinary-time,23,thursday,,,I,"ps150:1-2,3-4,5-6","Ps 150:1-2, 3-4, 5-6",Let everything that breathes praise the Lord.,,ps150_1_2_3_4_5_6,Catholic Daily RSVCE,2,verified-fallback
ng:usage:e9aa73bd39c86fdc5249,NG,temporal,,,ordinary-time,23,thursday,,,II,"ps139:1-3,13-14ab,23-24","Ps 139:1-3, 13-14ab, 23-24","Lead me, Lord, in the way everlasting.",2026-09-10,ng:2026-09-10:responsorial-psalm:1,Catholic Missal for Nigeria,1,verified
ng:usage:d1dffc602e88e8e29504,NG,temporal,,,ordinary-time,23,thursday,,,II,"ps139:1b-3,13-14ab,23-24","Ps 139:1b-3, 13-14ab, 23-24","Lead me, Lord, in the way everlasting.",,local_rsvce:expanded:7f7d048af30da62c,Catholic Daily RSVCE,2,verified-fallback
ng:usage:bc956a292273f0251926,NG,temporal,,,ordinary-time,23,thursday,,,II,"ps139:1-3,13-14ab,23-24","Ps 139:1-3, 13-14ab, 23-24","Guide me, Lord, along the everlasting way.",,ng:reconstructed:d33e0f6a19ff9352,Catholic Missal for Nigeria,3,verified
ng:usage:745f2d3b03e941fdeb94,NG,temporal,,,ordinary-time,23,tuesday,,,I,"ps145:1b-2,8-9,10-11","Ps 145:1b-2, 8-9, 10-11",How good is the Lord to all.,,ps145_1b_2_8_9_10_11,Catholic Daily RSVCE,1,verified-fallback
ng:usage:8ffa7803cb8005231ef8,NG,temporal,,,ordinary-time,23,tuesday,,,I,"ps145:1-2,8-9,10-11","Ps 145:1-2, 8-9, 10-11",The Lord is compassionate to all creatures.,,ps145_1_2_8_9_10_11,Catholic Daily RSVCE,2,verified-fallback
ng:usage:89d66cc63ffd5f7f598e,NG,temporal,,,ordinary-time,23,tuesday,,,II,"ps149:1b-2,3-4,5-6a,9b","Ps 149:1b-2, 3-4, 5-6a, 9b",The Lord takes delight in his people,,ps149_1b_2_3_4_5_6a_9b,Catholic Daily RSVCE,1,verified-fallback
ng:usage:9498ff5de31276a60121,NG,temporal,,,ordinary-time,23,tuesday,,,II,"ps149:1-2,3-4,5-6a+9b","Ps 149:1-2, 3-4, 5-6a+9b",The Lord takes delight in his people.,,ps149_1_2_3_4_5_6a_9b,Catholic Daily RSVCE,2,verified-fallback
ng:usage:3f195a72ba38912a172d,NG,temporal,,,ordinary-time,23,wednesday,,,I,"ps145:2-3,10-11,12-13ab","Ps 145:2-3, 10-11, 12-13ab",How good is the Lord to all.,,ps145_2_3_10_11_12_13ab,Catholic Daily RSVCE,1,verified-fallback
ng:usage:75e03e87c2d5c2a5413d,NG,temporal,,,ordinary-time,23,wednesday,,,I,"ps145:2-3,10-11,12-13ab","Ps 145:2-3, 10-11, 12-13ab",The Lord is compassionate to all creatures.,,ps145_2_3_10_11_12_13ab,Catholic Daily RSVCE,2,verified-fallback
ng:usage:3fef62cca8803ff286d7,NG,temporal,,,ordinary-time,23,wednesday,,,II,"ps45:11-12,14-15,16-17","Ps 45:11-12, 14-15, 16-17","Listen, O daughter; pay heed and give ear.",2026-09-09,ng:2026-09-09:responsorial-psalm:1,Catholic Missal for Nigeria,1,verified
ng:usage:c8c40445856bc390137d,NG,temporal,,,ordinary-time,23,wednesday,,,II,"ps45:10-11,13-14,15-16","Ps 45:10-11, 13-14, 15-16","Listen to me, daughter; see and bend your ear.",,ps45_10_11_13_14_15_16,Catholic Daily RSVCE,2,verified-fallback
ng:usage:f1443268d91459615cd1,NG,temporal,,,ordinary-time,24,friday,,,I,"ps49:6-7,8-10,17-18,19-20","Ps 49:6-7, 8-10, 17-18, 19-20","Blessed are the poor in spirit, for theirs is the kingdom of heaven.",,ps49_6_7_8_10_17_18_19_20,Catholic Daily RSVCE,1,verified-fallback
ng:usage:49e559966762c69f9fe4,NG,temporal,,,ordinary-time,24,friday,,,I,"ps49:5-6,7-9,16-17,18-19","Ps 49:5-6, 7-9, 16-17, 18-19",Blessed are the poor in spirit;,,ps49_5_6_7_9_16_17_18_19,Catholic Daily RSVCE,2,verified-fallback
ng:usage:6bec5bb1c0413c306850,NG,temporal,,,ordinary-time,24,friday,,,II,"ps17:1,6-7,8,15","Ps 17:1, 6-7, 8, 15","When I awake, I shall be filled with the vision of your presence, O Lord.",2026-09-18,ng:2026-09-18:responsorial-psalm:1,Catholic Missal for Nigeria,1,verified
ng:usage:296529f845db736c5f5b,NG,temporal,,,ordinary-time,24,friday,,,II,"ps17:1bcd,6-7,8b,15","Ps 17:1bcd, 6-7, 8b, 15","When I awake, O Lord, I shall be filled with the vision of your presence",,local_rsvce:expanded:c67d46996d2789f0,Catholic Daily RSVCE,2,verified-fallback
ng:usage:742f8fadddad0caa3f92,NG,temporal,,,ordinary-time,24,friday,,,II,"ps17:1,6-7,8b+15","Ps 17:1, 6-7, 8b+15","Lord, when your glory appears, my joy will be full.",,ps17_1_6_7_8b_15,Catholic Daily RSVCE,3,verified-fallback
ng:usage:9e4e3c2997c74f01015f,NG,temporal,,,ordinary-time,24,monday,,,I,"ps28:2,7,8-9","Ps 28:2, 7, 8-9","Blest be the Lord, for he has heard the sound of my appeal.",,ps28_2_7_8_9,Catholic Daily RSVCE,1,verified-fallback
ng:usage:7d7941d4ee4156282792,NG,temporal,,,ordinary-time,24,monday,,,I,"ps28:2,7,8-9","Ps 28:2, 7, 8-9",Blest be the Lord for he has heard my prayer.,,ps28_2_7_8_9,Catholic Daily RSVCE,2,verified-fallback
ng:usage:288902fc76834a75da53,NG,temporal,,,ordinary-time,24,monday,,,II,"ps40:7-8a,8b-9,10,17","Ps 40:7-8a, 8b-9, 10, 17",Proclaim the Lord’s death until he comes.,,ps40_7_8a_8b_9_10_17,Catholic Daily RSVCE,1,verified-fallback
ng:usage:963272b87db007d1ee82,NG,temporal,,,ordinary-time,24,monday,,,II,"ps40:6-7a,7b-8,9,16","Ps 40:6-7a, 7b-8, 9, 16",Proclaim the death of the Lord until he comes again.,,ps40_6_7a_7b_8_9_16,Catholic Daily RSVCE,2,verified-fallback
ng:usage:6078627d2f22044db6fc,NG,temporal,,,ordinary-time,24,saturday,,,I,"ps100:1b-2,3,4,5","Ps 100:1b-2, 3, 4, 5","Come before the Lord, Singing for Joy.",,ps100_1b_2_3_4_5,Catholic Daily RSVCE,1,verified-fallback
ng:usage:8a36f1fd07e05c888244,NG,temporal,,,ordinary-time,24,saturday,,,I,"ps100:1-2,3,4,5","Ps 100:1-2, 3, 4, 5",Come with joy into the presence of the Lord.,,ng:reconstructed:cdebe904ba890cad,Catholic Missal for Nigeria,2,verified
ng:usage:6084eac5338a3d2277d6,NG,temporal,,,ordinary-time,24,saturday,,,II,"ps56:10,11-12,13-14","Ps 56:10, 11-12, 13-14","I will walk in the presence of God, in the light of the living.",2026-09-19,ng:2026-09-19:responsorial-psalm:1,Catholic Missal for Nigeria,1,verified
ng:usage:4370d0ce815de74b7042,NG,temporal,,,ordinary-time,24,saturday,,,II,"ps56:3-4,9b-11,12-13","Ps 56:3-4, 9b-11, 12-13","I will walk in the presence of God,",,ps56_3_4_9b_11_12_13,Catholic Daily RSVCE,2,verified-fallback
ng:usage:a3e2f10445600320abaa,NG,temporal,,,ordinary-time,24,sunday,,A,,"ps103:1-2,3-4,9-10,11-12","Ps 103:1-2, 3-4, 9-10, 11-12","The Lord is compassionate and gracious,",2026-03-07,ng:2026-03-07:responsorial-psalm:1,Catholic Missal for Nigeria,1,verified
ng:usage:26622918407336df20a4,NG,temporal,,,ordinary-time,24,sunday,,A,,"ps103:1-2,3-4,9-10,11-12","Ps 103:1-2, 3-4, 9-10, 11-12","The Lord is kind and merciful, slow to anger, and rich",,ng:reconstructed:f63a486e98d75b2d,Catholic Missal for Nigeria,2,verified
ng:usage:689ef29d33df21f54dc8,NG,temporal,,,ordinary-time,24,sunday,,B,,"ps116:1-2,3-4,5-6,8-9","Ps 116:1-2, 3-4, 5-6, 8-9",I will walk in the presence of the Lord in the land of the living.,,ps116_1_2_3_4_5_6_8_9,Catholic Daily RSVCE,1,verified-fallback
ng:usage:864e4843f6889ce51463,NG,temporal,,,ordinary-time,24,sunday,,B,,"ps116:1-2,3-4,5-6,8-9","Ps 116:1-2, 3-4, 5-6, 8-9","I will walk before the Lord, in the land of the living.",,ps116_1_2_3_4_5_6_8_9,Catholic Daily RSVCE,2,verified-fallback
ng:usage:a2f74121c0237e9696a1,NG,temporal,,,ordinary-time,24,sunday,,C,,"ps51:3-4,12-13,17,19","Ps 51:3-4, 12-13, 17, 19",I will rise and go to my father.,,ps51_3_4_12_13_17_19,Catholic Daily RSVCE,1,verified-fallback
ng:usage:3c8a648f2db615480285,NG,temporal,,,ordinary-time,24,thursday,,,I,"ps111:7-8,9,10","Ps 111:7-8, 9, 10",Great are the works of the Lord.,,ps111_7_8_9_10,Catholic Daily RSVCE,1,verified-fallback
ng:usage:b85510fd0c7e1d03e320,NG,temporal,,,ordinary-time,24,thursday,,,I,"ps111:7-8,9,10","Ps 111:7-8, 9, 10",How great are the works of the Lord!,,ps111_7_8_9_10,Catholic Daily RSVCE,2,verified-fallback
ng:usage:2ff4b94f9ffb63706b77,NG,temporal,,,ordinary-time,24,thursday,,,II,"ps118:1-2,15c-17,28","Ps 118:1-2, 15c-17, 28","Give praise to the Lord, for he is good.",2026-09-17,ng:2026-09-17:responsorial-psalm:1,Catholic Missal for Nigeria,1,verified
ng:usage:436b271b137d48a98432,NG,temporal,,,ordinary-time,24,thursday,,,II,"ps118:1-2,16ab-17,21+28","Ps 118:1-2, 16ab-17, 21+28","Give thanks, for the Lord is good.",,ps118_1_2_16ab_17_21_28,Catholic Daily RSVCE,2,verified-fallback
ng:usage:5bcb0a02e1fa0b03e1be,NG,temporal,,,ordinary-time,24,tuesday,,,I,"ps101:1b-2ab,2cd-3ab,5,6","Ps 101:1b-2ab, 2cd-3ab, 5, 6",I will walk with blameless heart.,,ps101_1b_2ab_2cd_3ab_5_6,Catholic Daily RSVCE,1,verified-fallback
ng:usage:57d1eb0074b0ef466c2b,NG,temporal,,,ordinary-time,24,tuesday,,,I,"ps101:1-2ab,2cd-3ab,5,6","Ps 101:1-2ab, 2cd-3ab, 5, 6",I will walk with blameless heart.,,ps101_1_2ab_2cd_3ab_5_6,Catholic Daily RSVCE,2,verified-fallback
ng:usage:8b12a11288a0c62b7e17,NG,temporal,,,ordinary-time,24,tuesday,,,II,"ps100:1-2,3,4,5","Ps 100:1-2, 3, 4, 5","We are his people, the sheep of his flock.",2026-09-15,ng:2026-09-15:responsorial-psalm:1,Catholic Missal for Nigeria,1,verified
ng:usage:2edbed1665126a3b1683,NG,temporal,,,ordinary-time,24,tuesday,,,II,"ps100:1b-2,3,4,5","Ps 100:1b-2, 3, 4, 5","We are his people, the sheep of his flock.",,ps100_1b_2_3_4_5,Catholic Daily RSVCE,2,verified-fallback
ng:usage:e47a1e4e872046555ec6,NG,temporal,,,ordinary-time,24,wednesday,,,I,"ps111:1-2,3-4,5-6","Ps 111:1-2, 3-4, 5-6",Great are the works of the Lord.,,ps111_1_2_3_4_5_6,Catholic Daily RSVCE,1,verified-fallback
ng:usage:9c152f0716fb3c760020,NG,temporal,,,ordinary-time,24,wednesday,,,I,"ps111:1-2,3-4,5-6","Ps 111:1-2, 3-4, 5-6",How great are the works of the Lord!,,ps111_1_2_3_4_5_6,Catholic Daily RSVCE,2,verified-fallback
ng:usage:009bdd3a8d3056572937,NG,temporal,,,ordinary-time,24,wednesday,,,II,"ps33:2-3,4-5,12,22","Ps 33:2-3, 4-5, 12, 22",Blessed the people the Lord has chosen as his heritage.,2026-09-16,ng:2026-09-16:responsorial-psalm:1,Catholic Missal for Nigeria,1,verified
ng:usage:22afb12e333a6999f6bf,NG,temporal,,,ordinary-time,24,wednesday,,,II,"ps33:2-3,43-5,12+22","Ps 33:2-3, 43-5, 12+22",Happy the people the Lord has chosen to be his own.,,ps33_2_3_43_5_12_22,Catholic Daily RSVCE,2,verified-fallback
ng:usage:b83a357c3224f798e4ad,NG,temporal,,,ordinary-time,25,friday,,,I,"ps43:1,2,3,4","Ps 43:1, 2, 3, 4","Hope in God; I will praise him yet again, my saving presence and my God",,ps43_1_2_3_4,Catholic Daily RSVCE,1,verified-fallback
ng:usage:8da85f8332274c51aa38,NG,temporal,,,ordinary-time,25,friday,,,I,"ps43:1,2,3,4","Ps 43:1, 2, 3, 4","Hope in God, I will praise him,",,ps43_1_2_3_4,Catholic Daily RSVCE,2,verified-fallback
ng:usage:a8afef280a08918a5f4a,NG,temporal,,,ordinary-time,25,friday,,,II,"ps144:1a,2abc,3-4","Ps 144:1a, 2abc, 3-4","Blest be the Lord, my rock!",2026-09-25,ng:2026-09-25:responsorial-psalm:1,Catholic Missal for Nigeria,1,verified
ng:usage:60fa9d8aae6d49869e09,NG,temporal,,,ordinary-time,25,friday,,,II,"ps144:1b,2abc,3-4","Ps 144:1b, 2abc, 3-4","Blest be the Lord, my rock.",,local_rsvce:expanded:4adf26ea26b58032,Catholic Daily RSVCE,2,verified-fallback
ng:usage:be54294386baf02b4ad8,NG,temporal,,,ordinary-time,25,friday,,,II,"ps144:1a+2abc,3-4,9+15b","Ps 144:1a+2abc, 3-4, 9+15b","Blessed be the Lord, my rock.",,ps144_1a_2abc_3_4_9_15b,Catholic Daily RSVCE,3,verified-fallback
ng:usage:e9e3bbaf19e047a9993c,NG,temporal,,,ordinary-time,25,monday,,,I,"ps126:1b-2ab,2cd-3,4-5,6","Ps 126:1b-2ab, 2cd-3, 4-5, 6",What great deeds the Lord worked for us!,,ps126_1b_2ab_2cd_3_4_5_6,Catholic Daily RSVCE,1,verified-fallback
ng:usage:d9500d49962f82976fe7,NG,temporal,,,ordinary-time,25,monday,,,I,"ps126:1-2ab,2cd-3,4-5,6","Ps 126:1-2ab, 2cd-3, 4-5, 6",The Lord has done great things for us.,,ng:reconstructed:001b0aae199b9348,Catholic Missal for Nigeria,2,verified
ng:usage:f12dfa2e325b8bbcbad2,NG,temporal,,,ordinary-time,25,monday,,,II,"ps15:2-3a,3bc-4ab,5","Ps 15:2-3a, 3bc-4ab, 5","Who shall dwell on your holy mountain, O Lord?",,ng:reconstructed:2291b2873a45ea72,Catholic Missal for Nigeria,1,verified
ng:usage:858f200f2207826b681b,NG,temporal,,,ordinary-time,25,monday,,,II,"ps15:1b-3a,3b-4a,4b-5","Ps 15:1b-3a, 3b-4a, 4b-5","The just shall live on your holy mountain, O Lord.",,ps15_1b_3a_3b_4a_4b_5,Catholic Daily RSVCE,2,verified-fallback
ng:usage:19311a93106558b4128c,NG,temporal,,,ordinary-time,25,saturday,,,I,"jeremiah31:10,11-12ab,13","Jer 31:10, 11-12ab, 13",The Lord will guard us as a shepherd guards his flock.,,local_rsvce:expanded:bba65b319a934b72,Catholic Daily RSVCE,1,verified-fallback
ng:usage:92755dc356dc3a0eed23,NG,temporal,,,ordinary-time,25,saturday,,,II,"ps90:3-4,5-6,12-13,14,17","Ps 90:3-4, 5-6, 12-13, 14, 17","O Lord, you have been our refuge, from generation to generation.",2026-09-24,ng:2026-09-24:responsorial-psalm:1,Catholic Missal for Nigeria,1,verified
ng:usage:cd9230998850b46ecedf,NG,temporal,,,ordinary-time,25,saturday,,,II,"ps90:3-4,5-6,12-13,14+17","Ps 90:3-4, 5-6, 12-13, 14+17","In every age, O Lord, you have been our refuge.",,local_rsvce:expanded:4f5072e08c67f65e,Catholic Daily RSVCE,2,verified-fallback
ng:usage:fd878cedd85564632fa5,NG,temporal,,,ordinary-time,25,sunday,,A,,"ps145:2-3,8-9,17-18","Ps 145:2-3, 8-9, 17-18",The Lord is close to all who call him.,2026-09-20,ng:2026-09-20:responsorial-psalm:1,Catholic Missal for Nigeria,1,verified
ng:usage:50d0ebafa33e1fddafa8,NG,temporal,,,ordinary-time,25,sunday,,A,,"ps145:2-3,8-9,17-18","Ps 145:2-3, 8-9, 17-18",The Lord is near to all who call upon him.,,ng:reconstructed:7da00413cdf894dd,Catholic Missal for Nigeria,2,verified
ng:usage:ed8b0cc78e2854869c39,NG,temporal,,,ordinary-time,25,sunday,,B,,"ps54:3-4,5,6,8","Ps 54:3-4, 5, 6, 8","Behold, the Lord is the upholder of my life.",,ps54_3_4_5_6_8__alias_d64d4c76cada,Catholic Daily RSVCE,1,verified-fallback
ng:usage:ee38dc6cb4ab76894750,NG,temporal,,,ordinary-time,25,sunday,,B,,"ps54:3-4,5,6-8","Ps 54:3-4, 5, 6-8",The Lord upholds my life.,,ps54_3_4_5_6_8,Catholic Daily RSVCE,2,verified-fallback
ng:usage:5730e66e427434c47de0,NG,temporal,,,ordinary-time,25,sunday,,C,,"ps113:1-2,4-6,7-8","Ps 113:1-2, 4-6, 7-8","Praise the Lord, who raises the poor from the dust",,ps113_1_2_4_6_7_8,Catholic Daily RSVCE,1,verified-fallback
ng:usage:bcc8adb95a6a85403985,NG,temporal,,,ordinary-time,25,sunday,,C,,"ps113:1-2,4-6,7-8","Ps 113:1-2, 4-6, 7-8",Praise the Lord who lifts up the poor.,,ps113_1_2_4_6_7_8,Catholic Daily RSVCE,2,verified-fallback
ng:usage:ddd231f85d88679624e0,NG,temporal,,,ordinary-time,25,thursday,,,I,"ps149:1b-2,3-4,5-6a,9b","Ps 149:1b-2, 3-4, 5-6a, 9b",The Lord takes delight in his people.,,ps149_1b_2_3_4_5_6a_9b,Catholic Daily RSVCE,1,verified-fallback
ng:usage:19ee1568d5a8c67d8ada,NG,temporal,,,ordinary-time,25,thursday,,,I,"ps149:1-2,3-4,5-6a+9b","Ps 149:1-2, 3-4, 5-6a+9b",The Lord takes delight in his people.,,ps149_1_2_3_4_5_6a_9b,Catholic Daily RSVCE,2,verified-fallback
ng:usage:7559f0e59b8071a228d4,NG,temporal,,,ordinary-time,25,thursday,,,II,"ps90:3-4,5-6,12-13,14,17","Ps 90:3-4, 5-6, 12-13, 14, 17","O Lord, you have been our refuge, from generation to generation.",2026-09-24,ng:2026-09-24:responsorial-psalm:1,Catholic Missal for Nigeria,1,verified
ng:usage:ed299f9bd14463ee1ff5,NG,temporal,,,ordinary-time,25,thursday,,,II,"ps90:3-4,5-6,12-13,14,17bc","Ps 90:3-4, 5-6, 12-13, 14, 17bc","O Lord, you have been our refuge, from generation to generation.",,local_rsvce:expanded:0a862c6a054805ef,Catholic Daily RSVCE,2,verified-fallback
ng:usage:778375c7d1f7bfd6abbf,NG,temporal,,,ordinary-time,25,thursday,,,II,"ps90:3-4,5-6,12-13,14+17","Ps 90:3-4, 5-6, 12-13, 14+17","In every age, O Lord, you have been our refuge.",,local_rsvce:expanded:4f5072e08c67f65e,Catholic Daily RSVCE,3,verified-fallback
ng:usage:f0f4a2ccfd006682c3ff,NG,temporal,,,ordinary-time,25,tuesday,,,I,"ps122:1-2,3-4ab,4cd-5","Ps 122:1-2, 3-4ab, 4cd-5",Let us go rejoicing to the house of the Lord.,2026-05-06,ng:2026-05-06:responsorial-psalm:1,Catholic Missal for Nigeria,1,verified
ng:usage:d46911056e0bb712c287,NG,temporal,,,ordinary-time,25,tuesday,,,I,"ps122:1-2,3-4a,4b-5","Ps 122:1-2, 3-4a, 4b-5",Let us go rejoicing to the house of the Lord.,,ps122_1_2_3_4a_4b_5,Catholic Daily RSVCE,2,verified-fallback
ng:usage:a1471bdf39dd19772994,NG,temporal,,,ordinary-time,25,tuesday,,,II,"ps119:1,27,30,34,35,44","Ps 119:1, 27, 30, 34, 35, 44","Guide me, Lord, in the path of your commands.",2026-09-22,ng:2026-09-22:responsorial-psalm:1,Catholic Missal for Nigeria,1,verified
ng:usage:6f9271a39dfe7ec4e069,NG,temporal,,,ordinary-time,25,tuesday,,,II,"ps119:1+27,30+34,35+44","Ps 119:1+27, 30+34, 35+44","Guide me, Lord, in the way of your commands.",,ps119_1_27_30_34_35_44,Catholic Daily RSVCE,2,verified-fallback
ng:usage:29d6ab0ecb18c61366c5,NG,temporal,,,ordinary-time,25,wednesday,,,I,"tobit13:2,3-4a,6,8","Tobit 13:2, 3-4a, 6, 8","Blessed be God, who lives for ever.",,local_rsvce:expanded:dfb559d3feed579a,Catholic Daily RSVCE,1,verified-fallback
ng:usage:cd8438009f74ae745f75,NG,temporal,,,ordinary-time,25,wednesday,,,II,"ps119:29,72,89,101,104,163","Ps 119:29, 72, 89, 101, 104, 163","Your word is a lamp for my feet, Lord.",2026-09-23,ng:2026-09-23:responsorial-psalm:1,Catholic Missal for Nigeria,1,verified
ng:usage:243012a0e2f52d3d69ba,NG,temporal,,,ordinary-time,25,wednesday,,,II,"ps119:29,72,89,101,104,163","Ps 119:29, 72, 89, 101, 104, 163","Your word is lamp for my feet, Lord.",,ng:reconstructed:6cf7427f932eadde,Catholic Missal for Nigeria,2,verified
ng:usage:2b2c272cb0d1f77ab76f,NG,temporal,,,ordinary-time,25,wednesday,,,II,"ps119:29+72,89+101,104+163","Ps 119:29+72, 89+101, 104+163","Your word, O Lord, is a lamp for my feet.",,ps119_29_72_89_101_104_163,Catholic Daily RSVCE,3,verified-fallback
ng:usage:2aae9681286ca9eba36f,NG,temporal,,,ordinary-time,26,friday,,,I,"ps79:1b-2,3-5,8,9","Ps 79:1b-2, 3-5, 8, 9","For the sake of the glory of your name, free us O Lord.",,ps79_1b_2_3_5_8_9,Catholic Daily RSVCE,1,verified-fallback
ng:usage:635b3bc2e5c8d46fc6b5,NG,temporal,,,ordinary-time,26,friday,,,I,"ps79:1-2,3-4,5+8,9","Ps 79:1-2, 3-4, 5+8, 9","For the glory of your name, O Lord, deliver us.",,ps79_1_2_3_4_5_8_9,Catholic Daily RSVCE,2,verified-fallback
ng:usage:b5762fba4a73c2a345c4,NG,temporal,,,ordinary-time,26,friday,,,II,"ps139:1-3,7-8,9-10,13-14ab","Ps 139:1-3, 7-8, 9-10, 13-14ab","Lead me, Lord, in the way everlasting.",2026-10-02,ng:2026-10-02:responsorial-psalm:1,Catholic Missal for Nigeria,1,verified
ng:usage:c91a4ca5eb81b29e2c57,NG,temporal,,,ordinary-time,26,friday,,,II,"ps139:1-3,7-8,9-10,13-14ab","Ps 139:1-3, 7-8, 9-10, 13-14ab","Guide me, Lord, along the everlasting way.",,ng:reconstructed:255a576a1a2405d5,Catholic Missal for Nigeria,2,verified
ng:usage:69a92b316d38a686027d,NG,temporal,,,ordinary-time,26,monday,,,I,"ps102:15-17,18-20,28+21-22","Ps 102:15-17, 18-20, 28+21-22","The Lord will build up Zion again,",,ps102_15_17_18_20_28_21_22,Catholic Daily RSVCE,1,verified-fallback
ng:usage:46b64ae6d875cc3098f9,NG,temporal,,,ordinary-time,26,monday,,,II,"ps17:1,2-3,6-7","Ps 17:1, 2-3, 6-7","Lord, turn your ear to me; hear my words.",2026-09-28,ng:2026-09-28:responsorial-psalm:1,Catholic Missal for Nigeria,1,verified
ng:usage:60865add06a95a1c42db,NG,temporal,,,ordinary-time,26,monday,,,II,"ps17:1bcd,2-3,6-7","Ps 17:1bcd, 2-3, 6-7","Lord, turn your ear to me; hear my words.",,local_rsvce:expanded:eb7cf7255dce468e,Catholic Daily RSVCE,2,verified-fallback
ng:usage:138f76de375db9428a07,NG,temporal,,,ordinary-time,26,monday,,,II,"ps17:1,2-3,6-7","Ps 17:1, 2-3, 6-7","Lord, bend your ear and hear my prayer.",,ng:reconstructed:b0e047740b53a512,Catholic Missal for Nigeria,3,verified
ng:usage:00c255fd921fc708901b,NG,temporal,,,ordinary-time,26,saturday,,,I,"ps69:33-35,36-37","Ps 69:33-35, 36-37",The Lord listens to the needy.,,ps69_33_35_36_37,Catholic Daily RSVCE,1,verified-fallback
ng:usage:cb91b73b78ae6862ddc7,NG,temporal,,,ordinary-time,26,saturday,,,I,"ps69:29+32,33-34,35-36","Ps 69:29+32, 33-34, 35-36",The Lord listens to the poor.,,ps69_29_32_33_34_35_36,Catholic Daily RSVCE,2,verified-fallback
ng:usage:0778fd8ce8dc6084fbb5,NG,temporal,,,ordinary-time,26,saturday,,,II,"ps119:66,71,75,91,125,130","Ps 119:66, 71, 75, 91, 125, 130","O Lord, let your face shine forth on your servant.",2026-10-03,ng:2026-10-03:responsorial-psalm:1,Catholic Missal for Nigeria,1,verified
ng:usage:846103ce3535e2e218f1,NG,temporal,,,ordinary-time,26,saturday,,,II,"ps119:66+71,75+91,125+130","Ps 119:66+71, 75+91, 125+130","Lord, let your face shine on me.",,ps119_66_71_75_91_125_130,Catholic Daily RSVCE,2,verified-fallback
ng:usage:7d07894e6b311936170e,NG,temporal,,,ordinary-time,26,sunday,,A,,"ps25:4-5,6-7,8-9","Ps 25:4-5, 6-7, 8-9","Remember your compassion, O Lord.",2026-09-27,ng:2026-09-27:responsorial-psalm:1,Catholic Missal for Nigeria,1,verified
ng:usage:81167f4ef73a750878ef,NG,temporal,,,ordinary-time,26,sunday,,A,,"ps25:4-5,8-9,10,14","Ps 25:4-5, 8-9, 10, 14","Remember your mercies, O Lord.",,ps25_4_5_8_9_10_14,Catholic Daily RSVCE,2,verified-fallback
ng:usage:9573d6d9acba82af5657,NG,temporal,,,ordinary-time,26,sunday,,B,,"ps19:8,10,12-13,14","Ps 19:8, 10, 12-13, 14",The precepts of the Lord are right; they gladden the heart.,,ps19_8_10_12_13_14,Catholic Daily RSVCE,1,verified-fallback
ng:usage:75971fe4a82624d9d24f,NG,temporal,,,ordinary-time,26,sunday,,B,,"ps19:8,10,12-13,14","Ps 19:8, 10, 12-13, 14",The precepts of the Lord give joy to the heart.,,ps19_8_10_12_13_14,Catholic Daily RSVCE,2,verified-fallback
ng:usage:a3e74bb64c9fa40fcda0,NG,temporal,,,ordinary-time,26,sunday,,C,,"ps146:7,8-9,9-10","Ps 146:7, 8-9, 9-10","Come, Lord and save us",,ps146_7_8_9_9_10,Catholic Daily RSVCE,1,verified-fallback
ng:usage:91475fd07ab9869e9715,NG,temporal,,,ordinary-time,26,sunday,,C,,"ps146:7,8-9,9-10","Ps 146:7, 8-9, 9-10","Praise the Lord, my soul!",,ps146_7_8_9_9_10,Catholic Daily RSVCE,2,verified-fallback
ng:usage:171f1fdec8c02aaefb13,NG,temporal,,,ordinary-time,26,thursday,,,I,"ps19:7,8,9,10","Ps 19:7, 8, 9, 10",The precepts of the Lord give joy to the heart.,,ps19_7_8_9_10,Catholic Daily RSVCE,1,verified-fallback
ng:usage:948422ab7ec67037e770,NG,temporal,,,ordinary-time,26,thursday,,,II,"ps27:7-8a,8b-9abc,13-14","Ps 27:7-8a, 8b-9abc, 13-14",I believe I shall see the Lord’s goodness in the land of the living,,ps27_7_8a_8b_9abc_13_14,Catholic Daily RSVCE,1,verified-fallback
ng:usage:5542b5a5360e8cacbb22,NG,temporal,,,ordinary-time,26,thursday,,,II,"ps27:7-8a,8b-9abc,13-14","Ps 27:7-8a, 8b-9abc, 13-14",I believe that I shall see the good things of the Lord,,ps27_7_8a_8b_9abc_13_14,Catholic Daily RSVCE,2,verified-fallback
ng:usage:8ebab508db11bf85467a,NG,temporal,,,ordinary-time,26,tuesday,,,I,"ps87:1b-3,4-5,6-7","Ps 87:1b-3, 4-5, 6-7",God is with us.,,ps87_1b_3_4_5_6_7,Catholic Daily RSVCE,1,verified-fallback
ng:usage:81e6f62990aea132ede6,NG,temporal,,,ordinary-time,26,tuesday,,,I,"ps87:1-3,4-5,6-7","Ps 87:1-3, 4-5, 6-7",God is with us.,,ps87_1_3_4_5_6_7,Catholic Daily RSVCE,2,verified-fallback
ng:usage:e3f5fc7d953a7b25bcd6,NG,temporal,,,ordinary-time,26,tuesday,,,II,"ps88:1-2,3-4,5,6-7","Ps 88:1-2, 3-4, 5, 6-7","Let my prayer come before you, Lord.",,ps88_1_2_3_4_5_6_7,Catholic Daily RSVCE,1,verified-fallback
ng:usage:43e80821948fb2b8dbc4,NG,temporal,,,ordinary-time,26,wednesday,,,I,"ps137:1-2,3,4-5,6","Ps 137:1-2, 3, 4-5, 6","Let my tongue be silenced, if I ever forget you!",,ng:reconstructed:b05498c1207b96ce,Catholic Missal for Nigeria,1,verified
ng:usage:7a6a9956b96cae2b48a8,NG,temporal,,,ordinary-time,26,wednesday,,,II,"ps88:10bc-11,12-13,14-15","Ps 88:10bc-11, 12-13, 14-15","Let my prayer come into your presence, O Lord.",2026-09-30,ng:2026-09-30:responsorial-psalm:1,Catholic Missal for Nigeria,1,verified
ng:usage:536ea8e34f9c8c868bcd,NG,temporal,,,ordinary-time,26,wednesday,,,II,"ps88:9bc-10,11-12,13-14","Ps 88:9bc-10, 11-12, 13-14","Let my prayer come before you, Lord.",,ps88_9bc_10_11_12_13_14,Catholic Daily RSVCE,2,verified-fallback
ng:usage:f1c918d351afbd7178c0,NG,temporal,,,ordinary-time,27,friday,,,I,"ps9:2-3,6,16,8-9","Ps 9:2-3, 6, 16, 8-9",The Lord will judge the world with justice,,ps9_2_3_6_16_8_9,Catholic Daily RSVCE,1,verified-fallback
ng:usage:a9203aab1d99dc361b66,NG,temporal,,,ordinary-time,27,friday,,,I,"ps9:1-2,5+15,7-8","Ps 9:1-2, 5+15, 7-8",The Lord will judge the world with justice.,,ps9_1_2_5_15_7_8,Catholic Daily RSVCE,2,verified-fallback
ng:usage:b563e0bdb42e7fefe858,NG,temporal,,,ordinary-time,27,friday,,,II,"ps111:1b-2,3-4,5-6","Ps 111:1b-2, 3-4, 5-6",He keeps his covenant ever in mind.,2026-10-09,ng:2026-10-09:responsorial-psalm:1,Catholic Missal for Nigeria,1,verified
ng:usage:7bf4422d99db16753d06,NG,temporal,,,ordinary-time,27,friday,,,II,"ps111:1b-2,3-4,5-6","Ps 111:1b-2, 3-4, 5-6",The Lord keeps his covenant ever in mind.,,ps111_1b_2_3_4_5_6,Catholic Daily RSVCE,2,verified-fallback
ng:usage:5381bc445bf5efa85010,NG,temporal,,,ordinary-time,27,friday,,,II,"ps111:1-2,3-4,5-6","Ps 111:1-2, 3-4, 5-6",The Lord will remember his covenant for ever.,,ps111_1_2_3_4_5_6,Catholic Daily RSVCE,3,verified-fallback
ng:usage:9ccded0d913cd6237725,NG,temporal,,,ordinary-time,27,monday,,,I,"jonah2:3,4,5,8","Jonah 2:3, 4, 5, 8","You will rescue my life from the pit, O Lord.",,jonah2_3_4_5_8,Catholic Daily RSVCE,1,verified-fallback
ng:usage:3cfb2538f0c062687223,NG,temporal,,,ordinary-time,27,monday,,,II,"ps111:1b-2,7-8,9,10c","Ps 111:1b-2, 7-8, 9, 10c",The Lord keeps his covenant ever in mind.,2026-10-05,ng:2026-10-05:responsorial-psalm:1,Catholic Missal for Nigeria,1,verified
ng:usage:bef8a0321045f513b187,NG,temporal,,,ordinary-time,27,monday,,,II,"ps111:1-2,7-8,9+10c","Ps 111:1-2, 7-8, 9+10c",The Lord will remember his covenant for ever.,,ps111_1_2_7_8_9_10c,Catholic Daily RSVCE,2,verified-fallback
ng:usage:e255495797a16aa6d2e0,NG,temporal,,,ordinary-time,27,saturday,,,I,"ps97:1-2,5-6,11-12","Ps 97:1-2, 5-6, 11-12","Rejoice in the Lord, you just.",2025-12-27,ng:2025-12-27:responsorial-psalm:1,Catholic Missal for Nigeria,1,verified
ng:usage:0532b6895d1dae99ff8f,NG,temporal,,,ordinary-time,27,saturday,,,I,"ps97:1-2,5-6,11-12","Ps 97:1-2, 5-6, 11-12",Let the just rejoice in the Lord.,,ng:reconstructed:c7b8960928c5f622,Catholic Missal for Nigeria,2,verified
ng:usage:fd626a4ceb7f8bfc2e37,NG,temporal,,,ordinary-time,27,saturday,,,II,"ps105:2-3,4-5,6-7","Ps 105:2-3, 4-5, 6-7",The Lord remembers his covenant forever.,2026-10-10,ng:2026-10-10:responsorial-psalm:1,Catholic Missal for Nigeria,1,verified
ng:usage:1ed63296ae8756a239c2,NG,temporal,,,ordinary-time,27,saturday,,,II,"ps105:2-3,4-5,6-7","Ps 105:2-3, 4-5, 6-7",The Lord remembers his covenant forever. or: Alleluia.,,ps105_2_3_4_5_6_7,Catholic Daily RSVCE,2,verified-fallback
ng:usage:55d3b11469d1486e6985,NG,temporal,,,ordinary-time,27,saturday,,,II,"ps105:2-3,4-5,6-7","Ps 105:2-3, 4-5, 6-7",The Lord remembers his covenant for ever.,,ps105_2_3_4_5_6_7,Catholic Daily RSVCE,3,verified-fallback
ng:usage:8a30e5e99669b8d4cf72,NG,temporal,,,ordinary-time,27,sunday,,A,,"ps80:8,11,12-13,14-15,17b,18-19","Ps 80:8, 11, 12-13, 14-15, 17b, 18-19",The vineyard of the Lord of hosts is the house of Israel.,2026-10-04,ng:2026-10-04:responsorial-psalm:1,Catholic Missal for Nigeria,1,verified
ng:usage:efad05c59e2fb69a4c74,NG,temporal,,,ordinary-time,27,sunday,,A,,"ps80:9,12,13-14,15-16,19-20","Ps 80:9, 12, 13-14, 15-16, 19-20",The vineyard of the Lord is the house of Israel.,,ps80_9_12_13_14_15_16_19_20,Catholic Daily RSVCE,2,verified-fallback
ng:usage:856495eb18eaeaad4ce8,NG,temporal,,,ordinary-time,27,sunday,,B,,"ps128:1-2,3,4-5,6","Ps 128:1-2, 3, 4-5, 6",May the Lord bless us all the days of our lives.,,ps128_1_2_3_4_5_6,Catholic Daily RSVCE,1,verified-fallback
ng:usage:69dc581da459767b8597,NG,temporal,,,ordinary-time,27,sunday,,C,,"ps95:1-2,6-7,8-9","Ps 95:1-2, 6-7, 8-9",O that today you would listen to his voice! Harden not your hearts,,ps95_1_2_6_7_8_9,Catholic Daily RSVCE,1,verified-fallback
ng:usage:bd3df68e8d4b35f3197c,NG,temporal,,,ordinary-time,27,sunday,,C,,"ps95:1-2,6-7,8-9","Ps 95:1-2, 6-7, 8-9","If today you hear his voice, harden not your hearts.",,ps95_1_2_6_7_8_9,Catholic Daily RSVCE,2,verified-fallback
ng:usage:50d4443ca00ed0a06063,NG,temporal,,,ordinary-time,27,thursday,,,I,"ps1:1-2,3,4,6","Ps 1:1-2, 3, 4, 6",Blessed the man who has placed his trust in the Lord.,2026-03-05,ng:2026-03-05:responsorial-psalm:1,Catholic Missal for Nigeria,1,verified
ng:usage:d8adf28b1984d3437be8,NG,temporal,,,ordinary-time,27,thursday,,,I,"ps1:1-2,3,4+6","Ps 1:1-2, 3, 4+6",Happy are they who hope in the Lord.,,local_rsvce:expanded:79eaecfe70635984,Catholic Daily RSVCE,2,verified-fallback
ng:usage:8c3225fafb591f42f063,NG,temporal,,,ordinary-time,27,thursday,,,II,"luke1:69-70,71-72,73-75","Luke 1:69-70, 71-72, 73-75","Blessed be the Lord GOD of Israel, for he has visited his people.",2026-10-08,ng:2026-10-08:responsorial-psalm:1,Catholic Missal for Nigeria,1,verified
ng:usage:2bbf3f01291b18e3ccd6,NG,temporal,,,ordinary-time,27,thursday,,,II,"luke1:69,70-71,72,73-75","Luke 1:69, 70-71, 72, 73-75","Blessed be the Lord, the God of Israel; he has come to his people.",,local_rsvce:expanded:9102fb18216df41f,Catholic Daily RSVCE,2,verified-fallback
ng:usage:ce58efc7e456b88663c6,NG,temporal,,,ordinary-time,27,thursday,,,II,"ps1:1-2,3,4+6","Ps 1:1-2, 3, 4+6",Happy are they who hope in the Lord.,,local_rsvce:expanded:79eaecfe70635984,Catholic Daily RSVCE,3,verified-fallback
ng:usage:d59232bb6ffbee03642c,NG,temporal,,,ordinary-time,27,tuesday,,,I,"ps130:1b-2,3-4ab,7-8","Ps 130:1b-2, 3-4ab, 7-8","If you, O Lord, should mark iniquities, Lord, who could stand?",,ps130_1b_2_3_4ab_7_8,Catholic Daily RSVCE,1,verified-fallback
ng:usage:bfce03ee08468f80a253,NG,temporal,,,ordinary-time,27,tuesday,,,I,"ps130:1-2,3-4ab,7-8","Ps 130:1-2, 3-4ab, 7-8","If you, O Lord, laid bare our guilt, who could endure it?",,ps130_1_2_3_4ab_7_8,Catholic Daily RSVCE,2,verified-fallback
ng:usage:20237c6a09f764b546a0,NG,temporal,,,ordinary-time,27,tuesday,,,II,"ps139:1-3,13-14,15","Ps 139:1-3, 13-14, 15","Lead me, Lord, in the way everlasting.",2026-10-06,ng:2026-10-06:responsorial-psalm:1,Catholic Missal for Nigeria,1,verified
ng:usage:d2f2ba53a77037429615,NG,temporal,,,ordinary-time,27,tuesday,,,II,"ps139:1b-3,13-14ab,14c-15","Ps 139:1b-3, 13-14ab, 14c-15","Lead me, Lord, in the way everlasting.",,ps139_1b_3_13_14ab_14c_15,Catholic Daily RSVCE,2,verified-fallback
ng:usage:e952661ed8421200ed46,NG,temporal,,,ordinary-time,27,tuesday,,,II,"ps139:1-3,13-14,15-16a","Ps 139:1-3, 13-14, 15-16a","Guide me, Lord, along the everlasting way.",,ps139_1_3_13_14_15_16a,Catholic Daily RSVCE,3,verified-fallback
ng:usage:f5e848e6a991a65866b4,NG,temporal,,,ordinary-time,27,wednesday,,,I,"ps86:3-4,5-6,9-10","Ps 86:3-4, 5-6, 9-10","You are slow to anger, O Lord, and abundant in mercy.",,ng:reconstructed:39593599e630f3f8,Catholic Missal for Nigeria,1,verified
ng:usage:9c605e2e4f73fb72622c,NG,temporal,,,ordinary-time,27,wednesday,,,I,"ps86:2c-4,5-6,9-10","Ps 86:2c-4, 5-6, 9-10","Lord, you are tender and full of love.",,ps86_2c_4_5_6_9_10,Catholic Daily RSVCE,2,verified-fallback
ng:usage:e8c9f76142c0ede34b18,NG,temporal,,,ordinary-time,27,wednesday,,,II,"ps117:1,2","Ps 117:1, 2","Go into all the world, and preach the Gospel.",2026-04-24,ng:2026-04-24:responsorial-psalm:1,Catholic Missal for Nigeria,1,verified
ng:usage:1a6013303d4d3910bde2,NG,temporal,,,ordinary-time,27,wednesday,,,II,"ps117:1bc,2","Ps 117:1bc, 2",Go into all the world and proclaim the gospel.,,ps117_1bc_2,Catholic Daily RSVCE,2,verified-fallback
ng:usage:cf312140be3e6fe06b06,NG,temporal,,,ordinary-time,27,wednesday,,,II,"ps117:1,2","Ps 117:1, 2",Go out to all the world and tell the good news.,,ng:reconstructed:73d92e286a6fb381,Catholic Missal for Nigeria,3,verified
ng:usage:c83b90a48ef0ce7aad6f,NG,temporal,,,ordinary-time,28,friday,,,I,"ps32:1b-2,5,11","Ps 32:1b-2, 5, 11",You are a hiding place for me; you surround me with cries of deliverance,,ps32_1b_2_5_11,Catholic Daily RSVCE,1,verified-fallback
ng:usage:1fd3f811a4fecffe068b,NG,temporal,,,ordinary-time,28,friday,,,I,"ps32:1-2,5,7b+11","Ps 32:1-2, 5, 7b+11","I turn to you, Lord, in time of trouble,",,ps32_1_2_5_7b_11,Catholic Daily RSVCE,2,verified-fallback
ng:usage:4d9b6c6fbc79403e7172,NG,temporal,,,ordinary-time,28,friday,,,II,"ps33:1-2,4-5,12-13","Ps 33:1-2, 4-5, 12-13",Blessed the people the Lord has chosen as his heritage.,2026-10-16,ng:2026-10-16:responsorial-psalm:1,Catholic Missal for Nigeria,1,verified
ng:usage:683188ddf868d3977b43,NG,temporal,,,ordinary-time,28,friday,,,II,"ps145:10-11,12-13,17-18","Ps 145:10-11, 12-13, 17-18","Your saints, O Lord, make known the glory of your reign.",,ps145_10_11_12_13_17_18,Catholic Daily RSVCE,2,verified-fallback
ng:usage:8490a2ce9791ac113aba,NG,temporal,,,ordinary-time,28,friday,,,II,"ps33:1-2,4-5,12-13","Ps 33:1-2, 4-5, 12-13",Happy the people the Lord has chosen to be his own.,,ng:reconstructed:716a9270a83f8445,Catholic Missal for Nigeria,3,verified
ng:usage:57d256b3bfcd2485a2a2,NG,temporal,,,ordinary-time,28,monday,,,I,"ps98:1,2-3ab,3cd-4","Ps 98:1, 2-3ab, 3cd-4",The Lord has made known his salvation.,2026-05-26,ng:2026-05-26:responsorial-psalm:1,Catholic Missal for Nigeria,1,verified
ng:usage:4300d32f4363c545c614,NG,temporal,,,ordinary-time,28,monday,,,II,"ps113:1b-2,3-4,5a,6-7","Ps 113:1b-2, 3-4, 5a, 6-7",May the name of the Lord be blest forevermore.,2026-10-12,ng:2026-10-12:responsorial-psalm:1,Catholic Missal for Nigeria,1,verified
ng:usage:15a02f28a38e02b7b9aa,NG,temporal,,,ordinary-time,28,monday,,,II,"ps113:1b-2,3-4,5a,6-7","Ps 113:1b-2, 3-4, 5a, 6-7",May the name of the Lord be blest for evermore.,,ps113_1b_2_3_4_5a_6_7,Catholic Daily RSVCE,2,verified-fallback
ng:usage:912c1e6ea821c899709f,NG,temporal,,,ordinary-time,28,monday,,,II,"ps113:1-2,3-4,5a+6-7","Ps 113:1-2, 3-4, 5a+6-7",Blessed be the name of the Lord for ever.,,ps113_1_2_3_4_5a_6_7,Catholic Daily RSVCE,3,verified-fallback
ng:usage:5d3ff8c134ab0b683494,NG,temporal,,,ordinary-time,28,saturday,,,I,"ps145:10-11,12-13,17-18","Ps 145:10-11, 12-13, 17-18","Your saints, O Lord, make known the glory of your reign.",,ps145_10_11_12_13_17_18,Catholic Daily RSVCE,1,verified-fallback
ng:usage:3f60d15eed3398b00302,NG,temporal,,,ordinary-time,28,saturday,,,I,"ps105:5-7,8-10,42-44","Ps 105:5-7, 8-10, 42-44",The Lord remembers his covenant for ever.,,ps105_5_7_8_10_42_44,Catholic Daily RSVCE,2,verified-fallback
ng:usage:04be99adce0235f29245,NG,temporal,,,ordinary-time,28,saturday,,,II,"ps8:2-3a,4-5,6-7","Ps 8:2-3a, 4-5, 6-7",You have given your Son power over the works of your hands.,2026-10-17,ng:2026-10-17:responsorial-psalm:1,Catholic Missal for Nigeria,1,verified
ng:usage:654309229340de883f25,NG,temporal,,,ordinary-time,28,saturday,,,II,"ps8:2-3ab,4-5,6-7","Ps 8:2-3ab, 4-5, 6-7",You have given your Son power over the works of your hands.,,local_rsvce:expanded:0dc3d4f4da0c553a,Catholic Daily RSVCE,2,verified-fallback
ng:usage:0ad113804c72a99d094a,NG,temporal,,,ordinary-time,28,saturday,,,II,"ps8:1-2a,3-4,5-6","Ps 8:1-2a, 3-4, 5-6",You gave your Son authority over all your creation.,,ps8_1_2a_3_4_5_6,Catholic Daily RSVCE,3,verified-fallback
ng:usage:40236fd15165e9e2f0e1,NG,temporal,,,ordinary-time,28,sunday,,A,,"ps23:1-3a,3b-4,5,6","Ps 23:1-3a, 3b-4, 5, 6",In the Lord’s own house shall I dwell for length of days unending.,2025-12-03,ng:2025-12-03:responsorial-psalm:1,Catholic Missal for Nigeria,1,verified
ng:usage:0e00f3f1067b21bbaad9,NG,temporal,,,ordinary-time,28,sunday,,A,,"ps23:1-3a,3b-4,5,6","Ps 23:1-3a, 3b-4, 5, 6",I shall live in the house of the Lord all the days of my life.,,ng:reconstructed:c49ce424abed26f8,Catholic Missal for Nigeria,2,verified
ng:usage:4e7e9d32fbe0c86739d1,NG,temporal,,,ordinary-time,28,sunday,,B,,"ps90:12-13,14-15,16-17","Ps 90:12-13, 14-15, 16-17","Fill us with your merciful love, O Lord, and we shall exult.",,ps90_12_13_14_15_16_17,Catholic Daily RSVCE,1,verified-fallback
ng:usage:8e8e5403624a89afa15d,NG,temporal,,,ordinary-time,28,sunday,,B,,"ps90:12-13,14-15,16-17","Ps 90:12-13, 14-15, 16-17","Fill us with your love, O Lord, and we will sing for joy!",,ps90_12_13_14_15_16_17,Catholic Daily RSVCE,2,verified-fallback
ng:usage:a9f0daaeeef6307f195f,NG,temporal,,,ordinary-time,28,sunday,,C,,"ps98:1,2-3ab,3c-4","Ps 98:1, 2-3ab, 3c-4",The Lord has revealed to the nations his saving power,,ps98_1_2_3ab_3c_4,Catholic Daily RSVCE,1,verified-fallback
ng:usage:85d27493673837a908ae,NG,temporal,,,ordinary-time,28,sunday,,C,,"ps98:1,2-3,3-4","Ps 98:1, 2-3, 3-4",The Lord has revealed to the nations his saving power.,,ps98_1_2_3_3_4,Catholic Daily RSVCE,2,verified-fallback
ng:usage:d13f469c230147b48c2d,NG,temporal,,,ordinary-time,28,thursday,,,I,"ps130:1b-2,3-4,5-6ab","Ps 130:1b-2, 3-4, 5-6ab","For with the Lord there is mercy, in him is plentiful redemption.",,ps130_1b_2_3_4_5_6ab,Catholic Daily RSVCE,1,verified-fallback
ng:usage:678c3f65bbd5fcaad051,NG,temporal,,,ordinary-time,28,thursday,,,I,"ps130:1-2,3-4,5-6","Ps 130:1-2, 3-4, 5-6","With the Lord there is mercy,",,ps130_1_2_3_4_5_6,Catholic Daily RSVCE,2,verified-fallback
ng:usage:2962b44dcf8e6b927c71,NG,temporal,,,ordinary-time,28,thursday,,,II,"ps98:1,2-3ab,3cd-4,5-6","Ps 98:1, 2-3ab, 3cd-4, 5-6",The Lord has made known his salvation.,2026-10-15,ng:2026-10-15:responsorial-psalm:1,Catholic Missal for Nigeria,1,verified
ng:usage:5f1d7582c5579e9ae6bf,NG,temporal,,,ordinary-time,28,thursday,,,II,"ps98:1,2-3a,3b-4,5-6","Ps 98:1, 2-3a, 3b-4, 5-6",The Lord has made known his salvation.,,ps98_1_2_3a_3b_4_5_6,Catholic Daily RSVCE,2,verified-fallback
ng:usage:0746cd1887ef0f394304,NG,temporal,,,ordinary-time,28,tuesday,,,I,"ps19:2-3,4-5","Ps 19:2-3, 4-5",The heavens declare the glory of God.,,ng:reconstructed:08684474e7c2cff0,Catholic Missal for Nigeria,1,verified
ng:usage:f186bd59d9c2e7f60b92,NG,temporal,,,ordinary-time,28,tuesday,,,I,"ps19:1-2,3-4","Ps 19:1-2, 3-4",The heavens proclaim the glory of God.,,ps19_1_2_3_4,Catholic Daily RSVCE,2,verified-fallback
ng:usage:d9ac429cd5688fc223b0,NG,temporal,,,ordinary-time,28,tuesday,,,II,"ps119:41,43,44,45,47,48","Ps 119:41, 43, 44, 45, 47, 48","Lord, let your mercy come upon me.",2026-10-13,ng:2026-10-13:responsorial-psalm:1,Catholic Missal for Nigeria,1,verified
ng:usage:eebfd04a7f52ee989706,NG,temporal,,,ordinary-time,28,tuesday,,,II,"ps119:41+43,44-45,47-48","Ps 119:41+43, 44-45, 47-48","Let your loving kindness come to me, O Lord.",,ps119_41_43_44_45_47_48,Catholic Daily RSVCE,2,verified-fallback
ng:usage:e49bff45507d9a9d9271,NG,temporal,,,ordinary-time,28,wednesday,,,I,"ps62:2-3,6-7,9","Ps 62:2-3, 6-7, 9","O Lord, you repay each man according to his deeds",,ps62_2_3_6_7_9,Catholic Daily RSVCE,1,verified-fallback
ng:usage:8a863dce2aef7e378668,NG,temporal,,,ordinary-time,28,wednesday,,,I,"ps62:1-2,5+7,8","Ps 62:1-2, 5+7, 8","Lord, you give back to all according to their works.",,ps62_1_2_5_7_8,Catholic Daily RSVCE,2,verified-fallback
ng:usage:f108fa06482acf2f2b89,NG,temporal,,,ordinary-time,28,wednesday,,,II,"ps1:1-2,3,4,6","Ps 1:1-2, 3, 4, 6","He who follows you, Lord, will have the light of life.",2025-12-12,ng:2025-12-12:responsorial-psalm:1,Catholic Missal for Nigeria,1,verified
ng:usage:d849fe13c036cde585c8,NG,temporal,,,ordinary-time,28,wednesday,,,II,"ps1:1-2,3,4,6","Ps 1:1-2, 3, 4, 6","Whoever follows you, Lord, will have the light of life.",,ng:reconstructed:791bb78a3fc4fb91,Catholic Missal for Nigeria,2,verified
ng:usage:828e375aa10202bd34db,NG,temporal,,,ordinary-time,28,wednesday,,,II,"ps1:1-2,3,4+6","Ps 1:1-2, 3, 4+6","Those who follow you, Lord,",,local_rsvce:expanded:79eaecfe70635984,Catholic Daily RSVCE,3,verified-fallback
ng:usage:04b9d7f809e202f0fc28,NG,temporal,,,ordinary-time,29,friday,,,I,"ps119:66,68,76,77,93,94","Ps 119:66, 68, 76, 77, 93, 94","Teach me your statutes, O Lord.",,ps119_66_68_76_77_93_94__alias_bf031d368776,Catholic Daily RSVCE,1,verified-fallback
ng:usage:c13d621cb3893f13af0e,NG,temporal,,,ordinary-time,29,friday,,,I,"ps119:66+68,76-77,93-94","Ps 119:66+68, 76-77, 93-94","Teach me your laws, O Lord.",,ps119_66_68_76_77_93_94,Catholic Daily RSVCE,2,verified-fallback
ng:usage:d5bd8cfecd8a65219412,NG,temporal,,,ordinary-time,29,friday,,,II,"ps24:1-2,3-4ab,5-6","Ps 24:1-2, 3-4ab, 5-6","These are the people who seek your face, O Lord.",2026-10-23,ng:2026-10-23:responsorial-psalm:1,Catholic Missal for Nigeria,1,verified
ng:usage:8732a047052b97b5589a,NG,temporal,,,ordinary-time,29,friday,,,II,"ps24:1-2,3-4ab,5-6","Ps 24:1-2, 3-4ab, 5-6","Lord, this is the people that longs to see your face.",,ng:reconstructed:4bfbe280022ea07c,Catholic Missal for Nigeria,2,verified
ng:usage:dff1287fa17087f54bbf,NG,temporal,,,ordinary-time,29,monday,,,I,"luke1:69-70,71-72,73-75","Luke 1:69-70, 71-72, 73-75","Blessed be the Lord, the God of Israel; he has come to his people.",,ng:reconstructed:899e7be80b0defe1,Catholic Missal for Nigeria,1,verified
ng:usage:ed13e5dc55ead01410db,NG,temporal,,,ordinary-time,29,monday,,,II,"ps100:1-2,3,4,5","Ps 100:1-2, 3, 4, 5",The Lord made us; we belong to him.,2026-10-19,ng:2026-10-19:responsorial-psalm:1,Catholic Missal for Nigeria,1,verified
ng:usage:1d71b2bd390c58de7a98,NG,temporal,,,ordinary-time,29,saturday,,,I,"ps24:1b-2,3-4ab,5-6","Ps 24:1b-2, 3-4ab, 5-6","These are the people who seek your face, O Lord.",,ps24_1b_2_3_4ab_5_6,Catholic Daily RSVCE,1,verified-fallback
ng:usage:d128bf77d07285c78369,NG,temporal,,,ordinary-time,29,saturday,,,I,"ps24:1-2,3-4ab,5-6","Ps 24:1-2, 3-4ab, 5-6","Lord, this is the people that longs to see your face.",,ng:reconstructed:4bfbe280022ea07c,Catholic Missal for Nigeria,2,verified
ng:usage:78c5fccafd4dc929f884,NG,temporal,,,ordinary-time,29,saturday,,,II,"ps122:1-2,3-4ab,4cd-5","Ps 122:1-2, 3-4ab, 4cd-5",Let us go rejoicing to the house of the Lord.,2026-05-06,ng:2026-05-06:responsorial-psalm:1,Catholic Missal for Nigeria,1,verified
ng:usage:a2395948fbbb41e21bbe,NG,temporal,,,ordinary-time,29,saturday,,,II,"ps122:1-2,3-4a,4b-5","Ps 122:1-2, 3-4a, 4b-5",Let us go rejoicing to the house of the Lord.,,ps122_1_2_3_4a_4b_5,Catholic Daily RSVCE,2,verified-fallback
ng:usage:976d1249bc2c835a89ed,NG,temporal,,,ordinary-time,29,sunday,,A,,"ps96:1,3,4-5,7-8,9-10a","Ps 96:1, 3, 4-5, 7-8, 9-10a",Give the Lord glory and power.,2026-10-18,ng:2026-10-18:responsorial-psalm:1,Catholic Missal for Nigeria,1,verified
ng:usage:ee8d443bb1ac1a0281c4,NG,temporal,,,ordinary-time,29,sunday,,A,,"ps96:1,3,4-5,7-8,9-10","Ps 96:1, 3, 4-5, 7-8, 9-10",Give the Lord glory and honor.,,ps96_1_3_4_5_7_8_9_10,Catholic Daily RSVCE,2,verified-fallback
ng:usage:3c9b0be498202a2db89d,NG,temporal,,,ordinary-time,29,sunday,,B,,"ps33:4-5,18-19,20,22","Ps 33:4-5, 18-19, 20, 22","May your merciful love be upon us, as we hope in you, O Lord.",2026-03-01,ng:2026-03-01:responsorial-psalm:1,Catholic Missal for Nigeria,1,verified
ng:usage:90b381a820053243a1f2,NG,temporal,,,ordinary-time,29,sunday,,B,,"ps33:4-5,18-19,20,22","Ps 33:4-5, 18-19, 20, 22","Lord, let your mercy be on us, as we place our trust in you.",,ps33_4_5_18_19_20_22,Catholic Daily RSVCE,2,verified-fallback
ng:usage:2fcbc822bbe55b199087,NG,temporal,,,ordinary-time,29,sunday,,C,,"ps121:1-2,3-4,5-6,7-8","Ps 121:1-2, 3-4, 5-6, 7-8","Our help comes from the Lord, who made heaven and earth",2026-06-08,ng:2026-06-08:responsorial-psalm:1,Catholic Missal for Nigeria,1,verified
ng:usage:f913eaf4a1d665210698,NG,temporal,,,ordinary-time,29,sunday,,C,,"ps121:1-2,3-4,5-6,7-8","Ps 121:1-2, 3-4, 5-6, 7-8","Our help is from the Lord, who made heaven and earth.",,ng:reconstructed:f421cf74f30e8cad,Catholic Missal for Nigeria,2,verified
ng:usage:4f647fb2dec6197309c2,NG,temporal,,,ordinary-time,29,thursday,,,I,"ps1:1-2,3,4,6","Ps 1:1-2, 3, 4, 6",Blessed the man who has placed his trust in the Lord.,2026-03-05,ng:2026-03-05:responsorial-psalm:1,Catholic Missal for Nigeria,1,verified
ng:usage:a076954f2931e7098844,NG,temporal,,,ordinary-time,29,thursday,,,I,"ps1:1-2,3,4+6","Ps 1:1-2, 3, 4+6",Happy are they who hope in the Lord.,,local_rsvce:expanded:79eaecfe70635984,Catholic Daily RSVCE,2,verified-fallback
ng:usage:f2342a38905fb6868c15,NG,temporal,,,ordinary-time,29,thursday,,,II,"ps33:1-2,4-5,11-12,18-19","Ps 33:1-2, 4-5, 11-12, 18-19",The Lord’s merciful love fills the earth.,2026-10-22,ng:2026-10-22:responsorial-psalm:1,Catholic Missal for Nigeria,1,verified
ng:usage:07fc55bd14d3ce6f8da9,NG,temporal,,,ordinary-time,29,thursday,,,II,"ps33:1-2,4-5,11-12,18-19","Ps 33:1-2, 4-5, 11-12, 18-19",The earth is full of the goodness of the Lord.,,ng:reconstructed:83b24a4d25f8f260,Catholic Missal for Nigeria,2,verified
ng:usage:965873de3f601625cda6,NG,temporal,,,ordinary-time,29,tuesday,,,I,"ps40:7-8a,8b-9,10,17","Ps 40:7-8a, 8b-9, 10, 17","See, I have come, Lord, to do your will.",,ps40_7_8a_8b_9_10_17,Catholic Daily RSVCE,1,verified-fallback
ng:usage:55967c0c8156a349b512,NG,temporal,,,ordinary-time,29,tuesday,,,I,"ps40:6-7a,7b-8,9-10ab,16+17c","Ps 40:6-7a, 7b-8, 9-10ab, 16+17c","Here am I, Lord; I come to do your will.",,ps40_6_7a_7b_8_9_10ab_16_17c,Catholic Daily RSVCE,2,verified-fallback
ng:usage:a71a687f65f40caf4499,NG,temporal,,,ordinary-time,29,tuesday,,,II,"ps85:9ab,10,11-12,13-14","Ps 85:9ab, 10, 11-12, 13-14",The Lord speaks of peace for his people.,2026-10-20,ng:2026-10-20:responsorial-psalm:1,Catholic Missal for Nigeria,1,verified
ng:usage:eb7c2bb3d97e4113ff12,NG,temporal,,,ordinary-time,29,tuesday,,,II,"ps85:9ab-10,11-12,13-14","Ps 85:9ab-10, 11-12, 13-14",The Lord speaks of peace for his people.,,local_rsvce:expanded:8002662eb13acf3d,Catholic Daily RSVCE,2,verified-fallback
ng:usage:7b20bde873524c517fa6,NG,temporal,,,ordinary-time,29,tuesday,,,II,"ps85:8ab-9,10-11,12-13","Ps 85:8ab-9, 10-11, 12-13",The Lord speaks of peace to his people.,,ps85_8ab_9_10_11_12_13,Catholic Daily RSVCE,3,verified-fallback
ng:usage:8d508bf73fea584ef212,NG,temporal,,,ordinary-time,29,wednesday,,,I,"ps124:1b-3,4-6,7-8","Ps 124:1b-3, 4-6, 7-8",Our help is in the name of the Lord.,,ps124_1b_3_4_6_7_8,Catholic Daily RSVCE,1,verified-fallback
ng:usage:e314fb4be95c1430c4fb,NG,temporal,,,ordinary-time,29,wednesday,,,I,"ps124:1-3,4-6,7-8","Ps 124:1-3, 4-6, 7-8",Our help is in the name of the Lord.,,ps124_1_3_4_6_7_8,Catholic Daily RSVCE,2,verified-fallback
ng:usage:68f3d1b64280b998993f,NG,temporal,,,ordinary-time,29,wednesday,,,II,"isa12:2-3,4bcde,5-6","Isa 12:2-3, 4bcde, 5-6",With joy you will draw water from the wells of the Saviour.,2026-10-21,ng:2026-10-21:responsorial-psalm:1,Catholic Missal for Nigeria,1,verified
ng:usage:5de474a35c56553dff00,NG,temporal,,,ordinary-time,29,wednesday,,,II,"isaiah12:2-3,4bcd,5-6","Isa 12:2-3, 4bcd, 5-6",You will draw water joyfully from the springs of salvation.,,local_rsvce:expanded:67b7f95f888677c6,Catholic Daily RSVCE,2,verified-fallback
ng:usage:97274f3069aa5fe4300e,NG,temporal,,,ordinary-time,29,wednesday,,,II,"ps124:1-3,4-6,7-8","Ps 124:1-3, 4-6, 7-8",Our help is in the name of the Lord.,,ps124_1_3_4_6_7_8,Catholic Daily RSVCE,3,verified-fallback
ng:usage:cf18a5a94ea5c3d2dea2,NG,temporal,,,ordinary-time,2,friday,,,I,"ps85:8,10,11-12,13-14","Ps 85:8, 10, 11-12, 13-14",Kindness and truth shall meet.,,ps85_8_10_11_12_13_14,Catholic Daily RSVCE,1,verified-fallback
ng:usage:dab1528699bbafd21fc8,NG,temporal,,,ordinary-time,2,friday,,,I,"ps85:7+9,10-11,12-13","Ps 85:7+9, 10-11, 12-13",Kindness and truth shall meet.,,ps85_7_9_10_11_12_13,Catholic Daily RSVCE,2,verified-fallback
ng:usage:597469cd93d568b201f6,NG,temporal,,,ordinary-time,2,friday,,,II,"ps57:2,3-4,6,11","Ps 57:2, 3-4, 6, 11","Have mercy on me, God, have mercy.",2026-01-23,ng:2026-01-23:responsorial-psalm:1,Catholic Missal for Nigeria,1,verified
ng:usage:5adcdc4cd101f98c4e18,NG,temporal,,,ordinary-time,2,friday,,,II,"ps57:1,2-3,5+10","Ps 57:1, 2-3, 5+10","Have mercy on me, God, have mercy.",,ps57_1_2_3_5_10,Catholic Daily RSVCE,2,verified-fallback
ng:usage:f57fb58d2964a94ba19d,NG,temporal,,,ordinary-time,2,monday,,,I,"ps110:1,2,3,4","Ps 110:1, 2, 3, 4","You are a priest for ever, in the line of Melchizedek.",,ps110_1_2_3_4,Catholic Daily RSVCE,1,verified-fallback
ng:usage:c67b6a1833352bbe22e8,NG,temporal,,,ordinary-time,2,monday,,,I,"ps110:1,2,3,4","Ps 110:1, 2, 3, 4",You are a priest forever,,ps110_1_2_3_4,Catholic Daily RSVCE,2,verified-fallback
ng:usage:ac1beeb35327561793b2,NG,temporal,,,ordinary-time,2,monday,,,II,"ps50:8-9,16bc-17,21,23","Ps 50:8-9, 16bc-17, 21, 23","To one whose way is blameless, I will show the salvation of God.",2026-01-19,ng:2026-01-19:responsorial-psalm:1,Catholic Missal for Nigeria,1,verified
ng:usage:fa3e52809bc30ecf70ba,NG,temporal,,,ordinary-time,2,monday,,,II,"ps89:20,21-22,25-26","Ps 89:20, 21-22, 25-26",My mercy and my faithfulness shall be with him.,,local_rsvce:expanded:ef8b36338b62c53c,Catholic Daily RSVCE,2,verified-fallback
ng:usage:2b631c500815dfe8523e,NG,temporal,,,ordinary-time,2,monday,,,II,"ps50:8-9,16bc-17,21+23","Ps 50:8-9, 16bc-17, 21+23",I will show the salvation of God to those who do right.,,local_rsvce:expanded:d2a8e48e5d569100,Catholic Daily RSVCE,3,verified-fallback
ng:usage:24074641119940e916e6,NG,temporal,,,ordinary-time,2,saturday,,,I,"ps117:1bc,2","Ps 117:1bc, 2",Go into all the world and proclaim the gospel.,,ps117_1bc_2,Catholic Daily RSVCE,1,verified-fallback
ng:usage:985557eb3998d9f72588,NG,temporal,,,ordinary-time,2,saturday,,,I,"ps47:1-2,5-6,7-8","Ps 47:1-2, 5-6, 7-8","God ascends with songs of joy,",,ps47_1_2_5_6_7_8,Catholic Daily RSVCE,2,verified-fallback
ng:usage:9ddff2e2bf73ebe4d98c,NG,temporal,,,ordinary-time,2,saturday,,,II,"ps80:2-3,5-7","Ps 80:2-3, 5-7","Let your face shine on us, Lord, and we shall be saved.",2026-01-24,ng:2026-01-24:responsorial-psalm:1,Catholic Missal for Nigeria,1,verified
ng:usage:009405cca1d30ef4cacb,NG,temporal,,,ordinary-time,2,saturday,,,II,"ps80:1-2,4-6","Ps 80:1-2, 4-6","O God, let us see your face that we may be saved.",,ps80_1_2_4_6,Catholic Daily RSVCE,2,verified-fallback
ng:usage:1e7e17049b54f95c3d9f,NG,temporal,,,ordinary-time,2,sunday,,A,,"ps40:2,4ab,7-8a,8b-9,10","Ps 40:2, 4ab, 7-8a, 8b-9, 10","See, I have come, Lord, to do your will.",2026-01-18,ng:2026-01-18:responsorial-psalm:1,Catholic Missal for Nigeria,1,verified
ng:usage:d0e3ccade079d2480c15,NG,temporal,,,ordinary-time,2,sunday,,A,,"ps40:2,4,7-8,8-9,10","Ps 40:2, 4, 7-8, 8-9, 10","Here am I, Lord; I come to do your will.",,ps40_2_4_7_8_8_9_10,Catholic Daily RSVCE,2,verified-fallback
ng:usage:bdb960c4a34ed7672c9d,NG,temporal,,,ordinary-time,2,sunday,,B,,"ps40:2,4ab,7-8a,8b-9,10","Ps 40:2, 4ab, 7-8a, 8b-9, 10","See, I have come, Lord, to do your will",2026-01-18,ng:2026-01-18:responsorial-psalm:1,Catholic Missal for Nigeria,1,verified
ng:usage:fdcdf7d5b16469a40a31,NG,temporal,,,ordinary-time,2,sunday,,B,,"ps40:2,4,7-8,8-9,10","Ps 40:2, 4, 7-8, 8-9, 10","Here am I, Lord; I come to do your will.",,ps40_2_4_7_8_8_9_10,Catholic Daily RSVCE,2,verified-fallback
ng:usage:f31e70d6b2524deda1ed,NG,temporal,,,ordinary-time,2,sunday,,C,,"ps96:1-2a,2b-3,7-8,9-10","Ps 96:1-2a, 2b-3, 7-8, 9-10",Proclaim his marvellous deeds to all the nations.,,ps96_1_2a_2b_3_7_8_9_10,Catholic Daily RSVCE,1,verified-fallback
ng:usage:3e1e7c7ac7f4c9189f63,NG,temporal,,,ordinary-time,2,sunday,,C,,"ps96:1-2,2-3,7-8,9-10","Ps 96:1-2, 2-3, 7-8, 9-10",Proclaim his marvelous deeds to all the nations.,,ps96_1_2_2_3_7_8_9_10,Catholic Daily RSVCE,2,verified-fallback
ng:usage:23be1779f1fcfe2bb28d,NG,temporal,,,ordinary-time,2,thursday,,,I,"ps40:7-8a,8b-9,10,17","Ps 40:7-8a, 8b-9, 10, 17","Here am I, Lord; I come to do your will.",,ps40_7_8a_8b_9_10_17,Catholic Daily RSVCE,1,verified-fallback
ng:usage:57cc3051fe449f722e76,NG,temporal,,,ordinary-time,2,thursday,,,I,"ps40:6-7a,7b-8,9,16","Ps 40:6-7a, 7b-8, 9, 16","Here am I, Lord;",,ps40_6_7a_7b_8_9_16,Catholic Daily RSVCE,2,verified-fallback
ng:usage:0c0151ce210c05515199,NG,temporal,,,ordinary-time,2,thursday,,,II,"ps56:2-3,9-10ab,10c-11,12-13","Ps 56:2-3, 9-10ab, 10c-11, 12-13",In God I trust; I shall not fear.,2026-01-22,ng:2026-01-22:responsorial-psalm:1,Catholic Missal for Nigeria,1,verified
ng:usage:3543a8ad19b7a1ac0c06,NG,temporal,,,ordinary-time,2,thursday,,,II,"ps56:1-2,8-9ab,9c-11,12-13","Ps 56:1-2, 8-9ab, 9c-11, 12-13",In God I trust; I am not afraid.,,ps56_1_2_8_9ab_9c_11_12_13,Catholic Daily RSVCE,2,verified-fallback
ng:usage:58aa9f89f7c09e603b13,NG,temporal,,,ordinary-time,2,tuesday,,,I,"ps111:1-2,4-5,9,10c","Ps 111:1-2, 4-5, 9, 10c",The Lord will remember his covenant for ever.,,ps111_1_2_4_5_9_10c__alias_ee7d2814b108,Catholic Daily RSVCE,1,verified-fallback
ng:usage:f2b8caa51b1ac7bc0086,NG,temporal,,,ordinary-time,2,tuesday,,,I,"ps111:1-2,4-5,9+10c","Ps 111:1-2, 4-5, 9+10c",God is ever mindful of his covenant.,,ps111_1_2_4_5_9_10c,Catholic Daily RSVCE,2,verified-fallback
ng:usage:5c8634ca23e9266aac62,NG,temporal,,,ordinary-time,2,tuesday,,,II,"ps89:20,21-22,27-28","Ps 89:20, 21-22, 27-28",I have found my servant David,,ps89_20_21_22_27_28,Catholic Daily RSVCE,1,verified-fallback
ng:usage:f9728d8f928232ffe855,NG,temporal,,,ordinary-time,2,tuesday,,,II,"ps89:19,20-21,26-27","Ps 89:19, 20-21, 26-27","I have found David, my servant.",,ps89_19_20_21_26_27,Catholic Daily RSVCE,2,verified-fallback
ng:usage:7abc28d94bacc51c6747,NG,temporal,,,ordinary-time,2,wednesday,,,I,"ps110:1,2,3,4","Ps 110:1, 2, 3, 4","You are a priest for ever, in the line of Melchizedek.",,ps110_1_2_3_4,Catholic Daily RSVCE,1,verified-fallback
ng:usage:de95f710acc453fe132e,NG,temporal,,,ordinary-time,2,wednesday,,,I,"ps110:1,2,3,4","Ps 110:1, 2, 3, 4",You are a priest forever,,ps110_1_2_3_4,Catholic Daily RSVCE,2,verified-fallback
ng:usage:c7b8cf503d4f8fe9f1e9,NG,temporal,,,ordinary-time,2,wednesday,,,II,"ps144:1,2,9-10","Ps 144:1, 2, 9-10","Blest be the Lord, my rock!",2026-01-21,ng:2026-01-21:responsorial-psalm:1,Catholic Missal for Nigeria,1,verified
ng:usage:3523185a30dba57f02bb,NG,temporal,,,ordinary-time,2,wednesday,,,II,"ps144:1b,2,9-10","Ps 144:1b, 2, 9-10","Blest be the Lord, my rock.",,local_rsvce:expanded:760493e22104906e,Catholic Daily RSVCE,2,verified-fallback
ng:usage:27cea3cf9e79d7f1030e,NG,temporal,,,ordinary-time,2,wednesday,,,II,"ps144:1-2,9-10","Ps 144:1-2, 9-10","Blessed be the Lord, my rock.",,ps144_1_2_9_10,Catholic Daily RSVCE,3,verified-fallback
ng:usage:10ce5e3331fcc9f944bc,NG,temporal,,,ordinary-time,30,friday,,,I,"ps147:12-13,14-15,19-20","Ps 147:12-13, 14-15, 19-20","Save me, Lord, with your merciful love.",,ps147_12_13_14_15_19_20,Catholic Daily RSVCE,1,verified-fallback
ng:usage:1c0ed9302eff4b6c78cd,NG,temporal,,,ordinary-time,30,friday,,,I,"ps147:12-13,14-15,19-20","Ps 147:12-13, 14-15, 19-20","Praise the Lord, Jerusalem.",,ps147_12_13_14_15_19_20,Catholic Daily RSVCE,2,verified-fallback
ng:usage:89c2ea207a617e0e5b56,NG,temporal,,,ordinary-time,30,friday,,,II,"ps111:1b-2,3-4,5-6","Ps 111:1b-2, 3-4, 5-6",Great are the works of the Lord.,2026-10-30,ng:2026-10-30:responsorial-psalm:1,Catholic Missal for Nigeria,1,verified
ng:usage:f60ba8d363d91400b93f,NG,temporal,,,ordinary-time,30,friday,,,II,"ps111:1-2,3-4,5-6","Ps 111:1-2, 3-4, 5-6",How great are the works of the Lord!,,ps111_1_2_3_4_5_6,Catholic Daily RSVCE,2,verified-fallback
ng:usage:774e3b33bbd44c7d093e,NG,temporal,,,ordinary-time,30,monday,,,I,"ps68:2,4,6-7ab,20-21","Ps 68:2, 4, 6-7ab, 20-21",This God of ours is a God who saves.,,ps68_2_4_6_7ab_20_21,Catholic Daily RSVCE,1,verified-fallback
ng:usage:34a74949425a28792dda,NG,temporal,,,ordinary-time,30,monday,,,I,"ps68:1+3,5-6ab,19-20","Ps 68:1+3, 5-6ab, 19-20",Our God is the God of salvation.,,ps68_1_3_5_6ab_19_20,Catholic Daily RSVCE,2,verified-fallback
ng:usage:2e15f747371a22550313,NG,temporal,,,ordinary-time,30,monday,,,II,"ps1:1-2,3,4,6","Ps 1:1-2, 3, 4, 6","Let us be imitators of God, as beloved children.",2026-10-26,ng:2026-10-26:responsorial-psalm:1,Catholic Missal for Nigeria,1,verified
ng:usage:1dbfb6f5ad3e5b2a6cda,NG,temporal,,,ordinary-time,30,monday,,,II,"ps1:1-2,3,4+6","Ps 1:1-2, 3, 4+6",Behave like God as beloved children.,,local_rsvce:expanded:79eaecfe70635984,Catholic Daily RSVCE,2,verified-fallback
ng:usage:f295841c5b1c433e52ab,NG,temporal,,,ordinary-time,30,saturday,,,I,"ps94:12-13a,14-15,17-18","Ps 94:12-13a, 14-15, 17-18",The Lord will not abandon his people.,,ps94_12_13a_14_15_17_18,Catholic Daily RSVCE,1,verified-fallback
ng:usage:3363f20e03748ec944b6,NG,temporal,,,ordinary-time,30,saturday,,,II,"ps42:2,3,5","Ps 42:2, 3, 5","My soul is thirsting for you, the living God.",2026-10-31,ng:2026-10-31:responsorial-psalm:1,Catholic Missal for Nigeria,1,verified
ng:usage:930d105ea2bb87d95a6e,NG,temporal,,,ordinary-time,30,saturday,,,II,"ps42:1-2,3-4b,4cd,5","Ps 42:1-2, 3-4b, 4cd, 5",My soul is thirsting for the living God.,,ps42_1_2_3_4b_4cd_5,Catholic Daily RSVCE,2,verified-fallback
ng:usage:3288f7e71a456fd811ee,NG,temporal,,,ordinary-time,30,sunday,,A,,"ps18:2-3a,3bc-4,47,51ab","Ps 18:2-3a, 3bc-4, 47, 51ab","I love you, Lord, my strength.",2026-10-25,ng:2026-10-25:responsorial-psalm:1,Catholic Missal for Nigeria,1,verified
ng:usage:20eb38988c23268eb94c,NG,temporal,,,ordinary-time,30,sunday,,A,,"ps18:2-3,3-4,47,51","Ps 18:2-3, 3-4, 47, 51","I love you, Lord, my strength.",,ps18_2_3_3_4_47_51,Catholic Daily RSVCE,2,verified-fallback
ng:usage:60e0af2d71ad625b4a08,NG,temporal,,,ordinary-time,30,sunday,,B,,"ps126:1-2,2-3,4-5,6","Ps 126:1-2, 2-3, 4-5, 6","What great deeds the Lord worked for us! Indeed, we were glad.",,ps126_1_2_2_3_4_5_6,Catholic Daily RSVCE,1,verified-fallback
ng:usage:3c7330ede87703213bf4,NG,temporal,,,ordinary-time,30,sunday,,B,,"ps126:1-2,2-3,4-5,6","Ps 126:1-2, 2-3, 4-5, 6",The Lord has done great things for us; we are filled with joy.,,ps126_1_2_2_3_4_5_6,Catholic Daily RSVCE,2,verified-fallback
ng:usage:664858e7ddde211b8a89,NG,temporal,,,ordinary-time,30,sunday,,C,,"ps34:2-3,17-18,19,23","Ps 34:2-3, 17-18, 19, 23","The lowly one called, and the Lord heard him",,ps34_2_3_17_18_19_23,Catholic Daily RSVCE,1,verified-fallback
ng:usage:afcea6a884b90d22f9c1,NG,temporal,,,ordinary-time,30,sunday,,C,,"ps34:2-3,17-18,19,23","Ps 34:2-3, 17-18, 19, 23",The Lord hears the cry of the poor.,,ps34_2_3_17_18_19_23,Catholic Daily RSVCE,2,verified-fallback
ng:usage:f697c0a50ad6c19d7d19,NG,temporal,,,ordinary-time,30,thursday,,,I,"ps109:21-22,26-27,30-31","Ps 109:21-22, 26-27, 30-31","Save me, Lord, with your merciful love.",,ps109_21_22_26_27_30_31,Catholic Daily RSVCE,1,verified-fallback
ng:usage:16103b0d255a16db2334,NG,temporal,,,ordinary-time,30,thursday,,,I,"ps109:21-22,26-27,30-31","Ps 109:21-22, 26-27, 30-31","Save me, O Lord, in your kindness.",,ps109_21_22_26_27_30_31,Catholic Daily RSVCE,2,verified-fallback
ng:usage:c9eb7e6f58ef464beed9,NG,temporal,,,ordinary-time,30,thursday,,,II,"ps144:1,2,9-10","Ps 144:1, 2, 9-10","Blest be the Lord, my rock.",2026-01-21,ng:2026-01-21:responsorial-psalm:1,Catholic Missal for Nigeria,1,verified
ng:usage:5a59ae6b3879e52506bf,NG,temporal,,,ordinary-time,30,thursday,,,II,"ps144:1b,2,9-10","Ps 144:1b, 2, 9-10","Blest be the Lord, my rock.",,local_rsvce:expanded:760493e22104906e,Catholic Daily RSVCE,2,verified-fallback
ng:usage:28b96ae4d51bdbdd57e2,NG,temporal,,,ordinary-time,30,thursday,,,II,"ps144:1,2,9-10","Ps 144:1, 2, 9-10","Blessed be the Lord, my Rock!",,ng:reconstructed:0aba0b5afff3f6d3,Catholic Missal for Nigeria,3,verified
ng:usage:1ee3210f5f0c0aa9bd90,NG,temporal,,,ordinary-time,30,tuesday,,,I,"ps126:1-2ab,2cd-3,4-5,6","Ps 126:1-2ab, 2cd-3, 4-5, 6",The Lord has done great things for us.,,ng:reconstructed:001b0aae199b9348,Catholic Missal for Nigeria,1,verified
ng:usage:7404f395ed4a8dd9e66d,NG,temporal,,,ordinary-time,30,tuesday,,,II,"ps128:1-2,3,4,5","Ps 128:1-2, 3, 4, 5",Blessed are all who fear the Lord,2026-10-27,ng:2026-10-27:responsorial-psalm:1,Catholic Missal for Nigeria,1,verified
ng:usage:4e3f4b03dfdc4f3b29e7,NG,temporal,,,ordinary-time,30,tuesday,,,II,"ps128:1-2,3,4-5","Ps 128:1-2, 3, 4-5",Blessed are all who fear the Lord.,2026-11-15,ng:2026-11-15:responsorial-psalm:1,Catholic Missal for Nigeria,2,verified
ng:usage:a414f9c3e6308a1f518a,NG,temporal,,,ordinary-time,30,tuesday,,,II,"ps128:1-2,3,4-5","Ps 128:1-2, 3, 4-5",Happy are those who fear the Lord.,,ng:reconstructed:56f2f22bd29b5920,Catholic Missal for Nigeria,3,verified
ng:usage:40fa1a816f874807439e,NG,temporal,,,ordinary-time,30,wednesday,,,I,"ps13:4-5a,5b-6","Ps 13:4-5a, 5b-6","All my hope, O Lord, is in your loving kindness.",,ps13_4_5a_5b_6,Catholic Daily RSVCE,1,verified-fallback
ng:usage:80e85a021fb08f3e0dce,NG,temporal,,,ordinary-time,30,wednesday,,,II,"ps145:10-11,12-13ab,13cd-14","Ps 145:10-11, 12-13ab, 13cd-14",The Lord is faithful in all his words.,,ps145_10_11_12_13ab_13cd_14,Catholic Daily RSVCE,1,verified-fallback
ng:usage:ccdd9548f687ef2eb253,NG,temporal,,,ordinary-time,31,friday,,,I,"ps98:1,2-3ab,3cd-4","Ps 98:1, 2-3ab, 3cd-4",The Lord has shown his deliverance to the nations,,ps98_1_2_3ab_3cd_4,Catholic Daily RSVCE,1,verified-fallback
ng:usage:c211672601b8b9235cea,NG,temporal,,,ordinary-time,31,friday,,,I,"ps98:1,2-3ab,3cd-4","Ps 98:1, 2-3ab, 3cd-4",The Lord has revealed to the nations his saving power.,,ps98_1_2_3ab_3cd_4,Catholic Daily RSVCE,2,verified-fallback
ng:usage:c8d61af11fe9d333f865,NG,temporal,,,ordinary-time,31,friday,,,II,"ps122:1-2,3-4ab,4cd-5","Ps 122:1-2, 3-4ab, 4cd-5",Let us go rejoicing to the house of the Lord.,2026-05-06,ng:2026-05-06:responsorial-psalm:1,Catholic Missal for Nigeria,1,verified
ng:usage:5868632b63ef59e3ca12,NG,temporal,,,ordinary-time,31,friday,,,II,"ps122:1-2,3-4a,4b-5","Ps 122:1-2, 3-4a, 4b-5",Let us go rejoicing to the house of the Lord.,,ps122_1_2_3_4a_4b_5,Catholic Daily RSVCE,2,verified-fallback
ng:usage:3a47d07c3d8b2b50ca2e,NG,temporal,,,ordinary-time,31,monday,,,I,"ps69:29-30,32-33,35-36","Ps 69:29-30, 32-33, 35-36","Lord, in your great love, answer me.",,ps69_29_30_32_33_35_36,Catholic Daily RSVCE,1,verified-fallback
ng:usage:a5355edcdc00e04bc284,NG,temporal,,,ordinary-time,31,monday,,,II,"ps131:1bcde,2,3","Ps 131:1bcde, 2, 3","Keep my soul in peace at your side, O Lord.",,ps131_1bcde_2_3,Catholic Daily RSVCE,1,verified-fallback
ng:usage:a20d694ed8ddcacf1c7d,NG,temporal,,,ordinary-time,31,monday,,,II,"ps131:1,2,3","Ps 131:1, 2, 3","In you, Lord, I have found my peace.",,ps131_1_2_3,Catholic Daily RSVCE,2,verified-fallback
ng:usage:795cf16c9100abf5f1d0,NG,temporal,,,ordinary-time,31,saturday,,,I,"ps145:2-3,4-5,10-11","Ps 145:2-3, 4-5, 10-11","I will bless your name forever, my king and my God.",,ng:reconstructed:ecc7e6a313311f94,Catholic Missal for Nigeria,1,verified
ng:usage:0fc276cd52e522a4a866,NG,temporal,,,ordinary-time,31,saturday,,,I,"ps145:2-3,4-5,10-11","Ps 145:2-3, 4-5, 10-11","I will praise your name for ever, Lord.",,ng:reconstructed:c4bb1cf3e57418d2,Catholic Missal for Nigeria,2,verified
ng:usage:386bc620963a4b056792,NG,temporal,,,ordinary-time,31,saturday,,,II,"ps112:1b-2,5-6,8a,9","Ps 112:1b-2, 5-6, 8a, 9",Blessed the man who fears the Lord.,2026-11-07,ng:2026-11-07:responsorial-psalm:1,Catholic Missal for Nigeria,1,verified
ng:usage:20e34dc6b43c698b0643,NG,temporal,,,ordinary-time,31,saturday,,,II,"ps112:1-2,5-6,8a+9","Ps 112:1-2, 5-6, 8a+9",Happy are those who fear the Lord.,,ps112_1_2_5_6_8a_9,Catholic Daily RSVCE,2,verified-fallback
ng:usage:6cb8ce91c659d8609027,NG,temporal,,,ordinary-time,31,sunday,,A,,"ps131:1,2,3","Ps 131:1, 2, 3","In you, Lord, I have found my peace.",,ps131_1_2_3,Catholic Daily RSVCE,1,verified-fallback
ng:usage:19187ba22903ce71a6c8,NG,temporal,,,ordinary-time,31,sunday,,B,,"ps18:2-3,3-4,47,51","Ps 18:2-3, 3-4, 47, 51","I love you, Lord, my strength",,ps18_2_3_3_4_47_51,Catholic Daily RSVCE,1,verified-fallback
ng:usage:2b96cc38e6cdc8373809,NG,temporal,,,ordinary-time,31,sunday,,C,,"ps145:1-2,8-9,10-11,13,14","Ps 145:1-2, 8-9, 10-11, 13, 14","I will praise your name for ever, my king and my God.",,local_rsvce:expanded:b1b43c09048cc635,Catholic Daily RSVCE,1,verified-fallback
ng:usage:cc60534484494665fe1f,NG,temporal,,,ordinary-time,31,thursday,,,I,"ps27:1bcde,4,13-14","Ps 27:1bcde, 4, 13-14",I believe I shall see the Lord’s goodness in the land of the living,,ps27_1bcde_4_13_14,Catholic Daily RSVCE,1,verified-fallback
ng:usage:59a9a46e0e63b3cc18fc,NG,temporal,,,ordinary-time,31,thursday,,,I,"ps27:1,4,13-14","Ps 27:1, 4, 13-14",I believe that I shall see the good things of the Lord,,ps27_1_4_13_14,Catholic Daily RSVCE,2,verified-fallback
ng:usage:17b977fa721ba27eedb3,NG,temporal,,,ordinary-time,31,thursday,,,II,"ps105:2-3,4-5,6-7","Ps 105:2-3, 4-5, 6-7",Let the hearts that seek the Lord rejoice.,2026-11-05,ng:2026-11-05:responsorial-psalm:1,Catholic Missal for Nigeria,1,verified
ng:usage:93139e6bc50344791e6a,NG,temporal,,,ordinary-time,31,thursday,,,II,"ps105:2-3,4-5,6-7","Ps 105:2-3, 4-5, 6-7",Let hearts rejoice who search for the Lord.,,ps105_2_3_4_5_6_7,Catholic Daily RSVCE,2,verified-fallback
ng:usage:96a366c5dad6e64c156c,NG,temporal,,,ordinary-time,31,tuesday,,,I,"ps131:1bcde,2,3","Ps 131:1bcde, 2, 3","Keep my soul in peace at your side, O Lord",,ps131_1bcde_2_3,Catholic Daily RSVCE,1,verified-fallback
ng:usage:6f94e4ef44f538f53dd1,NG,temporal,,,ordinary-time,31,tuesday,,,I,"ps131:1,2,3","Ps 131:1, 2, 3","In you, Lord, I have found my peace.",,ps131_1_2_3,Catholic Daily RSVCE,2,verified-fallback
ng:usage:71f96e365c4469b3cd33,NG,temporal,,,ordinary-time,31,tuesday,,,II,"ps22:26b-27,28,29-31,31-32","Ps 22:26b-27, 28, 29-31, 31-32","You are my praise, Lord, in the great assembly.",2026-11-03,ng:2026-11-03:responsorial-psalm:1,Catholic Missal for Nigeria,1,verified
ng:usage:eba477d997331364836f,NG,temporal,,,ordinary-time,31,tuesday,,,II,"ps22:26b-27,28,29-30,31-32","Ps 22:26b-27, 28, 29-30, 31-32","You are my praise, Lord, in the great assembly",,local_rsvce:expanded:21ccca17e8569bd2,Catholic Daily RSVCE,2,verified-fallback
ng:usage:71df223b60112403c71a,NG,temporal,,,ordinary-time,31,tuesday,,,II,"ps22:25b-26,27,28-29,30-31","Ps 22:25b-26, 27, 28-29, 30-31","I will praise you, Lord, in the assembly of your people.",,ps22_25b_26_27_28_29_30_31,Catholic Daily RSVCE,3,verified-fallback
ng:usage:e712505e7c309c9f8613,NG,temporal,,,ordinary-time,31,wednesday,,,I,"ps112:1b-2,4-5,9","Ps 112:1b-2, 4-5, 9",It goes well for the man who deals generously and lends.,,ps112_1b_2_4_5_9,Catholic Daily RSVCE,1,verified-fallback
ng:usage:d7bcbb441f704f64d156,NG,temporal,,,ordinary-time,31,wednesday,,,I,"ps112:1-2,4-5,9","Ps 112:1-2, 4-5, 9",Happy the merciful who give to those in need.,,ps112_1_2_4_5_9,Catholic Daily RSVCE,2,verified-fallback
ng:usage:7a2775adc44fcad8510b,NG,temporal,,,ordinary-time,31,wednesday,,,II,"ps27:1,4,13-14","Ps 27:1, 4, 13-14",The Lord is my light and my salvation.,2025-12-05,ng:2025-12-05:responsorial-psalm:1,Catholic Missal for Nigeria,1,verified
ng:usage:d106c02d5af6687c16df,NG,temporal,,,ordinary-time,32,friday,,,I,"ps19:2-3,4-5ab","Ps 19:2-3, 4-5ab",The heavens declare the glory of God.,,ps19_2_3_4_5ab,Catholic Daily RSVCE,1,verified-fallback
ng:usage:2992372e31447ad8d941,NG,temporal,,,ordinary-time,32,friday,,,I,"ps19:1-2,3-4ab","Ps 19:1-2, 3-4ab",The heavens proclaim the glory of God.,,ps19_1_2_3_4ab,Catholic Daily RSVCE,2,verified-fallback
ng:usage:bd52eb2613d3202d77ee,NG,temporal,,,ordinary-time,32,friday,,,II,"ps119:1,2,10,11,17,18","Ps 119:1, 2, 10, 11, 17, 18",Blessed are those who walk in the law of the Lord!,2026-11-13,ng:2026-11-13:responsorial-psalm:1,Catholic Missal for Nigeria,1,verified
ng:usage:f5de4988e2e70e4a3fcf,NG,temporal,,,ordinary-time,32,friday,,,II,"ps119:1-2,10-11,17-18","Ps 119:1-2, 10-11, 17-18",Happy are they who follow the law of the Lord!,,ps119_1_2_10_11_17_18,Catholic Daily RSVCE,2,verified-fallback
ng:usage:ba1438df6efd23183951,NG,temporal,,,ordinary-time,32,monday,,,I,"ps139:1b-3,4-6,7-8,9-10","Ps 139:1b-3, 4-6, 7-8, 9-10","Lead me, Lord, in the way everlasting.",,ps139_1b_3_4_6_7_8_9_10,Catholic Daily RSVCE,1,verified-fallback
ng:usage:f0cc1ceae47b76c5217e,NG,temporal,,,ordinary-time,32,monday,,,I,"ps139:1-3,4-6,7-8,9-10","Ps 139:1-3, 4-6, 7-8, 9-10","Guide me, Lord, along the everlasting way.",,ps139_1_3_4_6_7_8_9_10,Catholic Daily RSVCE,2,verified-fallback
ng:usage:86587bfe54b9046a83d2,NG,temporal,,,ordinary-time,32,monday,,,II,"ps24:1b-2,3-4ab,5-6","Ps 24:1b-2, 3-4ab, 5-6","These are the people who seek your face, O Lord",,ps24_1b_2_3_4ab_5_6,Catholic Daily RSVCE,1,verified-fallback
ng:usage:a78a9c473ede3b2270f8,NG,temporal,,,ordinary-time,32,monday,,,II,"ps24:1-2,3-4ab,5-6","Ps 24:1-2, 3-4ab, 5-6","Lord, this is the people that longs to see your face.",,ng:reconstructed:4bfbe280022ea07c,Catholic Missal for Nigeria,2,verified
ng:usage:c2b0df13b987639acf59,NG,temporal,,,ordinary-time,32,saturday,,,I,"ps105:2-3,36-37,42-43","Ps 105:2-3, 36-37, 42-43",Remember the wonders the Lord has done.,,ps105_2_3_36_37_42_43,Catholic Daily RSVCE,1,verified-fallback
ng:usage:ead7b0f9bd149fcc5dc4,NG,temporal,,,ordinary-time,32,saturday,,,I,"ps105:2-3,36-37,42-43","Ps 105:2-3, 36-37, 42-43",Remember the marvels the Lord has done.,,ps105_2_3_36_37_42_43,Catholic Daily RSVCE,2,verified-fallback
ng:usage:8ff45f84b1328dd772ab,NG,temporal,,,ordinary-time,32,saturday,,,II,"ps112:1b-2,3-4,5-6","Ps 112:1b-2, 3-4, 5-6",Blessed the man who fears the Lord.,2026-11-14,ng:2026-11-14:responsorial-psalm:1,Catholic Missal for Nigeria,1,verified
ng:usage:87acc7af84ccc2330363,NG,temporal,,,ordinary-time,32,saturday,,,II,"ps112:1-2,3-4,5-6","Ps 112:1-2, 3-4, 5-6",Blessed the man who fears the Lord. or: Alleluia,,ps112_1_2_3_4_5_6,Catholic Daily RSVCE,2,verified-fallback
ng:usage:6f33a6cde9176e1cc290,NG,temporal,,,ordinary-time,32,saturday,,,II,"ps112:1-2,3-4,5-6","Ps 112:1-2, 3-4, 5-6",Happy are those who fear the Lord.,,ps112_1_2_3_4_5_6,Catholic Daily RSVCE,3,verified-fallback
ng:usage:56737c045cb4ff9e00f2,NG,temporal,,,ordinary-time,32,sunday,,A,,"ps63:2,3-4,5-6,7-8","Ps 63:2, 3-4, 5-6, 7-8","For you my soul is thirsting, O Lord, my God.",2026-11-08,ng:2026-11-08:responsorial-psalm:1,Catholic Missal for Nigeria,1,verified
ng:usage:e94092a72f6fb930b11e,NG,temporal,,,ordinary-time,32,sunday,,A,,"ps63:2,3-4,5-6,7-8","Ps 63:2, 3-4, 5-6, 7-8","My soul is thirsting for you, O Lord my God.",,ng:reconstructed:64fca6e1c94beb93,Catholic Missal for Nigeria,2,verified
ng:usage:624be64ae611aa32bb05,NG,temporal,,,ordinary-time,32,sunday,,B,,"ps146:7,8-9,9-10","Ps 146:7, 8-9, 9-10","Praise the Lord, my soul!",,ps146_7_8_9_9_10,Catholic Daily RSVCE,1,verified-fallback
ng:usage:4402e6dadab0c185fdb3,NG,temporal,,,ordinary-time,32,sunday,,C,,"ps46:2-3,5-6,8-9","Ps 46:2-3, 5-6, 8-9","The waters of a river give joy to God’s city, the holy place, the dwelling of the Most High.",,ps46_2_3_5_6_8_9,Catholic Daily RSVCE,1,verified-fallback
ng:usage:33c3b3f37203cc5baf6f,NG,temporal,,,ordinary-time,32,sunday,,C,,"ps17:1,5-6,8,15","Ps 17:1, 5-6, 8, 15","Lord, when your glory appears, my joy will be full.",,ps17_1_5_6_8_15,Catholic Daily RSVCE,2,verified-fallback
ng:usage:a5269f62ec44124dd306,NG,temporal,,,ordinary-time,32,thursday,,,I,"ps119:89,90,91,130,135,175","Ps 119:89, 90, 91, 130, 135, 175","Forever is your word, O Lord.",,ps119_89_90_91_130_135_175__alias_12690867cbeb,Catholic Daily RSVCE,1,verified-fallback
ng:usage:637365fd5820b732fe01,NG,temporal,,,ordinary-time,32,thursday,,,I,"ps119:89-90,91+130,135+175","Ps 119:89-90, 91+130, 135+175","Your word is for ever, O Lord.",,ps119_89_90_91_130_135_175,Catholic Daily RSVCE,2,verified-fallback
ng:usage:a0309b92f48eb49cbe6e,NG,temporal,,,ordinary-time,32,thursday,,,II,"ps146:6c-7,8-9a,9bc-10","Ps 146:6c-7, 8-9a, 9bc-10",Blessed is he who is helped by Jacob’s God.,2026-11-12,ng:2026-11-12:responsorial-psalm:1,Catholic Missal for Nigeria,1,verified
ng:usage:0b0224a50f103309dfbf,NG,temporal,,,ordinary-time,32,thursday,,,II,"ps146:6c-7,8-9a,9bc-10","Ps 146:6c-7, 8-9a, 9bc-10",Blest are they whose help is the God of Jacob.,,ps146_6c_7_8_9a_9bc_10,Catholic Daily RSVCE,2,verified-fallback
ng:usage:8d968048e93d010c77f4,NG,temporal,,,ordinary-time,32,tuesday,,,I,"ps34:2-3,16-17,18-19","Ps 34:2-3, 16-17, 18-19",I will bless the Lord at all times.,,ng:reconstructed:0e8d630def4ef058,Catholic Missal for Nigeria,1,verified
ng:usage:39e08e2274fca0264a45,NG,temporal,,,ordinary-time,32,tuesday,,,II,"ps37:3-4,18,23,27,29","Ps 37:3-4, 18, 23, 27, 29",From the Lord comes the salvation of the just.,2026-11-10,ng:2026-11-10:responsorial-psalm:1,Catholic Missal for Nigeria,1,verified
ng:usage:0e6c86477e029fa1983a,NG,temporal,,,ordinary-time,32,tuesday,,,II,"ps37:3-4,18+23,27+29","Ps 37:3-4, 18+23, 27+29",The salvation of the just comes from the Lord.,,ps37_3_4_18_23_27_29,Catholic Daily RSVCE,2,verified-fallback
ng:usage:08601cb2beac122b5f56,NG,temporal,,,ordinary-time,32,wednesday,,,I,"ps82:3-4,6-7","Ps 82:3-4, 6-7","Arise, O God; judge the earth!",,ps82_3_4_6_7,Catholic Daily RSVCE,1,verified-fallback
ng:usage:5828b509c0eb5b7523bf,NG,temporal,,,ordinary-time,32,wednesday,,,I,"ps82:3-4,6-7","Ps 82:3-4, 6-7","Rise up, O God, bring judgment to the earth.",,ps82_3_4_6_7,Catholic Daily RSVCE,2,verified-fallback
ng:usage:dbcdf5f6fe434866ba9d,NG,temporal,,,ordinary-time,32,wednesday,,,II,"ps23:1-3a,3b-4,5,6","Ps 23:1-3a, 3b-4, 5, 6",The Lord is my shepherd; there is nothing I shall want.,2026-03-15,ng:2026-03-15:responsorial-psalm:1,Catholic Missal for Nigeria,1,verified
ng:usage:84c57bd50bc7beb1255a,NG,temporal,,,ordinary-time,32,wednesday,,,II,"ps23:1b-3a,3bc-4,5,6","Ps 23:1b-3a, 3bc-4, 5, 6",The Lord is my shepherd; there is nothing I shall want,,local_rsvce:expanded:8d32e1cdba570a5e,Catholic Daily RSVCE,2,verified-fallback
ng:usage:f76504c7296adce69b67,NG,temporal,,,ordinary-time,32,wednesday,,,II,"ps23:1-3a,3b-4,5,6","Ps 23:1-3a, 3b-4, 5, 6",The Lord is my shepherd;,,ng:reconstructed:dd7075773890c9c5,Catholic Missal for Nigeria,3,verified
ng:usage:727bd7ef8a26626485e6,NG,temporal,,,ordinary-time,33,friday,,,I,"firstchronicles29:10bcd,11abc,11d-12a,12bcd","Firstchronicles 29:10bcd, 11abc, 11d-12a, 12bcd","We praise your glorious name, O mighty God.",,local_rsvce:expanded:78813c9fbf7982e6,Catholic Daily RSVCE,1,verified-fallback
ng:usage:07cbf7d15243d6fd45c4,NG,temporal,,,ordinary-time,33,friday,,,II,"ps119:14,24,72,103,111,131","Ps 119:14, 24, 72, 103, 111, 131","How sweet is your promise to my tongue, O Lord!",2026-08-11,ng:2026-08-11:responsorial-psalm:1,Catholic Missal for Nigeria,1,verified
ng:usage:c7195c8292bc710e24ea,NG,temporal,,,ordinary-time,33,friday,,,II,"ps119:14+24,72+103,111+131","Ps 119:14+24, 72+103, 111+131",How sweet to my taste is your promise!,,ps119_14_24_72_103_111_131,Catholic Daily RSVCE,2,verified-fallback
ng:usage:138d0f5cab8e46de4c62,NG,temporal,,,ordinary-time,33,monday,,,I,"ps119:53,61,134,150,155,158","Ps 119:53, 61, 134, 150, 155, 158","Give me life, O Lord, and I will keep your commands.",,ps119_53_61_134_150_155_158__alias_c77884ba8e80,Catholic Daily RSVCE,1,verified-fallback
ng:usage:8d8876ae1de76664c04e,NG,temporal,,,ordinary-time,33,monday,,,I,"ps119:53+61,134+150,155+158","Ps 119:53+61, 134+150, 155+158","Give me life, O Lord, and I will do your commands",,ps119_53_61_134_150_155_158,Catholic Daily RSVCE,2,verified-fallback
ng:usage:27ebeaf009d1e10e19f6,NG,temporal,,,ordinary-time,33,monday,,,II,"ps1:1-2,3,4,6","Ps 1:1-2, 3, 4, 6","To him who conquers, I will grant to eat of the tree of life.",2026-11-16,ng:2026-11-16:responsorial-psalm:1,Catholic Missal for Nigeria,1,verified
ng:usage:97d66ac7bea9f399733c,NG,temporal,,,ordinary-time,33,monday,,,II,"ps1:1-2,3,4,6","Ps 1:1-2, 3, 4, 6","To the one who conquers, I will grant to eat of the tree of life.",,ng:reconstructed:1278185b748c3028,Catholic Missal for Nigeria,2,verified
ng:usage:63c45adc171c305553a0,NG,temporal,,,ordinary-time,33,monday,,,II,"ps1:1-2,3,4+6","Ps 1:1-2, 3, 4+6",Those who are victorious,,local_rsvce:expanded:79eaecfe70635984,Catholic Daily RSVCE,3,verified-fallback
ng:usage:cd2e687bef412870a944,NG,temporal,,,ordinary-time,33,saturday,,,I,"ps9:2-3,4,6,16,19","Ps 9:2-3, 4, 6, 16, 19","I will rejoice in your salvation, O Lord.",,ps9_2_3_4_6_16_19,Catholic Daily RSVCE,1,verified-fallback
ng:usage:bf02dbbcc6d417c124fb,NG,temporal,,,ordinary-time,33,saturday,,,I,"ps9:1-2,3+5,16+18","Ps 9:1-2, 3+5, 16+18","I will rejoice in your salvation, O Lord.",,ps9_1_2_3_5_16_18,Catholic Daily RSVCE,2,verified-fallback
ng:usage:f2fee0b15878dc9117bf,NG,temporal,,,ordinary-time,33,saturday,,,II,"ps144:1,2,9-10","Ps 144:1, 2, 9-10","Blest be the Lord, my rock.",2026-01-21,ng:2026-01-21:responsorial-psalm:1,Catholic Missal for Nigeria,1,verified
ng:usage:0dc07edf02b8f62e5dad,NG,temporal,,,ordinary-time,33,saturday,,,II,"ps144:1,2,9-10","Ps 144:1, 2, 9-10","Blessed be the Lord, my Rock!",,ng:reconstructed:0aba0b5afff3f6d3,Catholic Missal for Nigeria,2,verified
ng:usage:d16af25c30569cc4aaee,NG,temporal,,,ordinary-time,33,sunday,,A,,"ps128:1-2,3,4-5","Ps 128:1-2, 3, 4-5",Blessed are all who fear the Lord.,2026-11-15,ng:2026-11-15:responsorial-psalm:1,Catholic Missal for Nigeria,1,verified
ng:usage:867080f66de1c01f5429,NG,temporal,,,ordinary-time,33,sunday,,A,,"ps128:1-2,3,4-5","Ps 128:1-2, 3, 4-5",Blessed are those who fear the Lord.,,ng:reconstructed:9ed5c2d3cd9753d2,Catholic Missal for Nigeria,2,verified
ng:usage:8b2c37e4e7e58a837c2c,NG,temporal,,,ordinary-time,33,sunday,,B,,"ps16:5,8,9-10,11","Ps 16:5, 8, 9-10, 11","Preserve me, O God, for in you I take refuge.",2026-04-04,ng:2026-04-04:responsorial-psalm:3,Catholic Missal for Nigeria,1,verified
ng:usage:4479cc8dce51ac1114ed,NG,temporal,,,ordinary-time,33,sunday,,B,,"ps16:5,8,9-10,11","Ps 16:5, 8, 9-10, 11","You are my inheritance, O Lord!",,ps16_5_8_9_10_11,Catholic Daily RSVCE,2,verified-fallback
ng:usage:d138a059aa00b327104d,NG,temporal,,,ordinary-time,33,sunday,,C,,"ps98:5-6,7-8,9","Ps 98:5-6, 7-8, 9",The Lord comes to judge the peoples with fairness.,,ng:reconstructed:52e32a058f0697ab,Catholic Missal for Nigeria,1,verified
ng:usage:bcf6bb3e013dbabfca11,NG,temporal,,,ordinary-time,33,sunday,,C,,"ps98:5-6,7-8,9","Ps 98:5-6, 7-8, 9",The Lord comes to rule the earth with justice.,,ng:reconstructed:4c3b5965f08ac6fa,Catholic Missal for Nigeria,2,verified
ng:usage:ed6c6f23a8c735a9866a,NG,temporal,,,ordinary-time,33,thursday,,,I,"ps50:1b-2,5-6,14-15","Ps 50:1b-2, 5-6, 14-15","To one whose way is blameless, I will show the salvation of God.",,ps50_1b_2_5_6_14_15,Catholic Daily RSVCE,1,verified-fallback
ng:usage:4fc50669497cb6310de5,NG,temporal,,,ordinary-time,33,thursday,,,I,"ps50:1-2,5-6,14-15","Ps 50:1-2, 5-6, 14-15",To the upright I will show the saving power of God.,,ps50_1_2_5_6_14_15,Catholic Daily RSVCE,2,verified-fallback
ng:usage:c9243146975cad6e728f,NG,temporal,,,ordinary-time,33,thursday,,,II,"ps149:1b-2,3-4,5-6a,9bc","Ps 149:1b-2, 3-4, 5-6a, 9bc",You have made us a kingdom and priests to our God.,2026-11-19,ng:2026-11-19:responsorial-psalm:1,Catholic Missal for Nigeria,1,verified
ng:usage:9f914de6da7f23e03a90,NG,temporal,,,ordinary-time,33,thursday,,,II,"ps149:1b-2,3-4,5-6a,9b","Ps 149:1b-2, 3-4, 5-6a, 9b",You have made us a kingdom and priests to our God.,,ps149_1b_2_3_4_5_6a_9b,Catholic Daily RSVCE,2,verified-fallback
ng:usage:834efdf5a29c8ca65bd7,NG,temporal,,,ordinary-time,33,thursday,,,II,"ps149:1-2,3-4,5-6a+9b","Ps 149:1-2, 3-4, 5-6a+9b",The Lamb has made us a kingdom of priests,,ps149_1_2_3_4_5_6a_9b,Catholic Daily RSVCE,3,verified-fallback
ng:usage:527f0e4714c8f2077f62,NG,temporal,,,ordinary-time,33,tuesday,,,I,"ps3:2-3,4-5,6-7","Ps 3:2-3, 4-5, 6-7",The Lord upholds me.,,ps3_2_3_4_5_6_7,Catholic Daily RSVCE,1,verified-fallback
ng:usage:ee48e64e4b0b87004656,NG,temporal,,,ordinary-time,33,tuesday,,,I,"ps3:1-2,3-4,5-6","Ps 3:1-2, 3-4, 5-6",The Lord upholds me.,,ps3_1_2_3_4_5_6,Catholic Daily RSVCE,2,verified-fallback
ng:usage:bc715a10bb6ec347494e,NG,temporal,,,ordinary-time,33,tuesday,,,II,"ps15:2-3a,3bc-4ab,5","Ps 15:2-3a, 3bc-4ab, 5","He who conquers, I will grant him to sit with me on my throne.",2026-11-17,ng:2026-11-17:responsorial-psalm:1,Catholic Missal for Nigeria,1,verified
ng:usage:39bf362c586759718e62,NG,temporal,,,ordinary-time,33,tuesday,,,II,"ps15:2-3a,3bc-4ab,5","Ps 15:2-3a, 3bc-4ab, 5","The one who conquers, I will grant him to sit with me one my throne.",,ng:reconstructed:5dc442cad94ff586,Catholic Missal for Nigeria,2,verified
ng:usage:89d8e03ac0c652cbf678,NG,temporal,,,ordinary-time,33,tuesday,,,II,"ps15:1-3a,3bc-4a,4b-5","Ps 15:1-3a, 3bc-4a, 4b-5",Those who are victorious,,ps15_1_3a_3bc_4a_4b_5,Catholic Daily RSVCE,3,verified-fallback
ng:usage:5e89820b18b4888f1e49,NG,temporal,,,ordinary-time,33,wednesday,,,I,"ps17:1bcd,5-6,8b,15","Ps 17:1bcd, 5-6, 8b, 15","When I awake, O Lord, I shall be filled with the vision of your presence.",,ps17_1bcd_5_6_8b_15,Catholic Daily RSVCE,1,verified-fallback
ng:usage:32ff3c51c5bb26faa563,NG,temporal,,,ordinary-time,33,wednesday,,,I,"ps17:1,5-6,8b+15","Ps 17:1, 5-6, 8b+15","Lord, when your glory appears, my joy will be full.",,ps17_1_5_6_8b_15,Catholic Daily RSVCE,2,verified-fallback
ng:usage:f492d432105608e0e25e,NG,temporal,,,ordinary-time,33,wednesday,,,II,"ps150:1b-2,3-4,5-6","Ps 150:1b-2, 3-4, 5-6","Holy, holy, holy is the Lord God Almighty.",2026-11-18,ng:2026-11-18:responsorial-psalm:1,Catholic Missal for Nigeria,1,verified
ng:usage:59bb1c81486d76673ce2,NG,temporal,,,ordinary-time,33,wednesday,,,II,"ps150:1-2,3-4,5-6","Ps 150:1-2, 3-4, 5-6","Holy, holy, holy Lord, mighty God!",,ps150_1_2_3_4_5_6,Catholic Daily RSVCE,2,verified-fallback
ng:usage:bdab7e21ed3e0d6b8a46,NG,temporal,,,ordinary-time,34,friday,,,I,"daniel3:75,76,77,78,79,80,81","Dan 3:75, 76, 77, 78, 79, 80, 81",Give glory and eternal praise to him!,,local_rsvce:expanded:2ac69bb81725ea09,Catholic Daily RSVCE,1,verified-fallback
ng:usage:415f3226ea4f177c76a0,NG,temporal,,,ordinary-time,34,friday,,,II,"ps84:3,4,5-6a,8a","Ps 84:3, 4, 5-6a, 8a","Behold, the dwelling of God is with men.",2026-11-27,ng:2026-11-27:responsorial-psalm:1,Catholic Missal for Nigeria,1,verified
ng:usage:654163a1197645503b29,NG,temporal,,,ordinary-time,34,friday,,,II,"ps84:1-2,3,4-5,7+10","Ps 84:1-2, 3, 4-5, 7+10",Here God lives among his people.,,ps84_1_2_3_4_5_7_10,Catholic Daily RSVCE,2,verified-fallback
ng:usage:59bb88d692b2cf6ee189,NG,temporal,,,ordinary-time,34,monday,,,I,"daniel3:52,53,54,55,56","Dan 3:52, 53, 54, 55, 56",Glory and praise for ever!,,local_rsvce:expanded:4c1b321ed97fdf76,Catholic Daily RSVCE,1,verified-fallback
ng:usage:c5bd7893ef52c391c03c,NG,temporal,,,ordinary-time,34,monday,,,II,"ps24:1-2,3-4ab,5-6","Ps 24:1-2, 3-4ab, 5-6","These are the people who seek your face, O Lord.",2026-10-23,ng:2026-10-23:responsorial-psalm:1,Catholic Missal for Nigeria,1,verified
ng:usage:2e231a71d93b11e13937,NG,temporal,,,ordinary-time,34,monday,,,II,"ps24:1bc-2,3-4ab,5-6","Ps 24:1bc-2, 3-4ab, 5-6","These are the people who seek your face, O Lord.",,ng:reconstructed:fec9cbaf9d4f37c1,Catholic Missal for Nigeria,2,verified
ng:usage:100569d4c6df9e3c1e29,NG,temporal,,,ordinary-time,34,monday,,,II,"ps24:1-2,3-4ab,5-6","Ps 24:1-2, 3-4ab, 5-6","Lord, this is the people that longs to see your face.",,ng:reconstructed:4bfbe280022ea07c,Catholic Missal for Nigeria,3,verified
ng:usage:7af5861b15c881b9a4bc,NG,temporal,,,ordinary-time,34,saturday,,,I,"daniel3:82,83,84,85,86,87","Dan 3:82, 83, 84, 85, 86, 87",Give glory and eternal praise to him.,,local_rsvce:expanded:c603bf94af5366d0,Catholic Daily RSVCE,1,verified-fallback
ng:usage:cb1c1ac80894f9a4d0d6,NG,temporal,,,ordinary-time,34,saturday,,,II,"ps95:1-2,3-5,6-7abc","Ps 95:1-2, 3-5, 6-7abc","Maranatha! Come, Lord Jesus!",2026-11-28,ng:2026-11-28:responsorial-psalm:1,Catholic Missal for Nigeria,1,verified
ng:usage:6cfc238911a7bac820c1,NG,temporal,,,ordinary-time,34,saturday,,,II,"ps95:1-2,3-5,6-7","Ps 95:1-2, 3-5, 6-7","Maranatha! Come, Lord Jesus!",,ps95_1_2_3_5_6_7,Catholic Daily RSVCE,2,verified-fallback
ng:usage:54cee82e4920a6ed02ee,NG,temporal,,,ordinary-time,34,sunday,,A,,"ps23:1-2,2-3,5-6","Ps 23:1-2, 2-3, 5-6",The Lord is my shepherd; there is nothing I shall want.,,ps23_1_2_2_3_5_6,Catholic Daily RSVCE,1,verified-fallback
ng:usage:50d525c6faa14eb656b2,NG,temporal,,,ordinary-time,34,sunday,,B,,"ps93:1,1-2,5","Ps 93:1, 1-2, 5",The LORD is king; he is robed in majesty.,,ps93_1_1_2_5,Catholic Daily RSVCE,1,verified-fallback
ng:usage:37f43b577ddbcd1e8e4a,NG,temporal,,,ordinary-time,34,sunday,,C,,"ps122:1-2,3-4,4-5","Ps 122:1-2, 3-4, 4-5",Let us go rejoicing to the house of the Lord.,,ps122_1_2_3_4_4_5,Catholic Daily RSVCE,1,verified-fallback
ng:usage:49e0cce05f3bc6e33491,NG,temporal,,,ordinary-time,34,thursday,,,I,"daniel3:68,69,70,71,72,73,74","Dan 3:68, 69, 70, 71, 72, 73, 74",Give glory and eternal praise to him.,,local_rsvce:expanded:4e71d8c47f2ec981,Catholic Daily RSVCE,1,verified-fallback
ng:usage:15639e56608c2182828c,NG,temporal,,,ordinary-time,34,thursday,,,II,"ps100:1-2,3,4,5","Ps 100:1-2, 3, 4, 5",Blessed are those who are invited to the marriage supper of the Lamb.,2026-11-26,ng:2026-11-26:responsorial-psalm:1,Catholic Missal for Nigeria,1,verified
ng:usage:34e6f8a0081bea012060,NG,temporal,,,ordinary-time,34,thursday,,,II,"ps100:1-2,3,4,5","Ps 100:1-2, 3, 4, 5",Blessed are they who are called to,,ng:reconstructed:a0d7d0c2e209b160,Catholic Missal for Nigeria,2,verified
ng:usage:3f4fddcfb09e4201075b,NG,temporal,,,ordinary-time,34,tuesday,,,I,"daniel3:57,58,59,60,61","Dan 3:57, 58, 59, 60, 61",Give glory and eternal praise to him.,,local_rsvce:expanded:4c7aa88df529eb69,Catholic Daily RSVCE,1,verified-fallback
ng:usage:529c87e26b9bfee6a8da,NG,temporal,,,ordinary-time,34,tuesday,,,II,"ps96:10,11-12,13","Ps 96:10, 11-12, 13",The Lord comes to judge the earth.,2026-05-29,ng:2026-05-29:responsorial-psalm:1,Catholic Missal for Nigeria,1,verified
ng:usage:bdc0d51e429b1c3764be,NG,temporal,,,ordinary-time,34,wednesday,,,I,"daniel3:62,63,64,65,66,67","Dan 3:62, 63, 64, 65, 66, 67",Give glory and eternal praise to him.,,local_rsvce:expanded:da1fe3ed7fc1554d,Catholic Daily RSVCE,1,verified-fallback
ng:usage:27a72016617976556ddc,NG,temporal,,,ordinary-time,34,wednesday,,,II,"ps98:1,2-3ab,7-8,9","Ps 98:1, 2-3ab, 7-8, 9","Great and wonderful are your deeds, O Lord God Almighty!",2026-11-25,ng:2026-11-25:responsorial-psalm:1,Catholic Missal for Nigeria,1,verified
ng:usage:3629bc4432741beaff1c,NG,temporal,,,ordinary-time,34,wednesday,,,II,"ps98:1,2-3ab,7-8,9","Ps 98:1, 2-3ab, 7-8, 9","Great and amazing are your deeds, O Lord God Almighty!",,ps98_1_2_3ab_7_8_9,Catholic Daily RSVCE,2,verified-fallback
ng:usage:21df00bcb2293df2886f,NG,temporal,,,ordinary-time,34,wednesday,,,II,"ps98:1,2-3ab,7-8,9","Ps 98:1, 2-3ab, 7-8, 9","Great and wonderful are all your works,",,ps98_1_2_3ab_7_8_9,Catholic Daily RSVCE,3,verified-fallback
ng:usage:791a9c80528a218a76aa,NG,temporal,,,ordinary-time,3,friday,,,I,"ps37:3-4,5-6,23-24,39-40","Ps 37:3-4, 5-6, 23-24, 39-40",The salvation of the just comes from the Lord.,,ps37_3_4_5_6_23_24_39_40,Catholic Daily RSVCE,1,verified-fallback
ng:usage:0542a251b4926621e639,NG,temporal,,,ordinary-time,3,friday,,,II,"ps51:3-4,5-6ab,6cd-7,10-11","Ps 51:3-4, 5-6ab, 6cd-7, 10-11","Have mercy, O Lord, for we have sinned.",2026-01-30,ng:2026-01-30:responsorial-psalm:1,Catholic Missal for Nigeria,1,verified
ng:usage:6766eb618fde9a1237fe,NG,temporal,,,ordinary-time,3,friday,,,II,"ps96:1-2a,2b-3,7-8a,10","Ps 96:1-2a, 2b-3, 7-8a, 10",Tell among all the peoples the wonders of the Lord.,2026-01-26,ng:2026-01-26:responsorial-psalm:1,Catholic Missal for Nigeria,2,verified
ng:usage:594ec5bf788bf246129e,NG,temporal,,,ordinary-time,3,friday,,,II,"ps51:1-2,3-4a,4bc-5,8-9","Ps 51:1-2, 3-4a, 4bc-5, 8-9","Be merciful, O Lord,",,ps51_1_2_3_4a_4bc_5_8_9,Catholic Daily RSVCE,3,verified-fallback
ng:usage:ae21586738b6a217760d,NG,temporal,,,ordinary-time,3,monday,,,I,"ps98:1,2-3ab,3cd-4,5-6","Ps 98:1, 2-3ab, 3cd-4, 5-6","Sing to the Lord a new song, for he has done marvellous deeds.",,ps98_1_2_3ab_3cd_4_5_6,Catholic Daily RSVCE,1,verified-fallback
ng:usage:dab92b2f6ed7b38eadbd,NG,temporal,,,ordinary-time,3,monday,,,I,"ps98:1,2-3ab,3cd-4,5-6","Ps 98:1, 2-3ab, 3cd-4, 5-6","Sing to the Lord a new song,",,ps98_1_2_3ab_3cd_4_5_6,Catholic Daily RSVCE,2,verified-fallback
ng:usage:d2e311cd4796903abc91,NG,temporal,,,ordinary-time,3,monday,,,II,"ps96:1-2a,2b-3,7-8a,10","Ps 96:1-2a, 2b-3, 7-8a, 10",Tell among all the peoples the wonders of the Lord,2026-01-26,ng:2026-01-26:responsorial-psalm:1,Catholic Missal for Nigeria,1,verified
ng:usage:36df0d525ccc1f62ee6a,NG,temporal,,,ordinary-time,3,monday,,,II,"ps3:2-3,4-5,6-7","Ps 3:2-3, 4-5, 6-7","Arise, Lord, save me.",,ps3_2_3_4_5_6_7,Catholic Daily RSVCE,2,verified-fallback
ng:usage:987578e0ba7acfc79e8b,NG,temporal,,,ordinary-time,3,monday,,,II,"ps89:19,20-21,24-25","Ps 89:19, 20-21, 24-25",My faithfulness and steadfast love shall be with him.,,ps89_19_20_21_24_25,Catholic Daily RSVCE,3,verified-fallback
ng:usage:97ead58310895c7559e7,NG,temporal,,,ordinary-time,3,saturday,,,I,"luke1:69,70-72,73-75","Luke 1:69, 70-72, 73-75",Blessed be the Lord the God of Israel; he has come to his people.,,luke1_69_70_72_73_75,Catholic Daily RSVCE,1,verified-fallback
ng:usage:a677d82b6ed93a5070f3,NG,temporal,,,ordinary-time,3,saturday,,,II,"ps51:12-13,14-15,16-17","Ps 51:12-13, 14-15, 16-17","Create a pure heart for me, O God.",2026-01-31,ng:2026-01-31:responsorial-psalm:1,Catholic Missal for Nigeria,1,verified
ng:usage:8f12154eab87872ca099,NG,temporal,,,ordinary-time,3,saturday,,,II,"ps51:10-11,12-13,14-15","Ps 51:10-11, 12-13, 14-15","Create a clean heart in me, O God.",,ng:reconstructed:13e9c323e21bf074,Catholic Missal for Nigeria,2,verified
ng:usage:8f511836f6eb44ba8a42,NG,temporal,,,ordinary-time,3,sunday,,A,,"ps27:1,4,13-14","Ps 27:1, 4, 13-14",The Lord is my light and my salvation.,2025-12-05,ng:2025-12-05:responsorial-psalm:1,Catholic Missal for Nigeria,1,verified
ng:usage:523b41ade5e76a7dd7d4,NG,temporal,,,ordinary-time,3,sunday,,B,,"ps25:4-5,6-7,8-9","Ps 25:4-5, 6-7, 8-9","O Lord, make me know your ways.",,ng:reconstructed:b8ad46457d141745,Catholic Missal for Nigeria,1,verified
ng:usage:8077ff062eca57045948,NG,temporal,,,ordinary-time,3,sunday,,B,,"ps25:4-5,6-7,8-9","Ps 25:4-5, 6-7, 8-9","Teach me your ways, O Lord.",,ng:reconstructed:db49483ba7819206,Catholic Missal for Nigeria,2,verified
ng:usage:8185d78dd45760462512,NG,temporal,,,ordinary-time,3,sunday,,C,,"ps19:8,9,10,15","Ps 19:8, 9, 10, 15","Your words, Lord, are Spirit and life.",,ng:reconstructed:005ac49f5337e7db,Catholic Missal for Nigeria,1,verified
ng:usage:68ae07393c60d22c0337,NG,temporal,,,ordinary-time,3,thursday,,,I,"ps24:1-2,3-4ab,5-6","Ps 24:1-2, 3-4ab, 5-6","Lord, this is the people that longs to see your face.",,ng:reconstructed:4bfbe280022ea07c,Catholic Missal for Nigeria,1,verified
ng:usage:0e56a51d4506970f3826,NG,temporal,,,ordinary-time,3,thursday,,,II,"ps132:1-2,3-5,11,12,13-14","Ps 132:1-2, 3-5, 11, 12, 13-14",The Lord God will give to him the throne of his father David.,2026-01-29,ng:2026-01-29:responsorial-psalm:1,Catholic Missal for Nigeria,1,verified
ng:usage:198ca80d2240149be73a,NG,temporal,,,ordinary-time,3,thursday,,,II,"ps117:1bc,2","Ps 117:1bc, 2",Go into all the world and proclaim the gospel.,,ps117_1bc_2,Catholic Daily RSVCE,2,verified-fallback
ng:usage:15404050173b77f244cf,NG,temporal,,,ordinary-time,3,thursday,,,II,"ps132:1-2,3-5,11,12,13-14","Ps 132:1-2, 3-5, 11, 12, 13-14",God will give him,,ps132_1_2_3_5_11_12_13_14,Catholic Daily RSVCE,3,verified-fallback
ng:usage:8676fdc155bf429f09c9,NG,temporal,,,ordinary-time,3,tuesday,,,I,"ps40:2,4ab,7-8a,10,11","Ps 40:2, 4ab, 7-8a, 10, 11",Here am I Lord; I come to do your will.,,ps40_2_4ab_7_8a_10_11,Catholic Daily RSVCE,1,verified-fallback
ng:usage:18f06327da9f5e8cca17,NG,temporal,,,ordinary-time,3,tuesday,,,I,"ps40:1+3ab,6-7a,9,10","Ps 40:1+3ab, 6-7a, 9, 10","Here am I, Lord; I come to do your will.",,ps40_1_3ab_6_7a_9_10,Catholic Daily RSVCE,2,verified-fallback
ng:usage:21a59b6572dbea29891d,NG,temporal,,,ordinary-time,3,tuesday,,,II,"ps24:7,8,9,10","Ps 24:7, 8, 9, 10",Who is the king of glory? It is the Lord!,2026-01-27,ng:2026-01-27:responsorial-psalm:1,Catholic Missal for Nigeria,1,verified
ng:usage:b8e01c753d8a69498fa6,NG,temporal,,,ordinary-time,3,tuesday,,,II,"ps24:7,8,9,10","Ps 24:7, 8, 9, 10",Who is this king of glory?,,ng:reconstructed:58e208168701c96a,Catholic Missal for Nigeria,2,verified
ng:usage:8bfef6223ec61994e78a,NG,temporal,,,ordinary-time,3,wednesday,,,I,"ps110:1,2,3,4","Ps 110:1, 2, 3, 4","You are a priest for ever, in the line of Melchizedek.",,ps110_1_2_3_4,Catholic Daily RSVCE,1,verified-fallback
ng:usage:81511e87caa886c870b7,NG,temporal,,,ordinary-time,3,wednesday,,,I,"ps110:1,2,3,4","Ps 110:1, 2, 3, 4","You are a priest for ever,",,ps110_1_2_3_4,Catholic Daily RSVCE,2,verified-fallback
ng:usage:100bdb7788e426d42214,NG,temporal,,,ordinary-time,3,wednesday,,,II,"ps89:4-5,27-28,29-30","Ps 89:4-5, 27-28, 29-30",I will keep my faithful love for him always.,2026-01-28,ng:2026-01-28:responsorial-psalm:1,Catholic Missal for Nigeria,1,verified
ng:usage:a190f5d55792c6b9ff85,NG,temporal,,,ordinary-time,3,wednesday,,,II,"ps89:3-4,26-27,28-29","Ps 89:3-4, 26-27, 28-29",For ever I will pledge my love for my servant.,,ps89_3_4_26_27_28_29,Catholic Daily RSVCE,2,verified-fallback
ng:usage:0df0daf3989db98a1ffa,NG,temporal,,,ordinary-time,4,friday,,,I,"ps27:1,3,5,8b-9abc","Ps 27:1, 3, 5, 8b-9abc",The Lord is my light and my salvation.,,ps27_1_3_5_8b_9abc,Catholic Daily RSVCE,1,verified-fallback
ng:usage:06afceb93f72fb3c9055,NG,temporal,,,ordinary-time,4,friday,,,II,"ps18:31,47,50,51","Ps 18:31, 47, 50, 51",Blest be the God of my salvation!,2026-02-06,ng:2026-02-06:responsorial-psalm:1,Catholic Missal for Nigeria,1,verified
ng:usage:180c0c835d51c17e6a2d,NG,temporal,,,ordinary-time,4,friday,,,II,"ps18:30,46+49,50","Ps 18:30, 46+49, 50",Blessed be God my salvation!,,ps18_30_46_49_50,Catholic Daily RSVCE,2,verified-fallback
ng:usage:9e7d103fc2be9248c832,NG,temporal,,,ordinary-time,4,monday,,,I,"ps31:20,21,22,23,24","Ps 31:20, 21, 22, 23, 24","Let your hearts take comfort, all who hope in the Lord.",,ps31_20_21_22_23_24,Catholic Daily RSVCE,1,verified-fallback
ng:usage:3e14c124d1c7437d1c37,NG,temporal,,,ordinary-time,4,monday,,,I,"ps31:19,20,21,22,23","Ps 31:19, 20, 21, 22, 23","Let your hearts take comfort,",,ps31_19_20_21_22_23,Catholic Daily RSVCE,2,verified-fallback
ng:usage:0697815e5755a5928d29,NG,temporal,,,ordinary-time,4,monday,,,II,"ps132:6-7,8-10","Ps 132:6-7, 8-10","Go up, Lord, to the place of your rest.",2026-02-09,ng:2026-02-09:responsorial-psalm:1,Catholic Missal for Nigeria,1,verified
ng:usage:c99863157d9ff2c60f53,NG,temporal,,,ordinary-time,4,monday,,,II,"ps3:1-2,3-4,5-6","Ps 3:1-2, 3-4, 5-6","Lord, rise up and save me.",,ps3_1_2_3_4_5_6,Catholic Daily RSVCE,2,verified-fallback
ng:usage:eb25478528530f43adf5,NG,temporal,,,ordinary-time,4,saturday,,,I,"ps23:1-3a,3b-4,5,6","Ps 23:1-3a, 3b-4, 5, 6",The Lord is my shepherd; there is nothing I shall want.,2026-03-15,ng:2026-03-15:responsorial-psalm:1,Catholic Missal for Nigeria,1,verified
ng:usage:7d2cd91a2359f621d7b2,NG,temporal,,,ordinary-time,4,saturday,,,I,"ps23:1-3a,3b-4,5,6","Ps 23:1-3a, 3b-4, 5, 6",The Lord is my shepherd;,,ng:reconstructed:dd7075773890c9c5,Catholic Missal for Nigeria,2,verified
ng:usage:2cd70cc9776aa48d2709,NG,temporal,,,ordinary-time,4,saturday,,,II,"ps119:9,10,11,12,13,14","Ps 119:9, 10, 11, 12, 13, 14","O Lord, teach me your statutes.",2026-02-07,ng:2026-02-07:responsorial-psalm:1,Catholic Missal for Nigeria,1,verified
ng:usage:d69bd004df77a76eed47,NG,temporal,,,ordinary-time,4,saturday,,,II,"ps119:9-10,11-12,13-14","Ps 119:9-10, 11-12, 13-14","Lord, teach me your decrees.",,ps119_9_10_11_12_13_14,Catholic Daily RSVCE,2,verified-fallback
ng:usage:9069c56c1425baba2158,NG,temporal,,,ordinary-time,4,sunday,,A,,"ps146:6-7,8-9a,9bc-10","Ps 146:6-7, 8-9a, 9bc-10","Blessed are the poor in spirit, for theirs is the kingdom of heaven.",2026-02-01,ng:2026-02-01:responsorial-psalm:1,Catholic Missal for Nigeria,1,verified
ng:usage:fb8ecda5f2fb465b36c8,NG,temporal,,,ordinary-time,4,sunday,,A,,"ps146:6-7,8-9,9-10","Ps 146:6-7, 8-9, 9-10",Blessed the poor in spirit; the kingdom of heaven is,,ps146_6_7_8_9_9_10,Catholic Daily RSVCE,2,verified-fallback
ng:usage:c45f596627da40c10dd8,NG,temporal,,,ordinary-time,4,sunday,,B,,"ps95:1-2,6-7,8-9","Ps 95:1-2, 6-7, 8-9",O that today you would listen to his voice! Harden not your hearts.,,ps95_1_2_6_7_8_9,Catholic Daily RSVCE,1,verified-fallback
ng:usage:65d2720707dc0c7ff669,NG,temporal,,,ordinary-time,4,sunday,,B,,"ps95:1-2,6-7,7-9","Ps 95:1-2, 6-7, 7-9","If today you hear his voice, harden not your hearts.",,ps95_1_2_6_7_7_9,Catholic Daily RSVCE,2,verified-fallback
ng:usage:9cd27fa2000c55770cf6,NG,temporal,,,ordinary-time,4,sunday,,C,,"ps71:1-2,3-4,5-6,15-17","Ps 71:1-2, 3-4, 5-6, 15-17",I will sing of your salvation.,,ps71_1_2_3_4_5_6_15_17,Catholic Daily RSVCE,1,verified-fallback
ng:usage:464fb9b388f5c4c37253,NG,temporal,,,ordinary-time,4,thursday,,,I,"ps48:2-3ab,3cd-4,9,10-11","Ps 48:2-3ab, 3cd-4, 9, 10-11","O God, we ponder your mercy within your temple.",,ps48_2_3ab_3cd_4_9_10_11,Catholic Daily RSVCE,1,verified-fallback
ng:usage:d25a14f9437d6cb52f1e,NG,temporal,,,ordinary-time,4,thursday,,,I,"ps48:1-2a,2b-3,8,9-10","Ps 48:1-2a, 2b-3, 8, 9-10","God, in your temple, we ponder your love.",,ps48_1_2a_2b_3_8_9_10,Catholic Daily RSVCE,2,verified-fallback
ng:usage:901190bd881687462442,NG,temporal,,,ordinary-time,4,thursday,,,II,"1chr29:10b,11ab,11d-12a,12bcd","1Chr 29:10b, 11ab, 11d-12a, 12bcd","O Lord, you rule over all.",2026-02-05,ng:2026-02-05:responsorial-psalm:1,Catholic Missal for Nigeria,1,verified
ng:usage:5a84233f92b22496b337,NG,temporal,,,ordinary-time,4,thursday,,,II,"firstchronicles29:10,11ab,11d-12a,12bcd","Firstchronicles 29:10, 11ab, 11d-12a, 12bcd","Lord, you are exalted over all.",,local_rsvce:expanded:7034a2b87fae0bb0,Catholic Daily RSVCE,2,verified-fallback
ng:usage:8a3c07f7b1cefe41b29d,NG,temporal,,,ordinary-time,4,thursday,,,II,"ps48:1-2a,2b-3,8,9-10","Ps 48:1-2a, 2b-3, 8, 9-10","God, in your temple, we ponder your love.",,ps48_1_2a_2b_3_8_9_10,Catholic Daily RSVCE,3,verified-fallback
ng:usage:c3c3232c303c4342844b,NG,temporal,,,ordinary-time,4,tuesday,,,I,"ps22:26b-27,28,30,31-32","Ps 22:26b-27, 28, 30, 31-32","They will praise you, Lord, who long for you.",,ps22_26b_27_28_30_31_32,Catholic Daily RSVCE,1,verified-fallback
ng:usage:5c57b16d90d934817920,NG,temporal,,,ordinary-time,4,tuesday,,,I,"ps22:25b-26,27+29,30-31","Ps 22:25b-26, 27+29, 30-31","They will praise you, Lord, who long for you.",,ps22_25b_26_27_29_30_31,Catholic Daily RSVCE,2,verified-fallback
ng:usage:b720089d1635b232436d,NG,temporal,,,ordinary-time,4,tuesday,,,II,"ps86:1-2,3-4,5-6","Ps 86:1-2, 3-4, 5-6","Turn your ear, O Lord, and answer me.",2026-02-03,ng:2026-02-03:responsorial-psalm:1,Catholic Missal for Nigeria,1,verified
ng:usage:508e6524a97782129e79,NG,temporal,,,ordinary-time,4,tuesday,,,II,"ps86:1-2,3-4,5-6","Ps 86:1-2, 3-4, 5-6","Listen, Lord, and answer me.",,ng:reconstructed:2c8039710f982ffa,Catholic Missal for Nigeria,2,verified
ng:usage:b505a4c7a7539a9a0301,NG,temporal,,,ordinary-time,4,wednesday,,,I,"ps103:1-2,13-14,17-18a","Ps 103:1-2, 13-14, 17-18a",The Lord’s kindness is everlasting to those who fear him.,,ps103_1_2_13_14_17_18a,Catholic Daily RSVCE,1,verified-fallback
ng:usage:9982a91d31e48008f336,NG,temporal,,,ordinary-time,4,wednesday,,,I,"ps103:1-2,13-14,17-18a","Ps 103:1-2, 13-14, 17-18a",The Lord's kindness is everlasting,,ps103_1_2_13_14_17_18a,Catholic Daily RSVCE,2,verified-fallback
ng:usage:c718f3a51ac66dbb38f3,NG,temporal,,,ordinary-time,4,wednesday,,,II,"ps32:1-2,5,6,7","Ps 32:1-2, 5, 6, 7","O Lord, forgive the guilt of my sin.",2026-02-04,ng:2026-02-04:responsorial-psalm:1,Catholic Missal for Nigeria,1,verified
ng:usage:6e7b68b410104d57fa77,NG,temporal,,,ordinary-time,4,wednesday,,,II,"ps32:1-2,5,6,7","Ps 32:1-2, 5, 6, 7","Lord, forgive the wrong I have done.",,ng:reconstructed:ad6632eebca0afcd,Catholic Missal for Nigeria,2,verified
ng:usage:6455c77bab6a16a31089,NG,temporal,,,ordinary-time,5,friday,,,I,"ps32:1-2,5,6,7","Ps 32:1-2, 5, 6, 7",Blessed are those whose sins are forgiven.,,ng:reconstructed:06fe309b214994ad,Catholic Missal for Nigeria,1,verified
ng:usage:8e2d7d67e84debf50248,NG,temporal,,,ordinary-time,5,friday,,,I,"ps32:1-2,5,6,7","Ps 32:1-2, 5, 6, 7",Happy are those whose sins are forgiven.,,ng:reconstructed:2c92fedeeaca34de,Catholic Missal for Nigeria,2,verified
ng:usage:40196f652a8de2e99aff,NG,temporal,,,ordinary-time,5,friday,,,II,"ps81:10-11ab,12-13,14-15","Ps 81:10-11ab, 12-13, 14-15","I am the Lord, your God: listen to my voice.",2026-02-13,ng:2026-02-13:responsorial-psalm:1,Catholic Missal for Nigeria,1,verified
ng:usage:d3ddde45b55f8d0e48a6,NG,temporal,,,ordinary-time,5,friday,,,II,"ps81:9-10ab,11-12,13-14","Ps 81:9-10ab, 11-12, 13-14","I am the Lord, your God; hear my voice.",,ps81_9_10ab_11_12_13_14,Catholic Daily RSVCE,2,verified-fallback
ng:usage:b84860edaa20377e668f,NG,temporal,,,ordinary-time,5,monday,,,I,"ps104:1-2a,5-6,10,12,24,35c","Ps 104:1-2a, 5-6, 10, 12, 24, 35c",May the Lord be glad in his works.,,ps104_1_2a_5_6_10_12_24_35c__alias_2435d46db5b5,Catholic Daily RSVCE,1,verified-fallback
ng:usage:b6deb071fbee1ffe78c4,NG,temporal,,,ordinary-time,5,monday,,,I,"ps104:1-2a,5-6,10+12,24+35c","Ps 104:1-2a, 5-6, 10+12, 24+35c",May the Lord be glad in his works.,,ps104_1_2a_5_6_10_12_24_35c,Catholic Daily RSVCE,2,verified-fallback
ng:usage:1ca1aced19bf24c6b67a,NG,temporal,,,ordinary-time,5,monday,,,II,"ps132:6-7,8-10","Ps 132:6-7, 8-10","Go up, Lord, to the place of your rest.",2026-02-09,ng:2026-02-09:responsorial-psalm:1,Catholic Missal for Nigeria,1,verified
ng:usage:1bb970ece8545811b4fa,NG,temporal,,,ordinary-time,5,monday,,,II,"ps119:67,68,71,72,75,76","Ps 119:67, 68, 71, 72, 75, 76","Show me compassion, that I may live.",,ng:reconstructed:d2db030c23bd57af,Catholic Missal for Nigeria,2,verified
ng:usage:6ce309fc9177fe30ea2d,NG,temporal,,,ordinary-time,5,monday,,,II,"ps132:1a+2b+4a+5a,6+8,9-10,13-14","Ps 132:1a+2b+4a+5a, 6+8, 9-10, 13-14","Lord, go up to the place of your rest!",,ps132_1a_2b_4a_5a_6_8_9_10_13_14,Catholic Daily RSVCE,3,verified-fallback
ng:usage:69b5ee14fb683c611fcb,NG,temporal,,,ordinary-time,5,saturday,,,I,"ps90:2,3-4abc,5-6,12-13","Ps 90:2, 3-4abc, 5-6, 12-13","In every age, O Lord, you have been our refuge.",,ps90_2_3_4abc_5_6_12_13,Catholic Daily RSVCE,1,verified-fallback
ng:usage:fbca941431e10d58894f,NG,temporal,,,ordinary-time,5,saturday,,,I,"ps90:2,3-4,5-6,12-13","Ps 90:2, 3-4, 5-6, 12-13","In every age, O Lord, you have been our refuge.",,ps90_2_3_4_5_6_12_13,Catholic Daily RSVCE,2,verified-fallback
ng:usage:ba8380ce68ec4f401d2b,NG,temporal,,,ordinary-time,5,saturday,,,II,"ps106:6-7ab,19-20,21-22","Ps 106:6-7ab, 19-20, 21-22","O Lord, remember us with the favour you show to your people.",2026-02-14,ng:2026-02-14:responsorial-psalm:1,Catholic Missal for Nigeria,1,verified
ng:usage:46c9d5435940486f9e2e,NG,temporal,,,ordinary-time,5,saturday,,,II,"ps106:6-7ab,19-20,21-22","Ps 106:6-7ab, 19-20, 21-22","O Lord, remember me with the favour you show to your people..",,ng:reconstructed:b79b811a86a99f95,Catholic Missal for Nigeria,2,verified
ng:usage:7c7bd55d765e552b42de,NG,temporal,,,ordinary-time,5,saturday,,,II,"ps106:6-7a,19-20,21-22","Ps 106:6-7a, 19-20, 21-22","Lord, remember us,",,ps106_6_7a_19_20_21_22,Catholic Daily RSVCE,3,verified-fallback
ng:usage:39f6c0c2fa2ccb5277b6,NG,temporal,,,ordinary-time,5,sunday,,A,,"ps112:4-5,6-7,8a,9","Ps 112:4-5, 6-7, 8a, 9",A light rises in the darkness for the upright.,2026-02-08,ng:2026-02-08:responsorial-psalm:1,Catholic Missal for Nigeria,1,verified
ng:usage:b944753028c3f0189d29,NG,temporal,,,ordinary-time,5,sunday,,A,,"ps112:4-5,6-7,8-9","Ps 112:4-5, 6-7, 8-9",The just man is a light in darkness to the upright.,,ps112_4_5_6_7_8_9,Catholic Daily RSVCE,2,verified-fallback
ng:usage:fabfe674146bc3802771,NG,temporal,,,ordinary-time,5,sunday,,B,,"ps147:1-2,3-4,5-6","Ps 147:1-2, 3-4, 5-6",Praise the Lord who heals the brokenhearted.,,ps147_1_2_3_4_5_6,Catholic Daily RSVCE,1,verified-fallback
ng:usage:60abb08fe639159af982,NG,temporal,,,ordinary-time,5,sunday,,C,,"ps138:1-2ab,2cd-3,4-5,7c-8","Ps 138:1-2ab, 2cd-3, 4-5, 7c-8","In the sight of the angels I will sing your praises, Lord.",,ps138_1_2ab_2cd_3_4_5_7c_8,Catholic Daily RSVCE,1,verified-fallback
ng:usage:434cd4085b6b74ab24f4,NG,temporal,,,ordinary-time,5,sunday,,C,,"ps138:1-2,2-3,4-5,7-8","Ps 138:1-2, 2-3, 4-5, 7-8","In the sight of the angels I will sing your praises, Lord.",,ps138_1_2_2_3_4_5_7_8,Catholic Daily RSVCE,2,verified-fallback
ng:usage:4bd48112478bab6c8686,NG,temporal,,,ordinary-time,5,thursday,,,I,"ps128:1-2,3,4-5","Ps 128:1-2, 3, 4-5",Blessed are those who fear the Lord.,,ng:reconstructed:9ed5c2d3cd9753d2,Catholic Missal for Nigeria,1,verified
ng:usage:e0fa10732c60eaf7407d,NG,temporal,,,ordinary-time,5,thursday,,,I,"ps128:1-2,3,4-5","Ps 128:1-2, 3, 4-5",Happy are those who fear the Lord.,,ng:reconstructed:56f2f22bd29b5920,Catholic Missal for Nigeria,2,verified
ng:usage:bdc486e2c280dfacf48d,NG,temporal,,,ordinary-time,5,thursday,,,II,"ps106:3-4,35-36,37,40","Ps 106:3-4, 35-36, 37, 40","O Lord, remember us with the favour you show to your people",2026-02-12,ng:2026-02-12:responsorial-psalm:1,Catholic Missal for Nigeria,1,verified
ng:usage:f0d567deea64fd14d196,NG,temporal,,,ordinary-time,5,thursday,,,II,"ps106:3-4,6-7,35-36,37+40","Ps 106:3-4, 6-7, 35-36, 37+40","Lord, remember us,",,ps106_3_4_6_7_35_36_37_40,Catholic Daily RSVCE,2,verified-fallback
ng:usage:3ba75ee4bb919f788ef7,NG,temporal,,,ordinary-time,5,tuesday,,,I,"ps8:4-5,6-7,8-9","Ps 8:4-5, 6-7, 8-9","O Lord, our God, how wonderful your name in all the earth!",,ps8_4_5_6_7_8_9,Catholic Daily RSVCE,1,verified-fallback
ng:usage:15641830fda69a9c9090,NG,temporal,,,ordinary-time,5,tuesday,,,I,"ps8:3-4,5-6,7-8","Ps 8:3-4, 5-6, 7-8","O Lord our God, how wonderful your name in all the earth!",,ps8_3_4_5_6_7_8,Catholic Daily RSVCE,2,verified-fallback
ng:usage:043ee44ae284820d49ab,NG,temporal,,,ordinary-time,5,tuesday,,,II,"ps84:3,4,5,10,11","Ps 84:3, 4, 5, 10, 11","How lovely is your dwelling place, O Lord of hosts!",2026-02-10,ng:2026-02-10:responsorial-psalm:1,Catholic Missal for Nigeria,1,verified
ng:usage:cc5aa10ef248c2562b74,NG,temporal,,,ordinary-time,5,tuesday,,,II,"ps84:2,3,4+9,10","Ps 84:2, 3, 4+9, 10","How lovely is your dwelling place,",,ps84_2_3_4_9_10,Catholic Daily RSVCE,2,verified-fallback
ng:usage:6b953223feabf9821c5c,NG,temporal,,,ordinary-time,5,wednesday,,,I,"ps104:1-2a,27-28,29bc-30","Ps 104:1-2a, 27-28, 29bc-30","O bless the Lord, my soul!",,ps104_1_2a_27_28_29bc_30,Catholic Daily RSVCE,1,verified-fallback
ng:usage:05a70376c8cee168f140,NG,temporal,,,ordinary-time,5,wednesday,,,II,"ps37:5-6,30-31,39-40","Ps 37:5-6, 30-31, 39-40",The mouth of the just man utters wisdom.,2026-02-11,ng:2026-02-11:responsorial-psalm:1,Catholic Missal for Nigeria,1,verified
ng:usage:f01fbe5267074b0820ca,NG,temporal,,,ordinary-time,5,wednesday,,,II,"ps37:5-6,30-31,39-40","Ps 37:5-6, 30-31, 39-40",The mouths of the just murmur wisdom.,,ps37_5_6_30_31_39_40,Catholic Daily RSVCE,2,verified-fallback
ng:usage:ecbc2c11032ef0c7dcd9,NG,temporal,,,ordinary-time,6,friday,,,I,"ps33:10-11,12-13,14-15","Ps 33:10-11, 12-13, 14-15",Blessed the people the Lord has chosen to be his own.,,ps33_10_11_12_13_14_15,Catholic Daily RSVCE,1,verified-fallback
ng:usage:6ecd006455fc761f0afb,NG,temporal,,,ordinary-time,6,friday,,,I,"ps33:10-11,12-13,14-15","Ps 33:10-11, 12-13, 14-15",Happy the people the Lord has chosen to be his own.,,ps33_10_11_12_13_14_15,Catholic Daily RSVCE,2,verified-fallback
ng:usage:35de148817d055efcbaf,NG,temporal,,,ordinary-time,6,friday,,,II,"ps112:1-2,3-4,5-6","Ps 112:1-2, 3-4, 5-6",Happy are those who do what the Lord commands.,,ps112_1_2_3_4_5_6,Catholic Daily RSVCE,1,verified-fallback
ng:usage:d6c9941408ed7cad17a0,NG,temporal,,,ordinary-time,6,monday,,,I,"ps50:1,8,16bc-17,20-21","Ps 50:1, 8, 16bc-17, 20-21",Offer to God a sacrifice of praise.,,ps50_1_8_16bc_17_20_21__alias_7595ba26664c,Catholic Daily RSVCE,1,verified-fallback
ng:usage:ddb2f60f5d27f64a5feb,NG,temporal,,,ordinary-time,6,monday,,,I,"ps50:1+8,16bc-17,20-21","Ps 50:1+8, 16bc-17, 20-21",Offer to God a sacrifice of praise.,,ps50_1_8_16bc_17_20_21,Catholic Daily RSVCE,2,verified-fallback
ng:usage:77964f03b7c9b86d65aa,NG,temporal,,,ordinary-time,6,monday,,,II,"ps119:67,68,71,72,75,76","Ps 119:67, 68, 71, 72, 75, 76","Show me compassion, Lord, that I may live.",2026-02-16,ng:2026-02-16:responsorial-psalm:1,Catholic Missal for Nigeria,1,verified
ng:usage:ba07ee657f7f21f23051,NG,temporal,,,ordinary-time,6,monday,,,II,"ps119:67-68,71-72,75-76","Ps 119:67-68, 71-72, 75-76","Be kind to me, Lord, and I shall live.",,ps119_67_68_71_72_75_76,Catholic Daily RSVCE,2,verified-fallback
ng:usage:ebdfbe378ecd42879908,NG,temporal,,,ordinary-time,6,saturday,,,I,"ps23:1-3a,4,5,6","Ps 23:1-3a, 4, 5, 6",The Lord is my shepherd; there is nothing I shall want.,,ps23_1_3a_4_5_6,Catholic Daily RSVCE,1,verified-fallback
ng:usage:b8577114e3e5caf84e79,NG,temporal,,,ordinary-time,6,saturday,,,I,"ps145:2-3,4-5,10-11","Ps 145:2-3, 4-5, 10-11","I will praise your name for ever, Lord.",,ng:reconstructed:c4bb1cf3e57418d2,Catholic Missal for Nigeria,2,verified
ng:usage:335d5285500fe10cec8d,NG,temporal,,,ordinary-time,6,saturday,,,II,"ps12:1-2,3-4,6-7","Ps 12:1-2, 3-4, 6-7","You will protect us, Lord.",,ps12_1_2_3_4_6_7,Catholic Daily RSVCE,1,verified-fallback
ng:usage:9e2d259eb60bb87d1266,NG,temporal,,,ordinary-time,6,sunday,,A,,"ps119:1-2,4-5,17-18,33-34","Ps 119:1-2, 4-5, 17-18, 33-34",Blessed are those who walk in the law of the Lord!,2026-02-15,ng:2026-02-15:responsorial-psalm:1,Catholic Missal for Nigeria,1,verified
ng:usage:d41a48f0faafba74c8df,NG,temporal,,,ordinary-time,6,sunday,,A,,"ps119:1-2,4-5,17-18,33-34","Ps 119:1-2, 4-5, 17-18, 33-34",Blessed are they who follow the law of the Lord!,,ng:reconstructed:9ca7bf2664ede7b6,Catholic Missal for Nigeria,2,verified
ng:usage:21f01e359e0d41453a6f,NG,temporal,,,ordinary-time,6,sunday,,B,,"ps32:1-2,5,11","Ps 32:1-2, 5, 11",You are a hiding place for me; you surround me with cries of deliverance.,,ps32_1_2_5_11,Catholic Daily RSVCE,1,verified-fallback
ng:usage:0176cb9077414ba20ac1,NG,temporal,,,ordinary-time,6,sunday,,B,,"ps32:1-2,5,11","Ps 32:1-2, 5, 11","I turn to you, Lord, in time of trouble, and you fill me with",,ps32_1_2_5_11,Catholic Daily RSVCE,2,verified-fallback
ng:usage:0f3e05109270e1bde14d,NG,temporal,,,ordinary-time,6,sunday,,C,,"ps1:1-2,3,4,6","Ps 1:1-2, 3, 4, 6",Blessed the man who has placed his trust in the Lord.,2026-03-05,ng:2026-03-05:responsorial-psalm:1,Catholic Missal for Nigeria,1,verified
ng:usage:dd158d3b3a4e84179fb4,NG,temporal,,,ordinary-time,6,sunday,,C,,"ps1:1-2,3,4,6","Ps 1:1-2, 3, 4, 6",Blessed are they who hope in the Lord.,,ng:reconstructed:4414a34004c0e690,Catholic Missal for Nigeria,2,verified
ng:usage:440fe9f4c97435cf7681,NG,temporal,,,ordinary-time,6,thursday,,,I,"ps102:16-18,19-21,29,22-23","Ps 102:16-18, 19-21, 29, 22-23","To you, Lord, I will offer a sacrifice of praise.",,ps102_16_18_19_21_29_22_23,Catholic Daily RSVCE,1,verified-fallback
ng:usage:d40a3754762a24485d2f,NG,temporal,,,ordinary-time,6,thursday,,,I,"ps102:15-17,18-20,28+21-22","Ps 102:15-17, 18-20, 28+21-22",From heaven the Lord looks down on the earth.,,ps102_15_17_18_20_28_21_22,Catholic Daily RSVCE,2,verified-fallback
ng:usage:6f99d4faf4dddb8f9731,NG,temporal,,,ordinary-time,6,thursday,,,I,"ps102:15-17,18-20,28,21-22","Ps 102:15-17, 18-20, 28, 21-22",From heaven the Lord looks down on the earth.,,local_rsvce:expanded:0e90452a8507dcfe,Catholic Daily RSVCE,3,verified-fallback
ng:usage:fd6c44c6a1f787244730,NG,temporal,,,ordinary-time,6,thursday,,,II,"ps34:1-2,3-4,5-6","Ps 34:1-2, 3-4, 5-6",The Lord hears the cry of the poor.,,ps34_1_2_3_4_5_6,Catholic Daily RSVCE,1,verified-fallback
ng:usage:ea721a90c42a4afd0e88,NG,temporal,,,ordinary-time,6,tuesday,,,I,"ps29:1a,2,3ac-4,3b,9c-10","Ps 29:1a, 2, 3ac-4, 3b, 9c-10",The Lord will bless his people with peace.,2026-01-11,ng:2026-01-11:responsorial-psalm:1,Catholic Missal for Nigeria,1,verified
ng:usage:6f9d5537d034709f7318,NG,temporal,,,ordinary-time,6,tuesday,,,I,"ps29:1a+2,3ac+4,3b+9b-10","Ps 29:1a+2, 3ac+4, 3b+9b-10",The Lord will bless his people with peace.,,ps29_1a_2_3ac_4_3b_9b_10,Catholic Daily RSVCE,2,verified-fallback
ng:usage:7c30b80083ec96ebf801,NG,temporal,,,ordinary-time,6,tuesday,,,II,"ps94:12-13a,14-15,18-19","Ps 94:12-13a, 14-15, 18-19","Blessed the man whom you discipline, O Lord.",2026-02-17,ng:2026-02-17:responsorial-psalm:1,Catholic Missal for Nigeria,1,verified
ng:usage:62462f307c34ba0d55dd,NG,temporal,,,ordinary-time,6,tuesday,,,II,"ps94:12-13a,14-15,18-19","Ps 94:12-13a, 14-15, 18-19","Happy are those you teach, O Lord.",,ng:reconstructed:dce04eb0e20493ec,Catholic Missal for Nigeria,2,verified
ng:usage:0c410b58bd93490e774e,NG,temporal,,,ordinary-time,6,wednesday,,,I,"ps116:12-13,14-15,18-19","Ps 116:12-13, 14-15, 18-19","To you, Lord, I will offer a sacrifice of praise.",,ps116_12_13_14_15_18_19,Catholic Daily RSVCE,1,verified-fallback
ng:usage:fd9a7f1633ffe6db3fe1,NG,temporal,,,ordinary-time,6,wednesday,,,II,"ps15:2-3ab,3cd-4ab,5","Ps 15:2-3ab, 3cd-4ab, 5","The just shall live on your holy mountain, O Lord.",,ps15_2_3ab_3cd_4ab_5,Catholic Daily RSVCE,1,verified-fallback
ng:usage:267e148ea2a4f22fc7ac,NG,temporal,,,ordinary-time,7,friday,,,I,"ps119:12,16,18,27,34,35","Ps 119:12, 16, 18, 27, 34, 35","Guide me, Lord, in the way of your commands.",,ps119_12_16_18_27_34_35__alias_09173ff0e729,Catholic Daily RSVCE,1,verified-fallback
ng:usage:9a9ea1032aa651781c32,NG,temporal,,,ordinary-time,7,friday,,,I,"ps119:12+16,18+27,34-35","Ps 119:12+16, 18+27, 34-35","Guide me, Lord, in the way of your commands.",,ps119_12_16_18_27_34_35,Catholic Daily RSVCE,2,verified-fallback
ng:usage:b5ea7006984ede3a0c88,NG,temporal,,,ordinary-time,7,friday,,,II,"ps103:1-2,3-4,8-9,11-12","Ps 103:1-2, 3-4, 8-9, 11-12",The Lord is compassionate and gracious.,,ps103_1_2_3_4_8_9_11_12,Catholic Daily RSVCE,1,verified-fallback
ng:usage:1543beab5e08e9c53917,NG,temporal,,,ordinary-time,7,friday,,,II,"ps103:1-2,3-4,8-9,11-12","Ps 103:1-2, 3-4, 8-9, 11-12",The Lord is kind and merciful.,,ps103_1_2_3_4_8_9_11_12,Catholic Daily RSVCE,2,verified-fallback
ng:usage:c6037bbcdaa71cffe734,NG,temporal,,,ordinary-time,7,monday,,,I,"ps93:1ab,1cd-2,5","Ps 93:1ab, 1cd-2, 5",The Lord is King; he is robed in majesty.,,ps93_1ab_1cd_2_5,Catholic Daily RSVCE,1,verified-fallback
ng:usage:f1c4319ce945e1146285,NG,temporal,,,ordinary-time,7,monday,,,I,"ps93:1ab,1c-2,4c-5","Ps 93:1ab, 1c-2, 4c-5","The Lord is king, he is robed in majesty.",,ps93_1ab_1c_2_4c_5,Catholic Daily RSVCE,2,verified-fallback
ng:usage:83253c7f095196dbe5dc,NG,temporal,,,ordinary-time,7,monday,,,II,"ps19:7,8,9,14","Ps 19:7, 8, 9, 14",The precepts of the Lord give joy to the heart.,,ps19_7_8_9_14,Catholic Daily RSVCE,1,verified-fallback
ng:usage:bfb097458911a307ae1b,NG,temporal,,,ordinary-time,7,saturday,,,I,"ps103:13-14,15-16,17-18","Ps 103:13-14, 15-16, 17-18",The mercy of the Lord is everlasting upon those who hold him in fear.,,ps103_13_14_15_16_17_18,Catholic Daily RSVCE,1,verified-fallback
ng:usage:378772731071073c847a,NG,temporal,,,ordinary-time,7,saturday,,,I,"ps103:13-14,15-16,17-18","Ps 103:13-14, 15-16, 17-18",The Lord's kindness is everlasting to those who fear him.,,ps103_13_14_15_16_17_18,Catholic Daily RSVCE,2,verified-fallback
ng:usage:aeab89720a28004976d6,NG,temporal,,,ordinary-time,7,saturday,,,II,"ps141:1-2,3,8","Ps 141:1-2, 3, 8",Let my prayer be accepted as incense before you.,,ps141_1_2_3_8__alias_4543aa3dcdf6,Catholic Daily RSVCE,1,verified-fallback
ng:usage:baa283e3f5bab8eaf9f5,NG,temporal,,,ordinary-time,7,saturday,,,II,"ps141:1-2,3+8","Ps 141:1-2, 3+8",Let my prayer come like incense before you.,,ps141_1_2_3_8,Catholic Daily RSVCE,2,verified-fallback
ng:usage:d7face569e504e33b93b,NG,temporal,,,ordinary-time,7,sunday,,A,,"ps103:1-2,3-4,8,10,12-13","Ps 103:1-2, 3-4, 8, 10, 12-13",The Lord is kind and merciful.,,ps103_1_2_3_4_8_10_12_13,Catholic Daily RSVCE,1,verified-fallback
ng:usage:48cad0c79bece61b0e88,NG,temporal,,,ordinary-time,7,sunday,,B,,"ps41:2-3,4-5,13-14","Ps 41:2-3, 4-5, 13-14","Lord, heal my soul, for I have sinned against you.",,ps41_2_3_4_5_13_14,Catholic Daily RSVCE,1,verified-fallback
ng:usage:02be04c404ead1c1c41b,NG,temporal,,,ordinary-time,7,sunday,,C,,"ps103:1-2,3-4,8,10,12-13","Ps 103:1-2, 3-4, 8, 10, 12-13",The Lord is kind and merciful.,,ps103_1_2_3_4_8_10_12_13,Catholic Daily RSVCE,1,verified-fallback
ng:usage:7cfba4c208dfc43157b9,NG,temporal,,,ordinary-time,7,thursday,,,I,"ps1:1-2,3,4,6","Ps 1:1-2, 3, 4, 6",Blessed are they who hope in the Lord.,,ng:reconstructed:4414a34004c0e690,Catholic Missal for Nigeria,1,verified
ng:usage:7a33192b5aaa7c8538d9,NG,temporal,,,ordinary-time,7,thursday,,,I,"ps1:1-2,3,4+6","Ps 1:1-2, 3, 4+6",Happy are they who hope in the Lord.,,local_rsvce:expanded:79eaecfe70635984,Catholic Daily RSVCE,2,verified-fallback
ng:usage:09e6db67fbcf696f02fa,NG,temporal,,,ordinary-time,7,thursday,,,II,"ps49:14-15ab,15cd-16,17-18,19-20","Ps 49:14-15ab, 15cd-16, 17-18, 19-20","Blessed are the poor in spirit, for theirs is the kingdom of heaven.",,ps49_14_15ab_15cd_16_17_18_19_20,Catholic Daily RSVCE,1,verified-fallback
ng:usage:088d60d20280ab97b429,NG,temporal,,,ordinary-time,7,thursday,,,II,"ps49:13-14ab,14cd-15,16-17,18-19","Ps 49:13-14ab, 14cd-15, 16-17, 18-19","Blessed are the poor in spirit,",,ps49_13_14ab_14cd_15_16_17_18_19,Catholic Daily RSVCE,2,verified-fallback
ng:usage:16b59683aee97a16f353,NG,temporal,,,ordinary-time,7,tuesday,,,I,"ps37:3-4,18-19,27-28,39-40","Ps 37:3-4, 18-19, 27-28, 39-40","Commit your life to the Lord,",,ps37_3_4_18_19_27_28_39_40,Catholic Daily RSVCE,1,verified-fallback
ng:usage:84d68e8bc7db603cd514,NG,temporal,,,ordinary-time,7,tuesday,,,II,"ps55:7-8,9-10a,10b-11a,23","Ps 55:7-8, 9-10a, 10b-11a, 23","Entrust your cares to the Lord, and he will support you.",,ps55_7_8_9_10a_10b_11a_23,Catholic Daily RSVCE,1,verified-fallback
ng:usage:8468201935cddb65fb77,NG,temporal,,,ordinary-time,7,tuesday,,,II,"ps55:6-7,8-9a,9b-10,22","Ps 55:6-7, 8-9a, 9b-10, 22","Throw your cares on the Lord,",,ps55_6_7_8_9a_9b_10_22,Catholic Daily RSVCE,2,verified-fallback
ng:usage:1188165e0ebaa8bece95,NG,temporal,,,ordinary-time,7,wednesday,,,I,"ps119:165,168,171,172,174,175","Ps 119:165, 168, 171, 172, 174, 175","O Lord, great peace have they who love your law.",,ps119_165_168_171_172_174_175__alias_850802bd6311,Catholic Daily RSVCE,1,verified-fallback
ng:usage:c68d7b77f7409a4d655f,NG,temporal,,,ordinary-time,7,wednesday,,,I,"ps119:165+168,171-172,174-175","Ps 119:165+168, 171-172, 174-175","Those who love your law have great peace, O Lord.",,ps119_165_168_171_172_174_175,Catholic Daily RSVCE,2,verified-fallback
ng:usage:d09b248b2c82e51ce876,NG,temporal,,,ordinary-time,7,wednesday,,,II,"ps49:2-3,6-7,8-10,11","Ps 49:2-3, 6-7, 8-10, 11","Blessed are the poor in spirit, for theirs is the kingdom of heaven.",,ps49_2_3_6_7_8_10_11,Catholic Daily RSVCE,1,verified-fallback
ng:usage:b0ef582b75131853d482,NG,temporal,,,ordinary-time,7,wednesday,,,II,"ps49:1-2,5-6,7-9,10+13","Ps 49:1-2, 5-6, 7-9, 10+13",Blessed are the poor in spirit;,,ps49_1_2_5_6_7_9_10_13,Catholic Daily RSVCE,2,verified-fallback
ng:usage:fa3f7b67ce95716324f4,NG,temporal,,,ordinary-time,8,friday,,,I,"ps149:1-2,3-4,5-6a+9b","Ps 149:1-2, 3-4, 5-6a+9b",The Lord takes delight in his people.,,ps149_1_2_3_4_5_6a_9b,Catholic Daily RSVCE,1,verified-fallback
ng:usage:2a4e83b6f15b2cc8d073,NG,temporal,,,ordinary-time,8,friday,,,II,"ps96:10,11-12,13","Ps 96:10, 11-12, 13",The Lord comes to judge the earth.,2026-05-29,ng:2026-05-29:responsorial-psalm:1,Catholic Missal for Nigeria,1,verified
ng:usage:de6f9cc8c1678fa05e5b,NG,temporal,,,ordinary-time,8,monday,,,I,"ps32:1-2,5,6,7","Ps 32:1-2, 5, 6, 7",Let the just exult and rejoice in the Lord.,,ng:reconstructed:27753352857d449f,Catholic Missal for Nigeria,1,verified
ng:usage:b01dc96a564e538f1b03,NG,temporal,,,ordinary-time,8,monday,,,II,"ps111:1-2,5-6,9,10c","Ps 111:1-2, 5-6, 9, 10c",The Lord keeps his covenant ever in mind.,,ps111_1_2_5_6_9_10c__alias_3bb3743a41ec,Catholic Daily RSVCE,1,verified-fallback
ng:usage:9bd8425ccfcc4e6402e1,NG,temporal,,,ordinary-time,8,monday,,,II,"ps111:1-2,5-6,9+10c","Ps 111:1-2, 5-6, 9+10c",The Lord will remember his covenant for ever.,,ps111_1_2_5_6_9_10c,Catholic Daily RSVCE,2,verified-fallback
ng:usage:2f6512a79cc41576a6b0,NG,temporal,,,ordinary-time,8,saturday,,,I,"ps19:7,8,9,10","Ps 19:7, 8, 9, 10",The precepts of the Lord give joy to the heart.,,ps19_7_8_9_10,Catholic Daily RSVCE,1,verified-fallback
ng:usage:8e692b6714066a8320e4,NG,temporal,,,ordinary-time,8,saturday,,,II,"ps63:2,3-4,5-6","Ps 63:2, 3-4, 5-6","For you my soul is thirsting, O Lord, my God.",2026-05-30,ng:2026-05-30:responsorial-psalm:1,Catholic Missal for Nigeria,1,verified
ng:usage:a4969ad37730cb37e903,NG,temporal,,,ordinary-time,8,saturday,,,II,"ps63:1,2-3,4-5","Ps 63:1, 2-3, 4-5","My soul is thirsting for you, O Lord my God.",,ps63_1_2_3_4_5,Catholic Daily RSVCE,2,verified-fallback
ng:usage:8f1b42e2e8504fcd2b84,NG,temporal,,,ordinary-time,8,sunday,,A,,"ps62:2-3,6-7,8-9","Ps 62:2-3, 6-7, 8-9","Rest in God alone, my soul.",,ps62_2_3_6_7_8_9,Catholic Daily RSVCE,1,verified-fallback
ng:usage:6f713542aef35afad692,NG,temporal,,,ordinary-time,8,sunday,,B,,"ps103:1-2,3-4,8,10,12-13","Ps 103:1-2, 3-4, 8, 10, 12-13",The Lord is kind and merciful.,,ps103_1_2_3_4_8_10_12_13,Catholic Daily RSVCE,1,verified-fallback
ng:usage:2bf26baea911b4fa6f6d,NG,temporal,,,ordinary-time,8,sunday,,C,,"ps92:2-3,13-14,15-16","Ps 92:2-3, 13-14, 15-16","Lord, it is good to give thanks to you",,ps92_2_3_13_14_15_16,Catholic Daily RSVCE,1,verified-fallback
ng:usage:a95e5647bf151b94bb1a,NG,temporal,,,ordinary-time,8,thursday,,,I,"ps33:2-3,4-5,6-7,8-9","Ps 33:2-3, 4-5, 6-7, 8-9",By the word of the Lord the heavens were made.,,ps33_2_3_4_5_6_7_8_9,Catholic Daily RSVCE,1,verified-fallback
ng:usage:05b195267493d22e1966,NG,temporal,,,ordinary-time,8,thursday,,,II,"ps100:1-2,3,4,5","Ps 100:1-2, 3, 4, 5","Come before the Lord, singing for joy.",2026-05-28,ng:2026-05-28:responsorial-psalm:1,Catholic Missal for Nigeria,1,verified
ng:usage:9c69e2ecd8fc3c4eeeff,NG,temporal,,,ordinary-time,8,thursday,,,II,"ps100:1-2,3,4,5","Ps 100:1-2, 3, 4, 5",Come with joy into the presence of the Lord.,,ng:reconstructed:cdebe904ba890cad,Catholic Missal for Nigeria,2,verified
ng:usage:fa3f646de6f518dc8907,NG,temporal,,,ordinary-time,8,tuesday,,,I,"ps50:5-6,7-8,14,23","Ps 50:5-6, 7-8, 14, 23",To the upright I will show the saving power of God.,,ps50_5_6_7_8_14_23,Catholic Daily RSVCE,1,verified-fallback
ng:usage:6d6a1be613fce42360f3,NG,temporal,,,ordinary-time,8,tuesday,,,I,"ps50:4-5,7-8,14+23","Ps 50:4-5, 7-8, 14+23",To the upright I will show the saving power of God.,,ps50_4_5_7_8_14_23,Catholic Daily RSVCE,2,verified-fallback
ng:usage:c9bcd166946fa3bedafc,NG,temporal,,,ordinary-time,8,tuesday,,,II,"ps98:1,2-3ab,3cd-4","Ps 98:1, 2-3ab, 3cd-4",The Lord has made known his salvation.,2026-05-26,ng:2026-05-26:responsorial-psalm:1,Catholic Missal for Nigeria,1,verified
ng:usage:538db4b95c543f8b8bde,NG,temporal,,,ordinary-time,8,tuesday,,,II,"ps98:1,2-3ab,3c-4","Ps 98:1, 2-3ab, 3c-4",The Lord has made known his salvation.,,ps98_1_2_3ab_3c_4,Catholic Daily RSVCE,2,verified-fallback
ng:usage:64d49a0a2cf9fe975545,NG,temporal,,,ordinary-time,8,wednesday,,,I,"ps79:8,9,11,13","Ps 79:8, 9, 11, 13","O Lord, look on us with mercy.",,ps79_8_9_11_13__alias_f90bbc674414,Catholic Daily RSVCE,1,verified-fallback
ng:usage:18fc8a527da5babf9dbd,NG,temporal,,,ordinary-time,8,wednesday,,,II,"ps147:12-13,14-15,19-20","Ps 147:12-13, 14-15, 19-20","O Jerusalem, glorify the Lord!",2026-01-09,ng:2026-01-09:responsorial-psalm:1,Catholic Missal for Nigeria,1,verified
ng:usage:75de1f24ef7e04a051d8,NG,temporal,,,ordinary-time,8,wednesday,,,II,"ps147:12-13,14-15,19-20","Ps 147:12-13, 14-15, 19-20","Praise the Lord, Jerusalem.",,ps147_12_13_14_15_19_20,Catholic Daily RSVCE,2,verified-fallback
ng:usage:f0592ddf40844e76a3b3,NG,temporal,,,ordinary-time,9,friday,,,I,"ps146:1-2ab,6-7,8-9ab,9cd-10","Ps 146:1-2ab, 6-7, 8-9ab, 9cd-10","Praise the Lord, my soul!",,ps146_1_2ab_6_7_8_9ab_9cd_10,Catholic Daily RSVCE,1,verified-fallback
ng:usage:442582b90d5f7a503ddd,NG,temporal,,,ordinary-time,9,friday,,,II,"ps119:157,160,161,165,166,168","Ps 119:157, 160, 161, 165, 166, 168","The lovers of your law have great peace, Lord.",2026-06-05,ng:2026-06-05:responsorial-psalm:1,Catholic Missal for Nigeria,1,verified
ng:usage:0b6a3df84ee0d37fafdc,NG,temporal,,,ordinary-time,9,friday,,,II,"ps119:157+160,161+165,166+168","Ps 119:157+160, 161+165, 166+168","Lord, great is the peace for those who love your law.",,ps119_157_160_161_165_166_168,Catholic Daily RSVCE,2,verified-fallback
ng:usage:fa4c0bb2a7cc5eabe4f4,NG,temporal,,,ordinary-time,9,monday,,,I,"ps112:1-2,3-4,5-6","Ps 112:1-2, 3-4, 5-6",Happy are those who fear the Lord.,,ps112_1_2_3_4_5_6,Catholic Daily RSVCE,1,verified-fallback
ng:usage:8a16483fcb945ba52a73,NG,temporal,,,ordinary-time,9,monday,,,II,"ps91:1-2,14-15ab,15c-16","Ps 91:1-2, 14-15ab, 15c-16","O my God, I trust in you",2026-06-01,ng:2026-06-01:responsorial-psalm:1,Catholic Missal for Nigeria,1,verified
ng:usage:9255949b4ce5530f7646,NG,temporal,,,ordinary-time,9,monday,,,II,"ps91:1-2,14-15b,15c-16","Ps 91:1-2, 14-15b, 15c-16","O my God, I trust in you",,local_rsvce:expanded:87a9fcb263284381,Catholic Daily RSVCE,2,verified-fallback
ng:usage:06b63d16e1d3df303c2a,NG,temporal,,,ordinary-time,9,monday,,,II,"ps91:1-2,14-15ab,15c-16","Ps 91:1-2, 14-15ab, 15c-16","In you, my God, I place my trust.",,ng:reconstructed:94679b2973e4e335,Catholic Missal for Nigeria,3,verified
ng:usage:6ada27491391b026f170,NG,temporal,,,ordinary-time,9,saturday,,,II,"ps71:8-9,14-15ab,16-17,22","Ps 71:8-9, 14-15ab, 16-17, 22","My mouth will tell of your salvation, Lord.",2026-06-06,ng:2026-06-06:responsorial-psalm:1,Catholic Missal for Nigeria,1,verified
ng:usage:a32721037e77ab19527f,NG,temporal,,,ordinary-time,9,saturday,,,II,"ps71:8-9,14-15ab,16-17,22","Ps 71:8-9, 14-15ab, 16-17, 22",I will sing of your salvation.,,ng:reconstructed:60108532a8abc402,Catholic Missal for Nigeria,2,verified
ng:usage:d3a912e6d26428b96caf,NG,temporal,,,ordinary-time,9,sunday,,A,,"ps31:2-3,3-4,17,25","Ps 31:2-3, 3-4, 17, 25","Lord, be my rock of safety.",,ps31_2_3_3_4_17_25,Catholic Daily RSVCE,1,verified-fallback
ng:usage:f073a65bcbdf55b47e66,NG,temporal,,,ordinary-time,9,sunday,,B,,"ps81:3-4,5-6,6-8,10-11","Ps 81:3-4, 5-6, 6-8, 10-11",Sing with joy to God our help.,,ps81_3_4_5_6_6_8_10_11,Catholic Daily RSVCE,1,verified-fallback
ng:usage:20358e3229b7331683fc,NG,temporal,,,ordinary-time,9,sunday,,C,,"ps117:1,2","Ps 117:1, 2",Go out to all the world and tell the good news.,,ng:reconstructed:73d92e286a6fb381,Catholic Missal for Nigeria,1,verified
ng:usage:1fd474a67861c8476091,NG,temporal,,,ordinary-time,9,thursday,,,I,"ps128:1-2,3,4-5","Ps 128:1-2, 3, 4-5",Happy are those who fear the Lord.,,ng:reconstructed:56f2f22bd29b5920,Catholic Missal for Nigeria,1,verified
ng:usage:c9e7d4a492a70a69999d,NG,temporal,,,ordinary-time,9,thursday,,,II,"ps25:4-5ab,8-9,10,14","Ps 25:4-5ab, 8-9, 10, 14","O Lord, make me know your ways.",2026-06-04,ng:2026-06-04:responsorial-psalm:1,Catholic Missal for Nigeria,1,verified
ng:usage:005ab1d4a1a5b0342e78,NG,temporal,,,ordinary-time,9,thursday,,,II,"ps25:4bc-5ab,8-9,10+14","Ps 25:4bc-5ab, 8-9, 10+14","Teach me your ways, O Lord.",,ps25_4bc_5ab_8_9_10_14,Catholic Daily RSVCE,2,verified-fallback
ng:usage:b52678eebc5f64a79c6b,NG,temporal,,,ordinary-time,9,tuesday,,,I,"ps112:1-2,7bc-8,9","Ps 112:1-2, 7bc-8, 9","The hearts of the just are secure,",,ps112_1_2_7bc_8_9,Catholic Daily RSVCE,1,verified-fallback
ng:usage:d88c644641836a704554,NG,temporal,,,ordinary-time,9,tuesday,,,II,"ps90:2,3-4,10,14,16","Ps 90:2, 3-4, 10, 14, 16","O Lord, you have been our refuge, from generation to generation.",2026-06-02,ng:2026-06-02:responsorial-psalm:1,Catholic Missal for Nigeria,1,verified
ng:usage:6a907f773cc014b95d28,NG,temporal,,,ordinary-time,9,tuesday,,,II,"ps90:1-2,3-4,10,14+16","Ps 90:1-2, 3-4, 10, 14+16","In every age, O Lord, you have been our refuge.",,ps90_1_2_3_4_10_14_16,Catholic Daily RSVCE,2,verified-fallback
ng:usage:f3a89e5711f208acc915,NG,temporal,,,ordinary-time,9,tuesday,,,II,"ps90:2,3-4,10,14+16","Ps 90:2, 3-4, 10, 14+16","In every age, O Lord, you have been our refuge.",,ps90_2_3_4_10_14_16,Catholic Daily RSVCE,3,verified-fallback
ng:usage:851a75bb2c4211c4e4f8,NG,temporal,,,ordinary-time,9,wednesday,,,I,"ps25:2-3,4-5ab,6-7bc,8-9","Ps 25:2-3, 4-5ab, 6-7bc, 8-9","To you, O Lord, I lift my soul.",,ps25_2_3_4_5ab_6_7bc_8_9,Catholic Daily RSVCE,1,verified-fallback
ng:usage:00fc32fa90dc663fcc92,NG,temporal,,,ordinary-time,9,wednesday,,,II,"ps123:1-2ab,2cdef","Ps 123:1-2ab, 2cdef","To you, O Lord, have I lifted up my eyes.",2026-06-03,ng:2026-06-03:responsorial-psalm:1,Catholic Missal for Nigeria,1,verified
ng:usage:7b536d4e18bb1d670c54,NG,temporal,,,ordinary-time,9,wednesday,,,II,"ps123:1b-2ab,2cdef","Ps 123:1b-2ab, 2cdef","To you, O Lord, have I lifted up my eyes.",,local_rsvce:expanded:486f682b37419ffa,Catholic Daily RSVCE,2,verified-fallback
ng:usage:c2163a8652ae5f0f4e3b,NG,temporal,,,ordinary-time,9,wednesday,,,II,"ps123:1-2a,2bcd","Ps 123:1-2a, 2bcd","To you, O Lord, I lift up my eyes.",,ps123_1_2a_2bcd,Catholic Daily RSVCE,3,verified-fallback
