edition_id,selection_id,territory,celebration_id,date_rule,reading_set_kind,sunday_cycle,weekday_cycle,lectionary_number,reference_normalized,response_text,stanzas_text,source_url,source_edition,raw_sha256,normalized_sha256,display_priority
local_nabre,dan3_52_53_54_55_56,WORLD,,,generic,,,,"dan3:52,53,54,55,56",(52b) Glory and praise for ever!,"“Blessed are you, O Lord, the God of our ancestors, praiseworthy and exalted above all forever; And blessed is your holy and glorious name, praiseworthy and exalted above all for all ages.

Blessed are you in the temple of your holy glory, praiseworthy and glorious above all forever.

Blessed are you on the throne of your kingdom, praiseworthy and exalted above all forever.

Blessed are you who look into the depths from your throne upon the cherubim, praiseworthy and exalted above all forever.

Blessed are you in the firmament of heaven, praiseworthy and glorious forever.",repo://assets/nabre.db,,f8ece986d8de226b2e95b8bcade2d2f23d39b86177b3c00a0ff1c8e9d4b88a8a,4fa6c222a8ba28c6a5fea68c16d01db621eb007825ce8e16b5feb903d1b9ec83,100
local_nabre,ex15_1b_2_3_4_5_6_17_18,WORLD,,,generic,,,,"ex15:1b-2,3-4,5-6,17-18","I will sing to the Lord, for he has triumphed gloriously.","Then Moses and the Israelites sang this song to the LORD: I will sing to the LORD, for he is gloriously triumphant; horse and chariot he has cast into the sea. This is my God, I praise him; the God of my father, I extol him.

The LORD is a warrior, LORD is his name! Pharaoh’s chariots and army he hurled into the sea; the elite of his officers were drowned in the Red Sea.

The flood waters covered them, they sank into the depths like a stone. Your right hand, O LORD, magnificent in power, your right hand, O LORD, shattered the enemy.

You brought them in, you planted them on the mountain that is your own— The place you made the base of your throne, LORD, the sanctuary, LORD, your hands established. May the LORD reign forever and ever!",repo://assets/nabre.db,,1e8c646d783c73cc9df77e2bb3cdcfe4f23a903424bf8dee3409ac9a7f4ae912,76dcecb98603664bd5ec1d075e18e4357bc18fb22bbde742e76bdc78f3df5fe0,100
local_nabre,ex15_7ab_8_9_10_12_17,WORLD,,,generic,,,,"ex15:7ab-8,9,10+12,17",Let us sing to the Lord; he has covered himself in glory.,"In your great majesty you overthrew your adversaries; you loosed your wrath to consume them like stubble. At the blast of your nostrils the waters piled up, the flowing waters stood like a mound, the flood waters foamed in the midst of the sea.

The enemy boasted, “I will pursue and overtake them; I will divide the spoils and have my fill of them; I will draw my sword; my hand will despoil them!”

When you blew with your breath, the sea covered them; like lead they sank in the mighty waters. when you stretched out your right hand, the earth swallowed them!

You brought them in, you planted them on the mountain that is your own— The place you made the base of your throne, LORD, the sanctuary, LORD, your hands established.",repo://assets/nabre.db,,53df7d75bb4c5e9d7136188e16e93831cc33567cf038f4eb27a983066ef1a607,82e8b47fc080915cdb52a257974c3962b4503de2c7cebd7e5a7051cc2e048844,100
local_nabre,exod15_7ab_8_9_10_12_17,WORLD,,,generic,,,,"exod15:7ab-8,9,10+12,17",Let us sing to the Lord;,"In your great majesty you overthrew your adversaries; you loosed your wrath to consume them like stubble. At the blast of your nostrils the waters piled up, the flowing waters stood like a mound, the flood waters foamed in the midst of the sea.

The enemy boasted, “I will pursue and overtake them; I will divide the spoils and have my fill of them; I will draw my sword; my hand will despoil them!”

When you blew with your breath, the sea covered them; like lead they sank in the mighty waters. when you stretched out your right hand, the earth swallowed them!

You brought them in, you planted them on the mountain that is your own— The place you made the base of your throne, LORD, the sanctuary, LORD, your hands established.",repo://assets/nabre.db,,c727236ee716a0f55facf42e129eb4726f03e1724994a021ff242d4fb18a648e,c736170bc40d8ee8324988d7f7f48c455c09d159658b6a8539deb24cdd6c7b1c,100
local_nabre,isa12_2_3_4_5_6,WORLD,,,generic,,,,"isa12:2-3,4,5-6",(6) Cry out with joy and gladness:,"For the LORD is my strength and my might, and he has been my salvation. With joy you will draw water from the fountains of salvation,

And you will say on that day: give thanks to the LORD, acclaim his name; Among the nations make known his deeds, proclaim how exalted is his name.

Sing praise to the LORD for he has done glorious things; let this be known throughout all the earth. Shout with exultation, City of Zion, for great in your midst is the Holy One of Israel!",repo://assets/nabre.db,,ae9ad28b3e48beb4192eca6ab24a9ff9f2d36281e94eac3d6b2a44a41a9463ad,be928f330b1120200126af10b909c4dd405855cbf6bbc25eea5a3aa8a5a545a4,100
local_nabre,isa12_2_3_4bcd_5_6,WORLD,,,generic,,,,"isa12:2-3,4bcd,5-6",(3) You will draw water joyfully from the springs of salvation.,"For the LORD is my strength and my might, and he has been my salvation. With joy you will draw water from the fountains of salvation,

And you will say on that day: give thanks to the LORD, acclaim his name; Among the nations make known his deeds, proclaim how exalted is his name.

Sing praise to the LORD for he has done glorious things; let this be known throughout all the earth. Shout with exultation, City of Zion, for great in your midst is the Holy One of Israel!",repo://assets/nabre.db,,945c4582d46f57731848b8036b55fef5f3776c4c7c9d3adaea53b5c364e6f9cf,138bfce0185f19d542f232668f16fb8d731305ebcba606d1e241f8fa20283965,100
local_nabre,isa12_2_6,WORLD,,,generic,,,,isa12:2-6,With joy you will draw water from the wells of salvation.,"For the LORD is my strength and my might, and he has been my salvation. With joy you will draw water from the fountains of salvation, And you will say on that day: give thanks to the LORD, acclaim his name; Among the nations make known his deeds, proclaim how exalted is his name. Sing praise to the LORD for he has done glorious things; let this be known throughout all the earth. Shout with exultation, City of Zion, for great in your midst is the Holy One of Israel!",repo://assets/nabre.db,,af9f9b1a842f543c2feef2d7a6f3aa6f38a7f445360bcd1d68dc457f4f10f3a2,a03af53bc5b736cb2d9938f0be59e0ddbfa5a863132fe0abbb157ce71079779e,100
local_nabre,jer31_10_11_12abcd_13,WORLD,,,generic,,,,"jer31:10,11-12abcd,13","The Lord will guard us, as a shepherd guards his flock.","Hear the word of the LORD, you nations, proclaim it on distant coasts, and say: The One who scattered Israel, now gathers them; he guards them as a shepherd his flock.

The LORD shall ransom Jacob, he shall redeem him from a hand too strong for him. Shouting, they shall mount the heights of Zion, they shall come streaming to the LORD’s blessings: The grain, the wine, and the oil, flocks of sheep and cattle; They themselves shall be like watered gardens, never again neglected.

I will turn their mourning into joy, I will show them compassion and have them rejoice after their sorrows.",repo://assets/nabre.db,,581e36a88bade9c9a4864a89cd72c409341111325a44e25719b0ee396c92ccad,8f8f5527bcdd80ae54d390ab4640cca43ffabb6dbd4b10f56a633aa15a34c393,100
local_nabre,luke1_46_48_49_50_53_54,WORLD,,,generic,,,,"luke1:46-48,49-50,53-54",(Isaiah 61:10b) My soul rejoices in my God.,"And Mary said: “My soul proclaims the greatness of the Lord; my spirit rejoices in God my savior. For he has looked upon his handmaid’s lowliness; behold, from now on will all ages call me blessed.

The Mighty One has done great things for me, and holy is his name. His mercy is from age to age to those who fear him.

The hungry he has filled with good things; the rich he has sent away empty. He has helped Israel his servant, remembering his mercy,",repo://assets/nabre.db,,64629b588f7ec098747d7b16d189123f9e012ae6c48111f98688c6379c89e846,d0886dd71a8ed7cbe012abe898bfe90c5e03f868aa2067515b808f06f2bf7591,100
local_nabre,ps100_1_2_3_4_5,WORLD,,,generic,,,,"ps100:1-2,3,4,5",Let all the earth cry out with joy.,"Psalm 100 Processional Hymn - A psalm of thanksgiving. Shout joyfully to the LORD, all you lands; serve the LORD with gladness; come before him with joyful song.

Know that the LORD is God, he made us, we belong to him, we are his people, the flock he shepherds.

Give thanks to him, bless his name;

good indeed is the LORD, His mercy endures forever, his faithfulness lasts through every generation.",repo://assets/nabre.db,,02025dcc03a139c4b7540312c7a90bcb3d59c441bf83a26546247d9cc504f26d,a2327157f37a1b2613d7188a32d0dd5e05ca389db7d1578387007193397d905b,100
local_nabre,ps100_1_2_3_5,WORLD,,,generic,,,,"ps100:1-2,3,5","(3c) We are his people, the sheep of his flock.","Psalm 100 Processional Hymn - A psalm of thanksgiving. Shout joyfully to the LORD, all you lands; serve the LORD with gladness; come before him with joyful song.

Know that the LORD is God, he made us, we belong to him, we are his people, the flock he shepherds.

good indeed is the LORD, His mercy endures forever, his faithfulness lasts through every generation.",repo://assets/nabre.db,,76bfebecb4d827792766b9f2752d21b997acc61a53e34e5f64935368b2b5c899,9275a966fc1a6d1006f0ab9b7b3af28392144c6e905d2b85f49114a8236ad5df,100
local_nabre,ps101_1_2ab_2cd_3ab_5_6,WORLD,,,generic,,,,"ps101:1-2ab,2cd-3ab,5,6",I will walk with blameless heart.,"Psalm 101 Norm of Life for Rulers - A psalm of David. I - I sing of mercy and justice; to you, LORD, I sing praise. I study the way of integrity; when will you come to me? I act with integrity of heart within my household.

I study the way of integrity; when will you come to me? I act with integrity of heart within my household. I hate wrongdoing; I will have no part of it.

Haughty eyes and arrogant hearts I cannot endure.

Whoever follows the way of integrity is the one to enter my service.",repo://assets/nabre.db,,96ec920d1561c4688e91bccc6b2e738fedf4ccee97172500f097424b925e770d,f7ae18ae8087c2edac051f6aecb56711c11402f84792cf8d151686c02c7b257c,100
local_nabre,ps102_12_14_15_17_18_20,WORLD,,,generic,,,,"ps102:12-14,15-17,18-20",From heaven the Lord looks down on the earth.,"My days are like a lengthening shadow; I wither like the grass. But you, LORD, are enthroned forever; your renown is for all generations. You will again show mercy to Zion; now is the time for pity; the appointed time has come.

Its stones are dear to your servants; its dust moves them to pity. The nations shall fear your name, LORD, all the kings of the earth, your glory, Once the LORD has rebuilt Zion and appeared in glory,

Heeding the plea of the lowly, not scorning their prayer. Let this be written for the next generation, for a people not yet born, that they may praise the LORD: “The LORD looked down from the holy heights, viewed the earth from heaven,",repo://assets/nabre.db,,c2944ebcd1b2bdbf0f0e26d24e80a3adf2418317dc6bd4204aa50017f98cbf22,9dfb15b5889a4354cbdf0f2fb9b981a873a8cdd613c809fa873fe2c7883da473,100
local_nabre,ps102_15_17_18_20_28_21_22,WORLD,,,generic,,,,"ps102:15-17,18-20,28+21-22","The Lord will build up Zion again,","Its stones are dear to your servants; its dust moves them to pity. The nations shall fear your name, LORD, all the kings of the earth, your glory, Once the LORD has rebuilt Zion and appeared in glory,

Heeding the plea of the lowly, not scorning their prayer. Let this be written for the next generation, for a people not yet born, that they may praise the LORD: “The LORD looked down from the holy heights, viewed the earth from heaven,

but you are the same, your years have no end. To attend to the groaning of the prisoners, to release those doomed to die.” Then the LORD’s name will be declared on Zion, his praise in Jerusalem,",repo://assets/nabre.db,,ca64ac321f73dc265b329035635b6731ba31c7d6c5c4867e84d34d3d35bda5ad,ae5ab79945dc50ee41e5967843fb3e032a21f856b15df9f5cc77a3083dad424a,100
local_nabre,ps102_1_2_15_17_18_20,WORLD,,,generic,,,,"ps102:1-2,15-17,18-20","O Lord, hear my prayer,","Psalm 102 Prayer in Time of Distress - The prayer of one afflicted and wasting away whose anguish is poured out before the LORD. I - LORD, hear my prayer; let my cry come to you.

Its stones are dear to your servants; its dust moves them to pity. The nations shall fear your name, LORD, all the kings of the earth, your glory, Once the LORD has rebuilt Zion and appeared in glory,

Heeding the plea of the lowly, not scorning their prayer. Let this be written for the next generation, for a people not yet born, that they may praise the LORD: “The LORD looked down from the holy heights, viewed the earth from heaven,",repo://assets/nabre.db,,1bbebd5a351c45d662ca3373b4c67e2256b7b2f25a55d38cd89ed49ec1727158,059da580d994b0674f62fb27f4b0999e482fd495f1bb2d78502a00eb60436fc2,100
local_nabre,ps103_13_14_15_16_17_18,WORLD,,,generic,,,,"ps103:13-14,15-16,17-18",The Lord's kindness is everlasting to those who fear him.,"As a father has compassion on his children, so the LORD has compassion on those who fear him. For he knows how we are formed, remembers that we are dust.

As for man, his days are like the grass; he blossoms like a flower in the field. A wind sweeps over it and it is gone; its place knows it no more.

But the LORD’s mercy is from age to age, toward those who fear him. His salvation is for the children’s children of those who keep his covenant, and remember to carry out his precepts.",repo://assets/nabre.db,,817b56bca7896d803135154a54e8605e082724b29d0fcac2980e45b86f33133e,76220d9e614ca080b622be1d0d6bebc2cf2e57a0ace0b8aeafeb62e15c80d6f6,100
local_nabre,ps103_1_2_11_12_19_20,WORLD,,,generic,,,,"ps103:1-2,11-12,19-20",(19a) The Lord has set his throne in heaven.,"Psalm 103 Praise of Divine Goodness - Of David. I - Bless the LORD, my soul; all my being, bless his holy name! Bless the LORD, my soul; and do not forget all his gifts,

For as the heavens tower over the earth, so his mercy towers over those who fear him. As far as the east is from the west, so far has he removed our sins from us.

The LORD has set his throne in heaven; his dominion extends over all. Bless the LORD, all you his angels, mighty in strength, acting at his behest, obedient to his command.",repo://assets/nabre.db,,741535c2b2c9150a17835ffcc03769ab08115d268e4d9f816c69d65ef73d5682,103c2c6c29b19604a526c171151a81319f761ec351bfcc4739b167fcb44f5ab0,100
local_nabre,ps103_1_2_11_12_19_20ab,WORLD,,,generic,,,,"ps103:1-2,11-12,19-20ab",The Lord has set his throne in heaven.,"Psalm 103 Praise of Divine Goodness - Of David. I - Bless the LORD, my soul; all my being, bless his holy name! Bless the LORD, my soul; and do not forget all his gifts,

For as the heavens tower over the earth, so his mercy towers over those who fear him. As far as the east is from the west, so far has he removed our sins from us.

The LORD has set his throne in heaven; his dominion extends over all. Bless the LORD, all you his angels, mighty in strength, acting at his behest, obedient to his command.",repo://assets/nabre.db,,14358c75bf676ce696158f683bacba9c3b54b5f233e29080669a363701517929,466844b5250943ce1122e6ec16f173adf624f87492ec84bb77b5eaa05a780421,100
local_nabre,ps103_1_2_13_14_17_18a,WORLD,,,generic,,,,"ps103:1-2,13-14,17-18a",The Lord's kindness is everlasting,"Psalm 103 Praise of Divine Goodness - Of David. I - Bless the LORD, my soul; all my being, bless his holy name! Bless the LORD, my soul; and do not forget all his gifts,

As a father has compassion on his children, so the LORD has compassion on those who fear him. For he knows how we are formed, remembers that we are dust.

But the LORD’s mercy is from age to age, toward those who fear him. His salvation is for the children’s children of those who keep his covenant, and remember to carry out his precepts.",repo://assets/nabre.db,,d3337b5e44e97008eec41edf975fcd1340096f1b00527d2faa0b1a0a416b3616,98657a7618335cd5ee6188eff4a74777e95a0f978447f61b6fc170060b98c2e0,100
local_nabre,ps103_1_2_3_4_6_7,WORLD,,,generic,,,,"ps103:1-2,3-4,6-7",The Lord is kind and merciful.,"Psalm 103 Praise of Divine Goodness - Of David. I - Bless the LORD, my soul; all my being, bless his holy name! Bless the LORD, my soul; and do not forget all his gifts,

Who pardons all your sins, and heals all your ills, Who redeems your life from the pit, and crowns you with mercy and compassion,

The LORD does righteous deeds, brings justice to all the oppressed. He made known his ways to Moses, to the Israelites his deeds.",repo://assets/nabre.db,,e5ad0b140d157b29590c4ef07c17e67d95843905ae291ce4fd8f7d693545110f,05370feeef5f69551733802c4e7be0daa5d9d12f971271021c01b898485aa278,100
local_nabre,ps103_1_2_3_4_6_7_8_10,WORLD,,,generic,,,,"ps103:1-2,3-4,6-7,8,10",The Lord's kindness is everlasting to those who fear him.,"Psalm 103 Praise of Divine Goodness - Of David. I - Bless the LORD, my soul; all my being, bless his holy name! Bless the LORD, my soul; and do not forget all his gifts,

Who pardons all your sins, and heals all your ills, Who redeems your life from the pit, and crowns you with mercy and compassion,

The LORD does righteous deeds, brings justice to all the oppressed. He made known his ways to Moses, to the Israelites his deeds.

Merciful and gracious is the LORD, slow to anger, abounding in mercy.

He has not dealt with us as our sins merit, nor requited us as our wrongs deserve.",repo://assets/nabre.db,,8ff47f7594f0019149bf0b2fd25a4daea8355713e73ca0bb955bb3b777bee95b,7bf9b1675cf268046b821635991cc7fce262103439784390a76f95998ee59057,100
local_nabre,ps103_1_2_3_4_6_7_8_11,WORLD,,,generic,,,,"ps103:1-2,3-4,6-7,8,11",(8a) The Lord is kind and merciful.,"Psalm 103 Praise of Divine Goodness - Of David. I - Bless the LORD, my soul; all my being, bless his holy name! Bless the LORD, my soul; and do not forget all his gifts,

Who pardons all your sins, and heals all your ills, Who redeems your life from the pit, and crowns you with mercy and compassion,

The LORD does righteous deeds, brings justice to all the oppressed. He made known his ways to Moses, to the Israelites his deeds.

Merciful and gracious is the LORD, slow to anger, abounding in mercy.

For as the heavens tower over the earth, so his mercy towers over those who fear him.",repo://assets/nabre.db,,01cfbc4e38a85e5a3f748d5cb362740e64678ef3f0c526a6042f86401f8aa8c1,743925a8606c15823aabc265320f54431eacb6e1dc32e67c20226da79d3c821d,100
local_nabre,ps103_1_2_3_4_8_10,WORLD,,,generic,,,,"ps103:1-2,3-4,8+10","O bless the Lord, my soul!","Psalm 103 Praise of Divine Goodness - Of David. I - Bless the LORD, my soul; all my being, bless his holy name! Bless the LORD, my soul; and do not forget all his gifts,

Who pardons all your sins, and heals all your ills, Who redeems your life from the pit, and crowns you with mercy and compassion,

Merciful and gracious is the LORD, slow to anger, abounding in mercy. He has not dealt with us as our sins merit, nor requited us as our wrongs deserve.",repo://assets/nabre.db,,0ada74d167100225b510eb2f4458cb7bcaa3646746ead83f84d35c1291e2937a,43261ac6a9d424badc3562e2ed5c65946b5c1df8fad68273300f66a1bee9ebfd,100
local_nabre,ps103_1_2_3_4_8_10_12_13,WORLD,,,generic,,,,"ps103:1-2,3-4,8,10,12-13",(8a) The Lord is kind and merciful.,"Psalm 103 Praise of Divine Goodness - Of David. I - Bless the LORD, my soul; all my being, bless his holy name! Bless the LORD, my soul; and do not forget all his gifts,

Who pardons all your sins, and heals all your ills, Who redeems your life from the pit, and crowns you with mercy and compassion,

Merciful and gracious is the LORD, slow to anger, abounding in mercy.

He has not dealt with us as our sins merit, nor requited us as our wrongs deserve.

As far as the east is from the west, so far has he removed our sins from us. As a father has compassion on his children, so the LORD has compassion on those who fear him.",repo://assets/nabre.db,,c66e74890225842added8df6bbbdf05d4b1e82e213c1b8405b28a9bbb47bde71,acbbec640064f0c6c2997de57c378ee5264980f8a404afb301f245a704f9f17c,100
local_nabre,ps103_1_2_3_4_8_9_10_11,WORLD,,,generic,,,,"ps103:1-2,3-4,8-9,10-11",The Lord is kind and merciful.,"Psalm 103 Praise of Divine Goodness - Of David. I - Bless the LORD, my soul; all my being, bless his holy name! Bless the LORD, my soul; and do not forget all his gifts,

Who pardons all your sins, and heals all your ills, Who redeems your life from the pit, and crowns you with mercy and compassion,

Merciful and gracious is the LORD, slow to anger, abounding in mercy. He will not always accuse, and nurses no lasting anger;

He has not dealt with us as our sins merit, nor requited us as our wrongs deserve. For as the heavens tower over the earth, so his mercy towers over those who fear him.",repo://assets/nabre.db,,eaa44ee0f0af17a21741dea751d5fc6817265954b1ff975a6939ea55d0bcb32f,2fb2ae95508ecde3050ab022cc6cf5cfb7a59013571d58ffbb23ba4756505e7f,100
local_nabre,ps103_1_2_3_4_8_9_11_12,WORLD,,,generic,,,,"ps103:1-2,3-4,8-9,11-12",The Lord is kind and merciful.,"Psalm 103 Praise of Divine Goodness - Of David. I - Bless the LORD, my soul; all my being, bless his holy name! Bless the LORD, my soul; and do not forget all his gifts,

Who pardons all your sins, and heals all your ills, Who redeems your life from the pit, and crowns you with mercy and compassion,

Merciful and gracious is the LORD, slow to anger, abounding in mercy. He will not always accuse, and nurses no lasting anger;

For as the heavens tower over the earth, so his mercy towers over those who fear him. As far as the east is from the west, so far has he removed our sins from us.",repo://assets/nabre.db,,a96f7f319b17d3e153b8afff3ba7e9e628163d2a6a17c9000ed9e83a657fb771,2ad9e30424da1d0b441a87e1e07cde62eb09b8c0f9eb318ca0422e07eec02ca5,100
local_nabre,ps103_1_2_3_4_9_10_11_12,WORLD,,,generic,,,,"ps103:1-2,3-4,9-10,11-12","(8) The Lord is kind and merciful, slow to anger, and rich","Psalm 103 Praise of Divine Goodness - Of David. I - Bless the LORD, my soul; all my being, bless his holy name! Bless the LORD, my soul; and do not forget all his gifts,

Who pardons all your sins, and heals all your ills, Who redeems your life from the pit, and crowns you with mercy and compassion,

He will not always accuse, and nurses no lasting anger; He has not dealt with us as our sins merit, nor requited us as our wrongs deserve.

For as the heavens tower over the earth, so his mercy towers over those who fear him. As far as the east is from the west, so far has he removed our sins from us.",repo://assets/nabre.db,,eec88c59457fb4b2d788146f0ea66879c8a82b6435ac682210b6c774b8a85d49,c3e43082e00700223c30ed2cea8e04a1975e313bdf70d2b4ced32f279fb68688,100
local_nabre,ps103_6_7_8_9_10_11_12_13,WORLD,,,generic,,,,"ps103:6-7,8-9,10-11,12-13",The Lord is kind and merciful.,"The LORD does righteous deeds, brings justice to all the oppressed. He made known his ways to Moses, to the Israelites his deeds.

Merciful and gracious is the LORD, slow to anger, abounding in mercy. He will not always accuse, and nurses no lasting anger;

He has not dealt with us as our sins merit, nor requited us as our wrongs deserve. For as the heavens tower over the earth, so his mercy towers over those who fear him.

As far as the east is from the west, so far has he removed our sins from us. As a father has compassion on his children, so the LORD has compassion on those who fear him.",repo://assets/nabre.db,,8229ebc12d90ce1c69c20e0a4b9c4bbf94aabdbf24a801e6758b80bd3882d78d,4b5d75f8ae7ba853b1671cbc95ff0a42e38a98882a432c6da2648599f5e1f5b9,100
local_nabre,ps103_8_10_13_14_15_16_17_18,WORLD,,,generic,,,,"ps103:8+10,13-14,15-16,17-18",The Lord is kind and merciful.,"Merciful and gracious is the LORD, slow to anger, abounding in mercy. He has not dealt with us as our sins merit, nor requited us as our wrongs deserve.

As a father has compassion on his children, so the LORD has compassion on those who fear him. For he knows how we are formed, remembers that we are dust.

As for man, his days are like the grass; he blossoms like a flower in the field. A wind sweeps over it and it is gone; its place knows it no more.

But the LORD’s mercy is from age to age, toward those who fear him. His salvation is for the children’s children of those who keep his covenant, and remember to carry out his precepts.",repo://assets/nabre.db,,fda6a2ef3a58915b64daf1c762630a9cb4be473299ead25bf029b865cde7f187,fc65a6f15fddebff74910b5facd063f49a07b79dc4eb628aa0552e56219b9ea7,100
local_nabre,ps104_1_24_29_30_31_34,WORLD,,,generic,,,,"ps104:1,24,29-30,31,34","(1a and 9a) The Lord is king, the most high over all the earth.","Psalm 104 Praise of God the Creator I - Bless the LORD, my soul! LORD, my God, you are great indeed! You are clothed with majesty and splendor,

V - How varied are your works, LORD! In wisdom you have made them all; the earth is full of your creatures.

Take away their breath, they perish and return to the dust. Send forth your spirit, they are created and you renew the face of the earth.

May the glory of the LORD endure forever; may the LORD be glad in his works!

May my meditation be pleasing to him; I will rejoice in the LORD.",repo://assets/nabre.db,,e343cb9b859b21b8d176f30bd479fec9e874740fcdc04c665595f8c6ba0f482a,ba2725783c5b7aeb2e9833c52cc77aa11aa5f88eb0ce14e861abfac5a46e9f15,100
local_nabre,ps104_1_2a_27_28_29bc_30,WORLD,,,generic,,,,"ps104:1-2a,27-28,29bc-30","O bless the Lord, my soul!","Psalm 104 Praise of God the Creator I - Bless the LORD, my soul! LORD, my God, you are great indeed! You are clothed with majesty and splendor, robed in light as with a cloak. You spread out the heavens like a tent;

All of these look to you to give them food in due time. When you give it to them, they gather; when you open your hand, they are well filled.

Take away their breath, they perish and return to the dust. Send forth your spirit, they are created and you renew the face of the earth.",repo://assets/nabre.db,,a37e000347d4770d74068ceda7b7076189218de87b0d8f6933e4b205cd7d3f98,48cca7b8fa9dab9fc0d356f0b0efefc10f5d158a9a1531f06f92550c6a0772ab,100
local_nabre,ps104_1_2a_5_6_10_12_24_35c,WORLD,,,generic,,,,"ps104:1-2a,5-6,10+12,24+35c",May the Lord be glad in his works.,"Psalm 104 Praise of God the Creator I - Bless the LORD, my soul! LORD, my God, you are great indeed! You are clothed with majesty and splendor, robed in light as with a cloak. You spread out the heavens like a tent;

You fixed the earth on its foundation, so it can never be shaken. The deeps covered it like a garment; above the mountains stood the waters.

You made springs flow in wadies that wind among the mountains. Beside them the birds of heaven nest; among the branches they sing.

V - How varied are your works, LORD! In wisdom you have made them all; the earth is full of your creatures. Bless the LORD, my soul! Hallelujah!",repo://assets/nabre.db,,6af27cfd40f64c97923c9da9cd54320f0ecc06a236665d955ac4084811320ce8,42d8a8e6eb956ef39205744c9669da9d19499bc8cce89d338d43d9b433869146,100
local_nabre,ps104_1_2a_5_6_10and12_13_14_24and35c,WORLD,,,generic,,,,"ps104:1-2a,5-6,10and12,13-14,24and35c","Lord, send forth your Spirit, and renew the face of the earth.","Psalm 104 Praise of God the Creator I - Bless the LORD, my soul! LORD, my God, you are great indeed! You are clothed with majesty and splendor, robed in light as with a cloak. You spread out the heavens like a tent;

You fixed the earth on its foundation, so it can never be shaken. The deeps covered it like a garment; above the mountains stood the waters.

You made springs flow in wadies that wind among the mountains.

You water the mountains from your chambers; from the fruit of your labor the earth abounds. You make the grass grow for the cattle and plants for people’s work to bring forth food from the earth,

V - How varied are your works, LORD! In wisdom you have made them all; the earth is full of your creatures.",repo://assets/nabre.db,,df73a12607735bd9730c3414a30c111f46f0aadf75371825f70e80279d7f904a,a5ad6e1b5c52baa21a243bf41de39382cb506d881a8c960610985a97cffa3a05,100
local_nabre,ps104_1b_2_3_4_24_25_27_28_29_30,WORLD,,,generic,,,,"ps104:1b-2,3-4,24-25,27-28,29-30","(1) O bless the Lord, my soul.","Psalm 104 Praise of God the Creator I - Bless the LORD, my soul! LORD, my God, you are great indeed! You are clothed with majesty and splendor, robed in light as with a cloak. You spread out the heavens like a tent;

setting the beams of your chambers upon the waters. You make the clouds your chariot; traveling on the wings of the wind. You make the winds your messengers; flaming fire, your ministers.

V - How varied are your works, LORD! In wisdom you have made them all; the earth is full of your creatures. There is the sea, great and wide! It teems with countless beings, living things both large and small.

All of these look to you to give them food in due time. When you give it to them, they gather; when you open your hand, they are well filled.

Take away their breath, they perish and return to the dust. Send forth your spirit, they are created and you renew the face of the earth.",repo://assets/nabre.db,,3e906209202a7ae61b6c5ba09dd5281cece956b8afb47eadbf4471fd9ddf550c,506144f9bd911394feddd65b0bea4a9a10db056017a3f2f6fd37853efc8a9702,100
local_nabre,ps105_16_17_18_19_20_21,WORLD,,,generic,,,,"ps105:16-17,18-19,20-21",Remember the marvels the Lord has done.,"Then he called down a famine on the land, destroyed the grain that sustained them. He had sent a man ahead of them, Joseph, sold as a slave.

They shackled his feet with chains; collared his neck in iron, Till his prediction came to pass, and the word of the LORD proved him true.

The king sent and released him; the ruler of peoples set him free. He made him lord over his household, ruler over all his possessions,",repo://assets/nabre.db,,d1250158ecd7fdc15c55e2c633649e6c9bdff515fd5786de27c3d771c557df8b,4998e7a4936b21090c1c1699590a2e607ecc16436e8e4d3dd5f81f2d059bbb84,100
local_nabre,ps105_1_2_3_4_5_6_8_9,WORLD,,,generic,,,,"ps105:1-2,3-4,5-6,8-9","(7a , 8a) The Lord remembers his covenant for ever.","Psalm 105 God’s Fidelity to the Promise I - Give thanks to the LORD, invoke his name; make known among the peoples his deeds! Sing praise to him, play music; proclaim all his wondrous deeds!

Glory in his holy name; let hearts that seek the LORD rejoice! Seek out the LORD and his might; constantly seek his face.

Recall the wondrous deeds he has done, his wonders and words of judgment, You descendants of Abraham his servant, offspring of Jacob the chosen one!

He remembers forever his covenant, the word he commanded for a thousand generations, Which he made with Abraham, and swore to Isaac,",repo://assets/nabre.db,,84ad97350a0b1f0409399350b411e0faa8d3eea272feb5656df2ba7e63b63ffb,4ebb7daa2134ae0044188afce9f60f810bbb89aea23f25f9fdd8d89bdb2380ae,100
local_nabre,ps105_1_2_3_4_6_7,WORLD,,,generic,,,,"ps105:1-2,3-4,6-7",Turn to the Lord in your need and you will live.,"Psalm 105 God’s Fidelity to the Promise I - Give thanks to the LORD, invoke his name; make known among the peoples his deeds! Sing praise to him, play music; proclaim all his wondrous deeds!

Glory in his holy name; let hearts that seek the LORD rejoice! Seek out the LORD and his might; constantly seek his face.

You descendants of Abraham his servant, offspring of Jacob the chosen one! He the LORD, is our God whose judgments reach through all the earth.",repo://assets/nabre.db,,9d14723508db5e234c5038a524a99cd14492b864916ca2504237b36795f2d637,ef5748a45345d1dbdc4bc26cce014292982871ba90963e697f63ddde666eaf37,100
local_nabre,ps105_1_2_3_4_6_7_8_9,WORLD,,,generic,,,,"ps105:1-2,3-4,6-7,8-9",The Lord remembers his covenant for ever.,"Psalm 105 God’s Fidelity to the Promise I - Give thanks to the LORD, invoke his name; make known among the peoples his deeds! Sing praise to him, play music; proclaim all his wondrous deeds!

Glory in his holy name; let hearts that seek the LORD rejoice! Seek out the LORD and his might; constantly seek his face.

You descendants of Abraham his servant, offspring of Jacob the chosen one! He the LORD, is our God whose judgments reach through all the earth.

He remembers forever his covenant, the word he commanded for a thousand generations, Which he made with Abraham, and swore to Isaac,",repo://assets/nabre.db,,ca1c1e3ce483c9954084ebadca88b5b5ca1aded8c4a737b38db52ceb75f07aa9,9ba3b1a60c989f857aec8d694335b9e6370677e07fc005215c3de24282ec8c75,100
local_nabre,ps105_1_5_8_9_24_25_26_27,WORLD,,,generic,,,,"ps105:1+5,8-9,24-25,26-27",The Lord remembers his covenant for ever.,"Psalm 105 God’s Fidelity to the Promise I - Give thanks to the LORD, invoke his name; make known among the peoples his deeds! Recall the wondrous deeds he has done, his wonders and words of judgment,

He remembers forever his covenant, the word he commanded for a thousand generations, Which he made with Abraham, and swore to Isaac,

God greatly increased his people, made them more numerous than their foes. He turned their hearts to hate his people, to treat his servants deceitfully.

He sent his servant Moses, and Aaron whom he had chosen. They worked his signs in Egypt and wonders in the land of Ham.",repo://assets/nabre.db,,ca28fbb8f75ffdf479597da9ace29a6d1c74a51b2b60de679b1e58b56477a958,78df2e6d1cb96844a49c9e2535990a4e52aa3d1430b3f166dc04a7cad153e26c,100
local_nabre,ps105_2_3_36_37_42_43,WORLD,,,generic,,,,"ps105:2-3,36-37,42-43",Remember the marvels the Lord has done.,"Sing praise to him, play music; proclaim all his wondrous deeds! Glory in his holy name; let hearts that seek the LORD rejoice!

He struck down every firstborn in the land, the first fruits of all their vigor. He brought his people out, laden with silver and gold; no one among the tribes stumbled.

For he remembered his sacred promise to Abraham his servant. He brought his people out with joy, his chosen ones with shouts of triumph.",repo://assets/nabre.db,,040b34e5e11fbcfc39ee28788fac667eb80496bed73a5f064c56052109d4c767,833e83ea2160de26a6c7f820daed5688b4ffc8a44d057652b4dc0cb323cf5dcb,100
local_nabre,ps105_2_3_4_5_6_7,WORLD,,,generic,,,,"ps105:2-3,4-5,6-7",Seek always the face of the Lord.,"Sing praise to him, play music; proclaim all his wondrous deeds! Glory in his holy name; let hearts that seek the LORD rejoice!

Seek out the LORD and his might; constantly seek his face. Recall the wondrous deeds he has done, his wonders and words of judgment,

You descendants of Abraham his servant, offspring of Jacob the chosen one! He the LORD, is our God whose judgments reach through all the earth.",repo://assets/nabre.db,,4a7c506cefe09abea8c78f6d1cdb25a92a5273a6930b9bb7e4c231a6b1293052,d4e2cac455b8dd8c1ddfa1ea682c4457b24b67ea193f91e3244e855a49b5b22b,100
local_nabre,ps105_4_5_6_7_8_9,WORLD,,,generic,,,,"ps105:4-5,6-7,8-9",The Lord remembers his covenant forever.,"Seek out the LORD and his might; constantly seek his face. Recall the wondrous deeds he has done, his wonders and words of judgment,

You descendants of Abraham his servant, offspring of Jacob the chosen one! He the LORD, is our God whose judgments reach through all the earth.

He remembers forever his covenant, the word he commanded for a thousand generations, Which he made with Abraham, and swore to Isaac,",repo://assets/nabre.db,,7a9af7e74249af905dc8a9cc45f6df34f88db4e9ccde0899ec6aebe89a579194,57709bc4e8f56bb8c9f1bcc9771e1bda83b790bf5d0368e781b57ad6a0a52207,100
local_nabre,ps105_5_7_8_10_42_44,WORLD,,,generic,,,,"ps105:5-7,8-10,42-44",The Lord remembers his covenant for ever.,"Recall the wondrous deeds he has done, his wonders and words of judgment, You descendants of Abraham his servant, offspring of Jacob the chosen one! He the LORD, is our God whose judgments reach through all the earth.

He remembers forever his covenant, the word he commanded for a thousand generations, Which he made with Abraham, and swore to Isaac, And ratified in a statute for Jacob, an everlasting covenant for Israel:

For he remembered his sacred promise to Abraham his servant. He brought his people out with joy, his chosen ones with shouts of triumph. He gave them the lands of the nations, they took possession of the wealth of the peoples,",repo://assets/nabre.db,,5414d5433decb7ec2af7e7004d1e85eb5d2ca58d4e7ff47bd6e0384e08f57b6d,f2bd5cde08afd753d6cfd3d5bbee0afa4206e70708ed9495c11ce903bd88baed,100
local_nabre,ps106_19_20_21_22_23,WORLD,,,generic,,,,"ps106:19-20,21-22,23","Lord, remember us, for the love you bear your people.","IV At Horeb they fashioned a calf, worshiped a metal statue. They exchanged their glory for the image of a grass-eating bull.

They forgot the God who had saved them, who had done great deeds in Egypt, Amazing deeds in the land of Ham, fearsome deeds at the Red Sea.

He would have decreed their destruction, had not Moses, his chosen one, Withstood him in the breach to turn back his destroying anger.",repo://assets/nabre.db,,e6fa82219a700512e409eb22cc881524caaf4118c2a98603f58b586d80688225,17168e3105073f95157ff7bfd102cfd358ee986b9f1d13acfe160511b71a07d2,100
local_nabre,ps106_1_2_3_4a_4b_5,WORLD,,,generic,,,,"ps106:1-2,3-4a,4b-5","Give thanks, for the Lord is good.","Psalm 106 Israel’s Confession of Sin - Hallelujah! A - Give thanks to the LORD, who is good, whose mercy endures forever. Who can recount the mighty deeds of the LORD, proclaim in full God’s praise?

Blessed those who do what is right, whose deeds are always just. Remember me, LORD, as you favor your people; come to me with your saving help,

Remember me, LORD, as you favor your people; come to me with your saving help, That I may see the prosperity of your chosen ones, rejoice in the joy of your people, and glory with your heritage.",repo://assets/nabre.db,,3473a4f9d593865a71033574dfbc7df93b917eee59d7cac74b5538d58cb8e704,aedda3af3e7cdbcf1816a1884520ffd50c086aecfcf322eefd17cebd7f8a2af1,100
local_nabre,ps106_1b_2_3_4a_4b_5,WORLD,,,generic,,,,"ps106:1b-2,3-4a,4b-5","Give thanks, for the Lord is good.","Psalm 106 Israel’s Confession of Sin - Hallelujah! A - Give thanks to the LORD, who is good, whose mercy endures forever. Who can recount the mighty deeds of the LORD, proclaim in full God’s praise?

Blessed those who do what is right, whose deeds are always just. Remember me, LORD, as you favor your people; come to me with your saving help,

Remember me, LORD, as you favor your people; come to me with your saving help, That I may see the prosperity of your chosen ones, rejoice in the joy of your people, and glory with your heritage.",repo://assets/nabre.db,,3473a4f9d593865a71033574dfbc7df93b917eee59d7cac74b5538d58cb8e704,aedda3af3e7cdbcf1816a1884520ffd50c086aecfcf322eefd17cebd7f8a2af1,100
local_nabre,ps106_3_4_6_7_35_36_37_40,WORLD,,,generic,,,,"ps106:3-4,6-7,35-36,37+40","Lord, remember us,","Blessed those who do what is right, whose deeds are always just. Remember me, LORD, as you favor your people; come to me with your saving help,

B - We have sinned like our ancestors; we have done wrong and are guilty. They did not remember your manifold mercy; they defied the Most High at the Red Sea.

But mingled with the nations and imitated their ways. They served their idols and were ensnared by them.

They sacrificed to demons their own sons and daughters, So the LORD grew angry with his people, abhorred his own heritage.",repo://assets/nabre.db,,4a0201658611da4b0030c4d482ecead8b4d9641770e746749f533c382d0ab361,6eb620f17d79868da6b01a28c6a66343c85e52d5751fe9454d9532a511cd0ce5,100
local_nabre,ps106_4_5b_6_35_36_37_39_40_43_44,WORLD,,,generic,,,,"ps106:4+5b,6+35,36-37,39-40,43-44","In your love, remember us, Lord.++","Remember me, LORD, as you favor your people; come to me with your saving help, That I may see the prosperity of your chosen ones, rejoice in the joy of your people, and glory with your heritage.

B - We have sinned like our ancestors; we have done wrong and are guilty. But mingled with the nations and imitated their ways.

They served their idols and were ensnared by them. They sacrificed to demons their own sons and daughters,

They defiled themselves by their actions, became adulterers by their conduct. So the LORD grew angry with his people, abhorred his own heritage.

Many times did he rescue them, but they kept rebelling and scheming and were brought low by their own guilt. Still God had regard for their affliction when he heard their wailing.",repo://assets/nabre.db,,8d046fdc5852bc1bf928cfc6c2758e19c95b78b32e03c126f6bc2038595af44c,faf733a42d5f1c8e8886da7fe8c2169742d7972ae451600d0e643bf46ce2eecf,100
local_nabre,ps106_6_7_13_14_21_22_23,WORLD,,,generic,,,,"ps106:6-7,13-14,21-22,23","In your love, remember us, Lord.++","B - We have sinned like our ancestors; we have done wrong and are guilty. They did not remember your manifold mercy; they defied the Most High at the Red Sea.

II But they soon forgot all he had done; they had no patience for his plan. In the desert they gave in to their cravings, tempted God in the wasteland.

They forgot the God who had saved them, who had done great deeds in Egypt, Amazing deeds in the land of Ham, fearsome deeds at the Red Sea.

He would have decreed their destruction, had not Moses, his chosen one, Withstood him in the breach to turn back his destroying anger.",repo://assets/nabre.db,,91ae7da7d7014f16c5e988219f35cff50662ec49971c0fd2ba477c3eaac42a1a,b16ee6d9219114febc7975f5ca55713a6e16dfae25d00fa7553118619bbd8524,100
local_nabre,ps106_6_7a_19_20_21_22,WORLD,,,generic,,,,"ps106:6-7a,19-20,21-22","Lord, remember us,","B - We have sinned like our ancestors; we have done wrong and are guilty. They did not remember your manifold mercy; they defied the Most High at the Red Sea.

IV At Horeb they fashioned a calf, worshiped a metal statue. They exchanged their glory for the image of a grass-eating bull.

They forgot the God who had saved them, who had done great deeds in Egypt, Amazing deeds in the land of Ham, fearsome deeds at the Red Sea.",repo://assets/nabre.db,,bbb81b15b17bfd2bd21b2b968d7c2e7369391bbb5d1f3680b706dbee7429c414,ec8c76952b11df39053625b805f6832ad246e16cfa88ad5fa1e46b5f617fd2e6,100
local_nabre,ps107_1_2_4_5_6_7_8_9,WORLD,,,generic,,,,"ps107:1-2,4-5,6-7,8-9","Give thanks to the Lord, God's love is everlasting.","Fifth Book—Psalms 107–150 Psalm 107 God the Savior of Those in Distress - “Give thanks to the LORD for he is good, his mercy endures forever!” Let that be the prayer of the LORD’s redeemed, those redeemed from the hand of the foe,

I - Some had lost their way in a barren desert; found no path toward a city to live in. They were hungry and thirsty; their life was ebbing away.

In their distress they cried to the LORD, who rescued them in their peril, Guided them by a direct path so they reached a city to live in.

Let them thank the LORD for his mercy, such wondrous deeds for the children of Adam. For he satisfied the thirsty, filled the hungry with good things.",repo://assets/nabre.db,,75122cd9f3317ad00e14676814ee4b6bd60c30ab6160e27c52f3e1ed58cbd86b,f1798be9eaea545e46d4c28ac39b5a1aa4c0e7a55b3b043f7987affc46e0c2d3,100
local_nabre,ps107_23_24_25_26_28_29_30_31,WORLD,,,generic,,,,"ps107:23-24,25-26,28-29,30-31","(1b) Give thanks to the Lord, his love is everlasting.","Some went off to sea in ships, plied their trade on the deep waters. They saw the works of the LORD, the wonders of God in the deep.

He commanded and roused a storm wind; it tossed the waves on high. They rose up to the heavens, sank to the depths; their hearts trembled at the danger.

In their distress they cried to the LORD, who brought them out of their peril; He hushed the storm to silence, the waves of the sea were stilled.

They rejoiced that the sea grew calm, that God brought them to the harbor they longed for. Let them thank the LORD for his mercy, such wondrous deeds for the children of Adam.",repo://assets/nabre.db,,a47d1af745baf6c6ca1889f8f645017807b4dfa102a0edf6204de725a171f4e6,f42c642041322f2238d8dd87c6acb511efde7ad234e4c014d0b14b8b69eab24f,100
local_nabre,ps109_21_22_26_27_30_31,WORLD,,,generic,,,,"ps109:21-22,26-27,30-31","Save me, O Lord, in your kindness.","But you, LORD, are my Lord, deal kindly with me for your name’s sake; in your great mercy rescue me. For I am poor and needy; my heart is pierced within me.

Help me, LORD, my God; save me in your mercy. Make them know this is your hand, that you, LORD, have done this.

I will give fervent thanks to the LORD; before a crowd I will praise him. For he stands at the right hand of the poor to save him from those who pass judgment on him.",repo://assets/nabre.db,,987182050ff19a593f9ba87581e5edd8fea943665e5c158f24448416951749b0,1aca7a0ed292f7d62952510dc592a3252f56179251218e66573e0dfc34ac1ce3,100
local_nabre,ps10_1_2_3_4_7_8_14,WORLD,,,generic,,,,"ps10:1-2,3-4,7-8,14","Do not forget the poor, O Lord!","Psalm 10 I - Why, LORD, do you stand afar and pay no heed in times of trouble? Arrogant scoundrels pursue the poor; they trap them by their cunning schemes.

The wicked even boast of their greed; these robbers curse and scorn the LORD. In their insolence the wicked boast: “God does not care; there is no God.”

Their mouths are full of oaths, violence, and lies; discord and evil are under their tongues. They wait in ambush near towns; their eyes watch for the helpless to murder the innocent in secret.

To you the helpless can entrust their cause; you are the defender of orphans.",repo://assets/nabre.db,,f87b9308dc5b9252854624a8f9cc1d743d8e261dbbceaae1b98aa4d897e2342f,72857983d9b4f578871afd0d48b0f3a6137b1edc2fe13bfae2078a2a18dc3d5b,100
local_nabre,ps110_1_2_3_4,WORLD,,,generic,,,,"ps110:1,2,3,4","(4b) You are a priest for ever, in the line of Melchizedek.","Psalm 110 God Appoints the King both King and Priest - A psalm of David. The LORD says to my lord: “Sit at my right hand, while I make your enemies your footstool.”

Have dominion over your enemies!

In holy splendor before the daystar, like dew I begot you.

The LORD has sworn and will not waver: “You are a priest forever in the manner of Melchizedek.”",repo://assets/nabre.db,,1f5ab283c6b2518ae34c0405a005da4f008abc93f0f5171c72ca1b60ee9ebfa0,630b73fe86ea362a6d2db8419ac66ba3bc42c658b7f30340c73df5a366dd925d,100
local_nabre,ps111_1_2_3_4_5_6,WORLD,,,generic,,,,"ps111:1-2,3-4,5-6",How great are the works of the Lord!,"Psalm 111 Praise of God for Goodness to Israel - Hallelujah! I will praise the LORD with all my heart in the assembled congregation of the upright. Great are the works of the LORD, studied by all who delight in them.

Majestic and glorious is his work, his righteousness endures forever. He won renown for his wondrous deeds; gracious and merciful is the LORD.

He gives food to those who fear him, he remembers his covenant forever. He showed his powerful deeds to his people, giving them the inheritance of the nations.",repo://assets/nabre.db,,45b74b4018a2c97f4c00a0f1792aadca5e8959c84a1236f59071eb887459a04e,d0d3790a2a84a8824f912e41442241b2013dcde14228b8ab99d8ad8d50bd5e67,100
local_nabre,ps111_1_2_3_4_7_8,WORLD,,,generic,,,,"ps111:1-2,3-4,7-8","Your works, O Lord, are justice and truth.","Psalm 111 Praise of God for Goodness to Israel - Hallelujah! I will praise the LORD with all my heart in the assembled congregation of the upright. Great are the works of the LORD, studied by all who delight in them.

Majestic and glorious is his work, his righteousness endures forever. He won renown for his wondrous deeds; gracious and merciful is the LORD.

The works of his hands are true and just, reliable all his decrees, Established forever and ever, to be observed with truth and equity.",repo://assets/nabre.db,,5ffd8bcd894ac8c9ccecf12e299989a39e91c1dd8563e233bac7e741628d3196,4c975c739679487c7e764b4f558036ba7463c71a7f6f415711671b8cdac161b5,100
local_nabre,ps111_1_2_4_5_9_10c,WORLD,,,generic,,,,"ps111:1-2,4-5,9+10c",God is ever mindful of his covenant.,"Psalm 111 Praise of God for Goodness to Israel - Hallelujah! I will praise the LORD with all my heart in the assembled congregation of the upright. Great are the works of the LORD, studied by all who delight in them.

He won renown for his wondrous deeds; gracious and merciful is the LORD. He gives food to those who fear him, he remembers his covenant forever.

He sent release to his people, decreed his covenant forever; holy and fearsome is his name. His praise endures forever.",repo://assets/nabre.db,,e63b233b373905f49efc60d7b405a869b606ac245a20d05ae93deb236584541d,31ce108a68af66be79c65edfbd6f8d64e4e42a6f993dfe021b1020d625ff0c82,100
local_nabre,ps111_1_2_5_6_9_10c,WORLD,,,generic,,,,"ps111:1-2,5-6,9+10c",The Lord will remember his covenant for ever.,"Psalm 111 Praise of God for Goodness to Israel - Hallelujah! I will praise the LORD with all my heart in the assembled congregation of the upright. Great are the works of the LORD, studied by all who delight in them.

He gives food to those who fear him, he remembers his covenant forever. He showed his powerful deeds to his people, giving them the inheritance of the nations.

He sent release to his people, decreed his covenant forever; holy and fearsome is his name. His praise endures forever.",repo://assets/nabre.db,,91b2ff39a8d531af5c6ed0c4446f12953c40dab88c47d488ffe6bca5c4226e3f,e4f693ab9852f2f68ff3401b1f36861ea9bc36d920a6ccff59d4777ecaa1ba0c,100
local_nabre,ps111_1_2_7_8_9_10c,WORLD,,,generic,,,,"ps111:1-2,7-8,9+10c",The Lord will remember his covenant for ever.,"Psalm 111 Praise of God for Goodness to Israel - Hallelujah! I will praise the LORD with all my heart in the assembled congregation of the upright. Great are the works of the LORD, studied by all who delight in them.

The works of his hands are true and just, reliable all his decrees, Established forever and ever, to be observed with truth and equity.

He sent release to his people, decreed his covenant forever; holy and fearsome is his name. His praise endures forever.",repo://assets/nabre.db,,c980b7a1b67d3c0a3c55288af6ec82a0a45c6f3bdec1049cfbfb327429f4ff23,00d24c21b76c0e12cceaf585f14b3f7699b13d4acf8148ba4c3820bf3b14096e,100
local_nabre,ps111_7_8_9_10,WORLD,,,generic,,,,"ps111:7-8,9,10",How great are the works of the Lord!,"The works of his hands are true and just, reliable all his decrees, Established forever and ever, to be observed with truth and equity.

He sent release to his people, decreed his covenant forever; holy and fearsome is his name.

His praise endures forever.",repo://assets/nabre.db,,3927353e84fd15f2ebb42e1f0c28a94f16239e39f6c4303e05860e04f492a4ba,8b8467c73735b570ef76e16173715ea8e85c1137a3bfef8cfcbb113479a37fd4,100
local_nabre,ps112_1_2_3_4_5_6,WORLD,,,generic,,,,"ps112:1-2,3-4,5-6",Happy are those who fear the Lord.,"Psalm 112 The Blessings of the Just - Hallelujah! Blessed the man who fears the LORD, who greatly delights in his commands. His descendants shall be mighty in the land, a generation of the upright will be blessed.

Wealth and riches shall be in his house; his righteousness shall endure forever. Light shines through the darkness for the upright; gracious, compassionate, and righteous.

It is good for the man gracious in lending, who conducts his affairs with justice. For he shall never be shaken; the righteous shall be remembered forever.",repo://assets/nabre.db,,8177664daf0cdd6556de5e16df689bd8d4ae9847746ba2a794490e72f7af7749,c830ee40e211277511bfcde60463f7769962dc9c65576aebe603fe53cbbc0a5f,100
local_nabre,ps112_1_2_3_4_9,WORLD,,,generic,,,,"ps112:1-2,3-4,9",Happy are those who fear the Lord.,"Psalm 112 The Blessings of the Just - Hallelujah! Blessed the man who fears the LORD, who greatly delights in his commands. His descendants shall be mighty in the land, a generation of the upright will be blessed.

Wealth and riches shall be in his house; his righteousness shall endure forever. Light shines through the darkness for the upright; gracious, compassionate, and righteous.

Lavishly he gives to the poor; his righteousness shall endure forever; his horn shall be exalted in honor.",repo://assets/nabre.db,,2872252c33c6547bcbe5243025a3f77c063cae4f6c4f27e7bf7f30e4965fe714,ae15d4cf49568a855a01cd16fc1d94e7a2fadcc75c438ee00ebeefd56a7bb8fc,100
local_nabre,ps112_1_2_4_5_9,WORLD,,,generic,,,,"ps112:1-2,4-5,9",Happy the merciful who give to those in need.,"Psalm 112 The Blessings of the Just - Hallelujah! Blessed the man who fears the LORD, who greatly delights in his commands. His descendants shall be mighty in the land, a generation of the upright will be blessed.

Light shines through the darkness for the upright; gracious, compassionate, and righteous. It is good for the man gracious in lending, who conducts his affairs with justice.

Lavishly he gives to the poor; his righteousness shall endure forever; his horn shall be exalted in honor.",repo://assets/nabre.db,,4aaac8f03f4f1917e8a0983b0567d5f9d076cbfaaaf963ed01ea2dc2709d1187,791e928467be8711571080cff275505f8f4e5caba6e735e5801c7dc7cc41669c,100
local_nabre,ps112_1_2_5_6_7_8_9,WORLD,,,generic,,,,"ps112:1-2,5-6,7-8,9",Happy the merciful who give to those in need.,"Psalm 112 The Blessings of the Just - Hallelujah! Blessed the man who fears the LORD, who greatly delights in his commands. His descendants shall be mighty in the land, a generation of the upright will be blessed.

It is good for the man gracious in lending, who conducts his affairs with justice. For he shall never be shaken; the righteous shall be remembered forever.

He shall not fear an ill report; his heart is steadfast, trusting the LORD. His heart is tranquil, without fear, till at last he looks down on his foes.

Lavishly he gives to the poor; his righteousness shall endure forever; his horn shall be exalted in honor.",repo://assets/nabre.db,,5e0a87ba3671499ff5311af0a4b7b06e5b3bd3d11754ec182d92663c15432d6e,9e472f66d7017d4061b12c979159df5fac383f3346dbca07f2fcdf1f73407243,100
local_nabre,ps112_1_2_5_6_8a_9,WORLD,,,generic,,,,"ps112:1-2,5-6,8a+9",Happy are those who fear the Lord.,"Psalm 112 The Blessings of the Just - Hallelujah! Blessed the man who fears the LORD, who greatly delights in his commands. His descendants shall be mighty in the land, a generation of the upright will be blessed.

It is good for the man gracious in lending, who conducts his affairs with justice. For he shall never be shaken; the righteous shall be remembered forever.

His heart is tranquil, without fear, till at last he looks down on his foes. Lavishly he gives to the poor; his righteousness shall endure forever; his horn shall be exalted in honor.",repo://assets/nabre.db,,a34b8209342701ab6737b4d9b7d513d4547e28df1ac3558b4f7caa2f8e617553,8c04e086ac9215f8d3b3a515bcb3fc05583294ee27eeeca43762575839a787d1,100
local_nabre,ps112_1_2_7bc_8_9,WORLD,,,generic,,,,"ps112:1-2,7bc-8,9","The hearts of the just are secure,","Psalm 112 The Blessings of the Just - Hallelujah! Blessed the man who fears the LORD, who greatly delights in his commands. His descendants shall be mighty in the land, a generation of the upright will be blessed.

He shall not fear an ill report; his heart is steadfast, trusting the LORD. His heart is tranquil, without fear, till at last he looks down on his foes.

Lavishly he gives to the poor; his righteousness shall endure forever; his horn shall be exalted in honor.",repo://assets/nabre.db,,6f06dcf8561f2bc0de91c03c47d0982b281d26162a580358e5333a6d99a4311f,deb2a0a0c1220e2008f31004b78c0bafa90a328e1694e5f3a7fc663e8e8081af,100
local_nabre,ps112_1_2_7bc_8_9_see7c,WORLD,,,generic,,,,"ps112:1-2,7bc-8,9(see7c)","The hearts of the just are secure,","Psalm 112 The Blessings of the Just - Hallelujah! Blessed the man who fears the LORD, who greatly delights in his commands. His descendants shall be mighty in the land, a generation of the upright will be blessed.

He shall not fear an ill report; his heart is steadfast, trusting the LORD. His heart is tranquil, without fear, till at last he looks down on his foes.

Lavishly he gives to the poor; his righteousness shall endure forever; his horn shall be exalted in honor.",repo://assets/nabre.db,,6f06dcf8561f2bc0de91c03c47d0982b281d26162a580358e5333a6d99a4311f,deb2a0a0c1220e2008f31004b78c0bafa90a328e1694e5f3a7fc663e8e8081af,100
local_nabre,ps112_4_5_6_7_8_9,WORLD,,,generic,,,,"ps112:4-5,6-7,8-9",(4a) The just man is a light in darkness to the upright.,"Light shines through the darkness for the upright; gracious, compassionate, and righteous. It is good for the man gracious in lending, who conducts his affairs with justice.

For he shall never be shaken; the righteous shall be remembered forever. He shall not fear an ill report; his heart is steadfast, trusting the LORD.

His heart is tranquil, without fear, till at last he looks down on his foes. Lavishly he gives to the poor; his righteousness shall endure forever; his horn shall be exalted in honor.",repo://assets/nabre.db,,15887f2168d5299c4260fc9a29bdca1c502ec8451a734ef8f4635c7cd8a2f12d,bcb2c50f36715a01e70407a1e8c5ab0ea5dc26484271efc9f470e1b5660b2cd1,100
local_nabre,ps113_1_2_3_4_5_6,WORLD,,,generic,,,,"ps113:1-2,3-4,5-6",The glory of the Lord is higher than the skies.,"Psalm 113 Praise of God’s Care for the Poor - Hallelujah! I - Praise, you servants of the LORD, praise the name of the LORD. Blessed be the name of the LORD both now and forever.

From the rising of the sun to its setting let the name of the LORD be praised. High above all nations is the LORD; above the heavens his glory.

Who is like the LORD our God, enthroned on high, looking down on heaven and earth?",repo://assets/nabre.db,,a4258ea31b655d3d3f7d258426be1cb7412e687bd4ac18dee86e5e1f0de04f30,68e09cc7dd72d2a397d50f0d1b22de86748845083fc3743a1e7b25a70f9e0ab1,100
local_nabre,ps113_1_2_3_4_5_6_7_8,WORLD,,,generic,,,,"ps113:1-2,3-4,5-6,7-8",The Lord will count him among his people.++,"Psalm 113 Praise of God’s Care for the Poor - Hallelujah! I - Praise, you servants of the LORD, praise the name of the LORD. Blessed be the name of the LORD both now and forever.

From the rising of the sun to its setting let the name of the LORD be praised. High above all nations is the LORD; above the heavens his glory.

Who is like the LORD our God, enthroned on high, looking down on heaven and earth?

He raises the needy from the dust, lifts the poor from the ash heap, Seats them with princes, the princes of the people,",repo://assets/nabre.db,,14384c89380fa762c3daaef4cf3418a367ff25029b68ca11187d086f5792d34f,61f61d3e6b710e9024a90126f7109f870fe6910a0d0bcd6d83e5972ce0550a6f,100
local_nabre,ps113_1_2_3_4_5a_6_7,WORLD,,,generic,,,,"ps113:1-2,3-4,5a+6-7",Blessed be the name of the Lord for ever.,"Psalm 113 Praise of God’s Care for the Poor - Hallelujah! I - Praise, you servants of the LORD, praise the name of the LORD. Blessed be the name of the LORD both now and forever.

From the rising of the sun to its setting let the name of the LORD be praised. High above all nations is the LORD; above the heavens his glory.

Who is like the LORD our God, enthroned on high, looking down on heaven and earth? He raises the needy from the dust, lifts the poor from the ash heap,",repo://assets/nabre.db,,9e7f2b78bf691d0db4b3e9c8a49cf73c6a4f3335b42eb3d142fe8ae668343b55,e7e60a1f5cedccb3d349d4162f1bc3bc2ed42810b90a7718e7103421315c8ab1,100
local_nabre,ps113_1_2_4_6_7_8,WORLD,,,generic,,,,"ps113:1-2,4-6,7-8",Praise the Lord who lifts up the poor.,"Psalm 113 Praise of God’s Care for the Poor - Hallelujah! I - Praise, you servants of the LORD, praise the name of the LORD. Blessed be the name of the LORD both now and forever.

High above all nations is the LORD; above the heavens his glory. Who is like the LORD our God, enthroned on high, looking down on heaven and earth?

He raises the needy from the dust, lifts the poor from the ash heap, Seats them with princes, the princes of the people,",repo://assets/nabre.db,,18f21df96bc64c358e046257edb921c0f2db632e36c4c8c4caf55375809962b0,e40f29acaae1936f737f768915e85e1326d1a370c70b04ac91bd7e2fab28e271,100
local_nabre,ps114_1_2_3_4_5_6,WORLD,,,generic,,,,"ps114:1-2,3-4,5-6",Alleluia! (or two or three times),"Psalm 114 The Lord’s Wonders at the Exodus - When Israel came forth from Egypt, the house of Jacob from an alien people, Judah became God’s sanctuary, Israel, God’s domain.

The sea saw and fled; the Jordan turned back. The mountains skipped like rams; the hills, like lambs.

Why was it, sea, that you fled? Jordan, that you turned back? Mountains, that you skipped like rams? You hills, like lambs?",repo://assets/nabre.db,,682b69a9357d3953b69300a315a257b88da0039cbd20998bf50b5f9dce86737d,6388a3c4433a35b0b24c12907bb2e524d374f72ec96c7299239042213eccf7c2,100
local_nabre,ps115_1_2_3_4_15_16,WORLD,,,generic,,,,"ps115:1-2,3-4,15-16","Not to us, O Lord, but to your name give the glory.","Psalm 115 The Greatness of the True God I - Not to us, LORD, not to us but to your name give glory because of your mercy and faithfulness. Why should the nations say, “Where is their God?”

Our God is in heaven and does whatever he wills. Their idols are silver and gold, the work of human hands.

May you be blessed by the LORD, maker of heaven and earth. The heavens belong to the LORD, but he has given the earth to the children of Adam.",repo://assets/nabre.db,,e6799c7471fdcf2efa8368262fa0a9d4a07c8bbd735b2acbe85d2ecb92e85826,771ac811336f9d7338130f81919d31f4659a2e98946ca5a4bf94b35df8de8b71,100
local_nabre,ps115_3_4_5_6_7_8_9_10,WORLD,,,generic,,,,"ps115:3-4,5-6,7-8,9-10",The house of Israel trusts in the Lord.,"Our God is in heaven and does whatever he wills. Their idols are silver and gold, the work of human hands.

They have mouths but do not speak, eyes but do not see. They have ears but do not hear, noses but do not smell.

They have hands but do not feel, feet but do not walk; they produce no sound from their throats. Their makers will be like them, and anyone who trusts in them.

The house of Israel trusts in the LORD, who is their help and shield. The house of Aaron trusts in the LORD, who is their help and shield.",repo://assets/nabre.db,,20f4e34912deb1ad6e9f24b8b417fab1bc7b1abcc78214dde143ff6068b40b19,cae69036f87eee651279e9c5a9915d11e66be9a477f2357f5b64ef3437f06d9f,100
local_nabre,ps116_10_11_15_16_17_18,WORLD,,,generic,,,,"ps116:10-11,15-16,17-18","To you, Lord, I will offer a sacrifice of praise.","I kept faith, even when I said, “I am greatly afflicted!” I said in my alarm, “All men are liars!”

Dear in the eyes of the LORD is the death of his devoted. LORD, I am your servant, your servant, the child of your maidservant; you have loosed my bonds.

I will offer a sacrifice of praise and call on the name of the LORD. I will pay my vows to the LORD in the presence of all his people,",repo://assets/nabre.db,,e9d686121661b7cf669bef60728314414e4c54df8a1442cb6f7f8354c5b13847,4525b03ac6411104252a6912d954d03960ded71b68aea80280e7489c78c888d9,100
local_nabre,ps116_10_15_16_17_18_19,WORLD,,,generic,,,,"ps116:10,15,16-17,18-19","(116:9) I will walk before the Lord, in the land of the living.","I kept faith, even when I said, “I am greatly afflicted!”

Dear in the eyes of the LORD is the death of his devoted.

LORD, I am your servant, your servant, the child of your maidservant; you have loosed my bonds. I will offer a sacrifice of praise and call on the name of the LORD.

I will pay my vows to the LORD in the presence of all his people, Hallelujah!",repo://assets/nabre.db,,664f51e53ced2442c2cd8f1e92b7c4ddc45fa5c7cc25379a0198b6c26cfcb1eb,4e79abc36d1b9fc43e5de0b8e54bc17ee46fe07d95ee5c6d83e98a5561a9062d,100
local_nabre,ps116_12_13_14_15_16_17,WORLD,,,generic,,,,"ps116:12-13,14-15,16-17",What return can I make to the Lord,"How can I repay the LORD for all the great good done for me? I will raise the cup of salvation and call on the name of the LORD.

I will pay my vows to the LORD in the presence of all his people. Dear in the eyes of the LORD is the death of his devoted.

LORD, I am your servant, your servant, the child of your maidservant; you have loosed my bonds. I will offer a sacrifice of praise and call on the name of the LORD.",repo://assets/nabre.db,,bbd91b58236c1ea8b86bf10450cb19927acd198383705f55fce3f0b96ca01569,7a0e255b219d4e1d490779e3280d890154df8b245020eb106e4fab3f6d12a84f,100
local_nabre,ps116_12_13_14_15_18_19,WORLD,,,generic,,,,"ps116:12-13,14-15,18-19","To you, Lord, I will offer a sacrifice of praise.","How can I repay the LORD for all the great good done for me? I will raise the cup of salvation and call on the name of the LORD.

I will pay my vows to the LORD in the presence of all his people. Dear in the eyes of the LORD is the death of his devoted.

I will pay my vows to the LORD in the presence of all his people, Hallelujah!",repo://assets/nabre.db,,9fbfc3769707c6ac5346a0efed7c25ddef6f384b85f6fb8293de7c9a8198b3d0,471e461b13b7cb1576005368337b48d1bf188477362b430438d50a09ca3e0869,100
local_nabre,ps116_12_13_14_17_18_19,WORLD,,,generic,,,,"ps116:12-13,14+17,18-19","To you, Lord, I will offer a sacrifice of praise.","How can I repay the LORD for all the great good done for me? I will raise the cup of salvation and call on the name of the LORD.

I will pay my vows to the LORD in the presence of all his people. I will offer a sacrifice of praise and call on the name of the LORD.

I will pay my vows to the LORD in the presence of all his people, Hallelujah!",repo://assets/nabre.db,,769ab31b07346de48c2f7e49eabdf3bba19bb7ad0ef8d24c232dad46ec9fa27b,59cb97e7730b550beaebeafde52cdba63021ce84534d4594e90ad891c5af5ea6,100
local_nabre,ps116_12_13_15_16_17_18,WORLD,,,generic,,,,"ps116:12-13,15-16,17-18","(13) I will take the cup of salvation, and call on the name of the Lord.","How can I repay the LORD for all the great good done for me? I will raise the cup of salvation and call on the name of the LORD.

Dear in the eyes of the LORD is the death of his devoted. LORD, I am your servant, your servant, the child of your maidservant; you have loosed my bonds.

I will offer a sacrifice of praise and call on the name of the LORD. I will pay my vows to the LORD in the presence of all his people,",repo://assets/nabre.db,,be490a52697d051d30fb7a22eb64d97d164b1a4b59b3c78206f12abfb86a296f,ec8b93577aa290d3f3b5ba63ca75a4596b965d3fe3ce2a5f0f2a73324d50c9bc,100
local_nabre,ps116_12_13_15_16bc_17_18,WORLD,,,generic,,,,"ps116:12-13,15-16bc,17-18",The blessing cup that we bless is a communion with the blood of Christ.,"How can I repay the LORD for all the great good done for me? I will raise the cup of salvation and call on the name of the LORD.

Dear in the eyes of the LORD is the death of his devoted. LORD, I am your servant, your servant, the child of your maidservant; you have loosed my bonds.

I will offer a sacrifice of praise and call on the name of the LORD. I will pay my vows to the LORD in the presence of all his people,",repo://assets/nabre.db,,3e8f49350f536777fba6be0b8b9b71ca78f1bfb2d813266b96d78f133a6f50d4,0d7df53f48b36f4593832ccfb88080d7bb196e78616f1a9c055e736e0bb2f56d,100
local_nabre,ps116_12_13_17_18,WORLD,,,generic,,,,"ps116:12-13,17-18","To you, Lord, I will offer a sacrifice of praise.","How can I repay the LORD for all the great good done for me? I will raise the cup of salvation and call on the name of the LORD.

I will offer a sacrifice of praise and call on the name of the LORD. I will pay my vows to the LORD in the presence of all his people,",repo://assets/nabre.db,,4a9ef2498d842522e7d5d5c839c4c1923cdd6d0ddd23eb99439f703c9b428a34,7df4f4c3c145399e3edf8473fab133221fd0864047c5956d0030533bbc18561f,100
local_nabre,ps116_1_2_3_4_5_6_8_9,WORLD,,,generic,,,,"ps116:1-2,3-4,5-6,8-9","(9) I will walk before the Lord, in the land of the living.","Psalm 116 Thanksgiving to God Who Saves from Death I - I love the LORD, who listened to my voice in supplication, Who turned an ear to me on the day I called.

I was caught by the cords of death; the snares of Sheol had seized me; I felt agony and dread. Then I called on the name of the LORD, “O LORD, save my life!”

Gracious is the LORD and righteous; yes, our God is merciful. The LORD protects the simple; I was helpless, but he saved me.

For my soul has been freed from death, my eyes from tears, my feet from stumbling. I shall walk before the LORD in the land of the living.",repo://assets/nabre.db,,f57897bf5f5401470b37006d1080160566ee0b4d236ef6e53002305560921b76,f03305b9fbf737207e5164a957208ffa201edd7caa20b5e0f12b71639bb8a1cf,100
local_nabre,ps117_1_2,WORLD,,,generic,,,,"ps117:1,2",(Mark 16:15) Go out to all the world and tell the good news.,"Psalm 117 The Nations Called to Praise - Praise the LORD, all you nations! Extol him, all you peoples!

Hallelujah!",repo://assets/nabre.db,,0f9b8880aef2e1399d9079c48ed9e46800c248cf3f28bf90741a3d84b00b2605,cfbc9b2e127a02711672d885dcda3c07232b3d4d9961787e96e304b96f701da9,100
local_nabre,ps118_1_14_15_16ab_18_19_21,WORLD,,,generic,,,,"ps118:1+14-15,16ab-18,19-21","I praise you, Lord, for you have answered me.","Psalm 118 Hymn of Thanksgiving I - Give thanks to the LORD, for he is good, his mercy endures forever. The LORD, my strength and might, has become my savior. The joyful shout of deliverance is heard in the tents of the righteous: “The LORD’s right hand works valiantly;

the LORD’s right hand is raised; the LORD’s right hand works valiantly.” I shall not die but live and declare the deeds of the LORD. The LORD chastised me harshly, but did not hand me over to death.

V - Open the gates of righteousness; I will enter and thank the LORD. This is the LORD’s own gate, through it the righteous enter. I thank you for you answered me; you have been my savior.",repo://assets/nabre.db,,844382dfaa55b1336f389e246c286f05334ae1fd54dce5f5a74a4cb6dae65fda,7aa5bf2cf1cd99a11cd25ff273ec589465267c928f918c1785faebc49aad59c6,100
local_nabre,ps118_1_14_15ab_16_18_19_21,WORLD,,,generic,,,,"ps118:1,14-15ab,16-18,19-21","I will give thanks to you, Lord, for you have answered me.","Psalm 118 Hymn of Thanksgiving I - Give thanks to the LORD, for he is good, his mercy endures forever.

The LORD, my strength and might, has become my savior. The joyful shout of deliverance is heard in the tents of the righteous: “The LORD’s right hand works valiantly;

the LORD’s right hand is raised; the LORD’s right hand works valiantly.” I shall not die but live and declare the deeds of the LORD. The LORD chastised me harshly, but did not hand me over to death.

V - Open the gates of righteousness; I will enter and thank the LORD. This is the LORD’s own gate, through it the righteous enter. I thank you for you answered me; you have been my savior.",repo://assets/nabre.db,,c4f450113c3529da115df35d4b86f625e31c24d9187792e523337855f6ef65b4,1c04e29d358b28a0c76853596de553dc2876e9dc1f9258a100181e690bb2f31f,100
local_nabre,ps118_1_2_15c_17_22_23,WORLD,,,generic,,,,"ps118:1-2,15c-17,22-23",Alleluia. Alleluia. Alleluia.,"Psalm 118 Hymn of Thanksgiving I - Give thanks to the LORD, for he is good, his mercy endures forever. Let Israel say: his mercy endures forever.

The joyful shout of deliverance is heard in the tents of the righteous: “The LORD’s right hand works valiantly; the LORD’s right hand is raised; the LORD’s right hand works valiantly.” I shall not die but live and declare the deeds of the LORD.

The stone the builders rejected has become the cornerstone. By the LORD has this been done; it is wonderful in our eyes.",repo://assets/nabre.db,,5f4b94ccee647fe40a188138c1c8b0d8d2368b8f333534a0600236aab560d181,03fc691a8757ae70eee1860dcf7f951c8982cb864ea3a07450713c316519ac10,100
local_nabre,ps118_1_2_16_17_22_23,WORLD,,,generic,,,,"ps118:1-2,16-17,22-23","(1) You are my inheritance, O Lord.","Psalm 118 Hymn of Thanksgiving I - Give thanks to the LORD, for he is good, his mercy endures forever. Let Israel say: his mercy endures forever.

the LORD’s right hand is raised; the LORD’s right hand works valiantly.” I shall not die but live and declare the deeds of the LORD.

The stone the builders rejected has become the cornerstone. By the LORD has this been done; it is wonderful in our eyes.",repo://assets/nabre.db,,47fdcec6a68979dd2aecad9e4d3de1dfeb285714eb80c7149901d25bd6e13a3e,13cecbb97f29dbbb62d085abe1b5441b40f94558622013d915c740c632486a61,100
local_nabre,ps118_1_2_16ab_17_21_28,WORLD,,,generic,,,,"ps118:1-2,16ab-17,21+28","Give thanks, for the Lord is good.","Psalm 118 Hymn of Thanksgiving I - Give thanks to the LORD, for he is good, his mercy endures forever. Let Israel say: his mercy endures forever.

the LORD’s right hand is raised; the LORD’s right hand works valiantly.” I shall not die but live and declare the deeds of the LORD.

I thank you for you answered me; you have been my savior. You are my God, I give you thanks; my God, I offer you praise.",repo://assets/nabre.db,,a68f2cb64661fb7149e87ecf187eb056a6fd36df874663638d2160f9f074aca8,65b547a221a794806cb76f6b127866449dcc931ba34c556998c1966568971f34,100
local_nabre,ps118_1_2_4_22_24_25_27a,WORLD,,,generic,,,,"ps118:1-2,4,22-24,25-27a",The stone rejected by the builders has become the cornerstone.,"Psalm 118 Hymn of Thanksgiving I - Give thanks to the LORD, for he is good, his mercy endures forever. Let Israel say: his mercy endures forever.

Let those who fear the LORD say, his mercy endures forever.

The stone the builders rejected has become the cornerstone. By the LORD has this been done; it is wonderful in our eyes. This is the day the LORD has made; let us rejoice in it and be glad.

LORD, grant salvation! LORD, grant good fortune! We bless you from the house of the LORD. Join in procession with leafy branches up to the horns of the altar.",repo://assets/nabre.db,,5ffdbc0a9139738504699e462ac2a3310df5af72456bf66d0b3c96b0b5868b52,f39b056ad4443ad4b9a1a239982092bb5d6e5e91866b6ee15ca5aebad51a4cce,100
local_nabre,ps118_1_8_9_19_21_25_27a,WORLD,,,generic,,,,"ps118:1,8-9,19-21,25-27a",Blessed is he who comes in the name of the Lord.,"Psalm 118 Hymn of Thanksgiving I - Give thanks to the LORD, for he is good, his mercy endures forever.

Better to take refuge in the LORD than to put one’s trust in mortals. Better to take refuge in the LORD than to put one’s trust in princes.

V - Open the gates of righteousness; I will enter and thank the LORD. This is the LORD’s own gate, through it the righteous enter. I thank you for you answered me; you have been my savior.

LORD, grant salvation! LORD, grant good fortune! We bless you from the house of the LORD. Join in procession with leafy branches up to the horns of the altar.",repo://assets/nabre.db,,355ec54e7d0d384f082824d611aa525d12aff89b027fe65f1c2f983fa0ce0bbb,568b32323cfb44b742053d6f650858ec2f9cfd1e5b6482119850901188814bd8,100
local_nabre,ps118_1_8_9_21_23_26_28_29,WORLD,,,generic,,,,"ps118:1,8-9,21-23,26,28,29",(22) The stone rejected by the builders has become the cornerstone.,"Psalm 118 Hymn of Thanksgiving I - Give thanks to the LORD, for he is good, his mercy endures forever.

Better to take refuge in the LORD than to put one’s trust in mortals. Better to take refuge in the LORD than to put one’s trust in princes.

I thank you for you answered me; you have been my savior. The stone the builders rejected has become the cornerstone. By the LORD has this been done; it is wonderful in our eyes.

We bless you from the house of the LORD.

You are my God, I give you thanks; my God, I offer you praise.

Give thanks to the LORD, for he is good, his mercy endures forever.",repo://assets/nabre.db,,4aa6f4f0f8dc871a2d2d56b0ceeeeb004ff11d9b0479a25176f0e9cf2d056c14,b9c69bd3a119ca13b5d459e68fd625567d84cf0810fd9fe29840b23e9dc86628,100
local_nabre,ps118_2_4_13_15_22_24,WORLD,,,generic,,,,"ps118:2-4,13-15,22-24","(1) Give thanks to the LORD, for he is good, his love is everlasting.","Let Israel say: his mercy endures forever. Let the house of Aaron say, his mercy endures forever. Let those who fear the LORD say, his mercy endures forever.

I was hard pressed and falling, but the LORD came to my help. The LORD, my strength and might, has become my savior. The joyful shout of deliverance is heard in the tents of the righteous: “The LORD’s right hand works valiantly;

The stone the builders rejected has become the cornerstone. By the LORD has this been done; it is wonderful in our eyes. This is the day the LORD has made; let us rejoice in it and be glad.",repo://assets/nabre.db,,efbf7b1ed330f268eaa44e28989cef9104ed38089ac18ce2b7d4557062afd991,4ddad301f16a3bd2ba4dc37918d410ad2129ccc30394ff030ae15cce83f44e95,100
local_nabre,ps119_129_130_131_132_133_135,WORLD,,,generic,,,,"ps119:129-130,131-132,133+135","Lord, let your face shine on me.","Wonderful are your testimonies; therefore I keep them. The revelation of your words sheds light, gives understanding to the simple.

I sigh with open mouth, yearning for your commandments. Turn to me and be gracious, according to your judgment for those who love your name.

Steady my feet in accord with your promise; do not let iniquity lead me. Let your face shine upon your servant; teach me your statutes.",repo://assets/nabre.db,,d661c4a32a22bb6bc7bc2e93a2e2863e49ae32639ae06e4af409e703bccf8afa,dc2131136b8b3f5e4553c65d56904cba2b75f827f7a8361963d20a3892a06e00,100
local_nabre,ps119_12_16_18_27_34_35,WORLD,,,generic,,,,"ps119:12+16,18+27,34-35","Guide me, Lord, in the way of your commands.","Blessed are you, O LORD; teach me your statutes. In your statutes I take delight; I will never forget your word.

Open my eyes to see clearly the wonders of your law. Make me understand the way of your precepts; I will ponder your wondrous deeds.

Give me understanding to keep your law, to observe it with all my heart. Lead me in the path of your commandments, for that is my delight.",repo://assets/nabre.db,,412fc77433d4dd8817785c00ab61c0e577640b7cab3ec6ab4ca6ec17e2ad62c1,66518a225a673147a0e191eefe3b67973f629ed9904f2849103a52317637347f,100
local_nabre,ps119_14_24_72_103_111_131,WORLD,,,generic,,,,"ps119:14+24,72+103,111+131",How sweet to my taste is your promise!,"I find joy in the way of your testimonies more than in all riches. Your testimonies are my delight; they are my counselors.

The law of your mouth is more precious to me than heaps of silver and gold. How sweet to my tongue is your promise, sweeter than honey to my mouth!

Your testimonies are my heritage forever; they are the joy of my heart. I sigh with open mouth, yearning for your commandments.",repo://assets/nabre.db,,160d08ebf6fb2ab0c14a3c8d059a5562b20ae76398bd79831f118362d74e3bfd,0dd268c392835984d6521497b082b6d95a70667e37cfcb7b38333f1215d8a40b,100
local_nabre,ps119_157_160_161_165_166_168,WORLD,,,generic,,,,"ps119:157+160,161+165,166+168","Lord, great is the peace for those who love your law.++","Though my persecutors and foes are many, I do not turn from your testimonies. Your every word is enduring; all your righteous judgments are forever.

Princes persecute me without reason, but my heart reveres only your word. Lovers of your law have much peace; for them there is no stumbling block.

I look for your salvation, LORD, and I fulfill your commandments. I observe your precepts and testimonies; all my ways are before you.",repo://assets/nabre.db,,02c0b0883d4ef0337b7c14c48eaddd54953aa11f25fa6dbe1383e4641c5b66ab,65c3f4c2b20dff01d7f360e7b9445ac2fb70d13b29dbe9c91c4a392a21788943,100
local_nabre,ps119_165_168_171_172_174_175,WORLD,,,generic,,,,"ps119:165+168,171-172,174-175","Those who love your law have great peace, O Lord.++","Lovers of your law have much peace; for them there is no stumbling block. I observe your precepts and testimonies; all my ways are before you.

May my lips pour forth your praise, because you teach me your statutes. May my tongue sing of your promise, for all your commandments are righteous.

I long for your salvation, LORD; your law is my delight. Let my soul live to praise you; may your judgments give me help.",repo://assets/nabre.db,,6a83fa48838e5764d22158392e96605135b8e97f63e6cb42f53d42d8d881efcb,466732bb9abeea0a27b90d0f503bf40eb11e97933f10a2241b36590523917155,100
local_nabre,ps119_1_27_30_34_35_44,WORLD,,,generic,,,,"ps119:1+27,30+34,35+44","Guide me, Lord, in the way of your commands.","Psalm 119 A Prayer to God, the Lawgiver Aleph - Blessed those whose way is blameless, who walk by the law of the LORD. Make me understand the way of your precepts; I will ponder your wondrous deeds.

The way of loyalty I have chosen; I have kept your judgments. Give me understanding to keep your law, to observe it with all my heart.

Lead me in the path of your commandments, for that is my delight. I will keep your law always, for all time and forever.",repo://assets/nabre.db,,4b87181f746c690c34eca6b35a598262d7c7701dd88c3f510d1d31ecc5a1e6ad,8a7f6ae7940d5c9e5bd44f835115f0262d7daf7a50f0840d711821c74a8932f2,100
local_nabre,ps119_1_2_10_11_17_18,WORLD,,,generic,,,,"ps119:1-2,10-11,17-18",Happy are they who follow the law of the Lord!,"Psalm 119 A Prayer to God, the Lawgiver Aleph - Blessed those whose way is blameless, who walk by the law of the LORD. Blessed those who keep his testimonies, who seek him with all their heart.

With all my heart I seek you; do not let me stray from your commandments. In my heart I treasure your promise, that I may not sin against you.

Be kind to your servant that I may live, that I may keep your word. Open my eyes to see clearly the wonders of your law.",repo://assets/nabre.db,,2c6c53c5a820492eb2fcb937f85b687c16764cbfafe1ad3be7143c18e07486d0,134855a869a0ef46b5c8c5aa863144063c2b31d412f627810df1dc7a7da31ba7,100
local_nabre,ps119_1_2_4_5_17_18_33_34,WORLD,,,generic,,,,"ps119:1-2,4-5,17-18,33-34",(1b) Blessed are they who follow the law of the Lord!,"Psalm 119 A Prayer to God, the Lawgiver Aleph - Blessed those whose way is blameless, who walk by the law of the LORD. Blessed those who keep his testimonies, who seek him with all their heart.

You have given them the command to observe your precepts with care. May my ways be firm in the observance of your statutes!

Be kind to your servant that I may live, that I may keep your word. Open my eyes to see clearly the wonders of your law.

LORD, teach me the way of your statutes; I shall keep them with care. Give me understanding to keep your law, to observe it with all my heart.",repo://assets/nabre.db,,954fdc8260a04c3b9b1a790f7fb4bf343cb8325f47b5a1935a688089cfdf4664,bc38038fd5b607f703a1c09acd264a38ef201c728e9472a838c6642bd1c56594,100
local_nabre,ps119_1_2_4_5_7_8,WORLD,,,generic,,,,"ps119:1-2,4-5,7-8",Happy are they who follow the law of the Lord!,"Psalm 119 A Prayer to God, the Lawgiver Aleph - Blessed those whose way is blameless, who walk by the law of the LORD. Blessed those who keep his testimonies, who seek him with all their heart.

You have given them the command to observe your precepts with care. May my ways be firm in the observance of your statutes!

I will praise you with sincere heart as I study your righteous judgments. I will observe your statutes; do not leave me all alone.",repo://assets/nabre.db,,a4d1d200ce97606300e9e0e0ee94ec5056410ab2069e48ca85358e556f9a333f,8991a5f22076667ca78ade2a3f4f4dd8c87c15237dc4d199fb83305861c4750b,100
local_nabre,ps119_23_24_26_27_29_30,WORLD,,,generic,,,,"ps119:23-24,26-27,29-30",Happy are they who follow the law of the Lord!,"Though princes meet and talk against me, your servant meditates on your statutes. Your testimonies are my delight; they are my counselors.

I disclosed my ways and you answered me; teach me your statutes. Make me understand the way of your precepts; I will ponder your wondrous deeds.

Lead me from the way of deceit; favor me with your law. The way of loyalty I have chosen; I have kept your judgments.",repo://assets/nabre.db,,6d40b03323e6b66588f2f6deda5c55dc3c6828145b74bab2def53655e6fd1baa,828fb98cca43199932fa53f3f33d1d3ff406c60b70fbeb3aac5542e543272d27,100
local_nabre,ps119_29_43_79_80_95_102,WORLD,,,generic,,,,"ps119:29+43,79-80,95+102","Teach me your laws, O Lord.","Lead me from the way of deceit; favor me with your law. Do not take the word of truth from my mouth, for in your judgments is my hope.

Let those who fear you turn to me, those who acknowledge your testimonies. May I be wholehearted toward your statutes, that I may not be put to shame.

The wicked hope to destroy me, but I seek to understand your testimonies. From your judgments I do not turn, for you have instructed me.",repo://assets/nabre.db,,189722f026d0f9a5e9a41bfd7a09d44ff0655eaec53a4a092947420609f8fbe2,ce579cce5f00f46fbb6aed2cc510fb90f51fa592e601c9e0d4fad9ffd9ee9d23,100
local_nabre,ps119_29_72_89_101_104_163,WORLD,,,generic,,,,"ps119:29+72,89+101,104+163","Your word, O Lord, is a lamp for my feet.","Lead me from the way of deceit; favor me with your law. The law of your mouth is more precious to me than heaps of silver and gold.

Your word, LORD, stands forever; it is firm as the heavens. I keep my steps from every evil path, that I may observe your word.

Through your precepts I gain understanding; therefore I hate all false ways. Falsehood I hate and abhor; your law I love.",repo://assets/nabre.db,,b4151feca8feaa76ffbf619f16b5cac54417188bdc83026a3cfb5f0e25d707bc,82ea544941b4876d8759ad6f3b8426101b971c5a5a10458956f6ae43377cc642,100
local_nabre,ps119_2_10_20_30_40_131,WORLD,,,generic,,,,"ps119:2+10,20+30,40+131","No one lives on bread alone,","Blessed those who keep his testimonies, who seek him with all their heart. With all my heart I seek you; do not let me stray from your commandments.

At all times my soul is stirred with longing for your judgments. The way of loyalty I have chosen; I have kept your judgments.

See how I long for your precepts; in your righteousness give me life. I sigh with open mouth, yearning for your commandments.",repo://assets/nabre.db,,360576a42caa456871621d2d90bf79084125b27b54f27ef13c97dd0a17d18ecb,daaeb03b3a55f88dd530681ac95a382dc3866c8fbfa4d5ae58ac726d3ebab850,100
local_nabre,ps119_33_34_35_36_37_40,WORLD,,,generic,,,,"ps119:33-34,35-36,37+40","Teach me the way of your decrees, O Lord.","LORD, teach me the way of your statutes; I shall keep them with care. Give me understanding to keep your law, to observe it with all my heart.

Lead me in the path of your commandments, for that is my delight. Direct my heart toward your testimonies and away from gain.

Avert my eyes from what is worthless; by your way give me life. See how I long for your precepts; in your righteousness give me life.",repo://assets/nabre.db,,109535d4ed58a17d2828096087c51fbda89c89c7d0c9ac497dc0a0a2cd0f3732,2689b952ce591883d9668e8aa9b232bc0b3ca94675b8f2b793cb77a8c4e6cb69,100
local_nabre,ps119_41_43_44_45_47_48,WORLD,,,generic,,,,"ps119:41+43,44-45,47-48","Let your loving kindness come to me, O Lord.","Let your mercy come to me, LORD, salvation in accord with your promise. Do not take the word of truth from my mouth, for in your judgments is my hope.

I will keep your law always, for all time and forever. I will walk freely in an open space because I cherish your precepts.

I delight in your commandments, which I dearly love. I lift up my hands to your commandments; I study your statutes, which I love.",repo://assets/nabre.db,,84462f02f8f0d72e1d5f5d5e76ad9fb1cfc2dfad11b4e951fe0fa85236fca7d8,b1660adc58c58fb2442c942515a6f7f62e74bca1755e216a8bbb5112f2b081a1,100
local_nabre,ps119_53_61_134_150_155_158,WORLD,,,generic,,,,"ps119:53+61,134+150,155+158","Give me life, O Lord, and I will do your commands","Rage seizes me because of the wicked; they forsake your law. Though the snares of the wicked surround me, your law I do not forget.

Free me from human oppression, that I may observe your precepts. Malicious persecutors draw near me; they are far from your law.

Salvation is far from sinners because they do not cherish your statutes. I view the faithless with loathing because they do not heed your promise.",repo://assets/nabre.db,,044c4dda449d1b7197d4a569818299abf606a5a873a964bd12e6a5c25a64a354,452a2a1e530144684c3aae4bcb9b2169466db01f65160f988e8208784ca6751b,100
local_nabre,ps119_57_72_76_77_127_128_129_130,WORLD,,,generic,,,,"ps119:57,72,76-77,127-128,129-130","Lord, I love your commands.","My portion is the LORD; I promise to observe your words.

The law of your mouth is more precious to me than heaps of silver and gold.

May your mercy comfort me in accord with your promise to your servant. Show me compassion that I may live, for your law is my delight.

Truly I love your commandments more than gold, more than the finest gold. Thus, I follow all your precepts; every wrong way I hate.

Wonderful are your testimonies; therefore I keep them. The revelation of your words sheds light, gives understanding to the simple.",repo://assets/nabre.db,,919c4cf933e593a8748db9ac1b855169cdaab106228f21fcb3095a2da055a46a,3718ab3701b410e9a52955b35ac85c124c05ad3b821c0b8a889f2efa19cd8782,100
local_nabre,ps119_66_68_76_77_93_94,WORLD,,,generic,,,,"ps119:66+68,76-77,93-94","Teach me your laws, O Lord.","Teach me wisdom and knowledge, for in your commandments I trust. You are good and do what is good; teach me your statutes.

May your mercy comfort me in accord with your promise to your servant. Show me compassion that I may live, for your law is my delight.

I will never forget your precepts; through them you give me life. I am yours; save me, for I cherish your precepts.",repo://assets/nabre.db,,2dc912a7c96e6e043d4cd4e4b28bf1d24ddf68cbe4cbc5f5844346df505978f4,605e1a2ca5bbc6f22630ae1d26e5522cecbf9d19fd197b98b024544f62124e49,100
local_nabre,ps119_66_71_75_91_125_130,WORLD,,,generic,,,,"ps119:66+71,75+91,125+130","Lord, let your face shine on me.","Teach me wisdom and knowledge, for in your commandments I trust. It was good for me to be afflicted, in order to learn your statutes.

I know, LORD, that your judgments are righteous; though you afflict me, you are faithful. By your judgments they stand firm to this day, for all things are your servants.

I am your servant; give me discernment that I may know your testimonies. The revelation of your words sheds light, gives understanding to the simple.",repo://assets/nabre.db,,60c0c901cdb91931e3036e102693443734c77f19dd1b511d48e7af2dd8756706,bac87111736d699ea160740f05a36e9ac33716ec68059b8b9458b3169764f618,100
local_nabre,ps119_67_68_71_72_75_76,WORLD,,,generic,,,,"ps119:67-68,71-72,75-76","Be kind to me, Lord, and I shall live.","Before I was afflicted I went astray, but now I hold to your promise. You are good and do what is good; teach me your statutes.

It was good for me to be afflicted, in order to learn your statutes. The law of your mouth is more precious to me than heaps of silver and gold.

I know, LORD, that your judgments are righteous; though you afflict me, you are faithful. May your mercy comfort me in accord with your promise to your servant.",repo://assets/nabre.db,,77b0fe3f3a0dfbe369d91a094dbe9ed252b936e814f0ec05f1f609f639b0d5a4,851919113a324f62a694eafcdf563501977d5559e8211c6ea280afde5d6cc487,100
local_nabre,ps119_89_90_91_130_135_175,WORLD,,,generic,,,,"ps119:89-90,91+130,135+175","Your word is for ever, O Lord.","Your word, LORD, stands forever; it is firm as the heavens. Through all generations your truth endures; fixed to stand firm like the earth.

By your judgments they stand firm to this day, for all things are your servants. The revelation of your words sheds light, gives understanding to the simple.

Let your face shine upon your servant; teach me your statutes. Let my soul live to praise you; may your judgments give me help.",repo://assets/nabre.db,,a7eae55767ad4582617bfc37417d32e9eeed18aebc5fda6803c53922cdbffaf0,c2631d1d4bb55970862372bd1e40f3ed641d479f8105401d0aebebf12b20f0c8,100
local_nabre,ps119_97_98_99_100_101_102,WORLD,,,generic,,,,"ps119:97-98,99-100,101-102","Lord, I love your commands.","How I love your law, Lord! I study it all day long. Your commandment makes me wiser than my foes, as it is forever with me.

I have more insight than all my teachers, because I ponder your testimonies. I have more understanding than my elders, because I keep your precepts.

I keep my steps from every evil path, that I may observe your word. From your judgments I do not turn, for you have instructed me.",repo://assets/nabre.db,,225a55cf75132872ec45e242c221f193e0b071feabcaf296cf5ea00e34e49560,db7e7ebf553ba2dd2456c3a0dde8de8cb8d5ca3ac2fe5694855451977a25863b,100
local_nabre,ps119_9_10_11_12_13_14,WORLD,,,generic,,,,"ps119:9-10,11-12,13-14","Lord, teach me your decrees.","How can the young keep his way without fault? Only by observing your words. With all my heart I seek you; do not let me stray from your commandments.

In my heart I treasure your promise, that I may not sin against you. Blessed are you, O LORD; teach me your statutes.

With my lips I recite all the judgments you have spoken. I find joy in the way of your testimonies more than in all riches.",repo://assets/nabre.db,,58bcdecf694d2537d01d8c7e8766a93985fd4351902965cde8cd1c4e6f70cfc4,1bee7eaa48b581580f357bcd01ed4996698789410ff0e1119c235d4ec5a11059,100
local_nabre,ps11_4_5_7,WORLD,,,generic,,,,"ps11:4,5,7","The upright shall behold your face, O Lord.","The LORD is in his holy temple; the LORD’s throne is in heaven. God’s eyes keep careful watch; they test the children of Adam.

The LORD tests the righteous and the wicked, hates those who love violence,

The LORD is just and loves just deeds; the upright will see his face.",repo://assets/nabre.db,,49d82aafdb27597ac6146f55629cc22b2057656885cac548b4dccf64b852ecdc,7ff6fb0916e614e49fbe6d128cf281ac59c693dfbd8995eff9ca423ec2e1cce8,100
local_nabre,ps121_1_2_3_4_5_6_7_8,WORLD,,,generic,,,,"ps121:1-2,3-4,5-6,7-8","Our help is from the Lord, who made heaven and earth.","Psalm 121 The Lord My Guardian - A song of ascents. I raise my eyes toward the mountains. From whence shall come my help? My help comes from the LORD, the maker of heaven and earth.

He will not allow your foot to slip; or your guardian to sleep. Behold, the guardian of Israel never slumbers nor sleeps.

The LORD is your guardian; the LORD is your shade at your right hand. By day the sun will not strike you, nor the moon by night.

The LORD will guard you from all evil; he will guard your soul. The LORD will guard your coming and going both now and forever.",repo://assets/nabre.db,,5f944a77e556c076291cd570ca60bd8b69a6702fc2b0ba1766264c0386edd020,be9f179016aada5d6944c4b4b2f6859d0e73f45b3d9fafc5caa4529b831eff81,100
local_nabre,ps122_1_2_3_4_4_5,WORLD,,,generic,,,,"ps122:1-2,3-4,4-5",Let us go rejoicing to the house of the Lord.,"Psalm 122 A Pilgrim’s Prayer for Jerusalem - A song of ascents. Of David. I - I rejoiced when they said to me, “Let us go to the house of the LORD.” And now our feet are standing within your gates, Jerusalem.

Jerusalem, built as a city, walled round about. There the tribes go up, the tribes of the LORD, As it was decreed for Israel, to give thanks to the name of the LORD.

There the tribes go up, the tribes of the LORD, As it was decreed for Israel, to give thanks to the name of the LORD. There are the thrones of justice, the thrones of the house of David.",repo://assets/nabre.db,,9acadc2a02e33608448e060283dbcf4979cf4ac32bce2060c7f92a3a82a99ad8,67defc72e17a81a97b278b91084bff1c713ec00b711447460f0d71184dc80283,100
local_nabre,ps122_1_2_3_4_4_5_6_7_8_9,WORLD,,,generic,,,,"ps122:1-2,3-4,4-5,6-7,8-9",Let us go rejoicing to the house of the Lord.,"Psalm 122 A Pilgrim’s Prayer for Jerusalem - A song of ascents. Of David. I - I rejoiced when they said to me, “Let us go to the house of the LORD.” And now our feet are standing within your gates, Jerusalem.

Jerusalem, built as a city, walled round about. There the tribes go up, the tribes of the LORD, As it was decreed for Israel, to give thanks to the name of the LORD.

There the tribes go up, the tribes of the LORD, As it was decreed for Israel, to give thanks to the name of the LORD. There are the thrones of justice, the thrones of the house of David.

For the peace of Jerusalem pray: “May those who love you prosper! May peace be within your ramparts, prosperity within your towers.”

For the sake of my brothers and friends I say, “Peace be with you.” For the sake of the house of the LORD, our God, I pray for your good.",repo://assets/nabre.db,,e012f7fd8b61380b447e92dfb9451d6a6eae901a765158f8a379c4c5da8e02d4,54faf529ebe439974dad70413d32a4260edbb05a597319fd683fdeb15a6b5e5c,100
local_nabre,ps122_1_2_3_4_5_6_7_8_9,WORLD,,,generic,,,,"ps122:1-2,3-4,5-6,7-8,9",Let us go rejoicing to the house of the Lord.,"Psalm 122 A Pilgrim’s Prayer for Jerusalem - A song of ascents. Of David. I - I rejoiced when they said to me, “Let us go to the house of the LORD.” And now our feet are standing within your gates, Jerusalem.

Jerusalem, built as a city, walled round about. There the tribes go up, the tribes of the LORD, As it was decreed for Israel, to give thanks to the name of the LORD.

There are the thrones of justice, the thrones of the house of David. For the peace of Jerusalem pray: “May those who love you prosper!

May peace be within your ramparts, prosperity within your towers.” For the sake of my brothers and friends I say, “Peace be with you.”

For the sake of the house of the LORD, our God, I pray for your good.",repo://assets/nabre.db,,e5a96c87481e7fa76ec6dc92d34dcf069befa22d64001cbf58ded59c0fe98503,3a93bb04354baa41d8a4e1de5a069b98b726ad72e9490d7da6fa41573e3db277,100
local_nabre,ps122_1_2_3_4_8_9,WORLD,,,generic,,,,"ps122:1-2,3-4,8-9",Let us go rejoicing to the house of the Lord.,"Psalm 122 A Pilgrim’s Prayer for Jerusalem - A song of ascents. Of David. I - I rejoiced when they said to me, “Let us go to the house of the LORD.” And now our feet are standing within your gates, Jerusalem.

Jerusalem, built as a city, walled round about. There the tribes go up, the tribes of the LORD, As it was decreed for Israel, to give thanks to the name of the LORD.

For the sake of my brothers and friends I say, “Peace be with you.” For the sake of the house of the LORD, our God, I pray for your good.",repo://assets/nabre.db,,159845d52dd2b297c76a1af93b6d001b22234b88ec4562c57d57464bdf15fdae,874d9e1d9d93cf2677e9c4ad2d37cbb7cd394831284d650a42a8a3e60efb279b,100
local_nabre,ps122_1_2_3_4a_4b_5,WORLD,,,generic,,,,"ps122:1-2,3-4a,4b-5",Let us go rejoicing to the house of the Lord.,"Psalm 122 A Pilgrim’s Prayer for Jerusalem - A song of ascents. Of David. I - I rejoiced when they said to me, “Let us go to the house of the LORD.” And now our feet are standing within your gates, Jerusalem.

Jerusalem, built as a city, walled round about. There the tribes go up, the tribes of the LORD, As it was decreed for Israel, to give thanks to the name of the LORD.

There the tribes go up, the tribes of the LORD, As it was decreed for Israel, to give thanks to the name of the LORD. There are the thrones of justice, the thrones of the house of David.",repo://assets/nabre.db,,9acadc2a02e33608448e060283dbcf4979cf4ac32bce2060c7f92a3a82a99ad8,67defc72e17a81a97b278b91084bff1c713ec00b711447460f0d71184dc80283,100
local_nabre,ps123_1_2_2_3_4,WORLD,,,generic,,,,"ps123:1-2,2,3-4","(2cd) Our eyes are fixed on the Lord, pleading for his mercy.","Psalm 123 Reliance on the Lord - A song of ascents. To you I raise my eyes, to you enthroned in heaven. Yes, like the eyes of servants on the hand of their masters, Like the eyes of a maid on the hand of her mistress, So our eyes are on the LORD our God, till we are shown favor.

Yes, like the eyes of servants on the hand of their masters, Like the eyes of a maid on the hand of her mistress, So our eyes are on the LORD our God, till we are shown favor.

Show us favor, LORD, show us favor, for we have our fill of contempt. Our souls are more than sated with mockery from the insolent, with contempt from the arrogant.",repo://assets/nabre.db,,6cb4e76e86e06d27b5924fc88562c8497cb01d1260fc73553b475e18cc0bb819,d79f158dae95e8a1a6c4f4c082a5b7c520b69036e7ee6f76e1cb79e41ecb95c3,100
local_nabre,ps123_1_2a_2bcd,WORLD,,,generic,,,,"ps123:1-2a,2bcd","To you, O Lord, I lift up my eyes.","Psalm 123 Reliance on the Lord - A song of ascents. To you I raise my eyes, to you enthroned in heaven. Yes, like the eyes of servants on the hand of their masters, Like the eyes of a maid on the hand of her mistress, So our eyes are on the LORD our God, till we are shown favor.

Yes, like the eyes of servants on the hand of their masters, Like the eyes of a maid on the hand of her mistress, So our eyes are on the LORD our God, till we are shown favor.",repo://assets/nabre.db,,7ca84588a51ad6527356ea958b8a913b5b5f015137117253506976318af170fa,1fe2608d7bc5469e032d52aaa598b40243b372ce0604fbe74c07160136490265,100
local_nabre,ps124_1_3_4_6_7_8,WORLD,,,generic,,,,"ps124:1-3,4-6,7-8",Our help is in the name of the Lord.,"Psalm 124 God, the Rescuer of the People - A song of ascents. Of David. Had not the LORD been with us, let Israel say, Had not the LORD been with us, when people rose against us, Then they would have swallowed us alive, for their fury blazed against us.

Then the waters would have engulfed us, the torrent overwhelmed us; then seething water would have drowned us. Blessed is the LORD, who did not leave us to be torn by their teeth.

We escaped with our lives like a bird from the fowler’s snare; the snare was broken, and we escaped. Our help is in the name of the LORD, the maker of heaven and earth.",repo://assets/nabre.db,,e85311aa170d4bbca796360fcc7f24efff9cfb07d0c7ab4641bfd9a688f0f9e5,658e3deca53a087283f8606158535ec8d34b2052c89ed8767bd7da5309ce7dd3,100
local_nabre,ps124_2_3_4_5_7b_8,WORLD,,,generic,,,,"ps124:2-3,4-5,7b-8",Our soul has escaped like a bird from the hunter’s net.,"Had not the LORD been with us, when people rose against us, Then they would have swallowed us alive, for their fury blazed against us.

Then the waters would have engulfed us, the torrent overwhelmed us; then seething water would have drowned us.

We escaped with our lives like a bird from the fowler’s snare; the snare was broken, and we escaped. Our help is in the name of the LORD, the maker of heaven and earth.",repo://assets/nabre.db,,7a96370df9886c0e17373b0e7f7cbc179c2c561f5ab8e8414656ffae109f5ccb,5d6c7f1f90e39c173fc804074779060e71999518e902a748ea220c4ee1b90f6b,100
local_nabre,ps126_1_2_2_3_4_5_6,WORLD,,,generic,,,,"ps126:1-2,2-3,4-5,6",(3) The Lord has done great things for us; we are filled with joy.,"Psalm 126 The Reversal of Zion’s Fortunes - A song of ascents. I - When the LORD restored the captives of Zion, we thought we were dreaming. Then it was said among the nations, “The LORD had done great things for them.”

Then it was said among the nations, “The LORD had done great things for them.” The LORD has done great things for us; Oh, how happy we were!

Restore our captives, LORD, like the dry stream beds of the Negeb. Those who sow in tears will reap with cries of joy.

Those who go forth weeping, carrying sacks of seed, Will return with cries of joy, carrying their bundled sheaves.",repo://assets/nabre.db,,5dc936d7d9a7f11fe29afbb09bd26c7e4dd0148e4de65c9f915b792db405d33e,b66c22f3606b0bdc8abb11425cdd5e4e68b60f293b93fac756c079f5b81bdc18,100
local_nabre,ps126_1_2ab_2bc_3_4_5_6,WORLD,,,generic,,,,"ps126:1-2ab,2bc-3,4-5,6","Those who sow in tears, shall reap with shouts of joy.","Psalm 126 The Reversal of Zion’s Fortunes - A song of ascents. I - When the LORD restored the captives of Zion, we thought we were dreaming. Then it was said among the nations, “The LORD had done great things for them.”

Then it was said among the nations, “The LORD had done great things for them.” The LORD has done great things for us; Oh, how happy we were!

Restore our captives, LORD, like the dry stream beds of the Negeb. Those who sow in tears will reap with cries of joy.

Those who go forth weeping, carrying sacks of seed, Will return with cries of joy, carrying their bundled sheaves.",repo://assets/nabre.db,,8a27ca674c8fc7cf1d10f1d26413d6ea822e6cfedc861763e2f526ba119eddc5,06363263adde90dc4572d1949f05c32ffd7b3c4e606c8ccc54024209f6837c19,100
local_nabre,ps126_1_2ab_2cd_3_4_5_6,WORLD,,,generic,,,,"ps126:1-2ab,2cd-3,4-5,6",The Lord has done great things for us.,"Psalm 126 The Reversal of Zion’s Fortunes - A song of ascents. I - When the LORD restored the captives of Zion, we thought we were dreaming. Then it was said among the nations, “The LORD had done great things for them.”

Then it was said among the nations, “The LORD had done great things for them.” The LORD has done great things for us; Oh, how happy we were!

Restore our captives, LORD, like the dry stream beds of the Negeb. Those who sow in tears will reap with cries of joy.

Those who go forth weeping, carrying sacks of seed, Will return with cries of joy, carrying their bundled sheaves.",repo://assets/nabre.db,,15911989503f4502593d2cefaf93f0f0506d7e7b4829c1985e3920d3353701ec,377b1ddb17a81ec62b54f384d6a6247aecc88853d1729a24e47e4f1a3d34957d,100
local_nabre,ps128_1_2_3_4_5,WORLD,,,generic,,,,"ps128:1-2,3,4-5",Blessed are those who fear the Lord and walk in his ways.,"Psalm 128 The Blessed Home of the Just - A song of ascents. I - Blessed are all who fear the LORD, and who walk in his ways. What your hands provide you will enjoy; you will be blessed and prosper:

Your wife will be like a fruitful vine within your home, Your children like young olive plants around your table.

Just so will the man be blessed who fears the LORD. May the LORD bless you from Zion; may you see Jerusalem’s prosperity all the days of your life,",repo://assets/nabre.db,,7daf5ef3267f2bad79bc7f219265b250192db28945aae46c43b296f6069ac58b,90b62113724da4bb1c5392bc7262eaf39ae8cc649faa528ff8a29eb3653ba076,100
local_nabre,ps128_1_2_3_4_5_6,WORLD,,,generic,,,,"ps128:1-2,3,4-5,6",May the Lord bless us all the days of our lives.,"Psalm 128 The Blessed Home of the Just - A song of ascents. I - Blessed are all who fear the LORD, and who walk in his ways. What your hands provide you will enjoy; you will be blessed and prosper:

Your wife will be like a fruitful vine within your home, Your children like young olive plants around your table.

Just so will the man be blessed who fears the LORD. May the LORD bless you from Zion; may you see Jerusalem’s prosperity all the days of your life,

and live to see your children’s children. Peace upon Israel!",repo://assets/nabre.db,,a282ee6286bd4cd782fb2cf6fb27535fc9e461c804cfa9e2b3f525993854d0d5,bf29726066cc311d985c5c43dbd17aa76db128fd550b21b7efe064e626f6dc3e,100
local_nabre,ps128_1_2_4_5,WORLD,,,generic,,,,"ps128:1-2,4-5",Happy are those who fear the Lord.,"Psalm 128 The Blessed Home of the Just - A song of ascents. I - Blessed are all who fear the LORD, and who walk in his ways. What your hands provide you will enjoy; you will be blessed and prosper:

Just so will the man be blessed who fears the LORD. May the LORD bless you from Zion; may you see Jerusalem’s prosperity all the days of your life,",repo://assets/nabre.db,,444ea704e25ab4d3a71a4cdf675030e040886861df6bea8162b5841776289d82,a903ceffc13c6da18435d3d2462ce245e09683b3807d67040528cfb6a3c52e11,100
local_nabre,ps12_1_2_3_4_6_7,WORLD,,,generic,,,,"ps12:1-2,3-4,6-7","You will protect us, Lord.","Psalm 12 Prayer Against Evil Tongues - For the leader; “upon the eighth.” A psalm of David. I - Help, LORD, for no one loyal remains; the faithful have vanished from the children of men.

They tell lies to one another, speak with deceiving lips and a double heart. May the LORD cut off all deceiving lips, and every boastful tongue,

“Because they rob the weak, and the needy groan, I will now arise,” says the LORD; “I will grant safety to whoever longs for it.” The promises of the LORD are sure, silver refined in a crucible, silver purified seven times.",repo://assets/nabre.db,,fdd90d8f352aca266371b626f73981a12440f6a66f78e1f292781af0db3be752,6ae08cbef50bfc2136a91cbd9a3ace2041d42e8188f98436ca341ac4422494cc,100
local_nabre,ps130_1_2_3_4_5_6,WORLD,,,generic,,,,"ps130:1-2,3-4,5-6","If you, O Lord, laid bare our guilt,","Psalm 130 Prayer for Pardon and Mercy - A song of ascents. I - Out of the depths I call to you, LORD; Lord, hear my cry! May your ears be attentive to my cry for mercy.

If you, LORD, keep account of sins, Lord, who can stand? But with you is forgiveness and so you are revered.

I wait for the LORD, my soul waits and I hope for his word. More than sentinels for daybreak,",repo://assets/nabre.db,,a44b9ec5dcd7077cb5517827b4885ec3ca0a973e473e2496eba174bcf941b4d0,7d8245a59d4ff88f7783d1766a98e44377d3baa13e3884cbe16da7b66033ef3d,100
local_nabre,ps130_1_2_3_4_5_6_7_8,WORLD,,,generic,,,,"ps130:1-2,3-4,5-6,7-8",(7) With the Lord there is mercy and fullness of redemption.,"Psalm 130 Prayer for Pardon and Mercy - A song of ascents. I - Out of the depths I call to you, LORD; Lord, hear my cry! May your ears be attentive to my cry for mercy.

If you, LORD, keep account of sins, Lord, who can stand? But with you is forgiveness and so you are revered.

I wait for the LORD, my soul waits and I hope for his word. More than sentinels for daybreak,

let Israel hope in the LORD, For with the LORD is mercy, with him is plenteous redemption, And he will redeem Israel from all its sins.",repo://assets/nabre.db,,785eca3a56f1d672e04420309d1163f81ebe8a2ab1e3d347bbb75a38b8e2c606,5b7be387f90d3e192ac359f6583c6365a67d042e048227e631e07cd6b3951d24,100
local_nabre,ps130_1_2_3_4ab_7_8,WORLD,,,generic,,,,"ps130:1-2,3-4ab,7-8","If you, O Lord, laid bare our guilt, who could endure it?","Psalm 130 Prayer for Pardon and Mercy - A song of ascents. I - Out of the depths I call to you, LORD; Lord, hear my cry! May your ears be attentive to my cry for mercy.

If you, LORD, keep account of sins, Lord, who can stand? But with you is forgiveness and so you are revered.

let Israel hope in the LORD, For with the LORD is mercy, with him is plenteous redemption, And he will redeem Israel from all its sins.",repo://assets/nabre.db,,d8258d3906eac873ba70568c16bc42b54b90e92370ec5f463272bd24737cb278,87218062fa7c64a3e0f6414cc14ec2fe431b7eb9104d8ba3c4642b19d367fb52,100
local_nabre,ps131_1_2_3,WORLD,,,generic,,,,"ps131:1,2,3","In you, Lord, I have found my peace.","Psalm 131 Humble Trust in God - A song of ascents. Of David. LORD, my heart is not proud; nor are my eyes haughty. I do not busy myself with great matters, with things too sublime for me.

Rather, I have stilled my soul, Like a weaned child to its mother, weaned is my soul.

Israel, hope in the LORD, now and forever.",repo://assets/nabre.db,,7c6f94381cb5d9af2a681f26024f340e6875b5f82b85baba4af118d5e72ef689,1b5c2e0ef6131585404d22d7759f0d7729a62925c1dca8eaa0fddad9cbf89c1f,100
local_nabre,ps132_11_12_13_14_17_18,WORLD,,,generic,,,,"ps132:11,12,13-14,17-18",The Lord has chosen Zion for his dwelling.,"The LORD swore an oath to David in truth, he will never turn back from it: “Your own offspring I will set upon your throne.

If your sons observe my covenant, and my decrees I shall teach them, Their sons, in turn, shall sit forever on your throne.”

Yes, the LORD has chosen Zion, desired it for a dwelling: “This is my resting place forever; here I will dwell, for I desire it.

There I will make a horn sprout for David; I will set a lamp for my anointed. His foes I will clothe with shame, but on him his crown shall shine.”",repo://assets/nabre.db,,316726101510022bf562f767e075d206f851f4686b0cd1fed6877c1fb6bc37fa,273b51d071f868f291b7258a17bdde7c7d5d6dde809fcb459b255baa801cddb3,100
local_nabre,ps132_11_13_14_17_18,WORLD,,,generic,,,,"ps132:11,13-14,17-18","God will give him the throne of David, his father.","The LORD swore an oath to David in truth, he will never turn back from it: “Your own offspring I will set upon your throne.

Yes, the LORD has chosen Zion, desired it for a dwelling: “This is my resting place forever; here I will dwell, for I desire it.

There I will make a horn sprout for David; I will set a lamp for my anointed. His foes I will clothe with shame, but on him his crown shall shine.”",repo://assets/nabre.db,,6e87d857e72dbba106099bedabd1d278a2c19bf3401df1e726112222003bed1b,6375fb2bd9779c16f6ee7862c974a5d544afb9d8e4fcfbd6421a2156df6d02b0,100
local_nabre,ps132_1_2_3_5_11_12_13_14,WORLD,,,generic,,,,"ps132:1-2,3-5,11,12,13-14",God will give him,"Psalm 132 The Covenant Between David and God - A song of ascents. I - Remember, O LORD, for David all his hardships; How he swore an oath to the LORD, vowed to the Mighty One of Jacob:

“I will not enter the house where I live, nor lie on the couch where I sleep; I will give my eyes no sleep, my eyelids no rest, Till I find a place for the LORD, a dwelling for the Mighty One of Jacob.”

The LORD swore an oath to David in truth, he will never turn back from it: “Your own offspring I will set upon your throne.

If your sons observe my covenant, and my decrees I shall teach them, Their sons, in turn, shall sit forever on your throne.”

Yes, the LORD has chosen Zion, desired it for a dwelling: “This is my resting place forever; here I will dwell, for I desire it.",repo://assets/nabre.db,,5a13483ec1931f7ddee7eccc38239acca90a4aa89a205566f92f96c867d31654,f4c7245e38cbf99a7610c1715bc7d6188ce157ca89fce8f9aed012e27cd70d95,100
local_nabre,ps132_1a_2b_4a_5a_6_8_9_10_13_14,WORLD,,,generic,,,,"ps132:1a+2b+4a+5a,6+8,9-10,13-14","Lord, go up to the place of your rest!","Psalm 132 The Covenant Between David and God - A song of ascents. I - Remember, O LORD, for David all his hardships; How he swore an oath to the LORD, vowed to the Mighty One of Jacob: I will give my eyes no sleep, my eyelids no rest, Till I find a place for the LORD, a dwelling for the Mighty One of Jacob.”

“We have heard of it in Ephrathah; we have found it in the fields of Jaar. “Arise, LORD, come to your resting place, you and your mighty ark.

Your priests will be clothed with justice; your devout will shout for joy.” For the sake of David your servant, do not reject your anointed.

Yes, the LORD has chosen Zion, desired it for a dwelling: “This is my resting place forever; here I will dwell, for I desire it.",repo://assets/nabre.db,,96f0db173829462357f77257220c46737afe70556eb62419aa21d20169a5c75e,499c0da39266e402d018218c3657d95c2cb2369cf60918044b77f0461f459fee,100
local_nabre,ps132_6_7_9_10_13_14,WORLD,,,generic,,,,"ps132:6-7,9-10,13-14","(8) Lord, go up to the place of your rest,","“We have heard of it in Ephrathah; we have found it in the fields of Jaar. Let us enter his dwelling; let us worship at his footstool.”

Your priests will be clothed with justice; your devout will shout for joy.” For the sake of David your servant, do not reject your anointed.

Yes, the LORD has chosen Zion, desired it for a dwelling: “This is my resting place forever; here I will dwell, for I desire it.",repo://assets/nabre.db,,4714b2f2f4a46385dc6746999550c123e640a32b5c7d43c24a7941d152a38514,9bd8c4d582e3f16799a9294ae14b101f8781eb553c6d07255a02e1876d06220f,100
local_nabre,ps135_1_2_3_4_5_6,WORLD,,,generic,,,,"ps135:1-2,3-4,5-6",Praise the Lord for he is good!,"Psalm 135 Praise of God, the Ruler and Benefactor of Israel - Hallelujah! I - Praise the name of the LORD! Praise, you servants of the LORD, Who stand in the house of the LORD, in the courts of the house of our God!

Praise the LORD, for the LORD is good! Sing to his name, for it brings joy! For the LORD has chosen Jacob for himself, Israel as his treasured possession.

For I know that the LORD is great, that our Lord is greater than all gods. Whatever the LORD desires he does in heaven and on earth, in the seas and all the depths.",repo://assets/nabre.db,,ca2db88ec1a3f03ed9866c603fd4a6acc6375f7839c1b5b0c4082d2f02195e75,2cf13d763ece027ce4c96240bceb117d4c4900547887ee1bf088bd15863c97ad,100
local_nabre,ps136_1_23_24_10_12_13_15,WORLD,,,generic,,,,"ps136:1+23-24,10-12,13-15",God's love is everlasting.,"Psalm 136 Hymn of Thanksgiving for God’s Everlasting Mercy I - Praise the LORD, for he is good; for his mercy endures forever; V - The Lord remembered us in our low estate, for his mercy endures forever; Freed us from our foes, for his mercy endures forever;

Who struck down the firstborn of Egypt, for his mercy endures forever; And led Israel from their midst, for his mercy endures forever; With mighty hand and outstretched arm, for his mercy endures forever;

Who split in two the Red Sea, for his mercy endures forever; And led Israel through its midst, for his mercy endures forever; But swept Pharaoh and his army into the Red Sea, for his mercy endures forever;",repo://assets/nabre.db,,7bd4f8142df655e177ff12c3588fdcb9730672e5d14fe6fb51dd03b8958352f3,16720befa192db4a2bbfe3e6df37ebbb0f044eb573fa3393dbdcf134e9f87792,100
local_nabre,ps136_1_3_16_18_21_22_24,WORLD,,,generic,,,,"ps136:1-3,16-18,21-22+24",God's love is everlasting.,"Psalm 136 Hymn of Thanksgiving for God’s Everlasting Mercy I - Praise the LORD, for he is good; for his mercy endures forever; Praise the God of gods; for his mercy endures forever; Praise the Lord of lords; for his mercy endures forever;

Who led the people through the desert, for his mercy endures forever; Who struck down great kings, for his mercy endures forever; Slew powerful kings, for his mercy endures forever;

And made their lands a heritage, for his mercy endures forever; A heritage for Israel, his servant, for his mercy endures forever. Freed us from our foes, for his mercy endures forever;",repo://assets/nabre.db,,2a25520bd7a5cf6938c2ef58f576d9d30bebbae6a137b18868166ae5346bc269,5a80be6e82e069b8d3f12bba8190808d2398cd20754921123bd33df5ac8a41ba,100
local_nabre,ps137_1_2_3_4_5_6,WORLD,,,generic,,,,"ps137:1-2,3,4-5,6","(6ab) Let my tongue be silenced, if I ever forget you!","Psalm 137 Sorrow and Hope in Exile I - By the rivers of Babylon there we sat weeping when we remembered Zion. On the poplars in its midst we hung up our harps.

For there our captors asked us for the words of a song; Our tormentors, for joy: “Sing for us a song of Zion!”

But how could we sing a song of the LORD in a foreign land? If I forget you, Jerusalem, may my right hand forget.

May my tongue stick to my palate if I do not remember you, If I do not exalt Jerusalem beyond all my delights.",repo://assets/nabre.db,,b6fccccf8cdee18a13b0cf63f02b08ea3b79a3ac361df927a8beca3c43b88e2c,49594a89078a118387e59dd6dbb3f2ec22168cecd396a52359eeb911fd80db24,100
local_nabre,ps138_1_2_2_3_4_5_7_8,WORLD,,,generic,,,,"ps138:1-2,2-3,4-5,7-8","(1c) In the sight of the angels I will sing your praises, Lord.","Psalm 138 Hymn of a Grateful Heart - Of David. I - I thank you, Lord, with all my heart; in the presence of the angels to you I sing. For you have exalted over all your name and your promise.

For you have exalted over all your name and your promise. On the day I cried out, you answered; you strengthened my spirit.

All the kings of earth will praise you, LORD, when they hear the words of your mouth. They will sing of the ways of the LORD: “How great is the glory of the LORD!”

You stretch out your hand; your right hand saves me. Never forsake the work of your hands!",repo://assets/nabre.db,,30f8df0daf87160ef02e468ec264cd2fd2f9fb034dabc350c748343be221e63f,3cdc4ed229c50d9240c7c369b947daac51a0e370a92d3aa416fbbe13adcf497f,100
local_nabre,ps138_1_2_2_3_6_7_7_8,WORLD,,,generic,,,,"ps138:1-2,2-3,6-7,7-8","(3a) Lord, on the day I called for help, you answered me.","Psalm 138 Hymn of a Grateful Heart - Of David. I - I thank you, Lord, with all my heart; in the presence of the angels to you I sing. For you have exalted over all your name and your promise.

For you have exalted over all your name and your promise. On the day I cried out, you answered; you strengthened my spirit.

The LORD is on high, but cares for the lowly and knows the proud from afar. You stretch out your hand; your right hand saves me.

You stretch out your hand; your right hand saves me. Never forsake the work of your hands!",repo://assets/nabre.db,,008184170552fdb44c187caacf4938bb5ee4bd75e7e91483e91cf3813e91af76,8678ac6c02401cbc3b79611e81d5654d05b5045380a654dd8f1abe185bb9fa0a,100
local_nabre,ps138_1_2_2_3_6_8,WORLD,,,generic,,,,"ps138:1-2,2-3,6,8","(8bc) Lord, your love is eternal; do not forsake the work of your hands.","Psalm 138 Hymn of a Grateful Heart - Of David. I - I thank you, Lord, with all my heart; in the presence of the angels to you I sing. For you have exalted over all your name and your promise.

For you have exalted over all your name and your promise. On the day I cried out, you answered; you strengthened my spirit.

The LORD is on high, but cares for the lowly and knows the proud from afar.

Never forsake the work of your hands!",repo://assets/nabre.db,,2590f26140730b968f32a0767e8118b9401242293113b3a343038a54359c454f,1d82941dec1f171f10dda3d3da6752abea49a44ecab1655c1bc02c50c16f45d9,100
local_nabre,ps138_1_2a_2bc_3_7c_8,WORLD,,,generic,,,,"ps138:1-2a,2bc-3,7c-8","Your right hand has saved me, O Lord.","Psalm 138 Hymn of a Grateful Heart - Of David. I - I thank you, Lord, with all my heart; in the presence of the angels to you I sing. For you have exalted over all your name and your promise.

For you have exalted over all your name and your promise. On the day I cried out, you answered; you strengthened my spirit.

You stretch out your hand; your right hand saves me. Never forsake the work of your hands!",repo://assets/nabre.db,,3cba94fc678d4d1421def16de2997b94dcf24b972120e66f41444c6e2103fe65,38f3321dbbfe61dc0816361dc80b18483a12e28a71a0d7ff5e2cd102fa7039a8,100
local_nabre,ps139_1_2_3_4_5_6,WORLD,,,generic,,,,"ps139:1-2,3-4,5-6","You have searched me and you know me, Lord.","Psalm 139 The All-knowing and Ever-present God - For the leader. A psalm of David. I - LORD, you have probed me, you know me: you know when I sit and stand; you understand my thoughts from afar.

You sift through my travels and my rest; with all my ways you are familiar. Even before a word is on my tongue, LORD, you know it all.

Behind and before you encircle me and rest your hand upon me. Such knowledge is too wonderful for me, far too lofty for me to reach.",repo://assets/nabre.db,,a8498ddcd1be62696b8dd756020f0db78022af2604c4160ee2e48f706c3ee283,6d1ac7d86a9accfaed2065c2ad120a1793717e5fb12df6e18fed4985ed927b77,100
local_nabre,ps139_1_3_13_14_15_16a,WORLD,,,generic,,,,"ps139:1-3,13-14,15-16a","Guide me, Lord, along the everlasting way.","Psalm 139 The All-knowing and Ever-present God - For the leader. A psalm of David. I - LORD, you have probed me, you know me: you know when I sit and stand; you understand my thoughts from afar. You sift through my travels and my rest; with all my ways you are familiar.

You formed my inmost being; you knit me in my mother’s womb. I praise you, because I am wonderfully made; wonderful are your works! My very self you know.

My bones are not hidden from you, When I was being made in secret, fashioned in the depths of the earth. Your eyes saw me unformed; in your book all are written down; my days were shaped, before one came to be.",repo://assets/nabre.db,,a45c7500abd46e93cf152a866b26fdf64dbc0294fdba132e2d29803fefb975ac,ce273ca7f6749d0627e905c9e333644bdaa2ca46426b25ff81f3e53c118f8289,100
local_nabre,ps139_1_3_13_14a_14b_15,WORLD,,,generic,,,,"ps139:1-3,13-14a,14b-15",I praise you for I am wonderfully made.,"Psalm 139 The All-knowing and Ever-present God - For the leader. A psalm of David. I - LORD, you have probed me, you know me: you know when I sit and stand; you understand my thoughts from afar. You sift through my travels and my rest; with all my ways you are familiar.

You formed my inmost being; you knit me in my mother’s womb. I praise you, because I am wonderfully made; wonderful are your works! My very self you know.

I praise you, because I am wonderfully made; wonderful are your works! My very self you know. My bones are not hidden from you, When I was being made in secret, fashioned in the depths of the earth.",repo://assets/nabre.db,,4845288d46bf7f4026ad5c96f0c1f39f6c9d1809a7784664831dd960b05413a9,a90029f48377eac5a0159a3edb9c2168164ef3fd369e6dddfdc03e70380f2e22,100
local_nabre,ps139_1_3_13_14ab_23_24,WORLD,,,generic,,,,"ps139:1-3,13-14ab,23-24","Guide me, Lord, along the everlasting way.","Psalm 139 The All-knowing and Ever-present God - For the leader. A psalm of David. I - LORD, you have probed me, you know me: you know when I sit and stand; you understand my thoughts from afar. You sift through my travels and my rest; with all my ways you are familiar.

You formed my inmost being; you knit me in my mother’s womb. I praise you, because I am wonderfully made; wonderful are your works! My very self you know.

Probe me, God, know my heart; try me, know my thoughts. See if there is a wicked path in me; lead me along an ancient path.",repo://assets/nabre.db,,57f604d77acfc646bb1852a73d69daa833aee94f5bb7a43eaed8aa4605a2d515,fe33457fc5dab940c723e64326b37fe98861054d4cc4e0cbe271621c7eb7f64f,100
local_nabre,ps139_1_3_4_6_7_8_9_10,WORLD,,,generic,,,,"ps139:1-3,4-6,7-8,9-10","Guide me, Lord, along the everlasting way.","Psalm 139 The All-knowing and Ever-present God - For the leader. A psalm of David. I - LORD, you have probed me, you know me: you know when I sit and stand; you understand my thoughts from afar. You sift through my travels and my rest; with all my ways you are familiar.

Even before a word is on my tongue, LORD, you know it all. Behind and before you encircle me and rest your hand upon me. Such knowledge is too wonderful for me, far too lofty for me to reach.

Where can I go from your spirit? From your presence, where can I flee? If I ascend to the heavens, you are there; if I lie down in Sheol, there you are.

If I take the wings of dawn and dwell beyond the sea, Even there your hand guides me, your right hand holds me fast.",repo://assets/nabre.db,,c1d608c1df682847dcf01d117ccc18b25ee4e23172526c1ee8862250a8187dc5,18ce327d53283b0da8e56d748f233b47780ac5f89a44db4aecbff863c3eaab73,100
local_nabre,ps139_1_3_7_8_9_10_13_14ab,WORLD,,,generic,,,,"ps139:1-3,7-8,9-10,13-14ab","Guide me, Lord, along the everlasting way.","Psalm 139 The All-knowing and Ever-present God - For the leader. A psalm of David. I - LORD, you have probed me, you know me: you know when I sit and stand; you understand my thoughts from afar. You sift through my travels and my rest; with all my ways you are familiar.

Where can I go from your spirit? From your presence, where can I flee? If I ascend to the heavens, you are there; if I lie down in Sheol, there you are.

If I take the wings of dawn and dwell beyond the sea, Even there your hand guides me, your right hand holds me fast.

You formed my inmost being; you knit me in my mother’s womb. I praise you, because I am wonderfully made; wonderful are your works! My very self you know.",repo://assets/nabre.db,,0c04b2a9699edec79fc46402ebede2faf2730d6376209c5904df324e59d7be95,7b274ba47895b775d8ebf8b9cf35a55f6cbf4feb5992ee21d86f7d6004e4bb00,100
local_nabre,ps139_1b_3_13_14ab_14c_15,WORLD,,,generic,,,,"ps139:1b-3,13-14ab,14c-15","(14) I praise you, for I am wonderfully made.","Psalm 139 The All-knowing and Ever-present God - For the leader. A psalm of David. I - LORD, you have probed me, you know me: you know when I sit and stand; you understand my thoughts from afar. You sift through my travels and my rest; with all my ways you are familiar.

You formed my inmost being; you knit me in my mother’s womb. I praise you, because I am wonderfully made; wonderful are your works! My very self you know.

I praise you, because I am wonderfully made; wonderful are your works! My very self you know. My bones are not hidden from you, When I was being made in secret, fashioned in the depths of the earth.",repo://assets/nabre.db,,cd99ced8d8a69b2f682497d8e9f0e2319be33deae53884e445ef6d02c9cdd50b,67adbf58f02ff92369a479d7072e288847836d5d93b479d0b8df8228b1451b8b,100
local_nabre,ps139_7_8_9_10_11_12,WORLD,,,generic,,,,"ps139:7-8,9-10,11-12","You have searched me and you know me, Lord.","Where can I go from your spirit? From your presence, where can I flee? If I ascend to the heavens, you are there; if I lie down in Sheol, there you are.

If I take the wings of dawn and dwell beyond the sea, Even there your hand guides me, your right hand holds me fast.

If I say, “Surely darkness shall hide me, and night shall be my light”— Darkness and light are but one.",repo://assets/nabre.db,,9fe061aca430fdecf8dbe286261d6ef5f884ea64ed0aed362bf4de66a216da3a,a77ab59a7009755e09078f813be794325cb399f5e86c4e91f3f796ae2d7cd464,100
local_nabre,ps13_4_5a_5b_6,WORLD,,,generic,,,,"ps13:4-5a,5b-6","All my hope, O Lord, is in your loving kindness.","Look upon me, answer me, LORD, my God! Give light to my eyes lest I sleep in death, Lest my enemy say, “I have prevailed,” lest my foes rejoice at my downfall.

Lest my enemy say, “I have prevailed,” lest my foes rejoice at my downfall. Grant my heart joy in your salvation, I will sing to the LORD, for he has dealt bountifully with me!",repo://assets/nabre.db,,fc91655d8e2f7fcac87471eda95f3d12d9af079dbcd451ff04f5df7c1068e034,64481b088b296830b7ab100aa24e7bf9fd6c75807eac1ea5e6ec836272838a4e,100
local_nabre,ps13_5_6,WORLD,,,generic,,,,"ps13:5,6",With delight I rejoice in the Lord.,"Lest my enemy say, “I have prevailed,” lest my foes rejoice at my downfall.

Grant my heart joy in your salvation, I will sing to the LORD, for he has dealt bountifully with me!",repo://assets/nabre.db,,1d047ecc165a16ad3a773171a223343890387cc15489f6dcd2931dd66db3eb3e,44b5a2885be9be38763c7edc9534e4cedbfa9a9c211f4ba47c0a18090384fcb0,100
local_nabre,ps141_1_2_3_8,WORLD,,,generic,,,,"ps141:1-2,3+8",Let my prayer come like incense before you.,"Psalm 141 Prayer for Deliverance from the Wicked - A psalm of David. LORD, I call to you; hasten to me; listen to my plea when I call. Let my prayer be incense before you; my uplifted hands an evening offering.

Set a guard, LORD, before my mouth, keep watch over the door of my lips. For my eyes are upon you, O LORD, my Lord; in you I take refuge; do not take away my soul.",repo://assets/nabre.db,,5a8a1b467a3626e0047dda989dc0d8ead84c33e1599e9509af78357779fbc5fc,bd192a1826e722b12ba97cd480e9261f0b15f8f95ab283e227ea9196ce21ee86,100
local_nabre,ps144_1_2_9_10,WORLD,,,generic,,,,"ps144:1-2,9-10","Blessed be the Lord, my rock.","Psalm 144 A Prayer for Victory and Prosperity - Of David. I - Blessed be the LORD, my rock, who trains my hands for battle, my fingers for war; My safeguard and my fortress, my stronghold, my deliverer, My shield, in whom I take refuge, who subdues peoples under me.

O God, a new song I will sing to you; on a ten-stringed lyre I will play for you. From the menacing sword",repo://assets/nabre.db,,b1fc372a9e3b0b5cafc6cfc344400283b85c7660c5314deaed8f44fbbd6627b8,ab782a246998fef8e7db1d75d33c56e40daa7dcdaed7349beae47fdbd4266774,100
local_nabre,ps144_1a_2abc_3_4_9_15b,WORLD,,,generic,,,,"ps144:1a+2abc,3-4,9+15b","Blessed be the Lord, my rock.","Psalm 144 A Prayer for Victory and Prosperity - Of David. I - Blessed be the LORD, my rock, who trains my hands for battle, my fingers for war; My safeguard and my fortress, my stronghold, my deliverer, My shield, in whom I take refuge, who subdues peoples under me.

LORD, what is man that you take notice of him; the son of man, that you think of him? Man is but a breath, his days are like a passing shadow.

O God, a new song I will sing to you; on a ten-stringed lyre I will play for you. Blessed the people so fortunate; blessed the people whose God is the LORD.",repo://assets/nabre.db,,2ec216e5b9bc80e1e65f3fc33c1ef03a586cf638e43a67a1101419affc7b47da,a62444b92281e94482d813bd58cc0f69710cc865e2b5713861dfb049bce71499,100
local_nabre,ps145_10_11_12_13ab_13cd_14,WORLD,,,generic,,,,"ps145:10-11,12-13ab,13cd-14",The Lord is faithful in all his words.,"All your works give you thanks, LORD and your faithful bless you. They speak of the glory of your reign and tell of your mighty works,

Making known to the sons of men your mighty acts, the majestic glory of your rule. The LORD is trustworthy in all his words, and loving in all his works.

The LORD is trustworthy in all his words, and loving in all his works. The LORD supports all who are falling and raises up all who are bowed down.",repo://assets/nabre.db,,2679c073255dd85664c7c7cba3ca399fea43e4c7bdf2a2479947b8863f992842,c05626bf2de4cc1d775591381dd84d765175a5af59286ea907797286b8ff8a46,100
local_nabre,ps145_10_11_12_13ab_13cd_21,WORLD,,,generic,,,,"ps145:10-11,12-13ab,13cd+21","Your friends tell the glory of your kingship, Lord.","All your works give you thanks, LORD and your faithful bless you. They speak of the glory of your reign and tell of your mighty works,

Making known to the sons of men your mighty acts, the majestic glory of your rule. The LORD is trustworthy in all his words, and loving in all his works.

The LORD is trustworthy in all his words, and loving in all his works. My mouth will speak the praises of the LORD; all flesh will bless his holy name forever and ever.",repo://assets/nabre.db,,6be7d64113fec902cd57e8731178658dda82f877b980a13e474a64c4621a0392,6088a2893dacaa8fd9515aa61dc138e8cb4f312a008788d49b2871976fc47679,100
local_nabre,ps145_10_11_12_13ab_17_18,WORLD,,,generic,,,,"ps145:10-11,12-13ab,17-18","Your friends tell the glory of your kingship, Lord.","All your works give you thanks, LORD and your faithful bless you. They speak of the glory of your reign and tell of your mighty works,

Making known to the sons of men your mighty acts, the majestic glory of your rule. The LORD is trustworthy in all his words, and loving in all his works.

The LORD is just in all his ways, merciful in all his works. The LORD is near to all who call upon him, to all who call upon him in truth.",repo://assets/nabre.db,,06f6fe78270d9920b8da1c7f5ff0efc37d1fe1b6a92e51d92008666da5e87114,6c6f47fa9d89e0d7bd8680f55e1bbcc485f8b5f3bb69cc75f668c1462ecebf82,100
local_nabre,ps145_10_11_15_16_17_18,WORLD,,,generic,,,,"ps145:10-11,15-16,17-18",The hand of the Lord feeds us; he answers all our needs.,"All your works give you thanks, LORD and your faithful bless you. They speak of the glory of your reign and tell of your mighty works,

The eyes of all look hopefully to you; you give them their food in due season. You open wide your hand and satisfy the desire of every living thing.

The LORD is just in all his ways, merciful in all his works. The LORD is near to all who call upon him, to all who call upon him in truth.",repo://assets/nabre.db,,42cf0387bcd281131ad99b7f8008c83753251c8c969162b9d9154e64946373c8,e619e9f6c6895f96c91d184f99b3756529d5454a85d602451d471e0c96f50b71,100
local_nabre,ps145_17_18_19_20_21,WORLD,,,generic,,,,"ps145:17-18,19-20,21",The Lord is near to all who call on him.,"The LORD is just in all his ways, merciful in all his works. The LORD is near to all who call upon him, to all who call upon him in truth.

He fulfills the desire of those who fear him; he hears their cry and saves them. The LORD watches over all who love him, but all the wicked he destroys.

My mouth will speak the praises of the LORD; all flesh will bless his holy name forever and ever.",repo://assets/nabre.db,,d373c514033ff1742e884f790068c4c1b1e4212c3ec0c9a1336ff51892c88271,4251d86089679211a5a190043ba610021e56487c7a3b0f309e28e519ee8fe4f3,100
local_nabre,ps145_1_2_8_9_10_11,WORLD,,,generic,,,,"ps145:1-2,8-9,10-11",The Lord is compassionate to all creatures.,"Psalm 145 The Greatness and Goodness of God - Praise. Of David. I will extol you, my God and king; I will bless your name forever and ever. Every day I will bless you; I will praise your name forever and ever.

The LORD is gracious and merciful, slow to anger and abounding in mercy. The LORD is good to all, compassionate toward all your works.

All your works give you thanks, LORD and your faithful bless you. They speak of the glory of your reign and tell of your mighty works,",repo://assets/nabre.db,,02cb4c42d72e31095cfa0e3fb6cc30f684bce8a236de3f416dfb1c83f3186386,b1a7215e7ed47a6b7a9466e0e8d9a90e4b56536ef5f5c5aa8b9a0ad940eef04c,100
local_nabre,ps145_1_2_8_9_10_11_13_14,WORLD,,,generic,,,,"ps145:1-2,8-9,10-11,13-14","I will praise your name for ever, my king and my God.","Psalm 145 The Greatness and Goodness of God - Praise. Of David. I will extol you, my God and king; I will bless your name forever and ever. Every day I will bless you; I will praise your name forever and ever.

The LORD is gracious and merciful, slow to anger and abounding in mercy. The LORD is good to all, compassionate toward all your works.

All your works give you thanks, LORD and your faithful bless you. They speak of the glory of your reign and tell of your mighty works,

The LORD is trustworthy in all his words, and loving in all his works. The LORD supports all who are falling and raises up all who are bowed down.",repo://assets/nabre.db,,fac8ba6bfbf6e3739f300a839cf8069cae3d032955239efc7a6c73250936edb3,a1ef74ff4d15fc738ba7b9527c19765fddd949e544210cde0f01b108b053f909,100
local_nabre,ps145_1_9_10_11_12_13ab,WORLD,,,generic,,,,"ps145:1+9,10-11,12-13ab",The Lord is kind and merciful.++,"Psalm 145 The Greatness and Goodness of God - Praise. Of David. I will extol you, my God and king; I will bless your name forever and ever. The LORD is good to all, compassionate toward all your works.

All your works give you thanks, LORD and your faithful bless you. They speak of the glory of your reign and tell of your mighty works,

Making known to the sons of men your mighty acts, the majestic glory of your rule. The LORD is trustworthy in all his words, and loving in all his works.",repo://assets/nabre.db,,624239f385acaad78ed470ccd4410012d6a6bde6759f844634256185b1cb863d,b41b666cc854f070f1e1bebf04ff336d4722c5e988f9696d714ab01038b2e349,100
local_nabre,ps145_2_3_10_11_12_13ab,WORLD,,,generic,,,,"ps145:2-3,10-11,12-13ab",The Lord is compassionate to all creatures.,"Every day I will bless you; I will praise your name forever and ever. Great is the LORD and worthy of much praise, whose grandeur is beyond understanding.

All your works give you thanks, LORD and your faithful bless you. They speak of the glory of your reign and tell of your mighty works,

Making known to the sons of men your mighty acts, the majestic glory of your rule. The LORD is trustworthy in all his words, and loving in all his works.",repo://assets/nabre.db,,0290c6d34a4e71bb228ed8804702e7da8802db9ef2df4cbaacbccbd62ce63a6a,5462e9fe25f1284e0173b61d312e75cf48fabc0046dfdaf83573d2eeffe14aa8,100
local_nabre,ps145_2_3_4_5_10_11,WORLD,,,generic,,,,"ps145:2-3,4-5,10-11","I will praise your name for ever, Lord.","Every day I will bless you; I will praise your name forever and ever. Great is the LORD and worthy of much praise, whose grandeur is beyond understanding.

One generation praises your deeds to the next and proclaims your mighty works. They speak of the splendor of your majestic glory, tell of your wonderful deeds.

All your works give you thanks, LORD and your faithful bless you. They speak of the glory of your reign and tell of your mighty works,",repo://assets/nabre.db,,f9b10c71103a23f61de1e7bfdbc7efb74cb24457fc83f9b0ff89276f08440e4e,7a8be49f8dfb65ec3ec293e0dfce1ad0c0889e73669c868939f081fa1ecbcece,100
local_nabre,ps145_2_3_4_5_6_7,WORLD,,,generic,,,,"ps145:2-3,4-5,6-7","I will praise your name for ever, Lord.","Every day I will bless you; I will praise your name forever and ever. Great is the LORD and worthy of much praise, whose grandeur is beyond understanding.

One generation praises your deeds to the next and proclaims your mighty works. They speak of the splendor of your majestic glory, tell of your wonderful deeds.

They speak of the power of your awesome acts and recount your great deeds. They celebrate your abounding goodness and joyfully sing of your justice.",repo://assets/nabre.db,,52708bb5a08c94a77add88453090891e6c68bd5ddb322c660a6dd986ffadc6e9,0fe58d36e3e948445f7e1926002913dcfd740e5bb5f82919123282ba8a9cc989,100
local_nabre,ps145_2_3_4_5_6_7_8_9,WORLD,,,generic,,,,"ps145:2-3,4-5,6-7,8-9",The Lord is kind and merciful.,"Every day I will bless you; I will praise your name forever and ever. Great is the LORD and worthy of much praise, whose grandeur is beyond understanding.

One generation praises your deeds to the next and proclaims your mighty works. They speak of the splendor of your majestic glory, tell of your wonderful deeds.

They speak of the power of your awesome acts and recount your great deeds. They celebrate your abounding goodness and joyfully sing of your justice.

The LORD is gracious and merciful, slow to anger and abounding in mercy. The LORD is good to all, compassionate toward all your works.",repo://assets/nabre.db,,53f1d445786bacb6eca6c3827e20f107f3b2a699a571ead12555a0b7a704ebc5,5214a5bf0fbc047cbeae658484ce4880ea4a02b202a979f43f0b2dbeff2d1fa5,100
local_nabre,ps145_2_3_8_9_17_18,WORLD,,,generic,,,,"ps145:2-3,8-9,17-18",(18a) The Lord is near to all who call upon him.,"Every day I will bless you; I will praise your name forever and ever. Great is the LORD and worthy of much praise, whose grandeur is beyond understanding.

The LORD is gracious and merciful, slow to anger and abounding in mercy. The LORD is good to all, compassionate toward all your works.

The LORD is just in all his ways, merciful in all his works. The LORD is near to all who call upon him, to all who call upon him in truth.",repo://assets/nabre.db,,5c5655433e97d5c5fc3084bd217b3fcdf90b5c2d3b9b2d44b61b9f946f853e45,c5afdad495dfec1d6bca04f62552956686fffe5b94e829d07a472693b6acb8ed,100
local_nabre,ps145_8_9_10_11_12_13,WORLD,,,generic,,,,"ps145:8-9,10-11,12-13","I will praise your name for ever, my king and my God.","The LORD is gracious and merciful, slow to anger and abounding in mercy. The LORD is good to all, compassionate toward all your works.

All your works give you thanks, LORD and your faithful bless you. They speak of the glory of your reign and tell of your mighty works,

Making known to the sons of men your mighty acts, the majestic glory of your rule. The LORD is trustworthy in all his words, and loving in all his works.",repo://assets/nabre.db,,5c957cba9a46df43428997a491f28f8304914387636ad976bf53883038082b33,3341abf3adb3f43af672af747575638cbd39ae78ef4e135e90d40f56ab9b9b08,100
local_nabre,ps145_8_9_10_11_12_13ab_13cd_14,WORLD,,,generic,,,,"ps145:8-9,10-11,12-13ab,13cd-14",The Lord is just in all his ways.,"The LORD is gracious and merciful, slow to anger and abounding in mercy. The LORD is good to all, compassionate toward all your works.

All your works give you thanks, LORD and your faithful bless you. They speak of the glory of your reign and tell of your mighty works,

Making known to the sons of men your mighty acts, the majestic glory of your rule. The LORD is trustworthy in all his words, and loving in all his works.

The LORD is trustworthy in all his words, and loving in all his works. The LORD supports all who are falling and raises up all who are bowed down.",repo://assets/nabre.db,,01b16af90e1daeaf888b4cc927ea8c0cd56e1584ad67dcd6dd6a25fe609788d8,f72b47201c1cee6dd0fac43b31aa40c544ce15d355be3b7b097ce5a4b80a0001,100
local_nabre,ps145_8_9_13cd_14_17_18,WORLD,,,generic,,,,"ps145:8-9,13cd-14,17-18",The Lord is kind and merciful.,"The LORD is gracious and merciful, slow to anger and abounding in mercy. The LORD is good to all, compassionate toward all your works.

The LORD is trustworthy in all his words, and loving in all his works. The LORD supports all who are falling and raises up all who are bowed down.

The LORD is just in all his ways, merciful in all his works. The LORD is near to all who call upon him, to all who call upon him in truth.",repo://assets/nabre.db,,ff5ec23aaff044c0aef7b3929267e193e108b1bb2b624162805fb56637024cf8,e8e5694e66df275010a3bfcf55471a3d8753ab261b08742894d79788a228f799,100
local_nabre,ps145_8_9_15_16_17_18,WORLD,,,generic,,,,"ps145:8-9,15-16,17-18",The hand of the Lord feeds us; he answers all our needs.,"The LORD is gracious and merciful, slow to anger and abounding in mercy. The LORD is good to all, compassionate toward all your works.

The eyes of all look hopefully to you; you give them their food in due season. You open wide your hand and satisfy the desire of every living thing.

The LORD is just in all his ways, merciful in all his works. The LORD is near to all who call upon him, to all who call upon him in truth.",repo://assets/nabre.db,,402405d10c2c1ad3be355c6a3b26dcf4b1f9aff175aa06ef0edfd512df2479b3,16e82b15a10d7b9ccce3f6f23d4fa05e7263a124efe15824f8a4ae4e6837af63,100
local_nabre,ps146_1_2_3_4_5_6,WORLD,,,generic,,,,"ps146:1-2,3-4,5-6",Blest are they whose help is the God of Jacob.,"Psalm 146 Trust in God the Creator and Redeemer - Hallelujah! Praise the LORD, my soul; I will praise the LORD all my life, sing praise to my God while I live.

I - Put no trust in princes, in children of Adam powerless to save. Who breathing his last, returns to the earth; that day all his planning comes to nothing.

Blessed the one whose help is the God of Jacob, whose hope is in the LORD, his God, The maker of heaven and earth, the seas and all that is in them, Who keeps faith forever,",repo://assets/nabre.db,,e76bdfa394eeee3433a2e02224470aca498dcf94196df990f60c66b7f606c563,ab80b5d516888470d3c799b52e7702b6fc67cb2a049de04dda495c8fa1ca0383,100
local_nabre,ps146_1_2ab_6_7_8_9ab_9cd_10,WORLD,,,generic,,,,"ps146:1-2ab,6-7,8-9ab,9cd-10","Praise the Lord, my soul!","Psalm 146 Trust in God the Creator and Redeemer - Hallelujah! Praise the LORD, my soul; I will praise the LORD all my life, sing praise to my God while I live.

The maker of heaven and earth, the seas and all that is in them, Who keeps faith forever, secures justice for the oppressed, who gives bread to the hungry. The LORD sets prisoners free;

the LORD gives sight to the blind. The LORD raises up those who are bowed down; the LORD loves the righteous. The LORD protects the resident alien, comes to the aid of the orphan and the widow, but thwarts the way of the wicked.

The LORD protects the resident alien, comes to the aid of the orphan and the widow, but thwarts the way of the wicked. The LORD shall reign forever, your God, Zion, through all generations! Hallelujah!",repo://assets/nabre.db,,a15be892d3757b1871b2a9af38282af8327abaf9d54c11b0220c1efaaa4e81b7,f2f673f20ced39a0c436a2bf0af2ec4177df2e48b1ee9428b587480087b54678,100
local_nabre,ps146_1b_2_5_6_7_8_9,WORLD,,,generic,,,,"ps146:1b-2,5-6,7,8-9","Praise the Lord, my soul!","Psalm 146 Trust in God the Creator and Redeemer - Hallelujah! Praise the LORD, my soul; I will praise the LORD all my life, sing praise to my God while I live.

Blessed the one whose help is the God of Jacob, whose hope is in the LORD, his God, The maker of heaven and earth, the seas and all that is in them, Who keeps faith forever,

secures justice for the oppressed, who gives bread to the hungry. The LORD sets prisoners free;

the LORD gives sight to the blind. The LORD raises up those who are bowed down; the LORD loves the righteous. The LORD protects the resident alien, comes to the aid of the orphan and the widow, but thwarts the way of the wicked.",repo://assets/nabre.db,,fa2bc7bb7e2150228a3c43d32082c9e7d9c8021cdf42d4d4be23fc2e6edf286b,027ac32f89071776bc1e14c0bf90544395fd7470e1f0cc588559069fb8cddaba,100
local_nabre,ps146_5_6_7_8_9a_9bc_10,WORLD,,,generic,,,,"ps146:5-6,7,8-9a,9bc-10","Praise the Lord, my soul!","Blessed the one whose help is the God of Jacob, whose hope is in the LORD, his God, The maker of heaven and earth, the seas and all that is in them, Who keeps faith forever,

secures justice for the oppressed, who gives bread to the hungry. The LORD sets prisoners free;

the LORD gives sight to the blind. The LORD raises up those who are bowed down; the LORD loves the righteous. The LORD protects the resident alien, comes to the aid of the orphan and the widow, but thwarts the way of the wicked.

The LORD protects the resident alien, comes to the aid of the orphan and the widow, but thwarts the way of the wicked. The LORD shall reign forever, your God, Zion, through all generations! Hallelujah!",repo://assets/nabre.db,,57f0121301528cdce412d3d3a6ceeee6eb8fa602e25403a1528508da48c88fc7,6f2123b9983d8ba6307ed9bcc1b93aae0574f7b41e1e27fb43ec191096759ab1,100
local_nabre,ps146_6_7_8_9_9_10,WORLD,,,generic,,,,"ps146:6-7,8-9,9-10","Lord, come and save us.","The maker of heaven and earth, the seas and all that is in them, Who keeps faith forever, secures justice for the oppressed, who gives bread to the hungry. The LORD sets prisoners free;

the LORD gives sight to the blind. The LORD raises up those who are bowed down; the LORD loves the righteous. The LORD protects the resident alien, comes to the aid of the orphan and the widow, but thwarts the way of the wicked.

The LORD protects the resident alien, comes to the aid of the orphan and the widow, but thwarts the way of the wicked. The LORD shall reign forever, your God, Zion, through all generations! Hallelujah!",repo://assets/nabre.db,,9fe6226002b9b9d05d708f041db6a4951f86d6ab3d31822eb86ebc2238fb4bc8,7a096e319e2765c437ef24c482c6d592f37a8999f8a804c09c4cd259c547354b,100
local_nabre,ps146_6c_7_8_9a_9bc_10,WORLD,,,generic,,,,"ps146:6c-7,8-9a,9bc-10",Blest are they whose help is the God of Jacob.,"The maker of heaven and earth, the seas and all that is in them, Who keeps faith forever, secures justice for the oppressed, who gives bread to the hungry. The LORD sets prisoners free;

the LORD gives sight to the blind. The LORD raises up those who are bowed down; the LORD loves the righteous. The LORD protects the resident alien, comes to the aid of the orphan and the widow, but thwarts the way of the wicked.

The LORD protects the resident alien, comes to the aid of the orphan and the widow, but thwarts the way of the wicked. The LORD shall reign forever, your God, Zion, through all generations! Hallelujah!",repo://assets/nabre.db,,6fb2e0003f069dd9958c0e663c4bfd9a56cdbe67a488937f52f8954abf6915ec,39da6f4fccd826392cc5a0acbdef82e96e3283a61a98560d4b7748b6a92f73cb,100
local_nabre,ps146_7_8_9_9_10,WORLD,,,generic,,,,"ps146:7,8-9,9-10","(1b) Praise the Lord, my soul!","secures justice for the oppressed, who gives bread to the hungry. The LORD sets prisoners free;

the LORD gives sight to the blind. The LORD raises up those who are bowed down; the LORD loves the righteous. The LORD protects the resident alien, comes to the aid of the orphan and the widow, but thwarts the way of the wicked.

The LORD protects the resident alien, comes to the aid of the orphan and the widow, but thwarts the way of the wicked. The LORD shall reign forever, your God, Zion, through all generations! Hallelujah!",repo://assets/nabre.db,,a6d7959ed775b847facdec5ec4eceee6dc16efb63ed369fae1979a9d716a25fa,737e0c2675387d9ea58e64c2bde512766ef12786ed001eca9867957ba3d22616,100
local_nabre,ps147_12_13_14_15_19_20,WORLD,,,generic,,,,"ps147:12-13,14-15,19-20",(John 1:4) The Word of God became man and lived among us.,"Glorify the LORD, Jerusalem; Zion, offer praise to your God, For he has strengthened the bars of your gates, blessed your children within you.

He brings peace to your borders, and satisfies you with finest wheat. He sends his command to earth; his word runs swiftly!

He proclaims his word to Jacob, his statutes and laws to Israel. Hallelujah!",repo://assets/nabre.db,,f5c1cca5f0c9cdaf831f37ac6355e38e602934154eb01565c05e2fd06260021e,a193b734d4fa7267b09a80fe597058ad9ac33f57f8492f686eafae00110bc419,100
local_nabre,ps147_12_13_15_16_19_20,WORLD,,,generic,,,,"ps147:12-13,15-16,19-20","Praise the Lord, Jerusalem.","Glorify the LORD, Jerusalem; Zion, offer praise to your God, For he has strengthened the bars of your gates, blessed your children within you.

He sends his command to earth; his word runs swiftly! Thus he makes the snow like wool, and spreads the frost like ash;

He proclaims his word to Jacob, his statutes and laws to Israel. Hallelujah!",repo://assets/nabre.db,,13263f075019208a5db1bd8606f42e36a178b9ce7e3c864d92c3be7553842918,2de47ac01d431deb3fc5c95de7829d370276c049473da58eb118190db8b6c3d7,100
local_nabre,ps147_1_2_3_4_5_6,WORLD,,,generic,,,,"ps147:1-2,3-4,5-6","Praise the Lord, who heals the brokenhearted.","Psalm 147 God’s Word Restores Jerusalem - Hallelujah! I - How good to sing praise to our God; how pleasant to give fitting praise. The LORD rebuilds Jerusalem, and gathers the dispersed of Israel,

Healing the brokenhearted, and binding up their wounds. He numbers the stars, and gives to all of them their names.

Great is our Lord, vast in power, with wisdom beyond measure. The LORD gives aid to the poor, but casts the wicked to the ground.",repo://assets/nabre.db,,0fbc06e6f68b4a277503583be2922f4220ba870a09af5c5b6041ccc08a213fb2,a483282e4952e451eefeb643b754b2190fbe26ffd3ebbdbdc2586293bb717939,100
local_nabre,ps148_1_2_11_12_13_14,WORLD,,,generic,,,,"ps148:1-2,11-12,13,14",Heaven and earth are full of your glory.,"Psalm 148 All Creation Summoned to Praise - Hallelujah! I - Praise the LORD from the heavens; praise him in the heights. Praise him, all you his angels; give praise, all you his hosts.

Kings of the earth and all peoples, princes and all who govern on earth; Young men and women too, old and young alike.

Let them all praise the LORD’s name, for his name alone is exalted, His majesty above earth and heaven.

Hallelujah!",repo://assets/nabre.db,,d313480b53b3fdb406a63f34a39cf5d0fd97107b7732e7eb3c17e408f95ec446,484fe04ccb6a7f899c92acad20d48436e02b1b3a74bdb030d5b71ec1f258e13b,100
local_nabre,ps149_1_2_3_4_5_6a_9b,WORLD,,,generic,,,,"ps149:1-2,3-4,5-6a+9b",The Lord takes delight in his people.,"Psalm 149 Praise God with Song and Sword - Hallelujah! Sing to the LORD a new song, his praise in the assembly of the faithful. Let Israel be glad in its maker, the people of Zion rejoice in their king.

Let them praise his name in dance, make music with tambourine and lyre. For the LORD takes delight in his people, honors the poor with victory.

Let the faithful rejoice in their glory, cry out for joy on their couches, With the praise of God in their mouths, and a two-edged sword in their hands, To execute the judgments decreed for them— such is the glory of all God’s faithful. Hallelujah!",repo://assets/nabre.db,,7a7a741d660d3e3518dd3d49dab6f04487cc7483dfbf5c97d5023b22bc37bb56,063d2d1870461e03da25da75dfadf4a261e875d84462d6b18feaec2c349d8476,100
local_nabre,ps150_1_2_3_4_5_6,WORLD,,,generic,,,,"ps150:1-2,3-4,5-6",Let everything that breathes praise the Lord.,"Psalm 150 Final Doxology - Hallelujah! Praise God in his holy sanctuary; give praise in the mighty dome of heaven. Give praise for his mighty deeds, praise him for his great majesty.

Give praise with blasts upon the horn, praise him with harp and lyre. Give praise with tambourines and dance, praise him with strings and pipes.

Give praise with crashing cymbals, praise him with sounding cymbals. Let everything that has breath give praise to the LORD! Hallelujah!",repo://assets/nabre.db,,1f4a421aae1996edd39e31b88b3b085dc7f42a5a3d6b43f7d95150613d9170d2,ad68ee47f977761a12e9de46a3614bf312be97e6bb358c52fe510a939860614c,100
local_nabre,ps15_1_3a_3bc_4a_4b_5,WORLD,,,generic,,,,"ps15:1-3a,3bc-4a,4b-5",Those who are victorious,"Psalm 15 The Righteous Israelite - A psalm of David. I - LORD, who may abide in your tent? Who may dwell on your holy mountain? Whoever walks without blame, doing what is right, speaking truth from the heart; Who does not slander with his tongue, does no harm to a friend, never defames a neighbor;

Who does not slander with his tongue, does no harm to a friend, never defames a neighbor; Who disdains the wicked, but honors those who fear the LORD; Who keeps an oath despite the cost,

Who disdains the wicked, but honors those who fear the LORD; Who keeps an oath despite the cost, lends no money at interest, accepts no bribe against the innocent. III - Whoever acts like this shall never be shaken.",repo://assets/nabre.db,,6a08436203e1c8467c54f8d2caa2ff93a959137006097b903676897ca50f476c,8338ca53158468e808184fc83cf3f390f8f6a192e08a2eebcafa1c0d765d1a0a,100
local_nabre,ps15_1b_3a_3b_4a_4b_5,WORLD,,,generic,,,,"ps15:1b-3a,3b-4a,4b-5","The just shall live on your holy mountain, O Lord.","Psalm 15 The Righteous Israelite - A psalm of David. I - LORD, who may abide in your tent? Who may dwell on your holy mountain? Whoever walks without blame, doing what is right, speaking truth from the heart; Who does not slander with his tongue, does no harm to a friend, never defames a neighbor;

Who does not slander with his tongue, does no harm to a friend, never defames a neighbor; Who disdains the wicked, but honors those who fear the LORD; Who keeps an oath despite the cost,

Who disdains the wicked, but honors those who fear the LORD; Who keeps an oath despite the cost, lends no money at interest, accepts no bribe against the innocent. III - Whoever acts like this shall never be shaken.",repo://assets/nabre.db,,8a3a015742198a0cbca7120362d84deec6aee965f7d6ed295d56df5e8ca0f1e2,53edb95df8f869dfbe4a3504557d0a98e7904951ff835630b3f57f2d27f08af6,100
local_nabre,ps15_2_3_3_4_4_5,WORLD,,,generic,,,,"ps15:2-3,3-4,4-5",(1a) One who does justice will live in the presence of the Lord.,"Whoever walks without blame, doing what is right, speaking truth from the heart; Who does not slander with his tongue, does no harm to a friend, never defames a neighbor;

Who does not slander with his tongue, does no harm to a friend, never defames a neighbor; Who disdains the wicked, but honors those who fear the LORD; Who keeps an oath despite the cost,

Who disdains the wicked, but honors those who fear the LORD; Who keeps an oath despite the cost, lends no money at interest, accepts no bribe against the innocent. III - Whoever acts like this shall never be shaken.",repo://assets/nabre.db,,2c5636842c1276990ea01e71e0ddcdc897a940889501940a94c2a009eea29904,9ed1a87c1ad220cf112e3142ecc1b928108a7bbc39bde77eda419307642be438,100
local_nabre,ps15_2_3_3_4_5,WORLD,,,generic,,,,"ps15:2-3,3-4,5",(1a) He who does justice will live in the presence of the Lord.,"Whoever walks without blame, doing what is right, speaking truth from the heart; Who does not slander with his tongue, does no harm to a friend, never defames a neighbor;

Who does not slander with his tongue, does no harm to a friend, never defames a neighbor; Who disdains the wicked, but honors those who fear the LORD; Who keeps an oath despite the cost,

lends no money at interest, accepts no bribe against the innocent. III - Whoever acts like this shall never be shaken.",repo://assets/nabre.db,,6fd633b8ba81dfca2d7e2c440a4def8d2456e2c47e3625508317b7311a6f692f,44dc1fd93fcea087c6ffcc1eb073945a64082374b2498866543de47c1ad08305,100
local_nabre,ps15_2_3ab_3cd_4ab_5,WORLD,,,generic,,,,"ps15:2-3ab,3cd-4ab,5",The just will live in the presence of the Lord.,"Whoever walks without blame, doing what is right, speaking truth from the heart; Who does not slander with his tongue, does no harm to a friend, never defames a neighbor;

Who does not slander with his tongue, does no harm to a friend, never defames a neighbor; Who disdains the wicked, but honors those who fear the LORD; Who keeps an oath despite the cost,

lends no money at interest, accepts no bribe against the innocent. III - Whoever acts like this shall never be shaken.",repo://assets/nabre.db,,80df32839ee6601e8c120347fa561f24970318702e793cce6800eacc230dae18,d469859e2ad3eb1ba6ccc4fbbd2d06019747a83ae6f7e837f9ac950d14216f31,100
local_nabre,ps16_1_2_5_7_8_9_10_11,WORLD,,,generic,,,,"ps16:1-2,5,7-8,9-10,11","(11a) Lord, you will show us the path of life.","Psalm 16 God the Supreme Good - A miktam of David. I - Keep me safe, O God; in you I take refuge. I say to the LORD, you are my Lord, you are my only good.

LORD, my allotted portion and my cup, you have made my destiny secure.

I bless the LORD who counsels me; even at night my heart exhorts me. I keep the LORD always before me; with him at my right hand, I shall never be shaken.

Therefore my heart is glad, my soul rejoices; my body also dwells secure, For you will not abandon my soul to Sheol, nor let your devout one see the pit.

You will show me the path to life, abounding joy in your presence, the delights at your right hand forever.",repo://assets/nabre.db,,3527d9a26ba6bf76a17aa8d1c433d9c60987c0dbc29372af19976da6b91526e2,b4da0015b9513491b70774eb1c0db120d4684d114abe9c95903531f5bd1ba5da,100
local_nabre,ps16_1_2a_4_5_8_11,WORLD,,,generic,,,,"ps16:1-2a,4,5+8,11","Keep me safe, O God; you are my hope.","Psalm 16 God the Supreme Good - A miktam of David. I - Keep me safe, O God; in you I take refuge. I say to the LORD, you are my Lord, you are my only good.

Blood libations to them I will not pour out, nor will I take their names upon my lips.

LORD, my allotted portion and my cup, you have made my destiny secure. I keep the LORD always before me; with him at my right hand, I shall never be shaken.

You will show me the path to life, abounding joy in your presence, the delights at your right hand forever.",repo://assets/nabre.db,,8c60c286a45bdd227ad92e18df5f04dda3efbc2fc84ffeddee779f6e118b4543,79326a52fba21fcc4c5b63bce2032d33a30e379554418b9429b1b90e8192485d,100
local_nabre,ps16_1_2a_5_7_8_11,WORLD,,,generic,,,,"ps16:1-2a+5,7-8,11","You are my inheritance, O Lord.","Psalm 16 God the Supreme Good - A miktam of David. I - Keep me safe, O God; in you I take refuge. I say to the LORD, you are my Lord, you are my only good. LORD, my allotted portion and my cup, you have made my destiny secure.

I bless the LORD who counsels me; even at night my heart exhorts me. I keep the LORD always before me; with him at my right hand, I shall never be shaken.

You will show me the path to life, abounding joy in your presence, the delights at your right hand forever.",repo://assets/nabre.db,,66add3ad2aea7b24dba191918c9b2a34c545e533d7c43b073eed3b4ae50a6c8b,fe231a77deff981c17fd6ab5dbfb0d141e72acbc368470d021519e34ae37aa14,100
local_nabre,ps16_1_2a_5_7_8_9_10,WORLD,,,generic,,,,"ps16:1-2a+5,7-8,9-10","It is you, O Lord, who are my portion.","Psalm 16 God the Supreme Good - A miktam of David. I - Keep me safe, O God; in you I take refuge. I say to the LORD, you are my Lord, you are my only good. LORD, my allotted portion and my cup, you have made my destiny secure.

I bless the LORD who counsels me; even at night my heart exhorts me. I keep the LORD always before me; with him at my right hand, I shall never be shaken.

Therefore my heart is glad, my soul rejoices; my body also dwells secure, For you will not abandon my soul to Sheol, nor let your devout one see the pit.",repo://assets/nabre.db,,821f9bb4707257da19fb2437ea062bd987fb6f24b62ea8ace6ca266d2ee0cc94,1b29e0f26a7833931f431d815f71bd99d40c93fafc78feaae5e36eca8dd43e93,100
local_nabre,ps16_1_2a_5_7_8_9_10_11,WORLD,,,generic,,,,"ps16:1-2a,5,7-8,9-10,11","Keep me safe, O God; you are my hope.","Psalm 16 God the Supreme Good - A miktam of David. I - Keep me safe, O God; in you I take refuge. I say to the LORD, you are my Lord, you are my only good.

LORD, my allotted portion and my cup, you have made my destiny secure.

I bless the LORD who counsels me; even at night my heart exhorts me. I keep the LORD always before me; with him at my right hand, I shall never be shaken.

Therefore my heart is glad, my soul rejoices; my body also dwells secure, For you will not abandon my soul to Sheol, nor let your devout one see the pit.

You will show me the path to life, abounding joy in your presence, the delights at your right hand forever.",repo://assets/nabre.db,,e0e778c25b0e9e177e2eb602e817316cf8087fd710a75ee21231da4bb02d7218,fb30595d033688f8d9922a3e7925f2f76c0b0aa18a95a85fd2ab8b8dbcff2414,100
local_nabre,ps16_1_2a_5_7_8_9a_11,WORLD,,,generic,,,,"ps16:1-2a+5,7-8,9a+11","You are my inheritance, O Lord.","Psalm 16 God the Supreme Good - A miktam of David. I - Keep me safe, O God; in you I take refuge. I say to the LORD, you are my Lord, you are my only good. LORD, my allotted portion and my cup, you have made my destiny secure.

I bless the LORD who counsels me; even at night my heart exhorts me. I keep the LORD always before me; with him at my right hand, I shall never be shaken.

Therefore my heart is glad, my soul rejoices; my body also dwells secure, You will show me the path to life, abounding joy in your presence, the delights at your right hand forever.",repo://assets/nabre.db,,8667b946e0e0729e6df7d8be0caec6f6a66c509beb2b77ba3695645e1342f133,9b721c8373797bdbd536a0226b386971651b712a1925b3b4627b769cdc2f7854,100
local_nabre,ps16_5_8_9_10_11,WORLD,,,generic,,,,"ps16:5,8,9-10,11","(1) You are my inheritance, O Lord!","LORD, my allotted portion and my cup, you have made my destiny secure.

I keep the LORD always before me; with him at my right hand, I shall never be shaken.

Therefore my heart is glad, my soul rejoices; my body also dwells secure, For you will not abandon my soul to Sheol, nor let your devout one see the pit.

You will show me the path to life, abounding joy in your presence, the delights at your right hand forever.",repo://assets/nabre.db,,3109c8af1a2e539a2a361fc16387a0abd8e6e46f77d536fc3ae34bf6748540ca,98191877c715b7e91eeb66e62a3cd78a6e8cc230cc0078226c1ffb1516ee510b,100
local_nabre,ps16_5and8_9_10_11,WORLD,,,generic,,,,"ps16:5and8,9-10,11","Preserve me, O God, for in you I take refuge.","LORD, my allotted portion and my cup, you have made my destiny secure.

Therefore my heart is glad, my soul rejoices; my body also dwells secure, For you will not abandon my soul to Sheol, nor let your devout one see the pit.

You will show me the path to life, abounding joy in your presence, the delights at your right hand forever.",repo://assets/nabre.db,,155ba02564519601f8468749e1828ebd97d42136b03ef8ebb76181b33cd37a0d,d037906ce8c6581edfc0de84898a8029f9200bd091f1b3ba54f4a3ca9604c4cd,100
local_nabre,ps17_1_2_3_6_7,WORLD,,,generic,,,,"ps17:1,2-3,6-7","Lord, bend your ear and hear my prayer.","Psalm 17 Prayer for Rescue from Persecutors - A prayer of David. I - Hear, LORD, my plea for justice; pay heed to my cry; Listen to my prayer from lips without guile.

From you let my vindication come; your eyes see what is right. My mouth has not transgressed

Turn your ear to me; hear my speech. Show your wonderful mercy, you who deliver with your right arm those who seek refuge from their foes.",repo://assets/nabre.db,,bc5ec936906023e9e3489c0eec07146702bd70ebd7538bb0ad4e9e202456c75b,db2fccb4a95e8708929104afac2b867f402ac4703b9864c221d302022c95b5e7,100
local_nabre,ps17_1_2_3_6_7_8_15,WORLD,,,generic,,,,"ps17:1,2-3,6-7,8+15","In my justice, I shall see your face, O Lord.","Psalm 17 Prayer for Rescue from Persecutors - A prayer of David. I - Hear, LORD, my plea for justice; pay heed to my cry; Listen to my prayer from lips without guile.

From you let my vindication come; your eyes see what is right. My mouth has not transgressed

Turn your ear to me; hear my speech. Show your wonderful mercy, you who deliver with your right arm those who seek refuge from their foes.

Keep me as the apple of your eye; hide me in the shadow of your wings I am just—let me see your face; when I awake, let me be filled with your presence.",repo://assets/nabre.db,,c4e407f463eeb74d2de1a6db4093ed9e7a515d8d64448f930ea828954a12f81b,1c20e4271ed40494e55562380e9a7a0024a4d3ec19c2ed1303be03eaf5b0f247,100
local_nabre,ps17_1_5_6_8_15,WORLD,,,generic,,,,"ps17:1,5-6,8,15","(15b) Lord, when your glory appears, my joy will be full.","Psalm 17 Prayer for Rescue from Persecutors - A prayer of David. I - Hear, LORD, my plea for justice; pay heed to my cry; Listen to my prayer from lips without guile.

My steps have kept to your paths; my feet have not faltered. Turn your ear to me; hear my speech.

Keep me as the apple of your eye; hide me in the shadow of your wings

I am just—let me see your face; when I awake, let me be filled with your presence.",repo://assets/nabre.db,,93d170ab4b906742875089c48d71fa1a49912275966769c9d5b0a466d35ccedc,d6fdec2eff6922cf79badb5c42d82cbcd89163dffc5a24a4f22d5b0a680c8dc3,100
local_nabre,ps17_1_5_6_8b_15,WORLD,,,generic,,,,"ps17:1,5-6,8b+15","Lord, when your glory appears, my joy will be full.","Psalm 17 Prayer for Rescue from Persecutors - A prayer of David. I - Hear, LORD, my plea for justice; pay heed to my cry; Listen to my prayer from lips without guile.

My steps have kept to your paths; my feet have not faltered. Turn your ear to me; hear my speech.

Keep me as the apple of your eye; hide me in the shadow of your wings I am just—let me see your face; when I awake, let me be filled with your presence.",repo://assets/nabre.db,,ba6a4be06034d37fae31aaed59ad00e871a25a4d5697ef232577a5057cc8c769,b8d1467ea2877f6ce8a9c2d907d42be8f1facb6fa6d0655ba5d4da8720871576,100
local_nabre,ps17_1_6_7_8b_15,WORLD,,,generic,,,,"ps17:1,6-7,8b+15","Lord, when your glory appears, my joy will be full.","Psalm 17 Prayer for Rescue from Persecutors - A prayer of David. I - Hear, LORD, my plea for justice; pay heed to my cry; Listen to my prayer from lips without guile.

Turn your ear to me; hear my speech. Show your wonderful mercy, you who deliver with your right arm those who seek refuge from their foes.

Keep me as the apple of your eye; hide me in the shadow of your wings I am just—let me see your face; when I awake, let me be filled with your presence.",repo://assets/nabre.db,,1bf2e9b79acfb84d999270a5b3f0a349ec485aa485a332a945a44a8fa75f2b39,ecfbf4d89c494098b44f28fd7e6e9e5c2bc6b67ccb5081f938ebf4995cc85b29,100
local_nabre,ps18_1_2_3_6b_46_50,WORLD,,,generic,,,,"ps18:1-2,3+6b,46+50","I love you, Lord, my strength.","Psalm 18 A King’s Thanksgiving for Victory - For the leader. Of David, the servant of the LORD, who sang to the LORD the words of this song after the LORD had rescued him from the clutches of all his enemies and from the hand of Saul. I love you, LORD, my strength,

LORD, my rock, my fortress, my deliverer, My God, my rock of refuge, my shield, my saving horn, my stronghold! The cords of Sheol encircled me; the snares of death lay in wait for me.

foreigners cringed; they came cowering from their dungeons. Thus I will praise you, LORD, among the nations; I will sing praises to your name.",repo://assets/nabre.db,,1cd870d7d7d9157061c6c89418ebb32092c6e55a7c58e7d12470786dd56b8842,60f77678baa50c309729373d03a3009de0602b358cbe11d9e0992a526a16ec60,100
local_nabre,ps18_1_2ab_2c_3_4_5_6,WORLD,,,generic,,,,"ps18:1-2ab,2c-3,4-5,6","In my distress I called upon the Lord,","Psalm 18 A King’s Thanksgiving for Victory - For the leader. Of David, the servant of the LORD, who sang to the LORD the words of this song after the LORD had rescued him from the clutches of all his enemies and from the hand of Saul. I love you, LORD, my strength,

I love you, LORD, my strength, LORD, my rock, my fortress, my deliverer, My God, my rock of refuge, my shield, my saving horn, my stronghold!

Praised be the LORD, I exclaim! I have been delivered from my enemies. The cords of death encompassed me; the torrents of destruction terrified me.

The cords of Sheol encircled me; the snares of death lay in wait for me.",repo://assets/nabre.db,,3ede9767ed9d35492298e63b40c54650d6bc1e5282188d116ce064752e72f253,da814d9d1088d64947fcdffe1bc1deaa2128e3c25ec87330d7ea541ef7b61ee2,100
local_nabre,ps18_2_3_3_4_47_51,WORLD,,,generic,,,,"ps18:2-3,3-4,47,51","(2) I love you, Lord, my strength.","I love you, LORD, my strength, LORD, my rock, my fortress, my deliverer, My God, my rock of refuge, my shield, my saving horn, my stronghold!

LORD, my rock, my fortress, my deliverer, My God, my rock of refuge, my shield, my saving horn, my stronghold! Praised be the LORD, I exclaim! I have been delivered from my enemies.

The LORD lives! Blessed be my rock! Exalted be God, my savior!

You have given great victories to your king, and shown mercy to his anointed, to David and his posterity forever.",repo://assets/nabre.db,,e1cf56d04ebc540e31afae3bfda712b03c8f06674a22203a9b409fa1f0d47513,84d619adb3b1455d62f57cebae4a7cf8f9e6b61e64bf5e3f9aca2d46c58b1a64,100
local_nabre,ps18_30_46_49_50,WORLD,,,generic,,,,"ps18:30,46+49,50",Blessed be God my salvation!,"With you I can rush an armed band, with my God to help I can leap a wall.

foreigners cringed; they came cowering from their dungeons. and saved me from my enemies, Truly you have elevated me above my opponents, from a man of lawlessness you have rescued me.

Thus I will praise you, LORD, among the nations; I will sing praises to your name.",repo://assets/nabre.db,,32021eed9e96af8cfc5c13a25962f25d9ca6ff808244ff04e52491c1ec5a6254,4132cca8a081905d3d7e6a8dda74b61f960f2cc50a0c091c68c05caadd390d9c,100
local_nabre,ps19_1_2_3_4,WORLD,,,generic,,,,"ps19:1-2,3-4",The heavens proclaim the glory of God.,"Psalm 19 God’s Glory in the Heavens and in the Law - For the leader. A psalm of David. I - The heavens declare the glory of God; the firmament proclaims the works of his hands.

Day unto day pours forth speech; night unto night whispers knowledge. There is no speech, no words; their voice is not heard;",repo://assets/nabre.db,,9a2e6730094ee8bc6b19292ccdd63e54191262daa610c44710b117ed491096a4,1fcfd679ae4a8ee193300e3b07e938ea716869d7da05a271077bf7a50f449b25,100
local_nabre,ps19_1_2_3_4ab,WORLD,,,generic,,,,"ps19:1-2,3-4ab",The heavens proclaim the glory of God.,"Psalm 19 God’s Glory in the Heavens and in the Law - For the leader. A psalm of David. I - The heavens declare the glory of God; the firmament proclaims the works of his hands.

Day unto day pours forth speech; night unto night whispers knowledge. There is no speech, no words; their voice is not heard;",repo://assets/nabre.db,,9a2e6730094ee8bc6b19292ccdd63e54191262daa610c44710b117ed491096a4,1fcfd679ae4a8ee193300e3b07e938ea716869d7da05a271077bf7a50f449b25,100
local_nabre,ps19_2_3_4_5,WORLD,,,generic,,,,"ps19:2-3,4-5",(5) Their message goes out through all the earth.,"I - The heavens declare the glory of God; the firmament proclaims the works of his hands. Day unto day pours forth speech; night unto night whispers knowledge.

There is no speech, no words; their voice is not heard; He has pitched in them a tent for the sun;",repo://assets/nabre.db,,f440fb6030bb4edc64daa101ccaaab62f91f6681dcaf818c1e781e6d5304d683,51d68e39a26e92d49b98a6a91803d7a13291b9aef81786adc89806d9e2ffc854,100
local_nabre,ps19_7_8_9_10,WORLD,,,generic,,,,"ps19:7,8,9,10","The judgments of the Lord are true,","From one end of the heavens it comes forth; its course runs through to the other; nothing escapes its heat.

The decree of the LORD is trustworthy, giving wisdom to the simple.

The command of the LORD is clear, enlightening the eye.

The statutes of the LORD are true, all of them just;",repo://assets/nabre.db,,f36132584f411b9cc42a00889d4962072d6a17329cb6d2904e9542ae30c4c039,a56bf1c9ba71f5accb4644ea81d564180dca18eaca4ec666520eafaae9463b2e,100
local_nabre,ps19_7_8_9_14,WORLD,,,generic,,,,"ps19:7,8,9,14","Your words, Lord, are spirit and life.","From one end of the heavens it comes forth; its course runs through to the other; nothing escapes its heat.

The decree of the LORD is trustworthy, giving wisdom to the simple.

The command of the LORD is clear, enlightening the eye.

Then shall I be blameless, innocent of grave sin.",repo://assets/nabre.db,,8aa488b36175e10c41674a401fb66ad20c221db20cb8acae3d6357a52f2c7c6e,973533c2a8b01b1e82135a20cc38fb3d488f0ac6307666221822e3391555d2e3,100
local_nabre,ps19_8_10_12_13_14,WORLD,,,generic,,,,"ps19:8,10,12-13,14",(9a) The precepts of the Lord give joy to the heart.,"The decree of the LORD is trustworthy, giving wisdom to the simple.

The statutes of the LORD are true, all of them just;

By them your servant is warned; obeying them brings much reward. Who can detect trespasses? Cleanse me from my inadvertent sins.

Then shall I be blameless, innocent of grave sin.",repo://assets/nabre.db,,6ec535d4068eba43d08fdbd3d59f7e9ee1e3d23a5b6a88cab41f4ad3f274f801,393f7abd219d6bf0ea8dc673e7486fc69459d486da5d2e7e9f91bbba2c08b715,100
local_nabre,ps19_8_9_10_11,WORLD,,,generic,,,,"ps19:8,9,10,11","(John 6:68c) Lord, you have the words of everlasting life.","The decree of the LORD is trustworthy, giving wisdom to the simple.

The command of the LORD is clear, enlightening the eye.

The statutes of the LORD are true, all of them just;

More desirable than gold, than a hoard of purest gold, Sweeter also than honey or drippings from the comb.",repo://assets/nabre.db,,a762fc133414110f4a7cab52cbe1443830a8dd20c6e07a5822ad7589e05b488b,6980b9c9f911b728355b11e0765874963db47c0f03c0b2cbd95410202dd95098,100
local_nabre,ps19_8_9_10_15,WORLD,,,generic,,,,"ps19:8,9,10,15","Your words are spirit, Lord, and they are life.","The decree of the LORD is trustworthy, giving wisdom to the simple.

The command of the LORD is clear, enlightening the eye.

The statutes of the LORD are true, all of them just;

Let the words of my mouth be acceptable, the thoughts of my heart before you, LORD, my rock and my redeemer.",repo://assets/nabre.db,,e800a0fe6ea0820d37aac08f310766637249bf8bec0c751655c5a6d96b8006a4,a62bdee32a8d383f0e0c32d410088e28bb36bb03a6fe6217bd28056cc1c16779,100
local_nabre,ps1_1_2_3_4_6,WORLD,,,generic,,,,"ps1:1-2,3,4+6","Those who follow you, Lord,","First Book—Psalms 1–41 Psalm 1 True Happiness in God’s Law I - Blessed is the man who does not walk in the counsel of the wicked, Nor stand in the way of sinners, nor sit in company with scoffers. Rather, the law of the LORD is his joy; and on his law he meditates day and night.

He is like a tree planted near streams of water, that yields its fruit in season; Its leaves never wither; whatever he does prospers.

But not so are the wicked, not so! They are like chaff driven by the wind. Because the LORD knows the way of the just, but the way of the wicked leads to ruin.",repo://assets/nabre.db,,8aad8c1988f0758bb1f150adae0e4d08e766cb819dd4214e875fc2e6c698298d,a300879e0fd2132193b03543ddb8f63a87bed6062494f59aee9bb299ab59eb24,100
local_nabre,ps1_1_2_3_4and6,WORLD,,,generic,,,,"ps1:1-2,3,4and6",(40:5a) Blessed are they who hope in the Lord.,"First Book—Psalms 1–41 Psalm 1 True Happiness in God’s Law I - Blessed is the man who does not walk in the counsel of the wicked, Nor stand in the way of sinners, nor sit in company with scoffers. Rather, the law of the LORD is his joy; and on his law he meditates day and night.

He is like a tree planted near streams of water, that yields its fruit in season; Its leaves never wither; whatever he does prospers.

But not so are the wicked, not so! They are like chaff driven by the wind.",repo://assets/nabre.db,,86d0486cb7bd43a0dbabc08fb4531dfcce1580f002887e979a98336986dd117e,95cf367c4b243dacd36044a4393467b4fb9d70a9d8abdfd456d51f62b63e019c,100
local_nabre,ps21_1_2_3_4_5_6,WORLD,,,generic,,,,"ps21:1-2,3-4,5-6","Lord, your strength gives joy to the king.","Psalm 21 Thanksgiving and Assurances for the King - For the leader. A psalm of David. I - LORD, the king finds joy in your power; in your victory how greatly he rejoices!

You have granted him his heart’s desire; you did not refuse the request of his lips. Selah For you welcomed him with goodly blessings; you placed on his head a crown of pure gold.

He asked life of you; you gave it to him, length of days forever. Great is his glory in your victory; majesty and splendor you confer upon him.",repo://assets/nabre.db,,6c9a7414a3597d81af55654446c5cf9a670aa409bcf486f1954d7d25b9509cc1,2b97b39683b9a3916705d0b3d3102e6919c174456a85c47b87f630e9fa63cdbf,100
local_nabre,ps22_25b_26_27_28_29_30_31,WORLD,,,generic,,,,"ps22:25b-26,27,28-29,30-31","I will praise you, Lord, in the assembly of your people.","For he has not spurned or disdained the misery of this poor wretch, Did not turn away from me, but heard me when I cried out. I will offer praise in the great assembly; my vows I will fulfill before those who fear him.

May your hearts enjoy life forever!”

All the ends of the earth will remember and turn to the LORD; All the families of nations will bow low before him. For kingship belongs to the LORD, the ruler over the nations.

All who sleep in the earth will bow low before God; All who have gone down into the dust will kneel in homage. And I will live for the LORD; my descendants will serve you.",repo://assets/nabre.db,,bd1b3ffdd3ed5366dd4243abc633fdaf1276bd193002e1801056b9e6ca70f76b,c666f45a0d0bcb8b434af1105fa57129815acfd42e53d66288880b2481096985,100
local_nabre,ps22_25b_26_27_29_30_31,WORLD,,,generic,,,,"ps22:25b-26,27+29,30-31","They will praise you, Lord, who long for you.","For he has not spurned or disdained the misery of this poor wretch, Did not turn away from me, but heard me when I cried out. I will offer praise in the great assembly; my vows I will fulfill before those who fear him.

May your hearts enjoy life forever!” For kingship belongs to the LORD, the ruler over the nations.

All who sleep in the earth will bow low before God; All who have gone down into the dust will kneel in homage. And I will live for the LORD; my descendants will serve you.",repo://assets/nabre.db,,709f2fc42647fb1239febf9ee982a110fcc1f58f5f140e7b0e9fe34c786dcec3,6ea32660ab0b17510f5d1a28af33809866ff47e956e0dd1e395178c0da4c4526,100
local_nabre,ps22_26_27_28_30_31_32,WORLD,,,generic,,,,"ps22:26-27,28,30,31-32","(26a) I will praise you, Lord, in the assembly of your people.","I will offer praise in the great assembly; my vows I will fulfill before those who fear him. May your hearts enjoy life forever!”

All the ends of the earth will remember and turn to the LORD; All the families of nations will bow low before him.

All who sleep in the earth will bow low before God; All who have gone down into the dust will kneel in homage.

And I will live for the LORD; my descendants will serve you. The generation to come will be told of the Lord, that they may proclaim to a people yet unborn the deliverance you have brought.",repo://assets/nabre.db,,3c16c4644e5176a1598e38f032a9c93bff8be2017745ff26f206d06017e4e6bf,8e86e83e516761a63dcf14a5654df549c90bb78e268095992c580622cb668849,100
local_nabre,ps22_8_9_17_18a_19_20_23_24,WORLD,,,generic,,,,"ps22:8-9,17-18a,19-20,23-24","My God, my God, why have you forsaken me?","All who see me mock me; they curl their lips and jeer; they shake their heads at me: “He relied on the LORD—let him deliver him; if he loves him, let him rescue him.”

They have pierced my hands and my feet They stare at me and gloat;

they divide my garments among them; for my clothing they cast lots. But you, LORD, do not stay far off; my strength, come quickly to help me.

Then I will proclaim your name to my brethren; in the assembly I will praise you: “You who fear the LORD, give praise! All descendants of Jacob, give honor; show reverence, all descendants of Israel!",repo://assets/nabre.db,,1ffb03f431b72b98985e4deea1c192f585a5e93625bea263896e83329a3c2661,f2dad3654d9c4df24ff03571bd590cb31deb053ae039c7ad59e9ec70388358c8,100
local_nabre,ps23_1_2_2_3_5_6,WORLD,,,generic,,,,"ps23:1-2,2-3,5-6",(1) The Lord is my shepherd; there is nothing I shall want.,"Psalm 23 The Lord, Shepherd and Host - A psalm of David. I - The LORD is my shepherd; there is nothing I lack. In green pastures he makes me lie down; to still waters he leads me;

In green pastures he makes me lie down; to still waters he leads me; he restores my soul. He guides me along right paths for the sake of his name.

You set a table before me in front of my enemies; You anoint my head with oil; my cup overflows. Indeed, goodness and mercy will pursue me all the days of my life; I will dwell in the house of the LORD for endless days.",repo://assets/nabre.db,,50d02be587f6951e13bd838b0107551724544a59ab20a459d7c238676eec469e,c2491230341b26ed5f66a680437cbeb2605c5f96b4d22e8e204928ea7fead662,100
local_nabre,ps23_1_3_3_4_5_6,WORLD,,,generic,,,,"ps23:1-3,3-4,5,6",(1) The Lord is my shepherd; there is nothing I shall want.,"Psalm 23 The Lord, Shepherd and Host - A psalm of David. I - The LORD is my shepherd; there is nothing I lack. In green pastures he makes me lie down; to still waters he leads me; he restores my soul. He guides me along right paths for the sake of his name.

he restores my soul. He guides me along right paths for the sake of his name. Even though I walk through the valley of the shadow of death, I will fear no evil, for you are with me; your rod and your staff comfort me.

You set a table before me in front of my enemies; You anoint my head with oil; my cup overflows.

Indeed, goodness and mercy will pursue me all the days of my life; I will dwell in the house of the LORD for endless days.",repo://assets/nabre.db,,fdf8ae9846cb5f2e8a5acb56d06dcdcb01df4ab5b7b5aa16dd6e2a3befc60fa1,881304d8166009dacd15444ba0fcda8a5541fe1af88ce30fdbf6958f2b8852d0,100
local_nabre,ps23_1_3a_3b_4_5_6,WORLD,,,generic,,,,"ps23:1-3a,3b-4,5,6",(1) The Lord is my shepherd; there is nothing I shall want.,"Psalm 23 The Lord, Shepherd and Host - A psalm of David. I - The LORD is my shepherd; there is nothing I lack. In green pastures he makes me lie down; to still waters he leads me; he restores my soul. He guides me along right paths for the sake of his name.

he restores my soul. He guides me along right paths for the sake of his name. Even though I walk through the valley of the shadow of death, I will fear no evil, for you are with me; your rod and your staff comfort me.

You set a table before me in front of my enemies; You anoint my head with oil; my cup overflows.

Indeed, goodness and mercy will pursue me all the days of my life; I will dwell in the house of the LORD for endless days.",repo://assets/nabre.db,,fdf8ae9846cb5f2e8a5acb56d06dcdcb01df4ab5b7b5aa16dd6e2a3befc60fa1,881304d8166009dacd15444ba0fcda8a5541fe1af88ce30fdbf6958f2b8852d0,100
local_nabre,ps24_1_2_3_4_5_6,WORLD,,,generic,,,,"ps24:1-2,3-4,5-6",(7c and 10b) Let the Lord enter; he is king of glory.,"Psalm 24 The Glory of God in Procession to Zion - A psalm of David. I - The earth is the LORD’s and all it holds, the world and those who dwell in it. For he founded it on the seas, established it over the rivers.

Who may go up the mountain of the LORD? Who can stand in his holy place? “The clean of hand and pure of heart, who has not given his soul to useless things, what is vain.

He will receive blessings from the LORD, and justice from his saving God. Such is the generation that seeks him, that seeks the face of the God of Jacob.” Selah",repo://assets/nabre.db,,e3ff611204562d7a70f32da07f05ba700fcd3b7bd518abcdd64bac8167f9ebad,95c49dca8a370252196d1c6f87b873776e2af48922c63cead77d79eb61586eab,100
local_nabre,ps24_1_2_3_4ab_5_6,WORLD,,,generic,,,,"ps24:1-2,3-4ab,5-6",Let the Lord enter; he is king of glory.,"Psalm 24 The Glory of God in Procession to Zion - A psalm of David. I - The earth is the LORD’s and all it holds, the world and those who dwell in it. For he founded it on the seas, established it over the rivers.

Who may go up the mountain of the LORD? Who can stand in his holy place? “The clean of hand and pure of heart, who has not given his soul to useless things, what is vain.

He will receive blessings from the LORD, and justice from his saving God. Such is the generation that seeks him, that seeks the face of the God of Jacob.” Selah",repo://assets/nabre.db,,8405a97fb5647147982be8fbc9cd19a8eca42fbaa2bb72aeab4fee286ae8b29a,7c7e9ef4c2039b8c7550c91aaae7c992f03e2798fddd6286cb0b817093fadea2,100
local_nabre,ps24_1bc_2_3_4ab_5_6,WORLD,,,generic,,,,"ps24:1bc-2,3-4ab,5-6","(see 6) Lord, this is the people that longs to see your face.","Psalm 24 The Glory of God in Procession to Zion - A psalm of David. I - The earth is the LORD’s and all it holds, the world and those who dwell in it. For he founded it on the seas, established it over the rivers.

Who may go up the mountain of the LORD? Who can stand in his holy place? “The clean of hand and pure of heart, who has not given his soul to useless things, what is vain.

He will receive blessings from the LORD, and justice from his saving God. Such is the generation that seeks him, that seeks the face of the God of Jacob.” Selah",repo://assets/nabre.db,,c94b704c7d4bf0dccd002ae249ca007160248031831a4d796da0e66e1bf972e1,2f6c199198aef9731343fa59ed03a04e40a979c2d75cd0283ca930b267679038,100
local_nabre,ps24_7_8_9_10,WORLD,,,generic,,,,"ps24:7,8,9,10",Who is this king of glory?,"Lift up your heads, O gates; be lifted, you ancient portals, that the king of glory may enter.

Who is this king of glory? The LORD, strong and mighty, the LORD, mighty in war.

Lift up your heads, O gates; rise up, you ancient portals, that the king of glory may enter.

Who is this king of glory? The LORD of hosts, he is the king of glory. Selah",repo://assets/nabre.db,,2a0bd596132e01c09c00fd9d01099a9b9bf23762102d37ffd99ccbc759c5ef19,8709c2324b93d3fb0bbdb99b8100bba60cb1a3fedaaed506ef8755e77b276636,100
local_nabre,ps25_2_3_4_5ab_6_7bc_8_9,WORLD,,,generic,,,,"ps25:2-3,4-5ab,6-7bc,8-9","To you, O Lord, I lift my soul.","my God, in you I trust; do not let me be disgraced; do not let my enemies gloat over me. No one is disgraced who waits for you, but only those who are treacherous without cause.

Make known to me your ways, LORD; teach me your paths. Guide me by your fidelity and teach me, for you are God my savior, for you I wait all the day long.

Remember your compassion and your mercy, O LORD, for they are ages old. Remember no more the sins of my youth; remember me according to your mercy, because of your goodness, LORD.

Good and upright is the LORD, therefore he shows sinners the way, He guides the humble in righteousness, and teaches the humble his way.",repo://assets/nabre.db,,cf013b13b4ddd434c3b3941d5b201f4fa8fbc348d2612e7550c9d100a97ac74a,69cdc16d83a9e3cb251a221dc6734e4f509cd012ca08355516bd05ef08420616,100
local_nabre,ps25_4_5_6_7_8_9,WORLD,,,generic,,,,"ps25:4-5,6-7,8-9","Your ways, O Lord, are love and truth to those who keep","Make known to me your ways, LORD; teach me your paths. Guide me by your fidelity and teach me, for you are God my savior, for you I wait all the day long.

Remember your compassion and your mercy, O LORD, for they are ages old. Remember no more the sins of my youth; remember me according to your mercy, because of your goodness, LORD.

Good and upright is the LORD, therefore he shows sinners the way, He guides the humble in righteousness, and teaches the humble his way.",repo://assets/nabre.db,,e964a855865e579b7f15630de05cd4c0730a55e633419b5cf1a19cf8760e2e5c,64c2de2462afea9f8295c9c3b231302f7ec0204aa366aca79ffc3db240379204,100
local_nabre,ps25_4_5_8_9_10_14,WORLD,,,generic,,,,"ps25:4-5,8-9,10,14","(1b) To you, O Lord, I lift my soul.","Make known to me your ways, LORD; teach me your paths. Guide me by your fidelity and teach me, for you are God my savior, for you I wait all the day long.

Good and upright is the LORD, therefore he shows sinners the way, He guides the humble in righteousness, and teaches the humble his way.

All the paths of the LORD are mercy and truth toward those who honor his covenant and decrees.

The counsel of the LORD belongs to those who fear him; and his covenant instructs them.",repo://assets/nabre.db,,492e7cdde74e62e3a2a2c82c57862542de03589aea4a626134336470e88f8119,b65ebe6a99731f8aaccb4873ec28d786e59b652e4bbe8b741deb4cb8ee8aa414,100
local_nabre,ps25_4_5a_6_7_8_9,WORLD,,,generic,,,,"ps25:4-5a,6-7,8-9","Remember your mercies, O Lord.","Make known to me your ways, LORD; teach me your paths. Guide me by your fidelity and teach me, for you are God my savior, for you I wait all the day long.

Remember your compassion and your mercy, O LORD, for they are ages old. Remember no more the sins of my youth; remember me according to your mercy, because of your goodness, LORD.

Good and upright is the LORD, therefore he shows sinners the way, He guides the humble in righteousness, and teaches the humble his way.",repo://assets/nabre.db,,bfebea14dc8ab993302ba7345a6bc0085482b6255f0e69903de1f77be2d28ba2,07eade112c6c3e4757d2a1fea83231cda5c428b02e4abe4cdae711d1f170c464,100
local_nabre,ps25_4bc_5ab_6_7bc_8_9,WORLD,,,generic,,,,"ps25:4bc-5ab,6-7bc,8-9","Teach me your ways, O Lord.","Make known to me your ways, LORD; teach me your paths. Guide me by your fidelity and teach me, for you are God my savior, for you I wait all the day long.

Remember your compassion and your mercy, O LORD, for they are ages old. Remember no more the sins of my youth; remember me according to your mercy, because of your goodness, LORD.

Good and upright is the LORD, therefore he shows sinners the way, He guides the humble in righteousness, and teaches the humble his way.",repo://assets/nabre.db,,63d2da1e12d31f16633eeddba72664211e6568a6ea7a337544e1aff7ea4b4454,74ec00491472002c3f26ff379db0df2c9fe4d454d98838b12f13ed170e1ac29d,100
local_nabre,ps25_4bc_5ab_8_9_10_14,WORLD,,,generic,,,,"ps25:4bc-5ab,8-9,10+14",Lift up your heads and see;,"Make known to me your ways, LORD; teach me your paths. Guide me by your fidelity and teach me, for you are God my savior, for you I wait all the day long.

Good and upright is the LORD, therefore he shows sinners the way, He guides the humble in righteousness, and teaches the humble his way.

All the paths of the LORD are mercy and truth toward those who honor his covenant and decrees. The counsel of the LORD belongs to those who fear him; and his covenant instructs them.",repo://assets/nabre.db,,68ac695aae1143ae30e4702bfc581603b9cb8fe5178d5dbbc161f4578c3f8383,ada4d627dd1d59f1eb5121afd8d3f5453d6752e44a7955a4e9c7646e536b8393,100
local_nabre,ps26_2_3_9_10_11_12,WORLD,,,generic,,,,"ps26:2-3,9-10,11-12","O Lord, your kindness is before my eyes.","Examine me, Lord, and test me; search my heart and mind. Your mercy is before my eyes; I walk guided by your faithfulness.

Do not take me away with sinners, nor my life with the men of blood, In whose hands there is a plot, their right hands full of bribery.

But I walk in my integrity; redeem me, be gracious to me! My foot stands on level ground; in assemblies I will bless the LORD.",repo://assets/nabre.db,,8e3933ee433ed9b9e94369032ad649591d1dca66d5b18b7a616f480b25137d29,56a448579819d687a8744740e45f6db81970d1362d5a4b8815dc3d5256ed46c7,100
local_nabre,ps27_1_2_3_13_14,WORLD,,,generic,,,,"ps27:1,2,3,13-14",The Lord is my light and my salvation.,"Psalm 27 Trust in God - Of David. A - IThe LORD is my light and my salvation; whom should I fear? The LORD is my life’s refuge; of whom should I be afraid?

When evildoers come at me to devour my flesh, These my enemies and foes themselves stumble and fall.

Though an army encamp against me, my heart does not fear; Though war be waged against me, even then do I trust.

I believe I shall see the LORD’s goodness in the land of the living. Wait for the LORD, take courage; be stouthearted, wait for the LORD!",repo://assets/nabre.db,,00a1eb57795bb43dc1ef35745bd67622d92b8310b53979a26d7585c67699d3fe,8c2d4f2a0429a3e598777efe7919a55d215ffa8e611e3e9d12edbeef46b98ac2,100
local_nabre,ps27_1_3_5_8b_9abc,WORLD,,,generic,,,,"ps27:1,3,5,8b-9abc",The Lord is my light and my salvation.,"Psalm 27 Trust in God - Of David. A - IThe LORD is my light and my salvation; whom should I fear? The LORD is my life’s refuge; of whom should I be afraid?

Though an army encamp against me, my heart does not fear; Though war be waged against me, even then do I trust.

For God will hide me in his shelter in time of trouble, He will conceal me in the cover of his tent; and set me high upon a rock.

“Come,” says my heart, “seek his face”; your face, LORD, do I seek! You are my salvation; do not cast me off; do not forsake me, God my savior!",repo://assets/nabre.db,,e0921748ebd80d5ff66ad13321d59b07bcc2fd1f0a96a4eaaad0f5019b1a8d6d,80714904d260cffbd86ad5e3dd35ed9ee38129a49fb2af4f13c1c3f08fe079cd,100
local_nabre,ps27_1_4_13_14,WORLD,,,generic,,,,"ps27:1,4,13-14",(1a) The Lord is my light and my salvation.,"Psalm 27 Trust in God - Of David. A - IThe LORD is my light and my salvation; whom should I fear? The LORD is my life’s refuge; of whom should I be afraid?

II One thing I ask of the LORD; this I seek: To dwell in the LORD’s house all the days of my life, To gaze on the LORD’s beauty, to visit his temple.

I believe I shall see the LORD’s goodness in the land of the living. Wait for the LORD, take courage; be stouthearted, wait for the LORD!",repo://assets/nabre.db,,81dd3560561fbbe7c878aae6fa9f5f94e497b890b9effc6a39ab23562c23f6ff,30647366aa30758e9487ec80043ac12c455b1b0ea37e31ff9f3316ba2a4efe10,100
local_nabre,ps27_1_4_7_8,WORLD,,,generic,,,,"ps27:1,4,7-8",(13) I believe that I shall see the good things of the Lord in the land,"Psalm 27 Trust in God - Of David. A - IThe LORD is my light and my salvation; whom should I fear? The LORD is my life’s refuge; of whom should I be afraid?

II One thing I ask of the LORD; this I seek: To dwell in the LORD’s house all the days of my life, To gaze on the LORD’s beauty, to visit his temple.

B - I Hear my voice, LORD, when I call; have mercy on me and answer me. “Come,” says my heart, “seek his face”; your face, LORD, do I seek!",repo://assets/nabre.db,,3de43eeab7e0dc83c13f30949ec5aca321e8350f1cebdfd6af58629661319608,cd3d3f80e8c68e28efcd6ba407278ea12aa19f04c65c1b00032a37ead15c1ef9,100
local_nabre,ps27_1_7_8_8_9_13_14,WORLD,,,generic,,,,"ps27:1,7-8,8-9,13-14",(1a) The Lord is my light and my salvation.,"Psalm 27 Trust in God - Of David. A - IThe LORD is my light and my salvation; whom should I fear? The LORD is my life’s refuge; of whom should I be afraid?

B - I Hear my voice, LORD, when I call; have mercy on me and answer me. “Come,” says my heart, “seek his face”; your face, LORD, do I seek!

“Come,” says my heart, “seek his face”; your face, LORD, do I seek! You are my salvation; do not cast me off; do not forsake me, God my savior!

I believe I shall see the LORD’s goodness in the land of the living. Wait for the LORD, take courage; be stouthearted, wait for the LORD!",repo://assets/nabre.db,,8a3d0aa98e4169597816a8054baa7484f3a6b4a61dd3ae8bd0531fc04862bb38,a548292fa7ce967d64457b877a33697d3ccad06c29e45a1a3b6cd3d50c2a7b49,100
local_nabre,ps27_1_7_8_9_13_14,WORLD,,,generic,,,,"ps27:1,7-8,9,13-14",The Lord is my light and my salvation.,"Psalm 27 Trust in God - Of David. A - IThe LORD is my light and my salvation; whom should I fear? The LORD is my life’s refuge; of whom should I be afraid?

B - I Hear my voice, LORD, when I call; have mercy on me and answer me. “Come,” says my heart, “seek his face”; your face, LORD, do I seek!

You are my salvation; do not cast me off; do not forsake me, God my savior!

I believe I shall see the LORD’s goodness in the land of the living. Wait for the LORD, take courage; be stouthearted, wait for the LORD!",repo://assets/nabre.db,,ca67b63025a730211ee4f724d8ab4c13137e8ef83663b659de202e68f769ff7c,f6b3559bad89e7c6f841b9a9fcc7e980942ec4547630ce0279cce5ade2688f24,100
local_nabre,ps27_7_8a_8b_9abc_13_14,WORLD,,,generic,,,,"ps27:7-8a,8b-9abc,13-14","I long to see your face, O Lord.","B - I Hear my voice, LORD, when I call; have mercy on me and answer me. “Come,” says my heart, “seek his face”; your face, LORD, do I seek!

“Come,” says my heart, “seek his face”; your face, LORD, do I seek! You are my salvation; do not cast me off; do not forsake me, God my savior!

I believe I shall see the LORD’s goodness in the land of the living. Wait for the LORD, take courage; be stouthearted, wait for the LORD!",repo://assets/nabre.db,,2ecb29486a17dffd386a45e6bb32b329040d2f825e92a12f5007ee24318ac973,0c0aec9c3b5786e63f0865f2dfaddb71afe78326d616963e7101bf10d76a90a6,100
local_nabre,ps28_2_7_8_9,WORLD,,,generic,,,,"ps28:2,7,8-9",Blest be the Lord for he has heard my prayer.,"Hear the sound of my pleading when I cry to you for help when I lift up my hands toward your holy place.

I am helped, so my heart rejoices; with my song I praise him.

LORD, you are a strength for your people, the saving refuge of your anointed. Save your people, bless your inheritance; pasture and carry them forever!",repo://assets/nabre.db,,daa22e8f523105d8e7f7b099694369174aafe93f12d15caf3b98b1abfcf77a36,20fec59daa51e9323798564e59855c9260503658a20e55fb8fff02b7bd53c3e4,100
local_nabre,ps29_1_2_3_4_3_9_10,WORLD,,,generic,,,,"ps29:1-2,3-4,3,9-10",(11b) The Lord will bless his people with peace.,"Psalm 29 The Lord of Majesty Acclaimed as King of the World - A psalm of David. I - Give to the LORD, you sons of God, give to the LORD glory and might; Bow down before the LORD’s holy splendor!

The voice of the LORD is over the waters; the God of glory thunders, the LORD, over the mighty waters. The voice of the LORD is power; the voice of the LORD is splendor.

The voice of the LORD is over the waters; the God of glory thunders, the LORD, over the mighty waters.

All in his Temple say, “Glory!” The LORD sits enthroned above the flood! The LORD reigns as king forever!",repo://assets/nabre.db,,dd626a7472fea8cc74b35a737b4e77413063dbe23ef8c0c5b9ae751b03515124,5f5523f11b79f74a42ff1dfdbd541327059133a16a8182db864ffcf8822be753,100
local_nabre,ps29_1a_2_3ac_4_3b_9b_10,WORLD,,,generic,,,,"ps29:1a+2,3ac+4,3b+9b-10",The Lord will bless his people with peace.,"Psalm 29 The Lord of Majesty Acclaimed as King of the World - A psalm of David. I - Give to the LORD, you sons of God, give to the LORD glory and might; Bow down before the LORD’s holy splendor!

The voice of the LORD is over the waters; the God of glory thunders, the LORD, over the mighty waters. The voice of the LORD is power; the voice of the LORD is splendor.

The voice of the LORD is over the waters; the God of glory thunders, the LORD, over the mighty waters. All in his Temple say, “Glory!” The LORD sits enthroned above the flood! The LORD reigns as king forever!",repo://assets/nabre.db,,c9d55e8a9fa704afd6226f4772719c78dd88bbee1df7745eea7944555b5ca2f5,83784978020accf115b93b68435ecfe296be068ca8c4caefee045b5962f9c5cb,100
local_nabre,ps2_1_3_4_6_7_9,WORLD,,,generic,,,,"ps2:1-3,4-6,7-9",Happy are all who put their trust in the Lord.,"Psalm 2 A Psalm for a Royal Coronation - Why do the nations protest and the peoples conspire in vain? Kings on earth rise up and princes plot together against the LORD and against his anointed one: “Let us break their shackles and cast off their chains from us!”

The one enthroned in heaven laughs; the Lord derides them, Then he speaks to them in his anger, in his wrath he terrifies them: “I myself have installed my king on Zion, my holy mountain.”

I will proclaim the decree of the LORD, he said to me, “You are my son; today I have begotten you. Ask it of me, and I will give you the nations as your inheritance, and, as your possession, the ends of the earth. With an iron rod you will shepherd them, like a potter’s vessel you will shatter them.”",repo://assets/nabre.db,,440a2871bf596814f9335c47e6dc94a62bff09a11e8a5dae2416c70f76195d25,4140da31344d25cbe79ccaddac92a130560b1476b252da5076a77b1249c80b3e,100
local_nabre,ps2_6_7_8_9_10_11,WORLD,,,generic,,,,"ps2:6-7,8-9,10-11",You are my Son; this day I have begotten you.,"“I myself have installed my king on Zion, my holy mountain.” I will proclaim the decree of the LORD, he said to me, “You are my son; today I have begotten you.

Ask it of me, and I will give you the nations as your inheritance, and, as your possession, the ends of the earth. With an iron rod you will shepherd them, like a potter’s vessel you will shatter them.”

And now, kings, give heed; take warning, judges on earth. Blessed are all who take refuge in him!",repo://assets/nabre.db,,e92e9cdd12e1ddacea680b49447e5380b9d403ce95a172a801db4c715e194e92,05d6943fafbff5f383c69c15495cbfedf1102e564face5e2d1bc02b6c27883b8,100
local_nabre,ps2_7_8_10_11,WORLD,,,generic,,,,"ps2:7-8,10-11",I will give you all the nations for your heritage.,"I will proclaim the decree of the LORD, he said to me, “You are my son; today I have begotten you. Ask it of me, and I will give you the nations as your inheritance, and, as your possession, the ends of the earth.

And now, kings, give heed; take warning, judges on earth. Blessed are all who take refuge in him!",repo://assets/nabre.db,,4255071ce7e91aa013407d510f1db8dbd38bf6ce2f8ca152626d91760e4ebc26,d1477b8e36ce8b44b21400afde2f9c17232277343033f32e66c7eee313d105fa,100
local_nabre,ps30_1_3_4_5_10_11a_12b,WORLD,,,generic,,,,"ps30:1+3,4-5,10+11a+12b","I will praise you, Lord,","Psalm 30 Thanksgiving for Deliverance - A psalm. A song for the dedication of the Temple. Of David. O LORD, my God, I cried out to you for help and you healed me.

LORD, you brought my soul up from Sheol; you let me live, from going down to the pit. Sing praise to the LORD, you faithful; give thanks to his holy memory.

“What gain is there from my lifeblood, from my going down to the grave? Does dust give you thanks or declare your faithfulness? Hear, O LORD, have mercy on me; LORD, be my helper.” You changed my mourning into dancing; you took off my sackcloth and clothed me with gladness.",repo://assets/nabre.db,,f8983ee80eaf323b3326a280e2cc2a72879a99f4be08fdc0f0b08f8ca0d1ed82,67811f4c066f7719156088118d27ed5814c56f0440c8452dc1c66b38a04b9b84,100
local_nabre,ps30_1_3_4_5_10_11ac_12,WORLD,,,generic,,,,"ps30:1+3,4-5,10-11ac+12","I will praise you, Lord,","Psalm 30 Thanksgiving for Deliverance - A psalm. A song for the dedication of the Temple. Of David. O LORD, my God, I cried out to you for help and you healed me.

LORD, you brought my soul up from Sheol; you let me live, from going down to the pit. Sing praise to the LORD, you faithful; give thanks to his holy memory.

“What gain is there from my lifeblood, from my going down to the grave? Does dust give you thanks or declare your faithfulness? Hear, O LORD, have mercy on me; LORD, be my helper.” You changed my mourning into dancing; you took off my sackcloth and clothed me with gladness.",repo://assets/nabre.db,,f8983ee80eaf323b3326a280e2cc2a72879a99f4be08fdc0f0b08f8ca0d1ed82,67811f4c066f7719156088118d27ed5814c56f0440c8452dc1c66b38a04b9b84,100
local_nabre,ps30_2_4_5_6_11_12_13,WORLD,,,generic,,,,"ps30:2,4,5-6,11-12,13","(2a) I will praise you, Lord, for you have rescued me.","I - I praise you, LORD, for you raised me up and did not let my enemies rejoice over me.

LORD, you brought my soul up from Sheol; you let me live, from going down to the pit.

Sing praise to the LORD, you faithful; give thanks to his holy memory. At dusk weeping comes for the night; but at dawn there is rejoicing.

Hear, O LORD, have mercy on me; LORD, be my helper.” You changed my mourning into dancing; you took off my sackcloth and clothed me with gladness.

O LORD, my God, forever will I give you thanks.",repo://assets/nabre.db,,25f33c6732361fdf19843f155baf85698ef8bde22a8be159811cdb981720940f,e6344b7d2950d5a50caf17c9befb4fbf6405274bfbfb140d5f015e310a0e4a10,100
local_nabre,ps30_2and4_5_6_11_12aand13b,WORLD,,,generic,,,,"ps30:2and4,5-6,11-12aand13b","I will extol you, O Lord, for you have raised me up.","I - I praise you, LORD, for you raised me up and did not let my enemies rejoice over me.

Sing praise to the LORD, you faithful; give thanks to his holy memory. At dusk weeping comes for the night; but at dawn there is rejoicing.

Hear, O LORD, have mercy on me; LORD, be my helper.” You changed my mourning into dancing; you took off my sackcloth and clothed me with gladness.",repo://assets/nabre.db,,556ae49d7da5eb77ba6f8e6245b26205bcbed87524dc5bd1b5bdd888a64f8693,c3a6e825a894d29e60b28a0d05eb1f2b2f93b8dc18ea8bed67228d2a1350e3d2,100
local_nabre,ps31_19_20_21_22_23,WORLD,,,generic,,,,"ps31:19,20,21,22,23","Let your hearts take comfort,","Strike dumb their lying lips, which speak arrogantly against the righteous in contempt and scorn.

You display it for those who trust you, in the sight of the children of Adam.

You conceal them in your tent, away from the strife of tongues.

Blessed be the LORD, marvelously he showed to me his mercy in a fortified city.

Though I had said in my alarm, “I am cut off from your eyes.” Yet you heard my voice, my cry for mercy, when I pleaded with you for help.",repo://assets/nabre.db,,0c50779120916d74d81dc8c48c6e1452bd646c0e24b3619b1cc9e32bc66f34fb,ca145ec8afdf605bbc9ace70911a4882a8400294d85e274fcd3b0ce611937f3c,100
local_nabre,ps31_19_20_23,WORLD,,,generic,,,,"ps31:19,20,23","Let your heart take comfort,","Strike dumb their lying lips, which speak arrogantly against the righteous in contempt and scorn.

You display it for those who trust you, in the sight of the children of Adam.

Though I had said in my alarm, “I am cut off from your eyes.” Yet you heard my voice, my cry for mercy, when I pleaded with you for help.",repo://assets/nabre.db,,ad5ad20bd8f36b349b0191174b906cf3908f7e77582cd708a9808da47541e8e9,cf930b2a019f27eb11271b8f96d0634f6c8a62afdf7682abdc7c50254a5ff117,100
local_nabre,ps31_2_3_3_4_17_25,WORLD,,,generic,,,,"ps31:2-3,3-4,17,25","(3b) Lord, be my rock of safety.","In your righteousness deliver me; incline your ear to me; make haste to rescue me! Be my rock of refuge, a stronghold to save me.

incline your ear to me; make haste to rescue me! Be my rock of refuge, a stronghold to save me. For you are my rock and my fortress; for your name’s sake lead me and guide me.

Let your face shine on your servant; save me in your mercy.

Be strong and take heart, all who hope in the LORD.",repo://assets/nabre.db,,a1390ac348b59e96413cbf7bd489a9cae536fe637cd2febd28b26a282b78232a,5f625ca1e6ac40f232f1b2d1db3beac25a44be877de82d5785b4d264af337812,100
local_nabre,ps31_2_6_12_13_15_16_17_25,WORLD,,,generic,,,,"ps31:2,6,12-13,15-16,17,25",(3) The Lord has done great things for us; we are filled with joy.,"In your righteousness deliver me;

Into your hands I commend my spirit; you will redeem me, LORD, God of truth.

When they see me in public, they quickly shy away. I am forgotten, out of mind like the dead; I am like a worn-out tool.

But I trust in you, LORD; I say, “You are my God.” My destiny is in your hands; rescue me from my enemies, from the hands of my pursuers.

Let your face shine on your servant; save me in your mercy.

Be strong and take heart, all who hope in the LORD.",repo://assets/nabre.db,,5cb6f3e665b7d56e43df22564f1c70782c82ad410a0feaec0aa5139b620bdb4f,19a2fb1b55e12cbe2d2fd37a81056e7483ec394e4f2287917b7acf33a4d263b3,100
local_nabre,ps31_2cd_3_5ab_6b_7a_16_20ab,WORLD,,,generic,,,,"ps31:2cd-3,5ab+6b+7a,16+20ab","Into your hands, O Lord, I entrust my spirit.","In your righteousness deliver me; incline your ear to me; make haste to rescue me! Be my rock of refuge, a stronghold to save me.

Free me from the net they have set for me, for you are my refuge. Into your hands I commend my spirit; you will redeem me, LORD, God of truth. You hate those who serve worthless idols, but I trust in the LORD.

My destiny is in your hands; rescue me from my enemies, from the hands of my pursuers. You display it for those who trust you, in the sight of the children of Adam.",repo://assets/nabre.db,,7c8b9d8b76dbe1a47d6501010141f44b6a5842800b312d969ddc0a53deef1c26,07034d4384bb89b7886cfddbdf15f0720c771b932dc501339a4e9b196a6d5b08,100
local_nabre,ps31_2cd_3ab_5_7ab_15bc_16,WORLD,,,generic,,,,"ps31:2cd-3ab,5+7ab,15bc-16","Into your hands, O Lord, I entrust my spirit.","In your righteousness deliver me; incline your ear to me; make haste to rescue me! Be my rock of refuge, a stronghold to save me.

Free me from the net they have set for me, for you are my refuge. You hate those who serve worthless idols, but I trust in the LORD.

But I trust in you, LORD; I say, “You are my God.” My destiny is in your hands; rescue me from my enemies, from the hands of my pursuers.",repo://assets/nabre.db,,73408ba49ddac83a1265ae235b63b6145efeb4ab805327ac460ca8cc16fb5e49,4453ef78c456861cd67663f3ead28ff6c44e514751ba11b44a748fced297993f,100
local_nabre,ps31_4_5_13_14_15,WORLD,,,generic,,,,"ps31:4-5,13,14-15","Save me, O Lord, in your steadfast love.","For you are my rock and my fortress; for your name’s sake lead me and guide me. Free me from the net they have set for me, for you are my refuge.

I am forgotten, out of mind like the dead; I am like a worn-out tool.

They conspire together against me; they plot to take my life. But I trust in you, LORD; I say, “You are my God.”",repo://assets/nabre.db,,3e8e3c17f4cda1df0bfcf430160d279cfe63f203bb6a868ce4502b6e541c8ec0,549627622e389f331dee00953929c9e228f4b0f12db55153943dbe8302ab3ce4,100
local_nabre,ps32_1_2_5_11,WORLD,,,generic,,,,"ps32:1-2,5,11","(7) I turn to you, Lord, in time of trouble, and you fill me with","Psalm 32 Remission of Sin - Of David. A maskil. I - Blessed is the one whose fault is removed, whose sin is forgiven. Blessed is the man to whom the LORD imputes no guilt, in whose spirit is no deceit.

I said, “I confess my transgression to the LORD,” and you took away the guilt of my sin. Selah

Be glad in the LORD and rejoice, you righteous; exult, all you upright of heart.",repo://assets/nabre.db,,76c56739843a51834d11b680bef1d71bbe2264e1cf6d685856edfbbcb9a539c6,432ccc2ff51bbf840755fef53f900b16c8ec3375f87dc7db54322ea0b5588ea1,100
local_nabre,ps32_1_2_5_6_7,WORLD,,,generic,,,,"ps32:1-2,5,6,7","Lord, forgive the wrong I have done.","Psalm 32 Remission of Sin - Of David. A maskil. I - Blessed is the one whose fault is removed, whose sin is forgiven. Blessed is the man to whom the LORD imputes no guilt, in whose spirit is no deceit.

I said, “I confess my transgression to the LORD,” and you took away the guilt of my sin. Selah

Though flood waters threaten, they will never reach him.

Selah",repo://assets/nabre.db,,ce8319d18f5940ae2397956193394cad0563662c7e77b8596212101585c835b3,49f294d82aeff6b7770f4d9869de3c29e55e1e3c202431a4b98396e7ff30d69f,100
local_nabre,ps32_1_2_5_7_11,WORLD,,,generic,,,,"ps32:1-2,5,7,11","Lord, forgive the wrong I have done.","Psalm 32 Remission of Sin - Of David. A maskil. I - Blessed is the one whose fault is removed, whose sin is forgiven. Blessed is the man to whom the LORD imputes no guilt, in whose spirit is no deceit.

I said, “I confess my transgression to the LORD,” and you took away the guilt of my sin. Selah

Selah

Be glad in the LORD and rejoice, you righteous; exult, all you upright of heart.",repo://assets/nabre.db,,87354a5f4f30908873658f80ab4c5c3ad0312431c9ab4dae4c127ce171892d1c,98a0dc0ff06412e5864a1def767593b0fd78742a0b291d0c8f641fa259928823,100
local_nabre,ps32_1_2_5_7b_11,WORLD,,,generic,,,,"ps32:1-2,5,7b+11","I turn to you, Lord, in time of trouble,","Psalm 32 Remission of Sin - Of David. A maskil. I - Blessed is the one whose fault is removed, whose sin is forgiven. Blessed is the man to whom the LORD imputes no guilt, in whose spirit is no deceit.

I said, “I confess my transgression to the LORD,” and you took away the guilt of my sin. Selah

Selah Be glad in the LORD and rejoice, you righteous; exult, all you upright of heart.",repo://assets/nabre.db,,6e07c34bea1444e8ea00aaf91d81ea32501d28e024762c7fbc1eac5e5da9a6d2,c617b688566b2df1a59c44a96a3796a0e4f2b55b4aa743592869af67bc6052cd,100
local_nabre,ps33_10_11_12_13_14_15,WORLD,,,generic,,,,"ps33:10-11,12-13,14-15",Happy the people the Lord has chosen to be his own.,"The LORD foils the plan of nations, frustrates the designs of peoples. But the plan of the LORD stands forever, the designs of his heart through all generations.

Blessed is the nation whose God is the LORD, the people chosen as his inheritance. From heaven the LORD looks down and observes the children of Adam,

From his dwelling place he surveys all who dwell on earth. The One who fashioned together their hearts is the One who knows all their works.",repo://assets/nabre.db,,629883d68becd11b3b134f47123dea85b57f05bf6151c17f1ce16d88531b8fee,9238d2b74c2c5b698f27eb0ae1e92a44ede5d66660e495f9081bac347a2ebb38,100
local_nabre,ps33_12_13_14_15_20_21,WORLD,,,generic,,,,"ps33:12-13,14-15,20-21",Happy the people the Lord has chosen to be his own.,"Blessed is the nation whose God is the LORD, the people chosen as his inheritance. From heaven the LORD looks down and observes the children of Adam,

From his dwelling place he surveys all who dwell on earth. The One who fashioned together their hearts is the One who knows all their works.

Our soul waits for the LORD, he is our help and shield. For in him our hearts rejoice; in his holy name we trust.",repo://assets/nabre.db,,853cc49fd9efc6c04d85cf439ef222fe64e18256f8dc9c8fd86e84094f849f4c,ef695f74d4c376b6b7095f2278e8efd0214b7c495e97d2b7cffd7ee3da423aba,100
local_nabre,ps33_12_13_18_19_20_21,WORLD,,,generic,,,,"ps33:12-13,18-19,20-21",Happy the people the Lord has chosen to be his own.,"Blessed is the nation whose God is the LORD, the people chosen as his inheritance. From heaven the LORD looks down and observes the children of Adam,

Behold, the eye of the LORD is upon those who fear him, upon those who count on his mercy, To deliver their soul from death, and to keep them alive through famine.

Our soul waits for the LORD, he is our help and shield. For in him our hearts rejoice; in his holy name we trust.",repo://assets/nabre.db,,4a2c5143d369e2be9e30a81aeee904f7d9b06177b95c7273855577113b8eb453,f67d5491602ce5f5bfe388a6f9bd8601a14ff459bec1499babb8a46177f0bfcf,100
local_nabre,ps33_12_13_18_19_20_22,WORLD,,,generic,,,,"ps33:12-13,18-19,20+22",Happy the people the Lord has chosen to be his own.,"Blessed is the nation whose God is the LORD, the people chosen as his inheritance. From heaven the LORD looks down and observes the children of Adam,

Behold, the eye of the LORD is upon those who fear him, upon those who count on his mercy, To deliver their soul from death, and to keep them alive through famine.

Our soul waits for the LORD, he is our help and shield. May your mercy, LORD, be upon us; as we put our hope in you.",repo://assets/nabre.db,,fc04e780ee0650c92dbfed29b8a3d6b4f8bd0d18b1a3487f2e336363c22d4eb3,ce20995c726d0fd6c2fd4fa34e7d82b1dd9373a626aefb411da3ce3a131e3f74,100
local_nabre,ps33_1_12_18_19_20_22,WORLD,,,generic,,,,"ps33:1,12,18-19,20-22",(12b) Blessed the people the Lord has chosen to be his own.,"Psalm 33 Praise of God’s Power and Providence I - Rejoice, you righteous, in the LORD; praise from the upright is fitting.

Blessed is the nation whose God is the LORD, the people chosen as his inheritance.

Behold, the eye of the LORD is upon those who fear him, upon those who count on his mercy, To deliver their soul from death, and to keep them alive through famine.

Our soul waits for the LORD, he is our help and shield. For in him our hearts rejoice; in his holy name we trust. May your mercy, LORD, be upon us; as we put our hope in you.",repo://assets/nabre.db,,8d6f48aa9538c7575da365e44ded1dd077a7bbad10bcd560974b7df9c711cf9f,8af9cf9f8c27699b94e5532a8b017f5a4ff4656c5962d700d34c9348daa843cc,100
local_nabre,ps33_1_2_4_5_10ab_11,WORLD,,,generic,,,,"ps33:1-2,4-5,10ab+11",The earth is full of the goodness of the Lord.,"Psalm 33 Praise of God’s Power and Providence I - Rejoice, you righteous, in the LORD; praise from the upright is fitting. Give thanks to the LORD on the harp; on the ten-stringed lyre offer praise.

For the LORD’s word is upright; all his works are trustworthy. The earth is full of the mercy of the LORD.

The LORD foils the plan of nations, frustrates the designs of peoples. But the plan of the LORD stands forever, the designs of his heart through all generations.",repo://assets/nabre.db,,1238a4b2d256a71cbbee744a1ab16c1d72d928021ddbaffc0bb5325baf2c5160,93c2832c0484bc605453f127d3ceadcced0db4ed3a3da2dcf511d201ae6735bc,100
local_nabre,ps33_1_2_4_5_11_12_18_19,WORLD,,,generic,,,,"ps33:1-2,4-5,11-12,18-19",The earth is full of the goodness of the Lord.,"Psalm 33 Praise of God’s Power and Providence I - Rejoice, you righteous, in the LORD; praise from the upright is fitting. Give thanks to the LORD on the harp; on the ten-stringed lyre offer praise.

For the LORD’s word is upright; all his works are trustworthy. The earth is full of the mercy of the LORD.

But the plan of the LORD stands forever, the designs of his heart through all generations. Blessed is the nation whose God is the LORD, the people chosen as his inheritance.

Behold, the eye of the LORD is upon those who fear him, upon those who count on his mercy, To deliver their soul from death, and to keep them alive through famine.",repo://assets/nabre.db,,7fbd0b579d4173c6018e457e109f760a24508e73406b306b2f02406daea2deda,f46ff303f2898b5b727c68d6ad14dda7437a2dbbf7e2b70dca914cf7f24d104f,100
local_nabre,ps33_1_2_4_5_12_13,WORLD,,,generic,,,,"ps33:1-2,4-5,12-13",Happy the people the Lord has chosen to be his own.,"Psalm 33 Praise of God’s Power and Providence I - Rejoice, you righteous, in the LORD; praise from the upright is fitting. Give thanks to the LORD on the harp; on the ten-stringed lyre offer praise.

For the LORD’s word is upright; all his works are trustworthy. The earth is full of the mercy of the LORD.

Blessed is the nation whose God is the LORD, the people chosen as his inheritance. From heaven the LORD looks down and observes the children of Adam,",repo://assets/nabre.db,,7de3d32f417e59b3c3f2ea8a59dcf0700b83d24c0c34b413bb7e810bdd598597,3d1bc8292a6857870dc54d00ae0982ed45f9ca77a69b8f03090e6de5efb5512e,100
local_nabre,ps33_1_2_4_5_18_19,WORLD,,,generic,,,,"ps33:1-2,4-5,18-19","(22) Lord, let your mercy be on us, as we place our trust in you.","Psalm 33 Praise of God’s Power and Providence I - Rejoice, you righteous, in the LORD; praise from the upright is fitting. Give thanks to the LORD on the harp; on the ten-stringed lyre offer praise.

For the LORD’s word is upright; all his works are trustworthy. The earth is full of the mercy of the LORD.

Behold, the eye of the LORD is upon those who fear him, upon those who count on his mercy, To deliver their soul from death, and to keep them alive through famine.",repo://assets/nabre.db,,46a2823194f26f5cd8e0bbfcacfd06db8920a5589de6e7664aae10efb0e83de7,ccb461f70618c83da32557ec472c85fbacb6a11f040ad80f3b060445715b223f,100
local_nabre,ps33_2_3_10_11_18_19,WORLD,,,generic,,,,"ps33:2-3,10-11,18-19","Lord, let your mercy be upon us,","Give thanks to the LORD on the harp; on the ten-stringed lyre offer praise. Sing to him a new song; skillfully play with joyful chant.

The LORD foils the plan of nations, frustrates the designs of peoples. But the plan of the LORD stands forever, the designs of his heart through all generations.

Behold, the eye of the LORD is upon those who fear him, upon those who count on his mercy, To deliver their soul from death, and to keep them alive through famine.",repo://assets/nabre.db,,d845f7aeb22b740d9694cbb269f9db8ebd870b2230ea2ecbde9d7e7d87f47876,d0ccef4a94755c9a1f9280ce111a25ea633fa993742dd45c093193cb71ebea82,100
local_nabre,ps33_2_3_11_12_20_21,WORLD,,,generic,,,,"ps33:2-3,11-12,20-21",Cry out with joy to the Lord.++,"Give thanks to the LORD on the harp; on the ten-stringed lyre offer praise. Sing to him a new song; skillfully play with joyful chant.

But the plan of the LORD stands forever, the designs of his heart through all generations. Blessed is the nation whose God is the LORD, the people chosen as his inheritance.

Our soul waits for the LORD, he is our help and shield. For in him our hearts rejoice; in his holy name we trust.",repo://assets/nabre.db,,f49e9a0304bedfafa89ecb756406b90b88d76ca00bfcafeee9614c4bb3716f6d,fb5a85c79f3706d248d57faa85c95267f582d29412da85c2b02dc713020a5372,100
local_nabre,ps33_2_3_43_5_12_22,WORLD,,,generic,,,,"ps33:2-3,43-5,12+22",Happy the people the Lord has chosen to be his own.,"Give thanks to the LORD on the harp; on the ten-stringed lyre offer praise. Sing to him a new song; skillfully play with joyful chant.

Blessed is the nation whose God is the LORD, the people chosen as his inheritance. May your mercy, LORD, be upon us; as we put our hope in you.",repo://assets/nabre.db,,03da3ce524a5a4fa5f0a2f61a0814d79c956c7718913e68d52cadf1139bcf15b,86902cefc7086d60a6428ff4520b45fabe63bc214b9b85b16fa8f84ccbe02467,100
local_nabre,ps33_2_3_4_5_6_7_8_9,WORLD,,,generic,,,,"ps33:2-3,4-5,6-7,8-9",By the word of the Lord the heavens were made.,"Give thanks to the LORD on the harp; on the ten-stringed lyre offer praise. Sing to him a new song; skillfully play with joyful chant.

For the LORD’s word is upright; all his works are trustworthy. The earth is full of the mercy of the LORD.

By the LORD’s word the heavens were made; by the breath of his mouth all their host. He gathered the waters of the sea as a mound; he sets the deep into storage vaults.

Let all the earth fear the LORD; let all who dwell in the world show him reverence. For he spoke, and it came to be, commanded, and it stood in place.",repo://assets/nabre.db,,7ebd2aa4dd0cb6a01abd509bc7e2cb27caf3d7b8e03bd03bdd4aee186a1ae4b4,3656d728c781807e6c726e20e0cd59f42e9216563186026fa1f599f795e30c3f,100
local_nabre,ps33_4_5_18_19_20_22,WORLD,,,generic,,,,"ps33:4-5,18-19,20,22","(22) Lord, let your mercy be on us, as we place our trust in you.","For the LORD’s word is upright; all his works are trustworthy. The earth is full of the mercy of the LORD.

Behold, the eye of the LORD is upon those who fear him, upon those who count on his mercy, To deliver their soul from death, and to keep them alive through famine.

Our soul waits for the LORD, he is our help and shield.

May your mercy, LORD, be upon us; as we put our hope in you.",repo://assets/nabre.db,,b85d5d9f4931921418ec8d9a0ea59412b2cff5b61b1dcfed0bfeb19c9f5f7648,03c5604c59695562bf2d2b31ea896f2011c81ebb99f321afa702e1ba11a73ff5,100
local_nabre,ps33_4_5_6_7_12_13_20and22,WORLD,,,generic,,,,"ps33:4-5,6-7,12-13,20and22",His merciful love fills the earth.,"For the LORD’s word is upright; all his works are trustworthy. The earth is full of the mercy of the LORD.

By the LORD’s word the heavens were made; by the breath of his mouth all their host. He gathered the waters of the sea as a mound; he sets the deep into storage vaults.

Blessed is the nation whose God is the LORD, the people chosen as his inheritance. From heaven the LORD looks down and observes the children of Adam,

Our soul waits for the LORD, he is our help and shield.",repo://assets/nabre.db,,225b9d69e3907c1eb243f258136d9285773db3180dc7de41b3a86098c4720473,822c98033b8d719731112ed5d73a8fe712db53c11570a76a5a0ee5dfd9205adf,100
local_nabre,ps33_4_5_6_9_18_19_20_22,WORLD,,,generic,,,,"ps33:4-5,6,9,18-19,20,22",(12b) Blessed the people the Lord has chosen to be his own.,"For the LORD’s word is upright; all his works are trustworthy. The earth is full of the mercy of the LORD.

By the LORD’s word the heavens were made; by the breath of his mouth all their host.

For he spoke, and it came to be, commanded, and it stood in place.

Behold, the eye of the LORD is upon those who fear him, upon those who count on his mercy, To deliver their soul from death, and to keep them alive through famine.

Our soul waits for the LORD, he is our help and shield.

May your mercy, LORD, be upon us; as we put our hope in you.",repo://assets/nabre.db,,f30a0328311fb3420c0e8e9e7ba742cf16391cbbcaaee9fce91c35f7113de6ba,06ec5c64cbd64615c611aa9c072c765501a008a4277c3dfe2a1eb47d61bee010,100
local_nabre,ps34_16_17_18_19_20_22,WORLD,,,generic,,,,"ps34:16-17,18-19,20+22",The Lord is near to broken hearts.,"The eyes of the LORD are directed toward the righteous and his ears toward their cry. The LORD’s face is against evildoers to wipe out their memory from the earth.

The righteous cry out, the LORD hears and he rescues them from all their afflictions. The LORD is close to the brokenhearted, saves those whose spirit is crushed.

Many are the troubles of the righteous, but the LORD delivers him from them all. Evil will slay the wicked; those who hate the righteous are condemned.",repo://assets/nabre.db,,2d7584a454bba064cc8b180687e81ccafd975c34789b8a37ee83bef82b9b6747,567bd011eca5f0a8e6f414246850447642bbc2178dc119ea7d9b572b7c13d145,100
local_nabre,ps34_1_2_3_4_5_6,WORLD,,,generic,,,,"ps34:1-2,3-4,5-6",From all their afflictions God will deliver the just.,"Psalm 34 Thanksgiving to God Who Delivers the Just - Of David, when he feigned madness before Abimelech, who drove him out and he went away. I - I will bless the LORD at all times; his praise shall be always in my mouth.

My soul will glory in the LORD; let the poor hear and be glad. Magnify the LORD with me; and let us exalt his name together.

I sought the LORD, and he answered me, delivered me from all my fears. Look to him and be radiant, and your faces may not blush for shame.",repo://assets/nabre.db,,886bb0081a5782e14e2aaf81dffe53a7c60a3c9992ae012648f64e69b488cedd,0b689429f7fb0be8ed4fa32d406b6ceee8090adf5c52eaa274da0f68dd229d93,100
local_nabre,ps34_1_2_3_4_5_6_7_8,WORLD,,,generic,,,,"ps34:1-2,3-4,5-6,7-8",The Lord hears the cry of the poor.,"Psalm 34 Thanksgiving to God Who Delivers the Just - Of David, when he feigned madness before Abimelech, who drove him out and he went away. I - I will bless the LORD at all times; his praise shall be always in my mouth.

My soul will glory in the LORD; let the poor hear and be glad. Magnify the LORD with me; and let us exalt his name together.

I sought the LORD, and he answered me, delivered me from all my fears. Look to him and be radiant, and your faces may not blush for shame.

This poor one cried out and the LORD heard, and from all his distress he saved him. The angel of the LORD encamps around those who fear him, and he saves them.",repo://assets/nabre.db,,7902210a3af482b14702dd804e566db0e1be11c5f9655e8bc29d7f3e275f7f94,41d5c7eb2fc709a02f71bcc032fca5d6b4a8d3576384d09aceeede70ca734ae5,100
local_nabre,ps34_1_2_5_6_17_18_19_22,WORLD,,,generic,,,,"ps34:1-2,5-6,17-18,19+22",The Lord hears the cry of the poor.,"Psalm 34 Thanksgiving to God Who Delivers the Just - Of David, when he feigned madness before Abimelech, who drove him out and he went away. I - I will bless the LORD at all times; his praise shall be always in my mouth.

I sought the LORD, and he answered me, delivered me from all my fears. Look to him and be radiant, and your faces may not blush for shame.

The LORD’s face is against evildoers to wipe out their memory from the earth. The righteous cry out, the LORD hears and he rescues them from all their afflictions.

The LORD is close to the brokenhearted, saves those whose spirit is crushed. Evil will slay the wicked; those who hate the righteous are condemned.",repo://assets/nabre.db,,af60a1ccdba8ea8cb88a8afed64c9eea58d93b8a39ac60a6700a7a85a9844203,c6e2460c0a49fd25856d2389fd4a8c8efaf1bf10b160b4f0a95a7c095c819397,100
local_nabre,ps34_1_8_16_17_18_19,WORLD,,,generic,,,,"ps34:1+8,16-17,18-19",The Lord hears the cry of the poor.,"Psalm 34 Thanksgiving to God Who Delivers the Just - Of David, when he feigned madness before Abimelech, who drove him out and he went away. The angel of the LORD encamps around those who fear him, and he saves them.

The eyes of the LORD are directed toward the righteous and his ears toward their cry. The LORD’s face is against evildoers to wipe out their memory from the earth.

The righteous cry out, the LORD hears and he rescues them from all their afflictions. The LORD is close to the brokenhearted, saves those whose spirit is crushed.",repo://assets/nabre.db,,67d1be7347f30b9b1ad4b96ebf398e6fe27afe531a71cf42ca280604eadd4458,b667c420a797dbb164c02ef7edf0b32d8cb49b059ffe7fd9e73dd761a8cdac54,100
local_nabre,ps34_2_3_10_11_12_13_14_15,WORLD,,,generic,,,,"ps34:2-3,10-11,12-13,14-15",(9a) Taste and see the goodness of the Lord.,"I - I will bless the LORD at all times; his praise shall be always in my mouth. My soul will glory in the LORD; let the poor hear and be glad.

Fear the LORD, you his holy ones; nothing is lacking to those who fear him. The rich grow poor and go hungry, but those who seek the LORD lack no good thing.

Come, children, listen to me; I will teach you fear of the LORD. Who is the man who delights in life, who loves to see the good days?

Keep your tongue from evil, your lips from speaking lies. Turn from evil and do good; seek peace and pursue it.",repo://assets/nabre.db,,f5f906a409015c810c8d1555f78da4c7d47510ba081fe458d8cfa099c9212092,aedaea8f13ecfa1a7f349e3838d79b70cd2c6c662519bcc4d33c4c3a0addec9d,100
local_nabre,ps34_2_3_16_17_18_19,WORLD,,,generic,,,,"ps34:2-3,16-17,18-19",I will bless the Lord at all times.,"I - I will bless the LORD at all times; his praise shall be always in my mouth. My soul will glory in the LORD; let the poor hear and be glad.

The eyes of the LORD are directed toward the righteous and his ears toward their cry. The LORD’s face is against evildoers to wipe out their memory from the earth.

The righteous cry out, the LORD hears and he rescues them from all their afflictions. The LORD is close to the brokenhearted, saves those whose spirit is crushed.",repo://assets/nabre.db,,631b797d09eb9ee9d99a202b2d87e80ee410f8ed08a54d8c5fcee12adf0c529f,86a24d7319b2637dddb553f1e87eb64d8f947d8e0a2bad529e45d01c3cc384b4,100
local_nabre,ps34_2_3_16_17_18_19_20_21_22_23,WORLD,,,generic,,,,"ps34:2-3,16-17,18-19,20-21,22-23",(9a) Taste and see the goodness of the Lord.,"I - I will bless the LORD at all times; his praise shall be always in my mouth. My soul will glory in the LORD; let the poor hear and be glad.

The eyes of the LORD are directed toward the righteous and his ears toward their cry. The LORD’s face is against evildoers to wipe out their memory from the earth.

The righteous cry out, the LORD hears and he rescues them from all their afflictions. The LORD is close to the brokenhearted, saves those whose spirit is crushed.

Many are the troubles of the righteous, but the LORD delivers him from them all. He watches over all his bones; not one of them shall be broken.

Evil will slay the wicked; those who hate the righteous are condemned. The LORD is the redeemer of the souls of his servants; and none are condemned who take refuge in him.",repo://assets/nabre.db,,747fd52bf4c140e4ae9ee3639ee37f159c519ece46ccb54bc04cc5cb609f0df6,378e053d54ba8ac03686d2919db5e038f9ee89aa1a5cd4d0d84f71dc996f249d,100
local_nabre,ps34_2_3_16_17_20_21_22_23,WORLD,,,generic,,,,"ps34:2-3,16-17,20-21,22-23",Taste and see that the Lord is good.,"I - I will bless the LORD at all times; his praise shall be always in my mouth. My soul will glory in the LORD; let the poor hear and be glad.

The eyes of the LORD are directed toward the righteous and his ears toward their cry. The LORD’s face is against evildoers to wipe out their memory from the earth.

Many are the troubles of the righteous, but the LORD delivers him from them all. He watches over all his bones; not one of them shall be broken.

Evil will slay the wicked; those who hate the righteous are condemned. The LORD is the redeemer of the souls of his servants; and none are condemned who take refuge in him.",repo://assets/nabre.db,,ccf71a9e3023d5ab26cb923a72ab73c5cd375b0d438fadec905d64aa371a482c,fdab07f23f0be91427b21be60ba50552a94fa8e5650ed073b73d87c752b36b88,100
local_nabre,ps34_2_3_17_18_19_23,WORLD,,,generic,,,,"ps34:2-3,17-18,19,23",(7a) The Lord hears the cry of the poor.,"I - I will bless the LORD at all times; his praise shall be always in my mouth. My soul will glory in the LORD; let the poor hear and be glad.

The LORD’s face is against evildoers to wipe out their memory from the earth. The righteous cry out, the LORD hears and he rescues them from all their afflictions.

The LORD is close to the brokenhearted, saves those whose spirit is crushed.

The LORD is the redeemer of the souls of his servants; and none are condemned who take refuge in him.",repo://assets/nabre.db,,4a8494b71928a1bdd69279506f24fa455a24e7118f97dc00c6a60ae42718afca,312b4fec50f4349fc8e36b63ebe9281c6015619cec808d6e76c3b791ff21fde4,100
local_nabre,ps34_2_3_4_5_6_7,WORLD,,,generic,,,,"ps34:2-3,4-5,6-7",(9a) Taste and see the goodness of the Lord.,"I - I will bless the LORD at all times; his praise shall be always in my mouth. My soul will glory in the LORD; let the poor hear and be glad.

Magnify the LORD with me; and let us exalt his name together. I sought the LORD, and he answered me, delivered me from all my fears.

Look to him and be radiant, and your faces may not blush for shame. This poor one cried out and the LORD heard, and from all his distress he saved him.",repo://assets/nabre.db,,38101bab873046cc74bd7845836604263b5da55513a861b124f89929ae13f31f,4d965e26bd551de858eb8d564e4ac7aa3529acdc750a992de635c5568a7f97f5,100
local_nabre,ps34_2_3_4_5_6_7_8_9,WORLD,,,generic,,,,"ps34:2-3,4-5,6-7,8-9",(9a) Taste and see the goodness of the Lord.,"I - I will bless the LORD at all times; his praise shall be always in my mouth. My soul will glory in the LORD; let the poor hear and be glad.

Magnify the LORD with me; and let us exalt his name together. I sought the LORD, and he answered me, delivered me from all my fears.

Look to him and be radiant, and your faces may not blush for shame. This poor one cried out and the LORD heard, and from all his distress he saved him.

The angel of the LORD encamps around those who fear him, and he saves them. Taste and see that the LORD is good; blessed is the stalwart one who takes refuge in him.",repo://assets/nabre.db,,29995ea728fea06725d8d97417e5c1a8d794d497bf1a974e25ef1e58e0691928,9780623087b5c3d27f65ff272a7b6dcc96ee36c7322443b13c863b85a5737873,100
local_nabre,ps34_3_4_5_6_15_16_17_18,WORLD,,,generic,,,,"ps34:3-4,5-6,15-16,17-18",From all their afflictions God will deliver the just.,"My soul will glory in the LORD; let the poor hear and be glad. Magnify the LORD with me; and let us exalt his name together.

I sought the LORD, and he answered me, delivered me from all my fears. Look to him and be radiant, and your faces may not blush for shame.

Turn from evil and do good; seek peace and pursue it. The eyes of the LORD are directed toward the righteous and his ears toward their cry.

The LORD’s face is against evildoers to wipe out their memory from the earth. The righteous cry out, the LORD hears and he rescues them from all their afflictions.",repo://assets/nabre.db,,c4af1e24a630fb9c7e6055a04e4b994b2508a30662e1d500c3faf7876883944e,811de004fe47383eff4aab742c2b035188be5aa23a07ea9640dab07b82c27ba6,100
local_nabre,ps34_6_7_9_10_11_12,WORLD,,,generic,,,,"ps34:6-7,9-10,11-12",The Lord hears the cry of the poor.,"Look to him and be radiant, and your faces may not blush for shame. This poor one cried out and the LORD heard, and from all his distress he saved him.

Taste and see that the LORD is good; blessed is the stalwart one who takes refuge in him. Fear the LORD, you his holy ones; nothing is lacking to those who fear him.

The rich grow poor and go hungry, but those who seek the LORD lack no good thing. Come, children, listen to me; I will teach you fear of the LORD.",repo://assets/nabre.db,,967cdb175c72a27b7df01519cf93861c8e994ce087bc485f28c6a9e2856161d4,60e63fc9430352ee7cf61b1c715a634d688f8cf5eaf64bd956f9a00c9efd8613,100
local_nabre,ps34_7_8_9_10_11_12,WORLD,,,generic,,,,"ps34:7-8,9-10,11-12",Taste and see the goodness of the Lord.,"This poor one cried out and the LORD heard, and from all his distress he saved him. The angel of the LORD encamps around those who fear him, and he saves them.

Taste and see that the LORD is good; blessed is the stalwart one who takes refuge in him. Fear the LORD, you his holy ones; nothing is lacking to those who fear him.

The rich grow poor and go hungry, but those who seek the LORD lack no good thing. Come, children, listen to me; I will teach you fear of the LORD.",repo://assets/nabre.db,,a778d7d947dfe9509f64d544cb7d408f7170a15ce8c47c5385e811078fb7b4e5,cf17d487dbf386acd1b03c46de1ea1e04669328cf4193b1691078be14cb58477,100
local_nabre,ps36_5_6_7_8_9_10,WORLD,,,generic,,,,"ps36:5-6,7-8,9-10","You are the source of life, O Lord.","On his bed he hatches plots; he sets out on a wicked way; he does not reject evil. LORD, your mercy reaches to heaven; your fidelity, to the clouds.

Your justice is like the highest mountains; your judgments, like the mighty deep; human being and beast you sustain, LORD. How precious is your mercy, O God! The children of Adam take refuge in the shadow of your wings.

They feast on the rich food of your house; from your delightful stream you give them drink. For with you is the fountain of life, and in your light we see light.",repo://assets/nabre.db,,b079af6ab790881a37a3ccbc9a9f4ec3e09b79564ea8f3f7945257863d35aaf9,a8d247aaaf36b5d69df05973ffd1e88b6a887291c6c64b56c9b9fd7bc5ddcea5,100
local_nabre,ps37_3_4_18_19_27_28_39_40,WORLD,,,generic,,,,"ps37:3-4,18-19,27-28,39-40",The salvation of the just comes from the Lord.,"Trust in the LORD and do good that you may dwell in the land and live secure. Find your delight in the LORD who will give you your heart’s desire.

The LORD knows the days of the blameless; their heritage lasts forever. They will not be ashamed when times are bad; in days of famine they will be satisfied.

Turn from evil and do good, that you may be settled forever. When the unjust are destroyed, and the offspring of the wicked cut off,

The salvation of the righteous is from the LORD, their refuge in a time of distress. The LORD helps and rescues them, rescues and saves them from the wicked, because they take refuge in him.",repo://assets/nabre.db,,e11ac96def455295cd844744f0aed61fceaef42443d9de0f7cbe1c541d83610f,6f140b527a4e54665c755c21dc81a2ee2a3081ff53be5bb1ae35684f56c1f0e1,100
local_nabre,ps37_3_4_18_23_27_29,WORLD,,,generic,,,,"ps37:3-4,18+23,27+29",The salvation of the just comes from the Lord.,"Trust in the LORD and do good that you may dwell in the land and live secure. Find your delight in the LORD who will give you your heart’s desire.

The LORD knows the days of the blameless; their heritage lasts forever. The valiant one whose steps are guided by the LORD, who will delight in his way,

Turn from evil and do good, that you may be settled forever. The righteous will inherit the earth and dwell in it forever.",repo://assets/nabre.db,,0f1067244402c981ee42df68c0d90860d60ad3d86bbebfaa60eaad8b6d48c5ef,4460e4966c32d922bb6edd7b05338892fa084ae546441cc0b9ee206a592ee85f,100
local_nabre,ps37_3_4_5_6_23_24_39_40,WORLD,,,generic,,,,"ps37:3-4,5-6,23-24,39-40",The salvation of the just comes from the Lord.,"Trust in the LORD and do good that you may dwell in the land and live secure. Find your delight in the LORD who will give you your heart’s desire.

Commit your way to the LORD; trust in him and he will act And make your righteousness shine like the dawn, your justice like noonday.

The valiant one whose steps are guided by the LORD, who will delight in his way, May stumble, but he will never fall, for the LORD holds his hand.

The salvation of the righteous is from the LORD, their refuge in a time of distress. The LORD helps and rescues them, rescues and saves them from the wicked, because they take refuge in him.",repo://assets/nabre.db,,c24710c5a6ffa557ceb58009e3d3c7be70390f4ef84ee440b942acf3093d3d34,249520cd430dbe70649c92602308ecea60db0ae9c8f595a06b45e1bbb363b2bb,100
local_nabre,ps37_3_4_5_6_27_28_39_40,WORLD,,,generic,,,,"ps37:3-4,5-6,27-28,39-40",The salvation of the just comes from the Lord.,"Trust in the LORD and do good that you may dwell in the land and live secure. Find your delight in the LORD who will give you your heart’s desire.

Commit your way to the LORD; trust in him and he will act And make your righteousness shine like the dawn, your justice like noonday.

Turn from evil and do good, that you may be settled forever. When the unjust are destroyed, and the offspring of the wicked cut off,

The salvation of the righteous is from the LORD, their refuge in a time of distress. The LORD helps and rescues them, rescues and saves them from the wicked, because they take refuge in him.",repo://assets/nabre.db,,d3c4c355702e967f503373163edbc468a1dfe354bae4ba3480ad7df617452904,4e865cf64a3766f2c42e9ca0eeba574c0dc96f725e66632d0d07b4e8d6e9f2d6,100
local_nabre,ps37_3_4_5_6_30_31,WORLD,,,generic,,,,"ps37:3-4,5-6,30-31",The mouths of the just murmur wisdom.,"Trust in the LORD and do good that you may dwell in the land and live secure. Find your delight in the LORD who will give you your heart’s desire.

Commit your way to the LORD; trust in him and he will act And make your righteousness shine like the dawn, your justice like noonday.

The mouth of the righteous utters wisdom; his tongue speaks what is right. God’s teaching is in his heart; his steps do not falter.",repo://assets/nabre.db,,cc8fec02fe295e98157e46ff789a5533ce13d2a9058a84877864238979919c86,a81f4aeee6ac52f1807577e92e5925059c52afc95c09c0b039a33458273119da,100
local_nabre,ps37_5_6_30_31_39_40,WORLD,,,generic,,,,"ps37:5-6,30-31,39-40",The mouths of the just murmur wisdom.,"Commit your way to the LORD; trust in him and he will act And make your righteousness shine like the dawn, your justice like noonday.

The mouth of the righteous utters wisdom; his tongue speaks what is right. God’s teaching is in his heart; his steps do not falter.

The salvation of the righteous is from the LORD, their refuge in a time of distress. The LORD helps and rescues them, rescues and saves them from the wicked, because they take refuge in him.",repo://assets/nabre.db,,e325bf32a97f986cce9be63759819a6ec69be5124edb7bed5d05661e53843aac,aa6e1cd9631c9d14088127a427d8c817e60a2d2fca6a25ec018a585dddb2eb68,100
local_nabre,ps3_1_2_3_4_5_6,WORLD,,,generic,,,,"ps3:1-2,3-4,5-6",The Lord upholds me.,"Psalm 3 Threatened but Trusting - A psalm of David, when he fled from his son Absalom. I - How many are my foes, LORD! How many rise against me!

How many say of me, “There is no salvation for him in God.” Selah But you, LORD, are a shield around me; my glory, you keep my head high.

Selah I lie down and I fall asleep, [and] I will wake up, for the LORD sustains me.",repo://assets/nabre.db,,0fe339d57b6a60ff9f0846d28d394de5ada0d1197150eae609c8b80ebea9cb37,ca29edb6f51b5a4b588ee71bb9b051f07f9ac2fdb6718a148dac879b34699af8,100
local_nabre,ps40_1_3ab_6_7a_9_10,WORLD,,,generic,,,,"ps40:1+3ab,6-7a,9,10","Here am I, Lord; I come to do your will.","Psalm 40 Gratitude and Prayer for Help - For the leader. A psalm of David. Draws me up from the pit of destruction, out of the muddy clay, Sets my feet upon rock, steadies my steps,

You, yes you, O LORD, my God, have done many wondrous deeds! And in your plans for us there is none to equal you. Should I wish to declare or tell them, too many are they to recount. Holocaust and sin-offering you do not request;

I delight to do your will, my God; your law is in my inner being!”

When I sing of your righteousness in a great assembly, See, I do not restrain my lips; as you, LORD, know.",repo://assets/nabre.db,,d8ac18880723df7174a739876fb03d705e03c3f534b4f3f43c90a51c783558ef,2b5b4b31939600fa8e9cb05739915038b31086da359ee5c34fbaf792502cfcad,100
local_nabre,ps40_1_4_6_7a_7b_8_9,WORLD,,,generic,,,,"ps40:1+4,6-7a,7b-8,9","Here am I, Lord, I come to do your will.","Psalm 40 Gratitude and Prayer for Help - For the leader. A psalm of David. Many shall look on in fear and they shall trust in the LORD.

You, yes you, O LORD, my God, have done many wondrous deeds! And in your plans for us there is none to equal you. Should I wish to declare or tell them, too many are they to recount. Holocaust and sin-offering you do not request;

Holocaust and sin-offering you do not request; so I said, “See; I come with an inscribed scroll written upon me.

I delight to do your will, my God; your law is in my inner being!”",repo://assets/nabre.db,,ed8782e9e692caa0860ee56b7f656d9ad45e70c772c2def3f122ba860cad2a17,b2d7cff9ef2d04ef23c3d8c3279bb0da33b00985d8a33c926ce73a88c6336d1c,100
local_nabre,ps40_2_3_4_18,WORLD,,,generic,,,,"ps40:2,3,4,18","(14b) Lord, come to my aid!","A - Surely, I wait for the LORD; who bends down to me and hears my cry,

Draws me up from the pit of destruction, out of the muddy clay, Sets my feet upon rock, steadies my steps,

Many shall look on in fear and they shall trust in the LORD.

You are my help and deliverer; my God, do not delay!",repo://assets/nabre.db,,c958aa1024346c6eaf1a1daa6d324b67a38f25d860234baf66c31e93d5fc0006,8da6a9adffdf5f68ff9e7cf310435d334c3388a406b5e5e96980ae2d138ea459,100
local_nabre,ps40_2_4_7_8_8_9_10,WORLD,,,generic,,,,"ps40:2,4,7-8,8-9,10","(8a and 9a) Here am I, Lord; I come to do your will.","A - Surely, I wait for the LORD; who bends down to me and hears my cry,

Many shall look on in fear and they shall trust in the LORD.

Holocaust and sin-offering you do not request; so I said, “See; I come with an inscribed scroll written upon me.

so I said, “See; I come with an inscribed scroll written upon me. I delight to do your will, my God; your law is in my inner being!”

When I sing of your righteousness in a great assembly, See, I do not restrain my lips; as you, LORD, know.",repo://assets/nabre.db,,cb4e858b3776ab333a81a41d5e237924903cfccd24350c361f49212384c8ad0f,51916d3a0699a5762ebb56e6c98a98552b90fee38133ab3d35d77e044826869c,100
local_nabre,ps40_4_6_7a_7b_8_9,WORLD,,,generic,,,,"ps40:4,6-7a,7b-8,9","Here am I, Lord;","Many shall look on in fear and they shall trust in the LORD.

You, yes you, O LORD, my God, have done many wondrous deeds! And in your plans for us there is none to equal you. Should I wish to declare or tell them, too many are they to recount. Holocaust and sin-offering you do not request;

Holocaust and sin-offering you do not request; so I said, “See; I come with an inscribed scroll written upon me.

I delight to do your will, my God; your law is in my inner being!”",repo://assets/nabre.db,,49c387343d6887d1274363e3cba461935d30c77d406a9969399183f234ec5c7e,49e4e044e6bc8fe389633e942e42cbc7d619e27b081de74e7ac63d3b2eff781f,100
local_nabre,ps40_6_7a_7b_8_9_10ab_16_17c,WORLD,,,generic,,,,"ps40:6-7a,7b-8,9-10ab,16+17c","Here am I, Lord; I come to do your will.","You, yes you, O LORD, my God, have done many wondrous deeds! And in your plans for us there is none to equal you. Should I wish to declare or tell them, too many are they to recount. Holocaust and sin-offering you do not request;

Holocaust and sin-offering you do not request; so I said, “See; I come with an inscribed scroll written upon me.

I delight to do your will, my God; your law is in my inner being!” When I sing of your righteousness in a great assembly, See, I do not restrain my lips; as you, LORD, know.

Let those who say to me “Aha!” Be made desolate on account of their shame. May those who long for your salvation always say, “The LORD is great.”",repo://assets/nabre.db,,2a264bb7e3d3f540bdc250d9962d5fee7f6c67adc97b72c6641544e72cb67094,7173537882fa7ce18cbcb8ad6fb3db50f1e74812100e8118fdaa7146686261cf,100
local_nabre,ps40_6_7a_7b_8_9_16,WORLD,,,generic,,,,"ps40:6-7a,7b-8,9,16",Proclaim the death of the Lord until he comes again.,"You, yes you, O LORD, my God, have done many wondrous deeds! And in your plans for us there is none to equal you. Should I wish to declare or tell them, too many are they to recount. Holocaust and sin-offering you do not request;

Holocaust and sin-offering you do not request; so I said, “See; I come with an inscribed scroll written upon me.

I delight to do your will, my God; your law is in my inner being!”

Let those who say to me “Aha!” Be made desolate on account of their shame.",repo://assets/nabre.db,,8ed2d74606c3c6285a827cd78c3d9c9f7cc4b6b22c8790c83770837ffdfacba6,a404cf9056cda444c1df9153d0bf595b2c7053be5a261f5cd0718e89a2253ee6,100
local_nabre,ps40_7_8a_8b_9_10_11,WORLD,,,generic,,,,"ps40:7-8a,8b-9,10,11",(8) Who is this king of glory? It is the Lord!,"Holocaust and sin-offering you do not request; so I said, “See; I come with an inscribed scroll written upon me.

so I said, “See; I come with an inscribed scroll written upon me. I delight to do your will, my God; your law is in my inner being!”

When I sing of your righteousness in a great assembly, See, I do not restrain my lips; as you, LORD, know.

I do not hide your mercy or faithfulness from a great assembly.",repo://assets/nabre.db,,ca2611cfeabebfea9f03fceed633982b7abc473cf380f4111b49c85261cfb32c,fa5807ddb9ccd96f9a35aba3ac16a8ac5677464a92202a2ad78a96a80cecaca8,100
local_nabre,ps41_2_3_4_5_13_14,WORLD,,,generic,,,,"ps41:2-3,4-5,13-14","(5b) Lord, heal my soul, for I have sinned against you.","I - Blessed the one concerned for the poor; on a day of misfortune, the LORD delivers him. The LORD keeps and preserves him, makes him blessed in the land, and does not betray him to his enemies.

The LORD sustains him on his sickbed, you turn down his bedding whenever he is ill. Even I have said, “LORD, take note of me; heal me, although I have sinned against you.

In my integrity may you support me and let me stand in your presence forever. Amen.",repo://assets/nabre.db,,4e9957a2d30c0a6770cd6034f7c74c9b03566c0f9df4a2436d0cc421f472f911,143a0cccace453d95b65bc7c55d467d0801041ff7a81b95ba756ecb47eae6a04,100
local_nabre,ps42_1_2_3_43_3_4,WORLD,,,generic,,,,"ps42:1-2,3;43,3,4",My soul is thirsting for the living God;,"Second Book—Psalms 42–72 Psalm 42 Longing for God’s Presence in the Temple - For the leader. A maskil of the Korahites. I - As the deer longs for streams of water, so my soul longs for you, O God.

When can I enter and see the face of God?

When can I enter and see the face of God?

My tears have been my bread day and night, as they ask me every day, “Where is your God?”",repo://assets/nabre.db,,82999d97dfe726de008fb16bf4bdb78f8a6cc424c9f6480d1f7f13b648ddc799,a988da32ec3080916e29d2bc8e57dff9671c598cd74c6b25a75f7c1a44fb6302,100
local_nabre,ps42_1_2_3_4b_4cd_5,WORLD,,,generic,,,,"ps42:1-2,3-4b,4cd,5",My soul is thirsting for the living God.,"Second Book—Psalms 42–72 Psalm 42 Longing for God’s Presence in the Temple - For the leader. A maskil of the Korahites. I - As the deer longs for streams of water, so my soul longs for you, O God.

When can I enter and see the face of God? My tears have been my bread day and night, as they ask me every day, “Where is your God?”

My tears have been my bread day and night, as they ask me every day, “Where is your God?”

Those times I recall as I pour out my soul, When I would cross over to the shrine of the Mighty One, to the house of God, Amid loud cries of thanksgiving, with the multitude keeping festival.",repo://assets/nabre.db,,a0b6927e169ec3a4f515d18602f56842d5d728799adc3303e3f5dbc461a85279,27fec6c4e506888bf50f0b40b90cb330c0ee1157c0e0e4e9b891166987b053d1,100
local_nabre,ps42_1_2_43_3_4,WORLD,,,generic,,,,"ps42:1-2;43,3,4",My soul is thirsting for the living God.,"Second Book—Psalms 42–72 Psalm 42 Longing for God’s Presence in the Temple - For the leader. A maskil of the Korahites. I - As the deer longs for streams of water, so my soul longs for you, O God.

When can I enter and see the face of God?

My tears have been my bread day and night, as they ask me every day, “Where is your God?”",repo://assets/nabre.db,,01697777d5f2c460424749cde319fa568e926decf0547976a1658b57a6b6b512,84376dfb95643dd706ab001100ec69f11a1a4a2ab2a88ff560202a2bbf6f6eeb,100
local_nabre,ps42_3_5_43_3_4,WORLD,,,generic,,,,"ps42:3,5;43:3-4","Like the deer that yearns for running streams, so my soul is yearning for you, my God.",When can I enter and see the face of God?,repo://assets/nabre.db,,99e4227fbcbd993a347ce5b024fcaf2a8cd59c8f6ee3ae0618e8fa35dc5677cf,a63992500fad7f4fd67db7a6130d7a0c3357d852215e726ffed8b3ae3341ce5f,100
local_nabre,ps43_1_2_3_4,WORLD,,,generic,,,,"ps43:1,2,3,4","Hope in God, I will praise him,","Grant me justice, O God; defend me from a faithless people; from the deceitful and unjust rescue me.

Why then do you spurn me? Why must I go about mourning, with the enemy oppressing me?

Send your light and your fidelity, that they may be my guide; Let them bring me to your holy mountain, to the place of your dwelling,

Then I will praise you with the harp, O God, my God.",repo://assets/nabre.db,,3fec87b29cb0cd2065ab9de137d314ff4e7fe2436d51d10413c379c5dea4ff43,33081d6340a8e20055cd3640d947543075de83f4f854ba0825e6cba2c808d4bc,100
local_nabre,ps44_9_10_13_14_23_24,WORLD,,,generic,,,,"ps44:9-10,13-14,23-24","Save us Lord, in your mercy.","Selah But now you have rejected and disgraced us; you do not march out with our armies.

You sell your people for nothing; you make no profit from their sale. You make us the reproach of our neighbors, the mockery and scorn of those around us.

For you we are slain all the day long, considered only as sheep to be slaughtered. Awake! Why do you sleep, O Lord? Rise up! Do not reject us forever!",repo://assets/nabre.db,,3f6bdc4ae18d5c122ddc43cb871bac0d8b1cf6b6e01c93e27f091df96865cad5,c1ad28d967f074d7c36a2ef89f7cb4869a514e31af4c0c980d5fbae0f0f37045,100
local_nabre,ps45_10_11_12_16,WORLD,,,generic,,,,"ps45:10,11,12,16","(10bc) The queen stands at your right hand, arrayed in gold.","Daughters of kings are your lovely wives; a princess arrayed in Ophir’s gold comes to stand at your right hand.

Forget your people and your father’s house,

that the king might desire your beauty. He is your lord;

They are led in with glad and joyous acclaim; they enter the palace of the king.",repo://assets/nabre.db,,7be29e79a16a8dc790d1f29498a1bbcec9931cbe2f879e355ed92863c06d45a3,b05f60c2338811c744c2b74b35edab7419ef599381970ab3a5794414821c05af,100
local_nabre,ps45_10_11_13_14_15_16,WORLD,,,generic,,,,"ps45:10-11,13-14,15-16","Listen to me, daughter; see and bend your ear.","Daughters of kings are your lovely wives; a princess arrayed in Ophir’s gold comes to stand at your right hand. Forget your people and your father’s house,

honor him, daughter of Tyre. Then the richest of the people will seek your favor with gifts. All glorious is the king’s daughter as she enters, her raiment threaded with gold;

The maids of her train are presented to the king. They are led in with glad and joyous acclaim; they enter the palace of the king.",repo://assets/nabre.db,,16fbca26b010c9925ff9e76621eea8b72d1963b793303112d67ec9d40e71acab,57be3534e07ebb4554e096c4da202056798edd79bf5be4649228a97cbe374df2,100
local_nabre,ps45_10_11_13b_14_15_16,WORLD,,,generic,,,,"ps45:10-11,13b-14,15-16","Listen to me, daughter; see and bend your ear.","Daughters of kings are your lovely wives; a princess arrayed in Ophir’s gold comes to stand at your right hand. Forget your people and your father’s house,

honor him, daughter of Tyre. Then the richest of the people will seek your favor with gifts. All glorious is the king’s daughter as she enters, her raiment threaded with gold;

The maids of her train are presented to the king. They are led in with glad and joyous acclaim; they enter the palace of the king.",repo://assets/nabre.db,,16fbca26b010c9925ff9e76621eea8b72d1963b793303112d67ec9d40e71acab,57be3534e07ebb4554e096c4da202056798edd79bf5be4649228a97cbe374df2,100
local_nabre,ps45_10_11_13b_14_15_16_mt25_6b,WORLD,,,generic,,,,"ps45:10-11,13b-14,15-16(mt25,6b)",The bridegroom is here; let us go out to meet Christ the Lord.,"Daughters of kings are your lovely wives; a princess arrayed in Ophir’s gold comes to stand at your right hand. Forget your people and your father’s house,

honor him, daughter of Tyre. Then the richest of the people will seek your favor with gifts. All glorious is the king’s daughter as she enters, her raiment threaded with gold;

The maids of her train are presented to the king. They are led in with glad and joyous acclaim; they enter the palace of the king.

Your arrows are sharp; peoples will cower at your feet; the king’s enemies will lose heart.",repo://assets/nabre.db,,bc283cbc34a8f269be8fb3fbd65f6929a80db896586ed74dcc408844fdcabab3,023a4e140b283c59c5c8168092f1cfb20e91b10991884bc6a57668e903bbcb85,100
local_nabre,ps45_9_10_11a_12c_14_15_17,WORLD,,,generic,,,,"ps45:9-10,11a+12c+14,15+17","The queen stands at your right hand, arrayed in gold.","From ivory-paneled palaces stringed instruments bring you joy. Daughters of kings are your lovely wives; a princess arrayed in Ophir’s gold comes to stand at your right hand.

Forget your people and your father’s house, that the king might desire your beauty. He is your lord; All glorious is the king’s daughter as she enters, her raiment threaded with gold;

The maids of her train are presented to the king. The throne of your fathers your sons will have; you shall make them princes through all the land.",repo://assets/nabre.db,,d46fa64bf25a510e370e198b0104dc9f1c8b9ccc44592ca7eaecaf091af69f78,0dc51964f37de052326b1b72e182d4348620ea799fc00678e973e4f8ae4afda7,100
local_nabre,ps46_1_2_4_5_7_8,WORLD,,,generic,,,,"ps46:1-2,4-5,7-8",The mighty Lord is our refuge.++,"Psalm 46 God, the Protector of Zion - For the leader. A song of the Korahites. According to alamoth. I - God is our refuge and our strength, an ever-present help in distress.

Selah Streams of the river gladden the city of God, the holy dwelling of the Most High.

Though nations rage and kingdoms totter, he utters his voice and the earth melts. Selah",repo://assets/nabre.db,,e5160a979df24a322be14833e897e22a59fc1dddc00ec489931ed4d078280f8b,627ed09cde3f5b4247590540aff5d8b5c91381ffe2f3522f65c932a0ebefa005,100
local_nabre,ps46_2_3_5_6_8_9,WORLD,,,generic,,,,"ps46:2-3,5-6,8-9","(5) The waters of the river gladden the city of God,","I - God is our refuge and our strength, an ever-present help in distress. Thus we do not fear, though earth be shaken and mountains quake to the depths of the sea,

Streams of the river gladden the city of God, the holy dwelling of the Most High. God is in its midst; it shall not be shaken; God will help it at break of day.

Selah Come and see the works of the LORD, who has done fearsome deeds on earth;",repo://assets/nabre.db,,e91902b213442e64e56a6f98b553f13ecbac42a9b4e0c0183f1c4e7494ff7d90,2ac2e2d212f2bf7f99c5f8e87e92cb263ec1f773dbe538765b567ca0e4b65f83,100
local_nabre,ps47_1_2_3_4_5_6,WORLD,,,generic,,,,"ps47:1-2,3-4,5-6",God is king of all the earth.,"Psalm 47 The Ruler of All the Nations - For the leader. A psalm of the Korahites. I - All you peoples, clap your hands; shout to God with joyful cries.

For the LORD, the Most High, is to be feared, the great king over all the earth, Who made people subject to us, nations under our feet,

Selah God has gone up with a shout; the LORD, amid trumpet blasts.",repo://assets/nabre.db,,3ccebc294be200fbfc8d7b923c8d2db9c3d0c89150f123ea82784880b793b932,d4d7fc79ce5bd0d417daf3b2418c5c9549c2ddc23178096013ab0d7d8e42f5be,100
local_nabre,ps47_1_2_5_6_7_8,WORLD,,,generic,,,,"ps47:1-2,5-6,7-8","God ascends with songs of joy,","Psalm 47 The Ruler of All the Nations - For the leader. A psalm of the Korahites. I - All you peoples, clap your hands; shout to God with joyful cries.

Selah God has gone up with a shout; the LORD, amid trumpet blasts.

Sing praise to God, sing praise; sing praise to our king, sing praise. For God is king over all the earth; sing hymns of praise.",repo://assets/nabre.db,,3403bbbc0aa95cf788d6ed81de31c46c567209211a310fe5d1b362636c5594c5,fa69522d1dccb2dd916a8ac45533e61a55f239a40ec64da8212e9e34b8c92a30,100
local_nabre,ps47_1_2_7_8_9,WORLD,,,generic,,,,"ps47:1-2,7-8,9",God is king of all the earth.,"Psalm 47 The Ruler of All the Nations - For the leader. A psalm of the Korahites. I - All you peoples, clap your hands; shout to God with joyful cries.

Sing praise to God, sing praise; sing praise to our king, sing praise. For God is king over all the earth; sing hymns of praise.

God rules over the nations; God sits upon his holy throne.",repo://assets/nabre.db,,88c03babe2bd393303d83eaec4cd58e21eb9ead366a06cc8be5bcbcf915b67c1,0bca8e83023e0ff21e709514484bddaa8f3b5919fe5197b027d14b2ea4f944a7,100
local_nabre,ps47_2_3_6_7_8_9,WORLD,,,generic,,,,"ps47:2-3,6-7,8-9","(4) O God, let all the nations praise you!","I - All you peoples, clap your hands; shout to God with joyful cries. For the LORD, the Most High, is to be feared, the great king over all the earth,

God has gone up with a shout; the LORD, amid trumpet blasts. Sing praise to God, sing praise; sing praise to our king, sing praise.

For God is king over all the earth; sing hymns of praise. God rules over the nations; God sits upon his holy throne.",repo://assets/nabre.db,,30557e6fc7b9f4ed2e3acfb7628caae16d05078053432bb7ae7de1f03fba21c9,d215f0af78e86183fecbeb292871971a4798b986c6738f00a6f883419fe3145c,100
local_nabre,ps48_1_2a_2b_3_4_5_6_7,WORLD,,,generic,,,,"ps48:1-2a,2b-3,4-5,6-7",God upholds his city for ever.,"Psalm 48 The Splendor of the Invincible City - A psalm of the Korahites. A song. I - Great is the LORD and highly praised in the city of our God: His holy mountain,

I - Great is the LORD and highly praised in the city of our God: His holy mountain, fairest of heights, the joy of all the earth, Mount Zion, the heights of Zaphon, the city of the great king.

God is in its citadel, renowned as a stronghold. See! The kings assembled, together they advanced.

When they looked they were astounded; terrified, they were put to flight! Trembling seized them there, anguish, like a woman’s labor,",repo://assets/nabre.db,,738327e9f279627c96f0bb1fa7fb73cf00a493a32072680a0827f29ca4df70e9,57c1ab90f2a374eddfbf1ea213598d50f8706f340ef042ee0291b8f97a6f7e59,100
local_nabre,ps48_1_2a_2b_3_8_9_10,WORLD,,,generic,,,,"ps48:1-2a,2b-3,8,9-10","God, in your temple, we ponder your love.","Psalm 48 The Splendor of the Invincible City - A psalm of the Korahites. A song. I - Great is the LORD and highly praised in the city of our God: His holy mountain,

I - Great is the LORD and highly praised in the city of our God: His holy mountain, fairest of heights, the joy of all the earth, Mount Zion, the heights of Zaphon, the city of the great king.

As when the east wind wrecks the ships of Tarshish!

Selah We ponder, O God, your mercy within your temple",repo://assets/nabre.db,,cdd918686c96366e98d36556e72b01a887a77df8b1504536d39922de12029c42,dd79b6514d48d64085d74965b66a1bbc1794a6c8f9ae4c6ed4a046295a3b4ded,100
local_nabre,ps48_1_2a_2b_3_9_10,WORLD,,,generic,,,,"ps48:1-2a,2b-3,9-10",God upholds his city for ever.,"Psalm 48 The Splendor of the Invincible City - A psalm of the Korahites. A song. I - Great is the LORD and highly praised in the city of our God: His holy mountain,

I - Great is the LORD and highly praised in the city of our God: His holy mountain, fairest of heights, the joy of all the earth, Mount Zion, the heights of Zaphon, the city of the great king.

Selah We ponder, O God, your mercy within your temple",repo://assets/nabre.db,,88d8872141ef2a9d9636f04dcb15092274ebb7154bdfbc13ee3889fed7ad15ad,b249ec84d049022f61ff38d4d6cb7abacfc23d80a44dfacd34a3284066a9f1e5,100
local_nabre,ps49_13_14ab_14cd_15_16_17_18_19,WORLD,,,generic,,,,"ps49:13-14ab,14cd-15,16-17,18-19","Blessed are the poor in spirit,","—but man does not abide in splendor. He is like the beasts—they perish. Selah

Selah Straight to the grave they descend, where their form will waste away, Sheol will be their palace.

Selah Do not fear when a man becomes rich, when the wealth of his house grows great.

At his death he will not take along anything, his glory will not go down after him. During his life his soul uttered blessings; “They will praise you, for you do well for yourself.”",repo://assets/nabre.db,,51b7dadfc757c3df1f5faf5ca25c58138e70d902910a4d2223c3c3dee985193c,2109e3ddacf03f5befcbcd0fb4f3abfedc1ab02d85a57c694de0589e321cb4cf,100
local_nabre,ps49_1_2_5_6_7_9_10_13,WORLD,,,generic,,,,"ps49:1-2,5-6,7-9,10+13",Blessed are the poor in spirit;,"Psalm 49 Confidence in God Rather than in Riches - For the leader. A psalm of the Korahites. Hear this, all you peoples! Give ear, all who inhabit the world,

I will turn my ear to a riddle, expound my question on a lyre. I - Why should I fear in evil days, with the iniquity of my assailants surrounding me,

Of those who trust in their wealth and boast of their abundant riches? No man can ransom even a brother, or pay to God his own ransom. The redemption of his soul is costly; and he will pass away forever.

Will he live on forever, then, and never see the Pit of Corruption? —but man does not abide in splendor. He is like the beasts—they perish.",repo://assets/nabre.db,,7c80e9b9ad1a93be592938ec10dd43bb87e2b7c6f70f28d9532c99b5d0018505,50429d3e6ac15d36b00bad2a80dbb245fdf0c4a515899eaad8b17f7aea8711b6,100
local_nabre,ps49_5_6_7_9_16_17_18_19,WORLD,,,generic,,,,"ps49:5-6,7-9,16-17,18-19",Blessed are the poor in spirit;,"I will turn my ear to a riddle, expound my question on a lyre. I - Why should I fear in evil days, with the iniquity of my assailants surrounding me,

Of those who trust in their wealth and boast of their abundant riches? No man can ransom even a brother, or pay to God his own ransom. The redemption of his soul is costly; and he will pass away forever.

Selah Do not fear when a man becomes rich, when the wealth of his house grows great.

At his death he will not take along anything, his glory will not go down after him. During his life his soul uttered blessings; “They will praise you, for you do well for yourself.”",repo://assets/nabre.db,,af00527c02a9e66c232fd8ff23ce7d168bd5950b4f754dffc011fa4b5250b814,92d43545eed6755dbefdb94c1e31951b84395a31eb7829a2dafd9f92ce7c5dd5,100
local_nabre,ps4_1_2_3_4_6_7,WORLD,,,generic,,,,"ps4:1-2,3-4,6-7","Lord, let your face shine on us.","Psalm 4 Trust in God - For the leader; with stringed instruments. A psalm of David. When troubles hem me in, set me free; take pity on me, hear my prayer.

How long, O people, will you be hard of heart? Why do you love what is worthless, chase after lies? Selah Know that the LORD works wonders for his faithful one; the LORD hears when I call out to him.

Offer fitting sacrifices and trust in the LORD. Many say, “May we see better times! LORD, show us the light of your face!” Selah",repo://assets/nabre.db,,701148aa155e576e30e65503e4da30a36b23a776c8265068f4faa60c0a7a6405,b5a5556116d927bf3cbdd0bdd401eb67142eea08d4ecdfc1df4c93d0a82fa9e4,100
local_nabre,ps4_2_4_7_8_9,WORLD,,,generic,,,,"ps4:2,4,7-8,9","(7a) Lord, let your face shine on us.","When troubles hem me in, set me free; take pity on me, hear my prayer.

Know that the LORD works wonders for his faithful one; the LORD hears when I call out to him.

Many say, “May we see better times! LORD, show us the light of your face!” Selah But you have given my heart more joy than they have when grain and wine abound.

In peace I will lie down and fall asleep, for you alone, LORD, make me secure.",repo://assets/nabre.db,,c39cb3ffcbc65cbcb3d0333106730d5acc52ac5fda082aa0584d1c3483ea0f69,e80c4183546851ae9113f35bf36a5d8cec1ffa6919a60ceafa1f592649d1472f,100
local_nabre,ps4_2_4_7_9,WORLD,,,generic,,,,"ps4:2,4,7,9","Lift up the light of your face on us, O Lord.","When troubles hem me in, set me free; take pity on me, hear my prayer.

Know that the LORD works wonders for his faithful one; the LORD hears when I call out to him.

Many say, “May we see better times! LORD, show us the light of your face!” Selah

In peace I will lie down and fall asleep, for you alone, LORD, make me secure.",repo://assets/nabre.db,,7dc7219fd4207c58016b7aae155038ed8a8190bea58cc91a6751b7d47fb7d0c9,a8673e3a361ec88377d8cf76723859515f488c95cd421ed22a0433ecbaf91c23,100
local_nabre,ps50_16bc_17_18_19_20_21_22_23,WORLD,,,generic,,,,"ps50:16bc-17,18-19,20-21,22-23","Remember this, you who never think of God.","But to the wicked God says: “Why do you recite my commandments and profess my covenant with your mouth? You hate discipline; you cast my words behind you!

If you see a thief, you run with him; with adulterers you throw in your lot. You give your mouth free rein for evil; you yoke your tongue to deceit.

You sit and speak against your brother, slandering your mother’s son. When you do these things should I be silent? Do you think that I am like you? I accuse you, I lay out the matter before your eyes.

“Now understand this, you who forget God, lest I start ripping apart and there be no rescuer. Those who offer praise as a sacrifice honor me; I will let him whose way is steadfast look upon the salvation of God.”",repo://assets/nabre.db,,05dff4477d86918d6046d23eefed3f8a4029dd3251f8738476f42f1278c8a5d8,0bbaf9ecf2deddea9c8edf28c08b449bf45ed8158898fb48a96b755a554b3c27,100
local_nabre,ps50_1_2_5_6_14_15,WORLD,,,generic,,,,"ps50:1-2,5-6,14-15",Offer to God a sacrifice of praise.,"Psalm 50 The Acceptable Sacrifice - A psalm of Asaph. I - The God of gods, the LORD, has spoken and summoned the earth from the rising of the sun to its setting. From Zion, the perfection of beauty, God shines forth.

“Gather my loyal ones to me, those who made a covenant with me by sacrifice.” Selah

Offer praise as your sacrifice to God; fulfill your vows to the Most High. Then call on me on the day of distress; I will rescue you, and you shall honor me.”",repo://assets/nabre.db,,ff1d67b536a9b2e96effe42726ad7c5013b2a33286094e0ce77260452d5b7f42,b724ae8da71f8d6efc0b8ce6931b7eefb8e1d2c66bb4d4a4cc5df9ca8e291528,100
local_nabre,ps50_1_8_12_13_14_15,WORLD,,,generic,,,,"ps50:1,8,12-13,14-15",To the upright I will show the saving power of God.,"Psalm 50 The Acceptable Sacrifice - A psalm of Asaph. I - The God of gods, the LORD, has spoken and summoned the earth from the rising of the sun to its setting.

Not for your sacrifices do I rebuke you, your burnt offerings are always before me.

Were I hungry, I would not tell you, for mine is the world and all that fills it. Do I eat the flesh of bulls or drink the blood of he-goats?

Offer praise as your sacrifice to God; fulfill your vows to the Most High. Then call on me on the day of distress; I will rescue you, and you shall honor me.”",repo://assets/nabre.db,,800478f594039737d555fc6873271c532a8c66378cb21feeba6b0661befccea4,fd43bbac2a11d46e01f4cddfbfe9d99a751ef038985eb60422bf9b1853cf56ce,100
local_nabre,ps50_1_8_16bc_17_20_21,WORLD,,,generic,,,,"ps50:1+8,16bc-17,20-21",Offer to God a sacrifice of praise.,"Psalm 50 The Acceptable Sacrifice - A psalm of Asaph. I - The God of gods, the LORD, has spoken and summoned the earth from the rising of the sun to its setting. Not for your sacrifices do I rebuke you, your burnt offerings are always before me.

But to the wicked God says: “Why do you recite my commandments and profess my covenant with your mouth? You hate discipline; you cast my words behind you!

You sit and speak against your brother, slandering your mother’s son. When you do these things should I be silent? Do you think that I am like you? I accuse you, I lay out the matter before your eyes.",repo://assets/nabre.db,,be475baa73fafbf9aa7b1f551c90e1b43b5646ceb1e53620d086575481ea60c8,5fc84093bfb1d6e054052f1f6dc7ab5206817883a8878d3792bc947c1558bec7,100
local_nabre,ps50_1a_7_8_9_10_11_12_13_16bc_17,WORLD,,,generic,,,,"ps50:1a+7,8-9,10-11,12-13,16bc-17",To the upright I will show the saving power of God.,"Psalm 50 The Acceptable Sacrifice - A psalm of Asaph. I - The God of gods, the LORD, has spoken and summoned the earth from the rising of the sun to its setting. “Listen, my people, I will speak; Israel, I will testify against you; God, your God, am I.

Not for your sacrifices do I rebuke you, your burnt offerings are always before me. I will not take a bullock from your house, or he-goats from your folds.

For every animal of the forest is mine, beasts by the thousands on my mountains. I know every bird in the heights; whatever moves in the wild is mine.

Were I hungry, I would not tell you, for mine is the world and all that fills it. Do I eat the flesh of bulls or drink the blood of he-goats?

But to the wicked God says: “Why do you recite my commandments and profess my covenant with your mouth? You hate discipline; you cast my words behind you!",repo://assets/nabre.db,,be04fc2085613c994a212b5fa81d14d5b97c8cc2b59a0e9ab6c49d609ac6d849,dc68ff5bcd3a3892b22611c89d7e762cbe0e1a1bef15f0cea1811a90e81d0f90,100
local_nabre,ps50_4_5_7_8_14_23,WORLD,,,generic,,,,"ps50:4-5,7-8,14+23",To the upright I will show the saving power of God.,"He calls to the heavens above and to the earth to judge his people: “Gather my loyal ones to me, those who made a covenant with me by sacrifice.”

“Listen, my people, I will speak; Israel, I will testify against you; God, your God, am I. Not for your sacrifices do I rebuke you, your burnt offerings are always before me.

Offer praise as your sacrifice to God; fulfill your vows to the Most High. Those who offer praise as a sacrifice honor me; I will let him whose way is steadfast look upon the salvation of God.”",repo://assets/nabre.db,,dc079994cdc28c78394b2ae9510d0e3ab23fb2e111903e4ad39f85ebdf3c0438,c9a0a0c4ef259d0c1e7bbddd7ae4249fee216213c1892f503dbc6c29083bfa5e,100
local_nabre,ps50_5_6_8_9_16bc_17_21_23,WORLD,,,generic,,,,"ps50:5-6,8-9,16bc-17,21+23",To the upright I will show the saving power of God.,"“Gather my loyal ones to me, those who made a covenant with me by sacrifice.” Selah

Not for your sacrifices do I rebuke you, your burnt offerings are always before me. I will not take a bullock from your house, or he-goats from your folds.

But to the wicked God says: “Why do you recite my commandments and profess my covenant with your mouth? You hate discipline; you cast my words behind you!

When you do these things should I be silent? Do you think that I am like you? I accuse you, I lay out the matter before your eyes. Those who offer praise as a sacrifice honor me; I will let him whose way is steadfast look upon the salvation of God.”",repo://assets/nabre.db,,a8fb24a9ccc4989cefe93840960586894ea9d8137ad3a960dd466010ff5fc8c2,cfbe35fca304d9d7e8762a0cb1246b1ed17a01f8a8726e35dc526e79a3d617b5,100
local_nabre,ps50_8_9_16bc_17_21_23,WORLD,,,generic,,,,"ps50:8-9,16bc-17,21,23",To the upright I will show the saving power of God.,"Not for your sacrifices do I rebuke you, your burnt offerings are always before me. I will not take a bullock from your house, or he-goats from your folds.

But to the wicked God says: “Why do you recite my commandments and profess my covenant with your mouth? You hate discipline; you cast my words behind you!

When you do these things should I be silent? Do you think that I am like you? I accuse you, I lay out the matter before your eyes.

Those who offer praise as a sacrifice honor me; I will let him whose way is steadfast look upon the salvation of God.”",repo://assets/nabre.db,,4f5632d46fccfd321644f849af67c4e18443b0751dc9872a4679eb09dbdd44fe,852e7deb2a331a2228bd1f33c65792a8f47cb88ffd5bf880b8f321a7333849a8,100
local_nabre,ps51_10_11_12_13_14_15,WORLD,,,generic,,,,"ps51:10-11,12-13,14-15","Create a clean heart in me, O God.","You will let me hear gladness and joy; the bones you have crushed will rejoice. Turn away your face from my sins; blot out all my iniquities.

A clean heart create for me, God; renew within me a steadfast spirit. Do not drive me from before your face, nor take from me your holy spirit.

Restore to me the gladness of your salvation; uphold me with a willing spirit. I will teach the wicked your ways, that sinners may return to you.",repo://assets/nabre.db,,ed7621cbbaf5e0bff1c6e75faf918ee31e15391db828f4ed38b4f5f690821371,03015b3fbc627e4a86f7deb1deccf23acf9c858786a8c3fa1d45483abd9a60ec,100
local_nabre,ps51_10_11_12_13_16_17,WORLD,,,generic,,,,"ps51:10-11,12-13,16-17","Create a clean heart in me, O God.","You will let me hear gladness and joy; the bones you have crushed will rejoice. Turn away your face from my sins; blot out all my iniquities.

A clean heart create for me, God; renew within me a steadfast spirit. Do not drive me from before your face, nor take from me your holy spirit.

Rescue me from violent bloodshed, God, my saving God, and my tongue will sing joyfully of your justice. Lord, you will open my lips; and my mouth will proclaim your praise.",repo://assets/nabre.db,,81a90cacddd6d57d20fa53220358fa0f41a504e6994df5e452d9fd1a12a720ad,2c9ba914b517de81621f88a488b850ba52320ba0e9c64b5e3483ce4eb23c5b79,100
local_nabre,ps51_12_13_14_15_18_19,WORLD,,,generic,,,,"ps51:12-13,14-15,18-19","Create a pure heart for me, O God.","A clean heart create for me, God; renew within me a steadfast spirit. Do not drive me from before your face, nor take from me your holy spirit.

Restore to me the gladness of your salvation; uphold me with a willing spirit. I will teach the wicked your ways, that sinners may return to you.

For you do not desire sacrifice or I would give it; a burnt offering you would not accept. My sacrifice, O God, is a contrite spirit; a contrite, humbled heart, O God, you will not scorn.",repo://assets/nabre.db,,089e68084427e1a90a3719aded64e1547ed6bf61b920a3f90d3417f25add25e1,c82c11b9d307105db1d85fb3c58092ba0847431ba4a44fa40c74086f1321971c,100
local_nabre,ps51_1_2_10_11_16_17,WORLD,,,generic,,,,"ps51:1-2,10-11,16-17","A broken, humbled heart, O God, you will not scorn.","Psalm 51 The Miserere: Prayer of Repentance - For the leader. A psalm of David, when Nathan the prophet came to him after he had gone in to Bathsheba.

You will let me hear gladness and joy; the bones you have crushed will rejoice. Turn away your face from my sins; blot out all my iniquities.

Rescue me from violent bloodshed, God, my saving God, and my tongue will sing joyfully of your justice. Lord, you will open my lips; and my mouth will proclaim your praise.",repo://assets/nabre.db,,ce88a3df08602b12642cff0a00e2de2573a9b1bb5ca845d13a58f9d9e681604a,b2b35620f0363abaf518d5a9ffdec6916f665ea1079e62e2a7046fd0e130dfe0,100
local_nabre,ps51_1_2_16_17_18_19ab,WORLD,,,generic,,,,"ps51:1-2,16-17,18-19ab","It is steadfast love, not sacrifice, that God desires.","Psalm 51 The Miserere: Prayer of Repentance - For the leader. A psalm of David, when Nathan the prophet came to him after he had gone in to Bathsheba.

Rescue me from violent bloodshed, God, my saving God, and my tongue will sing joyfully of your justice. Lord, you will open my lips; and my mouth will proclaim your praise.

For you do not desire sacrifice or I would give it; a burnt offering you would not accept. My sacrifice, O God, is a contrite spirit; a contrite, humbled heart, O God, you will not scorn.",repo://assets/nabre.db,,29c7fe0074f958696c1561f00a8825f92f409ffaca5ab94b9fc6941d5aef3daa,7e4551530826cc5e11fafd8d6f577dbfced02366b044319f900035df9f2617b0,100
local_nabre,ps51_1_2_3_4_10_11,WORLD,,,generic,,,,"ps51:1-2,3-4,10-11","Be merciful, O Lord, for we have sinned.","Psalm 51 The Miserere: Prayer of Repentance - For the leader. A psalm of David, when Nathan the prophet came to him after he had gone in to Bathsheba.

I - Have mercy on me, God, in accord with your merciful love; in your abundant compassion blot out my transgressions. Thoroughly wash away my guilt; and from my sin cleanse me.

You will let me hear gladness and joy; the bones you have crushed will rejoice. Turn away your face from my sins; blot out all my iniquities.",repo://assets/nabre.db,,7554d5cb4be7e39dee6d8449c52276674c659e15585b435654d146555299c4d5,f9c604fb000faa63b3e78085bd993698a42de3b32d8493fd3c5e61d25302bbfe,100
local_nabre,ps51_1_2_3_4_9_14,WORLD,,,generic,,,,"ps51:1-2,3-4,9+14","Be merciful, O Lord, for we have sinned.","Psalm 51 The Miserere: Prayer of Repentance - For the leader. A psalm of David, when Nathan the prophet came to him after he had gone in to Bathsheba.

I - Have mercy on me, God, in accord with your merciful love; in your abundant compassion blot out my transgressions. Thoroughly wash away my guilt; and from my sin cleanse me.

Cleanse me with hyssop, that I may be pure; wash me, and I will be whiter than snow. Restore to me the gladness of your salvation; uphold me with a willing spirit.",repo://assets/nabre.db,,22b1e236493f43999d14db755269ee4c136e05c4a6714e00cf72f551917124ea,2e7fb5d041c9456ee42fff8ab4d83bea01d59bb882499723b21d5c6a43c6962f,100
local_nabre,ps51_1_2_3_4a_10_11_12_15,WORLD,,,generic,,,,"ps51:1-2,3-4a,10-11,12+15","Be merciful, O Lord, for we have sinned.","Psalm 51 The Miserere: Prayer of Repentance - For the leader. A psalm of David, when Nathan the prophet came to him after he had gone in to Bathsheba.

I - Have mercy on me, God, in accord with your merciful love; in your abundant compassion blot out my transgressions. Thoroughly wash away my guilt; and from my sin cleanse me.

You will let me hear gladness and joy; the bones you have crushed will rejoice. Turn away your face from my sins; blot out all my iniquities.

A clean heart create for me, God; renew within me a steadfast spirit. I will teach the wicked your ways, that sinners may return to you.",repo://assets/nabre.db,,b83945abd45808a17cc3066de3ad55d9086509178eb2b68cbd7625d2bad22a1a,3f2a2436520974de88bf634b219a4fc1dcf31ed2209d413e5590010c145ccc24,100
local_nabre,ps51_1_2_3_4a_16_17,WORLD,,,generic,,,,"ps51:1-2,3-4a,16-17","A broken, humbled heart, O God, you will not scorn.","Psalm 51 The Miserere: Prayer of Repentance - For the leader. A psalm of David, when Nathan the prophet came to him after he had gone in to Bathsheba.

I - Have mercy on me, God, in accord with your merciful love; in your abundant compassion blot out my transgressions. Thoroughly wash away my guilt; and from my sin cleanse me.

Rescue me from violent bloodshed, God, my saving God, and my tongue will sing joyfully of your justice. Lord, you will open my lips; and my mouth will proclaim your praise.",repo://assets/nabre.db,,c22bef21fe7df983f7b15ddcf877b3380a9d91380f649e58415add8e0dfeee2a,f675c60a577fbf50e7917d8ed9aab56c8f91b66f3314a16d014f45b21bbcc105,100
local_nabre,ps51_1_2_3_4a_4bc_5_8_9,WORLD,,,generic,,,,"ps51:1-2,3-4a,4bc-5,8-9","Be merciful, O Lord,","Psalm 51 The Miserere: Prayer of Repentance - For the leader. A psalm of David, when Nathan the prophet came to him after he had gone in to Bathsheba.

I - Have mercy on me, God, in accord with your merciful love; in your abundant compassion blot out my transgressions. Thoroughly wash away my guilt; and from my sin cleanse me.

Thoroughly wash away my guilt; and from my sin cleanse me. For I know my transgressions; my sin is always before me.

Behold, you desire true sincerity; and secretly you teach me wisdom. Cleanse me with hyssop, that I may be pure; wash me, and I will be whiter than snow.",repo://assets/nabre.db,,377f293735be0f0e27ebaedf71b6c4b083b4f3b60bae797a498dd987ec32ca86,a0194f8912c32ea3c5fec3748f4bd26955d2ffaddf8c7ed587bfd5dbd83ed7ee,100
local_nabre,ps51_1_2_6_7_10_11_12_15,WORLD,,,generic,,,,"ps51:1-2,6-7,10-11,12+15",My mouth will declare your praise.,"Psalm 51 The Miserere: Prayer of Repentance - For the leader. A psalm of David, when Nathan the prophet came to him after he had gone in to Bathsheba.

Against you, you alone have I sinned; I have done what is evil in your eyes So that you are just in your word, and without reproach in your judgment. Behold, I was born in guilt, in sin my mother conceived me.

You will let me hear gladness and joy; the bones you have crushed will rejoice. Turn away your face from my sins; blot out all my iniquities.

A clean heart create for me, God; renew within me a steadfast spirit. I will teach the wicked your ways, that sinners may return to you.",repo://assets/nabre.db,,4a946f9e1904de16ea7ea81daa63b3b9a9a233eb0823369df29c643ed43e11ac,18fae58824cc1621af33967a8eaaa6e34982efdb866a1ba97db659ed5cd7d072,100
local_nabre,ps51_3_4_12_13_14_15,WORLD,,,generic,,,,"ps51:3-4,12-13,14-15","(12a) Create a clean heart in me, O God.","I - Have mercy on me, God, in accord with your merciful love; in your abundant compassion blot out my transgressions. Thoroughly wash away my guilt; and from my sin cleanse me.

A clean heart create for me, God; renew within me a steadfast spirit. Do not drive me from before your face, nor take from me your holy spirit.

Restore to me the gladness of your salvation; uphold me with a willing spirit. I will teach the wicked your ways, that sinners may return to you.",repo://assets/nabre.db,,ec25774393171955215e75d1f0a685ff89c8ccec06e7d9323bf18a1daf257853,c06941f7980983079808aece694029b1ef63a255fb275661acac39119b981d47,100
local_nabre,ps51_3_4_12_13_17_19,WORLD,,,generic,,,,"ps51:3-4,12-13,17,19",(Luke 15:18) I will rise and go to my father.,"I - Have mercy on me, God, in accord with your merciful love; in your abundant compassion blot out my transgressions. Thoroughly wash away my guilt; and from my sin cleanse me.

A clean heart create for me, God; renew within me a steadfast spirit. Do not drive me from before your face, nor take from me your holy spirit.

Lord, you will open my lips; and my mouth will proclaim your praise.

My sacrifice, O God, is a contrite spirit; a contrite, humbled heart, O God, you will not scorn.",repo://assets/nabre.db,,a8d681e0c201dfc827c5f24ce3016b1f785038a47e0cc0d1457dd379e1caec75,11f6fc1e459a5854023bdd02ee0ff1719cc7b4df607b3c0c0a8163dc30450286,100
local_nabre,ps51_3_4_5_6_12_13_14_17,WORLD,,,generic,,,,"ps51:3-4,5-6,12-13,14,17","Have mercy on us, O Lord, for we have sinned.","I - Have mercy on me, God, in accord with your merciful love; in your abundant compassion blot out my transgressions. Thoroughly wash away my guilt; and from my sin cleanse me.

For I know my transgressions; my sin is always before me. Against you, you alone have I sinned; I have done what is evil in your eyes So that you are just in your word, and without reproach in your judgment.

A clean heart create for me, God; renew within me a steadfast spirit. Do not drive me from before your face, nor take from me your holy spirit.

Restore to me the gladness of your salvation; uphold me with a willing spirit.

Lord, you will open my lips; and my mouth will proclaim your praise.",repo://assets/nabre.db,,030c96999df13d2aa72f537451c6b17f49803b607d7c668c95c3a838f03515cb,df45e72745987b701f4d8613aa05091e89c96a209c3dab1c5c8f230101a0f1ed,100
local_nabre,ps51_3_4_5_6_12_13_17,WORLD,,,generic,,,,"ps51:3-4,5-6,12-13,17","Be merciful, O Lord, for we have sinned.","I - Have mercy on me, God, in accord with your merciful love; in your abundant compassion blot out my transgressions. Thoroughly wash away my guilt; and from my sin cleanse me.

For I know my transgressions; my sin is always before me. Against you, you alone have I sinned; I have done what is evil in your eyes So that you are just in your word, and without reproach in your judgment.

A clean heart create for me, God; renew within me a steadfast spirit. Do not drive me from before your face, nor take from me your holy spirit.

Lord, you will open my lips; and my mouth will proclaim your praise.",repo://assets/nabre.db,,d39c72e55338733915c543ce7b27e55ec0f9a04bf05c6604f3a5e551375fcda6,57131679bedaac7dceffacc40dc612ddeffe3e66bd6e86929d123f942b017e42,100
local_nabre,ps51_3_4_5_6ab_12_13_14and17,WORLD,,,generic,,,,"ps51:3-4,5-6ab,12-13,14and17","(see 3a) Be merciful, O Lord, for we have sinned.","I - Have mercy on me, God, in accord with your merciful love; in your abundant compassion blot out my transgressions. Thoroughly wash away my guilt; and from my sin cleanse me.

For I know my transgressions; my sin is always before me. Against you, you alone have I sinned; I have done what is evil in your eyes So that you are just in your word, and without reproach in your judgment.

A clean heart create for me, God; renew within me a steadfast spirit. Do not drive me from before your face, nor take from me your holy spirit.

Restore to me the gladness of your salvation; uphold me with a willing spirit.",repo://assets/nabre.db,,3f3a2a392865276bdf827860eaa309f998170df6321450440f37c466ec3dd9f2,223a85ed943fe9063b36a6836f42894da3f24fdc0f87d45f723b5228f58d0111,100
local_nabre,ps52_8_9,WORLD,,,generic,,,,"ps52:8,9",I trust in the kindness of God for ever.,"The righteous will see and they will fear; but they will laugh at him:

“Behold the man! He did not take God as his refuge, but he trusted in the abundance of his wealth, and grew powerful through his wickedness.”",repo://assets/nabre.db,,76328dd138932f2f60d8342b96578929fea6925033d45aeadbc9e5ad774fc59d,1a4cc8794598eb493ea6b6f7661e83b87cf9480b72a6d5c23431e9faaba00c4a,100
local_nabre,ps54_1_2_4_6,WORLD,,,generic,,,,"ps54:1-2,4+6",The Lord God is my help.,"Psalm 54 Confident Prayer in Great Peril - For the leader. On stringed instruments. A maskil of David, when the Ziphites came and said to Saul, “David is hiding among us.”

Listen to the words of my mouth. God is present as my helper; the Lord sustains my life.",repo://assets/nabre.db,,95c3890de875c9a4adac21db53a7967efc043ab7ac83ce683efa756441add389,e047c6924ca0a12ac35a58b7aa8cad94086444f08d8e0f8e78ed9c64589dd934,100
local_nabre,ps54_3_4_5_6_8,WORLD,,,generic,,,,"ps54:3-4,5,6-8",(6b) The Lord upholds my life.,"By your strength defend my cause. Listen to the words of my mouth.

Selah

God is present as my helper; the Lord sustains my life. Turn back the evil upon my foes; in your faithfulness, destroy them. Then I will offer you generous sacrifice and give thanks to your name, LORD, for it is good.",repo://assets/nabre.db,,e2773b8b85394899ed7841240628164c5225058660de497b51a5e70c2ee9893e,77dc5321a7c897f9e01d9415ba25b826db4b2b487224f7320793ec82d71409b8,100
local_nabre,ps55_6_7_8_9a_9b_10_22,WORLD,,,generic,,,,"ps55:6-7,8-9a,9b-10,22","Throw your cares on the Lord,","Fear and trembling overwhelm me; shuddering sweeps over me. I say, “If only I had wings like a dove that I might fly away and find rest.

Selah “I would soon find a shelter from the raging wind and storm.”

“I would soon find a shelter from the raging wind and storm.” For I see violence and strife in the city

Smoother than oil are his words, but they are unsheathed swords.",repo://assets/nabre.db,,4783dc68834096ff447a7a7301e32af28300dfe2dff482c5f599b8e1a44d6698,e6dbd03e7d872ee1687e5369abd859a4033699cf324b48cb1cfe06502099d839,100
local_nabre,ps56_1_2_8_9ab_9c_11_12_13,WORLD,,,generic,,,,"ps56:1-2,8-9ab,9c-11,12-13",In God I trust; I am not afraid.,"Psalm 56 Trust in God - For the director. According to Yonath elem rehoqim. A miktam of David, when the Philistines seized him at Gath. I - Have mercy on me, God, for I am treated harshly; attackers press me all the day.

They are evil; watch them, God! Cast the nations down in your anger! My wanderings you have noted; are my tears not stored in your flask, recorded in your book?

My wanderings you have noted; are my tears not stored in your flask, recorded in your book? This I know: God is on my side. I praise the word of God, I praise the word of the LORD.

What can man do to me? I have made vows to you, God; with offerings I will fulfill them,",repo://assets/nabre.db,,c739b8435752f187bd1861974c0bbc3df806c4cfc28b7b8baf227e4ffb4e48c3,6b2b622cabe14a085c725a30c9ab2a3b03044da5e72f42c2695a64a9f45376d8,100
local_nabre,ps56_3_4_9b_11_12_13,WORLD,,,generic,,,,"ps56:3-4,9b-11,12-13","I will walk in the presence of God,","O Most High, when I am afraid, in you I place my trust.

My wanderings you have noted; are my tears not stored in your flask, recorded in your book? This I know: God is on my side. I praise the word of God, I praise the word of the LORD.

What can man do to me? I have made vows to you, God; with offerings I will fulfill them,",repo://assets/nabre.db,,1121ac6f2066bad26f2c081750bf5559791928179a4030dc456820c74e790849,56056a8c413a71486bb6819e1831d95292c5bf4b4b289dd42749668464a8b9ab,100
local_nabre,ps57_1_2_3_5_10,WORLD,,,generic,,,,"ps57:1,2-3,5+10","Have mercy on me, God, have mercy.","Psalm 57 Confident Prayer for Deliverance - For the director. Do not destroy. A miktam of David, when he fled from Saul into a cave.

In the shadow of your wings I seek refuge till harm pass by. I call to God Most High, to God who provides for me.

Their teeth are spears and arrows; their tongue, a sharpened sword. I will praise you among the peoples, Lord; I will chant your praise among the nations.",repo://assets/nabre.db,,d4f0bc5ce8babd49157926e0487c7b406ef6415fe054fefbfbb1ab5c59eb1e94,c3439794c5016b5fa08a3cfb7d73ccdb3c4f560a733d312220f19f9b6c5290c1,100
local_nabre,ps57_7_8_9_10_11,WORLD,,,generic,,,,"ps57:7,8,9-10,11","I will praise you among the nations, O Lord.","May they fall into it themselves! Selah

I will sing and chant praise.

Awake, my soul; awake, lyre and harp! I will wake the dawn. I will praise you among the peoples, Lord; I will chant your praise among the nations.

For your mercy towers to the heavens; your faithfulness reaches to the skies.",repo://assets/nabre.db,,9e58d6570a9b0fdb72b10ade58acbc6f54a0d7783d68de59cd6d6db27c958074,91ae8d82bf9685dc202fd614bfd55a3482c759d0d6f398ba29eeff029ee19b85,100
local_nabre,ps59_1_2_3_4a_9_10_16_17,WORLD,,,generic,,,,"ps59:1-2,3-4a,9-10,16,17",God is my refuge on the day of distress.,"Psalm 59 Complaint Against Bloodthirsty Enemies - For the director. Do not destroy. A miktam of David, when Saul sent people to watch his house and kill him. I - Rescue me from my enemies, my God; lift me out of reach of my foes.

Deliver me from evildoers; from the bloodthirsty save me. For no offense or misdeed of mine, LORD,

But you, LORD, laugh at them; you deride all the nations. My strength, for you I watch; you, God, are my fortress,

They roam about as scavengers; if they are not filled, they howl.

But I shall sing of your strength, extol your mercy at dawn, For you are my fortress, my refuge in time of trouble.",repo://assets/nabre.db,,3b4a2b07666bfc694322e300ed4d87b64670f82a35ea66909c27b8e07e3fabd3,6a2d3047b16540b453f305e3d632ab5dcb59a503ea2372501a6b89663a6093a3,100
local_nabre,ps5_1_2_4_5_6_12,WORLD,,,generic,,,,"ps5:1-2,4-5,6+12","Lord, listen to my groaning.","Psalm 5 Prayer for Divine Help - For the leader; with wind instruments. A psalm of David. I - Give ear to my words, O LORD; understand my sighing.

in the morning you will hear my voice; in the morning I will plead before you and wait. You are not a god who delights in evil; no wicked person finds refuge with you;

the arrogant cannot stand before your eyes. You hate all who do evil; You will protect them and those will rejoice in you who love your name.",repo://assets/nabre.db,,3d61223063cb20dd935d20c0035c4d9d2786ef8631666e69f7398c46be93d6b4,89ba85003a001ad49fb849da9092510217aea1613cdf9274c965d7fe4a11e705,100
local_nabre,ps5_1_4_5_6_11,WORLD,,,generic,,,,"ps5:1+4,5-6,11","Lead me in your justice, Lord.","Psalm 5 Prayer for Divine Help - For the leader; with wind instruments. A psalm of David. in the morning you will hear my voice; in the morning I will plead before you and wait.

You are not a god who delights in evil; no wicked person finds refuge with you; the arrogant cannot stand before your eyes. You hate all who do evil;

Drive them out for their many sins; for they have rebelled against you.",repo://assets/nabre.db,,d426aa78fc6bdaf2061bfaff7b4a6dce9459c03be1397e6e4ad7d97aee27528e,796c558d9d817c8bc74fb50a6ea17c7bca32966254e7b8e01ca8f19733dd5ccc,100
local_nabre,ps5_4_5a_5b_6_7,WORLD,,,generic,,,,"ps5:4-5a,5b-6,7","Lead me in your justice, Lord.","in the morning you will hear my voice; in the morning I will plead before you and wait. You are not a god who delights in evil; no wicked person finds refuge with you;

You are not a god who delights in evil; no wicked person finds refuge with you; the arrogant cannot stand before your eyes. You hate all who do evil;

you destroy those who speak falsely. A bloody and fraudulent man the LORD abhors.",repo://assets/nabre.db,,2c7dfe161ae0c5ad62b9eb79c4ea8e4873854b4551bd5e936d509b5d5b74d48e,d9972abaee720db2a621b4a52631e259f3b227bef5691f5e0855f25f95ea19da,100
local_nabre,ps60_1_2_3_5_10_11,WORLD,,,generic,,,,"ps60:1-2,3+5,10-11","Help us with your right hand, O Lord, and answer us.","Psalm 60 Lament After Defeat in Battle - For the leader; according to “The Lily of.…” A miktam of David (for teaching), when he fought against Aram-Naharaim and Aram-Zobah; and Joab, coming back, killed twelve thousand Edomites in the Valley of Salt.

I - O God, you rejected us, broke our defenses; you were angry but now revive us. You made your people go through hardship, made us stagger from the wine you gave us.

I will triumph over Philistia.” Who will bring me to the fortified city? Who will lead me into Edom?",repo://assets/nabre.db,,1f988809a2e0c2427154ccaaee44b5a9564bdf39bf3a6562252c5d7c09726649,070c9d5806341376047626f5b6cd56ba6f103047334cfcbd125acc43b251d324,100
local_nabre,ps62_1_2_5_7_8,WORLD,,,generic,,,,"ps62:1-2,5+7,8","Lord, you give back to all according to their works.","Psalm 62 Trust in God Alone - For the leader; ‘al Jeduthun. A psalm of David. I - My soul rests in God alone, from whom comes my salvation.

Selah God alone is my rock and my salvation, my fortress; I shall not fall.

My deliverance and honor are with God, my strong rock; my refuge is with God.",repo://assets/nabre.db,,0788d123a8aec6d457ce66690cc31df6b054f190e8f8b01d52a1c2f3a8af24f9,c4d3e456bdc81eb4ecf6cb8142c747f1c58f517be8e0155142679e3e6c73264f,100
local_nabre,ps62_2_3_6_7_8_9,WORLD,,,generic,,,,"ps62:2-3,6-7,8-9","(6a) Rest in God alone, my soul.","I - My soul rests in God alone, from whom comes my salvation. God alone is my rock and salvation, my fortress; I shall never fall.

My soul, be at rest in God alone, from whom comes my hope. God alone is my rock and my salvation, my fortress; I shall not fall.

My deliverance and honor are with God, my strong rock; my refuge is with God. Trust God at all times, my people! Pour out your hearts to God our refuge! Selah",repo://assets/nabre.db,,1d799221c82ea384b4e3dbca5b02fba7405902baf624b0d15dcfb73be1d7da71,e0a236cec68d3815c6ac18c83e1f0141f0ddefe40cb8fdeb67ebbd884c8aa928,100
local_nabre,ps62_5_6_7b_8,WORLD,,,generic,,,,"ps62:5-6,7b-8",In God is my safety and my glory.,"Selah My soul, be at rest in God alone, from whom comes my hope.

God alone is my rock and my salvation, my fortress; I shall not fall. My deliverance and honor are with God, my strong rock; my refuge is with God.",repo://assets/nabre.db,,1d1aa8915e8b75ea604d75cff337c67a63e9cc0735a52e1f57932b88cd2bcc3e,67ef225efe2769baea876c1aecfee4c16cc9efe7ebb2d637ceb25f24af516e5b,100
local_nabre,ps63_1_2_3_4_5,WORLD,,,generic,,,,"ps63:1,2-3,4-5","My soul is thirsting for you, O Lord my God.","Psalm 63 Ardent Longing for God - A psalm of David, when he was in the wilderness of Judah.

I - O God, you are my God— it is you I seek! For you my body yearns; for you my soul thirsts, In a land parched, lifeless, and without water. I look to you in the sanctuary to see your power and glory.

For your love is better than life; my lips shall ever praise you! I will bless you as long as I live; I will lift up my hands, calling on your name.",repo://assets/nabre.db,,d76ea2b5f427fd9e7b67b29dc67bb735ed8efc457bb2dc8af40bdff98e707899,4ff37f49322483cc9c235988e99f2c2b9efc3f9f51034614028b0c966fbb5f25,100
local_nabre,ps63_2_3_4_5_6_7_8,WORLD,,,generic,,,,"ps63:2,3-4,5-6,7-8","(2b) My soul is thirsting for you, O Lord my God.","I - O God, you are my God— it is you I seek! For you my body yearns; for you my soul thirsts, In a land parched, lifeless, and without water.

I look to you in the sanctuary to see your power and glory. For your love is better than life; my lips shall ever praise you!

I will bless you as long as I live; I will lift up my hands, calling on your name. My soul shall be sated as with choice food, with joyous lips my mouth shall praise you!

I think of you upon my bed, I remember you through the watches of the night You indeed are my savior, and in the shadow of your wings I shout for joy.",repo://assets/nabre.db,,9e0ac04ff2edc5fb509a36ec95a4384dd6ca155aa624643ff689aa15b4d030d0,b68575f5437a1ff1650170e34e9c4be96cd50fe56b68dd6d8c9d9b7cb518cf08,100
local_nabre,ps63_2_3_4_5_6_8_9,WORLD,,,generic,,,,"ps63:2,3-4,5-6,8-9","(2b) My soul is thirsting for you, O Lord my God.","I - O God, you are my God— it is you I seek! For you my body yearns; for you my soul thirsts, In a land parched, lifeless, and without water.

I look to you in the sanctuary to see your power and glory. For your love is better than life; my lips shall ever praise you!

I will bless you as long as I live; I will lift up my hands, calling on your name. My soul shall be sated as with choice food, with joyous lips my mouth shall praise you!

You indeed are my savior, and in the shadow of your wings I shout for joy. My soul clings fast to you; your right hand upholds me.",repo://assets/nabre.db,,342634c978809da0ca8ffa9f59fa4d1304f9bd5cc48c5d64b9f1920cb2f436a2,5bdecad7e6347971401386476e8b2bb7c12c52449445462c99bfb74bb3463e6c,100
local_nabre,ps65_10_11_12_13_14,WORLD,,,generic,,,,"ps65:10,11,12-13,14",(Luke 8:8) The seed that falls on good ground will yield a fruitful harvest.,"God’s stream is filled with water; you supply their grain. Thus do you prepare it:

you drench its plowed furrows, and level its ridges. With showers you keep it soft, blessing its young sprouts.

You adorn the year with your bounty; your paths drip with fruitful rain. The meadows of the wilderness also drip; the hills are robed with joy.

The pastures are clothed with flocks, the valleys blanketed with grain; they cheer and sing for joy.",repo://assets/nabre.db,,151bc895f17a4f62d607de21fd424f5c2fd4942641fc13aa0ad6f3c61763f26c,b452258e6643aa29fc7fbec3107640c5eb611a6b7a862e79b1d2d4deda722a32,100
local_nabre,ps65_9abcd_9e_10_11_12,WORLD,,,generic,,,,"ps65:9abcd,9e-10,11-12","It is right to praise you in Zion, O God.","Distant peoples stand in awe of your marvels; the places of morning and evening you make resound with joy.

Distant peoples stand in awe of your marvels; the places of morning and evening you make resound with joy. God’s stream is filled with water; you supply their grain. Thus do you prepare it:

you drench its plowed furrows, and level its ridges. With showers you keep it soft, blessing its young sprouts. You adorn the year with your bounty; your paths drip with fruitful rain.",repo://assets/nabre.db,,3cb8fe1e1da7513a0ca18712bd73a72d05873f7f3ed9837862d115ce3e16e91c,232dfdb12cfc258c48da24c2f93ec5be1f2eefe69516063c50dd6454ca42be03,100
local_nabre,ps66_1_3_4_5_6_7_16_20,WORLD,,,generic,,,,"ps66:1-3,4-5,6-7,16,20",(1) Let all the earth cry out to God with joy.,"Psalm 66 Praise of God, Israel’s Deliverer - For the leader. A song; a psalm. I - Shout joyfully to God, all the earth; sing of his glorious name; give him glorious praise. Say to God: “How awesome your deeds! Before your great strength your enemies cringe.

All the earth falls in worship before you; they sing of you, sing of your name!” Selah Come and see the works of God, awesome in deeds before the children of Adam.

There we rejoiced in him, who rules by his might forever, His eyes are fixed upon the nations. Let no rebel rise to challenge! Selah

Come and hear, all you who fear God, while I recount what has been done for me.

Blessed be God, who did not reject my prayer and refuse his mercy.",repo://assets/nabre.db,,7b3742647cc5c04e10aa48b629c1cf5d33631049882622f6eed87279e2cd3186,6516194ccb28f391e133db0fbd5049795f1128ed9591eb06e6fd6ac5b89e094f,100
local_nabre,ps66_1_3a_4_5_6_7a,WORLD,,,generic,,,,"ps66:1-3a,4-5,6-7a",Let all the earth cry out to God with joy.,"Psalm 66 Praise of God, Israel’s Deliverer - For the leader. A song; a psalm. I - Shout joyfully to God, all the earth; sing of his glorious name; give him glorious praise. Say to God: “How awesome your deeds! Before your great strength your enemies cringe.

All the earth falls in worship before you; they sing of you, sing of your name!” Selah Come and see the works of God, awesome in deeds before the children of Adam.

There we rejoiced in him, who rules by his might forever, His eyes are fixed upon the nations. Let no rebel rise to challenge! Selah",repo://assets/nabre.db,,3a606417e9b0290943c97d55c7358639a38942e9d6edc098e6d3dd2b02973fd6,093b5407a13cec135ea9944c17f6d4073da09d5340fa43b6dc7c0a90cd7f9259,100
local_nabre,ps66_1_3a_5_8_16_17,WORLD,,,generic,,,,"ps66:1-3a,5+8,16-17",Blessed be God who filled my soul with life!,"Psalm 66 Praise of God, Israel’s Deliverer - For the leader. A song; a psalm. I - Shout joyfully to God, all the earth; sing of his glorious name; give him glorious praise. Say to God: “How awesome your deeds! Before your great strength your enemies cringe.

Come and see the works of God, awesome in deeds before the children of Adam. Bless our God, you peoples; loudly sound his praise,

Come and hear, all you who fear God, while I recount what has been done for me. I called to him with my mouth; praise was upon my tongue.",repo://assets/nabre.db,,22442b5df33495f24970a72d9bd1742c2917e1155ecef5f6b7fab8b52749d01b,640da4cb37be6284b0cc23c4360e23602cfe320c22a2431b093135cb161839b2,100
local_nabre,ps66_8_9_16_17_20,WORLD,,,generic,,,,"ps66:8-9,16-17,20",Let all the earth cry out to God with joy.,"Bless our God, you peoples; loudly sound his praise, Who has kept us alive and not allowed our feet to slip.

Come and hear, all you who fear God, while I recount what has been done for me. I called to him with my mouth; praise was upon my tongue.

Blessed be God, who did not reject my prayer and refuse his mercy.",repo://assets/nabre.db,,d427d14ec92fe29a3c13ebd7543fb46996df2056184af554c37c0fe5c929ca0b,9e464c6eacb8e0bdc4b21f2fccf329dea3424178fe61e0ff7ef19bc67c650be6,100
local_nabre,ps67_1_2_3a_4_5_7,WORLD,,,generic,,,,"ps67:1-2,3a+4,5+7","O God, let all the nations praise you!","Psalm 67 Harvest Thanks and Petition - For the leader; with stringed instruments. A psalm; a song. Selah

So shall your way be known upon the earth, your victory among all the nations. May the peoples praise you, God; may all the peoples praise you!

Selah The earth has yielded its harvest; God, our God, blesses us.",repo://assets/nabre.db,,358dffad820faafd811d6e9cc135efa162b6dfc588838bf98672cfb067d5544b,7d8c38bb4457841307b8ebaecc5f6eee7ae43beb9c3e9fc271500a6bdbd5c434,100
local_nabre,ps67_1_2_3a_4_6_7,WORLD,,,generic,,,,"ps67:1-2,3a+4,6-7","O God, let all the nations praise you!","Psalm 67 Harvest Thanks and Petition - For the leader; with stringed instruments. A psalm; a song. Selah

So shall your way be known upon the earth, your victory among all the nations. May the peoples praise you, God; may all the peoples praise you!

May the peoples praise you, God; may all the peoples praise you! The earth has yielded its harvest; God, our God, blesses us.",repo://assets/nabre.db,,cf8814589dee16f2ee2d99b424dc5ffed322b4baaf8d207e860071a33ad2a96b,4b5063332217a90bca6bfb7cc0311a0ee89ecaa5022efccb5263b7f6e7a00a9a,100
local_nabre,ps67_1_2_4_6_7,WORLD,,,generic,,,,"ps67:1-2,4,6-7","O God, let the nations praise you!","Psalm 67 Harvest Thanks and Petition - For the leader; with stringed instruments. A psalm; a song. Selah

May the peoples praise you, God; may all the peoples praise you!

May the peoples praise you, God; may all the peoples praise you! The earth has yielded its harvest; God, our God, blesses us.",repo://assets/nabre.db,,5d1a2a47d11517814f8e4dbb7f3cb4fe69cb377d58cb8ee4334cf81b2b4c5a91,62608742b1a5812c743cd4071c385441f2e41987577c8bcb0c44b719744c87dd,100
local_nabre,ps67_2_3_5_6_8,WORLD,,,generic,,,,"ps67:2-3,5,6,8","(4) O God, let all the nations praise you!","Selah So shall your way be known upon the earth, your victory among all the nations.

Selah

May the peoples praise you, God; may all the peoples praise you!

May God bless us still; that the ends of the earth may revere him.",repo://assets/nabre.db,,d770107cb7de3d1259cfac1ad7c8b8d56bd82ee7c8f84cd4672d59e1950819cb,d43e53ffcc73eb306785875d5a0da59df37ea218f5503d12ad31eec1a91ded2c,100
local_nabre,ps67_2_3_5_6and8,WORLD,,,generic,,,,"ps67:2-3,5-6and8","O God, be gracious and bless us.","Selah So shall your way be known upon the earth, your victory among all the nations.

Selah May the peoples praise you, God; may all the peoples praise you!",repo://assets/nabre.db,,069176afd34bfbf821eee63b925859966d800b6257038866b3e8e4ebd419f27b,a6fec639d67abe4f18eaea3d8af46a3d4c7e078ce2241b3d9384b57b1aca9fac,100
local_nabre,ps68_1_2_3_4ac_5_6ab,WORLD,,,generic,,,,"ps68:1-2,3,4ac,5-6ab","Sing to God, O kingdoms of the earth.","Psalm 68 The Exodus and Conquest, Pledge of Future Help - For the leader. A psalm of David; a song. I - May God arise; may his enemies be scattered; may those who hate him flee before him.

As the smoke is dispersed, disperse them; as wax is melted by fire, so may the wicked perish before God.

Then the just will be glad; they will rejoice before God; they will celebrate with great joy.

Rejoice before him whose name is the LORD. Father of the fatherless, defender of widows— God in his holy abode,",repo://assets/nabre.db,,8800fa2ae592b646f6da353075a5a95197f2179e4ee6225e629d8ac83f050e2c,bbd7f366912cbb4a7cc9e42e2d5765d587b06ead6a151bfdb5d435709b9fe349,100
local_nabre,ps68_1_3_5_6ab_19_20,WORLD,,,generic,,,,"ps68:1+3,5-6ab,19-20",Our God is the God of salvation.,"Psalm 68 The Exodus and Conquest, Pledge of Future Help - For the leader. A psalm of David; a song. As the smoke is dispersed, disperse them; as wax is melted by fire, so may the wicked perish before God.

Rejoice before him whose name is the LORD. Father of the fatherless, defender of widows— God in his holy abode,

You went up to its lofty height; you took captives, received slaves as tribute, even rebels, for the LORD God to dwell. Selah",repo://assets/nabre.db,,1cab4e892901996259119bb5d67c96f0a21dcc002995c99853e7995bda996cee,b1a6cc01f39874e4794fa4c85e2900fc896706e6d5e7cb90d4953ae155bf21a7,100
local_nabre,ps68_28_29_32_33_34_35,WORLD,,,generic,,,,"ps68:28-29,32-33,34,35","Sing to God, O kingdoms of the earth.","In the lead is Benjamin, few in number; there the princes of Judah, a large throng, the princes of Zebulun, the princes of Naphtali, too. Summon again, O God, your power, the divine power you once showed for us,

Let bronze be brought from Egypt, Ethiopia hurry its hands to God. You kingdoms of the earth, sing to God; chant the praises of the Lord, Selah

Who rides the heights of the ancient heavens, Who sends forth his voice as a mighty voice?

Confess the power of God, whose majesty protects Israel, whose power is in the sky.",repo://assets/nabre.db,,bf3b573f3523927e1968011740b3ec8c3d2aecd4e8884e2c6e1130c8ad30ee13,0a53507216f7cd5456f78b0aa65ba6a01676ec5d4c66066434e7a3e020b5e778,100
local_nabre,ps68_4_5_6_7_10_11,WORLD,,,generic,,,,"ps68:4-5,6-7,10-11","God, in your goodness, you have made a home for the poor.","Then the just will be glad; they will rejoice before God; they will celebrate with great joy. Rejoice before him whose name is the LORD.

Father of the fatherless, defender of widows— God in his holy abode, God gives a home to the forsaken, who leads prisoners out to prosperity, while rebels live in the desert.

You poured abundant rains, God, your inheritance was weak and you repaired it. Your creatures dwelt in it; you will establish it in your goodness for the poor, O God.",repo://assets/nabre.db,,95fa704dbddd4abe51f19918acffcf31618e38829ec3ee39d2e8e1c1c87dc02d,33fa08732913b71db4f14991c208e60dadace87329c28d77caecaba9a5ab6bfa,100
local_nabre,ps68_9_10_19_20,WORLD,,,generic,,,,"ps68:9-10,19-20","Sing to God, O kingdoms of the earth.","The earth quaked, the heavens poured, before God, the One of Sinai, before God, the God of Israel. You poured abundant rains, God, your inheritance was weak and you repaired it.

You went up to its lofty height; you took captives, received slaves as tribute, even rebels, for the LORD God to dwell. Selah",repo://assets/nabre.db,,b74d6565ba6418cc4f2cb1fb2fc46c7b5f1fa04ffc57322d666d592caaa5a5da,62bb3c07d00caff6041a2f708d287b448a0acb72919a9a7d59ffc5496991b248,100
local_nabre,ps69_14_15_29_30_32_33,WORLD,,,generic,,,,"ps69:14-15,29-30,32-33","Lord, in your great love, answer me.","God, in your abundant kindness, answer me with your sure deliverance. Rescue me from those who hate me and from the watery depths.

May they be blotted from the book of life; not registered among the just! V - But here I am miserable and in pain; let your saving help protect me, God,

That will please the LORD more than oxen, more than bulls with horns and hooves: “See, you lowly ones, and be glad; you who seek God, take heart!",repo://assets/nabre.db,,3600f9d362718d6a3d77827e805353cbaf0f3a6990a9cd6c047e795391a5a512,223656d9a7842db74f7defdaff7d4687e7ca088e13ae6984bfff9d031ad1c753,100
local_nabre,ps69_14_17_30_31_33_34_36_37,WORLD,,,generic,,,,"ps69:14,17,30-31,33-34,36-37","Seek the Lord, you who are poor, and your hearts will revive.","God, in your abundant kindness, answer me with your sure deliverance.

Answer me, LORD, in your generous love; in your great mercy turn to me.

V - But here I am miserable and in pain; let your saving help protect me, God, That I may praise God’s name in song and glorify it with thanksgiving.

“See, you lowly ones, and be glad; you who seek God, take heart! For the LORD hears the poor, and does not spurn those in bondage.

They will dwell there and possess it; the descendants of God’s servants will inherit it; those who love God’s name will dwell in it.",repo://assets/nabre.db,,a7541e8ba2498712017e308289cabadc5faa9600b5cbd87db9411516373af1cc,3b712cdb23066294b7619a746369326d0de53ccf24094f3302c103fe0f003b98,100
local_nabre,ps69_1_4ab_4cd_7_8_9_13,WORLD,,,generic,,,,"ps69:1+4ab,4cd+7,8-9,13","Lord, in your great love, answer me.","Psalm 69 A Cry of Anguish in Great Distress - For the leader; according to “Lilies.” Of David. My eyes fail, from looking for my God.

My eyes fail, from looking for my God. Let those who seek you, God of Israel, not be disgraced because of me.

For it is on your account I bear insult, that disgrace covers my face. I have become an outcast to my kindred, a stranger to my mother’s children.

Those who sit in the gate gossip about me; drunkards make me the butt of songs.",repo://assets/nabre.db,,4d78a0497bacbbfaa44c948f8865cdb45d54b39cd52709d134d7ac32d5ebdff6,688b789dcdf09b544eacced5112e8b76c674008a0d437190b0b83fb8d3eb4672,100
local_nabre,ps69_29_30_32_33_35_36,WORLD,,,generic,,,,"ps69:29-30,32-33,35-36","Lord, in your great love, answer me.","May they be blotted from the book of life; not registered among the just! V - But here I am miserable and in pain; let your saving help protect me, God,

That will please the LORD more than oxen, more than bulls with horns and hooves: “See, you lowly ones, and be glad; you who seek God, take heart!

Let the heaven and the earth praise him, the seas and whatever moves in them!” They will dwell there and possess it;",repo://assets/nabre.db,,fb2f6de2b718bba8ae88d9d59a8977309cc7420652aa7a06771a24808a6daf9c,af9c540384a590307fdfa5c493f40a32f8a9e87135d05626beeae61063d236d3,100
local_nabre,ps69_29_32_33_34_35_36,WORLD,,,generic,,,,"ps69:29+32,33-34,35-36",The Lord listens to the poor.,"May they be blotted from the book of life; not registered among the just! That will please the LORD more than oxen, more than bulls with horns and hooves:

“See, you lowly ones, and be glad; you who seek God, take heart! For the LORD hears the poor, and does not spurn those in bondage.

Let the heaven and the earth praise him, the seas and whatever moves in them!” They will dwell there and possess it;",repo://assets/nabre.db,,2933a906406f3c1a9385f2bc25bc81decae02e720218defb1b151a8689baf1cc,93e8a0c1b592d61dd5124ba08a48e616b51a991838df17d3eaa369f4bcac1d8c,100
local_nabre,ps69_2_13_29_30_32_33,WORLD,,,generic,,,,"ps69:2,13,29-30,32-33","Turn to the Lord in your need, and you will live.","I - Save me, God, for the waters have reached my neck.

Those who sit in the gate gossip about me; drunkards make me the butt of songs.

May they be blotted from the book of life; not registered among the just! V - But here I am miserable and in pain; let your saving help protect me, God,

That will please the LORD more than oxen, more than bulls with horns and hooves: “See, you lowly ones, and be glad; you who seek God, take heart!",repo://assets/nabre.db,,cbc8d3331e60a1b38ebef225c7aa8d3e840594a81e2a549e0daa678ad0a31092,3dec76b089700f7bea036771a84c3203ad66ed62ee874e38b274bebb7d11a91a,100
local_nabre,ps69_7_9_20_21_30_32_33,WORLD,,,generic,,,,"ps69:7-9,20-21,30+32-33","Lord, in your great love, answer me.","Let those who seek you, God of Israel, not be disgraced because of me. For it is on your account I bear insult, that disgrace covers my face. I have become an outcast to my kindred, a stranger to my mother’s children.

You know my reproach, my shame, my disgrace; before you stand all my foes. Insult has broken my heart, and I despair; I looked for compassion, but there was none, for comforters, but found none.

V - But here I am miserable and in pain; let your saving help protect me, God, That will please the LORD more than oxen, more than bulls with horns and hooves: “See, you lowly ones, and be glad; you who seek God, take heart!",repo://assets/nabre.db,,2de0aae51f940028085c8b4d273f073980ebbf44f19e3e1e1f1d8e870f8e85d1,c09e256de49096d18744a03412d8d7b8430666ddb6ea64ba8d939c402b6dd9b6,100
local_nabre,ps69_8_10_14_17_33_35,WORLD,,,generic,,,,"ps69:8-10,14,17,33-35","(14c) Lord, in your great love, answer me.","For it is on your account I bear insult, that disgrace covers my face. I have become an outcast to my kindred, a stranger to my mother’s children. Because zeal for your house has consumed me, I am scorned by those who scorn you.

God, in your abundant kindness, answer me with your sure deliverance.

Answer me, LORD, in your generous love; in your great mercy turn to me.

“See, you lowly ones, and be glad; you who seek God, take heart! For the LORD hears the poor, and does not spurn those in bondage. Let the heaven and the earth praise him, the seas and whatever moves in them!”",repo://assets/nabre.db,,1b4d9f96b82f6245814d5ea9871146545ff215b3aff3acc5bf4271274a59ad92,bd4b5c8eb687eab736b8141f041724ed6d3d432146d27810c4bce3e1000a26ad,100
local_nabre,ps71_1_2_3_4_5_6_15_17,WORLD,,,generic,,,,"ps71:1-2,3-4,5-6,15-17",I will sing of your salvation.,"Psalm 71 Prayer in Time of Old Age I - In you, LORD, I take refuge; let me never be put to shame. In your justice rescue and deliver me; listen to me and save me!

Be my rock of refuge, my stronghold to give me safety; for you are my rock and fortress. My God, rescue me from the hand of the wicked, from the clutches of the evil and violent.

You are my hope, Lord; my trust, GOD, from my youth. On you I have depended since birth; from my mother’s womb you are my strength; my hope in you never wavers.

My mouth shall proclaim your just deeds, day after day your acts of deliverance, though I cannot number them all. I will speak of the mighty works of the Lord; O GOD, I will tell of your singular justice. God, you have taught me from my youth; to this day I proclaim your wondrous deeds.",repo://assets/nabre.db,,a0f166c3edd620dec3b744527c7b0b2a0908289a39780a03dc68d9725ff2d849,c0cdd8a4c3ab7968304f9492baba9af7454d2a8373fc9ebdb80f91216e7f346a,100
local_nabre,ps71_1_2_3_4a_5_6_15ab_17,WORLD,,,generic,,,,"ps71:1-2,3-4a,5-6,15ab+17",I will sing your salvation.,"Psalm 71 Prayer in Time of Old Age I - In you, LORD, I take refuge; let me never be put to shame. In your justice rescue and deliver me; listen to me and save me!

Be my rock of refuge, my stronghold to give me safety; for you are my rock and fortress. My God, rescue me from the hand of the wicked, from the clutches of the evil and violent.

You are my hope, Lord; my trust, GOD, from my youth. On you I have depended since birth; from my mother’s womb you are my strength; my hope in you never wavers.

My mouth shall proclaim your just deeds, day after day your acts of deliverance, though I cannot number them all. God, you have taught me from my youth; to this day I proclaim your wondrous deeds.",repo://assets/nabre.db,,f655e8995e72e37163133b14f7fd82364ac19a902152f6c7cbff2a3497a8dbae,bc444538e73248602974a09cd2508a845ce8e13a8681956da4c2511b0d096452,100
local_nabre,ps71_1_2_3_4a_5_6ab_15ab_17,WORLD,,,generic,,,,"ps71:1-2,3-4a,5-6ab,15ab+17",I will sing of your salvation.,"Psalm 71 Prayer in Time of Old Age I - In you, LORD, I take refuge; let me never be put to shame. In your justice rescue and deliver me; listen to me and save me!

Be my rock of refuge, my stronghold to give me safety; for you are my rock and fortress. My God, rescue me from the hand of the wicked, from the clutches of the evil and violent.

You are my hope, Lord; my trust, GOD, from my youth. On you I have depended since birth; from my mother’s womb you are my strength; my hope in you never wavers.

My mouth shall proclaim your just deeds, day after day your acts of deliverance, though I cannot number them all. God, you have taught me from my youth; to this day I proclaim your wondrous deeds.",repo://assets/nabre.db,,c4a51ae60c35635e888b59f3efa0b5ba8e1519c95dd1aace2dcb4869c407cc8c,62e8532e928550c5ba15d7200464dd3b791fa5e698470027fa02af9a7fb785ad,100
local_nabre,ps71_1_2_3_4a_5_6ab_15aband17,WORLD,,,generic,,,,"ps71:1-2,3-4a,5-6ab,15aband17","(6) Since my mother's womb, you have been my strength.","Psalm 71 Prayer in Time of Old Age I - In you, LORD, I take refuge; let me never be put to shame. In your justice rescue and deliver me; listen to me and save me!

Be my rock of refuge, my stronghold to give me safety; for you are my rock and fortress. My God, rescue me from the hand of the wicked, from the clutches of the evil and violent.

You are my hope, Lord; my trust, GOD, from my youth. On you I have depended since birth; from my mother’s womb you are my strength; my hope in you never wavers.

My mouth shall proclaim your just deeds, day after day your acts of deliverance, though I cannot number them all.",repo://assets/nabre.db,,7c6fd0ce336124e16a9fb22a3306f426bffb0bb11fcc7d89b58b1056c1c8ab1b,461ab765341124f435670f9268217253552d052c881c86c8a8035ab83f3d0696,100
local_nabre,ps71_1_2_3_5_6_15_17,WORLD,,,generic,,,,"ps71:1-2,3,5-6,15+17",I will sing of your salvation.,"Psalm 71 Prayer in Time of Old Age I - In you, LORD, I take refuge; let me never be put to shame. In your justice rescue and deliver me; listen to me and save me!

Be my rock of refuge, my stronghold to give me safety; for you are my rock and fortress.

You are my hope, Lord; my trust, GOD, from my youth. On you I have depended since birth; from my mother’s womb you are my strength; my hope in you never wavers.

My mouth shall proclaim your just deeds, day after day your acts of deliverance, though I cannot number them all. God, you have taught me from my youth; to this day I proclaim your wondrous deeds.",repo://assets/nabre.db,,c0ff12e53c0c5295c9e4ec57be0b490f83d32c075d2333eb7753c1c78599c33c,b95742aba191824add196a8cc4b78df2c2bb8550c7cd4a86cbfa425303e7eced,100
local_nabre,ps71_3_4a_5_6ab_16_17,WORLD,,,generic,,,,"ps71:3-4a,5-6ab,16-17",Fill me with your praise and I will sing your glory!,"Be my rock of refuge, my stronghold to give me safety; for you are my rock and fortress. My God, rescue me from the hand of the wicked, from the clutches of the evil and violent.

You are my hope, Lord; my trust, GOD, from my youth. On you I have depended since birth; from my mother’s womb you are my strength; my hope in you never wavers.

I will speak of the mighty works of the Lord; O GOD, I will tell of your singular justice. God, you have taught me from my youth; to this day I proclaim your wondrous deeds.",repo://assets/nabre.db,,a8268f871754feaca797d08e93f95a9aef7b69b6952ca066a8a2578de6396763,ef7bacc27f0075a2a40655241e5dbdc733199086c433e0cb0d88ab9d92c29c26,100
local_nabre,ps71_8_9_14_15ab_16_17_22,WORLD,,,generic,,,,"ps71:8-9,14-15ab,16-17,22",I will sing of your salvation.,"My mouth shall be filled with your praise, shall sing your glory every day. Do not cast me aside in my old age; as my strength fails, do not forsake me.

I will always hope in you and add to all your praise. My mouth shall proclaim your just deeds, day after day your acts of deliverance, though I cannot number them all.

I will speak of the mighty works of the Lord; O GOD, I will tell of your singular justice. God, you have taught me from my youth; to this day I proclaim your wondrous deeds.

That I may praise you with the lyre for your faithfulness, my God, And sing to you with the harp, O Holy One of Israel!",repo://assets/nabre.db,,c1b4550727c0192a3a36d4d45e678a850b39f22ea4366bf32ec0f16c75acfef6,537edf36df076ab47e5c3221a1f0a0051a3648e6c2566f1b7157afce1f429ace,100
local_nabre,ps72_1_2_10_11_12_13,WORLD,,,generic,,,,"ps72:1-2,10-11,12-13","Lord, every nation on earth will adore you.","Psalm 72 A Prayer for the King - Of Solomon. I - O God, give your judgment to the king; your justice to the king’s son; That he may govern your people with justice, your oppressed with right judgment,

May the kings of Tarshish and the islands bring tribute, the kings of Sheba and Seba offer gifts. May all kings bow before him, all nations serve him.

For he rescues the poor when they cry out, the oppressed who have no one to help. He shows pity to the needy and the poor and saves the lives of the poor.",repo://assets/nabre.db,,ba5e547b7252d0a6c955b0f110b2b86da10a5cc7c2c4d32c29bc72aafdc89d93,4de5c495b48fbe2a57806bd6668600cf74e37a3b5e4df12e70f418d6aceec8f4,100
local_nabre,ps72_1_2_12_13_18_19,WORLD,,,generic,,,,"ps72:1-2,12-13,18-19",Justice and peace shall flourish for ever.++,"Psalm 72 A Prayer for the King - Of Solomon. I - O God, give your judgment to the king; your justice to the king’s son; That he may govern your people with justice, your oppressed with right judgment,

For he rescues the poor when they cry out, the oppressed who have no one to help. He shows pity to the needy and the poor and saves the lives of the poor.

Blessed be the LORD God, the God of Israel, who alone does wonderful deeds. Amen and amen.",repo://assets/nabre.db,,2897e2761693de82410498eab96195409974fa75d6874681724f610d89fa52c9,be9ec45317c00d2f5f5833734fc3f047d329c05e4ec319711109091e6a6ab634,100
local_nabre,ps72_1_2_14_15bc_17,WORLD,,,generic,,,,"ps72:1-2,14-15bc,17","Lord, every nation on earth will adore you.","Psalm 72 A Prayer for the King - Of Solomon. I - O God, give your judgment to the king; your justice to the king’s son; That he may govern your people with justice, your oppressed with right judgment,

From extortion and violence he redeems them, for precious is their blood in his sight. Long may he live, receiving gold from Sheba, prayed for without cease, blessed day by day.

May the tribes of the earth give blessings with his name; may all the nations regard him as favored.",repo://assets/nabre.db,,6a030f6c93f53746040ec12a08754da414c9169a2b8c0b7c785483f88759afd1,f2620421f8b81634fbfc5adae8160989042893529ab57b0863d24dffde49fbb1,100
local_nabre,ps72_1_2_3_4_7_8_17,WORLD,,,generic,,,,"ps72:1-2,3-4,7-8,17",Justice and peace shall flourish for ever.++,"Psalm 72 A Prayer for the King - Of Solomon. I - O God, give your judgment to the king; your justice to the king’s son; That he may govern your people with justice, your oppressed with right judgment,

That the mountains may yield their bounty for the people, and the hills great abundance, That he may defend the oppressed among the people, save the children of the poor and crush the oppressor.

That abundance may flourish in his days, great bounty, till the moon be no more. May he rule from sea to sea, from the river to the ends of the earth.

May the tribes of the earth give blessings with his name; may all the nations regard him as favored.",repo://assets/nabre.db,,ce2df16ddc02d859d048ba25ef05bb130705c1bec7b39e948aa47f438a7c589e,271a57735b029e71826d1c70731126bdf7d028c616c12fa2c594ed9c0dcc0778,100
local_nabre,ps72_1_2_3_4ab_7_8,WORLD,,,generic,,,,"ps72:1-2,3-4ab,7-8","Lord, every nation on earth will adore you.","Psalm 72 A Prayer for the King - Of Solomon. I - O God, give your judgment to the king; your justice to the king’s son; That he may govern your people with justice, your oppressed with right judgment,

That the mountains may yield their bounty for the people, and the hills great abundance, That he may defend the oppressed among the people, save the children of the poor and crush the oppressor.

That abundance may flourish in his days, great bounty, till the moon be no more. May he rule from sea to sea, from the river to the ends of the earth.",repo://assets/nabre.db,,0b892fb76fda251e268bd836f98260200b5835454ba7ace17dac9491a0d3562e,5b7c0f3816857a2164b8ff41ea7d1cdfbf4f1bc88922634123a363cb181f64c5,100
local_nabre,ps72_1_2_7_8_10_11_12_13,WORLD,,,generic,,,,"ps72:1-2,7-8,10-11,12-13","Lord, every nation on earth will adore you.","Psalm 72 A Prayer for the King - Of Solomon. I - O God, give your judgment to the king; your justice to the king’s son; That he may govern your people with justice, your oppressed with right judgment,

That abundance may flourish in his days, great bounty, till the moon be no more. May he rule from sea to sea, from the river to the ends of the earth.

May the kings of Tarshish and the islands bring tribute, the kings of Sheba and Seba offer gifts. May all kings bow before him, all nations serve him.

For he rescues the poor when they cry out, the oppressed who have no one to help. He shows pity to the needy and the poor and saves the lives of the poor.",repo://assets/nabre.db,,23ff087af2214ff55808899ae91274d4bed8bd320655818afce57d2219e9a241,ee924db2b6cb8674f9de9adb0ac06e46ac7ed9a1cfe5ddb7d00d50ad72cdbd6a,100
local_nabre,ps72_1_2_7_8_12_13_17,WORLD,,,generic,,,,"ps72:1-2,7-8,12-13,17","Justice shall flourish in his time, and fullness of peace for ever.","Psalm 72 A Prayer for the King - Of Solomon. I - O God, give your judgment to the king; your justice to the king’s son; That he may govern your people with justice, your oppressed with right judgment,

That abundance may flourish in his days, great bounty, till the moon be no more. May he rule from sea to sea, from the river to the ends of the earth.

For he rescues the poor when they cry out, the oppressed who have no one to help. He shows pity to the needy and the poor and saves the lives of the poor.

May the tribes of the earth give blessings with his name; may all the nations regard him as favored.",repo://assets/nabre.db,,7f57a15ec4c70c202736c60061baa5c93fec7fe047b156540b1719c2d3a4ff83,92d4e2d06077e7f922dea0fb9a7f1b54d7af2d69e8ee881cb9c4d728830e2bef,100
local_nabre,ps74_1_2_3_5_6_7_20_21,WORLD,,,generic,,,,"ps74:1-2,3-5,6-7,20-21","Lord, forget not the life of your poor ones.","Psalm 74 Prayer at the Destruction of the Temple - A maskil of Asaph. I - Why, God, have you cast us off forever? Why does your anger burn against the sheep of your pasture? Remember your people, whom you acquired of old, the tribe you redeemed as your own heritage, Mount Zion where you dwell.

Direct your steps toward the utter destruction, everything the enemy laid waste in the sanctuary. Your foes roared triumphantly in the place of your assembly; they set up their own tokens of victory. They hacked away like a forester gathering boughs, swinging his ax in a thicket of trees.

They smashed all its engraved work, struck it with ax and pick. They set your sanctuary on fire, profaned your name’s abode by razing it to the ground.

Look to your covenant, for the recesses of the land are full of the haunts of violence. Let not the oppressed turn back in shame; may the poor and needy praise your name.",repo://assets/nabre.db,,b6976d8d245e6f0562d3c7489886c8545d6345561dd17ac201f2a48ee82aa425,9fd7dfd38b0509282fb8a9094f42e84c1e7506a08c496526268d8dfc8b7582fb,100
local_nabre,ps77_11_12_13_14_15_20,WORLD,,,generic,,,,"ps77:11-12,13-14,15+20",I remember the deeds of the Lord.,"I conclude: “My sorrow is this, the right hand of the Most High has abandoned us.” I will recall the deeds of the LORD; yes, recall your wonders of old.

I will ponder all your works; on your exploits I will meditate. Your way, God, is holy; what god is as great as our God?

You are the God who does wonders; among the peoples you have revealed your might. Through the sea was your way; your path, through the mighty waters, though your footsteps were unseen.",repo://assets/nabre.db,,a1fe8d058e59dd8c2c8ff04583a122bb3296f0219fe76c451cbc42092108cf7e,94e141be15593da9dee30c7414f07339a4d3a4e3d794461f4387a7e141ab948a,100
local_nabre,ps78_18_19_23_24_25_26_27_28,WORLD,,,generic,,,,"ps78:18-19,23-24,25-26,27-28",The Lord gave them bread from heaven.,"They tested God in their hearts, demanding the food they craved. They spoke against God, and said, “Can God spread a table in the wilderness?

So he commanded the clouds above; and opened the doors of heaven. God rained manna upon them for food; grain from heaven he gave them.

Man ate the bread of the angels; food he sent in abundance. He stirred up the east wind in the skies; by his might God brought on the south wind.

He rained meat upon them like dust, winged fowl like the sands of the sea, They fell down in the midst of their camp, all round their dwellings.",repo://assets/nabre.db,,6854111c6b44e6dcc1fa9fd6242601c30453c6067160884877f5266b49c1f3c0,d677c67f09082f6b64f862087b675193159ac41f26fa508bc6770581a63d1e1c,100
local_nabre,ps78_1_2_34_35_36_37_38,WORLD,,,generic,,,,"ps78:1-2,34-35,36-37,38",Do not forget the works of the Lord!,"Psalm 78 A New Beginning in Zion and David - A maskil of Asaph. I - Attend, my people, to my teaching; listen to the words of my mouth. I will open my mouth in a parable, unfold the puzzling events of the past.

When he slew them, they began to seek him; they again looked for God. They remembered that God was their rock, God Most High, their redeemer.

But they deceived him with their mouths, lied to him with their tongues. Their hearts were not constant toward him; they were not faithful to his covenant.

Time and again he turned back his anger, unwilling to unleash all his rage.",repo://assets/nabre.db,,5ebc856ba53a7467d3dd4a98e8c72c59e820070e62c2d29c02827e77187bd9e1,9a5f5771cef9c1d87f88954833dfe156bc103b451e2901a6262525255762caea,100
local_nabre,ps78_1bc_2_34_35_36_37_38,WORLD,,,generic,,,,"ps78:1bc-2,34-35,36-37,38",(see 7b) Do not forget the works of the Lord!,"Psalm 78 A New Beginning in Zion and David - A maskil of Asaph. I - Attend, my people, to my teaching; listen to the words of my mouth. I will open my mouth in a parable, unfold the puzzling events of the past.

When he slew them, they began to seek him; they again looked for God. They remembered that God was their rock, God Most High, their redeemer.

But they deceived him with their mouths, lied to him with their tongues. Their hearts were not constant toward him; they were not faithful to his covenant.

Time and again he turned back his anger, unwilling to unleash all his rage.",repo://assets/nabre.db,,6328da74c1cc065863d85bdf6f691865d6c9a9251900c55c2cca08d3f14eaaf3,44704f487c96900d86bc5ecd3b95866e43bb6fdebf159eb0fa78be4dca4e4531,100
local_nabre,ps78_3_4_23_24_25_54,WORLD,,,generic,,,,"ps78:3-4,23-24,25,54",(24b) The Lord gave them bread from heaven.,"What we have heard and know; things our ancestors have recounted to us. We do not keep them from our children; we recount them to the next generation, The praiseworthy deeds of the LORD and his strength, the wonders that he performed.

So he commanded the clouds above; and opened the doors of heaven. God rained manna upon them for food; grain from heaven he gave them.

Man ate the bread of the angels; food he sent in abundance.

And he brought them to his holy mountain, the hill his right hand had won.",repo://assets/nabre.db,,9c2140e4f2238f5be28edd3903e2f901d7fa102d4c91f1edfbeb3ebeea605fad,1da89a69640c0838aa0b635875b1861cd80bd910ff9bffbe822a8c35710027e6,100
local_nabre,ps78_3_4bc_6c_7_8,WORLD,,,generic,,,,"ps78:3+4bc,6c-7,8",Do not forget the works of the Lord!,"What we have heard and know; things our ancestors have recounted to us. We do not keep them from our children; we recount them to the next generation, The praiseworthy deeds of the LORD and his strength, the wonders that he performed.

In turn they were to recount them to their children, that they too might put their confidence in God, And not forget God’s deeds, but keep his commandments.

They were not to be like their ancestors, a rebellious and defiant generation, A generation whose heart was not constant, and whose spirit was not faithful to God.",repo://assets/nabre.db,,f58d978c165e5450d53afa0361888cb5f94763dc082306be627d81b2989b21f8,0dead745a8e8a3ce84e19ac8a8b639bc00ce83d39eeef8d36461153553349209,100
local_nabre,ps78_56_57_58_59_61_62,WORLD,,,generic,,,,"ps78:56-57,58-59,61-62",Do not forget the works of the Lord!,"B But they tested and rebelled against God Most High, his decrees they did not observe. They turned disloyal, faithless like their ancestors; they proved false like a slack bow.

They enraged him with their high places, and with their idols provoked him to jealous anger. C God heard and grew angry; he rejected Israel completely.

He gave up his might into captivity, his glorious ark into the hands of the foe. God delivered his people to the sword; he was enraged against his heritage.",repo://assets/nabre.db,,2e6cae505afd967ffbbbffb06a2542c030a66bbb521c287c3b22f92ccf6f2bc2,05e0011f3b7fe9d34aee960fd064fb0a68672c809743d8fe62b5fc05a4b65c82,100
local_nabre,ps79_1_2_3_4_5_8_9,WORLD,,,generic,,,,"ps79:1-2,3-4,5+8,9","For the glory of your name, O Lord, deliver us.","Psalm 79 A Prayer for Jerusalem - A psalm of Asaph. I - O God, the nations have invaded your inheritance; they have defiled your holy temple; they have laid Jerusalem in ruins. They have left the corpses of your servants as food for the birds of the sky, the flesh of those devoted to you for the beasts of the earth.

They have poured out their blood like water all around Jerusalem, and no one is left to do the burying. We have become the reproach of our neighbors, the scorn and derision of those around us.

How long, LORD? Will you be angry forever? Will your jealous anger keep burning like fire? Do not remember against us the iniquities of our forefathers; let your compassion move quickly ahead of us, for we have been brought very low.

Deliver us, pardon our sins for your name’s sake.",repo://assets/nabre.db,,8bd3aa92d968d8a394be1a86249940958a3cec14ddd029fde924cf882e1bacc8,42bc126a20b22062a83dde33a5e4ec386770afd3dc2decc497814479d48e1e93,100
local_nabre,ps79_1_2_3_5_8_9,WORLD,,,generic,,,,"ps79:1-2,3-5,8-9","For the glory of your name, O Lord, deliver us.","Psalm 79 A Prayer for Jerusalem - A psalm of Asaph. I - O God, the nations have invaded your inheritance; they have defiled your holy temple; they have laid Jerusalem in ruins. They have left the corpses of your servants as food for the birds of the sky, the flesh of those devoted to you for the beasts of the earth.

They have poured out their blood like water all around Jerusalem, and no one is left to do the burying. We have become the reproach of our neighbors, the scorn and derision of those around us. How long, LORD? Will you be angry forever? Will your jealous anger keep burning like fire?

Do not remember against us the iniquities of our forefathers; let your compassion move quickly ahead of us, for we have been brought very low. Deliver us, pardon our sins for your name’s sake.",repo://assets/nabre.db,,d18d9bd2bfd7ea3f587c6ed0379b5598747a45c4f9679cbd2db8a2ac7bda086b,42bc126a20b22062a83dde33a5e4ec386770afd3dc2decc497814479d48e1e93,100
local_nabre,ps79_5_8_9_11_13,WORLD,,,generic,,,,"ps79:5+8,9+11,13","For the glory of your name, O Lord, deliver us.","How long, LORD? Will you be angry forever? Will your jealous anger keep burning like fire? Do not remember against us the iniquities of our forefathers; let your compassion move quickly ahead of us, for we have been brought very low.

Deliver us, pardon our sins for your name’s sake. Let the groaning of the imprisoned come in before you; in accord with the greatness of your arm preserve those doomed to die.

Then we, your people, the sheep of your pasture, will give thanks to you forever; from generation to generation we will recount your praise.",repo://assets/nabre.db,,adda51fe2102ba7c64262fe31fdb986a5d0b75c8078f84bf2450a1adca54f476,c083b3b3a6dc4988a4e571eef3b0ab7f327f2ebe6ddb5b8e6b89759916f1daeb,100
local_nabre,ps79_8_9_11_13,WORLD,,,generic,,,,"ps79:8,9,11+13","Lord, do not deal with us as our sins deserve.","Do not remember against us the iniquities of our forefathers; let your compassion move quickly ahead of us, for we have been brought very low.

Deliver us, pardon our sins for your name’s sake.

Let the groaning of the imprisoned come in before you; in accord with the greatness of your arm preserve those doomed to die. Then we, your people, the sheep of your pasture, will give thanks to you forever; from generation to generation we will recount your praise.",repo://assets/nabre.db,,be664edfd862e1d4d23420ffd69112b9c58a8f56b28ff5281ca6c0d8270ae3e0,2f81d6b96a69b98fe5086084df3a93cae6980d9911888e5ae957620afc519b1d,100
local_nabre,ps7_1_2_8bc_9_10_11,WORLD,,,generic,,,,"ps7:1-2,8bc-9,10-11","Lord, my God, I take shelter in you.","Psalm 7 God the Vindicator - A plaintive song of David, which he sang to the LORD concerning Cush, the Benjaminite. I - LORD my God, in you I trusted; save me; rescue me from all who pursue me,

Have the assembly of the peoples gather about you; and return on high above them, the LORD will pass judgment on the peoples. Judge me, LORD, according to my righteousness, and my integrity.

Uphold the just one, O just God, who tries hearts and minds. God is a shield above me saving the upright of heart.",repo://assets/nabre.db,,ad309a66d10b80aad018afa0b1a78e289ff1771c76fdf5fcbf7025c41b6bac74,f1095c33301031ac2e9eb76e42549069d7ae38ac62eae81dfba5a41fc439b85d,100
local_nabre,ps80_1_2_14_15_18_19,WORLD,,,generic,,,,"ps80:1-2,14-15,18-19","Let us see your face, Lord, and we shall be saved.","Psalm 80 Prayer to Restore God’s Vineyard - For the leader; according to “Lilies.” Eduth. A psalm of Asaph. I - O Shepherd of Israel, lend an ear, you who guide Joseph like a flock! Seated upon the cherubim, shine forth

The boar from the forest strips the vine; the beast of the field feeds upon it. Turn back again, God of hosts; look down from heaven and see; Visit this vine,

May your hand be with the man on your right, with the son of man whom you made strong for yourself. Then we will not withdraw from you; revive us, and we will call on your name.",repo://assets/nabre.db,,0e3f480440343fdfb6605922b5aff8d4fb7c67fdd65a5785c6d7ac266c1c6d08,74643aaae658910480a52faa0c49725d0dbd8c7313bf6bdee5585e0b3f2afffd,100
local_nabre,ps80_1_2_4_6,WORLD,,,generic,,,,"ps80:1-2,4-6","O God, let us see your face that we may be saved.","Psalm 80 Prayer to Restore God’s Vineyard - For the leader; according to “Lilies.” Eduth. A psalm of Asaph. I - O Shepherd of Israel, lend an ear, you who guide Joseph like a flock! Seated upon the cherubim, shine forth

O God, restore us; light up your face and we shall be saved. LORD of hosts, how long will you smolder in anger while your people pray? You have fed them the bread of tears, made them drink tears in great measure.",repo://assets/nabre.db,,818af4d110da78edb5fb7a3cacdadd5bdfa3bd3e8efdc174d69d27274865c49b,e7bad5edfd3dd2a70498bec0558e8a69e4854a89c65cd61058551b756468b74d,100
local_nabre,ps80_1ac_2b_14_15_17_18,WORLD,,,generic,,,,"ps80:1ac+2b,14-15,17-18","Lord, let us see your face and we shall be saved.++","Psalm 80 Prayer to Restore God’s Vineyard - For the leader; according to “Lilies.” Eduth. A psalm of Asaph. I - O Shepherd of Israel, lend an ear, you who guide Joseph like a flock! Seated upon the cherubim, shine forth

The boar from the forest strips the vine; the beast of the field feeds upon it. Turn back again, God of hosts; look down from heaven and see; Visit this vine,

Those who would burn or cut it down— may they perish at your rebuke. May your hand be with the man on your right, with the son of man whom you made strong for yourself.",repo://assets/nabre.db,,6103232dc80b3f11632717b8bf214452ab1075ceb3ecb22e03671f950dcd5f18,dd7caf53a5cd7de0280e45b5ef138c1f6c901883178abe0fae77929954fe6643,100
local_nabre,ps80_2_3_15_16_18_19,WORLD,,,generic,,,,"ps80:2-3,15-16,18-19","(4) Lord, make us turn to you;","I - O Shepherd of Israel, lend an ear, you who guide Joseph like a flock! Seated upon the cherubim, shine forth upon Ephraim, Benjamin, and Manasseh. Stir up your power, and come to save us.

Turn back again, God of hosts; look down from heaven and see; Visit this vine, the stock your right hand has planted, and the son whom you made strong for yourself.

May your hand be with the man on your right, with the son of man whom you made strong for yourself. Then we will not withdraw from you; revive us, and we will call on your name.",repo://assets/nabre.db,,392d8f77e59faed438ddf44f45fd70c2a67a7ceb13695fd2a498ed99b930a866,7fb3c0b48b97637ada9f7c5f8cd7aa8d492928e4bebaaa3c8c0d5499cb4b5e61,100
local_nabre,ps80_9_12_13_14_15_16_19_20,WORLD,,,generic,,,,"ps80:9,12,13-14,15-16,19-20",(Is 5:7a) The vineyard of the Lord is the house of Israel.,"You brought a vine out of Egypt; you drove out nations and planted it.

It sent out its boughs as far as the sea, its shoots as far as the river.

Why have you broken down its walls, so that all who pass along the way pluck its fruit? The boar from the forest strips the vine; the beast of the field feeds upon it.

Turn back again, God of hosts; look down from heaven and see; Visit this vine, the stock your right hand has planted, and the son whom you made strong for yourself.

Then we will not withdraw from you; revive us, and we will call on your name. LORD God of hosts, restore us; light up your face and we shall be saved.",repo://assets/nabre.db,,667b9649a261f1ca8bad0db48bdc257a7854c6ebc3df1072570fb46f1a403b77,e07cca64a06de40db552ed65e86a1eaeaf2fc90379331d4d2ab6ac3a035e6b30,100
local_nabre,ps81_11_12_13_14_15_16,WORLD,,,generic,,,,"ps81:11-12,13-14,15-16",Sing with joy to God our help.,"‘I am the LORD your God, who brought you up from the land of Egypt. Open wide your mouth that I may fill it.’ But my people did not listen to my words; Israel would not submit to me.

So I thrust them away to the hardness of their heart; ‘Let them walk in their own machinations.’ O that my people would listen to me, that Israel would walk in my ways,

In a moment I would humble their foes, and turn back my hand against their oppressors. Those who hate the LORD will try flattering him, but their fate is fixed forever.",repo://assets/nabre.db,,07c366438f255b5ae5ddd275f43742b0a865ebf579ab3f8dde44cf098dab1ad5,85010feba2dc9a5a6b72b49420bd1c93b5a1d466903f20aa3a7d52c5e9efc88e,100
local_nabre,ps81_2_3_4_5_9_10,WORLD,,,generic,,,,"ps81:2-3,4-5,9-10",Sing with joy to God our help.,"I - Sing joyfully to God our strength; raise loud shouts to the God of Jacob! Take up a melody, sound the timbrel, the pleasant lyre with a harp.

Blow the shofar at the new moon, at the full moon, on our solemn feast. For this is a law for Israel, an edict of the God of Jacob,

‘Listen, my people, I will testify against you Selah If only you will listen to me, Israel! There shall be no foreign god among you; you shall not bow down to an alien god.",repo://assets/nabre.db,,ed9c04d22d3acf1c27c7ab081ddbcb596b73dae6483968fb78ec2b5623af086d,ed129708e1a5251879cbc76ca0438b75848d74e5f2852ce4310b562e625f1cc3,100
local_nabre,ps81_3_4_5_6_6_8_10_11,WORLD,,,generic,,,,"ps81:3-4,5-6,6-8,10-11",(2a) Sing with joy to God our help.,"Take up a melody, sound the timbrel, the pleasant lyre with a harp. Blow the shofar at the new moon, at the full moon, on our solemn feast.

For this is a law for Israel, an edict of the God of Jacob, He made it a decree for Joseph when he came out of the land of Egypt.

He made it a decree for Joseph when he came out of the land of Egypt. I heard a tongue I did not know: “I removed his shoulder from the burden; his hands moved away from the basket. In distress you called and I rescued you; I answered you in secret with thunder; At the waters of Meribah I tested you:

There shall be no foreign god among you; you shall not bow down to an alien god. ‘I am the LORD your God, who brought you up from the land of Egypt. Open wide your mouth that I may fill it.’",repo://assets/nabre.db,,f9903ab990ed3a51a6108e8769e18e561c47f6e5e2f98bb090e57b820128d3d4,16eced4119b11e8ad1b9ac911940c01e247de37ec2a4551d26758871a0556452,100
local_nabre,ps81_5c_7a_7bc_8_9_10ab_13_16,WORLD,,,generic,,,,"ps81:5c-7a,7bc-8,9-10ab,13+16","I am the Lord, your God: hear my voice.","For this is a law for Israel, an edict of the God of Jacob, He made it a decree for Joseph when he came out of the land of Egypt. I heard a tongue I did not know: “I removed his shoulder from the burden; his hands moved away from the basket.

I heard a tongue I did not know: “I removed his shoulder from the burden; his hands moved away from the basket. In distress you called and I rescued you; I answered you in secret with thunder; At the waters of Meribah I tested you:

‘Listen, my people, I will testify against you Selah If only you will listen to me, Israel! There shall be no foreign god among you; you shall not bow down to an alien god.

So I thrust them away to the hardness of their heart; ‘Let them walk in their own machinations.’ Those who hate the LORD will try flattering him, but their fate is fixed forever.",repo://assets/nabre.db,,8ca393368178f449d14b4db7dca7e0c71a0e9efca4fa49dd75c08f082fbe64fa,a555d07146268626814961df6f01d92e6c9f0db7502ee3c257af4916bcabf0a8,100
local_nabre,ps81_9_10ab_11_12_13_14,WORLD,,,generic,,,,"ps81:9-10ab,11-12,13-14","I am the Lord, your God; hear my voice.","‘Listen, my people, I will testify against you Selah If only you will listen to me, Israel! There shall be no foreign god among you; you shall not bow down to an alien god.

‘I am the LORD your God, who brought you up from the land of Egypt. Open wide your mouth that I may fill it.’ But my people did not listen to my words; Israel would not submit to me.

So I thrust them away to the hardness of their heart; ‘Let them walk in their own machinations.’ O that my people would listen to me, that Israel would walk in my ways,",repo://assets/nabre.db,,7314a5118ffdf0fdc5b57c94e48a08f159fd59322e9904cfd1fcf5eadccb6aeb,b080bf8641b9b99c2f7e2341a50188222676b3c28a32ddd31c0ad0145329b413,100
local_nabre,ps82_3_4_6_7,WORLD,,,generic,,,,"ps82:3-4,6-7","Rise up, O God, bring judgment to the earth.","“Defend the lowly and fatherless; render justice to the afflicted and needy. Rescue the lowly and poor; deliver them from the hand of the wicked.”

I declare: “Gods though you be, offspring of the Most High all of you, Yet like any mortal you shall die; like any prince you shall fall.”",repo://assets/nabre.db,,1fd526ff5c4c86d55f420537281e1a7a0e19d70b5489d0b8a174190609c3a405,648478c6758b04885c31c3780226096dcd8b4fc654a483993561cb3353d8289b,100
local_nabre,ps84_1_2_3_4_5_7_10,WORLD,,,generic,,,,"ps84:1-2,3,4-5,7+10",Here God lives among his people.,"Psalm 84 Prayer of a Pilgrim to Jerusalem - For the leader; “upon the gittith.” A psalm of the Korahites. I - How lovely your dwelling, O LORD of hosts!

My heart and flesh cry out for the living God.

As the sparrow finds a home and the swallow a nest to settle her young, My home is by your altars, LORD of hosts, my king and my God! Blessed are those who dwell in your house! They never cease to praise you. Selah

The early rain covers it with blessings. O God, watch over our shield; look upon the face of your anointed.",repo://assets/nabre.db,,6d16d404566f8b5805a4a6209c043201fd7f9181990cb2107604fb9d737ad265,244d46a5ba48f4ba1bff1c8fb05a987a49a6b383eaa47e5c012ab9cbad956023,100
local_nabre,ps84_2_3_4_5_11,WORLD,,,generic,,,,"ps84:2,3,4-5,11","How lovely is your dwelling place, Lord, mighty God!","I - How lovely your dwelling, O LORD of hosts!

My heart and flesh cry out for the living God.

As the sparrow finds a home and the swallow a nest to settle her young, My home is by your altars, LORD of hosts, my king and my God! Blessed are those who dwell in your house! They never cease to praise you. Selah

Better the threshold of the house of my God than a home in the tents of the wicked.",repo://assets/nabre.db,,4adbb59ba2d0f6aa8e3e16c8a928d17b083832b0513eb159c20411d09580296e,81bc9d639addf096a2b0d7c0d7340d74460cf7a19fed1d23b3b4261832ca389e,100
local_nabre,ps84_2_3_4_5a_7_10,WORLD,,,generic,,,,"ps84:2,3,4-5a+7,10","How lovely is your dwelling place,","I - How lovely your dwelling, O LORD of hosts!

My heart and flesh cry out for the living God.

As the sparrow finds a home and the swallow a nest to settle her young, My home is by your altars, LORD of hosts, my king and my God! Blessed are those who dwell in your house! They never cease to praise you. Selah The early rain covers it with blessings.

O God, watch over our shield; look upon the face of your anointed.",repo://assets/nabre.db,,ed141c040eb8e8f29da6ce8bfab619e63614368f946b24dfafe78ed71e866faa,335fae1786d39d8cd6575da4683191e7a7b7f13dd1814a59365c63bac8d66f84,100
local_nabre,ps84_2_3_4_5a_7a_10,WORLD,,,generic,,,,"ps84:2,3,4-5a+7a,10","How lovely is your dwelling place,","I - How lovely your dwelling, O LORD of hosts!

My heart and flesh cry out for the living God.

As the sparrow finds a home and the swallow a nest to settle her young, My home is by your altars, LORD of hosts, my king and my God! Blessed are those who dwell in your house! They never cease to praise you. Selah The early rain covers it with blessings.

O God, watch over our shield; look upon the face of your anointed.",repo://assets/nabre.db,,ed141c040eb8e8f29da6ce8bfab619e63614368f946b24dfafe78ed71e866faa,335fae1786d39d8cd6575da4683191e7a7b7f13dd1814a59365c63bac8d66f84,100
local_nabre,ps84_2_3_4_9_10,WORLD,,,generic,,,,"ps84:2,3,4+9,10","How lovely is your dwelling place,","I - How lovely your dwelling, O LORD of hosts!

My heart and flesh cry out for the living God.

As the sparrow finds a home and the swallow a nest to settle her young, My home is by your altars, LORD of hosts, my king and my God! Selah

O God, watch over our shield; look upon the face of your anointed.",repo://assets/nabre.db,,f2dad9179b675fd6a8b7451758bfe4d21143c4d35e45fd2fd8eca93cf2fc2ae9,fb336485ff74346adfb5ccdfc72b3e25036dddafab75ea89f8ee7d1a6731dc41,100
local_nabre,ps84_2_3_5_6_9_10,WORLD,,,generic,,,,"ps84:2-3,5-6,9-10","Blessed are they who dwell in your house, O Lord.","I - How lovely your dwelling, O LORD of hosts! My heart and flesh cry out for the living God.

Blessed are those who dwell in your house! They never cease to praise you. Selah Blessed the man who finds refuge in you, in their hearts are pilgrim roads.

Selah O God, watch over our shield; look upon the face of your anointed.",repo://assets/nabre.db,,dc80d4e2392a4e66bcf8da022f01e9ef06cb6f59f3c345a50da946ccd482769f,6be2e0330558ff60e0fb86d58b67cff38626a852aeff9655878ed68a5a36467e,100
local_nabre,ps85_1_3_4_5_6_7,WORLD,,,generic,,,,"ps85:1-3,4-5,6-7","Lord, show us your mercy and love.","Psalm 85 Prayer for Divine Favor - For the leader. A psalm of the Korahites. I - You once favored, LORD, your land, restored the captives of Jacob. Selah

You withdrew all your wrath, turned back from your burning anger. Restore us, God of our salvation; let go of your displeasure with us.

Will you be angry with us forever, prolong your anger for all generations? Certainly you will again restore our life, that your people may rejoice in you.",repo://assets/nabre.db,,4ebd9849fd43cf4141ae009ca0801fd9bc12b74c172261a151cf1620b2901549,105432b7d8a846b59e626b7b9ff470c04b55863f54611e17b18f39fa498d7e70,100
local_nabre,ps85_7_9_10_11_12_13,WORLD,,,generic,,,,"ps85:7+9,10-11,12-13",Kindness and truth shall meet.,"Certainly you will again restore our life, that your people may rejoice in you. May they not turn to foolishness!

Near indeed is his salvation for those who fear him; glory will dwell in our land. Love and truth will meet; justice and peace will kiss.

Truth will spring from the earth; justice will look down from heaven. Yes, the LORD will grant his bounty; our land will yield its produce.",repo://assets/nabre.db,,ad73b0a40942dd1309008173d18f9f6b75fa628e506bd3e03d75e7a788625c04,16c94f513e0f996e10a25d7ce79bc2fc23dac62f96eb8971db298d032641b66a,100
local_nabre,ps85_8_10_11_12_13,WORLD,,,generic,,,,"ps85:8,10-11,12-13",The Lord speaks of peace to his people.,"Show us, LORD, your mercy; grant us your salvation.

Near indeed is his salvation for those who fear him; glory will dwell in our land. Love and truth will meet; justice and peace will kiss.

Truth will spring from the earth; justice will look down from heaven. Yes, the LORD will grant his bounty; our land will yield its produce.",repo://assets/nabre.db,,b95cbcc694c9b3a5e29977e27fd58467da8605be88f209a9897fd3b846207817,6cc2d328881dcd8368877132a9745be359bf6ee7a5b0fdf9a8c7dbc8bf33add6,100
local_nabre,ps85_8ab_9_10_11_12_13,WORLD,,,generic,,,,"ps85:8ab-9,10-11,12-13",Our God will come to save us!,"Show us, LORD, your mercy; grant us your salvation. May they not turn to foolishness!

Near indeed is his salvation for those who fear him; glory will dwell in our land. Love and truth will meet; justice and peace will kiss.

Truth will spring from the earth; justice will look down from heaven. Yes, the LORD will grant his bounty; our land will yield its produce.",repo://assets/nabre.db,,bf7b2040c52066e7a0b3c0d873ab9770764f863ebf5a9e28a457217999a457e8,ab678abfed61fae6e09760a0265b980b647b2fe3053d747bbfbc46dc76d10487,100
local_nabre,ps85_8ab_9_10_11_12_14,WORLD,,,generic,,,,"ps85:8ab-9,10-11,12-14",Let the clouds rain down the Just One.++,"Show us, LORD, your mercy; grant us your salvation. May they not turn to foolishness!

Near indeed is his salvation for those who fear him; glory will dwell in our land. Love and truth will meet; justice and peace will kiss.

Truth will spring from the earth; justice will look down from heaven. Yes, the LORD will grant his bounty; our land will yield its produce. Justice will march before him, and make a way for his footsteps.",repo://assets/nabre.db,,58a4ca27abf890ca6924fb2f9d8e05451ab7342bbfdf158787de9633eaf897d0,f387a6c953479d86f1d423e6cc3474251c203e4e7c87f1115f209f5a28eea954,100
local_nabre,ps85_9_10_11_12_13_14,WORLD,,,generic,,,,"ps85:9-10,11-12,13-14","(8) Lord, let us see your kindness, and grant us your salvation.","May they not turn to foolishness! Near indeed is his salvation for those who fear him; glory will dwell in our land.

Love and truth will meet; justice and peace will kiss. Truth will spring from the earth; justice will look down from heaven.

Yes, the LORD will grant his bounty; our land will yield its produce. Justice will march before him, and make a way for his footsteps.",repo://assets/nabre.db,,23dd91320510cd65765502d9cee027cc3313fb81de0dcf76025ebcebffe53b7e,12bba8a2c8a39a3320be1e540201050cb9e532c25b690968493574074808aef4,100
local_nabre,ps86_1_2_3_4_5_6,WORLD,,,generic,,,,"ps86:1-2,3-4,5-6","Listen, Lord, and answer me.","Psalm 86 Prayer in Time of Distress - A prayer of David. I - Incline your ear, LORD, and answer me, for I am poor and oppressed. You are my God;

be gracious to me, Lord; to you I call all the day. Gladden the soul of your servant; to you, Lord, I lift up my soul.

Lord, you are good and forgiving, most merciful to all who call on you. LORD, hear my prayer; listen to my cry for help.",repo://assets/nabre.db,,fe6be1bda55797effa683da58e78a9674a0d8d931190270f6611282a0ddd5275,6ccb98a1de0ebbcac93c830d91372e149d9b8dcbb704b2d8890cedc4b13b4997,100
local_nabre,ps86_1_2ab_2c_4_5_6,WORLD,,,generic,,,,"ps86:1-2ab,2c-4,5-6","Teach me your way, O Lord.++","Psalm 86 Prayer in Time of Distress - A prayer of David. I - Incline your ear, LORD, and answer me, for I am poor and oppressed. You are my God;

You are my God; be gracious to me, Lord; to you I call all the day. Gladden the soul of your servant; to you, Lord, I lift up my soul.

Lord, you are good and forgiving, most merciful to all who call on you. LORD, hear my prayer; listen to my cry for help.",repo://assets/nabre.db,,2890632e53ebeb3114c883ede610c6e06306c33b03f89511ed808554b8d3b6fc,6150d50d4d8654fefa254e53e184cbc45846ceb1e1871ab8adea7e4c494c647f,100
local_nabre,ps86_2c_4_5_6_9_10,WORLD,,,generic,,,,"ps86:2c-4,5-6,9-10","Lord, you are tender and full of love.","You are my God; be gracious to me, Lord; to you I call all the day. Gladden the soul of your servant; to you, Lord, I lift up my soul.

Lord, you are good and forgiving, most merciful to all who call on you. LORD, hear my prayer; listen to my cry for help.

All the nations you have made shall come to bow before you, Lord, and give honor to your name. For you are great and do wondrous deeds; and you alone are God.",repo://assets/nabre.db,,7217641ee2c65471b2d5fe5928d5ca8a5dcc332248826aef72462fce92eb4db2,ea26d0d07eab9cabba648708d9f5434d21077811b32dbfaa2be2cad1ac48bd1d,100
local_nabre,ps86_5_6_9_10_15_16,WORLD,,,generic,,,,"ps86:5-6,9-10,15-16","(5a) Lord, you are good and forgiving.","Lord, you are good and forgiving, most merciful to all who call on you. LORD, hear my prayer; listen to my cry for help.

All the nations you have made shall come to bow before you, Lord, and give honor to your name. For you are great and do wondrous deeds; and you alone are God.

But you, Lord, are a compassionate and gracious God, slow to anger, abounding in mercy and truth. Turn to me, be gracious to me; give your strength to your servant; save the son of your handmaid.",repo://assets/nabre.db,,058616492b0f4415f047c1710c2a16f11abae63dddc46d9bc2019c18e5fb4ae8,b0705491f3ec941dc9f34679703aa6c1cecb3c76425d245a38a5c012a868801d,100
local_nabre,ps87_1_3_4_5_6_7,WORLD,,,generic,,,,"ps87:1-3,4-5,6-7","All you nations, praise the Lord.","Psalm 87 Zion the True Birthplace - A psalm of the Korahites. A song. I - His foundation is on holy mountains, The LORD loves the gates of Zion more than any dwelling in Jacob. Glorious things are said of you, O city of God! Selah

See, Philistia and Tyre, with Ethiopia, “This one was born there.” And of Zion it will be said: “Each one was born in it.” The Most High will establish it;

the LORD notes in the register of the peoples: “This one was born there.” Selah So singers and dancers: “All my springs are in you.”",repo://assets/nabre.db,,fdafc9f7d5b576a2d60bc65c38002e37cbe8e63aa5e7a989da3bcd457dd78e76,30314f9347e6fded5dc6093a1ae348a3f9d0f2ceb4e86b1ac91c9c0955a2bdbb,100
local_nabre,ps88_1_2_3_4_5_6_7,WORLD,,,generic,,,,"ps88:1-2,3-4,5,6-7","Let my prayer come before you, Lord.","Psalm 88 A Despairing Lament - A song; a psalm of the Korahites. For the leader; according to Mahalath. For singing; a maskil of Heman the Ezrahite. I - LORD, the God of my salvation, I call out by day; at night I cry aloud in your presence.

Let my prayer come before you; incline your ear to my cry. For my soul is filled with troubles; my life draws near to Sheol.

I am reckoned with those who go down to the pit; I am like a warrior without strength.

You remember them no more; they are cut off from your influence. You plunge me into the bottom of the pit, into the darkness of the abyss.",repo://assets/nabre.db,,9ce33771bb782ff074eeb6cfcd95394feb10aa63feadc01d90673cf5caa9ec22,10d2072bf4424164e8ab789df86c5890d5d024038c8eb45187ff37e5e5c3ed4c,100
local_nabre,ps88_9bc_10_11_12_13_14,WORLD,,,generic,,,,"ps88:9bc-10,11-12,13-14","Let my prayer come before you, Lord.","Because of you my acquaintances shun me; you make me loathsome to them; Caged in, I cannot escape; my eyes grow dim from trouble. All day I call on you, LORD; I stretch out my hands to you.

Do you work wonders for the dead? Do the shades arise and praise you? Selah Is your mercy proclaimed in the grave, your faithfulness among those who have perished?

Are your marvels declared in the darkness, your righteous deeds in the land of oblivion? But I cry out to you, LORD; in the morning my prayer comes before you.",repo://assets/nabre.db,,9d320ea38bd51d6689db103d8834fbe6ab713a740bda99503462e3b7f605e818,d8aece778b68968d88295dbd3fe2b0263d2d71546804765924e0ed7e87a52523,100
local_nabre,ps89_15_16_17_18,WORLD,,,generic,,,,"ps89:15-16,17-18",For ever I will sing the goodness of the Lord.,"Justice and judgment are the foundation of your throne; mercy and faithfulness march before you. Blessed the people who know the war cry, who walk in the radiance of your face, LORD.

In your name they sing joyfully all the day; they rejoice in your righteousness. You are their majestic strength; by your favor our horn is exalted.",repo://assets/nabre.db,,d52ec434d6cfd5ff300460c0003ca52f0721c5874e81708f91f3d4685e85df4d,fc426ac6ca8e2389e8e6f89ecbc095713492dec90cad5abdfd002e5c49d85506,100
local_nabre,ps89_19_20_21_24_25,WORLD,,,generic,,,,"ps89:19,20-21,24-25",My faithfulness and steadfast love shall be with him.,"Truly the LORD is our shield, the Holy One of Israel, our king!

Then you spoke in vision; to your faithful ones you said: “I have set a leader over the warriors; I have raised up a chosen one from the people. I have chosen David, my servant; with my holy oil I have anointed him.

I will crush his foes before him, strike down those who hate him. My faithfulness and mercy will be with him; through my name his horn will be exalted.",repo://assets/nabre.db,,8a9ce71a0c54e50b36a318948642de799fefda084d2ee432e93d7c5343f8b42d,3b902574147e6b8991f9514026645e3d5c06ddd6b8d76f3e2b5f95415b1d7841,100
local_nabre,ps89_19_20_21_26_27,WORLD,,,generic,,,,"ps89:19,20-21,26-27","I have found David, my servant.","Truly the LORD is our shield, the Holy One of Israel, our king!

Then you spoke in vision; to your faithful ones you said: “I have set a leader over the warriors; I have raised up a chosen one from the people. I have chosen David, my servant; with my holy oil I have anointed him.

I will set his hand upon the sea, his right hand upon the rivers. He shall cry to me, ‘You are my father, my God, the Rock of my salvation!’",repo://assets/nabre.db,,632192e227e984e38f7f1126e329b48305f48c46df957018baa6f102591859a9,6749ea87ff634e330b4bb2a3fbed34f42d04fa4e36920700e3e372f249b119a0,100
local_nabre,ps89_1_2_3_4_26_28,WORLD,,,generic,,,,"ps89:1-2,3-4,26+28",For ever I will sing the goodness of the Lord.,"Psalm 89 A Lament over God’s Promise to David - A maskil of Ethan the Ezrahite. I will sing of your mercy forever, LORD proclaim your faithfulness through all ages.

For I said, “My mercy is established forever; my faithfulness will stand as long as the heavens. I have made a covenant with my chosen one; I have sworn to David my servant:

I will set his hand upon the sea, his right hand upon the rivers. I myself make him the firstborn, Most High over the kings of the earth.",repo://assets/nabre.db,,bb270cc0405d30ccff62ea9bb4f884b26a413b101d72c5f451e7ba56601c9dd8,ef337ba31514490f5c82d53791d20371c224f1af5147eab318710ae3f3ccea3b,100
local_nabre,ps89_2_3_16_17_18_19,WORLD,,,generic,,,,"ps89:2-3,16-17,18-19",(2a) For ever I will sing the goodness of the Lord.,"I will sing of your mercy forever, LORD proclaim your faithfulness through all ages. For I said, “My mercy is established forever; my faithfulness will stand as long as the heavens.

Blessed the people who know the war cry, who walk in the radiance of your face, LORD. In your name they sing joyfully all the day; they rejoice in your righteousness.

You are their majestic strength; by your favor our horn is exalted. Truly the LORD is our shield, the Holy One of Israel, our king!",repo://assets/nabre.db,,6a0cbc709685a369428f2ff3e1505db7c0c150d35363516b2ce8069cf1ebb027,44629979513886bdf1b418549c54de47c72a7bea717bd280fc5aab21fc2f693d,100
local_nabre,ps89_2_3_21_22_25_27,WORLD,,,generic,,,,"ps89:2-3,21-22,25+27",For ever I will sing the goodness of the Lord.,"I will sing of your mercy forever, LORD proclaim your faithfulness through all ages. For I said, “My mercy is established forever; my faithfulness will stand as long as the heavens.

I have chosen David, my servant; with my holy oil I have anointed him. My hand will be with him; my arm will make him strong.

My faithfulness and mercy will be with him; through my name his horn will be exalted. He shall cry to me, ‘You are my father, my God, the Rock of my salvation!’",repo://assets/nabre.db,,02b42803dd82b1687ef839e54668a5ace03233a7548f1c43feff740aec59a3e2,6120bc582097070557c8d20dd4d6d843541efe7f6e65716ffd26fe83548c88e2,100
local_nabre,ps89_2_3_4_5_27_29,WORLD,,,generic,,,,"ps89:2-3,4-5,27,29",(2a) For ever I will sing the goodness of the Lord.,"I will sing of your mercy forever, LORD proclaim your faithfulness through all ages. For I said, “My mercy is established forever; my faithfulness will stand as long as the heavens.

I have made a covenant with my chosen one; I have sworn to David my servant: I will make your dynasty stand forever and establish your throne through all ages.” Selah

He shall cry to me, ‘You are my father, my God, the Rock of my salvation!’

Forever I will maintain my mercy for him; my covenant with him stands firm.",repo://assets/nabre.db,,98aec5cf038a8a393052bb86b92f0f24743658e09fe6a5d38fd5c5a591e27da1,8f78b2271397b23deec643fd2cc961a182c6f7a8f468a26a2c41ece02acd8acb,100
local_nabre,ps89_3_4_26_27_28_29,WORLD,,,generic,,,,"ps89:3-4,26-27,28-29",For ever I will pledge my love for my servant.,"For I said, “My mercy is established forever; my faithfulness will stand as long as the heavens. I have made a covenant with my chosen one; I have sworn to David my servant:

I will set his hand upon the sea, his right hand upon the rivers. He shall cry to me, ‘You are my father, my God, the Rock of my salvation!’

I myself make him the firstborn, Most High over the kings of the earth. Forever I will maintain my mercy for him; my covenant with him stands firm.",repo://assets/nabre.db,,f9004e085556b197de51c491b9455938b1d023155ae12a39acbc90bf8d1bece0,66fb3fb3030815a4400836ba7ebddb3e5f68e04a8ce442a6ea64130640004e1b,100
local_nabre,ps89_3_4_28_29_30_32_33_34,WORLD,,,generic,,,,"ps89:3-4,28-29,30+32,33-34",For ever I will pledge my love for my servant.,"For I said, “My mercy is established forever; my faithfulness will stand as long as the heavens. I have made a covenant with my chosen one; I have sworn to David my servant:

I myself make him the firstborn, Most High over the kings of the earth. Forever I will maintain my mercy for him; my covenant with him stands firm.

I will establish his dynasty forever, his throne as the days of the heavens. If they fail to observe my statutes, do not keep my commandments,

I will punish their crime with a rod and their guilt with blows. But I will not take my mercy from him, nor will I betray my bond of faithfulness.",repo://assets/nabre.db,,7bc325336e364c31d5bf557044bbc6125e7994d671ddde7bbde9d57241bd0cda,953e4281c0a592da4cf4fd98031992d89f2432c631ccd4dc1036f6a9cb68fbcf,100
local_nabre,ps89_3_4_5_6_12_13_14_17,WORLD,,,generic,,,,"ps89:3-4,5-6,12-13,14,17","(1) If today you hear his voice, harden not your hearts.","For I said, “My mercy is established forever; my faithfulness will stand as long as the heavens. I have made a covenant with my chosen one; I have sworn to David my servant:

I will make your dynasty stand forever and establish your throne through all ages.” Selah The heavens praise your marvels, LORD, your loyalty in the assembly of the holy ones.

Yours are the heavens, yours the earth; you founded the world and everything in it. Zaphon and Amanus you created; Tabor and Hermon rejoice in your name.

Your hand is strong; your right hand is ever exalted.

In your name they sing joyfully all the day; they rejoice in your righteousness.",repo://assets/nabre.db,,f7ddbc35c5896713def7a15e3d57be3fc7be2c67b653ab5dee1aeae46d7555f3,0e62d03bbe4aaeac7ccdca05bf05bf7786d4c668c1fd5d3af56d227d4b69d45e,100
local_nabre,ps89_4_5_16_17_27_29,WORLD,,,generic,,,,"ps89:4-5,16-17,27,29",(2a) For ever I will sing the goodness of the Lord.,"I have made a covenant with my chosen one; I have sworn to David my servant: I will make your dynasty stand forever and establish your throne through all ages.” Selah

Blessed the people who know the war cry, who walk in the radiance of your face, LORD. In your name they sing joyfully all the day; they rejoice in your righteousness.

He shall cry to me, ‘You are my father, my God, the Rock of my salvation!’

Forever I will maintain my mercy for him; my covenant with him stands firm.",repo://assets/nabre.db,,b1e9fb773ec1bb1867387c1549a8ffd321a799f7fbdba021f44354609569897d,5be8e4048a072d802b659ec04b3a7234fe1db069edc6d816b0cd2a199a458c8e,100
local_nabre,ps8_1_2_3_4_5_6ab_6c_8,WORLD,,,generic,,,,"ps8:1-2,3-4,5-6ab,6c-8",You gave your Son authority over all your creation.,"Psalm 8 Divine Majesty and Human Dignity - For the leader; “upon the gittith.” A psalm of David. O LORD, our Lord, how awesome is your name through all the earth! I will sing of your majesty above the heavens

with the mouths of babes and infants. You have established a bulwark against your foes, to silence enemy and avenger. When I see your heavens, the work of your fingers, the moon and stars that you set in place—

What is man that you are mindful of him, and a son of man that you care for him? Yet you have made him little less than a god, crowned him with glory and honor.

Yet you have made him little less than a god, crowned him with glory and honor. You have given him rule over the works of your hands, put all things at his feet: All sheep and oxen, even the beasts of the field,",repo://assets/nabre.db,,d130b220b551124343ec7d90f766ad1e06bf4449c361063ced68ddf42084f6c7,b2be6a6bb7ed4e012f0f1743c26f96de66d7ff2e3a04620b6ff5891f075dcbac,100
local_nabre,ps8_1_2a_3_4_5_6,WORLD,,,generic,,,,"ps8:1-2a,3-4,5-6",You gave your Son authority over all your creation.,"Psalm 8 Divine Majesty and Human Dignity - For the leader; “upon the gittith.” A psalm of David. O LORD, our Lord, how awesome is your name through all the earth! I will sing of your majesty above the heavens

with the mouths of babes and infants. You have established a bulwark against your foes, to silence enemy and avenger. When I see your heavens, the work of your fingers, the moon and stars that you set in place—

What is man that you are mindful of him, and a son of man that you care for him? Yet you have made him little less than a god, crowned him with glory and honor.",repo://assets/nabre.db,,66a6695bff1c38c2d787d96ec626c725368a32658832b566730ac440f134f231,dc3152f24f11144d2fee4a91930531be67bf85a68ec7b6421decc573970ba762,100
local_nabre,ps8_2a_5_6_7_8_9,WORLD,,,generic,,,,"ps8:2a+5,6-7,8-9","O Lord, our God, how wonderful your name in all the earth!","O LORD, our Lord, how awesome is your name through all the earth! I will sing of your majesty above the heavens What is man that you are mindful of him, and a son of man that you care for him?

Yet you have made him little less than a god, crowned him with glory and honor. You have given him rule over the works of your hands, put all things at his feet:

All sheep and oxen, even the beasts of the field, The birds of the air, the fish of the sea, and whatever swims the paths of the seas.",repo://assets/nabre.db,,99934ba3f3085ed519a5ddc2951cde0bee6f1241d5ccbfb7e691f7d7aee7b4f9,204dd8ebb581837d0a448b99cf93e76e4c4a9bb2b04385f95df44573c7e8d6cc,100
local_nabre,ps8_2ab_5_6_7_8_9,WORLD,,,generic,,,,"ps8:2ab,5,6-7,8-9","O Lord, our God, how wonderful your name in all the earth!","O LORD, our Lord, how awesome is your name through all the earth! I will sing of your majesty above the heavens

What is man that you are mindful of him, and a son of man that you care for him?

Yet you have made him little less than a god, crowned him with glory and honor. You have given him rule over the works of your hands, put all things at his feet:

All sheep and oxen, even the beasts of the field, The birds of the air, the fish of the sea, and whatever swims the paths of the seas.",repo://assets/nabre.db,,d795019f9e8f6bdcf6f018629445c05a3705a2b4c71127501e3de7fd73af291b,204dd8ebb581837d0a448b99cf93e76e4c4a9bb2b04385f95df44573c7e8d6cc,100
local_nabre,ps8_3_4_5_6_7_8,WORLD,,,generic,,,,"ps8:3-4,5-6,7-8","O Lord our God, how wonderful your name in all the earth!","with the mouths of babes and infants. You have established a bulwark against your foes, to silence enemy and avenger. When I see your heavens, the work of your fingers, the moon and stars that you set in place—

What is man that you are mindful of him, and a son of man that you care for him? Yet you have made him little less than a god, crowned him with glory and honor.

You have given him rule over the works of your hands, put all things at his feet: All sheep and oxen, even the beasts of the field,",repo://assets/nabre.db,,1d22b7349e48cec8788d88341d7b8979b5b2d8fdc0b2ef2b70fda6ae73c9eb57,8d22a350677e14160d845595ea004c95fbdde2bf7db0b8bf7ffc0ac240047f5e,100
local_nabre,ps8_4_5_6_7_8_9,WORLD,,,generic,,,,"ps8:4-5,6-7,8-9","(2a) O Lord, our God, how wonderful your name in all the earth!","When I see your heavens, the work of your fingers, the moon and stars that you set in place— What is man that you are mindful of him, and a son of man that you care for him?

Yet you have made him little less than a god, crowned him with glory and honor. You have given him rule over the works of your hands, put all things at his feet:

All sheep and oxen, even the beasts of the field, The birds of the air, the fish of the sea, and whatever swims the paths of the seas.",repo://assets/nabre.db,,08b579582f66963419fdfcaf0073ca70dfb55f0bef5081ee2e3ca5fd911b960a,f26dba8ec47c51011b8dabf7c3f4080f935f03d2e12f33b492f591b1d7fbc24e,100
local_nabre,ps90_12_13_14_15_16_17,WORLD,,,generic,,,,"ps90:12-13,14-15,16-17","(14) Fill us with your love, O Lord, and we will sing for joy!","Teach us to count our days aright, that we may gain wisdom of heart. Relent, O LORD! How long? Have pity on your servants!

Fill us at daybreak with your mercy, that all our days we may sing for joy. Make us glad as many days as you humbled us, for as many years as we have seen trouble.

Show your deeds to your servants, your glory to their children. Prosper the work of our hands! Prosper the work of our hands!",repo://assets/nabre.db,,2a0c3fe4278f7c051f0919faf1bd6c6c29ef80a8019655769e2458af5e6f849a,c9986ee27aba3f22b1e7def1eddd9a0f4bb10845368c58e49ad7b6388faf61a0,100
local_nabre,ps90_1_2_3_4_10_14_16,WORLD,,,generic,,,,"ps90:1-2,3-4,10,14+16","In every age, O Lord, you have been our refuge.","Fourth Book—Psalms 90–106 Psalm 90 God’s Eternity and Human Frailty - A prayer of Moses, the man of God. I - Lord, you have been our refuge through all generations. Before the mountains were born, the earth and the world brought forth, from eternity to eternity you are God.

You turn humanity back into dust, saying, “Return, you children of Adam!” A thousand years in your eyes are merely a day gone by, Before a watch passes in the night,

Seventy is the sum of our years, or eighty, if we are strong; Most of them are toil and sorrow; they pass quickly, and we are gone.

Fill us at daybreak with your mercy, that all our days we may sing for joy. Show your deeds to your servants, your glory to their children.",repo://assets/nabre.db,,daa2dbe67c347032358db956d3315f83fe1db6afd2178f93a76269c876f69bf3,e9ec10c88b5c786782af4bd55f88ef4387a35f2ad741977921e550b54f8ee236,100
local_nabre,ps90_2_3_4_10_14_16,WORLD,,,generic,,,,"ps90:2,3-4,10,14+16","In every age, O Lord, you have been our refuge.","Before the mountains were born, the earth and the world brought forth, from eternity to eternity you are God.

You turn humanity back into dust, saying, “Return, you children of Adam!” A thousand years in your eyes are merely a day gone by, Before a watch passes in the night,

Seventy is the sum of our years, or eighty, if we are strong; Most of them are toil and sorrow; they pass quickly, and we are gone.

Fill us at daybreak with your mercy, that all our days we may sing for joy. Show your deeds to your servants, your glory to their children.",repo://assets/nabre.db,,f962a02820b4135e4ba160ce658015623b506fcd25a884944c5da97f12a4eff3,9c2d2f080af6f856a387685520a5132e45d68d7495b833fb8e437010035cb7b4,100
local_nabre,ps90_2_3_4_5_6_12_13,WORLD,,,generic,,,,"ps90:2,3-4,5-6,12-13","In every age, O Lord, you have been our refuge.","Before the mountains were born, the earth and the world brought forth, from eternity to eternity you are God.

You turn humanity back into dust, saying, “Return, you children of Adam!” A thousand years in your eyes are merely a day gone by, Before a watch passes in the night,

you wash them away; They sleep, and in the morning they sprout again like an herb. In the morning it blooms only to pass away; in the evening it is wilted and withered.

Teach us to count our days aright, that we may gain wisdom of heart. Relent, O LORD! How long? Have pity on your servants!",repo://assets/nabre.db,,437093d6622530f4c4169ac9272eb3ad6390d2f3f0451ec4c1dce9a2adf9fc3b,9988388b31205e543b04968c1dde3adb03a65f691b7f77f6ebd98dfa68321c45,100
local_nabre,ps90_3_4_12_13_14_17,WORLD,,,generic,,,,"ps90:3-4,12-13,14+17","Fill us with your love, O Lord,","You turn humanity back into dust, saying, “Return, you children of Adam!” A thousand years in your eyes are merely a day gone by, Before a watch passes in the night,

Teach us to count our days aright, that we may gain wisdom of heart. Relent, O LORD! How long? Have pity on your servants!

Fill us at daybreak with your mercy, that all our days we may sing for joy. Prosper the work of our hands! Prosper the work of our hands!",repo://assets/nabre.db,,44eb56b498e8844c2e97e93186c1ef3cfd4a997681a9dd44e7a9d2939ca63873,5bca1e9d86ad763a0b3e9f900925b5811025a6053a3dd18b09b37b8f667dd7d9,100
local_nabre,ps90_3_4_5_6_12_13_14_17,WORLD,,,generic,,,,"ps90:3-4,5-6,12-13,14-17","(1) In every age, O Lord, you have been our refuge.","You turn humanity back into dust, saying, “Return, you children of Adam!” A thousand years in your eyes are merely a day gone by, Before a watch passes in the night,

you wash them away; They sleep, and in the morning they sprout again like an herb. In the morning it blooms only to pass away; in the evening it is wilted and withered.

Teach us to count our days aright, that we may gain wisdom of heart. Relent, O LORD! How long? Have pity on your servants!

Fill us at daybreak with your mercy, that all our days we may sing for joy. Make us glad as many days as you humbled us, for as many years as we have seen trouble. Show your deeds to your servants, your glory to their children. Prosper the work of our hands! Prosper the work of our hands!",repo://assets/nabre.db,,db938163ff977f90b1da9b65b7ebf3479fc059f823b115579d2c3d5140911e6e,b99654793e806bb00ef7a139bf50a103e69762d7e8f84735a174e7090662b883,100
local_nabre,ps91_1_2_10_11_12_13_14_15,WORLD,,,generic,,,,"ps91:1-2,10-11,12-13,14-15","Be with me, Lord, when I am in trouble.","Psalm 91 Security Under God’s Protection I - You who dwell in the shelter of the Most High, who abide in the shade of the Almighty, Say to the LORD, “My refuge and fortress, my God in whom I trust.”

No evil shall befall you, no affliction come near your tent. For he commands his angels with regard to you, to guard you wherever you go.

With their hands they shall support you, lest you strike your foot against a stone. You can tread upon the asp and the viper, trample the lion and the dragon.

Because he clings to me I will deliver him; because he knows my name I will set him on high. He will call upon me and I will answer; I will be with him in distress; I will deliver him and give him honor.",repo://assets/nabre.db,,6fbe4b7663bf15c389e91cd49bdc930034ebe6eb2dd05521b041b590f5aca023,be73942a823bc4ac8c6a923c65d612c46acf4cee19650b6a78056b99736f1ccd,100
local_nabre,ps91_1_2_14_15ab_15c_16,WORLD,,,generic,,,,"ps91:1-2,14-15ab,15c-16","In you, my God, I place my trust.","Psalm 91 Security Under God’s Protection I - You who dwell in the shelter of the Most High, who abide in the shade of the Almighty, Say to the LORD, “My refuge and fortress, my God in whom I trust.”

Because he clings to me I will deliver him; because he knows my name I will set him on high. He will call upon me and I will answer; I will be with him in distress; I will deliver him and give him honor.

He will call upon me and I will answer; I will be with him in distress; I will deliver him and give him honor. With length of days I will satisfy him, and fill him with my saving power.",repo://assets/nabre.db,,91127cfd029fd1ead2dbc67dbd79516224f3f814c2469731115106035eeeda30,9dc6216ae43964203e7ac31e31210c471681c81b50b7b83167de34284a331a30,100
local_nabre,ps91_1_2_3_4_14_15ab,WORLD,,,generic,,,,"ps91:1-2,3-4,14-15ab","In you, my God, I place my trust.","Psalm 91 Security Under God’s Protection I - You who dwell in the shelter of the Most High, who abide in the shade of the Almighty, Say to the LORD, “My refuge and fortress, my God in whom I trust.”

He will rescue you from the fowler’s snare, from the destroying plague, He will shelter you with his pinions, and under his wings you may take refuge; his faithfulness is a protecting shield.

Because he clings to me I will deliver him; because he knows my name I will set him on high. He will call upon me and I will answer; I will be with him in distress; I will deliver him and give him honor.",repo://assets/nabre.db,,b89c6f8d79af57947767c3a216c6a4dbd1b91cb917ef5a51c64980b8715399c5,4a607915553867350f0323ac43c2eb1f4eee37864fb3a2269cb5b67a1695c7ae,100
local_nabre,ps92_2_3_13_14_15_16,WORLD,,,generic,,,,"ps92:2-3,13-14,15-16","Lord, it is good to give thanks to you.","I - It is good to give thanks to the LORD, to sing praise to your name, Most High, To proclaim your love at daybreak, your faithfulness in the night,

The just shall flourish like the palm tree, shall grow like a cedar of Lebanon. Planted in the house of the LORD, they shall flourish in the courts of our God.

They shall bear fruit even in old age, they will stay fresh and green, To proclaim: “The LORD is just; my rock, in whom there is no wrong.”",repo://assets/nabre.db,,c392d6f031b78888d5e6f3b4a8ab2618d3ddaefef832faa877f813cbbb583a2b,b1b357bebf852127329de221909ae8cb9c9ec8830aa5904ddc9ec5fbb5ff616b,100
local_nabre,ps93_1_1_2_5,WORLD,,,generic,,,,"ps93:1,1-2,5",(1a) The LORD is king; he is robed in majesty.,"Psalm 93 God Is a Mighty King - The LORD is king, robed with majesty; the LORD is robed, girded with might. The world will surely stand in place, never to be moved.

Psalm 93 God Is a Mighty King - The LORD is king, robed with majesty; the LORD is robed, girded with might. The world will surely stand in place, never to be moved. Your throne stands firm from of old; you are from everlasting.

Your decrees are firmly established; holiness befits your house, LORD, for all the length of days.",repo://assets/nabre.db,,ca867b60b92a1eebf7019330077e4cded437f463a1d1e2e8950653ee9b92b47d,6177e057b537c117594c8b1ded38dccc2d250f285461796ab92aeab135cbe7f8,100
local_nabre,ps93_1ab_1c_2_4c_5,WORLD,,,generic,,,,"ps93:1ab,1c-2,4c-5","The Lord is king, he is robed in majesty.","Psalm 93 God Is a Mighty King - The LORD is king, robed with majesty; the LORD is robed, girded with might. The world will surely stand in place, never to be moved.

Psalm 93 God Is a Mighty King - The LORD is king, robed with majesty; the LORD is robed, girded with might. The world will surely stand in place, never to be moved. Your throne stands firm from of old; you are from everlasting.

More powerful than the roar of many waters, more powerful than the breakers of the sea, powerful in the heavens is the LORD. Your decrees are firmly established; holiness befits your house, LORD, for all the length of days.",repo://assets/nabre.db,,29bff3a421272c6afaf80477290f44642808bcbdb4dc2874ef0a19d55c5fcccd,dbff911601e069a02f62b0bc9816e0857780178b75dd41eb315dd4c60fd0068c,100
local_nabre,ps93_1ab_1c_2_5,WORLD,,,generic,,,,"ps93:1ab,1c-2,5",The Lord is king; he is robed in majesty.,"Psalm 93 God Is a Mighty King - The LORD is king, robed with majesty; the LORD is robed, girded with might. The world will surely stand in place, never to be moved.

Psalm 93 God Is a Mighty King - The LORD is king, robed with majesty; the LORD is robed, girded with might. The world will surely stand in place, never to be moved. Your throne stands firm from of old; you are from everlasting.

Your decrees are firmly established; holiness befits your house, LORD, for all the length of days.",repo://assets/nabre.db,,3baff9cdc12264838380b72dd4594d9a5f87fef297787b674d7261448bcb7b96,e2e8606e1c18aa67f428645cb1c90ce6f5280361b50b2212bac146c08aed23f7,100
local_nabre,ps94_12_13a_14_15_17_18,WORLD,,,generic,,,,"ps94:12-13a,14-15,17-18",The Lord will not abandon his people.,"Blessed the one whom you guide, LORD, whom you teach by your instruction, To give rest from evil days, while a pit is being dug for the wicked.

For the LORD will not forsake his people, nor abandon his inheritance. Judgment shall again be just, and all the upright of heart will follow it.

If the LORD were not my help, I would long have been silent in the grave. When I say, “My foot is slipping,” your mercy, LORD, holds me up.",repo://assets/nabre.db,,4d5f155adf0148f14c967d66ef2f9d1642b4d9bb684245614ccf471eab702ad9,2e6a2fd57daa45266c675fb10cb91142a46c931c005d6da17d875b9a3a107108,100
local_nabre,ps94_12_13a_14_15_18_19,WORLD,,,generic,,,,"ps94:12-13a,14-15,18-19","Happy are those you teach, O Lord.","Blessed the one whom you guide, LORD, whom you teach by your instruction, To give rest from evil days, while a pit is being dug for the wicked.

For the LORD will not forsake his people, nor abandon his inheritance. Judgment shall again be just, and all the upright of heart will follow it.

When I say, “My foot is slipping,” your mercy, LORD, holds me up. When cares increase within me, your comfort gives me joy.",repo://assets/nabre.db,,7aa1c896eb119c5adab874ae845e3d343cc067ea8f5691422aba0a51e1a79f38,965d0021d8489a40ee4aa42d76dadb5a1e85912ca1ab7e704dad73df131aab30,100
local_nabre,ps94_5_6_7_8_9_10_14_15,WORLD,,,generic,,,,"ps94:5-6,7-8,9-10,14-15",The Lord will not abandon his people.,"They crush your people, LORD, torment your very own. They kill the widow and alien; the orphan they murder.

They say, “The LORD does not see; the God of Jacob takes no notice.” Understand, you stupid people! You fools, when will you be wise?

Does the one who shaped the ear not hear? The one who formed the eye not see? Does the one who guides nations not rebuke? The one who teaches man not have knowledge?

For the LORD will not forsake his people, nor abandon his inheritance. Judgment shall again be just, and all the upright of heart will follow it.",repo://assets/nabre.db,,d217c63b128db8d0f4a56c15ecea365c578753e1b3e96afca6ecc12ef24f967c,4a09dd8819c5168703a332d3047329597e6acc82daea9b9ca31bcc20f2288db5,100
local_nabre,ps95_1_2_3_5_6_7,WORLD,,,generic,,,,"ps95:1-2,3-5,6-7","Maranatha! Come, Lord Jesus!","Psalm 95 A Call to Praise and Obedience I - Come, let us sing joyfully to the LORD; cry out to the rock of our salvation. Let us come before him with a song of praise, joyfully sing out our psalms.

For the LORD is the great God, the great king over all gods, Whose hand holds the depths of the earth; who owns the tops of the mountains. The sea and dry land belong to God, who made them, formed them by hand.

Enter, let us bow down in worship; let us kneel before the LORD who made us. Oh, that today you would hear his voice:",repo://assets/nabre.db,,3e2d3dd17a36523d1fd94eb39e808d18e27947afe30917e046a6d760ef20c0f3,7310a1185399c6a59a7706335e80575852758bfd094350a981bf8453221535f7,100
local_nabre,ps95_1_2_6_7_7_9,WORLD,,,generic,,,,"ps95:1-2,6-7,7-9","(8) If today you hear his voice, harden not your hearts.","Psalm 95 A Call to Praise and Obedience I - Come, let us sing joyfully to the LORD; cry out to the rock of our salvation. Let us come before him with a song of praise, joyfully sing out our psalms.

Enter, let us bow down in worship; let us kneel before the LORD who made us. Oh, that today you would hear his voice:

Oh, that today you would hear his voice: Do not harden your hearts as at Meribah, as on the day of Massah in the desert. There your ancestors tested me; they tried me though they had seen my works.",repo://assets/nabre.db,,ab104a59c2e60bb8ba2a0a5b6da1eea62082a67438b752b8579c6e80dcf7d783,9b79dcea9315abd2dfe3f41937fdcbb65078859d52bb19306f284f28e4179873,100
local_nabre,ps95_1_2_6_7_8_9,WORLD,,,generic,,,,"ps95:1-2,6-7,8-9","(8) If today you hear his voice, harden not your hearts.","Psalm 95 A Call to Praise and Obedience I - Come, let us sing joyfully to the LORD; cry out to the rock of our salvation. Let us come before him with a song of praise, joyfully sing out our psalms.

Enter, let us bow down in worship; let us kneel before the LORD who made us. Oh, that today you would hear his voice:

Do not harden your hearts as at Meribah, as on the day of Massah in the desert. There your ancestors tested me; they tried me though they had seen my works.",repo://assets/nabre.db,,e6aaafb81c3f87208f2a5f3f2ff089e77054cd85f66f635a9b2aac2b8499ecaf,3b55c2801bb6f3254f8642f78fd815b2283a9915c21894375f4da6867a3cf293,100
local_nabre,ps95_1_2_6_7ab_7c_9,WORLD,,,generic,,,,"ps95:1-2,6-7ab,7c-9","If today you hear God's voice,","Psalm 95 A Call to Praise and Obedience I - Come, let us sing joyfully to the LORD; cry out to the rock of our salvation. Let us come before him with a song of praise, joyfully sing out our psalms.

Enter, let us bow down in worship; let us kneel before the LORD who made us. Oh, that today you would hear his voice:

Oh, that today you would hear his voice: Do not harden your hearts as at Meribah, as on the day of Massah in the desert. There your ancestors tested me; they tried me though they had seen my works.",repo://assets/nabre.db,,790a24d9fb8992dc01a50a84869b2faa60f1fe1a766e36b314ce862e7cf7b2f6,8eaba57b7a807bb81c3ab70209984b2f76e4dc187bf0ccf8cb6f82dc0a6ac76b,100
local_nabre,ps95_6_7_8_9_10_11,WORLD,,,generic,,,,"ps95:6-7,8-9,10-11","If today you hear God's voice,","Enter, let us bow down in worship; let us kneel before the LORD who made us. Oh, that today you would hear his voice:

Do not harden your hearts as at Meribah, as on the day of Massah in the desert. There your ancestors tested me; they tried me though they had seen my works.

Forty years I loathed that generation; I said: “This people’s heart goes astray; they do not know my ways.” Therefore I swore in my anger: “They shall never enter my rest.”",repo://assets/nabre.db,,5c52ff6a4e353b215842fdbc585e61e63bbcf9ae2731af288513cc6a3d77bbd9,422028db6a058d7495267fe934357999289af89495d4607f23f6f45dae7c9c86,100
local_nabre,ps96_10_11_12_13,WORLD,,,generic,,,,"ps96:10,11-12,13",The Lord comes to judge the earth.,"declare among the nations: The LORD is king. The world will surely stand fast, never to be shaken. He rules the peoples with fairness.

Let the heavens be glad and the earth rejoice; let the sea and what fills it resound; let the plains be joyful and all that is in them. Then let all the trees of the forest rejoice

before the LORD who comes, who comes to govern the earth, To govern the world with justice and the peoples with faithfulness.",repo://assets/nabre.db,,d3f268111b03ff512ab93fc0fe57e2287eced0b25583ca145a6dde97938178ea,a02b21a735c7281de5671d74108f79e2bd6374d19d48d4c2464e467aa65efca5,100
local_nabre,ps96_10_11_12a_12b_13,WORLD,,,generic,,,,"ps96:10,11-12a,12b-13",The Lord comes to judge the earth.,"declare among the nations: The LORD is king. The world will surely stand fast, never to be shaken. He rules the peoples with fairness.

Let the heavens be glad and the earth rejoice; let the sea and what fills it resound; let the plains be joyful and all that is in them. Then let all the trees of the forest rejoice

let the plains be joyful and all that is in them. Then let all the trees of the forest rejoice before the LORD who comes, who comes to govern the earth, To govern the world with justice and the peoples with faithfulness.",repo://assets/nabre.db,,f7dd97ab5d6962a47dfee908d0c40da55532af1f504ca0ab73bfc4c9557f25f3,b7ec8d9e7d82d2a59fea7f0e93cd17f9df8a07ac456a78fbbce0400062ce8179,100
local_nabre,ps96_1_2_11_12_13,WORLD,,,generic,,,,"ps96:1-2,11-12,13",Let heaven and earth exult in joy!,"Psalm 96 God of the Universe I - Sing to the LORD a new song; sing to the LORD, all the earth. Sing to the LORD, bless his name; proclaim his salvation day after day.

Let the heavens be glad and the earth rejoice; let the sea and what fills it resound; let the plains be joyful and all that is in them. Then let all the trees of the forest rejoice

before the LORD who comes, who comes to govern the earth, To govern the world with justice and the peoples with faithfulness.",repo://assets/nabre.db,,c48408eecf618879c4269a784a64345a262a48a61f7833c36ebdef3e88f73489,a98a331c71916d5168adbb41768e69a30d8c41d040fc8094c5a5f1a7184a1dfd,100
local_nabre,ps96_1_2_2_3_11_12_13,WORLD,,,generic,,,,"ps96:1-2,2-3,11-12,13","(Luke 2:11) Today is born our Savior, Christ the Lord.","Psalm 96 God of the Universe I - Sing to the LORD a new song; sing to the LORD, all the earth. Sing to the LORD, bless his name; proclaim his salvation day after day.

Sing to the LORD, bless his name; proclaim his salvation day after day. Tell his glory among the nations; among all peoples, his marvelous deeds.

Let the heavens be glad and the earth rejoice; let the sea and what fills it resound; let the plains be joyful and all that is in them. Then let all the trees of the forest rejoice

before the LORD who comes, who comes to govern the earth, To govern the world with justice and the peoples with faithfulness.",repo://assets/nabre.db,,a6c1e9fe62262d7890a43b5730b808e26eef85ddf34a5d1c853427ce17a33ca3,68e35927110e3a1e9f4583220685cf593eb31474f951e621ac411f5eeaec59b7,100
local_nabre,ps96_1_2_2_3_7_8_9_10,WORLD,,,generic,,,,"ps96:1-2,2-3,7-8,9-10",(3) Proclaim his marvelous deeds to all the nations.,"Psalm 96 God of the Universe I - Sing to the LORD a new song; sing to the LORD, all the earth. Sing to the LORD, bless his name; proclaim his salvation day after day.

Sing to the LORD, bless his name; proclaim his salvation day after day. Tell his glory among the nations; among all peoples, his marvelous deeds.

Give to the LORD, you families of nations, give to the LORD glory and might; give to the LORD the glory due his name! Bring gifts and enter his courts;

bow down to the LORD, splendid in holiness. Tremble before him, all the earth; declare among the nations: The LORD is king. The world will surely stand fast, never to be shaken. He rules the peoples with fairness.",repo://assets/nabre.db,,002fe881b21c9de488eb15ab74eab5c56bc3f11754c0b147cfb6b852afe73fed,143e29fe397e1c75f2d1a4e1609ef6e4dd0f03ef0579cc5c3f17d9dcef6a3d4b,100
local_nabre,ps96_1_2_3_10ac_11_12_13,WORLD,,,generic,,,,"ps96:1-2,3&10ac,11-12,13",The Lord our God comes in strength.,"Psalm 96 God of the Universe I - Sing to the LORD a new song; sing to the LORD, all the earth. Sing to the LORD, bless his name; proclaim his salvation day after day.

Tell his glory among the nations; among all peoples, his marvelous deeds.

Let the heavens be glad and the earth rejoice; let the sea and what fills it resound; let the plains be joyful and all that is in them. Then let all the trees of the forest rejoice

before the LORD who comes, who comes to govern the earth, To govern the world with justice and the peoples with faithfulness.",repo://assets/nabre.db,,c965ffa8ff422b3f7a39951b0f8c197d14b8e57d604f174c5ff93bb0af5e84f4,d08b8e3be74980f7cded118eef5e4d9adf39ed3165d207aa202499fb6c58025e,100
local_nabre,ps96_1_2_3_10ac_11_13a,WORLD,,,generic,,,,"ps96:1-2,3+10ac,11+13a",Proclaim God’s marvellous deeds to all the nations.,"Psalm 96 God of the Universe I - Sing to the LORD a new song; sing to the LORD, all the earth. Sing to the LORD, bless his name; proclaim his salvation day after day.

Tell his glory among the nations; among all peoples, his marvelous deeds. declare among the nations: The LORD is king. The world will surely stand fast, never to be shaken. He rules the peoples with fairness.

Let the heavens be glad and the earth rejoice; let the sea and what fills it resound; before the LORD who comes, who comes to govern the earth, To govern the world with justice and the peoples with faithfulness.",repo://assets/nabre.db,,6f840e6842b56587cbde513946c75db3404145d86aaadbd37b8084cd4b751a8c,ceb2bfa515f1ef3ca4e2cc87410f41b60b65579533bf35c84be47650a67e490f,100
local_nabre,ps96_1_2_3_4_5_6,WORLD,,,generic,,,,"ps96:1-2,3-4,5-6",Let heaven and earth exult in joy!,"Psalm 96 God of the Universe I - Sing to the LORD a new song; sing to the LORD, all the earth. Sing to the LORD, bless his name; proclaim his salvation day after day.

Tell his glory among the nations; among all peoples, his marvelous deeds. For great is the LORD and highly to be praised, to be feared above all gods.

For the gods of the nations are idols, but the LORD made the heavens. Splendor and power go before him; power and grandeur are in his holy place.",repo://assets/nabre.db,,429a115af80ffd028b7a11b99acc351190d83f2f83bc17431413d445ebcda908,94bf1b35d5e644598eefe5f2510bddd385a9278d2743c92d6ad8e91f4a0e12d9,100
local_nabre,ps96_1_2a_2b_3_10,WORLD,,,generic,,,,"ps96:1-2a,2b-3,10",Proclaim God's marvellous deeds to all the nations.,"Psalm 96 God of the Universe I - Sing to the LORD a new song; sing to the LORD, all the earth. Sing to the LORD, bless his name; proclaim his salvation day after day.

Sing to the LORD, bless his name; proclaim his salvation day after day. Tell his glory among the nations; among all peoples, his marvelous deeds.

declare among the nations: The LORD is king. The world will surely stand fast, never to be shaken. He rules the peoples with fairness.",repo://assets/nabre.db,,f040a5c0d6e032e570a942132c2848f4292ea019ce643d1f7c782f8d815c79e8,5bb6ef47ce3a67bcc34f2553db6447232130f3979d897e7a94c8590915a5283b,100
local_nabre,ps96_1_2a_2b_3_4_5,WORLD,,,generic,,,,"ps96:1-2a,2b-3,4-5",Proclaim God's marvellous deeds to all the nations.,"Psalm 96 God of the Universe I - Sing to the LORD a new song; sing to the LORD, all the earth. Sing to the LORD, bless his name; proclaim his salvation day after day.

Sing to the LORD, bless his name; proclaim his salvation day after day. Tell his glory among the nations; among all peoples, his marvelous deeds.

For great is the LORD and highly to be praised, to be feared above all gods. For the gods of the nations are idols, but the LORD made the heavens.",repo://assets/nabre.db,,b71d1b9a67d666e8402abb3ff6dd0e66036d5e279a95eb813305008702f6e904,c51f302974192af66724fc5a3880cab4cf0fe0252a8105ad49cacf32f78f1b9f,100
local_nabre,ps96_1_3_4_5_11_12_13,WORLD,,,generic,,,,"ps96:1+3,4-5,11-12,13",The Lord comes to judge the earth.,"Psalm 96 God of the Universe I - Sing to the LORD a new song; sing to the LORD, all the earth. Tell his glory among the nations; among all peoples, his marvelous deeds.

For great is the LORD and highly to be praised, to be feared above all gods. For the gods of the nations are idols, but the LORD made the heavens.

Let the heavens be glad and the earth rejoice; let the sea and what fills it resound; let the plains be joyful and all that is in them. Then let all the trees of the forest rejoice

before the LORD who comes, who comes to govern the earth, To govern the world with justice and the peoples with faithfulness.",repo://assets/nabre.db,,9fa0ec9b32d632c1a5ad59742fd9a3e08f60204699e5356f6142802d5a0c9f07,a34a7e5c8e867237cad640ff5575f38845481af27b1aafc5d881a36190e3036f,100
local_nabre,ps96_1_3_4_5_7_8_9_10,WORLD,,,generic,,,,"ps96:1,3,4-5,7-8,9-10",(7b) Give the Lord glory and honor.,"Psalm 96 God of the Universe I - Sing to the LORD a new song; sing to the LORD, all the earth.

Tell his glory among the nations; among all peoples, his marvelous deeds.

For great is the LORD and highly to be praised, to be feared above all gods. For the gods of the nations are idols, but the LORD made the heavens.

Give to the LORD, you families of nations, give to the LORD glory and might; give to the LORD the glory due his name! Bring gifts and enter his courts;

bow down to the LORD, splendid in holiness. Tremble before him, all the earth; declare among the nations: The LORD is king. The world will surely stand fast, never to be shaken. He rules the peoples with fairness.",repo://assets/nabre.db,,47fa39b8f15294404b963a8e6ecbdb77158908bbd9788f208a053b332e076a0f,360b520441232c0275b7681148ece0b4bd2aff9598a47b50e2a5f134a058659f,100
local_nabre,ps96_7_8_9_10ab_10c_12a,WORLD,,,generic,,,,"ps96:7-8,9-10ab,10c-12a",Let heaven and earth exult in joy!,"Give to the LORD, you families of nations, give to the LORD glory and might; give to the LORD the glory due his name! Bring gifts and enter his courts;

bow down to the LORD, splendid in holiness. Tremble before him, all the earth; declare among the nations: The LORD is king. The world will surely stand fast, never to be shaken. He rules the peoples with fairness.

declare among the nations: The LORD is king. The world will surely stand fast, never to be shaken. He rules the peoples with fairness. Let the heavens be glad and the earth rejoice; let the sea and what fills it resound; let the plains be joyful and all that is in them. Then let all the trees of the forest rejoice",repo://assets/nabre.db,,5e25788f93af008a71d886a78fa3b2f6ad0b9b46d3125f9db9f711ad589042ea,f967c8ec7700641917887ae9e725d2d25a8d474473cc14901a3c8841bae24e47,100
local_nabre,ps97_1_2_3_4_5_6_7_8a,WORLD,,,generic,,,,"ps97:1-2,3-4,5-6,7-8a",Let the just rejoice in the Lord.,"Psalm 97 The Divine Ruler of All I - The LORD is king; let the earth rejoice; let the many islands be glad. Cloud and darkness surround him; justice and right are the foundation of his throne.

Fire goes before him, consuming his foes on every side. His lightening illumines the world; the earth sees and trembles.

The mountains melt like wax before the LORD, before the Lord of all the earth. The heavens proclaim his justice; all peoples see his glory.

All who serve idols are put to shame, who glory in worthless things; all gods bow down before him. Zion hears and is glad, and the daughters of Judah rejoice because of your judgments, O LORD.",repo://assets/nabre.db,,45130cc891a6462a7882ef3dfea15cd2d745a76a054ce44e11859c30678ae4ee,e4463ad724b720ddd21f2305734829d87d3cade575321077013a2a5f224ed1c0,100
local_nabre,ps97_1_2_5_6_11_12,WORLD,,,generic,,,,"ps97:1-2,5-6,11-12",Let the just rejoice in the Lord.,"Psalm 97 The Divine Ruler of All I - The LORD is king; let the earth rejoice; let the many islands be glad. Cloud and darkness surround him; justice and right are the foundation of his throne.

The mountains melt like wax before the LORD, before the Lord of all the earth. The heavens proclaim his justice; all peoples see his glory.

Light dawns for the just, and gladness for the honest of heart. Rejoice in the LORD, you just, and give thanks at the remembrance of his holiness.",repo://assets/nabre.db,,09dd27f1146478935a28006b6610673d229877de0aa713a89d218d370cfc0b0e,765ed529cb3e6a5d92de1d85bf6d3d9146aefaff560ed790575ba776ec7bcbc7,100
local_nabre,ps97_1_2_5_6_9,WORLD,,,generic,,,,"ps97:1-2,5-6,9",(5) The angel of the Lord will rescue those who fear him.,"Psalm 97 The Divine Ruler of All I - The LORD is king; let the earth rejoice; let the many islands be glad. Cloud and darkness surround him; justice and right are the foundation of his throne.

The mountains melt like wax before the LORD, before the Lord of all the earth. The heavens proclaim his justice; all peoples see his glory.

For you, LORD, are the Most High over all the earth, exalted far above all gods.",repo://assets/nabre.db,,a67217ef0ad9991839eb6a14a915e998a39bc17b398b8f7765ca26583c08377b,ef9ba3404b8bdc44bd8fd343f1c442aa85e0d5752bf2a879d890ace3e7d6da92,100
local_nabre,ps97_1_2_5_6_9_11,WORLD,,,generic,,,,"ps97:1-2,5-6,9+11","The Lord is king, the most high over all the earth.","Psalm 97 The Divine Ruler of All I - The LORD is king; let the earth rejoice; let the many islands be glad. Cloud and darkness surround him; justice and right are the foundation of his throne.

The mountains melt like wax before the LORD, before the Lord of all the earth. The heavens proclaim his justice; all peoples see his glory.

For you, LORD, are the Most High over all the earth, exalted far above all gods. Light dawns for the just, and gladness for the honest of heart.",repo://assets/nabre.db,,1704cf1342292bd9bcb51844fb296fd92a7b258c83e9d52cf82c6ea5ee52820f,56457ef7e1ad8adb40a9ba893d56e83ffe1981f084662159774c0f078b36ba81,100
local_nabre,ps97_1_2_6_7_9,WORLD,,,generic,,,,"ps97:1-2,6-7,9","The Lord is king, most high above all the earth.","Psalm 97 The Divine Ruler of All I - The LORD is king; let the earth rejoice; let the many islands be glad. Cloud and darkness surround him; justice and right are the foundation of his throne.

The heavens proclaim his justice; all peoples see his glory. All who serve idols are put to shame, who glory in worthless things; all gods bow down before him.

For you, LORD, are the Most High over all the earth, exalted far above all gods.",repo://assets/nabre.db,,ae15714269dd57d789846ccc41c5011dc2154159c42c62bea8d98ce810ae7051,67568d7cf8f3940fbfaa2a60e3ad17010fe60515d8799f997ea35f17e9a393f4,100
local_nabre,ps97_1_2_6_7ac_8bc_9,WORLD,,,generic,,,,"ps97:1-2,6+7ac,8bc-9","Worship the Lord, all angels of God.","Psalm 97 The Divine Ruler of All I - The LORD is king; let the earth rejoice; let the many islands be glad. Cloud and darkness surround him; justice and right are the foundation of his throne.

The heavens proclaim his justice; all peoples see his glory. All who serve idols are put to shame, who glory in worthless things; all gods bow down before him.

Zion hears and is glad, and the daughters of Judah rejoice because of your judgments, O LORD. For you, LORD, are the Most High over all the earth, exalted far above all gods.",repo://assets/nabre.db,,fc66ceb99f7c98286c5f140e24bc204e973bee18d36d3a8e78d1c1cf9e334236,92a3d0af93fe22d8b87d65fec1cae163b64fbed676be3b0732b48b5ed0d4eed1,100
local_nabre,ps97_1_2b_5_6_10_11_12,WORLD,,,generic,,,,"ps97:1+2b,5-6,10,11-12",Let the just rejoice in the Lord.,"Psalm 97 The Divine Ruler of All I - The LORD is king; let the earth rejoice; let the many islands be glad. Cloud and darkness surround him; justice and right are the foundation of his throne.

The mountains melt like wax before the LORD, before the Lord of all the earth. The heavens proclaim his justice; all peoples see his glory.

You who love the LORD, hate evil, he protects the souls of the faithful, rescues them from the hand of the wicked.

Light dawns for the just, and gladness for the honest of heart. Rejoice in the LORD, you just, and give thanks at the remembrance of his holiness.",repo://assets/nabre.db,,d84eba9417297457e03445611efac4fa1bb9815da7f3fcebf8509b3bb1966147,abe52e84165af8aa05cbaf87dad0c9c7396202e377fcf3d78b92aa3415471616,100
local_nabre,ps97_1_6_11_12,WORLD,,,generic,,,,"ps97:1,6,11-12",A light will shine on us this day: the Lord is born for us.,"Psalm 97 The Divine Ruler of All I - The LORD is king; let the earth rejoice; let the many islands be glad.

The heavens proclaim his justice; all peoples see his glory.

Light dawns for the just, and gladness for the honest of heart. Rejoice in the LORD, you just, and give thanks at the remembrance of his holiness.",repo://assets/nabre.db,,2b4d014a296d6b3aaefe999f66f44f45a7e379256caefca2b6e6ab065361d1dd,bdd89387647ec7cf05a174ad024f5bcbe14b2add27a6c5ff6182bb04a2c59748,100
local_nabre,ps98_1_2_3_3_4,WORLD,,,generic,,,,"ps98:1,2-3,3-4",The Lord has revealed to the nations his saving power.,"Psalm 98 The Coming of God - A psalm. I - Sing a new song to the LORD, for he has done marvelous deeds. His right hand and holy arm have won the victory.

The LORD has made his victory known; has revealed his triumph in the sight of the nations, All the ends of the earth have seen the victory of our God.

All the ends of the earth have seen the victory of our God. Shout with joy to the LORD, all the earth; break into song; sing praise.",repo://assets/nabre.db,,9345d3a23c943e48ee029e135ff3c13d39ea6278e71f40cd28a3e423af09df4e,0bd8293e5e283c4b2249021175bfaf41661cfc66092007426ca28600190d5eb1,100
local_nabre,ps98_1_2_3_3_4_5_6,WORLD,,,generic,,,,"ps98:1,2-3,3-4,5-6",(3c) All the ends of the earth have seen the saving power of God.,"Psalm 98 The Coming of God - A psalm. I - Sing a new song to the LORD, for he has done marvelous deeds. His right hand and holy arm have won the victory.

The LORD has made his victory known; has revealed his triumph in the sight of the nations, All the ends of the earth have seen the victory of our God.

All the ends of the earth have seen the victory of our God. Shout with joy to the LORD, all the earth; break into song; sing praise.

Sing praise to the LORD with the lyre, with the lyre and melodious song. With trumpets and the sound of the horn shout with joy to the King, the LORD.",repo://assets/nabre.db,,1e65220623112db479665ef13d6a6ca4151fd3f92a2401d9a19656dac97dd9ee,b06f013fcf8244987430f2c6b81e96e5d42ffb286c2ebcc08460ca5774a4e185,100
local_nabre,ps98_1_2_3a_3b_4_5_6,WORLD,,,generic,,,,"ps98:1,2-3a,3b-4,5-6",The Lord has made known his salvation.,"Psalm 98 The Coming of God - A psalm. I - Sing a new song to the LORD, for he has done marvelous deeds. His right hand and holy arm have won the victory.

The LORD has made his victory known; has revealed his triumph in the sight of the nations, All the ends of the earth have seen the victory of our God.

All the ends of the earth have seen the victory of our God. Shout with joy to the LORD, all the earth; break into song; sing praise.

Sing praise to the LORD with the lyre, with the lyre and melodious song. With trumpets and the sound of the horn shout with joy to the King, the LORD.",repo://assets/nabre.db,,c314f88512c4557b0e722865c96ca8d876be55a1c06b150bc94679bf6afdf9e4,b62b15f02d114f835980d5d24f6321e3a655c3ce0d841d23a4c43b6aff5e21bc,100
local_nabre,ps98_1_2_3ab_3c_4,WORLD,,,generic,,,,"ps98:1,2-3ab,3c-4",The Lord has made known his salvation.,"Psalm 98 The Coming of God - A psalm. I - Sing a new song to the LORD, for he has done marvelous deeds. His right hand and holy arm have won the victory.

The LORD has made his victory known; has revealed his triumph in the sight of the nations, All the ends of the earth have seen the victory of our God.

All the ends of the earth have seen the victory of our God. Shout with joy to the LORD, all the earth; break into song; sing praise.",repo://assets/nabre.db,,099c9232549f49cb6e7d18afe93bc676121bfaadd7f2855b35c0005d3e7e0a95,32d13e4f52e4bc896f167df7533ea29bb87de2a609a46ce41cac4aff10e880b3,100
local_nabre,ps98_1_2_3ab_3c_4_5_6,WORLD,,,generic,,,,"ps98:1,2-3ab,3c-4,5-6",The Lord has revealed to the nations his saving power.,"Psalm 98 The Coming of God - A psalm. I - Sing a new song to the LORD, for he has done marvelous deeds. His right hand and holy arm have won the victory.

The LORD has made his victory known; has revealed his triumph in the sight of the nations, All the ends of the earth have seen the victory of our God.

All the ends of the earth have seen the victory of our God. Shout with joy to the LORD, all the earth; break into song; sing praise.

Sing praise to the LORD with the lyre, with the lyre and melodious song. With trumpets and the sound of the horn shout with joy to the King, the LORD.",repo://assets/nabre.db,,5ead39e12dca0e0d71c277eb509a0290f7d7f4dc85c3943246026507328d6ea3,96ce2fa7e5d93cb9eff26affab1f8900a7f6966c43be6e94813126f0d60d45a2,100
local_nabre,ps98_1_2_3ab_3cd_4,WORLD,,,generic,,,,"ps98:1,2-3ab,3cd-4","(1) Sing to the Lord a new song, for he has done marvelous deeds.","Psalm 98 The Coming of God - A psalm. I - Sing a new song to the LORD, for he has done marvelous deeds. His right hand and holy arm have won the victory.

The LORD has made his victory known; has revealed his triumph in the sight of the nations, All the ends of the earth have seen the victory of our God.

All the ends of the earth have seen the victory of our God. Shout with joy to the LORD, all the earth; break into song; sing praise.",repo://assets/nabre.db,,5701fc58a03e3fa6f15efa2097ff0f773a8da0c0a5913f769b0563c0fc665ad5,c555d30255a93deef11948e6f8efff52e6506a53e1f3532dd4c4700a3818b620,100
local_nabre,ps98_1_2_3ab_3cd_4_5_6,WORLD,,,generic,,,,"ps98:1,2-3ab,3cd-4,5-6","Sing to the Lord a new song,","Psalm 98 The Coming of God - A psalm. I - Sing a new song to the LORD, for he has done marvelous deeds. His right hand and holy arm have won the victory.

The LORD has made his victory known; has revealed his triumph in the sight of the nations, All the ends of the earth have seen the victory of our God.

All the ends of the earth have seen the victory of our God. Shout with joy to the LORD, all the earth; break into song; sing praise.

Sing praise to the LORD with the lyre, with the lyre and melodious song. With trumpets and the sound of the horn shout with joy to the King, the LORD.",repo://assets/nabre.db,,e3c1d1f8d7fe5c3558262271dddbc5ef43ef5e89e7dfec3cd8ec85979b389826,4cbdbfbbc1108c799ec643a782b2bcb23dd157f501639a6d7a03829b50f756e0,100
local_nabre,ps98_1_2_3ab_7_8_9,WORLD,,,generic,,,,"ps98:1,2-3ab,7-8,9","Great and wonderful are all your works,","Psalm 98 The Coming of God - A psalm. I - Sing a new song to the LORD, for he has done marvelous deeds. His right hand and holy arm have won the victory.

The LORD has made his victory known; has revealed his triumph in the sight of the nations, All the ends of the earth have seen the victory of our God.

Let the sea and what fills it resound, the world and those who dwell there. Let the rivers clap their hands, the mountains shout with them for joy,

Before the LORD who comes, who comes to govern the earth, To govern the world with justice and the peoples with fairness.",repo://assets/nabre.db,,8a95cb081ed6dbeba5c3103344b9521f979039e6bcd9dae4e401fc848f861da4,43868b60eed365c1fe1fd8b818ee24856d32e30f087d32cf5081159ff197de8d,100
local_nabre,ps98_1_3cd_4_5_6,WORLD,,,generic,,,,"ps98:1,3cd-4,5-6",All the ends of the earth have seen,"Psalm 98 The Coming of God - A psalm. I - Sing a new song to the LORD, for he has done marvelous deeds. His right hand and holy arm have won the victory.

All the ends of the earth have seen the victory of our God. Shout with joy to the LORD, all the earth; break into song; sing praise.

Sing praise to the LORD with the lyre, with the lyre and melodious song. With trumpets and the sound of the horn shout with joy to the King, the LORD.",repo://assets/nabre.db,,1c9284b5a5402457364dd5c28864a13ef690046159afda1b5621a8d16d3b61ee,ac30f3659fe59436c1acf08d59276893227b6d36b80b9b9f96bf95bb4d44a6ef,100
local_nabre,ps98_1_7_8_9,WORLD,,,generic,,,,"ps98:1,7-8,9",All the ends of the earth have seen,"Psalm 98 The Coming of God - A psalm. I - Sing a new song to the LORD, for he has done marvelous deeds. His right hand and holy arm have won the victory.

Let the sea and what fills it resound, the world and those who dwell there. Let the rivers clap their hands, the mountains shout with them for joy,

Before the LORD who comes, who comes to govern the earth, To govern the world with justice and the peoples with fairness.",repo://assets/nabre.db,,bd1e760bb1109d07d36b42224fc4cd6ab345d078e60b4219972a801f351b6936,5a72436393b13755571532e1345f6849f59d873f14eba059125cc80b5c6690b5,100
local_nabre,ps98_2_3ab_3cd_4_5_6,WORLD,,,generic,,,,"ps98:2-3ab,3cd-4,5-6",The Lord has made known his salvation.,"The LORD has made his victory known; has revealed his triumph in the sight of the nations, All the ends of the earth have seen the victory of our God.

All the ends of the earth have seen the victory of our God. Shout with joy to the LORD, all the earth; break into song; sing praise.

Sing praise to the LORD with the lyre, with the lyre and melodious song. With trumpets and the sound of the horn shout with joy to the King, the LORD.",repo://assets/nabre.db,,3b3d278bae259420af464a9472d386d442433975be440903462a84341cfe4015,2c9c37b987c28850142c70e5b7c0de2237d274734a4672a1d6aa4b8195a5f40a,100
local_nabre,ps98_5_6_7_8_9,WORLD,,,generic,,,,"ps98:5-6,7-8,9",The Lord comes to rule the earth with justice.,"Sing praise to the LORD with the lyre, with the lyre and melodious song. With trumpets and the sound of the horn shout with joy to the King, the LORD.

Let the sea and what fills it resound, the world and those who dwell there. Let the rivers clap their hands, the mountains shout with them for joy,

Before the LORD who comes, who comes to govern the earth, To govern the world with justice and the peoples with fairness.",repo://assets/nabre.db,,0f486a2d1d2f497230ef0afbc47c9588890490277ca1ba3ec343e986cdd849b0,28b16ead0c3794d1fd07db4fed330dda17f6af008e72bbfe8f3e27963d53265a,100
local_nabre,ps99_5_6_7_8_9,WORLD,,,generic,,,,"ps99:5,6,7,8,9",Holy is the Lord our God.,"Exalt the LORD, our God; bow down before his footstool; holy is he!

Moses and Aaron were among his priests, Samuel among those who called on his name; they called on the LORD, and he answered them.

From the pillar of cloud he spoke to them; they kept his decrees, the law he had given them.

O LORD, our God, you answered them; you were a forgiving God to them, though you punished their offenses.

Exalt the LORD, our God; bow down before his holy mountain; holy is the LORD, our God.",repo://assets/nabre.db,,638e3d61b3f9eb2275e26620a43d34a20cfb5caa29a4213532074744f9c89e06,eb1a0f144add36e2231bad5cf1452e0bc588c85f13e86a35f45d5eb779b4099b,100
local_nabre,ps99_5_6_7_9,WORLD,,,generic,,,,"ps99:5,6,7,9",Holy is the Lord our God.,"Exalt the LORD, our God; bow down before his footstool; holy is he!

Moses and Aaron were among his priests, Samuel among those who called on his name; they called on the LORD, and he answered them.

From the pillar of cloud he spoke to them; they kept his decrees, the law he had given them.

Exalt the LORD, our God; bow down before his holy mountain; holy is the LORD, our God.",repo://assets/nabre.db,,20c6a625ca15eec805ecbe14916da66b8e267742350699b9b1a682db3a87c771,d8cec90ab32239be804f82aea94cbe117e11a599acef80106becdf367e24492d,100
local_nabre,ps9_1_2_3_5_16_18,WORLD,,,generic,,,,"ps9:1-2,3+5,16+18","I will rejoice in your salvation, O Lord.","Psalm 9 Thanksgiving for Victory and Prayer for Justice - For the leader; according to Muth Labben. A psalm of David. I - I will praise you, LORD, with all my heart; I will declare all your wondrous deeds.

I will delight and rejoice in you; I will sing hymns to your name, Most High. For you upheld my right and my cause, seated on your throne, judging justly.

The nations fall into the pit they dig; in the snare they hide, their own foot is caught. To Sheol the wicked will depart, all the nations that forget God.",repo://assets/nabre.db,,1d815ee92ae1f9010506538c3f1b34750d7971bcb0372e6dd160d93071134333,fedd1e8d79cef9d1220304e084e7e3962b8ab621944d36bc0780fef5ad860b19,100
local_nabre,ps9_1_2_5_15_7_8,WORLD,,,generic,,,,"ps9:1-2,5+15,7-8",The Lord will judge the world with justice.,"Psalm 9 Thanksgiving for Victory and Prayer for Justice - For the leader; according to Muth Labben. A psalm of David. I - I will praise you, LORD, with all my heart; I will declare all your wondrous deeds.

For you upheld my right and my cause, seated on your throne, judging justly. Then I will declare all your praises, sing joyously of your salvation in the gates of daughter Zion.

The enemies have been ruined forever; you destroyed their cities; their memory has perished. The LORD rules forever, has set up his throne for judgment.",repo://assets/nabre.db,,6e507f01511dbb5fb5507069402c6bb7f84acc6c8eeba27435ec9dd81c19d999,d9f0290b6e72f027e6e997c8567c76feb6b2d229960b508bd379826d9b8d7f09,100
local_nabre,ps9_7_8_9_10_11_12,WORLD,,,generic,,,,"ps9:7-8,9-10,11-12","You will never abandon those who seek you, Lord.","The enemies have been ruined forever; you destroyed their cities; their memory has perished. The LORD rules forever, has set up his throne for judgment.

It is he who judges the world with justice, who judges the peoples with fairness. The LORD is a stronghold for the oppressed, a stronghold in times of trouble.

Those who know your name trust in you; you never forsake those who seek you, LORD. Sing hymns to the LORD enthroned on Zion; proclaim his deeds among the nations!",repo://assets/nabre.db,,1b23866140e4788466f90a994233c998d97d43bad79a85fcf7d7279f6d03fcde,f3c7345b53de91d66df567e9128cdbd8d75d4b12de5231471496bfcd77fb1e0b,100
