edition_id,selection_id,territory,celebration_id,date_rule,reading_set_kind,sunday_cycle,weekday_cycle,lectionary_number,reference_normalized,response_text,stanzas_text,source_url,source_edition,raw_sha256,normalized_sha256,display_priority
nigeria_365_firestore,ng:2025-12-01:responsorial-psalm:1,NG,,2025-12-01,resolved-day,,,,"ps122:1-2,3-4ab,4cd-5,6-7,8-9",Let us go rejoicing to the house of the Lord.,"I rejoiced when they said to me,
“Let us go to the house of the Lord.”
And now our feet are standing within
your gates, O Jerusalem.

Jerusalem is built as a city
bonded as one together.
It is there that the tribes go up,
the tribes of the Lord.

For Israel’s witness it is
to praise the name of the Lord.
There were set the thrones for judgement,
the thrones of the house of David.

For the peace of Jerusalem pray,
“May they prosper, those who love you.”
May peace abide in your walls,
and security be in your towers.

For the sake of my family and friends,
let me say, “Peace upon you.”
For the sake of the house of the Lord, our God,
I will seek good things for you.",https://firestore.googleapis.com/v1/projects/catholic-missal/databases/(default)/documents/NigeriaReading,live Nigerian daily corpus,6d0a3cf46e82360f561abfa24afdf03ec2b988357d58aa79203c36369b7226f0,c05bf45ccc1190bf6de9f4cd327de83b86dbd2f91b1933aac0d83825723f3592,1
nigeria_365_firestore,ng:2025-12-02:responsorial-psalm:1,NG,,2025-12-02,resolved-day,,,,"ps72:1-2,7-8,12-13,17","In his days shall justice flourish, and great peace forever.","O God, give your judgement to the king,
to a king’s son your justice,
that he may judge your people in justice,
and your poor in right judgement.

In his days shall justice flourish,
and great peace till the moon is no more.
He shall rule from sea to sea,
from the River to the bounds of the earth.

For he shall save the needy when they cry,
the poor, and those who ate helpless.
He will have pity on the weak and the needy,
and save the lives of the needy.

May his name endure forever,
his name continue like the sun.
Every tribe shall be blest in him,
all nations shall call him blessed.",https://firestore.googleapis.com/v1/projects/catholic-missal/databases/(default)/documents/NigeriaReading,live Nigerian daily corpus,d289ce299df94a3fbbc65d3986206b4c24454faa4602fd1df5b8149eba27ef2a,6d6ff614c479ab772d79f5aba434d36c27f8ac0d79326ee8d02f56c7598a7709,1
nigeria_365_firestore,ng:2025-12-03:responsorial-psalm:1,NG,,2025-12-03,resolved-day,,,,"ps23:1-3a,3b-4,5,6",In the Lord’s own house shall I dwell for length of days unending.,"The Lord is my shepherd;
there is nothing I shall want.
Fresh and green are the pastures
where he gives me repose.
Near restful waters he leads me;
he revives my soul.

He guides me along the right path,
for the sake of his name.
Though I should walk in the valley of
the shadow of death,
no evil would I fear, for you are with me.
Your crook and your staff will give me comfort.

You have prepared a table before me
in the sight of my foes.
My head you have anointed with oil;
my cup is overflowing.

Surely goodness and mercy shall follow me
all the days of my life.
In the Lord’s own house shall I dwell
for length of days unending.",https://firestore.googleapis.com/v1/projects/catholic-missal/databases/(default)/documents/NigeriaReading,live Nigerian daily corpus,e655a62d349542cb9df4c88e1c8bffd5fc08e201efa3a0d55c97935939982356,6e7584c54a2986d2b1f6f5712a94648286e936a5a204825e84e2a0bc6e784e97,1
nigeria_365_firestore,ng:2025-12-04:responsorial-psalm:1,NG,,2025-12-04,resolved-day,,,,"ps118:1,8-9,19-21,25-27",Blest is he who comes in the name of the Lord.,"Or:  Alleluia.

Give praise to the Lord, for he is good;
his mercy endures forever.
It is better to take refuge in the
Lord than to trust in man;
it is better to take refuge in the
Lord than to trust in princes.

Open to me the gates of justice:
I will enter and thank the Lord.
This is the Lord’s own gate, where the just enter.
I will thank you, for you have answered,
and you are my saviour.

O Lord, grant salvation; O Lord,
grant success. Blest is he who
comes in the name of the Lord.
We bless you from the house of the Lord;
the Lord is God, and has given us light.",https://firestore.googleapis.com/v1/projects/catholic-missal/databases/(default)/documents/NigeriaReading,live Nigerian daily corpus,bcbdc5f9c8079e6518ab0ead1149b949aa15cda356926e784b7e76f4b8c05fc3,479e0c6486d1959174621c054f9ff9f3382d6b7b046604bec65e16272f17e804,1
nigeria_365_firestore,ng:2025-12-05:responsorial-psalm:1,NG,,2025-12-05,resolved-day,,,,"ps27:1,4,13-14",The Lord is my light and my salvation.,"The Lord is my light and my salvation;
whom shall I fear?
The Lord is the stronghold of my life;
whom should I dread?.

There is one thing I ask of the LORD,
only this do I seek:
to live in the house of the Lord
all the days of my life,
to gaze on the beauty of the Lord,
to inquire at his temple.

I believe I shall see the Lord’s
goodness in the land of the living.
Wait for the Lord; be strong;
be stouthearted, and wait for the Lord!",https://firestore.googleapis.com/v1/projects/catholic-missal/databases/(default)/documents/NigeriaReading,live Nigerian daily corpus,f4599a3f1647daeeab947feb887e9fefbb321ca2cb298925f60beb204725b4b6,4c7f11dd5c6fde95b30204bcae0ee6ef3fb7c29efa12a8728e00abcac7fe8531,1
nigeria_365_firestore,ng:2025-12-06:responsorial-psalm:1,NG,,2025-12-06,resolved-day,,,,"ps147:1-2,3-4,5-6",Blessed are all those who wait for the Lord.,"Or: Alleluia.

How good to sing psalms to our God;
how pleasant to chant fitting praise!
The Lord builds up Jerusalem and
brings back Israel's exiles.

He heals the broken-hearted;
he binds up all their wounds.
He counts out the number of the stars;
he calls each one by its name.

Our Lord is great and almighty;
his wisdom can never be measured.
The Lord lifts up the lowly;
he casts down the wicked to the ground.",https://firestore.googleapis.com/v1/projects/catholic-missal/databases/(default)/documents/NigeriaReading,live Nigerian daily corpus,e5a9617c8532a13a069f9678cc46ed9bbe44bc7486f09e50b3d3211fe8ad1896,64b5ece4fa5e8fb6b790a8cd71ba3be2a1c15386704146f843a4ccc56ac155dd,1
nigeria_365_firestore,ng:2025-12-07:responsorial-psalm:1,NG,,2025-12-07,resolved-day,,,,"ps72:1-2,7-8,12-13,17","In his days shall justice flourish, and great peace forever.","O God, give your judgement to the king,
to a king’s son your justice,
that he may judge your people in justice,
and your poor in right judgement.

In his days shall justice flourish,
and great peace till the moon is no more.
He shall rule from sea to sea,
from the River to the bounds of the earth.

For he shall save the needy when they cry,
the poor, and those who are helpless.
He will have pity on the weak and the needy,
and save the lives of the needy.

May his name endure forever,
his name continue like the sun.
Every tribe shall be blest in him,
all nations shall call him blessed.",https://firestore.googleapis.com/v1/projects/catholic-missal/databases/(default)/documents/NigeriaReading,live Nigerian daily corpus,efc2af0ebabe1ec3aba518ad28a1fe94844dd297db6ba3f56acfc92fc3596888,bd444f48c973f3ba125fa03ef15dd857ccc0b9cf0cafb4d096e268e2a54ff042,1
nigeria_365_firestore,ng:2025-12-08:responsorial-psalm:1,NG,,2025-12-08,resolved-day,,,,"ps98:1bcde,2-3ab,3cd-4","O sing a new song to the Lord, for he has worked wonders.","O sing a new song to the Lord,
For he has worked wonders.
His right hand and his holy arm
have brought salvation.

The Lord has made known his salvation,
has shown his deliverance to the nations.
He has remembered his merciful love
and his truth for the house of Israel.

All the ends of the earth have seen
the salvation of our God.
Shout to the Lord, all the earth;
break forth into joyous song,
and sing out your praise.",https://firestore.googleapis.com/v1/projects/catholic-missal/databases/(default)/documents/NigeriaReading,live Nigerian daily corpus,70b0b25c6fd09af5cb8058e0e2c4c44aa8a876b3e6797ad99461ad0ebd5d24b6,5397cc52270d4021f958d2f57e698d22848bc81d6e83a0b93a41987c8a77ee78,1
nigeria_365_firestore,ng:2025-12-09:responsorial-psalm:1,NG,,2025-12-09,resolved-day,,,,"ps96:1-2,3,10ac,11-12a,12b-13",The Lord our God comes with might.,"O sing a new song to the Lord;
sing to the Lord, all the earth.
O sing to the Lord; bless his name.
Proclaim his salvation day by day.

Tell among the nations his glory,
and his wonders among all the peoples.
Say to the nations, “The Lord is king.”
he will judge the peoples in fairness.

Let the heavens rejoice and earth be glad;
let the sea and all within it thunder praise.
Let the land and all it bears rejoice.

Then will all the trees of the wood shout for joy;
at the presence of the Lord, for he comes,
he comes to judge the earth.
He will judge the world with justice;
he will govern the peoples with his truth.",https://firestore.googleapis.com/v1/projects/catholic-missal/databases/(default)/documents/NigeriaReading,live Nigerian daily corpus,7524e99372e17813bf771576e88c262d63b1d60d21a04b0bc62b7dbc57d39915,d35e2f1817819b74ebc69c81ca0ba0412148a9308cfcc2c154342add6e9c85c8,1
nigeria_365_firestore,ng:2025-12-10:responsorial-psalm:1,NG,,2025-12-10,resolved-day,,,,"ps103:1-2,3-4,8,10","Bless the Lord, O my soul.","Bless the Lord, O my soul,
and all within me, his holy name.
Bless the Lord, O my soul,
and never forget all his benefits.

It is the Lord who forgives all your sins,
who heals every one of your ills,
who redeems your life from the grave,
who crowns you with mercy and compassion.

The Lord is compassionate and gracious,
slow to anger and rich in mercy.
He does not treat us according to our sins,
nor repay us according to our faults.",https://firestore.googleapis.com/v1/projects/catholic-missal/databases/(default)/documents/NigeriaReading,live Nigerian daily corpus,54d076d9cf0b9a532230c3c710cfe3cd58dd7e8e647edfcc0c56c3bedbe2ac3c,ab1f720b882e8997cc5bb2dcc23982b9670d3561920cf0d1076a3d08684c6995,1
nigeria_365_firestore,ng:2025-12-11:responsorial-psalm:1,NG,,2025-12-11,resolved-day,,,,"ps145:1,9,10-11,12-13ab","The Lord is kind and full of compassion, slow to anger, abounding in mercy.","I will extol you, my God and king,
and bless your name for ever and ever.
How good is the Lord to all,
compassionate to all his creatures.

All your works shall thank you, O Lord,
and all your faithful ones bless you.
They shall speak of the glory of your reign,
and declare your mighty deeds.

They shall make known your might
to the children of men,
and the glorious splendor of your reign.
Your kingdom is an everlasting kingdom;
your rule endures for all generations.",https://firestore.googleapis.com/v1/projects/catholic-missal/databases/(default)/documents/NigeriaReading,live Nigerian daily corpus,82523307d90a5287af57af0757759874cd26edf3b4a6d422e4f5b1d204277434,317a7056925a8523174c20cb873e78ccffea4a01d5e5791a83331e8924e26620,1
nigeria_365_firestore,ng:2025-12-12:responsorial-psalm:1,NG,,2025-12-12,resolved-day,,,,"ps1:1-2,3,4,6","He who follows you, Lord, will have the light of life.","Blessed indeed is the man
who follows not the counsel of the wicked,
nor stands in the path with sinners,
nor abides in the company of scorers,
but whose delight is the law of the LORD,
and who ponders his law day and night.

He is like a tree that is planted
beside the flowing waters,
that yields its fruit in due season,
and whose leaves shall never fade;
and all that he does shall prosper.

Not so are the wicked, not so! For they,
like winnowed chaff,
shall be driven away by the wind.
For the Lord knows the way of the just,
but the way of the wicked will perish.",https://firestore.googleapis.com/v1/projects/catholic-missal/databases/(default)/documents/NigeriaReading,live Nigerian daily corpus,d22ff4174cee080640da645f7bfba44d7ffd0b73414a368919fa4df63cf8f0f5,0daeafd7817334028fcb101a23f10797e7f70decc501097da2e07b3f0cf010e3,1
nigeria_365_firestore,ng:2025-12-13:responsorial-psalm:1,NG,,2025-12-13,resolved-day,,,,"ps80:2ac,3b,15-16a,18-19","O God, bring us back; let your face shine on us, and we shall be saved.","O shepherd of Israel, hear us,
enthroned on the cherubim, shine forth.
Rouse up your might and come to save us.

God of hosts, turn again, we implore;
look down from heaven and see.
Visit this vine and protect it,
the vine your right hand has planted.

May your hand be on the man at your right hand,
the son of man you have confirmed as your own.
And we shall never for sake you again;
give us life that we may call upon your name.",https://firestore.googleapis.com/v1/projects/catholic-missal/databases/(default)/documents/NigeriaReading,live Nigerian daily corpus,f2ce7bc22f57c783cfcb7e918ff5fa2dabd962b33ff148f42cf2b6b426213e4f,8175f02a49c8e9ebd24d316d178429ea5a8d36a13754ba6dd8eaca0b945662fc,1
nigeria_365_firestore,ng:2025-12-14:responsorial-psalm:1,NG,,2025-12-14,resolved-day,,,,"ps146:6c-7,8-9a,9bc-10","Come, Lord, and save us.","Or:  Alleluia.

It is the Lord who preserves fidelity forever,
who does justice to those who are oppressed.
It is he who gives bread to the hungry,
the Lord who sets prisoners free.

It is the Lord who opens the eyes of the blind,
the Lord who raises up those who are bowed down.
It is the Lord who loves the just,
the Lord who protects the stranger.

Or:  Alleluia.

The Lord upholds the orphan and the widow,
but thwarts the path of the wicked.
The Lord will reign forever,
the God of Sion from age to age.

SECOND READING:
“Establish your hearts, for the coming of the Lord is at hand.”
A reading front the Letter of Saint James, James 5:7-10

Be patient, brethren, until the coming of the Lord. Behold, the farmer waits for the precious fruit of the earth, being patient over it until it receives the early and the late rain. You also be patient. Establish your hearts, for the coming of the Lord is at hand. Do not grumble, brethren, against one another, that you may not be judged; behold, the Judge is standing at the doors. As an example of suffering and patience, brethren, take the prophets who spoke in the name of the Lord.

The word of the Lord.",https://firestore.googleapis.com/v1/projects/catholic-missal/databases/(default)/documents/NigeriaReading,live Nigerian daily corpus,e0240bfe2177059389405174b81714b911c04e6b79d3ed9a03c79e76d275071d,07b6e60410d119fcf6a53e61cc4c3b5aa6981aa57b1b1f8d29be781a28bffdb1,1
nigeria_365_firestore,ng:2025-12-15:responsorial-psalm:1,NG,,2025-12-15,resolved-day,,,,"ps25:4-5ab,6,7cd,8-9","Teach me your paths, O Lord.","O Lord, make me know your ways.
Teach me your paths.
Guide me in your truth, and teach me;
for you are the God of my salvation.

Remember your compassion, O Lord,
and your merciful love, for they are from of old.
In your merciful love remember me,
because of your goodness, O Lord.

Good and upright is the Lord;
he shows the way to sinners.
He guides the humble in right judgement;
to the humble he teaches his way.",https://firestore.googleapis.com/v1/projects/catholic-missal/databases/(default)/documents/NigeriaReading,live Nigerian daily corpus,566b43e0b916b914862fddd7bb69d95d0b29f0b99765f2210b58c7f13f5ac6ed,9d43081a7087b143393741d0a4aa7097bb6808db71c348e5fb59b28c29109330,1
nigeria_365_firestore,ng:2025-12-16:responsorial-psalm:1,NG,,2025-12-16,resolved-day,,,,"ps34:2-3,6-7,17-18,19,23","The lowly one called, and the Lord heard him.","I will bless the Lord at all times;
praise of him is always in my mouth.
In the Lord my soul shall make its boast;
the humble shall hear and be glad.

Look towards him and be radiant;
let your faces not be abashed.
This lowly one called; the LORD heard,
and rescued him from all his distress.

The Lord turns his face against the wicked
to destroy their remembrance from the earth.
When the just cry out, the Lord hears,
and rescues them in all their distress.

The Lord is close to the broken-hearted;
those whose spirit is crushed he will save.
The Lord ransoms the souls of his servants.
All who trust in him shall not be condemned.",https://firestore.googleapis.com/v1/projects/catholic-missal/databases/(default)/documents/NigeriaReading,live Nigerian daily corpus,7e2eff275a0bbfb24759d1b71575d753756635d8666a3a344f2f185c92159fc6,3dd5f71dcddaab07530e24c2fd20b4b2db009b36b71af1e8678945f732775ea8,1
nigeria_365_firestore,ng:2025-12-17:responsorial-psalm:1,NG,,2025-12-17,resolved-day,,,,"ps72:1-2,3-4ab,7-8,17","In his days shall justice flourish, and great peace forever.","O God, give your judgement to the king,
to a king’s son your justice,
that he may judge your people in justice,
and your poor in right judgement.

May the mountains bring forth
peace for the people, and the hills justice.
May he defend the poor of the people,
and save the children of the needy.

In his days shall justice flourish,
and great peace till the moon is no more.
He shall rule from sea to sea,
from the River to the bounds of the earth.

May his name endure forever,
his name continue like the sun.
Every tribe shall be blest in him,
all nations shall call him blessed.",https://firestore.googleapis.com/v1/projects/catholic-missal/databases/(default)/documents/NigeriaReading,live Nigerian daily corpus,c77c27856371df27fbf8416613c064c6b1ca565300868fda2240b4d79490a247,b0d631db27307d0029209cc2c4a7a70e0e8f0657bfd683c62b8ebfde02bdff66,1
nigeria_365_firestore,ng:2025-12-18:responsorial-psalm:1,NG,,2025-12-18,resolved-day,,,,"ps72:1-2,12-13,18-19","In his days shall justice flourish, and great peace forever.","O God, give your judgement to the king,
to a king’s son your justice,
that he may judge your people in justice,
and your poor in right judgement.

For he shall save the needy when they cry,
the poor, and those who are helpless.
He will have pity on the weak and the  needy,
and save the lives of the needy.

Blest be the Lord, God of Israel,
who alone works wonders,
ever blest his glorious name.
Let his glory fill the earth. Amen! Amen!",https://firestore.googleapis.com/v1/projects/catholic-missal/databases/(default)/documents/NigeriaReading,live Nigerian daily corpus,ab3ce392813c4dd094d7afe3bdc8c993d646202c85641034a65151e4d67cc602,d0c8668057c038406afa7d9c2689ae3550600f2aba101aa3427b1f8b4c95e6e2,1
nigeria_365_firestore,ng:2025-12-19:responsorial-psalm:1,NG,,2025-12-19,resolved-day,,,,"ps71:3-4a,5-6ab:16-17","My mouth is filled with your praise, and I will sing your glory!","Be my rock, my constant refuge,
a mighty stronghold to save me,
for you are my rock, my stronghold.
My God, free me from the hand of the wicked.

It is you, O Lord, who are my hope,
my trust, O Lord, from my youth.
On you I have leaned from my birth;
from my mother’s womb, you have been my help.

I will come with praise of your might, O Lord;
I will call to mind your justice, yours, O LORD, alone.
O God, you have taught me from my youth,
and I proclaim your wonders still.",https://firestore.googleapis.com/v1/projects/catholic-missal/databases/(default)/documents/NigeriaReading,live Nigerian daily corpus,c24cc6a8a1684b824355844e2c22cb7d9904cd89e5e0bd5f96c3dc5ad9961c9c,dc5f7e2c2e0999a980f66662d12b721b08031a462bf511b3b36c2a17289379ff,1
nigeria_365_firestore,ng:2025-12-20:responsorial-psalm:1,NG,,2025-12-20,resolved-day,,,,"ps24:1bc-2,3-4ab,5-6",Let the Lord enter; he is the king of glory.,"The Lord’s is the earth and its fullness,
the world, and all who dwell in it.
It is he who set it on the seas;
on the rivers he made it firm.

Who shall climb the mountain of the Lord?
Who shall stand in his holy place?
The clean of hands and pure of heart,
whose soul is not set on vain things.

Blessings from the Lord shall he receive,
and right reward from the God who saves him.
Such are the people who seek him,
who seek the face of the God of Jacob.",https://firestore.googleapis.com/v1/projects/catholic-missal/databases/(default)/documents/NigeriaReading,live Nigerian daily corpus,f9ae53e7b081a0fec10dcef20bd2a7ec9fda4734758437efaff52424612a45a7,f841cdce770cde46361e2151bba8377737922dc9d8e4520944052e3830e61b2e,1
nigeria_365_firestore,ng:2025-12-21:responsorial-psalm:1,NG,,2025-12-21,resolved-day,,,,"ps24:1-2,3-4ab,5-6",Let the Lord enter; he is the king of glory.,"The Lord’s is the earth and its fullness,
the world, and all who dwell in it.
It is he who set it on the seas;
on the rivers he made it firm.

Who shall climb the mountain of the Lord?
Who shall stand in his holy place?
The clean of hands and pure of heart,
whose soul is not set on vain things.

Blessings from the Lord shall he receive,
and right reward from the God who saves him.
Such are the people who seek him,
who seek the face of the God of Jacob.",https://firestore.googleapis.com/v1/projects/catholic-missal/databases/(default)/documents/NigeriaReading,live Nigerian daily corpus,f9ae53e7b081a0fec10dcef20bd2a7ec9fda4734758437efaff52424612a45a7,f841cdce770cde46361e2151bba8377737922dc9d8e4520944052e3830e61b2e,1
nigeria_365_firestore,ng:2025-12-22:responsorial-psalm:1,NG,,2025-12-22,resolved-day,,,,"1sam2:1,4-5,6-7,8abcd","My heart exults in the Lord, my Saviour.","My heart exults in the Lord;
My strength is exalted in the Lord.
My mouth derides my enemies,
because I rejoice in your salvation.

The bows of the mighty are broken,
but the feeble gird on strength.
Those who were full have hired themselves out for bread,
but those who were hungry have ceased to hunger.
The barren has borne seven,
But she who has many children is forlorn.

The Lord kills and brings to life;
He brings down to Sheol and raises up.
The Lord makes poor and makes rich;
he brings low, he also exalts.

He raises up the poor from the dust;
he lifts the needy from the dung heap,
to make them sit with princes
and inherit a seat of honour.",https://firestore.googleapis.com/v1/projects/catholic-missal/databases/(default)/documents/NigeriaReading,live Nigerian daily corpus,094fad724c3a65828629a9840190ee445ecfd494e2cd3c6ddfa8f39e67c3c00a,582b16b7f0ec33fa6482abbe610884a4bb7af3f14830095b1eb7df0331c0c1c7,1
nigeria_365_firestore,ng:2025-12-23:responsorial-psalm:1,NG,,2025-12-23,resolved-day,,,,"ps25:4-5ab,8-9,10,14","Look up and raise your heads, because your redemption is drawing near.","O Lord, make me know your ways.
Teach me your paths.
Guide me in your truth, and teach me;
for you are the God of my salvation.

Good and upright is the Lord;
he shows the way to sinners.
He guides the humble in right
judgement; to the humble he teaches his way. R/.
R/.  Look up and raise your heads, because your redemption is drawing near.

All the Lord’s paths are mercy and faithfulness,
for those who keep his covenant and commands.
The Lord’s secret is for those who fear him;
to them he reveals his covenant.",https://firestore.googleapis.com/v1/projects/catholic-missal/databases/(default)/documents/NigeriaReading,live Nigerian daily corpus,ee76175ae3f01d2cee2ebf09fc22b5fbb60fe2dc6be66b98bbcf087bd002b651,1e34221005c505a96cce1350219464d3bd6bb66a735a9f34e0d4f15f3ff5d503,1
nigeria_365_firestore,ng:2025-12-24:responsorial-psalm:1,NG,,2025-12-24,resolved-day,,,,"ps89:2-3,4-5,27,29","I will sing forever of your mercies, O Lord.","I will sing forever of your mercies, O Lord;
through all ages my mouth will proclaim your fidelity.
I have declared your mercy is established forever;
your fidelity stands firm as the heavens.

“With my chosen one I have made a covenant;
I have sworn to David my servant:
I will establish your descendants forever,
and setup your throne through all ages.”

“He will call out to me, ‘You are my father,
my God, the rock of my salvation.’
I will keep my faithful love for him always;
with him my covenant shall last.”",https://firestore.googleapis.com/v1/projects/catholic-missal/databases/(default)/documents/NigeriaReading,live Nigerian daily corpus,fcbb69d2c746083223ad2cdb8a85892a23bb31b5456fad0f70b8c3b88d00ceb7,7e80a28fc412f1adb1dea17f4c30bf2ded5d3294d85c6ae6662e2ea547cfb770,1
nigeria_365_firestore,ng:2025-12-24:responsorial-psalm:2,NG,,2025-12-24,resolved-day,,,,"ps89:4-5,16-17,27,29","I will sing forever of your mercies, O Lord.","“With my chosen one I have made a covenant;
I have sworn to David my servant:
I will establish your descendants forever,
and set up your throne through all ages.”

“How blessed the people who know your praise,
who walk, O Lord, in the light of your face,
who find their joy every day in your name,
who make your justice their joyful acclaim.”

“He will call out to me, ‘You are my father,
my God, the rock of my salvation.’
I will keep my faithful love for him always;
With him my covenant shall last.”",https://firestore.googleapis.com/v1/projects/catholic-missal/databases/(default)/documents/NigeriaReading,live Nigerian daily corpus,f466bfbb99da89ee80fa0639fc6276bf0d354285a777cc36874c1f66dad68652,bedae84b3bfd44225571da84d7fcc57a833813fcb4f08252cdfc1c2b6d52d55e,2
nigeria_365_firestore,ng:2025-12-25:responsorial-psalm:1,NG,,2025-12-25,resolved-day,,,,"ps98:1,2-3ab,3cd-4,5-6",All the ends of the earth have seen the salvation of our God.,"O sing a new song to the Lord,
for he has worked wonders.
His right hand and his holy arm
have brought salvation.

The Lord has made known his salvation,
has shown his deliverance to the nations.
He has remembered his merciful love
and his truth for the house of Israel.

All the ends of the earth have seen
the salvation of our God.
Shout to the Lord, all the earth;
break forth into joyous song,
and sing out your praise.

Sing psalms to the Lord with the harp,
with the harp and the sound of song.
With trumpets and the sound of the horn,
raise a shout before the King, the Lord.",https://firestore.googleapis.com/v1/projects/catholic-missal/databases/(default)/documents/NigeriaReading,live Nigerian daily corpus,9fdbd82c0e90b859d3b8ab247a1796c65fdb9e0a2b958f5180b947a5711fb9a7,57231bfd0aae70739e4256a795de1263a8a25d696ce96777c2584992445a4282,1
nigeria_365_firestore,ng:2025-12-26:responsorial-psalm:1,NG,,2025-12-26,resolved-day,,,,"ps31:3bc-4,6,8ab,16bc,17","Into your hand, O Lord, I commend my spirit.","Be a rock of refuge for me,
a mighty stronghold to save me.
For you are my rock, my stronghold!
Lead me, guide me, for the sake of your name.

Into your hands I commend my spirit.
You will redeem me, O Lord, O faithful God.
Let me be glad and rejoice in your mercy,
For you who have seen my affliction.

Deliver me from the hands of my enemies
and those who pursue me.
Let your face shine on your servant.
Save me in your merciful love.",https://firestore.googleapis.com/v1/projects/catholic-missal/databases/(default)/documents/NigeriaReading,live Nigerian daily corpus,ef982a998461fdc606a0b958c6ea6d4f2cd2c08c9b347d2dc64791d891c9ced0,f45941e8454a9e79227cd4670d171f1f5908e6ed04d989993c142898799a9a2b,1
nigeria_365_firestore,ng:2025-12-27:responsorial-psalm:1,NG,,2025-12-27,resolved-day,,,,"ps97:1-2,5-6,11-12","Rejoice in the Lord, you just.","The Lord is king, let earth rejoice;
let the many islands be glad.
Cloud and darkness surround him;
justice and right are the foundation of his throne.

The mountains melt like wax
before the face of the Lord,
before the face of the Lord of all the earth.
The skies proclaim his justice;
all peoples see his glory.

Light shines forth for the just one,
And joy for the upright of heart.
Rejoice in the Lord, you just;
To the memory of his holiness give thanks.",https://firestore.googleapis.com/v1/projects/catholic-missal/databases/(default)/documents/NigeriaReading,live Nigerian daily corpus,3b12a5427f988aaedb6cfd98c8a9e5ecab59eee15704ea8b116d0371998247c5,7a7c7f68b7b0769584dab299655696edc1d5671acdacb8285380e71d726a75cf,1
nigeria_365_firestore,ng:2025-12-28:responsorial-psalm:1,NG,,2025-12-28,resolved-day,,,,"ps128:1-2,3,4-5","Blessed are all who fear the Lord, and walk in his ways.","Blessed are all who fear the Lord,
and walk in his ways! By the labour
of your hands you shall eat.

You will be blessed and prosper. R/.
Your wife like a fruitful vine
in the heart of your house;
your children like shoots of the olive
around your table.

Indeed thus shall be blessed
the man who fears the Lord.
May the Lord bless you from Sion.
May you see Jerusalem prosper
all the days of your life!

SECOND READING:
Concerning the Christian life in the family.
A reading from the Letter of Saint Paul to the Colossians (Colossians 3:12-21)

Brethren: Put on, as God’s chosen ones, holy and beloved, compassion, kindness, lowliness, meekness, and patience, forbearing one another and, if one has a complaint against another, forgiving each other; as the Lord has forgiven you, so you also must forgive. And over all these put on love, which binds everything together in perfect harmony. And let the peace of Christ rule in your hearts, to which indeed you were called in the one body. And be thankful. Let the word of Christ dwell in you richly, as you teach and admonish one another in all wisdom, and as you sing psalms and hymns and spiritual songs with thankfulness in your hearts to God. And whatever you do, in word or deed, do everything in the name of the Lord Jesus, giving thanks to God the Father through him. Wives, be subject to your husbands, as is fitting in the Lord. Husbands, love your wives, and do not be harsh with them. Children, obey your parents in everything, for this pleases the Lord. Fathers, do not provoke your children, lest they become discouraged.

The word of the Lord.",https://firestore.googleapis.com/v1/projects/catholic-missal/databases/(default)/documents/NigeriaReading,live Nigerian daily corpus,1960d99c9557cfd12d855f7b270d437090bbfa1958c9e378c1978383da208811,e7a275caa082e2f8b8187fb072dd08eb0c54d5417a8271a6c10f005be28c49a4,1
nigeria_365_firestore,ng:2025-12-29:responsorial-psalm:1,NG,,2025-12-29,resolved-day,,,,"ps96:1-2a.,2b-3,5b-6",Let the heavens rejoice and earth be glad.,"O sing a new song to the Lord;
sing to the Lord, all the earth.
O sing to the Lord; bless his name.

Proclaim his salvation day by day.
Tell among the nations his glory,
and his wonders among all the peoples.

It was the Lord who made the heavens.
In his presence are majesty and splendour,
strength and honour in his holy place.",https://firestore.googleapis.com/v1/projects/catholic-missal/databases/(default)/documents/NigeriaReading,live Nigerian daily corpus,0f3893e867cef8cda6ee1ae683a6cc6063aa1d8fef3d678d17e2630e72b53a46,e3ef22fe8c98f05cba177b53057c8d8f2cb703ce1a77df816ea32c8a7a3e730e,1
nigeria_365_firestore,ng:2025-12-30:responsorial-psalm:1,NG,,2025-12-30,resolved-day,,,,"ps96:7-8a,8b-9,10",Let the heavens rejoice and earth be glad.,"Give the Lord, you families of peoples,
give the Lord glory and power;
give the Lord the glory of His name.

Bring an offering and enter his courts;
worship the Lord in holy splendor.
O tremble before him, all the earth .

Say to the nations, “The Lord is King.”
The world he made firm in its place;
he will judge the people in fairness.",https://firestore.googleapis.com/v1/projects/catholic-missal/databases/(default)/documents/NigeriaReading,live Nigerian daily corpus,8955c122ba63fd598b7029fa5583fc5e37091eab617b64501f69008a2ff0c7d6,d63ceb40999b46b04d264ed980b424fe877a43bee7da3a428f13b5dd618587f1,1
nigeria_365_firestore,ng:2025-12-31:responsorial-psalm:1,NG,,2025-12-31,resolved-day,,,,"ps96:1-2,11-12,13",Let the heavens rejoice and earth be glad.,"O sing a new song to the Lord;
sing to the LORD, all the earth.
O sing to the Lord; bless his name.
Proclaim his salvation day by day.

Let the heavens rejoice and earth be glad;
let the sea and all within it thunder praise.
Let the land and all it bears rejoice.

Then will all the trees of the wood shout for joy.
At the presence of the Lord, for he comes,
he comes to judge the earth.
He will judge the world with justice;
he will govern the peoples with his truth.",https://firestore.googleapis.com/v1/projects/catholic-missal/databases/(default)/documents/NigeriaReading,live Nigerian daily corpus,b837a9ee1fa50aa036d0da32e28c313e9c096c6900979b13c4110606f1dd31e8,c2e9838d7af573bee97d1a3dc2cbd274893c14a23f364d0d4512608ac05ae2dc,1
nigeria_365_firestore,ng:2026-01-01:responsorial-psalm:1,NG,,2026-01-01,resolved-day,,,,"ps67:2-3,5-6,8","O God, be gracious and bless us.","O God, be gracious and bless us
and let your face shed its light upon us.
So will your ways be known upon earth and
all nations learn your salvation.

Let the nations be glad and shout for joy,
with uprightness you rule the peoples;
you guide the nations on earth.

Let the peoples praise you, O God;
let all the peoples praise you.
May God still give us his blessing
that all the ends of the earth may revere him.",https://firestore.googleapis.com/v1/projects/catholic-missal/databases/(default)/documents/NigeriaReading,live Nigerian daily corpus,3d9cdd3d8c308654351cd7d8c0266a378f855e83427f351ceea6fa1dbb4c36ff,64368c53fc585ec59be3e499a362118794e26abbe2f8ce8922c39c401475806d,1
nigeria_365_firestore,ng:2026-01-02:responsorial-psalm:1,NG,,2026-01-02,resolved-day,,,,"ps98:1,2-3ab,3cd-4",All the ends of the earth have seen the salvation of our God.,"O sing a new song to the Lord,
for he has worked wonders.
His right hand and his holy arm
have brought salvation.

The Lord has made known his salvation,
has shown his deliverance to the nations.
He has remembered his merciful love and
his truth for the house of Israel.

All the ends of the earth have
seen the salvation of our God.
Shout to the Lord, all the earth;
break forth into joyous song,
and sing out your praise.

ALLELUIA: Hebrews 1:1-2
Alleluia. Alleluia. In many and various ways God spoke of old to our fathers by the prophets; but in these last days he has spoken to us by a Son.  Alleluia.",https://firestore.googleapis.com/v1/projects/catholic-missal/databases/(default)/documents/NigeriaReading,live Nigerian daily corpus,9956d23fe10636bd3850e1398fa651de8b4bd9cc29fab8313396038b9fac89be,f52479fa5e941b094f3a01e19de0d83e0b6a3be722e4d2fc4a4336058193c71f,1
nigeria_365_firestore,ng:2026-01-03:responsorial-psalm:1,NG,,2026-01-03,resolved-day,,,,"ps98:1,3cd-4,5-6",All the ends of the earth have seen the salvation of our God.,"O sing a new song to the LORD,
for he has worked wonders.
His right hand and his holy arm
have brought salvation.

All the ends of the earth have seen
the salvation of our God.
Shout to the LORD, all the earth;
break forth into joyous song,
and sing out your praise.

Sing psalms to the Lord with the harp,
with the harp and the sound of song.
With trumpets and the sound of the horn,
raise a shout before the King, the LORD.",https://firestore.googleapis.com/v1/projects/catholic-missal/databases/(default)/documents/NigeriaReading,live Nigerian daily corpus,215b170600237de57018662e6d866ffc7e515ed661d1f5091b89a58275ecdc68,97a77e85eb56042f1e506a07e8ffba047e74ca3e98dad7af01bf53438eda81bf,1
nigeria_365_firestore,ng:2026-01-04:responsorial-psalm:1,NG,,2026-01-04,resolved-day,,,,"ps72:1-2,7-8,10-11,12-13","All nations on earth shall fall prostrate before you, O Lord","O God, give your judgement to the king,
to a king’s son your justice,
that he may judge your people in justice,
and your poor in right judgement.

In his days shall justice flourish,
and great peace till the moon is no more.
He shall rule from sea to sea,
from the River to the bounds of the earth.

The kings of Tarshish and the islands
shall pay him tribute.
The kings of Sheba and Seba
shall bring him gifts.
Before him all kings shall fall prostrate,
all nations shall serve him.

For he shall save the needy when they cry,
the poor, and those who are helpless.
He will have pity on the weak and the needy,
and save the lives of the needy.",https://firestore.googleapis.com/v1/projects/catholic-missal/databases/(default)/documents/NigeriaReading,live Nigerian daily corpus,51f5bc8a1aec009e9933e42a64e5e515a50866843726bd73ab5141206dd77693,2d5c04f33d832ca6f85d46c294a72bb5b9c7931cd5735159178b11e5fc1e3c22,1
nigeria_365_firestore,ng:2026-01-05:responsorial-psalm:1,NG,,2026-01-05,resolved-day,,,,"ps2:7-8,10-11",I will give you the nations as your inheritance.,"I will announce the decree of the Lord:
The Lord said to me, “You are my Son.
It is I who have begotten you this day.
Ask of me and I will give you
the nations as your inheritance,
and the ends of the earth as your possession.”

“So now, O kings, understand;
take warning, rulers of the earth.
Serve the Lord with fear;
exult with trembling, pay him your homage.”",https://firestore.googleapis.com/v1/projects/catholic-missal/databases/(default)/documents/NigeriaReading,live Nigerian daily corpus,c11c99be68442351f909edfd94a7dee0c5e7569b692b396fa7d262b7bc285d71,2f001587fc87f597024909d2159dcd7cc0e07e2ed40010afc29ab1804228544d,1
nigeria_365_firestore,ng:2026-01-06:responsorial-psalm:1,NG,,2026-01-06,resolved-day,,,,"ps72:1-2,3-4ab,7-8","All nations on earth shall fall prostrate before you, O Lord.","O God, give your judgement to the king,
to a king’s son your justice,
that he may judge your people in justice,
and your poor in right judgement.

May the mountains bring forth peace for the people,
and the hills justice.
May he defend the poor of the people,
and save the children of the needy.

In his days shall justice flourish,
and great peace till the moon is no more.
He shall rule from sea to sea,
from the River to the bounds of the earth.",https://firestore.googleapis.com/v1/projects/catholic-missal/databases/(default)/documents/NigeriaReading,live Nigerian daily corpus,da78f67a4834880db5f1c09ccac0cf6ccc743f5727f0d8807fb242e71af529cb,baface6009dab0b8fb06b379992df7b967d943821fe121c395a95d4e3e3c0fee,1
nigeria_365_firestore,ng:2026-01-07:responsorial-psalm:1,NG,,2026-01-07,resolved-day,,,,"ps72:1-2,10-11,12-13","All nations on earth shall fall prostrate before you, O Lord.","O God, give your judgement to the king,
to a king’s son your justice,
that he may judge your people in justice,
and your poor in right judgement.

The kings of Tarshish and the islands
shall pay him tribute.
The kings of Sheba and Seba
shall bring him gifts.
Before him all kings shall fall prostrate,
all nations shall serve him.

For he shall save the needy when they cry,
the poor, and those who are helpless.
He will have pity on the weak and the needy,
and save the lives of the needy.",https://firestore.googleapis.com/v1/projects/catholic-missal/databases/(default)/documents/NigeriaReading,live Nigerian daily corpus,630f033ca5012f8f0e59c99a1aa2e4aa47b9624ba878cd3143013b0df3ce66dd,bf758e27ca502707e548be1e2d8634b0ec585d313da4d57808fbc9c2073079a3,1
nigeria_365_firestore,ng:2026-01-08:responsorial-psalm:1,NG,,2026-01-08,resolved-day,,,,"ps72:1-2,14,15cd,17","All nations on earth shall fall prostrate before you, O Lord.","O God, give your judgement to the king,
to a king’s son your justice,
that he may judge your people in justice,
and your poor in right judgement.

From oppression and violence he redeems their souls;
to him their blood is dear.
They shall pray for him without ceasing,
and bless him all the day.

May his name endure forever,
his name continue like the sun.
Every tribe shall be blest in him,
all nations shall call him blessed.",https://firestore.googleapis.com/v1/projects/catholic-missal/databases/(default)/documents/NigeriaReading,live Nigerian daily corpus,68c9a6d4b3629ecb4f90f5b28a080f827efc0f6092db69fcff01258677c43d91,5eff05cd538503d22c993fef99ac987806bc186899ef3b08a2ce547d82979376,1
nigeria_365_firestore,ng:2026-01-09:responsorial-psalm:1,NG,,2026-01-09,resolved-day,,,,"ps147:12-13,14-15,19-20","O Jerusalem, glorify the Lord!","Or: Alleluia.

O Jerusalem, glorify the LORD!
O Sion, praise your God!
He has strengthened the bars of your gates;
he has blessed your children within you.

He established peace on your borders;
he gives you your fill of finest wheat.
He sends out his word to the earth,
and swiftly runs his command.

Or: Alleluia.

He reveals his word to Jacob;
to Israel, his decrees and judgements.
He has not dealt thus with other nations;
he has not taught them his judgements,",https://firestore.googleapis.com/v1/projects/catholic-missal/databases/(default)/documents/NigeriaReading,live Nigerian daily corpus,0ca6f15b4cdcb0fcd74801b4215189f7fea547d2e72355633008682590530650,0b81228e2d0b0b37a762dff93d91aec311c3f13a3f07c875c1c0e5ffa04e96ea,1
nigeria_365_firestore,ng:2026-01-10:responsorial-psalm:1,NG,,2026-01-10,resolved-day,,,,"ps149:1b-2,3-4,5-6a,9bc",The Lord takes delight in his people.,"Or:  Alleluia.

Sing a new song to the Lord,
his praise in the assembly of the faithful.
Let Israel rejoice in its Maker;
let Sion’s children exult in their king.

Let them praise his name with dancing,
and make music with timbrel and harp.
For the Lord takes delight in his people;
he crowns the poor with salvation.

Or:  Alleluia.

Let the faithful exult in glory,
and rejoice as they take their rest.
Let the praise of God be in their mouths.
This is an honour for all his faithful.",https://firestore.googleapis.com/v1/projects/catholic-missal/databases/(default)/documents/NigeriaReading,live Nigerian daily corpus,46d9389a3cd710ef7d658d964418b207cf1ca2045f41448db0e22c7268713405,f4ed4bac8f20fd135b35045cbd6b596e0d9012f625b5badb06a3a0dfb4fb72bf,1
nigeria_365_firestore,ng:2026-01-11:responsorial-psalm:1,NG,,2026-01-11,resolved-day,,,,"ps29:1a,2,3ac-4,3b,9c-10",The Lord will bless his people with peace.,"Ascribe to the Lord, you heavenly powers,
ascribe to the Lord the glory of his name;
bow down before the Lord, majestic in holiness.

The voice of the Lord upon the waters,
the Lord on the immensity of waters;
the voice of the Lord full of power;
the voice of the Lord full of splendour.

The God of glory thunders;
in his temple they all cry, “Glory!”
The Lord sat enthroned above the flood;
 the Lord sits as king forever.",https://firestore.googleapis.com/v1/projects/catholic-missal/databases/(default)/documents/NigeriaReading,live Nigerian daily corpus,85baeb5e6e9369f9f80fb7d0eaddd0ef1db6fee1a64d74c07bd25a720384163c,c86036b3370b51d35e9937e6d0f7f1dfd4e149dab9a8cfd8e8664985391731ee,1
nigeria_365_firestore,ng:2026-01-12:responsorial-psalm:1,NG,,2026-01-12,resolved-day,,,,"ps116:12-13,14,17,18-19","A thanksgiving sacrifice I make to you, O Lord.","Or: Alleluia.

How can I repay the Lord for all his goodness to me?
The cup of salvation I will raise;
I will call on the name of the Lord.

My vows to the Lord I will fulfil before all his people.
A thanksgiving sacrifice I make;
I will call on the name of the Lord.

My vows to the Lord I will fulfil before all his people,
in the courts of the house of the Lord, in your midst, O Jerusalem.",https://firestore.googleapis.com/v1/projects/catholic-missal/databases/(default)/documents/NigeriaReading,live Nigerian daily corpus,47dd8fd750b634e09250478217ae5b96d10cc59d3b32eeab1d456cba1568f74c,31bb32332855fc9de7044f1142ada0aa5a2b3f0e7f9f12a35c378aa911ce7423,1
nigeria_365_firestore,ng:2026-01-13:responsorial-psalm:1,NG,,2026-01-13,resolved-day,,,,"1sam2:1,4-5,6-7,8abcd","My heart exults in the Lord, my Saviour.","My heart exults in the Lord;
my strength is exalted in the Lord.
My mouth derides my enemies,
because I rejoice in your salvation.

The bows of the mighty are broken, but the feeble gird on strength.
Those who were full have hired themselves out for bread,
but those who were hungry have ceased to hunger.
The barren has borne seven,
but she who has many children is forlorn.

The Lord kills and brings to life;
he brings down to Sheol and raises up.
The Lord makes poor and makes rich;
he brings low, he also exalts.

He raises up the poor from the dust;
he lifts the needy from the dung heap,
to make them sit with princes
and inherit a seat of honour.",https://firestore.googleapis.com/v1/projects/catholic-missal/databases/(default)/documents/NigeriaReading,live Nigerian daily corpus,7da99f0fb0b698114208d63bf5bbb23d7779c2d0cb5850af0f6081f78eddb3ba,582b16b7f0ec33fa6482abbe610884a4bb7af3f14830095b1eb7df0331c0c1c7,1
nigeria_365_firestore,ng:2026-01-14:responsorial-psalm:1,NG,,2026-01-14,resolved-day,,,,"ps40:2,5,7-8a,8b-9,10","See, I have come, Lord, to do your will","I waited, I waited for the Lord,
and he stooped down to me; he heard my cry.
Blessed the man who has placed his trust in the Lord,
and has not gone over to the proud who follow false gods.

You delight not in sacrifice and offerings,
but in an open ear.
You do not ask for holocaust and victim.
Then I said, “See, I have come.”

In the scroll of the book it stands written of me:
“I delight to do your will, O my God;
your instruction lies deep within me.”

Your justice I have proclaimed
in the great assembly.
My lips I have not sealed;
you know it, O Lord.",https://firestore.googleapis.com/v1/projects/catholic-missal/databases/(default)/documents/NigeriaReading,live Nigerian daily corpus,a241b7868fc471c589abe527dac4391a743dc117418b633002f6bbf625845f97,d51d6c40fafa29de36279eec86bb9823da1d723eca1e8ba0f04a1137466906c9,1
nigeria_365_firestore,ng:2026-01-15:responsorial-psalm:1,NG,,2026-01-15,resolved-day,,,,"ps44:10,11,14-15,24-25","Redeem us, O Lord, with your merciful love!","Yet now you have rejected us, disgraced us;
you no longer go forth with our armies.
You make us retreat from the foe;
those who hate us plunder us at will.

You make us the taunt of our neighbours,
the mockery and scorn of those around us.
Among the nations you make us a byword;
among the peoples they shake their heads.

Awake, O Lord! Why do you sleep?
Arise! Do not reject us forever.
Why do you hide your face,
and forget our oppression and misery?",https://firestore.googleapis.com/v1/projects/catholic-missal/databases/(default)/documents/NigeriaReading,live Nigerian daily corpus,969f47dacf61dc60ff4a0128f1393a30e3acbcd842e4bb432d448b7355a1f685,50611bc0f184228b0bdefce6fd894fa369943edee20c14daf148d9721c027327,1
nigeria_365_firestore,ng:2026-01-16:responsorial-psalm:1,NG,,2026-01-16,resolved-day,,,,"ps89:16-17,18-19","I will sing forever of your mercies, O Lord.","How blessed the people who know your praise,
who walk, O Lord, in the light of your face,
who find their joy every day in your name,
who make your justice their joyful acclaim.

For you are the glory of their strength;
by your favour it is that our might is exalted.
Behold, the Lord is our shield;
he is the Holy One of Israel, our king.",https://firestore.googleapis.com/v1/projects/catholic-missal/databases/(default)/documents/NigeriaReading,live Nigerian daily corpus,c66a8b8201b86ae083ff05e85732b7c14e47e7fb056f874bdd6edf144c254963,1515e839ebf65ce31ed62f5057881e6c8905c7e6d5624a2f965e15828fd48eda,1
nigeria_365_firestore,ng:2026-01-17:responsorial-psalm:1,NG,,2026-01-17,resolved-day,,,,"ps21:2-3,4-5,6-7","In your strength, O Lord, the king rejoices.","In your strength, O Lord, the king rejoices;
how greatly your salvation makes him glad!
You have granted him his heart’s desire;
you have not withheld the prayer of his lips.

You came to meet him with blessings of prosperity;
you have set on his head a crown of pure gold.
He asked you for life and this you have given:
days that will last from age to age.

By your saving help great is his glory;
you have bestowed upon him majesty and splendour;
you have granted him blessings forever,
made him rejoice with the joy of your presence.",https://firestore.googleapis.com/v1/projects/catholic-missal/databases/(default)/documents/NigeriaReading,live Nigerian daily corpus,103fc791626bb594975ed8d4a2a09437a75b28fefceba6da30a091ad64abb7b3,ca630ed6a45d182af76e23548fe2574de6a9f83f2ed41cae945aa08428196fec,1
nigeria_365_firestore,ng:2026-01-18:responsorial-psalm:1,NG,,2026-01-18,resolved-day,,,,"ps40:2,4ab,7-8a,8b-9,10","See, I have come, Lord, to do your will.","I waited, I waited for the Lord,
and he stooped down to me;
he heard my cry.
He put a new song into my mouth,
praise of our God.

You delight not in sacrifice and offerings,
but in an open ear.
You do not ask for holocaust and victim.
Then I said, “See, I have come.”

In the scroll of the book it stands written of me:
“I delight to do your will, O my God;
your instruction lies deep within me.”

Your justice I have proclaimed
 in the great assembly.
My lips I have not sealed;
you know it, O Lord.",https://firestore.googleapis.com/v1/projects/catholic-missal/databases/(default)/documents/NigeriaReading,live Nigerian daily corpus,73073b687247e9444ba84ab5222afc52761b8be6be3718f6793fc56a9b034e30,0992025d43af36de6d51bc6b8ecb86b51800635a2428736708d0773c765c0dad,1
nigeria_365_firestore,ng:2026-01-19:responsorial-psalm:1,NG,,2026-01-19,resolved-day,,,,"ps50:8-9,16bc-17,21,23","To one whose way is blameless, I will show the salvation of God.","“I do not rebuke you for your sacrifices;
your offerings are always before me.
I do not take more bullocks from your farms,
nor goats from among your herds.”

“How can you recite my commandments,
and take my covenant on your lips,
you who despise correction,
and cast my words behind you.”

“You do this, and should I keep silence?
Do you think that I am like you?
I accuse you, lay the charge before you.
A sacrifice of praise gives me honour,
and to one whose way is blameless,
I will show the salvation of God.”",https://firestore.googleapis.com/v1/projects/catholic-missal/databases/(default)/documents/NigeriaReading,live Nigerian daily corpus,7f5ce51b71a04ec2042e5ffbabbc10d51538d26516526412f954cd1e2c4796f3,5e5ad71e6bd540406e9bc3fb7a145cb8d9aaaa503714cb233834f2d2cec4abe2,1
nigeria_365_firestore,ng:2026-01-20:responsorial-psalm:1,NG,,2026-01-20,resolved-day,,,,"isa12:2-3,4bcde,5-6",Your anger turned away and you comforted me.,"“Behold, God is my salvation;
I will trust, and will not be afraid;
for the Lord GOD is my strength and my song,
and he has become my salvation.”
With joy you will draw water from the wells of salvation.

“Give thanks to the Lord, call upon his name;
make known his deeds among the nations,
proclaim that his name is exalted.”

“Sing praises to the Lord,
for he has done gloriously;
let this be known in all the earth.
Shout, and sing for joy, O inhabitant of Zion,
for great in your midst is the Holy One of Israel.”",https://firestore.googleapis.com/v1/projects/catholic-missal/databases/(default)/documents/NigeriaReading,live Nigerian daily corpus,a4b009ff9d0e2e6bfaa6b09a460aaab64c86632ade48887e140b376b8a574398,dbace22f8d22d7fcbaf8e7495553c8daea84f703a99cf6cea7fa827d7523fb0d,1
nigeria_365_firestore,ng:2026-01-21:responsorial-psalm:1,NG,,2026-01-21,resolved-day,,,,"ps144:1,2,9-10","Blest be the Lord, my rock!","Blest be the Lord, my rock,
who trains my hands for battle,
who prepares my fingers for war.

He is my merciful love, my fortress;
he is my stronghold, my saviour,
my shield in whom I take refuge.
He brings peoples under my rule.

To you, O God, will I sing a new song;
I will play on the ten-stringed harp
to you who give kings their victory,
who set David your servant free from the evil sword.",https://firestore.googleapis.com/v1/projects/catholic-missal/databases/(default)/documents/NigeriaReading,live Nigerian daily corpus,700dc8f2fa1006b83d57327b705cff0f977ea8ae271dcf173f1f8fbb382194e6,73399500912626df4a654d84e6306c08da719335202938424bf9243ad2c923d4,1
nigeria_365_firestore,ng:2026-01-22:responsorial-psalm:1,NG,,2026-01-22,resolved-day,,,,"ps56:2-3,9-10ab,10c-11,12-13",In God I trust; I shall not fear.,"In God I trust; I shall not fear.
Have mercy on me, O God, for people assail me;
they fight me all day long and oppress me.
My foes assail me all day long:
many fight proudly against me.

You have kept an account of my wanderings;
you have placed my tears in your flask;
are they not recorded in your book?
Then my foes will turn back
on the day when I call to you.

This I know, that God is on my side.
In God, whose word I praise,
in the Lord whose word I praise.

In God I trust; I shall not fear.
What can man do to me?
I am bound by the vows I have made you.
O God, I will offer you praise.",https://firestore.googleapis.com/v1/projects/catholic-missal/databases/(default)/documents/NigeriaReading,live Nigerian daily corpus,a5a0ccf94544949bdb074615958d127bcaf7b5fa4e95e62b6ffec97ea2879ff5,f027ccaff8b699fe2152284f60d74fbb1c65955eaa4bfa9e1d4950694f359231,1
nigeria_365_firestore,ng:2026-01-23:responsorial-psalm:1,NG,,2026-01-23,resolved-day,,,,"ps57:2,3-4,6,11","Have mercy on me, God, have mercy.","Have mercy on me, God, have mercy,
For in you my soul has taken refuge.
In the shadow of your wings I take refuge,
Till the storms of destruction pass by.

I call to you, God the Most High,
To God who provides for me.
May he send from heaven and save me,
And put to shame those who assail me.
May God send his loving mercy and faithfulness.

Be exalted, O God, above the heavens;
May your glory shine on earth!
For your mercy reaches to the heavens,
And your truth to the skies.",https://firestore.googleapis.com/v1/projects/catholic-missal/databases/(default)/documents/NigeriaReading,live Nigerian daily corpus,f771cc4a9ad263eccd470ec0f439bb7a1173b3eaf7a65e499146661022eec8bc,1a10dc75adcd0abf30d81cfee34787dbe4b8f0b7ce00b3323376181047fe5a03,1
nigeria_365_firestore,ng:2026-01-24:responsorial-psalm:1,NG,,2026-01-24,resolved-day,,,,"ps80:2-3,5-7","Let your face shine on us, Lord, and we shall be saved.","O shepherd of Israel, hear us,
you who lead Joseph like a flock:
enthroned on the cherubim, shine
forth upon Ephraim, Benjamin, Manasseh
Rouse up your might and come to save us.

How long, O Lord, God of hosts,
will you be angry at the prayer of your people?
You have fed them with tears for their bread,
an abundance of tears for their drink. R./

You have made us the taunt of our neighbours;
our foes mock us among themselves.",https://firestore.googleapis.com/v1/projects/catholic-missal/databases/(default)/documents/NigeriaReading,live Nigerian daily corpus,6d1790d2bba74159296b16c2676eb0312fc1e60da7a24f51bd9c4456c9990022,2a28afdeea7914d16a0f537e293a0f4170ed685634a58a737cd885d5cd9d4b9f,1
nigeria_365_firestore,ng:2026-01-25:responsorial-psalm:1,NG,,2026-01-25,resolved-day,,,,"ps27:1,4,13-14",The Lord is my light and my salvation.,"The Lord is my light and my salvation;
whom shall I fear?
The lord is the stronghold of my life;
whom should I dread?

There is one thing I ask of the Lord,
only this do I seek:
to live in the house of the Lord
all the days of my life,
to gaze on the beauty of the Lord,
to inquire at his temple.

I believe I shall see the Lord’s goodness
in the land of the living.
Wait for the Lord; be strong;
be stouthearted, and wait for the Lord!",https://firestore.googleapis.com/v1/projects/catholic-missal/databases/(default)/documents/NigeriaReading,live Nigerian daily corpus,bbcc69f85ac1327b49a585c0e4339e92463bcdba24b4228922ed2dc58da68261,4c7f11dd5c6fde95b30204bcae0ee6ef3fb7c29efa12a8728e00abcac7fe8531,1
nigeria_365_firestore,ng:2026-01-26:responsorial-psalm:1,NG,,2026-01-26,resolved-day,,,,"ps96:1-2a,2b-3,7-8a,10",Tell among all the peoples the wonders of the Lord,"O sing a new song to the Lord,
sing to the Lord, all the earth,
O sing to the Lord, bless his name.

Proclaim his salvation day by bay,
Tell among the nations his glory,
and his wonders among all the people.

Give the Lord, you families of peoples,
give the Lord glory and power,
give the Lord the glory of his name.

Say to the nations, ""The Lord is king.""
The world he made firm in its place;
he will judge the peoples in fairness",https://firestore.googleapis.com/v1/projects/catholic-missal/databases/(default)/documents/NigeriaReading,live Nigerian daily corpus,70e538f98e0c6d2d8f00f90fd3ae115a9124cc28e8dcbb21e60d547acfbc4e3b,018ff45b614331c61e27d8146818d3565519bbceb5ea853d9462af62a09240b9,1
nigeria_365_firestore,ng:2026-01-27:responsorial-psalm:1,NG,,2026-01-27,resolved-day,,,,"ps24:7,8,9,10",Who is the king of glory? It is the Lord!,"O gates, lift high your heads;
grow higher, ancient doors.
Let him enter, the king of glory!

“Who is this king of glory?
The Lord, the mighty, the valiant;
the Lord, the valiant in war.”

O gates, lift high your heads;
grow higher, ancient doors.
Let him enter, the king of glory!

“Who is this king of glory?
He, the Lord of hosts,
he is the king of glory.”",https://firestore.googleapis.com/v1/projects/catholic-missal/databases/(default)/documents/NigeriaReading,live Nigerian daily corpus,3d664e65578566e359e7f3c4571510c0e646d4bd30e704aad2c6efcf38bd9437,ef375d19fc0b234aa605c2d978000490bdf59425661e47996e787b990567ef85,1
nigeria_365_firestore,ng:2026-01-28:responsorial-psalm:1,NG,,2026-01-28,resolved-day,,,,"ps89:4-5,27-28,29-30",I will keep my faithful love for him always.,"“With my chosen one I have made a covenant;
I have sworn to David my servant:
I will establish your descendants forever,
and set up your throne through all ages.”

He will call out to me, ‘You are my father,
my God, the rock of my salvation. ’
I for my part will make him my firstborn,
the highest of the kings of the earth.

I will keep my faithful love for him always;
with him my covenant shall last.
I will establish his descendants forever,
and his throne as lasting as the days of heaven.",https://firestore.googleapis.com/v1/projects/catholic-missal/databases/(default)/documents/NigeriaReading,live Nigerian daily corpus,e5386e7816b641fdf4d63e74a54bfb59c4fcc46dbcf5e78063ba12da2128ebf4,64bec2771ea92ebe8b53015cd1d3758267ed8cf65ac579be3b215535bfb5b289,1
nigeria_365_firestore,ng:2026-01-29:responsorial-psalm:1,NG,,2026-01-29,resolved-day,,,,"ps132:1-2,3-5,11,12,13-14",The Lord God will give to him the throne of his father David.,"O Lord, remember David
and all the hardships he endured,
the oath he swore to the Lord,
his vow to the Strong One of Jacob.

“I will not enter my house,
nor go to the bed where I rest;
I will give no sleep to my eyes,
to my eyelids I will give no slumber,
till I find a place for the Lord,
a dwelling for the Strong One of Jacob.”

The Lord swore an oath to David;
he will not go back on his word:
“A son, the fruit of your body,
will I set upon your throne.”

“If your sons hold fast to my covenant,
and my laws that I have taught them,
their sons, in turn, shall sit
on your throne from age to age.”

For the Lord has chosen Sion;
he has desired it for his dwelling:
“This is my resting-place from age to age;
here have I chosen to dwell.”

Alleluia. 119:105
Alleluia. Your word is a lamp for my feet and a light to my path. Alleluia.",https://firestore.googleapis.com/v1/projects/catholic-missal/databases/(default)/documents/NigeriaReading,live Nigerian daily corpus,92ea3ea37e51ac715b885f43a9bd27b7d748f34f3aee3ca2129b145ee0528e9e,2307ebe6934835a8e44a13efb60c8667ae7ad2e3cee3648faa83682f70cec087,1
nigeria_365_firestore,ng:2026-01-30:responsorial-psalm:1,NG,,2026-01-30,resolved-day,,,,"ps51:3-4,5-6ab,6cd-7,10-11","Have mercy, O Lord, for we have sinned.","Have mercy on me, O God,
according to your merciful love;
according to your great compassion,
blot out my transgressions.
Wash me completely from my iniquity,
and cleanse me from my sin.

My transgressions, truly I know them;
my sin is always before me.
Against you, you alone, have I sinned;
what is evil in your sight I have done.

So you are just in your sentence,
without reproach in your judgement.
O see, in guilt I was born,
a sinner when my mother conceived me.

Let me hear rejoicing and gladness,
that the bones you have crushed may exult.
Turn away your face from my sins,
and blot out all my guilt.",https://firestore.googleapis.com/v1/projects/catholic-missal/databases/(default)/documents/NigeriaReading,live Nigerian daily corpus,fb9c4e8d5e524bd3164b286e4c5ef5c502c24bae49bb1057e0f708b0803d3fd2,59d482e1703fb71555e9235bfcfedc40d3e48192d3a643a850c8bbf822bb4730,1
nigeria_365_firestore,ng:2026-01-31:responsorial-psalm:1,NG,,2026-01-31,resolved-day,,,,"ps51:12-13,14-15,16-17","Create a pure heart for me, O God.","Create a pure heart for me, O God;
renew a steadfast spirit within me.
Do not cast me away from your presence;
take not your holy spirit from me.

Restore in me the joy of your salvation;
sustain in me a willing spirit.
I will teach transgressors your ways,
that sinners may return to you.

Rescue me from bloodshed,
O God, God of my salvation,
and then my tongue shall ring out your justice.
O Lord, open my lips
and my mouth shall proclaim your praise.",https://firestore.googleapis.com/v1/projects/catholic-missal/databases/(default)/documents/NigeriaReading,live Nigerian daily corpus,3629668ff1da2423a22b87b796ea67c2524f46b6a0eccdffc9bf1f5f49b8318b,bc425617725c8acd0f19ad9abee57a9ba3d206c135a88c86e7e79644d17d8b5d,1
nigeria_365_firestore,ng:2026-02-01:responsorial-psalm:1,NG,,2026-02-01,resolved-day,,,,"ps146:6-7,8-9a,9bc-10","Blessed are the poor in spirit, for theirs is the kingdom of heaven.","Or. Alleluia

It is the Lord who preserves fidelity forever,
who does justice to those who are oppressed.
It is he who gives bread to the hungry,
the Lord who sets prisoners free.

It is the Lord who opens the eyes of the blind,
the Lord who raises up those who are bowed down.
It is the Lord who loves the just,
the Lord who protects the stranger.

The Lord upholds the orphan and the widow,
but thwarts the path of the wicked.
The Lord will reign forever,
the God of Sion from age to age.",https://firestore.googleapis.com/v1/projects/catholic-missal/databases/(default)/documents/NigeriaReading,live Nigerian daily corpus,a7c97752d1158672b1eb536a857b5f6ba1f1c9117fcf3b7bdb27e259e1de046f,8e809337d6b5ad4dfc769181d56ca163ceb3d59eb7fdee98d4f9cba9d066e6f7,1
nigeria_365_firestore,ng:2026-02-02:responsorial-psalm:1,NG,,2026-02-02,resolved-day,,,,"ps24:7,8,9,10","The Lord of hosts, he is the king of glory!","O gates, lift high your heads;
grow higher, ancient doors.
Let him enter, the king of glory!

Who is this king of glory?
The Lord, the mighty, the valiant;
the Lord, the valiant in war. R/.
O gates, lift high your heads;
grow higher, ancient doors.
Let him enter, the king of glory!

Who is this king of glory?
He, the Lord of hosts,
he is the king of glory.",https://firestore.googleapis.com/v1/projects/catholic-missal/databases/(default)/documents/NigeriaReading,live Nigerian daily corpus,fdb0cff04e5d09e9d749f8d81539e33fe6af3dd425c8632e4aa9058c09b7b4ac,7854b2e7885ec8fac7a48f7e6d176e3e3e71a9dfbaaf459fd755412e9312a76e,1
nigeria_365_firestore,ng:2026-02-03:responsorial-psalm:1,NG,,2026-02-03,resolved-day,,,,"ps86:1-2,3-4,5-6","Turn your ear, O Lord, and answer me.","Turn your ear, O Lord, and answer me,
for I am poor and needy.
Preserve my soul, for I am faithful;
save the servant who trusts in you, my God.

Have mercy on me, O Lord,
for I cry to you all the day long.
Gladden the soul of your servant,
for I lift up my soul to you, O Lord.

O Lord, you are good and forgiving,
full of mercy to all who call to you.
Give ear, O Lord, to my prayer,
and attend to my voice in supplication.",https://firestore.googleapis.com/v1/projects/catholic-missal/databases/(default)/documents/NigeriaReading,live Nigerian daily corpus,207968f59e8f47860d30d3d3de00afdfcde56a595063e435b481bca29b90c05d,2e4c8a0dba59a5804ba1e177d2361b5fffb05a2e7b7009748ffe5b60819faa62,1
nigeria_365_firestore,ng:2026-02-04:responsorial-psalm:1,NG,,2026-02-04,resolved-day,,,,"ps32:1-2,5,6,7","O Lord, forgive the guilt of my sin.","Blessed is he whose transgression is forgiven,
whose sin is remitted.
Blessed the man to whom the Lord imputes no guilt,
in whose spirit is no guile.

To you I have acknowledged my sin;
my guilt I did not hide.
I said, “I will confess my transgression to the Lord.”
And you have forgiven the guilt of my sin.

So let each faithful one pray to you
in the time of need.
The floods of water may reach high,
but such a one they shall not reach.

You are a hiding place for me;
you keep me safe from distress;
you surround me with cries of deliverance.",https://firestore.googleapis.com/v1/projects/catholic-missal/databases/(default)/documents/NigeriaReading,live Nigerian daily corpus,19a349e97dd82d6e069feabdea0b9b7b54e2920f846e93e83699ff78cb9150ac,3aa6239e110b2900690d57ff1faa573b5c9bab6f94e7aeaca1d60c8ffb84d103,1
nigeria_365_firestore,ng:2026-02-05:responsorial-psalm:1,NG,,2026-02-05,resolved-day,,,,"1chr29:10b,11ab,11d-12a,12bcd","O Lord, you rule over all.","Blessed are you, O Lord,
the God of Israel our father,
for ever and ever.

Yours, O Lord, is the greatness, and the power,
and the glory, and the victory, and the majesty;
for all that is in the heavens and in the earth is yours.

You are exalted as head above all.
Both riches and honour come from you.

You rule over all.
In your hand are power and might;
and in your hand it is to make great
and to give strength to all.",https://firestore.googleapis.com/v1/projects/catholic-missal/databases/(default)/documents/NigeriaReading,live Nigerian daily corpus,1f9ac090e75b448d9b1666d88f27aa7e7b5a613a623fc223e356426c9469cca6,646890854eaa4439ea119c27b83eed28a3de6877f79fe13bd8227a9dcafc0a08,1
nigeria_365_firestore,ng:2026-02-06:responsorial-psalm:1,NG,,2026-02-06,resolved-day,,,,"ps18:31,47,50,51",Blest be the God of my salvation!,"As for God, his way is blameless;
the word of the Lord is pure.
He indeed is the shield
of all who trust in him.

The Lord lives, and blest be my Rock!
May the God of my salvation be exalted.
So I will praise you, Lord,
among the nations; to your name will I sing a psalm.

The LORD gives great victories to his king,
and shows merciful love for his anointed,
for  David and his seed forever.",https://firestore.googleapis.com/v1/projects/catholic-missal/databases/(default)/documents/NigeriaReading,live Nigerian daily corpus,09051a2058bed0c9b02ba6aaa2ffce95c4d2955b8a2e31ffe8757e7b549e9aa1,196765f9a1f88d04960afcbd79b5761971017e45e76364926dd290b9a071b2df,1
nigeria_365_firestore,ng:2026-02-07:responsorial-psalm:1,NG,,2026-02-07,resolved-day,,,,"ps119:9,10,11,12,13,14","O Lord, teach me your statutes.","How shall a youth remain pure on his way?
By obeying your word.

I have sought you with all my heart;
let me not stray from your commands.

I treasure your word in my heart,
lest I sin against you.

Blest are you, O Lord;
teach me your statutes.

With my lips have I recounted
all the decrees of your mouth.

I rejoice in the way of your precepts,
as though all riches were mine.",https://firestore.googleapis.com/v1/projects/catholic-missal/databases/(default)/documents/NigeriaReading,live Nigerian daily corpus,e9386d365f19118619ac0b190a85e586240bafbf15eab32295edadc6ecf5e8db,27c623a0b48a815e4b4cb2b5a7c6b338aaae474cb7628834e997bc4b81ed9efa,1
nigeria_365_firestore,ng:2026-02-08:responsorial-psalm:1,NG,,2026-02-08,resolved-day,,,,"ps112:4-5,6-7,8a,9",A light rises in the darkness for the upright.,"Or:  Alleluia.

A light rises in the darkness for the upright;
he is generous, merciful and just.
It goes well for the man who deals generously and lends,
who conducts his affairs with justice.

He will never be moved;
forever shall the just be remembered.
He has no fear of evil news;
with a firm heart, he trusts in the Lord.

With a steadfast heart he will not fear.
Open-handed, he gives to the poor;
his justice stands firm forever.
His might shall be exalted in glory.",https://firestore.googleapis.com/v1/projects/catholic-missal/databases/(default)/documents/NigeriaReading,live Nigerian daily corpus,cead1803c0c239aec902b013ca7fce51bffebfa68f7ca4b493a44eb84fd8c954,3cc25db7896eb25784e7566bd0efb903ee730b0f427ba84e2c75a1f9b7d4f598,1
nigeria_365_firestore,ng:2026-02-09:responsorial-psalm:1,NG,,2026-02-09,resolved-day,,,,"ps132:6-7,8-10","Go up, Lord, to the place of your rest.","At Ephrata we heard of it;
we found it in the plains of Yearim.
“Let us go to the place of his dwelling;
let us bow down at his footstool.”

Go up, Lord, to the place of your rest,
you and the ark of your strength.
Your priests shall be clothed with justice;
your faithful shall ring out their joy.
For the sake of David your servant,
do not reject your anointed.",https://firestore.googleapis.com/v1/projects/catholic-missal/databases/(default)/documents/NigeriaReading,live Nigerian daily corpus,bf2ddb7d4e6f2367eb4797b904c9a6584bc264e1fce75155974b9799ea0d5561,62efc017c29f0baae968d1348188cb56496a63659e659c2801f30c7519c86278,1
nigeria_365_firestore,ng:2026-02-10:responsorial-psalm:1,NG,,2026-02-10,resolved-day,,,,"ps84:3,4,5,10,11","How lovely is your dwelling place, O Lord of hosts!","My soul is longing and yearning
for the courts of the Lord.
My heart and my flesh cry out
to the living God.

Even the sparrow finds a home,
and the swallow a nest for herself
in which she sets her young, at your altars,
O Lord of hosts, my king and my God.

Blessed are they who dwell in your house,
forever singing your praise.
Turn your eyes, O God, our shield;
look on the face of your anointed.

One day within your courts
is better than a thousand elsewhere.
The threshold of the house of God
I prefer to the dwellings of the wicked.",https://firestore.googleapis.com/v1/projects/catholic-missal/databases/(default)/documents/NigeriaReading,live Nigerian daily corpus,f0d52f6d187b27485d4733d301dbf0829a04f260c9ba461bb2e65b1a4464b908,ef576a10ac56c7c5bea81b5db1599edde79a2af7cf98f1797df463ce4f07210e,1
nigeria_365_firestore,ng:2026-02-11:responsorial-psalm:1,NG,,2026-02-11,resolved-day,,,,"ps37:5-6,30-31,39-40",The mouth of the just man utters wisdom.,"Commit your way to the Lord;
trust in him, and he will act,
and make  your uprightness  shine  like the light,
the justice of your cause like the noon-day sun.

The mouth of the just man utters wisdom,
and his tongue tells forth what is right.
The law of his God is in his heart;
his steps shall be saved from stumbling.

But from the Lord comes the salvation of the just,
their stronghold in time of distress.
The Lord helps them and rescues them,
rescues and saves them from the wicked:
because they take refuge in him.",https://firestore.googleapis.com/v1/projects/catholic-missal/databases/(default)/documents/NigeriaReading,live Nigerian daily corpus,4d2c8efcd955a052c9366f2f02822a45ec320d9c0078a4b12f23eded89260939,ed1116d24b4775548d5bbb50c2710c5c986ef875bbbbdf8d29ce534ef881b069,1
nigeria_365_firestore,ng:2026-02-12:responsorial-psalm:1,NG,,2026-02-12,resolved-day,,,,"ps106:3-4,35-36,37,40","O Lord, remember us with the favour you show to your people","Blessed are they who observe what is just,
who at all times do what is right.
0 Lord, remember me
with the favour you show to your people.
Visit me with your saving power.

Instead they mingled with the nations,
and learned to act as they did.
They also served their idols,
and these became a snare to entrap them.

They even offered their sons
and their daughters in sacrifice to demons.
Then God’s anger blazed against his people;
he was filled with horror at his heritage.",https://firestore.googleapis.com/v1/projects/catholic-missal/databases/(default)/documents/NigeriaReading,live Nigerian daily corpus,1648393c68ff8c9d4454d277a2a786bc7d896e7b01239d6c3db0476a683e5883,febca60a5971623a461702d15263d75f236cc16286d289b4d18f65256de804bb,1
nigeria_365_firestore,ng:2026-02-13:responsorial-psalm:1,NG,,2026-02-13,resolved-day,,,,"ps81:10-11ab,12-13,14-15","I am the Lord, your God: listen to my voice.","“Let there be no strange god among you,
nor shall you worship a foreign god.
I am the Lord your God,
who brought you up from the land of Egypt.”

“But my people did not heed my voice,
 and Israel would not obey me.
So I left them in their stubbornness of heart,
to follow their own designs.”

“O that my people would heed me,
that Israel would walk in my ways!
At once I would subdue their foes,
turn my hand against their enemies.”",https://firestore.googleapis.com/v1/projects/catholic-missal/databases/(default)/documents/NigeriaReading,live Nigerian daily corpus,97916ea368e1a3a0ab9b3ab0a1b4c229fe7e7051b90b7dda067c2daf07375b21,425d9341b36b2920ff68cd0fcf36aea7194d1b3188637ebb6e53a16b9830fe64,1
nigeria_365_firestore,ng:2026-02-14:responsorial-psalm:1,NG,,2026-02-14,resolved-day,,,,"ps106:6-7ab,19-20,21-22","O Lord, remember us with the favour you show to your people.","Like our fathers, we have sinned.
We have done wrong; our deeds have been evil.
Our forebears, when they were in Egypt,
did not grasp the meaning of your wonders.

They fashioned a calf at Horeb,
and worshipped an image of metal,
they exchanged their glory
for the image of a bull that eats grass.

They forgot the God who was their saviour,
who had done such great things in Egypt,
such wonders in the land of Ham,
such marvels at the Red Sea.",https://firestore.googleapis.com/v1/projects/catholic-missal/databases/(default)/documents/NigeriaReading,live Nigerian daily corpus,1bfab62997a882539459db0ea3369f71c29657b2836e4adc2ea0c0f86c724715,a072eef775fdd40317a6e1a60cd8709360754922adaee5e570beb4e8e1798dc6,1
nigeria_365_firestore,ng:2026-02-15:responsorial-psalm:1,NG,,2026-02-15,resolved-day,,,,"ps119:1-2,4-5,17-18,33-34",Blessed are those who walk in the law of the Lord!,"Blessed are those whose way is blameless,
who walk in the law of the Lord!
Blessed are those who keep his decrees!
With all their hearts they seek him.

You have laid down your precepts
to be carefully kept. May my ways be firm
in keeping your statutes.

Deal bountifully with your servant,
that I may live and keep your word.
Open my eyes, that I may see
the wonders of your law.

Lord, teach me the way of your statutes,
and I will keep them to the end.
Grant me insight that I may keep your law,
and observe it wholeheartedly.",https://firestore.googleapis.com/v1/projects/catholic-missal/databases/(default)/documents/NigeriaReading,live Nigerian daily corpus,e37cc16490fcf5754dab206df6a1500c6b9f75b3f2b002ff3e1112c1b5b45829,e3c12bfd00500c78d324b1fe66ac174bb4544375d78b21eb30e3062e44ce476e,1
nigeria_365_firestore,ng:2026-02-16:responsorial-psalm:1,NG,,2026-02-16,resolved-day,,,,"ps119:67,68,71,72,75,76","Show me compassion, Lord, that I may live.","Before I was humbled, I strayed,
but now I keep your word.

You are good, and you do what is good;
teach me your statutes.

It was good for me to be humbled,
that I might  learn your  statutes.

The law from your mouth means more to me
than large quantities of silver and gold.

O Lord, I know that your decrees are right;
though  I am humbled,  you  are just.

Let your merciful love console me
by your promise  to your  servant.",https://firestore.googleapis.com/v1/projects/catholic-missal/databases/(default)/documents/NigeriaReading,live Nigerian daily corpus,5495cda9eee65f554c17b9c28817140a835ff83e2a3ad77afd24b8e3347a5f3d,60964cbfd9883be282ac0bc14ab8a6d1973dc3e2e5df65b3dd0712380995c28d,1
nigeria_365_firestore,ng:2026-02-17:responsorial-psalm:1,NG,,2026-02-17,resolved-day,,,,"ps94:12-13a,14-15,18-19","Blessed the man whom you discipline, O Lord.","Blessed the man whom you discipline, O Lord,
Whom you train by means of your law;
To whom you give peace in evil days.

The Lord will not abandon his people,
Nor forsake those who are his heritage;
For judgement shall again be just,
And all true hearts shall uphold it.

When i think, “I have lost my foothold,”
Your mercy, O Lord, holds me up.
When cares increase in my heart,
Your consolation calms my soul.",https://firestore.googleapis.com/v1/projects/catholic-missal/databases/(default)/documents/NigeriaReading,live Nigerian daily corpus,432c3c52b00499b4a0ad5295acb99c6510c201d3469784cbfb586e79af275adf,bbef66623ca681535a153cc702cf737576e09642d3d98d88d195d2d3df927d9c,1
nigeria_365_firestore,ng:2026-02-18:responsorial-psalm:1,NG,,2026-02-18,resolved-day,,,,"ps51:3-4,5-6ab,12-13,14,17","Have mercy, O Lord, for we have sinned.","Have mercy on me, O God,
according to your merciful love;
according to your great compassion,
blot out my transgressions.
Wash me completely from my iniquity,
And cleanse me from my sin.

My transgressions, truly I know them;
my sin is always before me.
Against you, you alone, have I sinned;
what is evil in your sight I have done.

Create a pure heart for me, O God;
Renew a steadfast spirit within me.
Do not cast me away from your presence;
take not your holy spirit from me.

Restore in me the joy of your salvation;
Sustain in me a willing spirit.
O Lord, open my lips
And my mouth shall proclaim your praise.",https://firestore.googleapis.com/v1/projects/catholic-missal/databases/(default)/documents/NigeriaReading,live Nigerian daily corpus,8bcecd62622e04689df732b4a15d81f534a978fdeea1b0ba29b278be030272b5,b2f58d0bcfd874f1fd60c502fbb549791509f77f53d0b7799b945c3875dc58c3,1
nigeria_365_firestore,ng:2026-02-19:responsorial-psalm:1,NG,,2026-02-19,resolved-day,,,,"ps1:1-2,3,4and6",Blessed the man who has placed his trust in the Lord.,"Blessed indeed is the man
Who follows not the counsel of the wicked,
Nor stands in the path with sinners,
Nor abides in the company of scorners,
But whose delight is the law of the Lord,
And who ponders his law day and night.

He is like a tree that is planted
Beside the flowing waters,
That yields its fruit in due season,
And whose leaves shall never fade;
and all that he does shall prosper.

Not so are the wicked, not so!
For they, like winnowed chaff,
Shall be driven away by the wind.
For the Lord knows the way of the just,
but the way of the wicked will perish.",https://firestore.googleapis.com/v1/projects/catholic-missal/databases/(default)/documents/NigeriaReading,live Nigerian daily corpus,a806157421c6cc2bb0e5e9dbeea39a84b497974586c820c4d77b080841f494a5,eedcb1879c3f24d7cb2d57cc7351138389462fb9af83ddcac8ce89043847a594,1
nigeria_365_firestore,ng:2026-02-20:responsorial-psalm:1,NG,,2026-02-20,resolved-day,,,,"ps51:3-4,5-6ab,18-19","A broken and humbled heart, O God, you will not spurn.","Have mercy on me, O God,
according to your merciful love;
according to your great compassion,
blot out my transgressions.
Wash me completely from my iniquity,
And cleanse me from my sin.

My transgressions, truly I know them;
My sin is always before me.
Against you, you alone, have I sinned;
What is evil in your sight I have done.

For in sacrifice you take no delight;
Burnt offering from me would not please you.
My sacrifice to God, a broken spirit:
A broken and humbled heart,
O God, you will not spurn.",https://firestore.googleapis.com/v1/projects/catholic-missal/databases/(default)/documents/NigeriaReading,live Nigerian daily corpus,67150fb797c996a5765228b0b53e6d3b00bc66084c083b413da2300d789a500d,3e3c515889623865b75086f60ce5e0fa9631ec4b40f7feb6b3b096809aa65f20,1
nigeria_365_firestore,ng:2026-02-21:responsorial-psalm:1,NG,,2026-02-21,resolved-day,,,,"ps86:1-2,3-4,5-6","Teach me, O Lord, your way, So that I may walk in your truth.","Turn your ear, O Lord, and answer me,
For I am poor and needy.
Preserve my soul, for I am faithful;
save the servant who trusts in you, my God.

Have mercy on me, O Lord,
For I cry to you all the day long.
Gladden the soul of your servant,
For I lift up my soul to you, O Lord.

O Lord, you are good and forgiving,
Full of mercy to all who call to you.
Give ear, O Lord, to my prayer,
And attend to my voice in supplication.",https://firestore.googleapis.com/v1/projects/catholic-missal/databases/(default)/documents/NigeriaReading,live Nigerian daily corpus,751e14bf7c3cfd670fe3b3a500cf736047da75cc7a27ca135775d6b335dca883,3b1af244160f812239f89bea5fd99e7fa0fc9160e525bf6a9237b8f79166766f,1
nigeria_365_firestore,ng:2026-02-22:responsorial-psalm:1,NG,,2026-02-22,resolved-day,,,,"ps51:3-4,5-6ab,12-13,14,17","Have mercy, O Lord, for we have sinned.","Have mercy on me, O God,
according to your merciful love;
according to your great compassion,
blot out my transgressions.
Wash me completely from my iniquity,
and cleanse me from my sin.

My transgressions, truly I know them;
my sin is always before me.
Against you, you alone, have I sinned;
what is evil in your sight I have done.

Create a pure heart for me, O God;
renew a steadfast spirit within me.
Do not cast me away from your presence;
take not your holy spirit from me.

Restore in me the joy of your salvation;
sustain in me a willing spirit.
O Lord, open my lips
and my mouth shall proclaim your praise.",https://firestore.googleapis.com/v1/projects/catholic-missal/databases/(default)/documents/NigeriaReading,live Nigerian daily corpus,6276e1f0dcc686cc1f6f3a4e29523c0651ae6cb406df66749d3987d7954d87a8,b2f58d0bcfd874f1fd60c502fbb549791509f77f53d0b7799b945c3875dc58c3,1
nigeria_365_firestore,ng:2026-02-23:responsorial-psalm:1,NG,,2026-02-23,resolved-day,,,,"ps19:8,9,10,15","Your words, O Lord, are Spirit and life.","The law of the Lord is perfect;
it revives the soul.
The decrees of the Lord are steadfast;
they give wisdom to the simple.

The precepts of the Lord are right;
they gladden the heart.
The command of the Lord is clear;
it gives light to the eyes.

The fear of the Lord is pure,
Abiding forever.
The judgements of the Lord are true;
they are, all of them, just.

May the spoken words of my mouth,
the thoughts of my heart,
win favour in your sight, O Lord,
my rock and my redeemer !",https://firestore.googleapis.com/v1/projects/catholic-missal/databases/(default)/documents/NigeriaReading,live Nigerian daily corpus,43f62d5616ef293771cc161efcdb0ae05e474a32ae00e53e04dbf01381f0f6bb,66d333b7d0bd236a4b8467a1c2e3f74de35844d3ef54700b84f1b24836a5e893,1
nigeria_365_firestore,ng:2026-02-24:responsorial-psalm:1,NG,,2026-02-24,resolved-day,,,,"ps34:4-5,6-7,16-17,18-19",The Lord rescues them in all their distress.,"Glorify the Lord with me;
together let us praise his name.
I sought the Lord, and he answered me;
from all my terrors he set me free.

Look towards him and be radiant;
let your faces not be abashed.
This lowly one called; the Lord heard,
And rescued him from all his distress.

The Lord turns his eyes to the just,
and his ears are open to their cry.
The Lord turns his face against the wicked
to destroy their remembrance from the earth.

When the just cry out, the Lord hears,
and rescues them in all their distress.
The Lord is close to the broken-hearted;
those whose spirit is crushed he will save.",https://firestore.googleapis.com/v1/projects/catholic-missal/databases/(default)/documents/NigeriaReading,live Nigerian daily corpus,0cb2e943e5bf3c0911e30d7d141f59462fa8112f3813c4094d0d07ee8eb726e0,ef63bd3e173e3c467fdee4cc8e8ae55741d23b4f96545f548cb646c504434bc1,1
nigeria_365_firestore,ng:2026-02-25:responsorial-psalm:1,NG,,2026-02-25,resolved-day,,,,"ps51:3-4,12-13,18-19","A broken and humbled heart, O God, you will not spurn.","Have mercy on me, O God,
According to your merciful love;
According to your great compassion,
Blot out my transgressions.
Wash me completely from my iniquity,
and cleanse me from my sin.

Create a pure heart for me, O God;
renew a steadfast spirit within me.
Do not cast me away from your presence;
take not your holy spirit from me.

For in sacrifice you take no delight;
Burnt offering from me would not please you.
My sacrifice to God, a broken spirit:
A broken and humbled heart, O God, you will not spurn.",https://firestore.googleapis.com/v1/projects/catholic-missal/databases/(default)/documents/NigeriaReading,live Nigerian daily corpus,a34d81ee237ef17b1eecf84dc9a0b5fc7a445f9438590fa05cc933aeec82c69b,15a41b1b254367926a4834c590f213b2cb275d4252d84e46911788afbe522682,1
nigeria_365_firestore,ng:2026-02-26:responsorial-psalm:1,NG,,2026-02-26,resolved-day,,,,"ps138:1-2a,2bcd-3,7d-8","On the day I called, you answered me, O Lord.","I thank you, Lord, with all my heart;
you have heard the words of my mouth.
In the presence of the angels I praise you.
I bow down toward your holy temple.

I give thanks to your name
for your merciful love and your faithfulness.
You have exalted your name and your promise over all.
On the day I called, you answered me;
you increased the strength of my soul.

With your right hand you save me;
the Lord will accomplish this for me.
O Lord, your merciful love is eternal;
discard not the work of your hands.",https://firestore.googleapis.com/v1/projects/catholic-missal/databases/(default)/documents/NigeriaReading,live Nigerian daily corpus,7635f96f7184b1eda39903000978f9ba03f5b95f0cca3e8ecac0168dc9d7e2fb,34fe8d0f6396b42bd9c272094e910282b89466339103901c73f0deab0472cff0,1
nigeria_365_firestore,ng:2026-02-27:responsorial-psalm:1,NG,,2026-02-27,resolved-day,,,,"ps130:1-2,3-4,5-7a,7bc-8","If you, O Lord, should mark iniquities, Lord, who could stand?","Out of the depths I cry to you,
O Lord; Lord, hear my voice!
O let your ears be attentive
to the sound of my pleading.

If you, O Lord, should mark iniquities,
Lord, who could stand?
But with you is found forgiveness,
that you may be revered.

I long for you, O Lord,
my soul longs for his word.
My soul hopes in the Lord
more than watchmen for daybreak.
More than watchmen for daybreak,
let Israel hope for the Lord.

For with the Lord there is mercy,
in him is plentiful redemption.
It is he who will redeem Israel
from all its iniquities.",https://firestore.googleapis.com/v1/projects/catholic-missal/databases/(default)/documents/NigeriaReading,live Nigerian daily corpus,ddc2fd1765536054d67939b2683908aec2e323a174f92175160360971e96fc62,695aa177e09b8cba8390e0c7defeeeda31f52fa66b59c36e991502c14ed2387a,1
nigeria_365_firestore,ng:2026-02-28:responsorial-psalm:1,NG,,2026-02-28,resolved-day,,,,"ps119:1-2,4-5,7-8",Blessed are those who walk in the law of the Lord!,"Blessed are those whose way is blameless,
who walk in the law of the Lord!
Blessed are those who keep his decrees!
With all their hearts they seek him.

You have laid down your precepts
to be carefully kept.
May my ways be firm
in keeping your statutes.

I will thank you with an upright heart,
as I learn your just judgements.
I will keep your statutes;
do not ever forsake me.",https://firestore.googleapis.com/v1/projects/catholic-missal/databases/(default)/documents/NigeriaReading,live Nigerian daily corpus,8af1edcf283301ba8b3c3588fc406299b94210f58b2ff14771b026d5aa41ae4a,df4a1e179fbe894a78ab1995cce9e51f12b82b8ffc64dcb3d6a1b3bdc344e919,1
nigeria_365_firestore,ng:2026-03-01:responsorial-psalm:1,NG,,2026-03-01,resolved-day,,,,"ps33:4-5,18-19,20,22","May your merciful love be upon us, as we hope in you, O Lord.","The word of the Lord is faithful,
and all his works to be trusted.
The Lord loves justice and right,
and his merciful love fills the earth.

Yes, the Lord’s eyes are on those who fear him,
who hope in his merciful love,
to rescue their souls from death,
to keep them alive in famine.

Our soul is waiting for the Lord.
He is our help and our shield.
May your merciful love be upon us,
as we hope in you, O Lord.",https://firestore.googleapis.com/v1/projects/catholic-missal/databases/(default)/documents/NigeriaReading,live Nigerian daily corpus,aa6aaa6bd7f8510b7bcec29c61a8c43a5ad95259ede1353df1df26c8635d1902,de882f34c85ce65158ec382f6d5df4ac3cbbfa5536c219003af8064fdafe0d86,1
nigeria_365_firestore,ng:2026-03-02:responsorial-psalm:1,NG,,2026-03-02,resolved-day,,,,"ps79:8,9,11,13","O Lord, do not treat us according to our sins.","Do not remember against us the guilt of former times.
Let your compassion hasten to meet us;
For we have been brought very low.

Help us, O God our saviour,
for the sake of the glory of your name.
Free us and forgive us our sins,
Because of your name.

Let the groans of the prisoners come before you,
Your strong arm reprieve those condemned to die.

Then we, your people, the flock of your pasture,
will give you thanks forever and ever.
From age to age we will recount your praise.",https://firestore.googleapis.com/v1/projects/catholic-missal/databases/(default)/documents/NigeriaReading,live Nigerian daily corpus,332fcdb70c2f1de0a9b67c26694cf4258b477cf6794dca32158b2ab3e79b1f58,e5429248296740400f1b91b845eaa30a3151a5b803421c66b86d4aab2be3ee71,1
nigeria_365_firestore,ng:2026-03-03:responsorial-psalm:1,NG,,2026-03-03,resolved-day,,,,"ps50:8-9,16bc-17,21,23","To one whose way is blameless, I will show the salvation of God.","“I do not rebuke you for your sacrifices;
your offerings are always before me.
I do not take more bullocks from your farms,
nor goats from among your herds.”

“How can you recite my commandments,
and take my covenant on your lips,
you who despise correction,
and cast my words behind you.”

“You do this, and should I keep silence?
Do you think that I am like you?
I accuse you, lay the charge before you.
A sacrifice of praise gives me honour,
and to one whose way is blameless,
I will show the salvation of God.”",https://firestore.googleapis.com/v1/projects/catholic-missal/databases/(default)/documents/NigeriaReading,live Nigerian daily corpus,7f5ce51b71a04ec2042e5ffbabbc10d51538d26516526412f954cd1e2c4796f3,5e5ad71e6bd540406e9bc3fb7a145cb8d9aaaa503714cb233834f2d2cec4abe2,1
nigeria_365_firestore,ng:2026-03-04:responsorial-psalm:1,NG,,2026-03-04,resolved-day,,,,"ps31:5-6,14,15-16","Save me, O Lord, in your merciful love.","Release me from the snare they have hidden,
For you indeed are my refuge.
Into your hands I commend my spirit.
You will redeem me, O Lord, O faithful God.

I have heard the slander of the crowd;
terror all around me,
as they plot together against me,
as they plan to take my life.

But as for me, I trust in you, O Lord;
I say, “You are my God.
My lot is in your hands, deliver me
from the hands of my enemies and those who pursue me.”

VERSE BEFORETHEGOSPEL John 8:12
Glory and praise to you, O Christ. I am the light of the world, says the Lord; he who follows me will have the light of life. Glory and praise to you, O Christ.",https://firestore.googleapis.com/v1/projects/catholic-missal/databases/(default)/documents/NigeriaReading,live Nigerian daily corpus,92b8c6e2bcb399452dbec20597bd4c725a775130e439f209cb410ed4eb841c54,bfb76c781274b50dbfd2adcf5096c4a6999a3ed2ecc56ad31dc8412696eafcd2,1
nigeria_365_firestore,ng:2026-03-05:responsorial-psalm:1,NG,,2026-03-05,resolved-day,,,,"ps1:1-2,3,4,6",Blessed the man who has placed his trust in the Lord.,"Blessed indeed is the man
Who follows not the counsel of the wicked,
Nor stands in the path with sinners,
nor abides in the company of scorners,
but whose delight is the law of the Lord,
and who ponders his law day and night.

He is like a tree that is planted
beside the flowing waters,
that yields its fruit in due season,
and whose leaves shall never fade;
and all that he does shall prosper.

Not so are the wicked, not so!
For they, like winnowed chaff,
shall be driven away by the wind.
For the Lord knows the way of the just,
but the way of the wicked will perish.

VERSE BEFORE THEGOSPEL Luke 8:15
Glory and praise to you, O Christ. Blessed are those who, hearing the word, hold it fast in an honest and good heart, and bring forth fruit with patience. Glory and praise to you, O Christ.",https://firestore.googleapis.com/v1/projects/catholic-missal/databases/(default)/documents/NigeriaReading,live Nigerian daily corpus,faf1d8663d64ac97dcea51199e108236f771cf4004cb20250bb4fc0595a38f9f,54e501c661522c5ee98726784208df385c8cd00de0084c5c2b6d89d408d3ff5f,1
nigeria_365_firestore,ng:2026-03-06:responsorial-psalm:1,NG,,2026-03-06,resolved-day,,,,"ps105:15-17,18-19,20-21",Remember the wonders the Lord has done.,"But he called down a famine on the land;
he broke their staff of bread.
He had sent a man ahead of them,
Joseph, sold as a slave.

His feet were weighed down in chains,
his neck was bound with iron,
until what he said came to pass,
and the word of the Lord proved him true.

Then the king sent orders and released him;
the ruler of the peoples set him free.
He made him master of his house
and ruler of all his possessions.",https://firestore.googleapis.com/v1/projects/catholic-missal/databases/(default)/documents/NigeriaReading,live Nigerian daily corpus,269223479d030ea54e8831d84a32aba8c3119ec7c0c0dbaf532d5ac92a280ddb,5c5330812ab6f2dd564143477e735353d80eac71e818d45736dcd61081cc5792,1
nigeria_365_firestore,ng:2026-03-07:responsorial-psalm:1,NG,,2026-03-07,resolved-day,,,,"ps103:1-2,3-4,9-10,11-12",The Lord is compassionate and gracious.,"Bless the Lord, O my soul,
and all within me, his holy name.
Bless the Lord, O my soul,
and never forget all his benefits.

It is the Lord who forgives all your sins,
Who heals every one of your ills,
who redeems your life from the grave,
who crowns you with mercy and compassion.

He will not always find fault;
nor persist in his anger forever.
He does not treat us according to our sins,
nor repay us according to our faults.

For as the heavens are high above the earth,
so strong his mercy for those who fear him.
As far as the east is from the west,
so far from us does he remove our transgressions.",https://firestore.googleapis.com/v1/projects/catholic-missal/databases/(default)/documents/NigeriaReading,live Nigerian daily corpus,2a192f4a36c75a862b8d51edbab68b5f50543b4cd129a81d1eed36d2829726f3,d1be1e0849abf2c6e2c3456b194fcb63e3d535b0ab5239801a9daddc4e9a8515,1
nigeria_365_firestore,ng:2026-03-08:responsorial-psalm:1,NG,,2026-03-08,resolved-day,,,,"ps95:1-2,6-7abc,7d-9",O that today you would listen to his voice! Harden not your hearts.,"Come, let us ring out our joy to the Lord;
hail the rock who saves us.
Let us come into his presence, giving thanks;
let us hail him with a song of praise.

O come; let us bow and bend low.
Let us kneel before the God who made us,
for he is our God and we
the people who belong to his pasture,
the flock that is led by his hand.

O that today you would listen to his voice!
“Harden not your hearts as at Meribah,
as on that day at Massah in the desert
when your forebears put me to the test;
when they tried me,
though they saw my work.”",https://firestore.googleapis.com/v1/projects/catholic-missal/databases/(default)/documents/NigeriaReading,live Nigerian daily corpus,8def86e6c342cca9b89e264f9ef1032442a79f7131a6ea8bd12ce4d6b09e60f5,af8af5d985936cd8b37efc1f8a126055ca439bf414f4469de48d9d5658baf023,1
nigeria_365_firestore,ng:2026-03-09:responsorial-psalm:1,NG,,2026-03-09,resolved-day,,,,"ps42:2,3,43:3,4","My soul is thirsting for God, the living God.","When can I enter and appear before the face of God?

Like The deer that yearns
for running streams,
so my soul is yearning
for you, my God.

My soul is thirsting for God,
The living God;
When can I enter and appear
Before the face of God?

When can I enter and appear before the face of God?

O send forth your light and your truth;
They will guide me on.
They will bring me to your holy mountain,
To the place where you dwell.

And I will come to the altar of God,
To God, my joy and gladness.
To you will I give thanks on the harp,
O God, my God.",https://firestore.googleapis.com/v1/projects/catholic-missal/databases/(default)/documents/NigeriaReading,live Nigerian daily corpus,a086b9bc98ac5afe1009d0f0d7a8aba7cf1f06dda66438d686f996889cf46d08,f7e6cca68c10ba5363c1a6db12fd4dcced0d5603a993396794b51ef6cfa7a271,1
nigeria_365_firestore,ng:2026-03-10:responsorial-psalm:1,NG,,2026-03-10,resolved-day,,,,"ps25:4-5ab,6,7cd,8-9","Remember your compassion, O Lord.","O Lord, make me know your ways.
Teach me your paths.
Guide me in your truth, and teach me;
For you are the God of my salvation.

Remember your compassion, O Lord,
and your merciful love,
for they are from of old.
In your merciful love remember me,
Because of your goodness, O Lord.

Good and upright is the Lord;
he shows the way to sinners.
He guides the humble in right judgement;
To the humble he teaches his way.",https://firestore.googleapis.com/v1/projects/catholic-missal/databases/(default)/documents/NigeriaReading,live Nigerian daily corpus,64eed4d2802d5e269d7bd5f582dc647c33214a58fca597bdedc223b69a082fef,b3ffc246649003a25cef9ad1b221b7dce30472bb12c62148961158bd07d59f65,1
nigeria_365_firestore,ng:2026-03-11:responsorial-psalm:1,NG,,2026-03-11,resolved-day,,,,"ps147:12-13,15-16,19-20","O Jerusalem, glorify the Lord!","O Jerusalem, glorify the Lord!
O Sion, praise your God!
He has strengthened the bars of your gates;
he has blessed your children within you.

He sends out his word to the earth,
and swiftly runs his command.
He showers down snow like wool;
he  scatters hoarfrost  like  ashes.

He reveals his word to Jacob;
to Israel, his decrees and judgements.
He has not dealt thus with other nations;
he has not taught them his judgements.",https://firestore.googleapis.com/v1/projects/catholic-missal/databases/(default)/documents/NigeriaReading,live Nigerian daily corpus,ca64011005498451791f67d05c556d5e6c387b0bb23b190f2a4b41f9f5124c7d,4298c99c3871429d48f2539a881be31f2fdcff6c91e8834151070cabb2efd608,1
nigeria_365_firestore,ng:2026-03-12:responsorial-psalm:1,NG,,2026-03-12,resolved-day,,,,"ps95:1-2,6-7abc,7d-9",O that today you would listen to his voice!,"Harden not your hearts.

Come, let us ring out our joy to the Lord;
hail the rock who saves us.
Let us come into his presence, giving thanks;
let us hail him with a song of praise.

O come; let us bow and bend low.
Let us kneel before the God who made us,
for he is our God and we
the people who belong to his pasture,
the flock that is led by his hand.

O that today you would listen to his voice!
“Harden not your hearts as at Meribah,
as on that day at Massah in the desert
when your forebears put me to the test;
when they tried me, though they saw my work.”",https://firestore.googleapis.com/v1/projects/catholic-missal/databases/(default)/documents/NigeriaReading,live Nigerian daily corpus,9bc6bb335b5a5809badaff7e859d5672c0304c783dc7a1e584cbbb9c5446d098,af8af5d985936cd8b37efc1f8a126055ca439bf414f4469de48d9d5658baf023,1
nigeria_365_firestore,ng:2026-03-13:responsorial-psalm:1,NG,,2026-03-13,resolved-day,,,,"ps81:6c-8a,8bc-9,10-11ab,14and17",I am the Lord your God: listen to my voice.,"A voice I did not know said to me:
“I freed your shoulder from the burden;
your hands were freed from the builder's basket.
You called in distress and I delivered you.”

“I answered, concealed in the thunder;
at the waters of Meribah I tested you.
Listen, my people, as I warn you.
O Israel, if only you would heed!”

“Let there be no strange god among you,
nor shall you worship a foreign god.
I am the Lord your God,
who brought you up from the land of Egypt.”

“O that my people would heed me,
that Israel would walk in my ways!
But Israel I would feed with finest wheat,
and satisfy with honey from the rock.”",https://firestore.googleapis.com/v1/projects/catholic-missal/databases/(default)/documents/NigeriaReading,live Nigerian daily corpus,2b7dbd801e8eec52ec3bd99fb78621c58b576d749f792e9df632ab644ac2989a,ed7ce2a45ef45ee577225bb55705582855592bb2b793896afbfe9c625b17fa6c,1
nigeria_365_firestore,ng:2026-03-14:responsorial-psalm:1,NG,,2026-03-14,resolved-day,,,,"ps51:3-4,18-19,20-21ab","I desire mercy, and not sacrifice.","Have mercy on me, O God,
According to your merciful love;
According to your great compassion,
Blot out my transgressions.
Wash me completely from my iniquity,
And cleanse me from my sin.

For in sacrifice you take no delight;
Burnt offering from me would not please you.
My sacrifice to God, a broken spirit:
A broken and humble heart, O God, you will not spurn.

In your good pleasure, show favour to Sion;
Rebuild the walls of Jerusalem.
Then you will delight in right sacrifice,
Burnt offering wholly consumed.",https://firestore.googleapis.com/v1/projects/catholic-missal/databases/(default)/documents/NigeriaReading,live Nigerian daily corpus,83e87b2d0201cd2ebb528db2b9446c8b97157e27ce0990db707e33434a801888,a8d9a0abf4a7089463192bcb04b5d5bad19295e2c7a0c94290c05c27f317324f,1
nigeria_365_firestore,ng:2026-03-15:responsorial-psalm:1,NG,,2026-03-15,resolved-day,,,,"ps23:1-3a,3b-4,5,6",The Lord is my shepherd; there is nothing I shall want.,"The Lord is my shepherd;
there is nothing I shall want.
Fresh and green are the pastures
where he gives me repose.
Near restful waters he leads me;
he revives my soul.

He guides me along the right path,
for the sake of his name.
Though I should walk in the valley
of the shadow of death,
no evil would I fear,
for you are with me.
Your crook and your staff
will give me comfort.

You have prepared a table before me
in the sight of my foes.
My head you have anointed with oil;
my cup is overflowing.

Surely goodness and mercy shall follow me
all the days of my life.
In the Lord’s own house shall I dwell
for length of days unending.",https://firestore.googleapis.com/v1/projects/catholic-missal/databases/(default)/documents/NigeriaReading,live Nigerian daily corpus,fa437e9f507e4baea9d44d6003278951c5e0536709b7a9504d581be958e61f0e,f9f4fbba27f1afc7cf0bc67ed00b51cdfaddf5b1e9035e77adb2aa2972909187,1
nigeria_365_firestore,ng:2026-03-16:responsorial-psalm:1,NG,,2026-03-16,resolved-day,,,,"ps30:2,4,5-6,11-12a,13b","I will extol you, Lord, for you have raised me up.","I will extol you, Lord, for you have raised me up,
and have not let my enemies rejoice over me.
 O Lord, you have lifted up my soul from the grave,
Restored me to life from those who sink into the pit.

Sing psalms to the Lord, you faithful ones;
give thanks to his holy name.
His anger lasts a moment; his favour all through life.
At night there are tears, but at dawn comes joy.

Hear, O Lord, and have mercy on me;
be my helper, O Lord
You have changed my mourning into dancing.
O Lord my God, I will thank you forever.",https://firestore.googleapis.com/v1/projects/catholic-missal/databases/(default)/documents/NigeriaReading,live Nigerian daily corpus,dfe13817e55b209bf72d05951c6b75f0fd115cbe695e51b8bb85ef84fa367003,3883eec901f89857377cdf721dbad38beb4bf4f2b8994a92fa43f5a5dd41a37c,1
nigeria_365_firestore,ng:2026-03-17:responsorial-psalm:1,NG,,2026-03-17,resolved-day,,,,"ps96:1-2a,2b-3,7-8a,9-10ac",Tell among all the peoples the wonders of the Lord!,"O sing a new song to the Lord;
sing to the Lord, all the earth.
O sing to the Lord; bless his name.

Proclaim his salvation day by day.
Tell among the nations his glory,
and his wonders among all the peoples.

Give the Lord, you families of peoples,
give the Lord glory and power;
give the Lord the glory of his name.

Say to the nations, “The Lord is King,”
The world he made firm in its place;
he will judge the peoples in fairness,

Glory and praise to you, O Christ
Glory and praise to you, O Christ. Follow me, says the Lord, and I will make you become fishers of men. Glory and praise to you, O Christ.",https://firestore.googleapis.com/v1/projects/catholic-missal/databases/(default)/documents/NigeriaReading,live Nigerian daily corpus,9e70866a11c74065bfc69a4a10c62f0897dc8e6d75f9e415fb05e1d2379079b6,7217c09b4b2842db8ea2871259a0ba100a6cc2d972d00f8e573e40cac8887d5d,1
nigeria_365_firestore,ng:2026-03-18:responsorial-psalm:1,NG,,2026-03-18,resolved-day,,,,"ps145:8-9,13d-14,17-18",The Lord is kind and full of compassion.,"The Lord is kind and full of compassion,
slow to anger, abounding in mercy.
How good is the Lord to all,
compassionate to all his creatures.

The Lord is faithful in all his words,
And holy in all his deeds.
The Lord supports all who fall,
and raises up all who are bowed down.

The Lord is just in all his ways,
And holy in all his deeds.
The Lord is close to all who call him,
Who call on him in truth.",https://firestore.googleapis.com/v1/projects/catholic-missal/databases/(default)/documents/NigeriaReading,live Nigerian daily corpus,c2b44e75bc98560bcd70b80623fc83c51ec685ee650739c41725dd02d935878d,813e6d8c4c3c4337ce3c36bc1dc6f5d6efc0871fbf2fbb024329415725d0e18b,1
nigeria_365_firestore,ng:2026-03-19:responsorial-psalm:1,NG,,2026-03-19,resolved-day,,,,"ps89:2-3,4-5,27,29",His descendants shall continue forever.,"I will sing forever of your mercies, O Lord;
through all ages my mouth will proclaim your fidelity.
I have declared your mercy is established forever;
your fidelity stands firm as the heavens.

“With my chosen one I have made a covenant;
I have sworn to David my servant:
I will establish your descendants forever,
and set up your throne through all ages.”

“He will call out to me, ‘You are my father,
my God, the rock of my salvation.’
I will keep my faithful love for him always;
with him my covenant shall last.”",https://firestore.googleapis.com/v1/projects/catholic-missal/databases/(default)/documents/NigeriaReading,live Nigerian daily corpus,4a163c76881722351fb5a3c6ca80a07e66b7645a3cf5d68e32f50298dcec7882,d8abc3e42ecab06a9fb7e9f898bea883d3e88c89f4f5af3d8f6f0af13525514c,1
nigeria_365_firestore,ng:2026-03-20:responsorial-psalm:1,NG,,2026-03-20,resolved-day,,,,"ps34:17-18,19-20,21,23",The Lord is close to the broken-hearted.,"The Lord turns his face against the wicked
to destroy their remembrance from the earth.
When the just cry out, the Lord hears,
and rescues them in all their distress.

The Lord is close to the broken-hearted;
those whose spirit is crushed he will save.
Many are the trials of the just man,
but from them all the Lord will rescue him.

He will keep guard over all his bones;
Not one of his bones shall be broken.
The Lord ransoms the souls of his servants.
All who trust in him shall not be condemned.",https://firestore.googleapis.com/v1/projects/catholic-missal/databases/(default)/documents/NigeriaReading,live Nigerian daily corpus,3c7a89822206f5f93f2af2ac732d36ba02d838e30bf486534ce62df69ab8d89f,504168395cc4da5a8374c62791e97a663751f3a866133bad78d1e8140cdc4bda,1
nigeria_365_firestore,ng:2026-03-21:responsorial-psalm:1,NG,,2026-03-21,resolved-day,,,,"ps7:2-3,9bc-10,11-12","O Lord, my God, I take refuge in you.","O Lord, my God, I take refuge in you.
Save and rescue me from all my pursuers,
lest they tear me apart like a lion,
and drag me off with no one to rescue me.

Give judgement for me, O Lord,
for I am just and blameless of heart.
Put an end to the evil of the wicked!
Make the just man stand firm;
it is you who test mind and heart,
O God of justice!

God is a shield before me,
who saves the upright of heart.
God is a judge, just and powerful and patient,
not exercising anger every day.",https://firestore.googleapis.com/v1/projects/catholic-missal/databases/(default)/documents/NigeriaReading,live Nigerian daily corpus,5c60ea6997464603d69067879532bf1719b9db73dc77ad7a6a12f599c198c5f4,5e1473e5916c8115eda425001a0911a1532fbc75b0fc7969b62786aeba55163b,1
nigeria_365_firestore,ng:2026-03-22:responsorial-psalm:1,NG,,2026-03-22,resolved-day,,,,"ps130:1-2,3-4,5-7a,7b-8","With the Lord there is mercy, in him is plentiful redemption.","Out of the depths I cry to you, O Lord;
 Lord, hear my voice!
O let your ears be attentive
to the sound of my pleading.

If you, O Lord, should mark iniquities,
Lord, who could stand?
But with you is found forgiveness,
that you may be revered.

I long for you, O Lord,
my soul longs for his word.
My soul hopes in the Lord
more than watchmen for daybreak.
More than watchmen for daybreak,
let Israel hope for the Lord.

For with the Lord there is mercy,
in him is plentiful redemption.
It is he who will redeem Israel
from all its iniquities.",https://firestore.googleapis.com/v1/projects/catholic-missal/databases/(default)/documents/NigeriaReading,live Nigerian daily corpus,8be71e70476e28f2a481a8e9912fa20448095bad42aa0db915e12f495c33dba9,01cee6da1dc7131af22c94ddfeb49808db9bde9619d0fe7172da81f685e1ae59,1
nigeria_365_firestore,ng:2026-03-23:responsorial-psalm:1,NG,,2026-03-23,resolved-day,,,,"ps23:1-3a,3b-4,5,6","Though I should walk in the valley of the shadow of death,","no evil would I fear, for you are with me.

The Lord is my shepherd; there is nothing I shall want.
Fresh and green are the pastures where he gives me repose.
Near restful waters he leads me; he revives my soul.

He guides me along the right path,
for the sake of his name.
Though I should walk in the valley of the shadow of death,
no evil would I fear, for you are with me.
Your crook and your staff will give me comfort.

no evil would I fear, for you are with me.

You have prepared a table before me
in the sight of my foes.
My head you have anointed with oil;
my cup is overflowing.

Surely goodness and mercy shall follow me
all the days of my life.
In the Lord’s own house shall I dwell
for length of days unending.",https://firestore.googleapis.com/v1/projects/catholic-missal/databases/(default)/documents/NigeriaReading,live Nigerian daily corpus,5d285be538ad332be7aeda74d7b29632bc6c6592f9d6db536bc958e366c95b9b,f69b111e29279e393caaf5f15b85c3f46667e5f67e8bc5ba2ba784909e6e5c7f,1
nigeria_365_firestore,ng:2026-03-24:responsorial-psalm:1,NG,,2026-03-24,resolved-day,,,,"ps102:1-2,15-17,18-20","O Lord, hear my prayer, and let my cry come to you.","O Lord, and let my cry come to you.
Do not hide your face from me in the day of my distress.
Turn your ear towards me;
on the day when I call, speedily answer me.

The nations shall fear the name of the Lord,
and all the earth’s kings your glory.
When the Lord shall build up Sion,
he will appear in all his glory.
Then he will turn to the prayers of the helpless;
he will not despise their prayers.

Let this be written for ages to come,
that a people yet unborn may praise the Lord;
the Lord  looked down from His holy place on high,
looked down from heaven to the earth,
to hear the groans of the prisoners,
and free those condemned to die.",https://firestore.googleapis.com/v1/projects/catholic-missal/databases/(default)/documents/NigeriaReading,live Nigerian daily corpus,ba048b45edc7ffa28631c118d18e227667d34c4eb86ca4aff3c108081a3b34a2,20a0f27d43df1bbbab756fcdc08050320369b985d2be9af14003f82cc185e307,1
nigeria_365_firestore,ng:2026-03-25:responsorial-psalm:1,NG,,2026-03-25,resolved-day,,,,"ps40:7-8a,8b-9,10,11","See, I have come, Lord, to do your will.","You delight not in sacrifice and offerings, but in an open ear.
You do not ask for holocaust and victim.
Then I said, “See, I have come.”

In the scroll of the book it stands written of me:
 “I delight to do your will, O my God;
your instruction lies deep within me.” R/.
R/. See, I have come, Lord, to do your will.

Your justice I have proclaimed in the great assembly.
My lips I have not sealed; you know it, O LORD.

Your saving help I have not hidden in my heart;
of your faithfulness and salvation I have spoken.
I made no secret of your merciful love
and your faithfulness to the great assembly.",https://firestore.googleapis.com/v1/projects/catholic-missal/databases/(default)/documents/NigeriaReading,live Nigerian daily corpus,6d90332ece462ac8a0fc43447c021353e126c0e053f67bc66862a55e35d96609,429121ebae94c3e6e572913b27fc513f7cccfa9ca56c3065817ba283dfc9d0d3,1
nigeria_365_firestore,ng:2026-03-26:responsorial-psalm:1,NG,,2026-03-26,resolved-day,,,,"ps105:4-5,6-7,8-9",The Lord remembers his covenant forever.,"Turn to the Lord and his strength;
constantly seek his face.
Remember the wonders he has done,
his marvels and his words of judgment.

O children of Abraham, his servant,
O descendants of the Jacob he chose,
he, the Lord, is our God;
his judgments are in all the earth.

He remembers his covenant forever:
the promise he ordained for a thousand generations,
the covenant he made with Abraham,
the oath he swore to Isaac.",https://firestore.googleapis.com/v1/projects/catholic-missal/databases/(default)/documents/NigeriaReading,live Nigerian daily corpus,f5fc249a4df5dac591a8da79309affe979c87d4372b1937111494c48a1a48fe7,316e06265a0607e64d56e8517cec32a9e44ff9b5d14c0b7f5c3802f1d6751275,1
nigeria_365_firestore,ng:2026-03-27:responsorial-psalm:1,NG,,2026-03-27,resolved-day,,,,"ps18:1-2a,2bc-3,4-5,6","In my anguish I called to the Lord, and he heard me.","I love you, Lord, my strength;
O Lord, my rock, my fortress, my saviour.

My God, my rock where I take refuge;
my shield, my saving strength, my stronghold.
I cry out, “Praised be the Lord!”
and see, I am saved from my foes.

The waves of death rose about me;
the torrents of destruction assailed me;
the snares of the grave surrounded me;
the traps of death confronted me.

In my anguish I called to the Lord;
I cried to my God for help.
From his temple he heard my voice;
my cry to him reached his ears.",https://firestore.googleapis.com/v1/projects/catholic-missal/databases/(default)/documents/NigeriaReading,live Nigerian daily corpus,d2c39a5cbf3bd3a8f46392dfa495a3cea2a5344535948976f051ab78bf7d14b0,fdee08e1687987db3df0efe03e4a3c9d20c8688d09d3ab5634115870269c10b0,1
nigeria_365_firestore,ng:2026-03-28:responsorial-psalm:1,NG,,2026-03-28,resolved-day,,,,"jer31:10,11-12ab,13","The Lord will keep us, as a shepherd keeps his flock.","Hear the word of the Lord, O nations,
and declare it in the islands afar off;
say, “He who scattered Israel will gather him,
and will keep him as a shepherd keeps his flock.”

For the Lord has ransomed Jacob,
and has redeemed him from hands too strong for him.
They shall come and sing aloud on the height of Sion,
and they shall be radiant over the goodness of the Lord.

Then shall the maidens rejoice in the dance,
and the young men and the old shall be merry.
I will turn their mourning into joy,
I will comfort them, and give them gladness for sorrow.",https://firestore.googleapis.com/v1/projects/catholic-missal/databases/(default)/documents/NigeriaReading,live Nigerian daily corpus,1d47d86f60b2b3f9e190a2e5578f4bd64b08edb2d9beb2fee181a46b826773a4,9ebf6ec8e31641153847773141c22134a39e2505c4d77d03417456971edcd8b6,1
nigeria_365_firestore,ng:2026-03-29:responsorial-psalm:1,NG,,2026-03-29,resolved-day,,,,"ps22:8-9,17-18a,19-20,23-24","My God, my God, why have you forsaken me?","All who see me deride me;
they curl their lips, they toss their heads:
“He trusted in the Lord, let him save him;
let him release him, for in him he delights.”

For dogs have surrounded me;
a band of the wicked besets me.
They tear holes in my hands and my feet;
I can count every one of my bones.

They divide my clothing among them,
they cast lots for my  robe.
But you, O Lord, do not stay afar off;
my strength, make haste to help me!

I will tell of your name to my kin,
and praise you in the midst of the assembly;
“You who fear the Lord, give him praise;
all descendants of Jacob, give him glory;
revere him, all you descendants of Israel.”",https://firestore.googleapis.com/v1/projects/catholic-missal/databases/(default)/documents/NigeriaReading,live Nigerian daily corpus,84ae5c2c785d647b9748da206dfb2f77be629f1af4ea215a04180c468f3cca32,0a8cf0e54112d6ee3bc7d8961b2089ed9d9e60b52ec5608f4fc0f504ae27377b,1
nigeria_365_firestore,ng:2026-03-30:responsorial-psalm:1,NG,,2026-03-30,resolved-day,,,,"ps27:1,2,3,13-14",The Lord is my light and my salvation.,"The Lord is my light and my salvation;
whom shall I fear?
The Lord is the stronghold of my life;
whom should I dread?

When those who do evil draw near
to devour my flesh,
it is they, my enemies and foes,
 who stumble and fall.

Though an army encamp against me,
my heart would not fear.
Though war break out against me,
even then would I trust.

I believe I shall see the Lord's goodness
in the land of the living.
Wait for the Lord; be strong;
be stouthearted, and wait for the Lord!",https://firestore.googleapis.com/v1/projects/catholic-missal/databases/(default)/documents/NigeriaReading,live Nigerian daily corpus,f91f2ce36c3748aaedd6b84a1e51712d0780051535c115df73ab23463869aac6,18effa97fad1bd693b59094a9d1623a4572fe65b2bfa1aeeccbbe0b44282762d,1
nigeria_365_firestore,ng:2026-03-31:responsorial-psalm:1,NG,,2026-03-31,resolved-day,,,,"ps71:1-2,3-4a,5-6ab,15ab,17","My mouth will tell of your salvation, Lord.","In you, O Lord, I take refuge;
let me never be put to shame.
In your justice, rescue me, free me;
 incline your ear to me and save me.

Be my rock, my constant refuge,
a mighty stronghold to save me,
for you are my rock, my stronghold.
My God, free me from the hand of the wicked.

It is you, O Lord, who are my hope,
my trust, O Lord, from my youth.
On you I have leaned from my birth;
from my mother’s womb, you have been my help.

My mouth will tell of your justice,
and all the day long of your salvation.
O God, you have taught me from my youth,
and I proclaim your wonders still.",https://firestore.googleapis.com/v1/projects/catholic-missal/databases/(default)/documents/NigeriaReading,live Nigerian daily corpus,d3b6c56ac5d1a8c0de7cdb4672a7c60b6f73b1774d8a17b013dc928e2b315680,be3e2aaa4a942e0203228a9c14c7f1bfaf30506dc4ed985b33a4b91764b796e6,1
nigeria_365_firestore,ng:2026-04-01:responsorial-psalm:1,NG,,2026-04-01,resolved-day,,,,"ps69:8-10,21-22,31,33-34","In your great mercy, answer me, O God","For a time of your favour.
It is for you that I suffer taunts,
that shame has covered my face.
To my own kin I have become an outcast,
a stranger to the children of my mother.
Zeal for your house consumes me,
and taunts against you fall on me.

Taunts have broken my heart;
here I am in anguish.
I looked for solace, but there was none;
for consolers - not one could I find.
For food they gave me gall;
in my thirst they gave me vinegar to drink.

Then I will praise God’s name with a song;
I will glorify him with thanksgiving.
The poor when they see it will be glad,
and God-seeking hearts will revive;
for the Lord listens to the needy,
and does not spurn his own in their chains.",https://firestore.googleapis.com/v1/projects/catholic-missal/databases/(default)/documents/NigeriaReading,live Nigerian daily corpus,8d8b72d529857d6e8130947e05c830f9d86f0b4a139d2b268dd4c689cb93a808,0f13cbff0a9deaf854327c27bb4580fd9dfde489fc5187ce9f02d13856e06f45,1
nigeria_365_firestore,ng:2026-04-02:responsorial-psalm:1,NG,,2026-04-02,resolved-day,,,,"ps89:21-22,25,27","I will sing forever of your mercies, O Lord.","“I have found my servant David,
and with my holy oil anointed him.
My hand shall always be with him,
and my arm shall make him strong.”

“My mercy and my faithfulness shall be with him;
by my name his might shall be exalted.
He will call out to me, ‘You are my father,
my God, the rock of my salvation. ”’",https://firestore.googleapis.com/v1/projects/catholic-missal/databases/(default)/documents/NigeriaReading,live Nigerian daily corpus,c5578aa1b340e0499c60f2d3c30eb644e7e12942fcdb54e6a1dfb76cb607eb2d,56a34cbfc63f0d922b5d23983b3a5a312543bf67fe7ecacc6e42e5ed0cacbf87,1
nigeria_365_firestore,ng:2026-04-02:responsorial-psalm:2,NG,,2026-04-02,resolved-day,,,,"ps116:12-13,15,16bc,17-18",The cup of blessing is a participation in the blood of Christ.,"How can I repay the Lord
for all his goodness to me?
The cup of salvation I will raise;
I will call on the name of the Lord.

How precious in the eyes of the Lord
is the death of his faithful.
Your servant am I, the son of your handmaid;
you  have loosened  my bonds.

A thanksgiving sacrifice I make;
I will call on the name of the Lord.
My vows to the Lord I will fulfil
before all his people.",https://firestore.googleapis.com/v1/projects/catholic-missal/databases/(default)/documents/NigeriaReading,live Nigerian daily corpus,00931f1e5caad10804708a17d4f20c002678747c127f3d986caef3a47163360f,276d4d07e4872dd69f18e7cf25dfb6878bc996ee6ec66039fc8c53b4a5f7ac8e,2
nigeria_365_firestore,ng:2026-04-03:responsorial-psalm:1,NG,,2026-04-03,resolved-day,,,,"ps31:2,6,12-13,15-16,17,25","Father, into your hands I commit my spirit!","In you, O Lord, I take refuge.
Let me never be put to shame.
In your justice, set me free.
Into your hands I commend my spirit.
You will redeem me, O Lord, O faithful God.

Because of all my foes
I have become a reproach,
an object of scorn to my neighbours
and of fear to my friends.
Those who see me in the street flee from me.
I am forgotten, like someone dead,
and have become like a broken vessel.

But as for me, I trust in you, O Lord;
I say, “You are my God.
My lot is in your hands, deliver me
from the hands of my enemies and those who pursue me.”

“Let your face shine on your servant.
Save me in your merciful love.”
Be strong, let your heart take courage,
all who hope in the Lord.",https://firestore.googleapis.com/v1/projects/catholic-missal/databases/(default)/documents/NigeriaReading,live Nigerian daily corpus,fbaefdd5633d296100164004bb5e1c7a64688b18f9cde7913cb5c9359720425c,4ec688dd0bfe096688324e3d6bb86f2007749786df01403ca32c7dbe070de667,1
nigeria_365_firestore,ng:2026-04-04:responsorial-psalm:1,NG,,2026-04-04,resolved-day,,,,"ps104:1-2a,5-6,10and12,13-14,24,35c","Lord, send forth your Spirit, and renew the face of the earth.","Bless the Lord, O my soul!
O Lord my God, how great you are,
clothed in majesty and honour,
wrapped in light as with a robe!

You set the earth on its foundation,
immovable from age to age.
You wrapped it with the depths like a cloak;
the waters stood higher than the mountains.

You make springs gush forth in the valleys;
they flow in between the hills.
There the birds of heaven build their nests;
from the branches they sing their song.

From your dwelling you water the hills;
by your works the earth has its fill.
You make the grass grow for the cattle
and plants to serve mankind’s need.
That he may bring forth bread from the earth.

How many are your works, O Lord!
In wisdom you have made them all.
The earth is full of your creatures.
Bless the Lord, O my soul.",https://firestore.googleapis.com/v1/projects/catholic-missal/databases/(default)/documents/NigeriaReading,live Nigerian daily corpus,a27e02b0fad877165d5601dd488e8c049b18919bd67343c894c9c5edab2358a0,9261103f9a5352abe869a5d96ff146a5fd791f69a2bf977a4955a8da88d4726f,1
nigeria_365_firestore,ng:2026-04-04:responsorial-psalm:10,NG,,2026-04-04,resolved-day,,,,"ps118:1-2,15c-17,22-23",Alleluia. Alleluia. Alleluia.,"Give praise to the Lord, for he is good;
Let the house of Israel say,
“His mercy endures forever.”

“The Lord’s right hand has done mighty deeds;
His right hand is exalted.
The Lord’s right hand has done mighty deeds.”
I shall not die, I shall live
And recount the deeds of the Lord.

The stone that the builders rejected
Has become the cornerstone.
By the Lord has this been done,
A marvel in our eyes.",https://firestore.googleapis.com/v1/projects/catholic-missal/databases/(default)/documents/NigeriaReading,live Nigerian daily corpus,cc6d8111df2143c394f6750ac8912f2245f2c18a281b55d8c035bfd5b07231b6,b0fc54d4136e6daf168b89c87becd27366652e974bc47621b612914c6ab3322e,10
nigeria_365_firestore,ng:2026-04-04:responsorial-psalm:2,NG,,2026-04-04,resolved-day,,,,"ps33:4-5,6-7,12-13,20,22",His merciful love fills the earth.,"The word of the Lord is faithful,
and all his works to be trusted.
The Lord loves justice and right,
and his merciful love fills the earth.

By the word of the Lord the heavens were made,
by the breath of his mouth all their host.
As in a flask, he collects the waves of the ocean;
he stores up the depths of the sea.

Blessed the nation whose God is the Lord,
the people he has chosen as his heritage,
From the heavens the Lord looks forth;
he sees all the children of men.

Our soul is waiting for the Lord.
He is our help and our shield.
May your merciful love be upon us,
as we hope in you, O Lord.",https://firestore.googleapis.com/v1/projects/catholic-missal/databases/(default)/documents/NigeriaReading,live Nigerian daily corpus,a923db1c498c80931b7f8f680309d45c415096d7ddef0c17710065a6d257782c,56f4981396470422a84576f041d381bc719cf1a9c521ce4bd892c321fd970194,2
nigeria_365_firestore,ng:2026-04-04:responsorial-psalm:3,NG,,2026-04-04,resolved-day,,,,"ps16:5,8,9-10,11","Preserve me, O God, for in you I take refuge.","O Lord, it is you who are my portion and cup;
you yourself who secure my lot.
I keep the Lord before me always;
with him at my right hand, I shall not be moved.

And so, my heart rejoices, my soul is glad;
even my flesh shall rest in hope.
For you will not abandon my soul to hell,
nor let your holy one see corruption.

You will show me the path of life,
the fullness of joy in your presence,
at your right hand, bliss forever.",https://firestore.googleapis.com/v1/projects/catholic-missal/databases/(default)/documents/NigeriaReading,live Nigerian daily corpus,3ef9cbe6a25f82f8769313220538f2d1bf265ae79375ed964f0019f97a28270e,f1abd62d1e343f764bff40ae9d8e4dc91032d4fe74af12adf47214cca46ae447,3
nigeria_365_firestore,ng:2026-04-04:responsorial-psalm:4,NG,,2026-04-04,resolved-day,,,,"exod15:1b-2,3-4,5-6,17-18","I will sing to the Lord, for he has triumphed gloriously.","I will sing to the Lord, for he has triumphed gloriously;
the horse and his rider he has thrown into the sea.
The Lord is my strength and my song,
and he has become my salvation;
this is my God, and I will praise him,
my father’s God, and I will exalt him.

The LORD is a man of war; the Lord is his name.
Pharaoh’s chariots and his host he cast into the sea;
and his picked officers are sunk in the Red Sea.

The floods cover them;
they went down into the depths like a stone
Your right hand, O Lord, glorious in power,
your right hand, O Lord, shatters the enemy.

You will bring your people in,
and plant them on your own mountain,
the place, O Lord, which you have made for your abode,
the sanctuary, O Lord, which your hands have established.
The Lord will reign for ever and ever.",https://firestore.googleapis.com/v1/projects/catholic-missal/databases/(default)/documents/NigeriaReading,live Nigerian daily corpus,b3ef3617b52943ea6d69f61cbb6d97433e0fbec2accde934686bd87b9b64ed0b,2dffd4905ba93f6183f8f96678b2249a35197519bd679d9e2f90f04532ffbc97,4
nigeria_365_firestore,ng:2026-04-04:responsorial-psalm:5,NG,,2026-04-04,resolved-day,,,,"ps30:2,4,5-6,11-12a,13b","I will extol you, O Lord, for you have raised me up.","I will extol you, Lord, for you have raised me up,
and have not let my enemies rejoice over me.
O Lord, you have lifted up my soul from the grave,
restored me to life from those who sink into the pit.

Sing psalms to the Lord, you faithful ones;
give thanks to his holy name.
His anger lasts a moment; his favour all through life.
At night there are tears, but at dawn comes joy.

Hear, O Lord, and have mercy on me;
be my helper, O Lord.
You have changed my mourning into dancing.
O Lord my God, I will thank you forever.",https://firestore.googleapis.com/v1/projects/catholic-missal/databases/(default)/documents/NigeriaReading,live Nigerian daily corpus,8c5913c11a0866f7b4591d0f44c6fefe778f201f53abdcdff7a075701c71fbfd,ae0fce9b276604bf62f405441ba22c521570ff672e141d7c7509a44997f1e267,5
nigeria_365_firestore,ng:2026-04-04:responsorial-psalm:6,NG,,2026-04-04,resolved-day,,,,"isa12:2-3,4bcde,5-6",With joy you will draw water from the wells of salvation.,"“Behold, God is my salvation;
I will trust, and will not be afraid;
for the Lord God is my strength and my song,
and he has become my salvation.”
With joy you will draw water from the wells of salvation.

“Give thanks to the Lord,
call upon his name;
make known his deeds among the nations,
proclaim that his name is exalted.”

“Sing praises to the Lord, for he has done gloriously;
let this be known in all the earth.
Shout, and sing for joy, O inhabitant of Zion,
for great in your midst is the Holy One of Israel.”",https://firestore.googleapis.com/v1/projects/catholic-missal/databases/(default)/documents/NigeriaReading,live Nigerian daily corpus,6f868e2a7dc7eae2825b4adaa4ae6b5916edac17686611219ffc8468b598bd6d,21303f3a9fc3cecf7a19a44045cddc450187ecec969d9660f574f42d8b8eb9b8,6
nigeria_365_firestore,ng:2026-04-04:responsorial-psalm:7,NG,,2026-04-04,resolved-day,,,,"ps19:8,9,10,11","Lord, you have the words of eternal life.","The law of the Lord is perfect;
It revives the soul.
The decrees of the Lord are steadfast;
They give wisdom to the simple.

The precepts of the Lord are right;
They gladden the heart.
The command of the Lord is clear;
it gives light to the eyes.

The fear of the Lord is pure,
Abiding forever.
The judgements of the Lord are true;
They are, all of them, just.

They are more to be desired than gold,
than quantities of gold.
And sweeter are they than honey,
Than honey flowing from the comb.",https://firestore.googleapis.com/v1/projects/catholic-missal/databases/(default)/documents/NigeriaReading,live Nigerian daily corpus,759d857b2aec44dfe781bd7254b0d44441d263baaab13cb311aa41a9c318987e,827a37f6446bfc542322c97aa895bf9292c56a52399529c7aae839f33d122d9a,7
nigeria_365_firestore,ng:2026-04-04:responsorial-psalm:8,NG,,2026-04-04,resolved-day,,,,"ps42:3,5bcd,43:3,4","Like the deer that yearns for running streams,","so my soul is yearning for you, my God

My soul is thirsting for God
the living God;
when can I enter and appear
before the face of God?

For I would go to the place
of your wondrous  tent,
all the way to the house of God,
amid cries of gladness and thanksgiving,
the throng keeping joyful festival.

so my soul is yearning for you, my God

O send forth your light and your truth;
They will guide me on.
They will bring me to your holy mountain,
To the place where you dwell.

And I will come to the altar of God,
To God, my joy and gladness.
To you will I give thanks on the harp,
O God, my God.

When Baptism is celebrated, the Responsorial Psalm after the Fifth Reading (Isaiah 12), as above, may be used; or the Responsorial Psalm following:",https://firestore.googleapis.com/v1/projects/catholic-missal/databases/(default)/documents/NigeriaReading,live Nigerian daily corpus,c005f9fe5262cbb58d0e52b9402b6738c315f45ea5034725f98f3c0ac960ad68,9f1d3ebc7a1841c4c6333aeffd9aad775ba018c24c7f205f0c7d725447c8ec09,8
nigeria_365_firestore,ng:2026-04-04:responsorial-psalm:9,NG,,2026-04-04,resolved-day,,,,"ps51:12-13,14-15,18-19","Create a pure heart for me, O God","Create a pure heart for me,
O God; renew a steadfast spirit within me.
Do not cast me away from your presence;
take not your holy spirit from me.

Restore in me the joy of your salvation;
sustain in me a willing spirit.
I will teach transgressors your ways,
that sinners may return to you.

For in sacrifice you take no delight;
burnt offering from me would not please you.
My sacrifice to God, a broken spirit:
a broken and humbled heart,
O God, you will not spurn.",https://firestore.googleapis.com/v1/projects/catholic-missal/databases/(default)/documents/NigeriaReading,live Nigerian daily corpus,ed5e5d9f4eaaf8f8efc01eeced1fd788c1b99d0d99b01649c9ec73099944116f,3557e48edd7f65fae82bcc0cf89daf27cfb9d53f0dcce9c7cdac96dff072d1f8,9
nigeria_365_firestore,ng:2026-04-05:responsorial-psalm:1,NG,,2026-04-05,resolved-day,,,,"ps118:1-2,15c-17,22-23",This is the day the Lord has made; let us rejoice in it and be  glad.,"Or:  Alleluia.

Give praise to the Lord, for he is good;
his mercy endures forever.
Let the house of Israel say, “His mercy endures forever.”

“The Lord’s right hand has done mighty deeds;
his right hand is exalted.
The Lord’s right hand has  done  mighty deeds.”
I shall not die, I shall   live
and recount  the  deeds  of the Lord.

The stone that the builders rejected
has become the cornerstone.

By the Lord has this been done, a marvel in our eyes.",https://firestore.googleapis.com/v1/projects/catholic-missal/databases/(default)/documents/NigeriaReading,live Nigerian daily corpus,5943ecfcc6bc1331e766f8e1d99af638fbc9c8c468aab8f9ec436ede4c41f598,7879f8a8710ab1752592c1c316012cb13199995e503aeeb2e5c1957df07db03a,1
nigeria_365_firestore,ng:2026-04-06:responsorial-psalm:1,NG,,2026-04-06,resolved-day,,,,"ps16:1-2a,5,7-8,9-10,11","Preserve me, O God, for in you I take refuge.","Or: Alleluia.

Preserve me, O God, for in you I take refuge.
I say to the Lord, “You are my Lord.”
O Lord, it is you who are my portion and cup;
you yourself who secure my lot.

I will bless the Lord who gives me counsel,
who even at night directs my heart.
I keep the Lord before me always;
with him at my right hand, I shall not be moved.

Or: Alleluia.

And so, my heart rejoices, my soul is glad;
even my flesh shall rest in hope.
For you will not abandon my soul to hell,
nor let your holy one see corruption.

You will show me the path of life,
the fullness of joy in your presence,
at your right hand, bliss forever.",https://firestore.googleapis.com/v1/projects/catholic-missal/databases/(default)/documents/NigeriaReading,live Nigerian daily corpus,51db61d93607b5a525bad380ae13f5fa4977173724f841554254366cd6c2f786,507f0cb6090321b9805000f623c377385766e85ce996fde78bb83ecfafbc2f0e,1
nigeria_365_firestore,ng:2026-04-07:responsorial-psalm:1,NG,,2026-04-07,resolved-day,,,,"ps33:4-5,18-19,20,22",His merciful love fills the earth.,"Or:  Alleluia.

The word of the Lord is faithful,
and all his works to be trusted.
The Lord loves justice and right,
and his merciful love fills the earth.

Yes, the Lord’s eyes are on those who fear him,
who hope in his merciful loveS,
to rescue their souls from death,
to keep them alive in famine.

Or:  Alleluia.

Our soul is waiting for the LORD.
He is our help and our shield.
May your merciful love be upon us,
as we hope in you, O LORD.",https://firestore.googleapis.com/v1/projects/catholic-missal/databases/(default)/documents/NigeriaReading,live Nigerian daily corpus,cc3681e61ccb0ca94b15cc376f21bddeab1675dfe2f91953a351016e2ea97d41,a81cd15c3a5f1cb6c18f3c3b0b6223354d15d346fe88c324d9cda946367adc80,1
nigeria_365_firestore,ng:2026-04-08:responsorial-psalm:1,NG,,2026-04-08,resolved-day,,,,"ps105:1-2,3-4,6-7,8-9",Let the hearts that seek the Lord rejoice.,"Or: Alleluia.

Give thanks to the Lord; proclaim his name.
Make known his deeds among the peoples.
O sing to him, sing his praise;
tell all his wonderful works!

Glory in his holy name;
let the hearts that seek the Lord rejoice.
Turn to the Lord and his strength;
constantly seek his face.

Or: Alleluia.

O children of Abraham, his servant,
O descendants of the Jacob he chose,
he, the Lord, is our God;
his judgements are in all the earth.

He remembers his covenant forever:
the promise he ordained for a thousand generations,
the covenant he made with Abraham,
the oath he swore to Isaac",https://firestore.googleapis.com/v1/projects/catholic-missal/databases/(default)/documents/NigeriaReading,live Nigerian daily corpus,6498c06a1ec16904141f88a84726fb6809a17d8ba986033ffd07d19e32fd5b8b,50b1c6ab7efa36c5722eb44524e8415a8e5c92b2649621f941ece5fa233211b9,1
nigeria_365_firestore,ng:2026-04-09:responsorial-psalm:1,NG,,2026-04-09,resolved-day,,,,"ps8:2ab,5,6-7a,7b-9","O Lord, our Lord, how majestic is your name through all the earth!","Or:  Alleluia.

O Lord, our Lord, how majestic
is your name through all the earth!
What is man that you should keep him in mind,
the son of man that you care for him?

Yet you have made him little lower than the angels;
with glory and honour you crowned him,
gave him power over the works of your hands.

Or:  Alleluia.

You put all things under his feet,
all of them, sheep and oxen,
yes, even the cattle of the fields,
birds of the air, and fish of the sea
that make their way through the waters.",https://firestore.googleapis.com/v1/projects/catholic-missal/databases/(default)/documents/NigeriaReading,live Nigerian daily corpus,b39441e7b2df640802ba8ba2eb41db51d03b4f9e4952de098b0572bbfe6a022b,e5b7a8b716c02db7184bf12ee489c5a161bc275bd904215af7af280477d4087e,1
nigeria_365_firestore,ng:2026-04-10:responsorial-psalm:1,NG,,2026-04-10,resolved-day,,,,"ps118:1-2,4,22-24,25-27ab",The stone which the builders rejected has become the cornerstone.,"Or:  Alleluia

Give praise to the LORD, for he is good;
his mercy endures forever.
Let the house of Israel say,
“His mercy endures forever.”
Let those who fear the Lord say,
“His mercy endures forever.”

The stone that the builders rejected
has become the cornerstone.
By the Lord has this been done,
a marvel in our eyes.
This is the day the Lord has made;
let us rejoice in it and be glad.

Or:  Alleluia

O Lord, grant salvation;
O Lord, grant success.
Blest is he who comes in the name of the Lord.
We bless you from the house of the Lord;
the Lord is God, and has given us light.",https://firestore.googleapis.com/v1/projects/catholic-missal/databases/(default)/documents/NigeriaReading,live Nigerian daily corpus,d3ef5ad817c77072b41555ac0ca964ff783d64cc09531eead4c776829b11d251,c341117f3c86a01b50799af0ebc0bfbcc4ea2732a5519f12e907d3738572e55a,1
nigeria_365_firestore,ng:2026-04-11:responsorial-psalm:1,NG,,2026-04-11,resolved-day,,,,"ps118:1,14-15ab,15c-18,19-21","I will thank you, Lord, for you have answered me.","Or:  Alleluia.

Give praise to the Lord, for he is good;
his mercy endures forever.
The Lord is my strength and my song;
he was my saviour.
There are shouts of joy and salvation
in the tents of the just.

“The Lord’s right hand has done mighty deeds;
his right hand is exalted.
The Lord’s right hand has done mighty deeds.”
I shall not die, I shall live
and recount the deeds of the Lord.
The Lord punished me, punished me severely,
but did not hand me over to death.

Or:  Alleluia.

Open to me the gates of justice:
I will enter and thank the Lord.
This is the Lord’s own gate,
where the just enter.
I will thank you, for you have answered,
and you are my saviour.",https://firestore.googleapis.com/v1/projects/catholic-missal/databases/(default)/documents/NigeriaReading,live Nigerian daily corpus,6a45edd7e6e847dd05df66d4f75d4408a2031b1833969aca36be0850ae15f8f9,b1ef36779b1fe1f622cfc082fe76a77e7054780127cc650232df9fc4b96de15a,1
nigeria_365_firestore,ng:2026-04-12:responsorial-psalm:1,NG,,2026-04-12,resolved-day,,,,"ps118:2-4,13-15ab,22-24","Give praise to the Lord, for he is good; his mercy endures forever.","Or: Alleluia.

Let the house of Israel say,
“His mercy endures forever.”
Let the house of Aaron say,
“His mercy endures forever.”
Let those who fear the Lord say,
“His mercy endures forever.”

I was thrust down, thrust down and falling,
but the Lord was my helper.
The Lord is my strength and.my song; he was my saviour.
There  are  shouts of joy  and salvation
in the tents of the just.

Or: Alleluia.

The stone that the builders rejected
has become the cornerstone.
By the Lord has this been done, a marvel in our eyes.
This is the day the Lord has made;
let us rejoice in it and be glad.",https://firestore.googleapis.com/v1/projects/catholic-missal/databases/(default)/documents/NigeriaReading,live Nigerian daily corpus,70dbafa020a48570879c8cf57700dcff71c63188ccd205a5a083edb0104830bd,79e00f7eb55c863d781fa7535f6dcd620ff82f8e6d76d3959bd84738d8f5dda3,1
nigeria_365_firestore,ng:2026-04-13:responsorial-psalm:1,NG,,2026-04-13,resolved-day,,,,"ps2:1-3,4-6,7-9","Blessed are all who trust in you, O Lord.","Or: Alleluia

Why do the nations conspire, and the peoples plot in vain?
They arise, the kings of the earth;
Princes plot against the Lord and his Anointed.
“Let us burst asunder their fetters.
Let us cast off from us their chains.”

He who sits in the heavens laughs;
The Lord derides and mocks them.
Then he will speak in his anger,
His rage will strike them with terror.
“It is I who have appointed my king
On Sion, my holy mountain.”

I will announce the decree of the Lord:
The Lord said to me, “you are my Son.
It is I who have begotten you this day.
Ask of me and I will give you
the nations as your inheritance,
and the ends of the earth as your possession.
With a rod of iron you will rule them;
like a potter’s jar you will shatter them.”",https://firestore.googleapis.com/v1/projects/catholic-missal/databases/(default)/documents/NigeriaReading,live Nigerian daily corpus,d5d26b4c3e2c200399d9817bac3c3dafa7464b8aaef4b2eb43785c639ebbf5b9,39622948936ccd99e9fb2d535a2dfc053842c29fe3899806f3de3e9547c9d5d8,1
nigeria_365_firestore,ng:2026-04-14:responsorial-psalm:1,NG,,2026-04-14,resolved-day,,,,"ps93:1abc,1d-2,5","The Lord is king, with majesty enrobed.","Or: Alleluia.

The Lord is king, with majesty enrobed.
The Lord has robed himself with might;
he has girded himself with power.

The world you made firm, not to be moved;
your throne has stood firm from of old.
From all eternity, O Lord, you are.

Or: Alleluia.

Truly your decrees are to be trusted.
Holiness is fitting to your house,
O Lord, until the end of time.",https://firestore.googleapis.com/v1/projects/catholic-missal/databases/(default)/documents/NigeriaReading,live Nigerian daily corpus,1effcdc05233e80e763b8267c449f0d4ca2adffafe1e7ed82f830117dbf6f555,3eb5e1bd34cfbe46315782b972a2b9385407affc3f0059f70dcdf35b317f4a07,1
nigeria_365_firestore,ng:2026-04-15:responsorial-psalm:1,NG,,2026-04-15,resolved-day,,,,"ps34:2-3,4-5,6-7,8-9","The lowly one called, and the Lord heard him.","Or:  Alleluia.

I will bless the Lord at all times,
praise of him is always in my mouth.
In the Lord my soul shall make its boast;
the humble shall hear and be glad.

Glorify the Lord with me;
together let us praise his name.
I sought the Lord, and he answered me;
from all my terrors he set me free.

Look towards him and be radiant;
let your faces not be abashed.
This lowly one called; the Lord heard,
and rescued him from all his distress.

The angel of the Lord is encamped
around those who fear him, to rescue them.
Taste and see that the Lord is good.
Blessed the man who seeks refuge in him.",https://firestore.googleapis.com/v1/projects/catholic-missal/databases/(default)/documents/NigeriaReading,live Nigerian daily corpus,2c6a569a03ecb63475eeff17843046d594b8d4b7f463ec0a7b0cb1e83a09ee66,fcf1fa01d78e89430239f86dfc0bb5b2a40c5e8371839eab108b7b296d6d2bd0,1
nigeria_365_firestore,ng:2026-04-16:responsorial-psalm:1,NG,,2026-04-16,resolved-day,,,,"ps34:2,9,17-18,19-20","The lowly one called, and the Lord heard him.","Or: Alleluia.

I will bless the Lord at all times,
praise of him is always in my mouth.
Taste and see that the Lord is good.
Blessed the man who seeks refuge in him.

The Lord turns his face against the wicked
to destroy their remembrance from the earth.
When the just cry out, the Lord hears,
and rescues them in all their distress.

The Lord is close to the broken-hearted;
those whose spirit is crushed he will save.
Many are the trials of the just man,
but from them all the Lord will rescue him.",https://firestore.googleapis.com/v1/projects/catholic-missal/databases/(default)/documents/NigeriaReading,live Nigerian daily corpus,2b527589ae5044fd26409398b9d4943b81a2350b2a5a68454e1b0f7cd31625f3,76a38dbd9a4b353007cc0321693c8e96d0f407d7472b5dfbfd9d214a286dfe5a,1
nigeria_365_firestore,ng:2026-04-17:responsorial-psalm:1,NG,,2026-04-17,resolved-day,,,,"ps27:1,4,13-14","There is one thing I ask of the Lord, to live in the house of the Lord.","Or:  Alleluia.

The Lord is my light and my salvation;
whom shall I fear?
The Lord is the stronghold of my life;
whom should I dread?

There is one thing I ask of the Lord,
only this do I seek:
to live in the house of the Lord
all the days of my life,
to gaze on the beauty of the Lord,
to inquire at his temple.

I believe I shall see the Lord’s goodness
in the land of the living.
Wait for the Lord; be strong;
be stouthearted, and wait for the Lord!",https://firestore.googleapis.com/v1/projects/catholic-missal/databases/(default)/documents/NigeriaReading,live Nigerian daily corpus,b8b91879977a21a20b524db87c1d76e51ea5358b3e542f2c75e1c62939dec628,a712c5346e5aaeae35feffa28c7ba2e0b85e59f0d49c1a6a584ccc34d1d81a60,1
nigeria_365_firestore,ng:2026-04-18:responsorial-psalm:1,NG,,2026-04-18,resolved-day,,,,"ps33:1-2,4-5,18-19","May your merciful love be upon us, as we hope in you, O Lord.","Or: Alleluia.

Ring out your joy to the Lord, O you just;
for praise is fitting for the upright.
Give thanks to the Lord upon the harp;
with a ten-stringed lute sing him songs.

For the word of the Lord is faithful,
and all his works to be trusted.
The Lord loves justice and right,
and his merciful love fills the earth.

Or: Alleluia.

Yes, the Lord’s eyes are on those who fear him,
who hope in his merciful love,
to rescue their souls from death,
to keep them alive in famine.",https://firestore.googleapis.com/v1/projects/catholic-missal/databases/(default)/documents/NigeriaReading,live Nigerian daily corpus,c6a4c190cef29fa75c0a6a9478f35ba41876bc0d2bb69243f8ade51c5c070894,4b64b4ebf190875dd9ad9564830a501d09763ece5d92e106c7cc5aa55c8a3042,1
nigeria_365_firestore,ng:2026-04-19:responsorial-psalm:1,NG,,2026-04-19,resolved-day,,,,"ps16:1-2a,5,7-8,9-10,11","Lord, you will show me the path of life.","Or: Alleluia.

Preserve me, O God, for in you I take refuge.
I say to the Lord, “You are my Lord.”
O Lord, it is you who are my portion and cup;
you yourself who secure my lot.

I will bless the Lord who gives me counsel,
who even at night directs my heart.
I keep the Lord before me always;
with him at my right hand, I shall not be moved.

Or: Alleluia.

And so, my heart rejoices, my soul is glad;
even my flesh shall rest in hope.
For you will not abandon my soul to hell,
nor let your holy one see corruption.

You will show me the path of life,
the fullness of joy in your presence,
at your right hand, bliss forever.",https://firestore.googleapis.com/v1/projects/catholic-missal/databases/(default)/documents/NigeriaReading,live Nigerian daily corpus,959dad257e57d4317636da8dc575806a3f8edab6a953037e55a76f17caadbdf0,0b4029047b0b177e45b1d6207030d6a533682db5ae01299ea5d76f73b98a5e46,1
nigeria_365_firestore,ng:2026-04-20:responsorial-psalm:1,NG,,2026-04-20,resolved-day,,,,"ps119:23-24,26-27,29-30",Blessed are those who walk in the law of the Lord.,"Or: Alleluia.

Though princes sit plotting against me,
your servant ponders your statutes.
See, your decrees are my delight;
your statutes are my counsellors.

I declared my ways and you answered me;
teach me your statutes.
Make me grasp the way of your precepts,
and I will ponder your wonders.

Or: Alleluia.

Keep me from the way of falsehood;
grant me mercy by your law.
I have chosen the way of faithfulness;
your decrees I have upheld.",https://firestore.googleapis.com/v1/projects/catholic-missal/databases/(default)/documents/NigeriaReading,live Nigerian daily corpus,cd9a942e737030a645100af624fe399a98501c6302e446c272ebea998fb61211,1c9fdb67d8ebca8aafb96c07f9fef851371ba9257d0239c492c4704209819a8d,1
nigeria_365_firestore,ng:2026-04-21:responsorial-psalm:1,NG,,2026-04-21,resolved-day,,,,"ps31:3bc-4,5,7b-8a,17,21ab","Into your hands, O Lord, I commend my spirit.","Or: Alleluia.

Be a rock of refuge for me,
a mighty stronghold to save me.
For you are my rock, my stronghold!
Lead me, guide me, for the sake of your name.

Into your hands I commend my spirit.
You will redeem me, O Lord, O faithful God.
As for me, I trust in the Lord.
Let me be glad and rejoice in your mercy.

Or: Alleluia.

Let your face shine on your servant.
Save me in your merciful love.
You hide them in the shelter of your presence,
secure from human scheming.",https://firestore.googleapis.com/v1/projects/catholic-missal/databases/(default)/documents/NigeriaReading,live Nigerian daily corpus,9bbf776800a98128baf4850a5fc1c3a589908d5b069236581d839e4aad6f980c,c46995ed636c8cfcbb8424b495120c684f29aaa9c269e10a6109fcfaf3e80ea7,1
nigeria_365_firestore,ng:2026-04-22:responsorial-psalm:1,NG,,2026-04-22,resolved-day,,,,"ps66:1-3a,4-5,6-7a","Cry out with joy to God, all the earth.","Or: Alleluia.

Cry out with joy to God, all the earth;
O sing to the glory of his name.
O render him glorious praise.
Say to God, “How awesome your deeds!”

“Before you all the earth shall bow down,
shall sing to you, sing to your name!”
Come and see the works of God:
awesome his deeds among the children of men.

He turned the sea into dry land;
they passed through the river on foot.
Let our joy, then, be in him;
he rules forever by his might.",https://firestore.googleapis.com/v1/projects/catholic-missal/databases/(default)/documents/NigeriaReading,live Nigerian daily corpus,40fe9eba02f9123097cd055ae6c7e3011285f8b999d974d80647d77fcf483c17,35e704ad0ce9f36d2a8d8aa0b212af2ad5618198647cf76cdd525a578bf4f8e8,1
nigeria_365_firestore,ng:2026-04-23:responsorial-psalm:1,NG,,2026-04-23,resolved-day,,,,"ps66:8-9,16-17,20","Cry out with joy to God, all the   earth.","Or: Alleluia.

O peoples, bless our God;
let the voice of his praise resound,
of the God who gave life to our souls
and kept our feet from stumbling.

Come and hear, all who fear God;
I will tell what he did for my soul.
To him I cried aloud,
with exaltation ready on my tongue.

Blest be God, who did not reject my prayer,
nor withhold from me his merciful love.",https://firestore.googleapis.com/v1/projects/catholic-missal/databases/(default)/documents/NigeriaReading,live Nigerian daily corpus,827cc2626f71aeb053ded09fb7c3164cf7b0cdcf34d6ec95eec6c37bc6731f87,c85cc0d0eb0917f167cddf8442c28d07463de58f33531ba870e4d2bafc9149c0,1
nigeria_365_firestore,ng:2026-04-24:responsorial-psalm:1,NG,,2026-04-24,resolved-day,,,,"ps117:1,2","Go into all the world, and preach the Gospel.","Or: Alleluia.

O praise the Lord, all you nations;
acclaim him, all you peoples!

For his merciful love has prevailed over us;
and the Lord’s faithfulness endures forever.",https://firestore.googleapis.com/v1/projects/catholic-missal/databases/(default)/documents/NigeriaReading,live Nigerian daily corpus,9a70847861698ad9045745dea8e75d6b530793dd6ffc62a03af106100681c41a,f98637c684261d946fc077c491f3b2b5aaeab1371f759bad0e3df5cadafee4d3,1
nigeria_365_firestore,ng:2026-04-25:responsorial-psalm:1,NG,,2026-04-25,resolved-day,,,,"ps89:2-3,6-7,16-17","I will sing for ever of your mercies, O Lord.","Or: Alleluia.

I will sing for ever of your mercies, O Lord,
through all ages my mouth will proclaim your fidelity.
I have declared your mercy is established for ever;
your fidelity stands firm as the heavens.

The heavens praise your wonders, O Lord,
your fidelity in the assembly of your holy ones.
For who in the skies can compare with the Lord,
or who is like the Lord among the heavenly powers?

Or: Alleluia.

How blessed the people who know your praise,
who walk, O Lord, in the light of your face,
who find their joy every day in your name,
who make your justice their joyful acclaim.",https://firestore.googleapis.com/v1/projects/catholic-missal/databases/(default)/documents/NigeriaReading,live Nigerian daily corpus,60556f6fb4662378e4cad666261a1f8c1b13f7b6e617c44cbaf44a3780cc1496,6a540f27ab6feaccd95b1998335664c1146dfc3a5a4158552601f3f72ccd06b2,1
nigeria_365_firestore,ng:2026-04-26:responsorial-psalm:1,NG,,2026-04-26,resolved-day,,,,"ps23:1-3a,3b-4,5,6",The Lord is my shepherd; there is nothing I shall want.,"Or: Alleluia.

The Lord is my shepherd;
there is nothing I shall want.
Fresh and green are the pastures
where he gives me repose.
Near restful waters he leads me;
he revives my soul.

He guides me along the right path,
for the sake of his name.
Though I should walk in the valley of the shadow of death,
no evil would I fear, for you are with me.
Your crook and your staff will give me comfort.

Or: Alleluia.

You have prepared a table before me
in the sight of my foes.
My head you have anointed with oil;
my cup is overflowing.

Surely goodness and mercy shall follow me
all the days of my life.
In the Lord’s own house shall I dwell
for length of days unending.",https://firestore.googleapis.com/v1/projects/catholic-missal/databases/(default)/documents/NigeriaReading,live Nigerian daily corpus,e2891f7cb659232f2f3d2f242dd9658b57eabdfcf6e2c642e83f8bc78a1409f7,f07c55b612ca15c3bad91437ebc4e29c72821e497a4726830a88aa96fb39b7bb,1
nigeria_365_firestore,ng:2026-04-27:responsorial-psalm:1,NG,,2026-04-27,resolved-day,,,,"ps42:2-3,43:3,4","My soul is thirsting for you, the living God.","or:  Alleluia.

Like the deer that yearns for running streams,
so my soul is yearning for you, my God.
My soul is thirsting for God, the living God;
when can I enter and appear before the face of God?

O send forth your light and your truth;
they will guide me on.
They will bring me to your holy mountain,
to the place where you dwell.

or:  Alleluia.

And I will come to the altar of God,
to God, my joy and gladness.
To you will I give thanks on the harp,
O God, my God.",https://firestore.googleapis.com/v1/projects/catholic-missal/databases/(default)/documents/NigeriaReading,live Nigerian daily corpus,2f1085105e296dd058841b866fb2fef5ecf26f10ae383b4ee8286cb7b428bff2,fcf19ac4cc1c263d49d32c823383080f05d1a1fe69e8b0a732a36d838c8b2a1c,1
nigeria_365_firestore,ng:2026-04-28:responsorial-psalm:1,NG,,2026-04-28,resolved-day,,,,"ps87:1-3,4-5,6-7","O praise the Lord, all you nations.","Or: Alleluia.

Founded by him on the holy mountain,
the Lord loves the gates of Sion,
more than all the dwellings of Jacob.
Of you are told glorious things, you, O city of God!

“Rahab and Babylon I will count
among those who know me;
Of  Tyre, Philistia, Ethiopia, it is told,
‘There was this one born. ’
But of Sion it shall be said,
‘Each one was born in her. ”’
He, the Most High, established it.

Or: Alleluia.

In his register of peoples the Lord writes,
“Here was this one born.”
The singers cry out in chorus,
“In you, all find their home.”",https://firestore.googleapis.com/v1/projects/catholic-missal/databases/(default)/documents/NigeriaReading,live Nigerian daily corpus,ca5a3937d703d1cc390d07ca2880fa11862cabf5eb023717b7ec9fe72cb8ead1,2b15d5d084f64074c158d7ffbccadb4c8462d6f3bec518e4b20765c3e93b4dbd,1
nigeria_365_firestore,ng:2026-04-29:responsorial-psalm:1,NG,,2026-04-29,resolved-day,,,,"ps67:2-3,5,6,8","Let the people praise you, O God; let all the people praise you!","Or: Alleluia.

O God, be gracious and bless us
and let your face shed its light upon us.
So will your ways be known upon earth
and all nations learn your salvation.

Let the nations be glad and shout for joy,
with uprightness you rule the peoples;
you guide the nations on earth.

Let the peoples praise you,
O God; let all the peoples praise you.
May God still give us his blessing
that all the ends of the earth may revere him.",https://firestore.googleapis.com/v1/projects/catholic-missal/databases/(default)/documents/NigeriaReading,live Nigerian daily corpus,4538a41860d7dcd1a33beb1e2b16e8b2e3ca33d2dee2575e02d665951e5042e8,fdac08b9ebd1845f4c6df70ce622113e2f2c7551a90af5822548d244c701ae0f,1
nigeria_365_firestore,ng:2026-04-30:responsorial-psalm:1,NG,,2026-04-30,resolved-day,,,,"luke1:46-47,48-49,50-51,52-53,54-55","He who is mighty has done great things for me, and holy is his name.","My soul magnifies the Lord,
And my spirit rejoices in God my savior.

For he has regarded the low estate of his handmaiden.
For behold, henceforth all generation will call me blessed;
For he who is mighty has done great things for me,
And holy is his name.

And his mercy is on those who fear him
From generation to generation.
He has shown strength with his arm,
He has scattered the proud in the imagination of their hearts.

He has put down the mighty from their thrones,
And exalt those of low degree;
He has filled the hungry with good things,
And the rich he has sent empty away.

He has helped his servant Israel,
In remembrance of his mercy,
As he spoke to our fathers,
To Abraham and to his posterity forever.",https://firestore.googleapis.com/v1/projects/catholic-missal/databases/(default)/documents/NigeriaReading,live Nigerian daily corpus,aed297fcbb14e866de6e4b5d81a842a4dfc0876d1cd7d9c854a9aab9fb0004c4,84c97fb44445c2acff24ec4061d8159c6c9c9ed430fb20d6ea78d271021837f2,1
nigeria_365_firestore,ng:2026-05-01:responsorial-psalm:1,NG,,2026-05-01,resolved-day,,,,"ps2:6-7,8-9,10-12a",You are my son. It is I who have begotten you this day.,"Or: Alleluia.

“It is I who have appointed my king
on Sion, my holy mountain.”
I will announce the decree of the Lord:
The Lord said to me, “You are my Son.
It is I who have begotten you this day.”

“Ask of me and I will give you
the nations as your inheritance,
and the ends of the earth as your possession.
With a rod of iron you will rule them;
like a potter’s jar you will shatter them.”

Or: Alleluia.

“So now, O kings, understand;
take warning, rulers of the earth.
Serve the Lord with fear;
exult with trembling, pay him your homage.”",https://firestore.googleapis.com/v1/projects/catholic-missal/databases/(default)/documents/NigeriaReading,live Nigerian daily corpus,911a1005d69f17f116149c7c6d8aeeab4d43d407a318a5e3514c981a6296ff80,81fec2d57cb391c0426b9321592452f3a572b8a50c3021817b50fade9e8eee1b,1
nigeria_365_firestore,ng:2026-05-02:responsorial-psalm:1,NG,,2026-05-02,resolved-day,,,,"ps98:1,2-3ab,3cd-4",All the ends of the earth have seen the salvation of our God.,"Or:  Alleluia.

O sing a new song to the Lord,
for he has worked wonders.
His right hand and his holy arm
have brought salvation.

The Lord has made known his salvation,
has shown his deliverance to the nations.
He has remembered his merciful love
and his truth for the house of Israel.

All the ends of the earth have seen
the salvation of our God.
Shout to the Lord, all the earth;
break forth into joyous song,
and sing out your praise.

ALLE LUIA John 8:31b-32
Alleluia. If you continue in my word, you are truly my disciples, and you will know the truth, says the Lord. Alleluia.",https://firestore.googleapis.com/v1/projects/catholic-missal/databases/(default)/documents/NigeriaReading,live Nigerian daily corpus,f953b1bd79b650bf0d6e05ceb898cb243e3c6f51288b9af2b022ded3415f5772,7206a6d46163434f8b4b3848af026b37bcda7c118a989ec2c72c3b17568e355c,1
nigeria_365_firestore,ng:2026-05-03:responsorial-psalm:1,NG,,2026-05-03,resolved-day,,,,"ps33:1-2,4-5,18-19","May your merciful love be upon us, as we hope in you, O Lord.","Or: Alleluia.

Ring out your joy to the Lord, O you just;
for praise is fitting for the upright.
Give thanks to the Lord upon the harp;
with a ten-stringed lute sing him songs.

For the word of the Lord is faithful,
and all his works to be trusted.
The Lord loves justice and right,
and his merciful love fills the earth.

Or: Alleluia.

Yes, the Lord’s eyes are on those who fear him,
who hope in his merciful love,
to rescue their souls from death,
to keep them alive in famine.",https://firestore.googleapis.com/v1/projects/catholic-missal/databases/(default)/documents/NigeriaReading,live Nigerian daily corpus,c6a4c190cef29fa75c0a6a9478f35ba41876bc0d2bb69243f8ade51c5c070894,4b64b4ebf190875dd9ad9564830a501d09763ece5d92e106c7cc5aa55c8a3042,1
nigeria_365_firestore,ng:2026-05-04:responsorial-psalm:1,NG,,2026-05-04,resolved-day,,,,"ps115:1-2,3-4,15-16","Not to us, O Lord, but to your name give the glory.","Or: Alleluia.

Not to us, O Lord, not to us,
but to your name give the glory,
for your merciful love and fidelity.
Why should the nations say:
“Where is their God?”

But our God is in the heavens;
he does whatever he wills.
Their idols are silver and gold,
the work of human hands.

Or: Alleluia.

May you be blest by the Lord,
the maker of heaven and earth.
The heavens, the heavens belong to the Lord,
but to the children of men, he has given the earth.",https://firestore.googleapis.com/v1/projects/catholic-missal/databases/(default)/documents/NigeriaReading,live Nigerian daily corpus,5ddbfbd5071c1cf4651c011fa50cf4ed3046709d837263e3b5d23f93cde24fa9,6581e3c72e237d513e1e5170e400db24859f01b863024a7f1bdec0c3de863873,1
nigeria_365_firestore,ng:2026-05-05:responsorial-psalm:1,NG,,2026-05-05,resolved-day,,,,"ps145:10-11,12-13ab,21","Your friends make known, O Lord, the glory of your reign.","Or: Alleluia.

All your works shall thank you, O Lord,
and all your faithful ones bless you.
They shall speak of the glory of your reign,
and declare your mighty deeds.

They shall make known your might to
the children of men,
and the glorious splendour of your reign.
Your kingdom is an everlasting kingdom;
your rule endures for all generations.

Or: Alleluia.

Let my mouth speak the praise of the Lord;
let all flesh bless his holy name
forever, for ages unending.",https://firestore.googleapis.com/v1/projects/catholic-missal/databases/(default)/documents/NigeriaReading,live Nigerian daily corpus,c1ece3ce59e4013ccc57ace7f3e94ba00d377a7cedf80940c3b6a4f560a7435a,605465a91eb26e99465ed1d3953e89f95fbeb4bf758ac3b5f6300c907ee87c76,1
nigeria_365_firestore,ng:2026-05-06:responsorial-psalm:1,NG,,2026-05-06,resolved-day,,,,"ps122:1-2,3-4ab,4cd-5",Let us go rejoicing to the house of the Lord.,"Or: Alleluia.

I rejoiced when they said to me,
“Let us go to the house of the Lord.”
And now our feet are standing
within your gates, O Jerusalem.

Jerusalem is built as a city
bonded as one together.
It is there that the tribes go up,
the tribes of the Lord.

Or: Alleluia.

For Israel’s witness it is
to praise the name of the Lord.
There were set the thrones for judgement,
the thrones of the house of David.",https://firestore.googleapis.com/v1/projects/catholic-missal/databases/(default)/documents/NigeriaReading,live Nigerian daily corpus,da6e16253473f20a57649567e060210577241f0462d1186c0d4c3a265fc04797,33d8cdfa4ed38b4ce18fdbafeda30fdd6b28a165e03f3785cca75305dd373dc4,1
nigeria_365_firestore,ng:2026-05-07:responsorial-psalm:1,NG,,2026-05-07,resolved-day,,,,"ps96:1-2a,2b-3,10",Tell among all the peoples the wonders of the Lord.,"Or:  Alleluia.

O sing a new song to the Lord;
sing to the Lord, all the earth.
O sing to the Lord; bless his name.

Proclaim his salvation day by day.
Tell among the nations his glory,
and his wonders among all the peoples.

Or:  Alleluia.

Say to the nations, “The Lord is king.”
The world he made firm in its place;
he will judge the peoples in fairness.",https://firestore.googleapis.com/v1/projects/catholic-missal/databases/(default)/documents/NigeriaReading,live Nigerian daily corpus,7077b3453905c4c2833f3884a4a6c1eb9e3d2410417fd83bf9e3fc5c19555c5f,1dee3c603a275b1f0c281c1e65a62fe9cbdc792fd0ed546afefe49a46a7cab59,1
nigeria_365_firestore,ng:2026-05-08:responsorial-psalm:1,NG,,2026-05-08,resolved-day,,,,"ps57:8-9,10-12","I will praise you, Lord, among the peoples.","Or: Alleluia.

My heart is ready, O God;
my heart is ready.
I will sing, I will sing your praise.
Awake, my soul!
Awake, lyre and harp!
I will awake the dawn.

I will praise you, Lord, among the peoples,
among the nations sing psalms to you,
for your mercy reaches to the heavens,
and your truth to the skies.
Be exalted, O God, above the heavens;
may your glory shine on all the earth!",https://firestore.googleapis.com/v1/projects/catholic-missal/databases/(default)/documents/NigeriaReading,live Nigerian daily corpus,8da66363a385f971cd99ec3a93054bd7ca8f503d3f6bceba3b197e27c4221e82,01a2ba30cb8d9d26301688e21425bbec34dff6c52048f91af06ef3bbb96c343a,1
nigeria_365_firestore,ng:2026-05-09:responsorial-psalm:1,NG,,2026-05-09,resolved-day,,,,"ps100:1-2,3,5","Cry out with joy to the Lord, all the earth.","Or: Alleluia.

Cry out with joy to the Lord, all the earth.
Serve the Lord with gladness.
Come before him, singing for joy.

Know that he, the Lord, is God.
He made us; we belong to him.
We are his people, the sheep of his flock.

Or: Alleluia.

Indeed, how good is the Lord,
eternal his merciful love.
He is faithful from age to age.",https://firestore.googleapis.com/v1/projects/catholic-missal/databases/(default)/documents/NigeriaReading,live Nigerian daily corpus,7cc6ebc39a1bfdd6ab3d6f8531e1a0650437e13f3fd9003b01a24393d30efd9e,5b0b1228afb3f1dca3b45e9461b00b36676305445e18c41723f3efb3a24bd84b,1
nigeria_365_firestore,ng:2026-05-10:responsorial-psalm:1,NG,,2026-05-10,resolved-day,,,,"ps66:1-3a,4-5,6-7a,16,20","Cry out with joy to God, all the earth.","Or: Alleluia.

Cry out with joy to God, all the earth;
O sing to the glory of his name.
O render him glorious praise.
Say to God, “How awesome your deeds!”

“Before you all the earth shall bow down,
shall sing to you, sing to your name!”
Come and see the works of God:
awesome his deeds among the children of men.

Or: Alleluia.

He turned the sea into dry land;
they passed through the river on foot.
Let our joy, then, be in him;
he rules forever by his might.

Come and hear, all who fear God;
I will tell what he did for my soul.
Blest be God, who did not reject my prayer,
nor withhold from me his merciful love.",https://firestore.googleapis.com/v1/projects/catholic-missal/databases/(default)/documents/NigeriaReading,live Nigerian daily corpus,cc284f7578af05c8b1041ce4c048182ac0b22f1e7b271fba8b2d1d8e6e1eb772,a7fe9c700869ef3e4f7cfaf7aecc949c1bb2fd54cd6ff35cf86628bf4c84fda2,1
nigeria_365_firestore,ng:2026-05-11:responsorial-psalm:1,NG,,2026-05-11,resolved-day,,,,"ps149:1bc-2,3-4,5-6a,9bc",The Lord takes delight in his people.,"Or: Alleluia.

Sing a new song to the Lord,
his praise in the assembly of the faithful.
Let Israel rejoice in its Maker;
let Sion’s children exult in their king.

Let them praise his name with dancing,
and make music with timbrel and harp.
For the Lord takes delight in his people;
he crowns the poor with salvation.

Or: Alleluia.

Let the faithful exult in glory,
and rejoice as they take their rest.
Let the praise of God be in their mouths.
This is an honour for all his faithful.",https://firestore.googleapis.com/v1/projects/catholic-missal/databases/(default)/documents/NigeriaReading,live Nigerian daily corpus,8d89fdf45e95dd8e925d13be6561e0ec84f74eefa03e9a1804f4d3547a3a345d,f4ed4bac8f20fd135b35045cbd6b596e0d9012f625b5badb06a3a0dfb4fb72bf,1
nigeria_365_firestore,ng:2026-05-12:responsorial-psalm:1,NG,,2026-05-12,resolved-day,,,,"ps138:1ac-2a,2bcd-3,7c-8","With your right hand you save me, O Lord.","or:  Alleluia.

I thank you, Lord, with all my heart;
you have heard the words of my mouth.
In the presence of the angels I praise you.
I bow down toward your holy temple.

I give thanks to your name
for your merciful love and your faithfulness.
You have exalted your name and your promise over all.
On the day I called, you answered me;
you increased the strength of my soul.

or:  Alleluia.

With your right hand you save me;
the Lord will accomplish this for me.
O Lord, your merciful love is eternal;
discard not the work of your hands.",https://firestore.googleapis.com/v1/projects/catholic-missal/databases/(default)/documents/NigeriaReading,live Nigerian daily corpus,c548f26e640c358eccadf66cc9b469203d3eb896679af0439e2fed06b0a8cef2,3c8e85be42c1369b22cddf748440c59d1286355e63b7d8d5c275e8c9071fe971,1
nigeria_365_firestore,ng:2026-05-13:responsorial-psalm:1,NG,,2026-05-13,resolved-day,,,,"ps148:1-2,11-12,13,14",Heaven and earth are full of your glory.,"Or: Alleluia.

Praise the Lord from the heavens;
praise him in the heights.
Praise him, all his angels;
praise him, all his hosts.

Kings of the earth and all peoples,
princes and all judges of the earth,
young men and maidens as well,
the old together with the young.

Or: Alleluia.

Let them praise the name of the Lord,
for his name alone is exalted,
his splendour above heaven and earth.

He exalts the strength of his people.
He is the praise of all his faithful,
the praise of the children of Israel,
of the people to whom he is close.",https://firestore.googleapis.com/v1/projects/catholic-missal/databases/(default)/documents/NigeriaReading,live Nigerian daily corpus,abaa36de6579f6fd9313b0f0e7a01bc4465558b7cf8e83dc3cdecc873302602f,861d6d70c5aa3f350fbe46ca0cfaa88930193f2c3887d93066b47f4c554abcfc,1
nigeria_365_firestore,ng:2026-05-14:responsorial-psalm:1,NG,,2026-05-14,resolved-day,,,,"ps47:2-3,6-7,8-9",God has gone up with shouts of joy.,"The Lord goes up with trumpet blast.
Or: Alleluia.

All peoples, clap your hands.
Cry to God with shouts of joy!
For the Lord, the Most High, is awesome,
the great king over all the earth.

God goes up with shouts of joy.
The Lord goes up with trumpet blast.
Sing praise for God; sing praise!
Sing praise to our king; sing praise!

The Lord goes up with trumpet blast.
Or: Alleluia.

God is king of all the earth.
Sing praise with all your skill.
God reigns over the nations.
God sits upon his holy throne.",https://firestore.googleapis.com/v1/projects/catholic-missal/databases/(default)/documents/NigeriaReading,live Nigerian daily corpus,10fd0dcca7baee7732e7eff1eae9b221bb6819b526fce2055e5ee66e869aea1e,093cc96dfb4582733175fe2fdf215cd2b7eeec90fa18ba934e685ab68b333577,1
nigeria_365_firestore,ng:2026-05-15:responsorial-psalm:1,NG,,2026-05-15,resolved-day,,,,"ps47:2-3,4-5,6-7",God is king of all the earth.,"Or: Alleluia.

All peoples, clap your hands.
Cry to God with shouts of joy!
For the Lord, the Most High, is awesome,
the great king over all the earth.

He humbles peoples under us
and nations  under  our feet.
Our heritage he chose for us,
the pride of Jacob whom he loves.

Or: Alleluia.

God goes up with shouts of joy.
The Lord goes up with trumpet blast.
Sing praise for God; sing praise!
Sing praise to our king; sing praise!",https://firestore.googleapis.com/v1/projects/catholic-missal/databases/(default)/documents/NigeriaReading,live Nigerian daily corpus,77550c4ce48564ed8f372d0a43035eeb7ede1632432e7c10abd0f568750ae7d1,4f526774b7c5710080b370c12eb9869013fbc77ac52790cf48b857faba2871cb,1
nigeria_365_firestore,ng:2026-05-16:responsorial-psalm:1,NG,,2026-05-16,resolved-day,,,,"ps47:2-3,8-9,10",God is king of all the   earth.,"Or: Alleluia.

All peoples, clap your hands.
Cry to God with shouts of joy!
For the Lord, the Most High, is awesome,
the great king over all the earth.

God is king of all the earth.
Sing praise with all your skill.
God reigns over the nations.
God sits upon his holy throne.

Or: Alleluia.

The princes of the peoples are assembled
with the people of the God of Abraham.
The rulers of the earth belong to God,
who is greatly exalted.",https://firestore.googleapis.com/v1/projects/catholic-missal/databases/(default)/documents/NigeriaReading,live Nigerian daily corpus,9aebd24cf46b9eaf7c683ddb12213a9e06396b40ecb5d07f557800b7013e7586,bd716025dc5a4cc6cb41ef68327ec33e2ac670cc4ed029cc48cf4c5519e984f4,1
nigeria_365_firestore,ng:2026-05-17:responsorial-psalm:1,NG,,2026-05-17,resolved-day,,,,"ps27:1,4,7-8a",I believe I shall see the Lord’s goodness in the land of the living.,"Or: Alleluia.

The Lord is my light and my salvation;
whom shall I fear?
The Lord is the stronghold of my life;
whom should I dread?

There is one thing I ask of the Lord,
only this do I seek:
to live in the house of the Lord
all the days of my life,
to gaze on the beauty of the Lord,
to inquire at his temple.

Or: Alleluia.

O Lord, hear my voice when I call;
have mercy and answer me.
Of you my heart has spoken,
 “Seek his face.”",https://firestore.googleapis.com/v1/projects/catholic-missal/databases/(default)/documents/NigeriaReading,live Nigerian daily corpus,a66e96d280b0c3c36025368af9358dcabfad4b676855266081a40146b96d8983,46489e386d105e9afcbe085fae9f6aeae7e0dcc6be0ac58ddad51ce1003d427e,1
nigeria_365_firestore,ng:2026-05-18:responsorial-psalm:1,NG,,2026-05-18,resolved-day,,,,"ps68:2-3,4-5ac,6-7ab","You kingdoms of the earth, sing to God.","Or: Alleluia.

Let God arise; let his foes be scattered.
Let those who hate him flee from his face.
As smoke is driven away, so drive them away;
like wax that melts before the fire,
so the wicked shall perish at the presence of God.

But the just shall rejoice at the presence of God;
they shall exult with glad rejoicing.
O sing to God; make music to his name.
The Lord is his name.

Father of orphans, defender of widows:
such is God in his holy place.
God gives the desolate a home to dwell in;
he leads the prisoners forth into prosperity.",https://firestore.googleapis.com/v1/projects/catholic-missal/databases/(default)/documents/NigeriaReading,live Nigerian daily corpus,8bad638986986663b145d4afc8ef9c0a62303f29218fe607607ce6b72e7bec5e,09c28991584d78ec0f61451debc9e3d1bb3e05da12b2f9707216f01ce1ab4c71,1
nigeria_365_firestore,ng:2026-05-19:responsorial-psalm:1,NG,,2026-05-19,resolved-day,,,,"ps68:10-11,20-21","You kingdoms of the earth, sing to God.","Or: Alleluia.

You poured down, O God, a generous rain;
when your people languished, you restored their inheritance.
It was there that your flock began to dwell.
In your goodness, O God, you provided for the poor.

Day after day, may the Lord be blest.
He bears our burdens; God is our saviour.
This God of ours is a God who saves.
The Lord our Lord provides an escape from death.",https://firestore.googleapis.com/v1/projects/catholic-missal/databases/(default)/documents/NigeriaReading,live Nigerian daily corpus,7c06325e4c0d4f67407675a2fa5811dc4801794f97faae190b5a9831b0354d5c,1f2a3adcf1a55daebf8c81756c587e3f5204d6920bf6e2de535f0b0f5f90bd67,1
nigeria_365_firestore,ng:2026-05-20:responsorial-psalm:1,NG,,2026-05-20,resolved-day,,,,"ps68:33-35a,35b,36b","You kingdoms of the earth, sing to God.","Or:  Alleluia.

Summon forth your might, O God;
your might, O God, which you have shown for us.
From your temple high in Jerusalem,
kings will come to you bringing their tribute.

You kingdoms of the earth, sing to God, praise the Lord
who rides on the heavens, the ancient heavens.
Behold, he thunders his voice, his mighty voice.
Come, acknowledge the power of God.

His glory is on Israel;
his might is in the skies.
Blest be God!",https://firestore.googleapis.com/v1/projects/catholic-missal/databases/(default)/documents/NigeriaReading,live Nigerian daily corpus,5928a90d3a11cc346dba31a3ceb29fe9c0516324defa4cda5a238db4da32efba,7cfef8a84b71add445831f88fda70d17edd8a64fa9e3ea1076fbd8628908b69a,1
nigeria_365_firestore,ng:2026-05-21:responsorial-psalm:1,NG,,2026-05-21,resolved-day,,,,"ps16:1-2a,5,7-8,9-10,11","Preserve me, O God, for in you I take refuge.","Or. Alleluia

Preserve me, O God, for in you I take refuge
I say to the Lord, “You are my Lord.”
O Lord, it is you who are my portion and cup;
You yourself who secure my lot.

I will bless the Lord who gives me counsel,
Who even at night directs my heart.
I keep the Lord before me always;
With him at my right hand, I shall not be moved.

Or. Alleluia

And so, my heart rejoices, my soul is glad;
Even my flesh shall rest in hope.
For you will not abandon my soul to hell,
Nor let your holy one see corruption.

You will show me the path of life,
The fullness of joy in your presence,
At your right hand, bliss forever.",https://firestore.googleapis.com/v1/projects/catholic-missal/databases/(default)/documents/NigeriaReading,live Nigerian daily corpus,22f8ca68873d1bb15528ae222362741a32efe005f8b543c3e68ae1189a924fad,507f0cb6090321b9805000f623c377385766e85ce996fde78bb83ecfafbc2f0e,1
nigeria_365_firestore,ng:2026-05-22:responsorial-psalm:1,NG,,2026-05-22,resolved-day,,,,"ps103:1-2,11-12,19-20ab",The Lord has fixed his throne in heaven.,"Or: Alleluia.

Bless the Lord, O my soul,
and all within me, his holy name.
Bless the Lord, O my soul,
and never forget all his benefits.

For as the heavens are high above the earth,
so strong his mercy for those who fear him.
As far as the east is from the west,
so far from us does he remove our transgressions.

The Lord has fixed his throne in heaven,
and his kingdom is ruling over all.
Bless the Lord, all you his angels,
mighty in power, fulfilling his word.",https://firestore.googleapis.com/v1/projects/catholic-missal/databases/(default)/documents/NigeriaReading,live Nigerian daily corpus,0da60d75560de6d99393f80619e243a91a732bee66b03965264ebbc2ea59f599,261693b27c0749d82b61bff45bfd0bdda2f2dff5ed2f589730285954665c1552,1
nigeria_365_firestore,ng:2026-05-23:responsorial-psalm:1,NG,,2026-05-23,resolved-day,,,,"ps11:4,5,7","The upright shall behold your face, O Lord.","or:  Alleluia.

The Lord is in his holy temple;
the throne of the Lord is in heaven.
His eyes behold the world;
his gaze probes the children of men.

The Lord inspects the just and the wicked;
the lover of violence he hates.
For the Lord is just and loves deeds of justice;
the upright shall behold his face.",https://firestore.googleapis.com/v1/projects/catholic-missal/databases/(default)/documents/NigeriaReading,live Nigerian daily corpus,d8a29f7104c1ed5b6f07c960aa1acc91560ca837144fca43f6c042e46795867b,3947e3c80875c6b2777b83b951d3e1c2ebe95c3c7d0ce43d5da97ee18343a237,1
nigeria_365_firestore,ng:2026-05-23:responsorial-psalm:2,NG,,2026-05-23,resolved-day,,,,"ps104:1-2a,24,35c,27-28,29bc-30","Lord, send forth your Spirit, and renew the face of the earth.","Or: Alleluia.

Bless the Lord, O my soul!
O Lord my God, how great you are,
clothed in majesty and honour,
wrapped in light as with a robe!

How many are your works, O Lord!
In wisdom you have made them all.
The earth is full of your creatures.
Bless the Lord, O my soul.

Or: Alleluia.

All of these look to you
To give them their food in due season.
You give it, they gather it up;
you open wide your hand, they are well filled.

You take away their breath, they die,
returning to the dust from which they came.
You send forth your spirit, and they are created,
and you renew the face of the earth.",https://firestore.googleapis.com/v1/projects/catholic-missal/databases/(default)/documents/NigeriaReading,live Nigerian daily corpus,ca888eb2cfc2484d23b6c572f1599ad758baab15f7c6b72383b75e083c17b505,8dff2779dbeef6d97f73271514351b0d9e63197896a5f0c6aef20e01bebe9135,2
nigeria_365_firestore,ng:2026-05-24:responsorial-psalm:1,NG,,2026-05-24,resolved-day,,,,"ps104:1ab,24ac,29bc-30,31and34","Lord, send forth your Spirit, and renew the face of the earth.","Or:  Alleluia.

Bless the Lord, O my soul!
O Lord my God, how great you are.
How many are your works, O Lord!
The earth is full of your creatures.

You take away their breath, they die,
returning to the dust from which they came.
You send forth your spirit, and they are created,
and you renew the face of the earth.

May the glory of the Lord last forever!
May the Lord rejoice in his works!
May my thoughts be pleasing to him.
I will rejoice in the Lord.",https://firestore.googleapis.com/v1/projects/catholic-missal/databases/(default)/documents/NigeriaReading,live Nigerian daily corpus,7b358b4df257872dedaeb64a6d2503412be4c3da34312f2038d725b1095b9c65,bfe1f381a08b69a3b3fa6c3fbcc44e23d51df6d8aab8289b06ee18a2ecd57fce,1
nigeria_365_firestore,ng:2026-05-25:responsorial-psalm:1,NG,,2026-05-25,resolved-day,,,,"ps87:1-2,3,5,6-7","Of you are told glorious things, O city of God!","On the holy mountain is his city
cherished by the Lord.
The Lord prefers the gates of Zion
to all Jacob’s dwellings.

Of you are told glorious things,
O city of God!
‘Zion shall be called “Mother”
for all shall be her children

It is he, the Lord Most High,
who gives each his place.
In his register of peoples he writes:
‘These are her children,’
and while they dance they will sing:
‘In you all find their home,’",https://firestore.googleapis.com/v1/projects/catholic-missal/databases/(default)/documents/NigeriaReading,live Nigerian daily corpus,c76a17b803a3103dc4c51decde7d3d31a2efb61a5445634796a4ce6d1960788b,bdc0f048e461b080393cc463a900288e03d8decec6993a3ea947d6690209721f,1
nigeria_365_firestore,ng:2026-05-26:responsorial-psalm:1,NG,,2026-05-26,resolved-day,,,,"ps98:1,2-3ab,3cd-4",The Lord has made known his salvation.,"O sing a new song to the Lord,
for he has worked wonders.
His right hand and his holy arm
have brought salvation.

The Lord has made known his salvation,
has shown his deliverance to the nations.
He has remembered his merciful love
and his truth for the house of Israel.

All the ends of the earth have seen
the salvation of our God.
Shout to the Lord, all the earth;
break forth into joyous song,
and sing out your praise.",https://firestore.googleapis.com/v1/projects/catholic-missal/databases/(default)/documents/NigeriaReading,live Nigerian daily corpus,a3919480eca580137f7020cd1b524a0a85059916971b0cdabc7aa65e0cb755fc,e42750fcebd7b9046d80b2dc97c0002cc6c046338c825b4fba9cd0356e00039f,1
nigeria_365_firestore,ng:2026-05-27:responsorial-psalm:1,NG,,2026-05-27,resolved-day,,,,"ps147:12-13,14-15,19-20","O Jerusalem, glorify the Lord!","Or:  Alleluia.

O Jerusalem, glorify the Lord!
O Sion, praise your God!
He has strengthened the bars of your gates;
he has blessed your children within you.

He established peace on your borders;
he gives you your fill of finest wheat.
He sends out his word to the earth,
and swiftly runs his command.

Or:  Alleluia.

He reveals his word to Jacob;
to Israel, his decrees and judgements.
He has not dealt thus with other nations;
he has not taught them his judgements.",https://firestore.googleapis.com/v1/projects/catholic-missal/databases/(default)/documents/NigeriaReading,live Nigerian daily corpus,1589202f99ff05f57a669bf1e23ad2b9b94192c67f73455e770efca2ba44862f,0b81228e2d0b0b37a762dff93d91aec311c3f13a3f07c875c1c0e5ffa04e96ea,1
nigeria_365_firestore,ng:2026-05-28:responsorial-psalm:1,NG,,2026-05-28,resolved-day,,,,"ps100:1-2,3,4,5","Come before the Lord, singing for joy.","Cry out with joy to the Lord, all the earth.
Serve the Lord with gladness.
Come before him, singing for joy.

Know that he, the Lord, is God.
He made us; we belong to him.
We are his people, the sheep of his flock.

Enter his gates with thanksgiving and
his courts with songs of praise.
Give thanks to him, and bless his name.

Indeed, how good is the Lord,
eternal his merciful love.
He is faithful from age to age.",https://firestore.googleapis.com/v1/projects/catholic-missal/databases/(default)/documents/NigeriaReading,live Nigerian daily corpus,896e6e651d40ac749e78bce5124d6a11ad7d9f3f184eedd7271ce91cced9071b,5411c95090481593987fc7d774d8d46b5672a3a7356476f1c56ca812afeb4ea4,1
nigeria_365_firestore,ng:2026-05-29:responsorial-psalm:1,NG,,2026-05-29,resolved-day,,,,"ps96:10,11-12,13",The Lord comes to judge the earth.,"Say to the nations, “The Lord is king.”
The world he made firm in its place;
he will judge the peoples in fairness.

Let the heavens rejoice and earth be glad;
let the sea and all within it thunder praise.
Let the land and all it bears rejoice.

Then will all the trees of the wood shout for joy.
At the presence of the Lord, for he comes,
he comes to judge the earth.
He will judge the world with justice;
he will govern the peoples with his truth.",https://firestore.googleapis.com/v1/projects/catholic-missal/databases/(default)/documents/NigeriaReading,live Nigerian daily corpus,df24c0efa3acabe9da38ce4b47172963f8923187804110f8d6d4d2ea928b591d,05f59232a04cc000e6ecf0279133b1b2cd06a25b2c18de65fc5abeeb89d52d16,1
nigeria_365_firestore,ng:2026-05-30:responsorial-psalm:1,NG,,2026-05-30,resolved-day,,,,"ps63:2,3-4,5-6","For you my soul is thirsting, O Lord, my God.","O God, you are my God; at dawn I seek you;
for you my soul is thirsting.
For you my flesh is pining,
like a dry, weary land without water.

I have come before you in the sanctuary,
to behold your strength and your glory.
Your loving mercy is better than life;
my lips will speak your praise.

I will bless you all my life;
in your name I will lift up my hands.
My soul shall be filled as with a banquet;
with joyful lips, my mouth shall praise you.",https://firestore.googleapis.com/v1/projects/catholic-missal/databases/(default)/documents/NigeriaReading,live Nigerian daily corpus,4c730abb4469aaa3fa7508217a7240770d7e2f45c61f572b802682f81b990f55,b83250bfd1e97792f9b55b9822369d72b0a54e512dce13a33a8b7ca3a57fbc1d,1
nigeria_365_firestore,ng:2026-05-31:responsorial-psalm:1,NG,,2026-05-31,resolved-day,,,,"dan3:29-30,31,33,32,34",You are to be praised and highly exalted forever.,"Blessed are you, O Lord, God of our fathers,
and to be praised and highly exalted forever;
and blessed is your glorious, holy name
and to be highly praised and highly exalted forever.

Blessed are you in the temple of your holy glory
and to be extolled and highly glorified forever.

Blessed are you upon the throne of your kingdom
and to be extolled and highly exalted forever.

Blessed are you, who sit upon cherubim and look upon the deeps,
 and to be praised and highly exalted forever.

Blessed are you in the firmament of heaven
and to be sung and glorified forever.",https://firestore.googleapis.com/v1/projects/catholic-missal/databases/(default)/documents/NigeriaReading,live Nigerian daily corpus,c566ec96151f60d3915396316010de2dc3480e44cb0c7c24c723d83883398ae3,819f0370987ccacd4847cfb45c549e18e7fec0a83fe4fa295a74f4a9b009ea3e,1
nigeria_365_firestore,ng:2026-06-01:responsorial-psalm:1,NG,,2026-06-01,resolved-day,,,,"ps91:1-2,14-15ab,15c-16","O my God, I trust in you","He who dwells in the shelter of the Most High,
and abides in the shade of the Almighty,
says to the Lord, “My refuge,
my stronghold, my God in whom I trust!”

Since he clings to me in love, I will free him,
protect him, for he knows my name.
When he calls on me, I will answer him;
I will be with him in distress.

I will deliver him, and give him glory.
With length of days I will content him;
I will show him my saving power.",https://firestore.googleapis.com/v1/projects/catholic-missal/databases/(default)/documents/NigeriaReading,live Nigerian daily corpus,908023541cffbb53460ced590377b3e5fd6efa0e495a722fff3a87ea8cfc9f51,5103752de16d4665d8f956096e9b258ea1bfe8578348480d298160bc7440298e,1
nigeria_365_firestore,ng:2026-06-02:responsorial-psalm:1,NG,,2026-06-02,resolved-day,,,,"ps90:2,3-4,10,14,16","O Lord, you have been our refuge, from generation to generation.","Before the mountains were born,
or the earth or the world were brought forth,
you are God, from age to age.

You turn man back to dust,
and say, “Return, O children of men.”
To your eyes a thousand years
are like yesterday, come and gone,
or like a watch in the night.

Seventy years is the span of our days,
or eighty if we are strong.
And most of these are toil and pain.
They pass swiftly and we are gone.

At dawn, fill us with your mercifiil love;
we shall exult and rejoice all our days.
Let your deed be seen by your servants,
and your glorious power by their children.",https://firestore.googleapis.com/v1/projects/catholic-missal/databases/(default)/documents/NigeriaReading,live Nigerian daily corpus,702a4a3f14fd2656bd91dff573d92715ef52cb921c00f7c44f198e8d885d9be1,3d995a2a4a7160e93b22f7971380b45afa17b4afd2ddf472c3db977d52e51aba,1
nigeria_365_firestore,ng:2026-06-03:responsorial-psalm:1,NG,,2026-06-03,resolved-day,,,,"ps123:1-2ab,2cdef","To you, O Lord, have I lifted up my eyes.","To you have I lifted up my eyes,
you who dwell in the heavens.
Behold, like the eyes of slaves
on the hand of their lords.

Like the eyes of a servant
on the hand of her mistress,
so our eyes are on the Lord our God,
till he show us his mercy.

ALLELUIAL John 11:25a.26
Alleluia. I am the resurrection and the life, says the Lord; he who believes in me shall never die. Alleluia.",https://firestore.googleapis.com/v1/projects/catholic-missal/databases/(default)/documents/NigeriaReading,live Nigerian daily corpus,73f62339a1c9b699aa23c5a5029526c3c53f65663bd7ef91b6fc1444b6177f0b,9929b5d245c7e04a9023a8343df65f2310b795bc29cd7c68bb5046fb25e71b4a,1
nigeria_365_firestore,ng:2026-06-04:responsorial-psalm:1,NG,,2026-06-04,resolved-day,,,,"ps25:4-5ab,8-9,10,14","O Lord, make me know your ways.","O Lord, make me know your ways.
Teach me your paths.
Guide me in your truth, and teach me;
for you are the God of my salvation.

Good and upright is the Lord;
he shows the way to sinners.
He guides the humble in right judgement;
to the humble he teaches his way.

All the Lord’s paths are mercy and faithfulness,
for those who keep his covenant and commands.
The Lord’s secret is for those who fear him;
to them he reveals his covenant.",https://firestore.googleapis.com/v1/projects/catholic-missal/databases/(default)/documents/NigeriaReading,live Nigerian daily corpus,477cc65f909040d5810130334c54a73eb2bfef71e43d73e78f49c037e8f9cced,b4320cb3cf7a979a302d66faf1a73c3107f5808f814026c5a83f826e887684e1,1
nigeria_365_firestore,ng:2026-06-05:responsorial-psalm:1,NG,,2026-06-05,resolved-day,,,,"ps119:157,160,161,165,166,168","The lovers of your law have great peace, Lord.","Though my foes and oppressors are countless,
I have not swerved from your decrees.

Truth is the sum of your word;
All your just judgements are eternal.

Though princes oppress me without cause,
My heart reveres your word.

The lovers of your law have great peace;
No stumbling block for them.

I await your salvation, O Lord;
I fulfill your commands.

I obey your percepts and decrees;
All my ways are before you.",https://firestore.googleapis.com/v1/projects/catholic-missal/databases/(default)/documents/NigeriaReading,live Nigerian daily corpus,5a9aa09064020b87012980792ba11b46f41c7a65420fd8cb9231a2752d3c73d5,9b145735b276d5acd354a2ca9a88ef9dec4d8b382c092a92b6bf2a8213cd424e,1
nigeria_365_firestore,ng:2026-06-06:responsorial-psalm:1,NG,,2026-06-06,resolved-day,,,,"ps71:8-9,14-15ab,16-17,22","My mouth will tell of your salvation, Lord.","My mouth is filled with your praise,
with your glory, all the day long.
Do not reject me now that I am old;
when my strength fails do not forsake me.

But as for me, I will always hope,
and praise you more and more.
My mouth will tell of your justice,
and all the day long of your salvation.

I will come with praise of your might, O Lord;
I will call to mind your justice, yours, O Lord, alone.
O God, you have taught me from my youth,
and I proclaim your wonders still.

So I will give you thanks on the lyre
for your faithfulness, O my God.
To you will I sing with the harp,
to you, the Holy One of Israel.",https://firestore.googleapis.com/v1/projects/catholic-missal/databases/(default)/documents/NigeriaReading,live Nigerian daily corpus,1011fc79c8297533812410f290105bd53da7a0f409cdbf7ee28cfe6ccc31c84b,d313b6ab10469e7195f5ae30939e27bc6ee248dd482a20f0d84b61a5aeda3f5b,1
nigeria_365_firestore,ng:2026-06-07:responsorial-psalm:1,NG,,2026-06-07,resolved-day,,,,"ps147:12-13,14-15,19-20","O Jerusalem, glorify the Lord!","Or:  Alleluia.

O Jerusalem, glorify the Lord!
O Sion, praise your God!
He has strengthened the bars of your gates;
he has blessed your children within you.

He established peace on your borders;
he gives you your fill of finest wheat.
He sends out his word to the earth,
and swiftly runs his command.

Or:  Alleluia.

He reveals his word to Jacob;
to Israel, his decrees and judgements.
He has not dealt thus with other nations;
he has not taught them his judgements.",https://firestore.googleapis.com/v1/projects/catholic-missal/databases/(default)/documents/NigeriaReading,live Nigerian daily corpus,1589202f99ff05f57a669bf1e23ad2b9b94192c67f73455e770efca2ba44862f,0b81228e2d0b0b37a762dff93d91aec311c3f13a3f07c875c1c0e5ffa04e96ea,1
nigeria_365_firestore,ng:2026-06-08:responsorial-psalm:1,NG,,2026-06-08,resolved-day,,,,"ps121:1-2,3-4,5-6,7-8","Our help comes from the Lord, who made heaven and earth.","I lift up my eyes to the mountains;
From where shall my help?
My help shall come from the Lord,
Who made heaven and earth.

He will keep your foot from stumbling.
Your guard will never slumber.
No, he sleeps not nor slumber,
Israel’s guard.

The Lord your guard, the Lord your shade
At your right hand.
By day the sun shall not smite you,
Nor the moon in the night.

The Lord will guard you from evil;
He will guard your soul.
The Lord will guard your going and coming,
Both now and for ever.",https://firestore.googleapis.com/v1/projects/catholic-missal/databases/(default)/documents/NigeriaReading,live Nigerian daily corpus,79ef92711a2588b881091e36a94b616e4164b08a6dfd29034198467bcfae9814,ee09dfdef53f8f3414b37e7bed998036ffb7d4ea0cbc8f5a9717f08158e6339c,1
nigeria_365_firestore,ng:2026-06-09:responsorial-psalm:1,NG,,2026-06-09,resolved-day,,,,"ps4:2-3,4-5,7a,8","Lift up the light of your face on us, O Lord.","I called, the God of justice gave me answer;
from anguish you released me, have mercy and hear me!
Children of man, how long will my glory be dishonoured,
will you love what is futile and seek what is false?

Know that the Lord works wonders for his faithful one;
the Lord will hear me whenever I call him.
Tremble, do not sin: ponder on your bed and be still.

“What can bring us happiness?” many say.
You have put into my heart a greater joy
than abundance of grain and new wine can provide.",https://firestore.googleapis.com/v1/projects/catholic-missal/databases/(default)/documents/NigeriaReading,live Nigerian daily corpus,76c4bbdb28eb78df61d8161001a7473b774042ad3bf9c50829fdf5731218e5c9,2e9395d27365c9e29ecbaea4e4398075d14b2bb84d94b737528b300246c4c3da,1
nigeria_365_firestore,ng:2026-06-10:responsorial-psalm:1,NG,,2026-06-10,resolved-day,,,,"ps16:1-2a,4,5,8,11","Preserve me, O God, for in you I take refuge.","Preserve me, O God, for in you I take refuge.
I say to the Lord, “You are my Lord.” R/.
Those who choose other gods increase their sorrows.
I will not take part in their offerings of blood.
Nor will I take their names upon my lips.

O Lord, it is you who are my portion and cup;
you yourself who secure my lot.
I keep the Lord before me always;
with him at my right hand, I shall not be moved.

You will show me the path of life,
the fullness of joy in your presence,
at your right hand, bliss forever.",https://firestore.googleapis.com/v1/projects/catholic-missal/databases/(default)/documents/NigeriaReading,live Nigerian daily corpus,a87d8ce8f1ddb5248b546e966d377cfc1a5c830a388ff84291c98e287adbff4f,1273e1b98673b1622c2d9f95bd5fb545ad440d431c2dbbafed7645433cb2135c,1
nigeria_365_firestore,ng:2026-06-11:responsorial-psalm:1,NG,,2026-06-11,resolved-day,,,,"ps98:1,2-3ab,3cd-4,5-6",The Lord has shown his deliverance to the nations.,"O sing a new song to the Lord,
for he has worked wonders.
His right hand and his holy arm
have brought salvation.

The Lord has made known his salvation,
has shown his deliverance to the nations.
He has remembered his merciful love
and his truth for the house of Israel.

All the ends of the earth have seen
the salvation of our God.
Shout to the Lord, all the earth;
break forth into joyous song,
and sing out your praise.

Sing psalms to the Lord with the harp,
with the harp and the sound of song.
With trumpets and the sound of the horn,
raise a shout before the King, the Lord.",https://firestore.googleapis.com/v1/projects/catholic-missal/databases/(default)/documents/NigeriaReading,live Nigerian daily corpus,f51d8eb1c7dd3e368ca5b0a8f95f56dd7ab2d55aaf8bd8715d7876e600de6147,f6ed4e2ac5c6c18045c2269e35bc721606453810a85c12f4318b8fd6d2a0b745,1
nigeria_365_firestore,ng:2026-06-12:responsorial-psalm:1,NG,,2026-06-12,resolved-day,,,,"ps103:1-2,3-4,6-7,8,10",The mercy of the Lord is everlasting upon those who hold him in fear.,"Bless the Lord, O my soul,
and all within me, his holy name.
Bless the Lord, O my soul,
and never forget all his benefits.

It is the Lord who forgives all your sins,
who heals every one of your ills,
who redeems your life from the grave,
who crowns you with mercy and compassion.

The Lord does just deeds,
gives full justice to all who are oppressed.
He made known his ways to Moses,
and his deeds to the children of Israel.

The Lord is compassionate and gracious,
slow to anger and rich in mercy.
He does not treat us according to our sins,
nor repay us according to our faults.",https://firestore.googleapis.com/v1/projects/catholic-missal/databases/(default)/documents/NigeriaReading,live Nigerian daily corpus,8a6ad61ad40b37f75dcc36d9e0ec5d2d641fecbcc174370c7e4bde3db81464b3,688e5f95fd47f194a26863350bd26df6131ed609f5dfa24487e360732234f7c3,1
nigeria_365_firestore,ng:2026-06-13:responsorial-psalm:1,NG,,2026-06-13,resolved-day,,,,"ps16:1-2a,5,7-8,9-10","It is you, O Lord, who are my portion.","Preserve me, O God, for in you I take refuge.
I say to the Lord, “You are my Lord.”
O Lord, it is you who are my portion and cup;
you yourself who secure my lot.

I will bless the Lord who gives me counsel,
who even at night directs my heart.
I keep the Lord before me always;
with him at my right hand, I shall not be moved.

And so, my heart rejoices, my soul is glad;
even my flesh shall rest in hope.
For you will not abandon my soul to hell,
nor let your holy one see corruption.",https://firestore.googleapis.com/v1/projects/catholic-missal/databases/(default)/documents/NigeriaReading,live Nigerian daily corpus,e03a7551427c5844e37d9c459cfd4ea381f33dcc55e6605b4da88fa13483bb07,960b9f7cfb3bcae586f2f47a81bab1eb77973653622e6573d595d45eaa3ac359,1
nigeria_365_firestore,ng:2026-06-14:responsorial-psalm:1,NG,,2026-06-14,resolved-day,,,,"ps100:1-2,3,5","We are his people, the sheep of his flock.","Cry out with joy to the Lord, all the earth.
Serve the LORD with gladness.
Come before him, singing for joy.

Know that he, the Lord, is God.
He made us; we belong to him.
We are his people, the sheep of his flock.

Indeed, how good is the Lord,
eternal his merciful love.
He is faithful from age to age.",https://firestore.googleapis.com/v1/projects/catholic-missal/databases/(default)/documents/NigeriaReading,live Nigerian daily corpus,582657e72fb2c25f4441cb2917205093790bb5d95246511b99fc4877b1cb78b2,f1d5fcc83aa107da9531ea46a089e45f719fa57143a0f165ca5d15f6a3cff7ff,1
nigeria_365_firestore,ng:2026-06-15:responsorial-psalm:1,NG,,2026-06-15,resolved-day,,,,"ps5:2-3,5-6,7","O Lord, give heed to my sighs.","To my words give ear, O Lord;
give heed to my sighs.
Attend to the sound of my cry,
my King and my God.

You are no God who delights in evil;
no sinner is your guest.
The boastful shall not stand their ground
before your eyes.

All who do evil you despise;
all who lie you destroy.
The deceitful and those who shed blood,
the Lord detests.",https://firestore.googleapis.com/v1/projects/catholic-missal/databases/(default)/documents/NigeriaReading,live Nigerian daily corpus,052fa12ead431b232a4ed09d81437c02987ca5685bbd512f1cd3339f25969666,18a65451670338d2d941923ac59f5b257104c99b91f391826b38c59c84535583,1
nigeria_365_firestore,ng:2026-06-16:responsorial-psalm:1,NG,,2026-06-16,resolved-day,,,,"ps51:3-4,5-6ab,11,16","Have mercy, O Lord, for we have sinned.","Have mercy on me, O God,
according to your merciful love;
according to your great compassion,
blot out my transgressions.
Wash me completely from my iniquity,
and cleanse me from my sin.

My transgressions, truly I know them;
Any sin is always before me.
Against you, you alone, have I sinned;
what is evil in your sight I have done.

Turn away your face from my sins,
and blot out all my guilt.
Rescue me from bloodshed, O God,
God of my salvation,
and then my tongue shall
ring out your justice.",https://firestore.googleapis.com/v1/projects/catholic-missal/databases/(default)/documents/NigeriaReading,live Nigerian daily corpus,cb7bb989adba44536e359e280615ea0acd7264768c41c2b145e690cb9f74a925,7b5bee749aaa3b8dd51a903150ee81e1f95bb1d0e7371cd4db334da4d262ff18,1
nigeria_365_firestore,ng:2026-06-17:responsorial-psalm:1,NG,,2026-06-17,resolved-day,,,,"ps31:20,21,24","Be strong, let your heart take courage, all who hope in the Lord.","How great is the goodness, Lord,
that you keep for those who fear you,
that you show to those who trust you
in the sight of the children of men.

You hide them in the shelter of your presence,
secure from  human scheming;
you keep them safe within your tent
from disputing tongues.

Love the Lord, all you his saints.
The Lord guards the faithful.
But the Lord will repay to the full
the one who acts with pride.",https://firestore.googleapis.com/v1/projects/catholic-missal/databases/(default)/documents/NigeriaReading,live Nigerian daily corpus,964a36a8acd0350b28e8706aec844b867878156071f3863d8c7f596aa9f61cbc,9ef3c9c79bea787c2028a7fd2cf45f548112af8e481e16a74298c0d51e831649,1
nigeria_365_firestore,ng:2026-06-18:responsorial-psalm:1,NG,,2026-06-18,resolved-day,,,,"ps97:1-2,3-4,5-6,7","Rejoice in the Lord, you just.","The Lord is king, let earth rejoice;
let the many islands be glad.
Cloud and darkness surround him;
justice and right are the foundation of his throne.

A fire prepares his path;
it bums up his foes on every side.
His lightnings light up the world;
the earth looks on and trembles.

The mountains melt like wax
before the face of the Lord,
before the face of the Lord of all the earth.
The skies proclaim his justice;
all peoples see his glory.

Let those who serve idols be ashamed,
those who boast of their worthless gods.
All you angels, worship him.",https://firestore.googleapis.com/v1/projects/catholic-missal/databases/(default)/documents/NigeriaReading,live Nigerian daily corpus,2338e3373978978094efe2c12e47d9e459869acb59955dfbf0a4b2d1292c62f3,e6cefe8fb07a4a020ebefbbc7cd7c6029174731aaf03ab25759a14fb44547b8f,1
nigeria_365_firestore,ng:2026-06-19:responsorial-psalm:1,NG,,2026-06-19,resolved-day,,,,"ps132:11,12,13-14,17-18","The Lord has chosen Sion, he has desired it for his dwelling.","The Lord swore an oath to David;
he will not go back on his word:
“A son, the fruit of your body,
will I set upon your throne.

If your sons hold fast to my covenant,
and my laws that I have taught them,
their sons, in turn, shall sit
on your throne from age to age.”

For the Lord has chosen Sion;
he has desired it for his dwelling:
“This is my resting-place from age to age;
here have I chosen to dwell.”

“I will make a stock sprout up for! David;
I will prepare a lamp for my anointed.
I will cover his enemies with shame,
but on him my crown shall shine.”",https://firestore.googleapis.com/v1/projects/catholic-missal/databases/(default)/documents/NigeriaReading,live Nigerian daily corpus,f8108fa0e8014f7b0c15a4fcedcbc78fd19f8e95562702ca2d9ed5f77f724760,8c562d5797c35bc4ce32550110ec03dc4ebc4d393167471967e443ef37c99c0a,1
nigeria_365_firestore,ng:2026-06-20:responsorial-psalm:1,NG,,2026-06-20,resolved-day,,,,"ps89:4-5,29-30,31-32,33-34",I will keep my faithful love for him always.,"“With my chosen one I have made a covenant;
I have sworn to David my servant:
I will establish your descendants forever,
and set up your throne through all ages.”

“I will keep my faithful love for him always;
with him my covenant shall last.
I will establish his descendants forever,
and his throne as lasting as the days of heaven.”

“If his descendants forsake my law
 and refuse to walk as I decree,
 and if ever they violate my statutes,
 failing to keep my commands.”

“Then I will punish their offences with the rod;
then I will scourge them on account of their guilt.
But I will never take back my mercy;
my fidelity will never fail.”",https://firestore.googleapis.com/v1/projects/catholic-missal/databases/(default)/documents/NigeriaReading,live Nigerian daily corpus,c22dc7876ae7b4f5ca516c897a3ccf9758082c0041cf1102cb2073b8a7bcdf3f,9bf659cb920f8e303249b12702ed5eb7caa563ac33e9ab47dbea2484b0640594,1
nigeria_365_firestore,ng:2026-06-21:responsorial-psalm:1,NG,,2026-06-21,resolved-day,,,,"ps69:7-9,13,16,32-34","In your great mercy, answer me, O Lord.","It is for you that I suffer taunts,
that shame has covered my face.
To my own kin I have become an outcast,
a stranger to the children of my mother.
Zeal for your house consumes me,
and taunts against you fall on me.

But I pray to you, O Lord,
for a time of your favour.
In your great mercy, answer me, O God,
with your salvation that never fails.
Lord, answer, for your mercy is kind;
in your great compassion, turn towards me.

The poor when they see it will be glad,
and God-seeking hearts will revive;
for the Lord listens to the needy,
and does not spurn his own in their chains.
Let the heavens and the earth give him praise,
the seas and everything that moves in them.",https://firestore.googleapis.com/v1/projects/catholic-missal/databases/(default)/documents/NigeriaReading,live Nigerian daily corpus,458507cfcc68de1180f29916554aec298881040d0a372ea60b05fb4ff3b89ea8,87c7318c451c96b9a51e04c2d399ff0a72937a148d587c2b1d66bdea53988ec0,1
nigeria_365_firestore,ng:2026-06-22:responsorial-psalm:1,NG,,2026-06-22,resolved-day,,,,"ps60:3,4-5,12-14","With your right hand, Lord, grant salvation, and give answer.","O God, you have rejected us, and broken us.
You have been angry; come back to us.

You have made the earth quake, torn it open.
Repair what is shattered, for it sways.
You have inflicted hardships on your people,
made us drink a wine that dazed us.

Have you, O God, rejected us?
Will you march with our armies no longer?
Give us help against the foe,
for human help is vain.
With God, we shall do bravely,
and he will trample down our foes.",https://firestore.googleapis.com/v1/projects/catholic-missal/databases/(default)/documents/NigeriaReading,live Nigerian daily corpus,b43351176a94ee1bfab3c6a36fc314ba05b3041e93a8a6964493bb0aca5b6390,54b7c5b570888643a077276552914b17fa7190dbdb8c46f1565780b0a5ade043,1
nigeria_365_firestore,ng:2026-06-23:responsorial-psalm:1,NG,,2026-06-23,resolved-day,,,,"ps48:2-3ab,3cd-4,10-11",God establishes his city forever.,"Great is the Lord and highly to be praised
in the city of our God.
His holy mountain rises in beauty,
the joy of all the earth.

Mount Sion, in the heart of the North,
the city of the Mighty King!
God, in the midst of its citadels,
has shown himself its stronghold.

Your merciful love, O God,
we ponder in your temple.
Your praise, O God, like your name,
reaches the ends of the earth.
Your right hand is filled with saving justice.",https://firestore.googleapis.com/v1/projects/catholic-missal/databases/(default)/documents/NigeriaReading,live Nigerian daily corpus,68778e9ecd50497c7d7b849573c8464862a0b1086b33c8ecf6fb0d4b047aa6a0,b874d791958d1b977a4f974c427c1976050b46f524b5560d2133bb0ccf77aa9a,1
nigeria_365_firestore,ng:2026-06-24:responsorial-psalm:1,NG,,2026-06-24,resolved-day,,,,"ps139:1-3,13-14,15",I thank you who wonderfully made me.,"O Lord, you search me and you know me.
You yourself know my resting and my rising;
you discern my thoughts from afar.
You mark when I walk or lie down;
you know all my ways through and through.

For it was you who formed my inmost being,
knit me together in my mother’s womb.
I thank you who wonderfully made me;
how wonderful are your works,
which my soul knows well!

My frame was not hidden from you,
when I was being fashioned in secret
and moulded in the depths of the earth.",https://firestore.googleapis.com/v1/projects/catholic-missal/databases/(default)/documents/NigeriaReading,live Nigerian daily corpus,9bfededbba8df0d454447ea520ff1d87b886aa3fc52232ef50f32ebf99610f91,32a375ddab07dc14442726c25331789a7b572efc1b8c596c5f2cf7b0bdcc3bb5,1
nigeria_365_firestore,ng:2026-06-25:responsorial-psalm:1,NG,,2026-06-25,resolved-day,,,,"ps79:1-2,3-5,8,9","For the sake of the glory of your name, free us, O Lord.","O God, the nations have invaded your heritage;
They have profaned your holy temple.
They have made Jerusalem a heap of ruins.
They have handed over the bodies of your servants
As food to feed the birds of heaven,
and the flesh of your faithful to the beasts of the earth.

they have poured out their blood like water round Jerusalem;
no one is left to bury the dead.
We have become the taunt of our neighbours,
The mockery and scorn of those around us.
How long, O Lord? Will you be angry forever?
Will your jealous anger burn like fire?

Do not remember against us
The guilt of former times.
Let your compassion hasten to meet us;
For we have been brought very low.

Help us, O God our savior,
For the sake of the glory of your name.
Free us and forgive us our sins,
Because of your name.",https://firestore.googleapis.com/v1/projects/catholic-missal/databases/(default)/documents/NigeriaReading,live Nigerian daily corpus,c7cc0074da5412448cff5462f9f54ded366f7e41993261b3215db12a4611e2be,526031247c8fc9687f76af47e400b5f5f74c90f70951a7d8dabf02d8878f6aff,1
nigeria_365_firestore,ng:2026-06-26:responsorial-psalm:1,NG,,2026-06-26,resolved-day,,,,"ps137:1-2,3,4-5,6",O let my tongue cleave to my palate if I remember you not!,"By the rivers of Babylon
There we sat and wept,
Remembering Sion;
On the poplars that grew there
We hung up our harps.

For it was there that they asked us,
Our captors, for songs,
Our oppressors, for joy.
“Sing to us,” they said,
“one of Sion’s songs.”.

O how could we sing
The song of the Lord
On foreign soil?
If I forget you, Jerusalem,
Let my right hand wither!

O let my tongue
Cleave to my plate
If I remember you not,
If I prize not Jerusalem
As the first of my joys!",https://firestore.googleapis.com/v1/projects/catholic-missal/databases/(default)/documents/NigeriaReading,live Nigerian daily corpus,faf1db23cece76df23cc2b402d238237a55160df1f56286853bcaf5a148594b8,944f4a105025ceebd1d0d8bc29ea673a8581c7ceaa61b810ead2f9a734c3c948,1
nigeria_365_firestore,ng:2026-06-27:responsorial-psalm:1,NG,,2026-06-27,resolved-day,,,,"ps74:1-2,3-4,5-7,20-21",Do not forget the life of your poor ones forever.,"Why, O God, have you cast us off forever?
Why does your anger blaze at the sheep of your pasture?
Remember your flock which you claimed long ago,
the tribe you redeemed to be your own possession,
this mountain of Sion where you made your dwelling.

Turn your steps to these places that are utterly ruined!
The enemy has laid waste the whole of the holy place.
Your foes have made uproar in the midst of your assembly;
they have set up their emblems as tokens there.

They have wielded their axes on high,
as at the entrance to a grove of trees.
They have broken down all the carvings;
they have struck together with hatchet and pickaxe. O God,
they have set your holy place on fire;
they have razed and profaned the abode of your name.

Look to the covenant; each cave in the land is
a place where violence makes its home.
Do not let the oppressed be put to shame;
let the poor and the needy bless your name.",https://firestore.googleapis.com/v1/projects/catholic-missal/databases/(default)/documents/NigeriaReading,live Nigerian daily corpus,31d49a1af1231b0544f38764c46b47bc4312e3c5a60f1de5e865d077500f9163,864b6927cced7ce4edb3e6f6542e664cd4f4f1532013bb30bd47d3c8fd24cc87,1
nigeria_365_firestore,ng:2026-06-28:responsorial-psalm:1,NG,,2026-06-28,resolved-day,,,,"ps89:2-3,16-17,18-19","I will sing forever of your mercies, O Lord.","I will sing forever of your mercies, O Lord;
through all ages my mouth will proclaim your fidelity.
I have declared your mercy is established forever;
your fidelity stands firm as the heavens.

How blessed the people who know your praise,
who walk, O Lord, in the light of your face,
who find their joy every day in your name,
 who make your justice their joyful acclaim.

For you are the glory of their strength;
By your favour it is that our might is exalted.
Behold, the Lord is our shield;
He is the Holy One of Israel, our king.",https://firestore.googleapis.com/v1/projects/catholic-missal/databases/(default)/documents/NigeriaReading,live Nigerian daily corpus,c4dd7b7bb55a22c46bf8374c35b05919fc028d24ebcc428cfcd47e44cfe6a615,771a4f8f3b700384b985be1a7ff70ebf00e3c59f0b6da6a08909f54fcbbe9dfa,1
nigeria_365_firestore,ng:2026-06-28:responsorial-psalm:2,NG,,2026-06-28,resolved-day,,,,"ps19:2-3,4-5",Their sound goes forth through all the earth.,"The heavens declare the glory of God,
and the firmament proclaims the work of his hands.
Day unto day conveys the message
and night unto night imparts the knowledge.

No speech, no word, whose voice goes unheeded;
their sound goes forth through all the earth,
their message to the utmost bounds of the world.",https://firestore.googleapis.com/v1/projects/catholic-missal/databases/(default)/documents/NigeriaReading,live Nigerian daily corpus,3f0901bfcabe7d9564f52ab0af468fd7d4d445ec22d9e2b7297e1b288d36085b,ea59f1114bcdd32e808fb7428431135e9ed5d4de2d3f9eae09aa940ab1476be5,2
nigeria_365_firestore,ng:2026-06-29:responsorial-psalm:1,NG,,2026-06-29,resolved-day,,,,"ps34:2-3,4-5,6-7,8-9","From all my terrors, the Lord set me free.","I will bless the Lord at all times,
praise of him is always in my mouth.
In the Lord my soul shall make its boast;
the humble shall hear and be glad.

Glorify the Lord with me;
together let us praise his name.
I sought the Lord, and he answered me;
from all my terrors he set me free.

Look towards him and be radiant;
let your faces not be abashed.
This lowly one called; the Lord heard,
and rescued him from all his distress.

The angel of the Lord is encamped
around those who fear him, to rescue them.
Taste and see that the Lord is good. ,
Blessed the man who seeks refuge in him.",https://firestore.googleapis.com/v1/projects/catholic-missal/databases/(default)/documents/NigeriaReading,live Nigerian daily corpus,2bb34961ed364f3f01e783792c703857a7d685ddbc1cf199c3fcc00efe05ab63,521ec544d9bc31789923cbc6680a3babad3a86c5d68297f583b4cca3aad44ece,1
nigeria_365_firestore,ng:2026-06-30:responsorial-psalm:1,NG,,2026-06-30,resolved-day,,,,"ps5:5-6,7,8","Lead me, Lord, in your justice.","You are no God who delights in evil;
No sinner is your guest.
The boastful shall not stand their ground
Before your eyes.

All who do evil you despise;
All who lie you destroy.
The deceitful and those who shed blood,
The Lord detests.

Yet through the greatness of your merciful love,
I enter your house.
I bow down before your holy temple,
In awe of you.",https://firestore.googleapis.com/v1/projects/catholic-missal/databases/(default)/documents/NigeriaReading,live Nigerian daily corpus,9df50f3b29d9a1f98b64ddc5c6c24fc41d781323c6a910c60954f5c37ed76832,38224a806a077adc640ad79eb9cc79adb5a234b6051d52416beeb78dcd9659de,1
nigeria_365_firestore,ng:2026-07-01:responsorial-psalm:1,NG,,2026-07-01,resolved-day,,,,"ps50:7,8-9,10-11,12-13,16bc-17","To one whose way is blameless, I will show the salvation of God.","“Listen, my people, I will speak;
Israel, I will testify against you,
for I am God, your God.”

“I do not rebuke you for your sacrifices;
your offerings are always before me.
I do not take more bullocks from your farms,
nor goats from among your herds.”

“For I own all the beasts of the forest,
beasts in their thousands on my hills.
I know all the birds on the mountains;
all that moves in the field belongs to me.”

“Were I hungry, I would not tell you,
for the world and its fullness is mine.
Do I eat the flesh of bulls,
or drink the blood of goats?”

“How can you recite my commandments,
and take my covenant on your lips,
you who despise correction,
and cast my words behind you?”",https://firestore.googleapis.com/v1/projects/catholic-missal/databases/(default)/documents/NigeriaReading,live Nigerian daily corpus,db1a8136003250a11f5370c6f8a81d4dfb500f73a291b225b567ac85001749ec,f31798eaf2c344810c0d3f7e6217c10d65b9cc1303f2b642124ba7ca596ef851,1
nigeria_365_firestore,ng:2026-07-02:responsorial-psalm:1,NG,,2026-07-02,resolved-day,,,,"ps19:8,9,10,11","The judgements of the Lord are true, they are, all of them, just.","The law of the Lord is perfect; it revives the soul.
The decrees of the Lord are steadfast;
they give wisdom to the simple.

The precepts of the Lord are right;
they gladden the heart.
The command of the Lord is clear;
it gives light to the eyes.

The fear of the Lord is pure, abiding forever.
The judgements of the Lord are true;
they are, all of them, just.

They are more to be desired than gold,
than quantities of gold.
And sweeter are they than honey,
than honey flowing from the comb.",https://firestore.googleapis.com/v1/projects/catholic-missal/databases/(default)/documents/NigeriaReading,live Nigerian daily corpus,31db202ae932da3b2b4c6696a9a8fb76150a672a226d2e2cd43846890f5dedb5,3e65e0e4848f1a454b3aa511ed5fbd60a4e0d356dbb097a87968f94b185516b2,1
nigeria_365_firestore,ng:2026-07-03:responsorial-psalm:1,NG,,2026-07-03,resolved-day,,,,"ps117:1,2",Go into all the world and preach the Gospel.,"O praise the Lord, all you nations;
acclaim him, all you peoples!

For his merciful love has prevailed over us;
and the Lord’s faithfulness endures for ever.",https://firestore.googleapis.com/v1/projects/catholic-missal/databases/(default)/documents/NigeriaReading,live Nigerian daily corpus,a1bb29daf1107f72442a39c961f38eae17f8be2d3015bf2fbfad6c6cbf0a4a2f,e00d3a4c612f1044d561aeb96b993400a1909d2f8740bb5c6e8a12e29ac37be2,1
nigeria_365_firestore,ng:2026-07-04:responsorial-psalm:1,NG,,2026-07-04,resolved-day,,,,"ps85:9,11-12,13-14",The Lord speaks of peace for his people.,"I will hear what the LORD God speaks;
he speaks of peace for his people and his faithful,
and those who turn their hearts to him.

Merciful love and faithfulness have met;
justice and peace have kissed.
Faithfulness shall spring from the earth,
and justice look down from heaven.

Also the Lord will bestow his bounty,
and our earth shall yield its increase.
Justice will march before him,
and guide his steps on the way.",https://firestore.googleapis.com/v1/projects/catholic-missal/databases/(default)/documents/NigeriaReading,live Nigerian daily corpus,15eb112c7826f6007bd0b9fad1fe9a1cf91a0e574fb6daac1e83f4d4be7bddd2,9c85277211c8cd9a17e43e30ebf5d1bc95cfeb6440ded4f8c1bb9cdefdc8aa8e,1
nigeria_365_firestore,ng:2026-07-05:responsorial-psalm:1,NG,,2026-07-05,resolved-day,,,,"ps145:1-2,8-9,10-11,13cd-14","I will bless your name forever, my king and my God.","Or: Alleluia.

I will extol you, my God and king,
and bless your name forever and ever.
I will bless you day after day,
And praise your name forever and ever.

All your works shall thank you, O Lord,
and all your faithful ones bless you.
They shall speak of the glory of your reign,
and declare your mighty deeds.

Or: Alleluia.

The Lord is faithful in all his words,
The holy in all his deeds.
The Lord supports all who fall,
and raises up all who are bowed down.",https://firestore.googleapis.com/v1/projects/catholic-missal/databases/(default)/documents/NigeriaReading,live Nigerian daily corpus,54a45ed358cf0a4f12d8e7eb547fb22770c5ff195692a7d6261542a2f175eab7,4f8ad73adcda59873cc2d84a8ceed1be97a7e2c0ba240e521a47d69762cb8485,1
nigeria_365_firestore,ng:2026-07-06:responsorial-psalm:1,NG,,2026-07-06,resolved-day,,,,"ps145:2-3,4-5,6-7,8-9",The Lord is kind and full of compassion.,"I will bless you day after day,
and praise your name forever and ever.
The Lord is great and highly to be praised;
his greatness cannot be measured.

Age to age shall proclaim your works,
shall declare your mighty deeds.
They will tell of your great glory and splendour,
and recount your wonderful works.

They will speak of your awesome deeds,
recount your greatness and might.
They will recall your abundant goodness,
and sing of your just deeds with joy.

The Lord is kind and full of compassion,
slow to anger, abounding in mercy.
How good is the Lord to all,
 compassionate to all his creatures.",https://firestore.googleapis.com/v1/projects/catholic-missal/databases/(default)/documents/NigeriaReading,live Nigerian daily corpus,d86dc2bab6166bc3e6bc212371af92535c20580acb1f7dc86e6b8a5009ec3f82,6abb8b19449fc205fd424ee0ab6dea4ddddd6d9add4eae4c3b8ca64e12f6e1a3,1
nigeria_365_firestore,ng:2026-07-07:responsorial-psalm:1,NG,,2026-07-07,resolved-day,,,,"ps115:3-4,5-6,7ab,8,9-10","House of Israel, trust in the Lord.","Or: Alleluia.

But our God is in the heavens;
he does whatever he wills.
Their idols are silver and gold,
the work of human hands.

They have mouths but they cannot speak;
they have eyes but they cannot see.
They have ears but they cannot hear;
they have nostrils but they cannot smell.

Or: Alleluia.

They have hands but they cannot feel;
they have feet but they cannot walk.
Their makers will come to be like them,
as will all who trust in them.

House of Israel, trust in the Lord;
he is their help and their shield.
House of Aaron, trust in the Lord;
he is their help and their shield.

ALLELUIA.
Alleluia. I am the good shepherd, says the Lord; I know my own and my own knows me. Alleluia.",https://firestore.googleapis.com/v1/projects/catholic-missal/databases/(default)/documents/NigeriaReading,live Nigerian daily corpus,78b3dccfb45acede08f1b8052fdb3cd13f285da52da84b5eda564655e874d979,5df1048e473fd85f7ab2d6a6cfaba1cfe3adda1c1f5f59b58f2d40994a5b855f,1
nigeria_365_firestore,ng:2026-07-08:responsorial-psalm:1,NG,,2026-07-08,resolved-day,,,,"ps105:2-3,4-5,6-7",Constantly seek the Lord’s face.,"Or: Alleluia.

O sing to him, sing his praise;
tell all his wonderful works!
Glory in his holy name;
let the hearts that seek the Lord rejoice.

Turn to the Lord and his strength;
constantly seek his face.
Remember the wonders he has done;
his marvels and his words of judgment.

Or: Alleluia.

O children of Abraham, his servant,
O descendants of the Jacob he chose,
he, the Lord, is our God;
his judgements are in all the earth.",https://firestore.googleapis.com/v1/projects/catholic-missal/databases/(default)/documents/NigeriaReading,live Nigerian daily corpus,69af4830377cb830bd5be8be73b57ce6d943da6806d790447f73b854386704e4,fdfa12deed50471a7b5842a2d1ce934229658570a48b3d25a303af2b2da37636,1
nigeria_365_firestore,ng:2026-07-09:responsorial-psalm:1,NG,,2026-07-09,resolved-day,,,,"ps80:2ac,3b,15-16","Let your face shine on us, Lord, and we shall be saved.","O shepherd of Israel, hear us,
enthroned on the cherubim, shine forth.
Rouse up your might and come to save us.

God of hosts, turn again, we implore;
look down from heaven and see.
Visit this vine and protect it,
the vine your right hand has planted,
the son of man you have claimed for yourself.",https://firestore.googleapis.com/v1/projects/catholic-missal/databases/(default)/documents/NigeriaReading,live Nigerian daily corpus,9dfeea091fbbd254ab161adf6eba0c6ddfda0a33d3b1010a3a78dd5a2af936cb,1c14794147892dc71b66a5ce1a22145cba278a4c13c05320456419601a540196,1
nigeria_365_firestore,ng:2026-07-10:responsorial-psalm:1,NG,,2026-07-10,resolved-day,,,,"ps51:3-4,8-9,12-13,14,17",My mouth shall proclaim your praise.,"Have mercy on me, O God,
according to your merciful love;
according to your great compassion,
blot out my transgressions.
Wash me completely from my iniquity,
and cleanse me from my sin.

Yes, you delight in sincerity of heart;
in secret you teach me wisdom.
Cleanse me with hyssop, and I shall be pure;
wash me, and I shall be whiter than snow.

Create a pure heart for me, O God;
renew a steadfast spirit within me.
Do not cast me away from your presence;
take not your holy spirit from me.

Restore in me the joy of your salvation;
sustain in me a willing spirit.
O Lord, open my lips
And my mouth shall proclaim your praise.",https://firestore.googleapis.com/v1/projects/catholic-missal/databases/(default)/documents/NigeriaReading,live Nigerian daily corpus,337691ef1db35c854521221c05ad6f8d549a10ed15094846c8e30079e7731b8c,00a8bd92c8883889ec4d8d9cee500124412d3c952f1ef6489611c5138530c338,1
nigeria_365_firestore,ng:2026-07-11:responsorial-psalm:1,NG,,2026-07-11,resolved-day,,,,"ps93:1abc,1d-2,5","The Lord is king, with majesty enrobed.","The Lord is king, with majesty enrobed.
The Lord has robed himself with might,
he has girded himself with power.

The world you made firm, not to be moved;
your throne has stood firm from of old.
From all eternity, O Lord, you are.

Truly your decrees are to be trusted.
Holiness is fitting to your house,
O Lord, until the end of time.",https://firestore.googleapis.com/v1/projects/catholic-missal/databases/(default)/documents/NigeriaReading,live Nigerian daily corpus,079677160d238ed0f1da388bcb18ea6943f6ee037014cfe4c87c2cd46575317f,9ed2c866d0bdc897e4af8ba697cd6dce3083bbfa7af7bc2ba77d9d893bdd7bc5,1
nigeria_365_firestore,ng:2026-07-12:responsorial-psalm:1,NG,,2026-07-12,resolved-day,,,,"ps65:9abcd,9e-10,11-12,13",The seed that fell into good soil yielded a hundredfold.,"You visit the earth, give it water;
You fill it with riches.
God’s ever-flowing river brims over
to prepare the grain.

And thus you provide for the earth:
you drench its furrows;
you level it, soften it with showers;
you bless its growth.

You crown they ear with your bounty.
 Abundance flows in your pathways;
in pastures of the desert it flows.

The hills are girded with joy.
The meadows clothed with flocks.
The valleys are decked with wheat.
They shout for joy; yes, they sing!",https://firestore.googleapis.com/v1/projects/catholic-missal/databases/(default)/documents/NigeriaReading,live Nigerian daily corpus,105bfd5ef4f3b1b942ea24adeb3bf5a367b4e974359c902d53ee2d1c4a361b87,e92c824edaad67cb447e66d1fa5641bac6398d1f4e7febe8bfc8dd0a78b9b83e,1
nigeria_365_firestore,ng:2026-07-13:responsorial-psalm:1,NG,,2026-07-13,resolved-day,,,,"ps50:8-9,16bc-17,21,23","To one whose way is blameless, I will show the salvation of God.","“I do not rebuke you for your sacrifices;
your offerings are always before me.
I do not take more bullocks from your farms,
nor goats from among your herds.”

“How can you recite my commandments,
and take my covenant on your lips,
you who despise correction,
and cast my words behind you.”

“You do this, and should I keep silence?
Do you think that I am like you?
I accuse you, lay the charge before you.
A sacrifice of praise gives me honour,
and to one whom way is blameless,
I will show the salvation of God.”",https://firestore.googleapis.com/v1/projects/catholic-missal/databases/(default)/documents/NigeriaReading,live Nigerian daily corpus,73dd4d65acfb8182d7722ed5a35a514ee7eeb44703c933be88e7a8110fbdde97,4b39a2bdd3bb59f1518aa87c8db3dee7471f1e1272c984b136663d07e6845d1f,1
nigeria_365_firestore,ng:2026-07-14:responsorial-psalm:1,NG,,2026-07-14,resolved-day,,,,"ps48:2-3ab,3c-4,5-6,7-8",God establishes his city forever.,"Great is the Lord and highly to be praised
in the city of our God.
His holy mountain rises in beauty,
the joy of all the earth.

Mount Sion, in the heart of the North,
the city of the Mighty King!
God, in the midst of its citadels,
has shown himself its stronghold.

Behold! the kings assembled;
together they advanced.
They saw; at once they marvelled;
dismayed, they fled in fear.

A trembling seized them there,
anguish, like pangs in giving birth,
as when the east wind  shatters
the  ships of Tarshish.",https://firestore.googleapis.com/v1/projects/catholic-missal/databases/(default)/documents/NigeriaReading,live Nigerian daily corpus,865ccb64e0d91466c069c27564e06ffa8d6ce8209efc9e94ffb9ad73db3e0665,99003c3e8e4a13327070d10cc91a157a2e4fa1d500947df66445ab77274310fe,1
nigeria_365_firestore,ng:2026-07-15:responsorial-psalm:1,NG,,2026-07-15,resolved-day,,,,"ps94:5-6,7-8,9-10,14-15",The Lord will not abandon his people.,"They crush your people, Lord;
and they humble your inheritance.
They kill the widow and the stranger,
and murder the fatherless child.

And they say, “The Lord does not see;
the God of Jacob pays no heed.
Mark this, you senseless people;
fools, when will you understand?

Can he who planted the ear not hear?
Can he who formed the eye not see?
Will he who trains the nations not punish?
Will he who teaches man not have knowledge?

The Lord will not abandon his people,
nor forsake those who are his heritage;
for judgement shall again be just,
and all true hearts shall uphold it.",https://firestore.googleapis.com/v1/projects/catholic-missal/databases/(default)/documents/NigeriaReading,live Nigerian daily corpus,2dc1edcc131625bed4df253235d6b08d92e4c6f41ba178393dbd739f62335280,c6da847f24f4cde0e8768dfe479397e13be44cf3195d7fd419a20bb0c935e31e,1
nigeria_365_firestore,ng:2026-07-16:responsorial-psalm:1,NG,,2026-07-16,resolved-day,,,,"ps102:13-14ab,15,16-18,19-21",The Lord looked down from heaven to the earth.,"But you, O Lord, are enthroned forever,
and your renown is from age to age.
You will arise and take pity on Sion,.
for this is the time, to have mercy.
Behold, your servants love her very stones,
are moved to pity for her dust.

The nations shall fear the name of the Lord,
and all the earth’s kings your glory.
When the Lord shall build up Sion,
he will appear in all his glory.
Then he will turn to the prayers of the helpless;
he will not despise their prayers.

Let this be written for ages to come,
that a people yet unborn may praise the Lord;
the Lord looked down from his holy place on high,
looked down from heaven to the earth,
to hear the groans of the prisoners,
and free those condemned to die.",https://firestore.googleapis.com/v1/projects/catholic-missal/databases/(default)/documents/NigeriaReading,live Nigerian daily corpus,d964fa7c8a33fdfecdbc29a14946625f031d343b744987b06e78af6ac771fab6,56a9674a699aedefd066f3268e743dd45a43a4b7ab61b98f799048a5dd044ee8,1
nigeria_365_firestore,ng:2026-07-17:responsorial-psalm:1,NG,,2026-07-17,resolved-day,,,,"isa38:10,11,12abcd,16","O Lord, you have snatched my soul lest it perish.","I said, In the noontide of my days
I must depart;
I am consigned to the gates of Sheol
for the rest of my years.

I said, I shall not see the Lord
in the land of the living;
I shall look upon man no more
among the inhabitants of the world.

My dwelling is plucked up and removed from me
Like a shepherd’s tent;
Like a weaver I have rolled up my life;
He cuts me off from the loom.

O Lord, by these things men live,
And in all these is the life of my spirit.
Oh, restore me to health and make me live!",https://firestore.googleapis.com/v1/projects/catholic-missal/databases/(default)/documents/NigeriaReading,live Nigerian daily corpus,ec5756763c80f24c3e89ae1ef5169efa902fd8358d9eae47c1f85007a711459e,1f8c9ab8507849e1ad8ebed5db81693a476bf91e8b5529cc0405c36bf45e606d,1
nigeria_365_firestore,ng:2026-07-18:responsorial-psalm:1,NG,,2026-07-18,resolved-day,,,,"ps10:1-2,3-4a,7-8b,14","Do not forget the poor, O Lord!","O Lord, why do you stand afar off,
and hide yourself in times of distress?
The poor are devoured by the pride of the wicked;
they are caught in the schemes that others have made.

For the wicked boasts of his soul’s desires;
the covetous blasphemes and spurns the Lord.
The wicked says in his pride, “God will not punish.
There is no God.” Such are his thoughts.

His mouth is full of cursing, guile, oppression;
under his tongue are deceit and evil.
He sits in ambush in the villages;
in hidden places, he murders the innocent.

But you have seen the trouble and sorrow.
You note it; you take it in your hands.
The helpless one relies on you,
for you are the helper of the orphan.",https://firestore.googleapis.com/v1/projects/catholic-missal/databases/(default)/documents/NigeriaReading,live Nigerian daily corpus,ab76a41e1aa62272f4df5ba6bfd68ba3d54bcff5c0898650a570d1f2539349c3,05f21619c56b68dc8a85dd0060ee9533aa923a18c3d33fe77c7ea6c9c66872e2,1
nigeria_365_firestore,ng:2026-07-19:responsorial-psalm:1,NG,,2026-07-19,resolved-day,,,,"ps86:5-6,9-10,15-16a","O Lord, you are good and forgiving.","O Lord, you are good and forgiving,
full of mercy to all who call to you.
Give ear, O Lord, to my prayer,
And attend to my voice in supplication.

All the nations you have made shall come;
they will bow down before you,
O Lord, and glorify your name,
For you are great and do marvellous deeds,
you who alone are God.

But you, O God, are compassionate and gracious,
slow to anger, O Lord,
abundant in mercy and fidelity;
turn and take pity on me.",https://firestore.googleapis.com/v1/projects/catholic-missal/databases/(default)/documents/NigeriaReading,live Nigerian daily corpus,a27b9c9957776b291d1cd4f5f48965f4e4d01d250e8233327d45f05caf1e7719,45a9d629d24c98b7f26feda9482f25c8eac5c948b8b05e498b7ed3f7dd567076,1
nigeria_365_firestore,ng:2026-07-20:responsorial-psalm:1,NG,,2026-07-20,resolved-day,,,,"ps50:5-6,8-9,16bc-17,21,23","To one whose way is blameless, I will show the salvation of God.","“Gather my holy ones to me,
Who made covenant with me by sacrifice.”
The heavens proclaim his justice,
For he, God, is the judge.”

“I do not rebuke you for your sacrifices;
Your offerings are always before me.
I do not take more bullocks from your farms,
Nor goats from among your herds.”

“How can you recite my commandments,
And take my covenant on your lips,
You who despise correction,
And cast my words behind you?”

“You do this, and should I keep silence?
Do you think that I am like you?
I accuse you, lay the charge before you.
A sacrifice of praise gives me honour,
And to one whose way is blameless,
I will show the salvation of God.”",https://firestore.googleapis.com/v1/projects/catholic-missal/databases/(default)/documents/NigeriaReading,live Nigerian daily corpus,357b1ec9b2bc4a38f4f380c747c75c8e72bc099d1943bd149391fc39906e8dc5,8931af339f5ed59f8452e700cec01195b6c4d19f08874e749ec3376ed3e56a6b,1
nigeria_365_firestore,ng:2026-07-21:responsorial-psalm:1,NG,,2026-07-21,resolved-day,,,,"ps85:2-4,5-6,7-8","Let us see, O Lord, your mercy.","O Lord, you have favoured your land,
and brought back the captives of Jacob.
You forgave the guilt of your people,
and covered all their sins.
You averted all your rage;
you turned back the heat of your anger. R/
.
Bring us back, O God, our saviour!
Put an end to your grievance against us.
Will you be angry with us forever?
Will your anger last from age to age?

Will you not restore again our life,
that your people may rejoice in you?
Let us see, O Lord, your mercy,
and grant us your salvation.",https://firestore.googleapis.com/v1/projects/catholic-missal/databases/(default)/documents/NigeriaReading,live Nigerian daily corpus,c93806849826e8e30b6ddd9c6b16f9d1edaec7ca71aa60e626cabf17cf83b71c,5d056e25c6f9e04c27af04b20fe7b99e4c825261e376696267e6ba654d897a7c,1
nigeria_365_firestore,ng:2026-07-22:responsorial-psalm:1,NG,,2026-07-22,resolved-day,,,,"ps63:2,2-4,5-6,8-9","For you my soul is thirsting, O Lord, my God.","O God, you are my God; at dawn I seek you;
For you my soul is thirsting.
For you my flesh is pining,
Like a dry, weary land without water.

I have come before you in the sanctuary,
To behold your strength and your glory.
Your loving mercy is better than life;
My lips will speak your praise.

I will bless you all my life;
In your name I will lift up my hands.
My soul shall be filled as with a banquet;
With joyful lips, my mouth shall praise you.

For you have been my strength;
In the shadow of your wings I rejoice.
My soul clings fast to you;
Your right hand upholds me.",https://firestore.googleapis.com/v1/projects/catholic-missal/databases/(default)/documents/NigeriaReading,live Nigerian daily corpus,7210e54bb0e59467f087ce278254e71c68070a5d00bd79c272d315897f9a370f,51f0247d6f1a9e9bd8599f8d158b0938e5fe5ae4ae0d7ff999720773bb6f0c33,1
nigeria_365_firestore,ng:2026-07-23:responsorial-psalm:1,NG,,2026-07-23,resolved-day,,,,"ps36:6-7ab,8-9,10-11","With you, O Lord, is the fountain of life.","Your mercy, Lord, reaches to heaven,
your truth to the clouds.
Your justice is like God’s mountains;
like the great deep, your judgements.

How precious is your mercy, O God!
The children of men seek shelter
in the shadow of your wings.
They feast on the riches of your house;
you give them drink from the stream of your delight.

For with you is the fountain of life,
and in your light we see light.
Maintain your mercy for those who know you,
your saving justice to upright hearts.",https://firestore.googleapis.com/v1/projects/catholic-missal/databases/(default)/documents/NigeriaReading,live Nigerian daily corpus,b5b2e1c7f6e6ac44ed73c3bdfc3fa0849da73d98f431454020aa974459abb33e,0fca4d65458ce91291669e1384d713e106312767eda1807cf86572b4bad8fb8e,1
nigeria_365_firestore,ng:2026-07-24:responsorial-psalm:1,NG,,2026-07-24,resolved-day,,,,"jer31:10,11-12ab,13","The Lord will keep us, as a shepherd keeps his flock.","Hear the word of the LORD,
O nations, and declare it in
the islands afar off;
say, “He who scattered
Israel will gather him,
and will keep him as a
shepherd keeps his flock.”

For the Lord has ransomed Jacob,
and has redeemed him from hands
too strong for him.
They shall come and sing aloud
on the height of Zion,
and they shall be radiant
over the goodness of the Lord.

Then shall the maidens
rejoice in the dance,
and the young men and
the old shall be merry.
I will turn their mourning into joy,
I will comfort them, and give
them gladness for sorrow.",https://firestore.googleapis.com/v1/projects/catholic-missal/databases/(default)/documents/NigeriaReading,live Nigerian daily corpus,23b6b0123e36a55fd3b250d0289338d7db7ed7eac5033d472c3fbe5fa08e2149,5d70dae5c673be2298e8d781e6a980bd4c43dfb3b05ccf06c6ec44b24bb26350,1
nigeria_365_firestore,ng:2026-07-25:responsorial-psalm:1,NG,,2026-07-25,resolved-day,,,,"ps126:1-2ab,2cd-3,4-5,6",Those who are sowing in tears will sing when they reap.,"When the Lord brought back the exiles of Sion,
we thought we were dreaming.
Then was our mouth filled with laughter;
on our tongues, songs of joy.

Then the nations themselves said,
“What great deeds the Lord worked for them!”
What great deeds the Lord worked for us!
Indeed, we were glad.

Bring back our exiles,
O Lord, as streams in the south.
Those who are sowing in tears
will sing when they reap.

They go out, they go out, full of tears,
bearing seed for the sowing;
they come back, they come back with a song,
bearing their sheaves.",https://firestore.googleapis.com/v1/projects/catholic-missal/databases/(default)/documents/NigeriaReading,live Nigerian daily corpus,e1f6d5be977a79b8567e396a904a708fb29ab76ad53b767e9d5c5f40729dd177,c0d8a849ddb4242cb92843c61479e53ec8e8cfec38fca9740d57bfd7fd368092,1
nigeria_365_firestore,ng:2026-07-26:responsorial-psalm:1,NG,,2026-07-26,resolved-day,,,,"ps119:57,72,76-77,127-128,129-130","O Lord, how I love your law.","I have said, “O Lord, my portion
is to obey your words.”
The law from your mouth means more to me
than large quantities of silver and gold.

Let your merciful love console me
by your promise to your servant.
Show me compassion, that I may live,
for your law is my delight.

That is why I love your commands
more than finest gold,
why I rule my life by your precepts,
and hate false ways.

Your decrees are wonderful indeed;
therefore my soul obeys them.
The unfolding of your word gives light,
and understanding to the simple.",https://firestore.googleapis.com/v1/projects/catholic-missal/databases/(default)/documents/NigeriaReading,live Nigerian daily corpus,dfe5994fc3e343dd3f3b97325c02b5a1429041d37abc05095efa139fae57ad17,5a8d859d5754773225a42e16b7358be189eea1c65b95b8f8acd79fac64af686a,1
nigeria_365_firestore,ng:2026-07-27:responsorial-psalm:1,NG,,2026-07-27,resolved-day,,,,"deuteronomy32:18-19,20,21",You forgot the God who gave you birth.,"You were unmindful of the Rock that begot you,
and you forgot the God who gave you birth.
The Lord saw it, and spurned them,
because of the provocation of his
sons and his daughters.

And he said, “I will hide my face from them,
I will see what their end will be,
for they are a perverse generation,
children in whom is no faithfulness.”

“They have stirred me to jealousy with what is no god;
they have provoked me with their idols.
So I will stir them to jealousy with those who are no people;
I will provoke them with a foolish nation.”",https://firestore.googleapis.com/v1/projects/catholic-missal/databases/(default)/documents/NigeriaReading,live Nigerian daily corpus,581dac2e1c691a41d3ec501599906bfd66eaca706f26bfdddeac474552839e31,c5654d03f5fb1fa61baf109157eaff4a70bda0541f8aeaaf20e694ef5d22b0c8,1
nigeria_365_firestore,ng:2026-07-28:responsorial-psalm:1,NG,,2026-07-28,resolved-day,,,,"ps79:8,9,11,13","For the sake of the glory of your name, free us, O Lord.","Do not remember against us
the guilt of former times.
Let your compassion hasten to meet us;
for we have been brought very low.

Help us, O God our saviour,
for the sake of the glory of your name.
Free us and forgive us our sins,
because of your name.

Let the groans of the
prisoners come before you,
your strong arm reprieve
those condemned to die.

Then we, your people,
the flock of your pasture,
will give you thanks forever and ever.
From age to age we will
recount your praise.",https://firestore.googleapis.com/v1/projects/catholic-missal/databases/(default)/documents/NigeriaReading,live Nigerian daily corpus,11e37c57546bb89bc65c95ee7aa60e8c6338349bbbae2d922bd3e6294b12b85a,727929b083be5c805b9cd72394aeaf9ac11f6a262cdb544b58855b2af92b8e42,1
nigeria_365_firestore,ng:2026-07-29:responsorial-psalm:1,NG,,2026-07-29,resolved-day,,,,"ps59:2-3,4,10-11,17,18",God is my refuge in the day of my distress.,"Rescue me from my foes, O God;
protect me from those who attack me.
O rescue me from those who do evil,
and save me from bloodthirsty men.

See, they lie in wait for my life;
the strong band together against me.
For no offence, no sin of mine, O Lord.

O my Strength, for you will I watch,
for you, O God, are my stronghold,
the God who shows me merciful love.
Now God will proceed before me,
God will let me look upon my foes.

As for me, I will sing of your strength,
and acclaim your mercy in the morning,
for you have been my stronghold,
a refuge in the day of my distress.

O my Strength, to you I will sing praise,
for you, O God, are my stronghold,
the God who shows me merciful love.",https://firestore.googleapis.com/v1/projects/catholic-missal/databases/(default)/documents/NigeriaReading,live Nigerian daily corpus,8ccefcc81f0a7ea112003cd1c804ac72076d7cf2bbacdc7782e5ba33083ad836,442b724882ffb7f914bf62eab7070ea89d35a255c4cff0048883a980725df11e,1
nigeria_365_firestore,ng:2026-07-30:responsorial-psalm:1,NG,,2026-07-30,resolved-day,,,,"ps146:1b-2,3-4,5-6ab",Blessed is he who is helped by Jacob’s God.,"Or:  Alleluia.

My soul, give praise to the Lord;
I will praise the Lord all my life,
sing praise to my God while I live.

Put no trust in princes,
in mortal man who cannot save.
Take their breath, they return to the earth,
and their plans that day come to nothing.

Or:  Alleluia.

Blessed is he who is helped by Jacob’s God;
whose hope is in the Lord his God,
who made the heavens and the earth,
the seas and all they contain.",https://firestore.googleapis.com/v1/projects/catholic-missal/databases/(default)/documents/NigeriaReading,live Nigerian daily corpus,54ca07ab591a31f484d353bf548af2ac42b81d9eb5316d9125c8cce1e4c36d67,90a56b1b28b4f032283e287441ecdc1a1b8524351d4621fb23ff7b6d72028c60,1
nigeria_365_firestore,ng:2026-07-31:responsorial-psalm:1,NG,,2026-07-31,resolved-day,,,,"ps69:5,8-10,14","In your great mercy, answer me, O Lord.","More numerous than the hairs on my head
are those who hate me without cause.
Many are those who attack we, enemies with lies.
What I have never stolen, how can I restore?

It is for you that I suffer taunts,
 that shame has covered my face.
To my own kin I have become an outcast,
a stranger to the children of my mother.
Zeal for your house consumes me,
and taunts against you fall on me.

But I pray to you, O Lord, for a time of your favour.
In your great mercy, answer me, O God,
with your salvation that never fails.",https://firestore.googleapis.com/v1/projects/catholic-missal/databases/(default)/documents/NigeriaReading,live Nigerian daily corpus,68e4d701c7f937feb327a1864d658d6cb0f449190cc3a14e21dc81a7271a2717,70aaf82b99b3647e2b67b90872c57a5563cb9b1d27ecaec867598cb13c8c7972,1
nigeria_365_firestore,ng:2026-08-01:responsorial-psalm:1,NG,,2026-08-01,resolved-day,,,,"ps69:15-16,30-31,33-34","At an acceptable time, O Lord, answer me.","Rescue me from sinking in the mud;
from those who hate me, deliver me.
Save me from the waters of the deep,
lest the waves overwhelm me.
Let not the deep engulf me,
nor the pit close its mouth on me.

As for me in my poverty and pain,
let your salvation, O God, raise me up.
Then I will praise God’s name with a song;
I will glorify him with thanksgiving.

The poor when they see it will be glad,
and God-seeking hearts will revive;
for the Lord listens to the needy,
and does not spurn his own in their chains.",https://firestore.googleapis.com/v1/projects/catholic-missal/databases/(default)/documents/NigeriaReading,live Nigerian daily corpus,20b61debff2f94e4d2a09b910ee7ff2b7b883d2ce3634915d325fd2cc9e0696a,04a2c9e4591bea0ea0832ae85af4eeae2b682545421669a9c106c328c8dba402,1
nigeria_365_firestore,ng:2026-08-02:responsorial-psalm:1,NG,,2026-08-02,resolved-day,,,,"ps145:8-9,15-16","You open your hand, Lord, and you satisfy us.","The Lord is kind and full of compassion,
slow to anger, abounding in mercy.
How good is the Lord to all,
compassionate to all his creatures.

The eyes of all look to you,
and you give them their food in due season.
You open your hand and satisfy
the desire of every living thing.",https://firestore.googleapis.com/v1/projects/catholic-missal/databases/(default)/documents/NigeriaReading,live Nigerian daily corpus,2250606fb894bb9c32af43fb68f80b9466764dbedabcb6fadf996493430233e4,34addc84efe409338142fd3c3ae4c3ac2a77f98074b668fa889d8a5f29d93488,1
nigeria_365_firestore,ng:2026-08-03:responsorial-psalm:1,NG,,2026-08-03,resolved-day,,,,"ps119:29,43,79,80,95,102","Teach me your statutes, O Lord.","Keep me from the way of falsehood;
grant me mercy by your law.

Never take the word of truth from my mouth,
for I hope in your decrees.

Let those who fear you turn to me,
that they may know your decrees.

Let my heart be blameless in your statutes,
that I may not be put to shame.

Though the wicked lie in wait to destroy me,
yet I ponder your decrees.

I have not turned away from your decrees;
you yourself have taught me.",https://firestore.googleapis.com/v1/projects/catholic-missal/databases/(default)/documents/NigeriaReading,live Nigerian daily corpus,430b4c9296e4fae16bb620371b89acb49015c4294a06a64c3c85c44e4e1e3906,77cf793c521e9964f077acc00e295a48e3255731fd780e64fed35b4f2229fce2,1
nigeria_365_firestore,ng:2026-08-04:responsorial-psalm:1,NG,,2026-08-04,resolved-day,,,,"ps102:16-18,19-21,22-23","The Lord shall build up Sion, He will appear in all his glory.","The nation shall fear the name of the Lord,
And all the earth’s kings your glory.
When the Lord shall build up Sion,
He will turn to the prayers of the helpless;
He will not despise their prayers.

Let this be written for ages to come,
that a people yet unborn may praise the Lord;
the Lord looked down from heaven to the earth,
to hear the groans of the prisoners,
and free those condemned to die.

The children of your servants shall dwell untroubled,
And their descendants established before you.
May the name of the Lord be proclaimed in Sion,
And his praise in Jerusalem,
When peoples and kingdoms are gathered as one
To offer their worship to the Lord.",https://firestore.googleapis.com/v1/projects/catholic-missal/databases/(default)/documents/NigeriaReading,live Nigerian daily corpus,a3cc4ccb00cf98c7afb6c44fa426010e4c823e28967cba16f015fb0f00c988bf,cef6f9396b435842ecdaecc024b0e63d25dfae82cfc6c1162fe6cfcfe8280977,1
nigeria_365_firestore,ng:2026-08-05:responsorial-psalm:1,NG,,2026-08-05,resolved-day,,,,"jer31:10,11-12ab,13","The Lord will keep us, as a shepherd keeps his flock.","Hear the word of the Lord, O nations,
and declare it in the islands afar off;
say, “He who scattered Israel will gather him,
and will keep him as a shepherd keeps his flock.”

For the Lord has ransomed Jacob,
and has redeemed him from hands too strong for him.
They shall come and sing aloud on the height of Sion,
and they shall be radiant over the goodness of the Lord.

Then shall the maidens rejoice in the dance,
and the young men and the old shall be merry
I will turn their mourning into joy,
I will comfort them, and give them gladness for sorrow.",https://firestore.googleapis.com/v1/projects/catholic-missal/databases/(default)/documents/NigeriaReading,live Nigerian daily corpus,9b3f995b135445e57e4fda1833e7743fd6b18fbf1dc0264e319266d933f2fab9,9ebf6ec8e31641153847773141c22134a39e2505c4d77d03417456971edcd8b6,1
nigeria_365_firestore,ng:2026-08-06:responsorial-psalm:1,NG,,2026-08-06,resolved-day,,,,"ps97:1-2,5-6,9","The Lord is king, the most high above all the earth.","The Lord is king, let earth rejoice;
let the many islands be glad.
Cloud and darkness surround him;
Justice and right are the foundation of his throne.

The mountains melt like wax
Before the face of the Lord,
Before the face of the Lord of all the earth.
The skies proclaim his justice;
all peoples see his glory.

For you indeed are the Lord
most high above all the earth,
exalted far above all gods.",https://firestore.googleapis.com/v1/projects/catholic-missal/databases/(default)/documents/NigeriaReading,live Nigerian daily corpus,8b644a6463d6a6a67c3390c1c85a2de189b890c7bdb11a8ab833a578864c9e49,d823faa0cde9f790e4ed9eccc3af52f629216772fd573e9c522447bc056806eb,1
nigeria_365_firestore,ng:2026-08-07:responsorial-psalm:1,NG,,2026-08-07,resolved-day,,,,"deuteronomy32:35cd-36ab,39abcd,41",I kill and I make alive.,"For the day of their calamity is at hand,
and their doom comes swiftly.
For the Lord will vindicate his people
and have compassion on his servants.

“See now that I, even I, am he,
and there is no god beside me;
I kill and I make alive;
I wound and I heal.”

“If I sharpen my glittering sword,
and my hand takes hold on judgement,
I will take vengeance on my adversaries,
and Will repay those who hate me.”",https://firestore.googleapis.com/v1/projects/catholic-missal/databases/(default)/documents/NigeriaReading,live Nigerian daily corpus,8b36e70a728b25647bce84320781d7d5c4fc4cc577c8e3d0b016329f50e39cdd,e617914910381a28d3ec41bb5bd9c9cb49b3cc5008203ad4b7feeed5a2a3fc61,1
nigeria_365_firestore,ng:2026-08-08:responsorial-psalm:1,NG,,2026-08-08,resolved-day,,,,"ps9:8-9,10-11,12-13","You will not forsake those who seek you, O Lord.","The LORD sits enthroned forever;
he has set up his throne for judgement.
He will judge the world with justice;
he will govern the peoples with equity.

For the oppressed, the LORD Will be a stronghold,
a stronghold in times of distress.
Those who know your name will trust you;
you will not forsake those who seek you, O Lord.

Sing psalms to the Lord who dwells in Sion.
Tell his mighty works among the peoples,
for the Avenger of Blood has remembered them,
has not forgotten the cry of the poor.",https://firestore.googleapis.com/v1/projects/catholic-missal/databases/(default)/documents/NigeriaReading,live Nigerian daily corpus,e109242131b772333c875aea3d3eaefeb7a5131d1374b6a61764fcda834b1e33,72d8d1529d12105f0df81bcabe8e2e2ee5a101bfdc715b4d9750c830871b8f19,1
nigeria_365_firestore,ng:2026-08-09:responsorial-psalm:1,NG,,2026-08-09,resolved-day,,,,"ps85:8ab,9,10-11,12-13","Let us see, O Lord, your mercy, and grant us your salvation.","I will hear what the Lord God speaks;
he speaks of peace for his people and his faithful.
His salvation is near for those who fear him,
and his glory will dwell in our land.

Merciful love and faithfulness have met;
justice and peace have kissed.
Faithfulness shall spring from the earth,
and justice look down from heaven.

Also the Lord will bestow his bounty,
and our earth shall yield its increase.
Justice will march before him,
and guide his steps on the way.",https://firestore.googleapis.com/v1/projects/catholic-missal/databases/(default)/documents/NigeriaReading,live Nigerian daily corpus,602bdd3d00098bc5b4e19bd5e4a1f42714178a81bdcdb6981bf8967241b68ced,dea64d7865926e4aa079aee1119403b95f5b24bb9c14050afaf3c62ffa846b7f,1
nigeria_365_firestore,ng:2026-08-10:responsorial-psalm:1,NG,,2026-08-10,resolved-day,,,,"ps112:1b-2,5-6,7-8,9",It goes well for the man who deals generously and lends.,"Blessed the man who fears the Lord,
Who takes great delight in his commandments.
His descendants shall be powerful on earth;
the generation of the upright will be blest.

It goes well for the man who deals generously and lends,
who conducts his affairs with justice.
He will never be moved;
for ever shall the just be remembered.

He has no fear of evil news;
With a firm heart, he trusts in the Lord.
With a steadfast heart he will not fear;
he will see the downfall of his foes.

Open-handed, he gives to the poor;
his justice stands firm for ever.
His might shall be exalted in glory.",https://firestore.googleapis.com/v1/projects/catholic-missal/databases/(default)/documents/NigeriaReading,live Nigerian daily corpus,ed237a147b70abd63185f54a46359057e56f5307a3fc58d5da65a3c5fb970928,4ae8300a0f898a415889b8ee51dab6f4c28f71e666472f813edec499caf80931,1
nigeria_365_firestore,ng:2026-08-11:responsorial-psalm:1,NG,,2026-08-11,resolved-day,,,,"ps119:14,24,72,103,111,131","How sweet is your promise to my tongue, O Lord!","I rejoice in the way of your precepts,
as though all riches were mine.

See, your decrees are my delight;
your statutes are my counsellors.

The law from your mouth means more to me
than large quantities of silver and gold.

How sweet is your promise to my tongue,
more than honey in the mouth.

Your decrees are my heritage forever,
the joy of my heart.

I have opened my mouth and I sigh,
for I yearn for your commands.",https://firestore.googleapis.com/v1/projects/catholic-missal/databases/(default)/documents/NigeriaReading,live Nigerian daily corpus,7627a3c37c0f087a6b93c9aacb5ebbf359aba69a8b96c805819fb71fae9c4e71,67e2d931ef70c3f5ecec63b70d13af91c8e69b3f9137c90c424b028c177baae8,1
nigeria_365_firestore,ng:2026-08-12:responsorial-psalm:1,NG,,2026-08-12,resolved-day,,,,"ps113:1b-2,3-4,5-6",The glory of the Lord is above the heavens.,"Or:  Alleluia.

Praise, O servants of the Lord,
praise the name of the Lord!
May the name of the Lord be blest
both now and forevermore!

From the rising of the sun to its setting,
praised be the name of the Lord!
High above all nations is the Lord,
above the heavens his glory.

Or:  Alleluia.

Who is like the Lord;
our God, who dwells on high,
who lowers himself to look down
upon heaven and earth?",https://firestore.googleapis.com/v1/projects/catholic-missal/databases/(default)/documents/NigeriaReading,live Nigerian daily corpus,5c0c14ec7f8992e5ebd0f5085847ed2bf8c594e8e1bad29d0d8ae2dcc8e62e8a,66671a828c6251b90f2ba6e4676825d77a4fa39dbeec11c928182066b080b09a,1
nigeria_365_firestore,ng:2026-08-13:responsorial-psalm:1,NG,,2026-08-13,resolved-day,,,,"ps78:56-57,58-59,61-62",Never forget the deeds of the Lord!,"With defiance they tested God Most High;
they refused to obey his decrees.
They strayed, faithless like their fathers;
they betrayed him like a faulty bow.

They provoked God to wrath with their high places,
made him jealous with the idols they served.
God heard this and was filled with fury;
he utterly rejected Israel.

He gave his strength into captivity,
his splendour to the hands of the foe.
He gave up his people to the sword,
and showed his anger against his heritage.",https://firestore.googleapis.com/v1/projects/catholic-missal/databases/(default)/documents/NigeriaReading,live Nigerian daily corpus,91a454e11049ea53b3eb195257a136b6b000db8f29a7e3565b3b7c2c3eec93a4,f67bc3d9db8ae7085e75c49458b21c9eb48ecbcb29ace4dbfa43b567e5b142a2,1
nigeria_365_firestore,ng:2026-08-14:responsorial-psalm:1,NG,,2026-08-14,resolved-day,,,,"isa12:2-3,4bcde,5-6",Your anger turned away and you comforted me.,"“Behold God is my salvation,
I will trust, and will not be afraid;
for the Lord God is my strength and my song,
and he has become my salvation.”
With joy you will draw water from the wells of salvation.

“Give thanks to the Lord,
call upon his name;
make known his deeds among the nations
proclaim that his name is exalted.”

“Sing praises to the Lord, for he has done gloriously;
let this be known in all the earth.
Shout, and sing for joy, O inhabitant of Sion,
for great in your midst is the Holy One of Israel.”",https://firestore.googleapis.com/v1/projects/catholic-missal/databases/(default)/documents/NigeriaReading,live Nigerian daily corpus,4c5e46cab56ca9e7072ebbed290ac3c29bc07cb392c37a6c2f3e830cf4f92865,ddb0996cb9da1f8826304351a5d723de53dba769c42887c5800f9f00f4deb847,1
nigeria_365_firestore,ng:2026-08-14:responsorial-psalm:2,NG,,2026-08-14,resolved-day,,,,"ps132:6-7,9-10,13-14","Go up, Lord, to the place of your rest, you and the ark of your strength.","At Ephrata we heard of it;
we found it in the plains of Yearim.
Let us go to the place of his dwelling;
let us bow down at his footstool.

Your priests shall be clothed with justice;
your faithful shall ring out their joy.
For the sake of David your servant,
do not reject your anointed.

For the Lord has chosen Sion;
he has desired it for his dwelling:
This is my resting place from age to age;
here have I chosen to dwell.",https://firestore.googleapis.com/v1/projects/catholic-missal/databases/(default)/documents/NigeriaReading,live Nigerian daily corpus,6a7d49d3248e409d0c378ff4c552c87e67111b620770c09cee7c3bf220b29f6a,915e49175320f83f16096217ceec39dc8244964cd9068dc744ae0f7bd65fffe8,2
nigeria_365_firestore,ng:2026-08-15:responsorial-psalm:1,NG,,2026-08-15,resolved-day,,,,"ps45:10,11,12,16",On your right stands the queen in gold of Ophir.,"The daughters of kings are those whom you favour.
On your tight stands the queen in gold of Ophir.

Listen, O daughter; pay heed and give ear;
forget your own people and your father’s house.

So will the king desire your beauty.
He is your lord, pay homage to him.

They are escorted amid gladness and joy;
they pass within the palace of the king.",https://firestore.googleapis.com/v1/projects/catholic-missal/databases/(default)/documents/NigeriaReading,live Nigerian daily corpus,8a35ef849db3bf8f4903130768ca41e5f9fbcecd78f8f2584fb90871fcffb1f2,af66f358ee5dfb856879ed930c04b2d2353ee70f4f9d97f2bf791aa400503ce5,1
nigeria_365_firestore,ng:2026-08-16:responsorial-psalm:1,NG,,2026-08-16,resolved-day,,,,"ps67:2-3,5,6,8","Let the peoples praise you, O God; let all the peoples praise you!","O God, be gracious and bless us
And let your face shed its lights upon.
So will your ways be known upon earth
and all nations learn your salvation.

Let the nations be glad and shout for joy,
with uprightness you rule the peoples;
you guide the nations on earth.

Let the peoples praise you, O God;
let all the peoples praise you.
May God still give us his blessing
That all the ends of the earth may revere him.",https://firestore.googleapis.com/v1/projects/catholic-missal/databases/(default)/documents/NigeriaReading,live Nigerian daily corpus,87f4afb87ffa2f3f2b3b391e5e412d3489392f03f989c8775b5d491f466ce578,6be489db91d50dcdf0dc9d65508de40cf1a3aa47c8666f0668b0f1b0b4280d06,1
nigeria_365_firestore,ng:2026-08-17:responsorial-psalm:1,NG,,2026-08-17,resolved-day,,,,"deuteronomy32:18-19,20,21",You forgot God who gave you birth.,"You were unmindful of the Rock that begot you,
and you forgot the God who gave you birth.
The Lord saw it, and spurned them,
because of the provocation of his sons and his daughters.

And he said, “I will hide my face from them,
I will see what their end will be,
for they are a perverse generation,
children in whom is no faithfulness.”

“They have stirred me to jealousy with what is no god;
they have provoked me with their idols.
So I will stir them to jealousy with those who are no people;
I will provoke them with a foolish nation.”",https://firestore.googleapis.com/v1/projects/catholic-missal/databases/(default)/documents/NigeriaReading,live Nigerian daily corpus,46babc85818d4a64c733f629ca213f741bc7538460eb98f216319455ed5a5cdd,7be54171e4580a8a2ff0dee46a9ecb4d94cebf95dc399586ca458eb28dfcf6a2,1
nigeria_365_firestore,ng:2026-08-18:responsorial-psalm:1,NG,,2026-08-18,resolved-day,,,,"deuteronomy32:26-27ab,27cd-28,30,35cd-36ab",I kill and I make alive.,"“I would have said, ‘I will scatter them afar,
I will make the remembrance of them cease from among men,’
had I not feared provocation by the enemy,
lest their adversaries should judge amiss.”

“Lest they should say, ‘Our hand is triumphant,
the Lord has not wrought all this. ’
For they are a nation void of counsel,
and there is no understanding in them.”

“How should one chase a thousand,
and two put ten thousand to flight,
unless their Rock had sold them,
and the Lord had given them up?”

“For the day of their calamity is at hand,
and their doom comes swiftly.
For the Lord will vindicate his people
and have compassion on his servants.”",https://firestore.googleapis.com/v1/projects/catholic-missal/databases/(default)/documents/NigeriaReading,live Nigerian daily corpus,b855852933e4313a26490ebe2ee45ea2eacb17707d808cadff13acac53991497,0abaf8ad50ece40236a26c2354b2ee32ddb242101687d0a924e18667e0980063,1
nigeria_365_firestore,ng:2026-08-19:responsorial-psalm:1,NG,,2026-08-19,resolved-day,,,,"ps23:1-3a,3b-4,5,6",The Lord is my shepherd; there is nothing I shall want.,"The Lord is my shepherd;
there is nothing I shall want.
Fresh and green are the pastures
where he gives me repose.
Near restful waters he leads me;
he revives my soul.

He guides me along the right path,
for the sake of his name.
Though I should walk in the valley of the shadow of death,
no evil would I fear, for you are with me.
Your crook and your staff will give me comfort.

You have prepared a table before me
in the sight of my foes.
My head you have anointed with oil;
my cup is overflowing.

Surely goodness and mercy shall follow me
all the days of my life.
In the Lord’s own house shall I dwell
for length of days unending",https://firestore.googleapis.com/v1/projects/catholic-missal/databases/(default)/documents/NigeriaReading,live Nigerian daily corpus,e4810ffa2e212159c7aa95a341ee54d9e43e899a79c2a0668c1d1d75b92ec1a1,f9f4fbba27f1afc7cf0bc67ed00b51cdfaddf5b1e9035e77adb2aa2972909187,1
nigeria_365_firestore,ng:2026-08-20:responsorial-psalm:1,NG,,2026-08-20,resolved-day,,,,"ps51:12-13,14-15,18-19","I will sprinkle clean water on you, and you shall be clean from all your uncleannesses.","Create a pure heart for me, O God;
renew a steadfast spirit within me.
Do not cast me away from your presence;
take not your holy spirit from me.

Restore in me the joy of your salvation;
sustain in me a willing spirit.
I will teach transgressors your ways,
that sinners may return to you.

For in sacrifice you take no delight;
burnt offering from me would not please you.
My sacrifice to God, a broken spirit:
a broken and humbled heart, O God,
you will not spurn.",https://firestore.googleapis.com/v1/projects/catholic-missal/databases/(default)/documents/NigeriaReading,live Nigerian daily corpus,4d459b124b655faf1b25dd105dbd39aebc9d870f7f851335dd60d5989f49599c,a59cb5c624b4ce919d41fdadc90ca25f32d27f0a9888e58ca524a433ee0372bc,1
nigeria_365_firestore,ng:2026-08-21:responsorial-psalm:1,NG,,2026-08-21,resolved-day,,,,"ps107:2-3,4-5,6-7,8-9",O give thanks to the Lord for he is good; for his mercy endures forever!,"Or:  Alleluia.

Let the redeemed of the Lord say this,
those he redeemed from the hand of the foe,
and gathered from far-off lands,
from east and west, north and south.

They wandered in a barren desert,
finding no way to a city they could dwell in.
Hungry they were and thirsty;
their soul was fainting within them.

Or:  Alleluia.

Then they cried to the Lord in their need,
and he rescued them from their distress,
and he guided them along a straight path,
to reach a city they could dwell in.

Let them thank the Lord for his mercy,
his wonders for the children of men;
for he satisfies the thirsty soul,
and the hungry he fills with good things.",https://firestore.googleapis.com/v1/projects/catholic-missal/databases/(default)/documents/NigeriaReading,live Nigerian daily corpus,6cb84798e503b0f951635d8641fb5b50e2bffb69ce14c907f77761843d802b6c,3c534bee94844efe10bf645e07fe3654c03fbd08795cb8d2bea00da745024532,1
nigeria_365_firestore,ng:2026-08-22:responsorial-psalm:1,NG,,2026-08-22,resolved-day,,,,"ps85:9ab,10,11-12,13-14",The glory of the Lord will dwell in our land.,"I will hear what the Lord God speaks;
he speaks of peace for his people and his faithful.
His salvation is near for those who fear him,
and his glory will dwell in our land.

Merciful love and faithfulness have met;
justice and peace have kissed.
Faithfulness shall spring from the earth,
and justice look down from heaven.

Also the Lord will bestow his bounty,
and our earth shall yield its increase.
Justice will march before him,
and guide his steps on the way.",https://firestore.googleapis.com/v1/projects/catholic-missal/databases/(default)/documents/NigeriaReading,live Nigerian daily corpus,d02ff78c2aa4ba68f6d64f0454865814ea26138f54ae6a7f15ee751350b950c5,8fe28de03fc6824d3cbf783801e87c2cb28925619708afdd7fd6b8ea27cbc69d,1
nigeria_365_firestore,ng:2026-08-23:responsorial-psalm:1,NG,,2026-08-23,resolved-day,,,,"ps138:1-2a,2bcd-3,6,8bc","O Lord, your merciful love is eternal; Discard not the work of your hands.","I thank you, Lord, with all my heart;
you have heard the words of my mouth.
In the presence of the angels I praise you.
I bow down towards your holy temple.

I give thanks to your name
For your merciful love and your faithfulness.
You have exalted your name and your promise over all.
On the day I called, you answered me;
You increased the strength of my soul.

The Lord is high, yet he looks on the lowly,
and the haughty he knows from afar.
O Lord, your merciful love is eternal;
discard not the work of your hands.",https://firestore.googleapis.com/v1/projects/catholic-missal/databases/(default)/documents/NigeriaReading,live Nigerian daily corpus,c767da79902ba3cf609ec654914d28e1f401a015bfaecc954a30fb88a7bfbbda,29bc1a74b845edc4fe6e723e365d2ade2c382e8d464bba1e08de9c45f27b493b,1
nigeria_365_firestore,ng:2026-08-24:responsorial-psalm:1,NG,,2026-08-24,resolved-day,,,,"ps145:10-11,12-13ab,17-18","Your saints, O Lord, make known the glory of your reign.","All your works shall thank you, O Lord,
and all your faithful ones bless you.
They shall speak of the glory of your reign,
and declare your mighty deeds.

To make known your might to the children of men,
and the glorious splendour of your reign.
Your kingdom is an everlasting kingdom;
your rule endures for all generations.

The Lord is just in all his ways,
and holy in all his deeds.
The Lord is close to all who call him,
who call on him in truth.",https://firestore.googleapis.com/v1/projects/catholic-missal/databases/(default)/documents/NigeriaReading,live Nigerian daily corpus,3434b670a5bd1428ee3fe703293addff9665f654f8f5d405dcaeb1b59f4a45a5,9ef7ed6463f3c540d19e257fc8ec787c8cedfe03018fe75f0d0f20830f732e81,1
nigeria_365_firestore,ng:2026-08-25:responsorial-psalm:1,NG,,2026-08-25,resolved-day,,,,"ps96:10,11-12a,12b-13",The Lord comes to judge the earth.,"Say to the nations, “The Lord is king.”
The world he made firm in its place;
he will judge the peoples in fairness.

Let the heavens rejoice and earth be glad;
let the sea and all within it thunder praise.
Let the land and all it bears rejoice.

Then will all the trees of the wood shout for
joy at the presence of the Lord, for he comes,
he comes to judge the earth.
He will judge the world with justice;
he will govern the peoples with his truth.",https://firestore.googleapis.com/v1/projects/catholic-missal/databases/(default)/documents/NigeriaReading,live Nigerian daily corpus,f5811c8c48880fec4b52b60c459085cec1e894fd9bf14d62b30baecdc3da56c4,05f59232a04cc000e6ecf0279133b1b2cd06a25b2c18de65fc5abeeb89d52d16,1
nigeria_365_firestore,ng:2026-08-26:responsorial-psalm:1,NG,,2026-08-26,resolved-day,,,,"ps128:1-2,4-5",Blessed are all who fear the Lord.,"Blessed are all who fear the Lord,
and walk in his ways!
By the labour of your hands you shall eat.
You will be blessed and prosper.

Indeed thus shall be blessed
the man who fears the Lord.
May the Lord bless you from Sion.
May you see Jerusalem prosper
all the days of your life!

ALLELLUIA 1 John 2:5
Alleluia. Whoever keeps Christ’s word, in him truly love for God is perfected. Alleluia.",https://firestore.googleapis.com/v1/projects/catholic-missal/databases/(default)/documents/NigeriaReading,live Nigerian daily corpus,df512cad2dddd35cbe1bc1ab66d28528dfb13dc34cff7989baf04617451337fb,b16e833a918336022fd708aa53bc4872843d566b0aa39b45892d728cf9b026df,1
nigeria_365_firestore,ng:2026-08-27:responsorial-psalm:1,NG,,2026-08-27,resolved-day,,,,"ps145:2-3,4-5,6-7","I will bless your name, O Lord, forever.","I will bless you day after day,
and praise your name forever and ever.
The Lord is great and highly to be praised;
his greatness cannot be measured.

Age to age shall proclaim your works,
shall declare your mighty deeds.
They will tell of your great glory and splendour,
and recount your wonderful works.

They will speak of your awesome deeds,
recount your greatness and might.
They will recall your abundant goodness,
and sing of your just deeds with joy.",https://firestore.googleapis.com/v1/projects/catholic-missal/databases/(default)/documents/NigeriaReading,live Nigerian daily corpus,4b9c42338aa7d59cd3fa5583918e1e574713b08a7bc325fe90e0b182b945ff39,0f56aa498efe7df61776f3563dad8f584b799ad334ca1932af4c8da1337ca321,1
nigeria_365_firestore,ng:2026-08-28:responsorial-psalm:1,NG,,2026-08-28,resolved-day,,,,"ps33:1-2,4-5,10-11",The Lord’s merciful love fills the earth.,"Ring out your joy to the Lord, O you just;
for praise is fitting for the upright.
Give thanks to the Lord upon the harp;
with a ten-stringed lute sing him songs.

For the word of the Lord is faithful,
and all his works to be trusted.
The Lord loves justice and right,
and his merciful love fills the earth.

The Lord frustrates the designs of the nations;
he defeats the plans of the peoples.
The designs of the Lord stand forever,
the plans of his heart from age to age.

ALLEIUIA Luke 21:36
Alleluia. Watch at all times, praying that you may be able to stand before the Son of man. Alleluia.",https://firestore.googleapis.com/v1/projects/catholic-missal/databases/(default)/documents/NigeriaReading,live Nigerian daily corpus,5e90fcad8dd62482fc358a16c53b5e2dcd4d73744ad70c42950c16157cde93d6,34d221b5e0245a39554fbcd668b99814db738e6507bc53a21f5f8d9dc47a7f51,1
nigeria_365_firestore,ng:2026-08-29:responsorial-psalm:1,NG,,2026-08-29,resolved-day,,,,"ps33:12-13,18-19,20-21",Blessed the people the Lord has chosen as his heritage.,"Blessed the nation whose God is the Lord,
the people he has chosen as his heritage.
From the heavens the Lord looks forth;
he sees all the children of men.

Yes, the Lord’s eyes are on those who fear him,
who hope in his merciful love,
to rescue their souls from death,
to keep them  alive in famine.

Our soul is waiting for the Lord.
He is our help and our shield.
In him do our hearts find joy.
We trust in his holy name.",https://firestore.googleapis.com/v1/projects/catholic-missal/databases/(default)/documents/NigeriaReading,live Nigerian daily corpus,b4bb389574d04d69b271edc3c3ccb3cf637c85ad6beea4037ffd9be61ec04623,aecfe0c08f1a69d1d742b16f28da354e99dd372fe4fee62f9182c6c0898ffcc2,1
nigeria_365_firestore,ng:2026-08-30:responsorial-psalm:1,NG,,2026-08-30,resolved-day,,,,"ps63:2,3-4,5-6,8-9","For you my soul is thirsting, O Lord, my God.","O God, you are my God; at dawn I seek you;
For you my soul is thirsting.
For you my flesh is pining,
Like a dry, weary land without water.

I have come before you in the sanctuary,
to behold your strength and your glory.
Your loving mercy is better than life;
my lips will speak your praise.

I will bless you all my life;
In your name I will lift up my hands.
My soul shall be filled as with a banquet;
With joyful lips, my mouth shall praise you.

For you have been my strength;
In the shadow of your wings I rejoice.
My soul clings fast to you;
Your right hand upholds me.",https://firestore.googleapis.com/v1/projects/catholic-missal/databases/(default)/documents/NigeriaReading,live Nigerian daily corpus,1d47fe5baf1c291d6a4e588eba0fe142a70dabda700dd341bb1ecae614ed6a04,51f0247d6f1a9e9bd8599f8d158b0938e5fe5ae4ae0d7ff999720773bb6f0c33,1
nigeria_365_firestore,ng:2026-08-31:responsorial-psalm:1,NG,,2026-08-31,resolved-day,,,,"ps119:97,98,99,100,101,102","O Lord, how I love your law!","O Lord, how I love your law:
my meditation all the day!

Your command makes me wiser than my foes,
for it is with me always.

I have more insight than all who teach me,
for I ponder your decrees.

I have gained more understanding than my elders,
for I keep your precepts.

I keep my feet from every evil path,
to obey your word.

I have not turned away from your decrees;
you yourself have taught me.",https://firestore.googleapis.com/v1/projects/catholic-missal/databases/(default)/documents/NigeriaReading,live Nigerian daily corpus,93e83dff0803bd1f9116615624de6c2ff16c7b3564fa07c93895e5df2768d1c9,34d7bb1a24eb9e2c472a65e2e00d7dbc0d893861cb73eaa3e79ff29d9a54a0b6,1
nigeria_365_firestore,ng:2026-09-01:responsorial-psalm:1,NG,,2026-09-01,resolved-day,,,,"ps145:8-9,10-11,12-13ab,13cd-14",The Lord is just in all his ways.,"The Lord is kind and full of compassion,
slow to anger, abounding in mercy.
How good is the Lord to all,
compassionate to all his creatures.

All your works shall thank you,
O Lord, and all your faithful ones bless you.
They shall speak of the glory of your reign,
and declare your mighty deeds.

They shall make known your might to the children of men,
and the glorious splendour of your reign.
Your kingdom is an everlasting kingdom;
 your rule endures for all generations.

The Lord is faithful in all his words,
and holy in all his deeds.
The Lord supports all who fall,
and raises up all who are bowed down.",https://firestore.googleapis.com/v1/projects/catholic-missal/databases/(default)/documents/NigeriaReading,live Nigerian daily corpus,e6f8276f1a51a89dfddd95f772a9a432ecf23c212469c6145d3b3607b3df2e5c,90a395aa2fa3d84ef3eeb3248eb1d41c39808917c42d454e719ba829f3a129f4,1
nigeria_365_firestore,ng:2026-09-02:responsorial-psalm:1,NG,,2026-09-02,resolved-day,,,,"ps33:12-13,14-15,20-21",Blessed the people the Lord has chosen for his heritage.,"Blessed the nation whose God is the Lord,
the people he has chosen as his heritage.
From the heavens the Lord looks forth;
he sees all the children of men.

From the place where he dwells he gazes
on all the dwellers on the earth,
he who shapes the hearts of them all,
and considers all their deeds.

Our soul is waiting for the Lord.
He is our help and our shield.
In him do our hearts find joy.
We trust in his holy name.",https://firestore.googleapis.com/v1/projects/catholic-missal/databases/(default)/documents/NigeriaReading,live Nigerian daily corpus,a252ad4a2fba8c8bd0f0c018896b74ccc5203eec3658391e522f7b702e732141,09a1ddf47f4f8f1cdf8cd9c159f1b3639fe134c741ab8717adfd6c08eeb06500,1
nigeria_365_firestore,ng:2026-09-03:responsorial-psalm:1,NG,,2026-09-03,resolved-day,,,,"ps24:1-2,3-4ab,5-6",The Lord’s is the earth and its fullness.,"The Lord’s is the earth and its fullness,
the world, and all who dwell in it.
It is he who set it on the seas;
on the rivers he made it firm.

Who shall climb the mountain of the Lord?
Who shall stand in his holy place?
The clean of hands and pure of heart,
whose soul is not set on vain things.

Blessings from the Lord shall he receive,
and right reward from the God who saves him.
Such are the people who seek him,
who seek the face of the God of Jacob.",https://firestore.googleapis.com/v1/projects/catholic-missal/databases/(default)/documents/NigeriaReading,live Nigerian daily corpus,d6fd65b013092bdaa1e3b0436d94e0941503027268b01795f354863868702779,fc69a310d6f8e31779b97b9f40b9d449097602cf030cbf8cc79d22607641e8b2,1
nigeria_365_firestore,ng:2026-09-04:responsorial-psalm:1,NG,,2026-09-04,resolved-day,,,,"ps37:3-4,5-6,27-28,39-40",From the Lord comes the salvation of the just.,"Trust in the Lord and do good;
then you will dwell in the land
and safely pasture.
Find your delight in the Lord,
who grants your heart’s desire.

Commit your way to the Lord;
trust in him, and he will act,
and make your uprightness shine like the light,
the justice of your cause like the noon-day sun.

Then turn away from evil and do good,
and you may abide forever;  for indeed,
the Lord loves justice,
and will never forsake his faithful.
The unjust shall be wiped out forever,
and the descendants of the wicked destroyed.

But from the Lord comes the salvation of the just,
their stronghold in time of distress.
The Lord helps them and rescues them,
rescues and saves them from the wicked:
because they take refuge in hint.",https://firestore.googleapis.com/v1/projects/catholic-missal/databases/(default)/documents/NigeriaReading,live Nigerian daily corpus,af30b7fbaee322a4cbbe65f91e811488201b2cc86bf229e787dd2d9d2cc9acd6,b9f89d95550a839f2cf20e92c787a5d0b4f83813a3f8aea754dc69d6006a89cc,1
nigeria_365_firestore,ng:2026-09-05:responsorial-psalm:1,NG,,2026-09-05,resolved-day,,,,"ps145:17-18,19-20,21",The Lord is close to all who call him.,"The Lord is just in all his ways,
and holy in all his deeds.
The Lord is close to all who call him,
who call on him in truth.

He fulfils the desires of those who fear him;
he hears their cry and he saves them.
The Loan keeps watch over all who love him;
the wicked he will utterly destroy.

Let my mouth speak the praise of the Lord;
let all flesh bless his holy name forever,
for ages unending.",https://firestore.googleapis.com/v1/projects/catholic-missal/databases/(default)/documents/NigeriaReading,live Nigerian daily corpus,a1a69f65f07b506f64649af846770c16858738a56c5e8afc90bd680ef3a96ebf,15a48b0a6c845193e493639099a675e9ed37573e0d83fcf2918d5ecec94d217c,1
nigeria_365_firestore,ng:2026-09-06:responsorial-psalm:1,NG,,2026-09-06,resolved-day,,,,"ps95:1-2,6-7abc,7d-9",O that today you would listen to his voice! Harden not your hearts.,"Come, let us ring out our joy to the Lord;
hail the rock who saves us.
Let us come into his presence, giving thanks;
let us hail him with a song of praise.

O come; let us bow and bend low.
Let us kneel before the God who made us,
for he is our God and we
the people who belong to his pasture,
the flock that is led by his hand.

O that today you would listen to his voice!
“Harden not your hearts as at Meribah,
as on that day at Massah in the desert
when your forebears put me to the test;
When they tried me, though they saw my work.”",https://firestore.googleapis.com/v1/projects/catholic-missal/databases/(default)/documents/NigeriaReading,live Nigerian daily corpus,12e973a4047a1a513d226da87c8b345bf5c2945bcc1df9a92bfdc4132971999e,af8af5d985936cd8b37efc1f8a126055ca439bf414f4469de48d9d5658baf023,1
nigeria_365_firestore,ng:2026-09-07:responsorial-psalm:1,NG,,2026-09-07,resolved-day,,,,"ps5:5-6,7,12","Lead me, Lord, in your justice.","You are no God who delights in evil;
no sinner is your guest.
The boastful shall not stand their ground
before your eyes.

All who do evil you despise;
all who lie you destroy.
The deceitful and those who shed blood,
the Lord detests.

All who take refuge in you shall be glad,
and ever cry out their joy.
You shelter them; in you they rejoice,
those who love your name.",https://firestore.googleapis.com/v1/projects/catholic-missal/databases/(default)/documents/NigeriaReading,live Nigerian daily corpus,9962d112c1d129fb0aa993450622298430aa7d9a1b509720e41a7ef70e4a550b,37dfdfd5254db44daf2ba24460285febbe812dce15202bcc508bdac74d0d8934,1
nigeria_365_firestore,ng:2026-09-08:responsorial-psalm:1,NG,,2026-09-08,resolved-day,,,,"ps13:5,6",I will greatly rejoice in the Lord.,"As for me, I trust in your merciful love.
Let my heart rejoice in your salvation.

I will sing to the Lord
who has been bountiful with me.",https://firestore.googleapis.com/v1/projects/catholic-missal/databases/(default)/documents/NigeriaReading,live Nigerian daily corpus,de0c59b8bb5db71d913a45c435043de08af96a31a581764a08dc946248d2e8e7,663d8660ac13f44768224ee62d7254b175bac153ff9ff37ce68b19c43765c639,1
nigeria_365_firestore,ng:2026-09-09:responsorial-psalm:1,NG,,2026-09-09,resolved-day,,,,"ps45:11-12,14-15,16-17","Listen, O daughter; pay heed and give ear.","Listen, O daughter; pay heed and give ear:
forget your own people and your father’s house.
So will the king desire your beauty.
He is your lord, pay homage to him.

The daughter of the king is clothed with splendour;
her robes are threaded with gold.
In fine clothing she is led to the king;
behind her are her maiden companions, brought to you.

They are escorted amid gladness and joy;
they pass within the palace of the king.
Sons will be yours to succeed your fathers;
you will make them rulers over all the earth.",https://firestore.googleapis.com/v1/projects/catholic-missal/databases/(default)/documents/NigeriaReading,live Nigerian daily corpus,3d1d5b6c6b2aa5f4f9c3adcb98af4e3e3bcc62c1efbba1275d4c0c296e4b7720,c7bad220fd86ab456f3afe637fa8ccfb1bb7cbdf2d2dc66bcf59edcc9f27205b,1
nigeria_365_firestore,ng:2026-09-10:responsorial-psalm:1,NG,,2026-09-10,resolved-day,,,,"ps139:1-3,13-14ab,23-24","Lead me, Lord, in the way everlasting.","O LORD, you search me and you know me.
You yourself know my resting and my rising;
you discern my thoughts from afar.
You mark when I walk or lie down;
you know all my ways through and through.

For it was you who formed my inmost being,
knit me together in my mother’s womb.
I thank you who wonderfully made me;
how wonderful are your works.

O search me, God, and know my heart.
O test me, and know my thoughts.
See that my path is not wicked,
and lead me in the way everlasting.",https://firestore.googleapis.com/v1/projects/catholic-missal/databases/(default)/documents/NigeriaReading,live Nigerian daily corpus,b825480135ce6d59446e0085cd14254cb734c14c41cbe2ffdefda85ba1b229c5,1b72d19ee4b87bdb1cc3b869945b03df2afcfebf9a522d034223379730191bd8,1
nigeria_365_firestore,ng:2026-09-11:responsorial-psalm:1,NG,,2026-09-11,resolved-day,,,,"ps84:3,4,5-6,12","How lovely is your dwelling place, O Lord of hosts!","My soul is longing and
yearning for the courts of the Lord.
My heart and my flesh cry
out to the living God.

Even the sparrow finds a home,
and the swallow a nest for herself
in which she sets her young, at your altars,
O Lord of hosts, my king and my God.

Blessed are they who dwell in your house,
forever singing your praise.
Blessed is the man whose strength is in you,
whose heart is set on pilgrim ways.

For the Lord God is a sun, a shield;
the Lord will give us his favour and glory.
He will not withhold any good
to those who walk without blame.",https://firestore.googleapis.com/v1/projects/catholic-missal/databases/(default)/documents/NigeriaReading,live Nigerian daily corpus,6046073dcb136c1d153156800269f346d200bb674571ace1fe7bdbbaad723616,ff326e0999a0a565b7eb817bc41919cb6fcb0d68ec00a6193ec7033ac2d4f140,1
nigeria_365_firestore,ng:2026-09-12:responsorial-psalm:1,NG,,2026-09-12,resolved-day,,,,"ps116:12-13,17-18","A thanksgiving sacrifice I make to you, O Lord.","How can I repay the Lord
for all his goodness to me?
The cup of salvation I will raise;
I will call on the name of the Lord.

A thanksgiving sacrifice I make;
I will call on the name of the Lord.
My vows to the Lord I will fulfil
before all his people.",https://firestore.googleapis.com/v1/projects/catholic-missal/databases/(default)/documents/NigeriaReading,live Nigerian daily corpus,ff2c02d283570a9a9990425aa679061d309f633a7e44fc62a3f392248b9ab120,502aa8e2c0fc792c086ea326b839231a524c09278c71bfc9fe3d475dc2ed715c,1
nigeria_365_firestore,ng:2026-09-13:responsorial-psalm:1,NG,,2026-09-13,resolved-day,,,,"ps103:1-2,3-4,9-10,11-12","The Lord is compassionate and gracious,","slow to anger and rich in mercy.

Bless the Lord, O my soul,
And all within me, his holy name.
Bless the Lord, O my soul,
And never forget all his benefits.

It is the Lord who forgives all your sins,
who heals every one of your ills,
who redeems your life from the grave,
who crowns you with mercy and compassion.

slow to anger and rich in mercy.

He will not always find fault;
nor persist in his anger forever.
He does not treat us according to our sins,
nor repay us according to our faults.

For as the heavens are high above the earth,
So strong his mercy for those who fear him.
As far as the east is from the west,
So far from us does he remove our transgressions.

SECOND READINGS
“Whether we live or die, we are the Lord’s.”
A reading from the Letter of Saint Paul to the Romans (Romans14:7-9)

Brethren: None of us lives to himself, and none of us dies to himself. If we live, we live to the Lord, and if we die, we die to the Lord; so then, whether we live or whether we die, we are the Lord’s. For to this end Christ died and lived again, that he might be Lord both of the dead and of the living.

The word of the Lord.",https://firestore.googleapis.com/v1/projects/catholic-missal/databases/(default)/documents/NigeriaReading,live Nigerian daily corpus,6ffa8bae3eaaef01195e55aabd03e875fce145657cffa7dbcb77816406a06cc5,b5fd085225702891609c050003a952984934889ebed2c64758128161346c7a84,1
nigeria_365_firestore,ng:2026-09-14:responsorial-psalm:1,NG,,2026-09-14,resolved-day,,,,"ps78:1-2,34-35,36-37,38",Never forget the deeds of the Lord!,"Give ear, my people, to my teaching;
incline your ear to the words of my mouth.
I will open my mouth in a parable
And utter hidden lessons of the past.

When he slew them, then they sought him,
repented and earnestly sought God.
They would remember that God was their rock,
God the Most High their redeemer.

Yet they deceived him with their mouths;
they lied to him with their tongues.
For their hearts were not steadfast towards him;
They were not faithful to his covenant.

Yet he who is full of compassion
Forgave them their sin and spared them.
So often he held back his anger,
and did not stir up all his rage.",https://firestore.googleapis.com/v1/projects/catholic-missal/databases/(default)/documents/NigeriaReading,live Nigerian daily corpus,72cbac094fc21308188192561dfaa89439370622abe6cb9c1c7c108e543822d7,0ea5ac4f13483412b2a81cef2991916dd892df5e58cb6e444b3f30cc860d3dcb,1
nigeria_365_firestore,ng:2026-09-15:responsorial-psalm:1,NG,,2026-09-15,resolved-day,,,,"ps100:1-2,3,4,5","We are his people, the sheep of his flock.","Cry out with joy to the Lord, all the earth.
Serve the Lord with gladness.
Come before him, singing for joy.

Know that he, the Lord, is God.
He made us; we belong to him.
We are his people, the sheep of his flock.

Enter his gates with thanksgiving
and his courts with songs of praise.
Give thanks to him, and bless his name.

I will walk with blameless heart within my house;
I will not set before my eyes
whatever is base.

Whoever slanders a neighbour in secret
I will bring to silence.
Proud eyes and haughty heart I will never endure.

My eyes are on the faithful of the land,
that they may dwell with me.
The one who walks in the way of the blameless
shall be my servant.",https://firestore.googleapis.com/v1/projects/catholic-missal/databases/(default)/documents/NigeriaReading,live Nigerian daily corpus,f05b3ed65093eeca6556f1e2762a89137e0447382ce21ab580ea52ea3f05ad6a,89b1a989131a074dbf941a93117acd5a3237d13f1c6663d86c6ab0ae876d8c75,1
nigeria_365_firestore,ng:2026-09-16:responsorial-psalm:1,NG,,2026-09-16,resolved-day,,,,"ps33:2-3,4-5,12,22",Blessed the people the Lord has chosen as his heritage.,"Give thanks to the Lord upon the harp;
with a ten-stringed lute sing him songs.
O sing him a song that is new;
play skilfully, with shouts of joy.

For the word of the Lord is faithful,
and all his works to be trusted.
The Lord loves justice and right,
and his merciful love fills the earth.

Blessed the nation whose God is the Lord,
the people he has chosen as his heritage.
May your merciful love be upon us,
as we hope in you, O Lord.",https://firestore.googleapis.com/v1/projects/catholic-missal/databases/(default)/documents/NigeriaReading,live Nigerian daily corpus,459f40b01e1d022523b5aabf6cfb50197e9083f8e6013b09d7a3c928857d347f,37ca3f563e6a7dd34f74350e4a9d6c4e4f4743708d5545a69c92c790d0517ff3,1
nigeria_365_firestore,ng:2026-09-17:responsorial-psalm:1,NG,,2026-09-17,resolved-day,,,,"ps118:1-2,15c-17,28","Give praise to the Lord, for he is good.","Or: Alleluia.

Give praise to the Lord, for he is good;
his mercy endures forever.
Let the house of Israel say,
“His mercy endures forever.”

“The LORD s right hand has done mighty deeds;
his right  hand  is exalted.
The Lord’s right hand has done mighty deeds.”
I shall not die, I shall   live
and recount  the  deeds of the  Lord.

You are my God, I praise you.
My God, I exalt you.",https://firestore.googleapis.com/v1/projects/catholic-missal/databases/(default)/documents/NigeriaReading,live Nigerian daily corpus,a24e31517671aeffcabdcfa777a06413fd83388a5d1613c0ccea464917943019,8569241fd2190a6fa4ef3e51195750843fff4e4add79dfbc0732be2ffca566ef,1
nigeria_365_firestore,ng:2026-09-18:responsorial-psalm:1,NG,,2026-09-18,resolved-day,,,,"ps17:1,6-7,8,15","When I awake, I shall be filled with the vision of your presence, O Lord.","O Lord, hear a cause that is just,
pay heed to my cry.
Turn your ear to my prayer:
no deceit is on my lips.

To you I call; for you will surely heed me,
O God. Turn your ear to me; hear my words.
Display your merciful love.
By your right hand you deliver from their foes
those who put their trust in you.

Guard me as the apple of your eye.
Hide me in the shadow of your wings.
As for me, in justice I shall behold your face;
when I awake I shall be filled
with the vision of your presence.",https://firestore.googleapis.com/v1/projects/catholic-missal/databases/(default)/documents/NigeriaReading,live Nigerian daily corpus,9f26f02acd8e020559413bfbb3ef47cab42c0b7a3040906ed0b33441ccb04d4d,b8fdb0bab1090bea70f290ea41b543e6329eede9d91e0da829b950f5cc772d18,1
nigeria_365_firestore,ng:2026-09-19:responsorial-psalm:1,NG,,2026-09-19,resolved-day,,,,"ps56:10,11-12,13-14","I will walk in the presence of God, in the light of the living.","Then my foes will turn back
on the day when I call to you.
This I know, that God is on my side.

In God, whose word I praise,
in the Lord whose word I praise,
in God I trust; I shall not fear.
What can man do to me?

I am bound by the vows I have made you.
O God, I will offer you praise,
for you have rescued my soul from death;
you kept my feet from stumbling,
that I may walk in the presence of God,
in the light of the living.",https://firestore.googleapis.com/v1/projects/catholic-missal/databases/(default)/documents/NigeriaReading,live Nigerian daily corpus,f797c11dc40560fc77d3dd5582129b36b1251d3fe3f61a71206952579964e4fe,a980b080f8d7a3f6aa8af584f532d9e8aaab2dfbe79f66ed4224c2b35b57f562,1
nigeria_365_firestore,ng:2026-09-20:responsorial-psalm:1,NG,,2026-09-20,resolved-day,,,,"ps145:2-3,8-9,17-18",The Lord is close to all who call him.,"I will bless you day after day,
and praise your name forever and ever.
The Lord is great and highly to be praised;
his greatness cannot be measured.

The Lord is kind and full of compassion,
slow to anger, abounding in mercy.
How good is the Lord to all,
compassionate to all his creatures.

The Lord is just in all his ways,
and holy in all his deeds.
The Lord is close to all who call him,
who call on him in truth.",https://firestore.googleapis.com/v1/projects/catholic-missal/databases/(default)/documents/NigeriaReading,live Nigerian daily corpus,18db68b1373a087e0908d7baabc61ed87b3e40871535eed04f9fa96af6487648,340d4f5f4169dbb4370db9fd480509ddf1f06e201d98b683185b0224aebac086,1
nigeria_365_firestore,ng:2026-09-21:responsorial-psalm:1,NG,,2026-09-21,resolved-day,,,,"ps19:2-3,4-5",Their sound goes forth through all the earth.,"The heavens declare the glory of God,
and the firmament proclaims the work of his hands.
Day unto day conveys the message,
and night unto night imparts the knowledge.

No speech, no word, whose voice goes unheeded;
their sound goes forth through all the earth,
their message to the utmost bounds of the world.",https://firestore.googleapis.com/v1/projects/catholic-missal/databases/(default)/documents/NigeriaReading,live Nigerian daily corpus,dd90bc2532006a2bf8adfa8815ebb45c8b3dba55d39e632e9ea1f589b2046392,ea59f1114bcdd32e808fb7428431135e9ed5d4de2d3f9eae09aa940ab1476be5,1
nigeria_365_firestore,ng:2026-09-22:responsorial-psalm:1,NG,,2026-09-22,resolved-day,,,,"ps119:1,27,30,34,35,44","Guide me, Lord, in the path of your commands.","Blessed are those whose way is blameless,
who walk in the law of the Lord!

Make me grasp the way of your precepts,
and I will ponder your wonders.

I have chosen the way of faithfulness;
your decrees I have upheld.

Grant me insight that I may keep your law,
and observe it wholeheartedly.

Guide me in the path of your commands;
for in them is my delight.

I shall always keep your law,
forever and ever.",https://firestore.googleapis.com/v1/projects/catholic-missal/databases/(default)/documents/NigeriaReading,live Nigerian daily corpus,a2844e2892712ae6b9cb44ecba636e83b312d6b514d8f7772d27af1162d4bf9b,2ce8954f03971a096c1750d01633d32a4010b8d9909e37f84bcce3c899f90e0f,1
nigeria_365_firestore,ng:2026-09-23:responsorial-psalm:1,NG,,2026-09-23,resolved-day,,,,"ps119:29,72,89,101,104,163","Your word is a lamp for my feet, Lord.","Keep me from the way of falsehood;
grant me mercy by your law.

The law from your mouth means more to me
than large quantities of silver and gold.

Forever is your word, O Lord,
standing firm in the heavens.

I keep my feet from every evil path,
to obey your word.

I gain understanding from your precepts,
and so I hate all false ways.

Falsehood I hate and detest,
but I love your law.",https://firestore.googleapis.com/v1/projects/catholic-missal/databases/(default)/documents/NigeriaReading,live Nigerian daily corpus,c7be27425941e6f26c1ec1eeef0ca269da7d2e1a30cb693c7e88aefb5f87c0c7,25054d8f3cd10aaf7f0000fcfec032a4023c50aed950ff62611f29ff9ac0efe5,1
nigeria_365_firestore,ng:2026-09-24:responsorial-psalm:1,NG,,2026-09-24,resolved-day,,,,"ps90:3-4,5-6,12-13,14,17","O Lord, you have been our refuge, from generation to generation.","You turn man back to dust,
and say, “Return, O children of men.”
To your eyes a thousand years
are like yesterday, come and gone,
or like a watch in the night.

You sweep them away like a dream,
like grass which is fresh in the morning.
In the morning it sprouts and is fresh;
by evening it withers and fades.

Then teach us to number our days,
that we may gain wisdom of heart.
Turn back, O Lord! How long?
Show pity to your servants.

At dawn, fill us with your merciful love;
we shall exult and rejoice all our days.
Let the favour of the Lord our God be upon us;
give success to the work of our hands.
O give success to the work of our hands.",https://firestore.googleapis.com/v1/projects/catholic-missal/databases/(default)/documents/NigeriaReading,live Nigerian daily corpus,66145ef9c2092ad8192699342449b5a34450af0219c2af7568b2e9c67a063022,aeda6b77e953279e63a18de26d4a2bb8efb28d800d57467c73ecef88ffad4872,1
nigeria_365_firestore,ng:2026-09-25:responsorial-psalm:1,NG,,2026-09-25,resolved-day,,,,"ps144:1a,2abc,3-4","Blest be the Lord, my rock!","Blest be the Lord, my rock.
He is my merciful love, my fortress;
he is my stronghold, my saviour,
my shield in whom I take refuge.

Lord, what is man that you  regard  him,
the son of man that you keep him in mind,
man who is merely a breath,
whose days are like a passing shadow?",https://firestore.googleapis.com/v1/projects/catholic-missal/databases/(default)/documents/NigeriaReading,live Nigerian daily corpus,f9d9ddfb58f13e616249d774034fbfc71e8e73e5a06fdf4261bb21fd8f5e8bd0,ed1e33e231ae15b83415fafa655d918c99c2352a308fe875f560842688ee5d78,1
nigeria_365_firestore,ng:2026-09-26:responsorial-psalm:1,NG,,2026-09-26,resolved-day,,,,"ps90:3-4,5-6,12-13,14,17","O Lord, you have been our refuge, from generation to generation.","You turn man back to dust,
and say, “Return, O children of men.”
To your eyes a thousand years
are like yesterday, come and gone,
or like a watch in the night.

You sweep them away like a dream,
like grass which is fresh in the morning.
In the morning it sprouts and is fresh;
by evening it withers and fades.

Then teach us to number our days,
that we may gain wisdom of heart.
Turn back, O Lord! How long?
Show pity to your servants.

At dawn, fil1 us with your merciful love;
we shall exult and rejoice all our days.
Let the favour of the Lord our God be upon us;
give success to the work of our hands.
O give success to the work of our hands.",https://firestore.googleapis.com/v1/projects/catholic-missal/databases/(default)/documents/NigeriaReading,live Nigerian daily corpus,1b453a9a3905e6677c746c6081d9e2f24c2b093069503a909001bfa64bf356c8,be5860e1c0443a07393c714eafc6ec068f71822af60cd305ada283ef3c0b20ed,1
nigeria_365_firestore,ng:2026-09-27:responsorial-psalm:1,NG,,2026-09-27,resolved-day,,,,"ps25:4-5,6-7,8-9","Remember your compassion, O Lord.","O Lord, make me know your ways.
Teach me your paths.
Guide me in your truth, and teach me;
for you are the God of my salvation.
I have hoped in you all day long.

Remember your compassion, O Lord,
and your merciful love,
for they are from of old.
Do not remember the sins of my youth,
nor my transgressions.
In your merciful love remember me,
because of your goodness, O Lord.

Good and upright is the Lord;
he shows the way to sinners.
He guides the humble in right judgement;
to the humble he teaches his way.",https://firestore.googleapis.com/v1/projects/catholic-missal/databases/(default)/documents/NigeriaReading,live Nigerian daily corpus,ce9a5aa549315296824259339214e920327c3197ee9c3523a60fba47090185af,8fdb5bb9b60fd46d6e3d2328c8a9dd355bf5e8fba63a60e9bf7dc7d2a7f344e2,1
nigeria_365_firestore,ng:2026-09-28:responsorial-psalm:1,NG,,2026-09-28,resolved-day,,,,"ps17:1,2-3,6-7","Lord, turn your ear to me; hear my words.","O Lord, hear a cause that is just,
pay heed to my cry.
Turn your ear to my prayer:
no deceit is on my lips.

From you may my justice come forth.
Your eyes discern what is upright.
Search my heart and visit me by night.
Test me by fire, and you will find no wrong in me.

To you I call; for you will surely heed me,
O God. Turn your ear to me; hear my words.
Display your merciful love.
By your right hand you deliver from their
foes those who put their trust in you.",https://firestore.googleapis.com/v1/projects/catholic-missal/databases/(default)/documents/NigeriaReading,live Nigerian daily corpus,d36bf76a3ef877d90919acb62e7bc6be9a215692859f21f9a422ca7679061882,d6e7b68dae13d9eb428ee80da2df2627837cd7629c2b9de20ba5247f5a0984dd,1
nigeria_365_firestore,ng:2026-09-29:responsorial-psalm:1,NG,,2026-09-29,resolved-day,,,,"ps138:1-2a,2bcd-3,4-5","In the presence of the angels I praise you, O Lord.","I thank you, Lord, with all my heart;
you have heard the words of my mouth.
In the presence of the angels I praise you.
I bow down towards your holy temple.

I give thanks to your name
for your merciful love and your faithfulness.
You have exalted your name and your promise overall.
On the day I called, you answered me;
you increased the strength of my soul.

All earth’s kings shall thank you, O Lord,
when they hear the words of your mouth.
They shall sing of the ways of the Lord,
How great is the glory of the Lord!”",https://firestore.googleapis.com/v1/projects/catholic-missal/databases/(default)/documents/NigeriaReading,live Nigerian daily corpus,cd1a096863ffbd7c16042cbc2bdbe7716879873d544b333d973ea0d79548b69f,9bcb8ccf4599aba21252af349e8421087c4438df1cbfadc11cad79bc96d42c4f,1
nigeria_365_firestore,ng:2026-09-30:responsorial-psalm:1,NG,,2026-09-30,resolved-day,,,,"ps88:10bc-11,12-13,14-15","Let my prayer come into your presence, O Lord.","I call to you, Lord, all day long;
to you I stretch out my hands.
Will you work your wonders for the dead?
Will the shades rise up to praise you?

Will your mercy be told in the grave,
or your faithfulness in the place of perdition?
Will your wonders be known in the dark,
your justice in the land of oblivion?

But I, O Lord, cry out to you;
in the morning my prayer comes before you.
Why do you reject me, O Lord?
Why do you hide your face from me?",https://firestore.googleapis.com/v1/projects/catholic-missal/databases/(default)/documents/NigeriaReading,live Nigerian daily corpus,cfc15d570cd65295f5dba2d0e49578af4cc08c11431c5ce426d70b9c4ebe00d4,3af158be1e4c6824b0c22c1cc268b22da582cb1be3058e35f881ce7430396d1c,1
nigeria_365_firestore,ng:2026-10-01:responsorial-psalm:1,NG,,2026-10-01,resolved-day,,,,"ps72:1-2,7-8,12-13,17","In his days shall justice flourish, and great peace forever.","O God, give your judgement to the king,
To a king’s son your justice,
That he may judge your people in justice,
And your poor in right judgement.

In his days shall justice flourish,
And great peace till the moon is no more.
He shall rule from sea to sea,
From the River to the bounds of the earth.

For he shall save the needy when they cry,
The poor, and those who are helpless.
He will have pity on the weak and the needy,
And save the lives of the needy.

May his name endure forever,
His name continue like the sun.
Every tribe shall be blest in him,
All nations shall call him blessed.",https://firestore.googleapis.com/v1/projects/catholic-missal/databases/(default)/documents/NigeriaReading,live Nigerian daily corpus,3a9ca54ecd3903520f288899eb07b7cdbce0a0631325f1dc33b4c9f32886368a,bd444f48c973f3ba125fa03ef15dd857ccc0b9cf0cafb4d096e268e2a54ff042,1
nigeria_365_firestore,ng:2026-10-02:responsorial-psalm:1,NG,,2026-10-02,resolved-day,,,,"ps139:1-3,7-8,9-10,13-14ab","Lead me, Lord, in the way everlasting.","O Lord, you search me and you know me,
You yourself know my resting and my rising;
you discern my thoughts from afar.
You mark when I walk or lie down;
you know all my ways through and through.

O where can I go from your spirit,
or where can I flee from your face?
If I climb the heavens, you are there.
If I lie in the grave, you are there.

If I take the wings of the dawn or dwell
at the sea’s furthest end,
even there your hand would lead me;
your right hand would hold me fast.

For it was you who formed my inmost being,
knit me together in my mother’s womb.
I thank you who wonderfully made me;
how wonderful  are your works.",https://firestore.googleapis.com/v1/projects/catholic-missal/databases/(default)/documents/NigeriaReading,live Nigerian daily corpus,bbf673f7ee59e053fb6711642a50dcc18d93ac7bf97f2fc8151697dde691fc26,fb2a1d27162495fffe808a2b3b54518dcb03880e3d4c5d2091980c106a41cf79,1
nigeria_365_firestore,ng:2026-10-03:responsorial-psalm:1,NG,,2026-10-03,resolved-day,,,,"ps119:66,71,75,91,125,130","O Lord, let your face shine forth on your servant.","Teach me good judgement and knowledge,
for I trust in your commands.

It was good for me to be humbled,
that I might learn your statutes.

O Lord, I know that your decrees are right;
though I am humbled, you are just.

Your judgements endure to this day,
for all things are your servants.

I am your servant; give me understanding:
then I shall know your decrees.

The unfolding of your word gives light,
and understanding to the simple.",https://firestore.googleapis.com/v1/projects/catholic-missal/databases/(default)/documents/NigeriaReading,live Nigerian daily corpus,f6a91cbeba0e776941bb66f00fe962cfd88d75f4e43865590af1f1af38d1a08e,29d9d2e25081e2f774edc78eb35516aadf8f737925099c6c339cd58d542c757f,1
nigeria_365_firestore,ng:2026-10-04:responsorial-psalm:1,NG,,2026-10-04,resolved-day,,,,"ps80:8,11,12-13,14-15,17b,18-19",The vineyard of the Lord of hosts is the house of Israel.,"You brought a vine out of Egypt;
You drove out the nations and planted it.
It stretched out its branches to the sea;
To the River it stretched out its shoots.

Then why have you broken down its walls?
It is plucked by all who pass by the way.
It is ravaged by the boar of the forest,
Devoured by the beasts of the field.

God of hosts, turn again, we implore;
look down from heaven and see.
Visit this vine and protect it,
the vine your right hand has planted,
the son of man you have claimed for yourself.

And we shall never forsake you again;
give us life that we may call upon your name.
O Lord God of hosts, bring us back;
Let your face shine forth, and we shall be saved.",https://firestore.googleapis.com/v1/projects/catholic-missal/databases/(default)/documents/NigeriaReading,live Nigerian daily corpus,50893d2b47c42de75c5f9946a73e9828a99573e483124df855a7c48b1c7901d4,7fcf6088f62456bdc1122c9705ff581b75a2e5212382be54699a5e0b86579709,1
nigeria_365_firestore,ng:2026-10-05:responsorial-psalm:1,NG,,2026-10-05,resolved-day,,,,"ps111:1b-2,7-8,9,10c",The Lord keeps his covenant ever in mind.,"Or: Alleluia.

I will praise the Lord with all my heart,
in the meeting of the just and the assembly.
Great are the works of the Lord,
to be pondered by all who delight in them.

His handiwork is justice and truth;
his precepts are all of them sure,
standing firm forever and ever,
wrought in uprightness and truth.

He has sent redemption to his people,
and established his covenant forever.
Holy his name, to be feared.
His praise endures forever!",https://firestore.googleapis.com/v1/projects/catholic-missal/databases/(default)/documents/NigeriaReading,live Nigerian daily corpus,03fc7211810951f5385cec7327b2816f3e34f4df6cd698c92faed8080519afaa,b8af53e4a3b22360462edf29b98b321ae8144655d668e11865525648adc6fa00,1
nigeria_365_firestore,ng:2026-10-06:responsorial-psalm:1,NG,,2026-10-06,resolved-day,,,,"ps139:1-3,13-14,15","Lead me, Lord, in the way everlasting.","O Lord, you search me and you know me.
You yourself know my resting and my rising;,
you discern my thoughts from afar.
You mark when I walk or lie down;
you know all my ways through and through.

For it was you who formed my inmost being,
knit me together in my mother’s womb.
I thank you who wonderfully made me;
how wonderful are your works,
which my soul knows well!

My frame was not hidden from you,
when I was being fashioned in secret
and moulded in the depths of the earth.",https://firestore.googleapis.com/v1/projects/catholic-missal/databases/(default)/documents/NigeriaReading,live Nigerian daily corpus,fdc47530fe4a075d170162f444539b2b64550d4ceda3b2c2903c73e73933a3bd,32334d6909a118f302c03e239512a72bb10df399b66b20aac3e5808080b4f12d,1
nigeria_365_firestore,ng:2026-10-07:responsorial-psalm:1,NG,,2026-10-07,resolved-day,,,,"ps117:1,2","Go into all the world, and preach the Gospel.","Or:  Alleluia.

O praise the Lord, all you nations;
acclaim him, all you peoples!

For his merciful love has prevailed over us;
and the Lord’s faithfulness endures forever.

Alleluia. You have received the spirit of sonship; in him we cry, “Abba! Father!” Alleluia.",https://firestore.googleapis.com/v1/projects/catholic-missal/databases/(default)/documents/NigeriaReading,live Nigerian daily corpus,3107df856fdbe577ec6763fff8b15ed935112b87b279ef791f2f235fc8b9fa2b,036e40479a2c712abe2bccaf11719e1cf0160ce77005d2abb51dbe956319621b,1
nigeria_365_firestore,ng:2026-10-08:responsorial-psalm:1,NG,,2026-10-08,resolved-day,,,,"luke1:69-70,71-72,73-75","Blessed be the Lord GOD of Israel, for he has visited his people.","He has raised up a horn of salvation for us
in the house of his servant David,
as he spoke by the mouth of his holy prophets
from of old.

That we should be saved from our enemies,
and from the hand of all who hate us;
to perform the mercy promised to our fathers,
and to remember his holy covenant.

The oath which he swore to our father Abraham,
to grant us that we, being delivered from the hand of our enemies,
might serve him without fear,
in holiness and righteousness before him
all the days of our life.",https://firestore.googleapis.com/v1/projects/catholic-missal/databases/(default)/documents/NigeriaReading,live Nigerian daily corpus,2a3368a68e8dc4f736f31c0a9a958d48aaec176c30c7d72bcaa22f56eef97afb,2454b115d4695461eb4b9bedc9d38a43a8dee688506396fe6bc272fd5b7cb3df,1
nigeria_365_firestore,ng:2026-10-09:responsorial-psalm:1,NG,,2026-10-09,resolved-day,,,,"ps111:1b-2,3-4,5-6",He keeps his covenant ever in mind.,"Or:  Alleluia.

I will praise the Lord with all my heart,
in the meeting of the just and the assembly.
Great are the works of the Lord,
to be pondered by all who delight in them.

Majestic and glorious his work;
his justice stands firm forever.
He has given us a memorial of his wonders.
The Lord is gracious and merciful.

Or:  Alleluia.

He gives food to those who fear him;
keeps his covenant ever in mind.
His mighty works he has shown to his people
by giving them the heritage of nations.",https://firestore.googleapis.com/v1/projects/catholic-missal/databases/(default)/documents/NigeriaReading,live Nigerian daily corpus,c0ccbb2cb13f150923ef4c31f1e5ba4cc6f5ca8ea23fa03689cc064912ef451f,44c9ef700a70c658c9481dc762a33b6724f622a7539bd057df79c37261458112,1
nigeria_365_firestore,ng:2026-10-10:responsorial-psalm:1,NG,,2026-10-10,resolved-day,,,,"ps105:2-3,4-5,6-7",The Lord remembers his covenant forever.,"Or: Alleluia.

O sing to him, sing his praise;
tell all his wonderful works!
Glory in his holy name;
let the hearts that seek the Lord rejoice.

Turn to the Lord and his strength;
constantly seek his face.
Remember the wonders he has done,
his marvels and his words of judgement.

Or: Alleluia.

O children of Abraham, his servant,
O descendants of the Jacob he chose,
he, the Lord, is our God;
his judgements are in all the earth.",https://firestore.googleapis.com/v1/projects/catholic-missal/databases/(default)/documents/NigeriaReading,live Nigerian daily corpus,6561fea499b8ce6910cdc60871b6b4cefb2e9267404fb7bcbff27aec9ae69765,d3e665307578fc3e33c3a481a206c580e8f3879345a47fead3b5a0ab033ea5ee,1
nigeria_365_firestore,ng:2026-10-11:responsorial-psalm:1,NG,,2026-10-11,resolved-day,,,,"ps23:1-3a,3b-4,5,6",In the Lord’s own house shall I dwell for length of days unending.,"The Lord is my shepherd;
there is nothing I shall want.
Fresh and green are the pastures
where he gives me repose.
Near restful waters he leads me;
he revives my soul.

He guides me along the right path,
for the sake of his name.
Though I should walk in the valley of the shadow of death,
no evil would I fear, for you are with me.
Your crook and your staff will give me comfort.

You have prepared a table before me
in the sight of my foes.
My head you have anointed with oil;
my cup is overflowing.

Surely goodness and mercy shall follow me
all the days of my life.
In the Lord’s own house shall I dwell
For length of days unending.",https://firestore.googleapis.com/v1/projects/catholic-missal/databases/(default)/documents/NigeriaReading,live Nigerian daily corpus,da0019928c72082028bed8515ece4d2c9f7717be19f7ba61eb2f0e1d27785a9c,6e7584c54a2986d2b1f6f5712a94648286e936a5a204825e84e2a0bc6e784e97,1
nigeria_365_firestore,ng:2026-10-12:responsorial-psalm:1,NG,,2026-10-12,resolved-day,,,,"ps113:1b-2,3-4,5a,6-7",May the name of the Lord be blest forevermore.,"Or:  Alleluia.

Praise, O servants of the Lord,
praise the name of the Lord!
May the name of the Lord be blest
both now and forevermore!

From the rising of the sun to its setting,
praised be the name of the Lord!
High above all nations is the Lord,
above the heavens his glory.

Or:  Alleluia.

Who is like the Lord, our God,
who lowers himself to look down
upon heaven and earth?
From the dust he lifts up the lowly,
from the ash heap he raises the poor.",https://firestore.googleapis.com/v1/projects/catholic-missal/databases/(default)/documents/NigeriaReading,live Nigerian daily corpus,81d28d3921f79e5a0580e2b1e075f70c8f893a7a05d8c3119c654212182adbc9,9902ee91d2e7de74a65d2162a085f71889ea3ca7c2a19e3660e8ac1bd75f8648,1
nigeria_365_firestore,ng:2026-10-13:responsorial-psalm:1,NG,,2026-10-13,resolved-day,,,,"ps119:41,43,44,45,47,48","Lord, let your mercy come upon me.","Lord, let your mercy come upon me,
the salvation you have promised.

Never take the word of truth from my mouth,
for I hope in your decrees.

I shall always keep your law,
forever and ever.

I shall walk on a spacious plain,
for I seek your precepts.

In your commands I have found my delight;
these I have loved.

I reach out to your commands, which I love,
and ponder your statutes.",https://firestore.googleapis.com/v1/projects/catholic-missal/databases/(default)/documents/NigeriaReading,live Nigerian daily corpus,9ade1901758b04a1aad85d53a1876ae083aeccfbbda4ca5dc2c12784326b53ff,7dab3ce0cdd4b2b857970e5706a4ed6ee9a173ee16413412e812323052a6da88,1
nigeria_365_firestore,ng:2026-10-14:responsorial-psalm:1,NG,,2026-10-14,resolved-day,,,,"ps1:1-2,3,4,6","He who follows you, Lord, will have the light of life.","Blessed indeed is the man
who follows not the counsel of the wicked,
nor stands in the path with sinners,
nor abides in the company of scorners,
but whose delight is the law of the Lord,
and who ponders his law day and night.

He is like a tree that is planted
beside the flowing waters,
that yields its fruit in due season,
and whose leaves shall never fade;
and all that he does shall prosper.

Not so are the wicked, not so!
For they, like winnowed chaff,
shall be driven away by the wind.
for the Lord knows the way of the just,
but the way of the wicked will perish.",https://firestore.googleapis.com/v1/projects/catholic-missal/databases/(default)/documents/NigeriaReading,live Nigerian daily corpus,5e863138d8c5e322f60b488de7289fade660609d406ea9ecbb0329d77a585261,3c231d55155cea8c4799ac7240d524c43f58291774f209eb6eef6ec85e7f8651,1
nigeria_365_firestore,ng:2026-10-15:responsorial-psalm:1,NG,,2026-10-15,resolved-day,,,,"ps98:1,2-3ab,3cd-4,5-6",The Lord has made known his salvation.,"O sing a new song to the Low,
for he has worked wonders.
His right hand and his holy
arm have brought salvation.

The LORD has made known his salvation,
has shown his deliverance to the nations.
He has remembered his merciful
love and his truth for the house of Israel.

All the ends of the earth have
seen the salvation of our God.
Shout to the Lord, all the earth;
break forth into joyous song,
and sing out your praise.

Sing psalms to the Lord with the harp,
with the harp and the sound of song.
With trumpets and the sound of the horn,
raise a shout before the King, the Lord.",https://firestore.googleapis.com/v1/projects/catholic-missal/databases/(default)/documents/NigeriaReading,live Nigerian daily corpus,cb490692d8091a1a0d9bf06cb53cdad4968f0c4e32ecad1edb06fe7dd32cf927,efd5e8656ae2cc72a0f3de5b574a90a129ee5c3cddff54142ee4504a8a3a782a,1
nigeria_365_firestore,ng:2026-10-16:responsorial-psalm:1,NG,,2026-10-16,resolved-day,,,,"ps33:1-2,4-5,12-13",Blessed the people the Lord has chosen as his heritage.,"Ring out your joy to the Lord, O you just;
for praise is fitting for the upright.
Give thanks to the Lord upon the harp;
with a ten-stringed lute sing him songs.

For the word of the Lord is faithful,
and all his works to be trusted.
The Lord loves justice and right,
and his merciful love fills the earth.

Blessed the nation whose God is the Lord,
the people he has chosen as his heritage.
From the heavens the Lord looks forth;
he sees all the children of men.",https://firestore.googleapis.com/v1/projects/catholic-missal/databases/(default)/documents/NigeriaReading,live Nigerian daily corpus,00d553a89d9fce2a102bee55a27516dd589b3c42cd37f24723c32f5fd1536860,2791f83053d340cfa8ef50c07fcebbfd3895608948fc73d126c41fc18549f189,1
nigeria_365_firestore,ng:2026-10-17:responsorial-psalm:1,NG,,2026-10-17,resolved-day,,,,"ps8:2-3a,4-5,6-7",You have given your Son power over the works of your hands.,"O Lord, our Lord, how majestic
is your name through all the earth!
Your majesty is set above the heavens.
From the mouths of children and of babes
you fashioned praise.

When I see the heavens, the work of your fingers,
 the moon and the stars which you arranged,
what is man that you should keep him in mind,
the son of man that you care for him?

Yet you have made him little lower than the angels;
with glory and honour you crowned him,
gave him power over the works of your hands:
you put all things under his feet.",https://firestore.googleapis.com/v1/projects/catholic-missal/databases/(default)/documents/NigeriaReading,live Nigerian daily corpus,195b4839c379a339c912f0eabef5ed8b07187228cfcc8de6f71e2ae63717d383,052877ab13fbf7d668429d59ff59ddaa3ead6463587b45c681dc47414788866e,1
nigeria_365_firestore,ng:2026-10-18:responsorial-psalm:1,NG,,2026-10-18,resolved-day,,,,"ps96:1,3,4-5,7-8,9-10a",Give the Lord glory and power.,"O sing a new song to the Lord;
sing to the Lord, all the earth.
Tell among the nations his glory,
And his wonders among all the peoples.

For the Lord is great and highly to be praised,
To be feared above all gods.
For the gods of the nations are naught.
It was the Lord who made the heavens.

Give the LORD, you families of peoples,
Give the LORD glory and power;
Give the LORD the glory of his name.
Bring an offering and enter his courts.

Worship the LORD in holy splendor.
O tremble before him, all the earth.
Say to the nations, “The LORD is king.
He will judge the peoples in fairness.",https://firestore.googleapis.com/v1/projects/catholic-missal/databases/(default)/documents/NigeriaReading,live Nigerian daily corpus,a77ea5d800565e915dc29903b01f0737a2f524f0b277f0058142e024e1318765,eab056d383fd2864ae5b38ae9d7f04d31ea4587ea9faf265da5ce4229e2c292c,1
nigeria_365_firestore,ng:2026-10-19:responsorial-psalm:1,NG,,2026-10-19,resolved-day,,,,"ps100:1-2,3,4,5",The Lord made us; we belong to him.,"Cry out with joy to the Lord, all the earth.
Serve the Lord with gladness.
Come before him, singing for joy. R/.
.
Know that he, the Lord, is God.
He made us; we belong to him.
We are his people, the sheep of his flock.

Enter his gates with thanksgiving
and his courts with songs of praise.
Give thanks to him, and bless his name.

Indeed, how good is the Lord,
eternal his merciful love.
He is faithful from age to age.",https://firestore.googleapis.com/v1/projects/catholic-missal/databases/(default)/documents/NigeriaReading,live Nigerian daily corpus,54f2d664b2fcf2960b575094d4e378d4374279791fbea24306855edbb0d3849f,147a68f96a021e9150963479b3fef6d3619686b66f00ebd03a2554767bb3c97b,1
nigeria_365_firestore,ng:2026-10-20:responsorial-psalm:1,NG,,2026-10-20,resolved-day,,,,"ps85:9ab,10,11-12,13-14",The Lord speaks of peace for his people.,"I will hear what the Lord God speaks;
he speaks of peace for his people and his faithful,
His salvation is near for those who fear him,
and his glory will dwell in our land.

Merciful love and faithfulness have met;
justice and peace have kissed.
Faithfulness shall spring from the earth,
and justice look down from heaven.

Also the Lord will bestow his bounty,
 and our earth shall yield its increase.
 Justice will march before him,
and guide his steps on the way.",https://firestore.googleapis.com/v1/projects/catholic-missal/databases/(default)/documents/NigeriaReading,live Nigerian daily corpus,806769cf74955ba6781f924f44434d982c150026ab48e66cfca5c4f458dae094,c81e2175603a8fad9e7ad34a40befd990f3c70f1a8122fe7a3e177392ad66a99,1
nigeria_365_firestore,ng:2026-10-21:responsorial-psalm:1,NG,,2026-10-21,resolved-day,,,,"isa12:2-3,4bcde,5-6",With joy you will draw water from the wells of the Saviour.,"“Behold, God is my salvation:
I will trust, and will not be afraid;
for the Lord  God is my strength and my song,
and he has become my salvation.”
With joy you will draw water
from the wells of salvation.

“Give thanks to the Lord, call upon his name;
make known his deeds among the nations,
proclaim that his name is exalted.”

“Sing praises to the Lord, for he has done gloriously;
let this be known in all the earth.
Shout, and sing for joy, O inhabitants of Sion,
for great in your midst is the Holy One of Israel.”",https://firestore.googleapis.com/v1/projects/catholic-missal/databases/(default)/documents/NigeriaReading,live Nigerian daily corpus,71bfaa657417ce1274ba8cb500091f7dcf1d1d8ed249ca0cb4884524ccf91979,bcebe136ee007c8a2edb30f0fa0dcfc4f499932cf178bc34ee8e7cc807f86082,1
nigeria_365_firestore,ng:2026-10-22:responsorial-psalm:1,NG,,2026-10-22,resolved-day,,,,"ps33:1-2,4-5,11-12,18-19",The Lord’s merciful love fills the earth.,"Ring out your joy to the Lord,
O you just; for praise is fitting for the upright.
Give thanks to the Lord upon the harp;
with a ten-stringed lute sing him songs.

For the word of the Lord is faithful,
and all his works to be trusted.
The Lord loves justice and right,
and his merciful love fills the earth.

The designs of the Lord stand forever,
the plans of his heart from age to age.
Blessed the nation whose God is the Lord,
the people he has chosen as his heritage.

Yes, the Lord’s eyes are on
those who fear him,
who hope in his merciful love,
to rescue their souls from death,
to keep them alive in famine.",https://firestore.googleapis.com/v1/projects/catholic-missal/databases/(default)/documents/NigeriaReading,live Nigerian daily corpus,79cbee1683b4901e122b4392ffbfb8b2b0d0087580c3beb4f91e943cf105b3ab,00fbc86d131f967dea33210999de56e6267191c0c3333b2b1bd3540c1242165c,1
nigeria_365_firestore,ng:2026-10-23:responsorial-psalm:1,NG,,2026-10-23,resolved-day,,,,"ps24:1-2,3-4ab,5-6","These are the people who seek your face, O Lord.","The Lord’s is the earth and its fullness,
the world, and all who dwell in it.
It is he who set it on the seas;
on the rivers he made it firm.

Who shall climb the mountain of the Lord?
Who shall stand in his holy place?
The clean of hands and pure of heart,
whose soul is not set on vain things.

Blessings from the Lord shall he receive,
and right reward from the God who saves him.
Such are the people who seek him,
who seek the face of the God of Jacob.",https://firestore.googleapis.com/v1/projects/catholic-missal/databases/(default)/documents/NigeriaReading,live Nigerian daily corpus,bb4e2cfde86f5f884fa372564473ee0697362f5f60ddbec16fae5f5bfcc065c7,4520e4a675600d18ec3e2fd64b25e8dd81be140aa7b48db3297294a99d4c53c5,1
nigeria_365_firestore,ng:2026-10-24:responsorial-psalm:1,NG,,2026-10-24,resolved-day,,,,"ps122:1-2,3-4ab,4cd-5",Let us go rejoicing to the house of the Lord.,"I rejoiced when they said to me,
“Let us go to the house of the Lord ”
And now our feet are standing within
your gates, O Jerusalem.

Jerusalem is built as a city
bonded as one together.
It is there that the tribes go up,
the tribes of the Lord.

For Israel’s witness it is
to praise the name of the Lord.
There were set the thrones for judgement,
the thrones of the house of David.",https://firestore.googleapis.com/v1/projects/catholic-missal/databases/(default)/documents/NigeriaReading,live Nigerian daily corpus,5bfde92c5101b3332bbb7d07a5af0691f84fca0e728e336e045cb771ac4c00cf,4f30aa02549e8583f3b513276fd99896f0fa0292eed17fc7ef817f7972662efb,1
nigeria_365_firestore,ng:2026-10-25:responsorial-psalm:1,NG,,2026-10-25,resolved-day,,,,"ps18:2-3a,3bc-4,47,51ab","I love you, Lord, my strength.","I love you, Lord, my strength;
O Lord, my rock, my fortress, my saviour.

My God, my rock where I take refuge;
my shield, my saving strength, my stronghold.
I cry out, Praised be the Lord!
and see, I am saved from my foes.

The Lord lives, and blest be my Rock!
May the God of my salvation be exalted.
The Lord gives great victories to his king,
and shows merciful love for his anointed.",https://firestore.googleapis.com/v1/projects/catholic-missal/databases/(default)/documents/NigeriaReading,live Nigerian daily corpus,23a4b1560bdb40609fdcaaba0bdfd02afc65b355e56c7e2ca95d0c236053c8e7,2797dc4cd266dca8647bee3f9dfee3e79f05f57d8af9e4882d832a97fd73da36,1
nigeria_365_firestore,ng:2026-10-26:responsorial-psalm:1,NG,,2026-10-26,resolved-day,,,,"ps1:1-2,3,4,6","Let us be imitators of God, as beloved children.","Blessed indeed is the man
who follows not the counsel of the wicked,
nor stands in the path with sinners,
nor abides in the company of scorners,
but whose delight is the law of the Lord,
and who ponders his law day and night.

He is like a tree that is planted
beside the flowing waters,
that yields its fruit in due season,
and whose leaves shall never fade;
and all that he does shall prosper.

Not so are the wicked, not so!
For they, like winnowed chaff,
shall be driven away by the wind.
For the Lord knows the way of the just,
but the way of the wicked will perish.",https://firestore.googleapis.com/v1/projects/catholic-missal/databases/(default)/documents/NigeriaReading,live Nigerian daily corpus,2555746ff373c67ef4a319703096079d6450768a4a655eb7b067f4182e6e6c6f,59705deaa96c06ff2f5c2d05e74fe995a27e10a6eb9cdcc386e9a400055129c3,1
nigeria_365_firestore,ng:2026-10-27:responsorial-psalm:1,NG,,2026-10-27,resolved-day,,,,"ps128:1-2,3,4,5",Blessed are all who fear the Lord,"Blessed are all who fear the Lord
And walk in his way!
By the labour of your hands you shall eat.
You will be blessed and prosper.

Your wife like a fruitful vine
in the heart of your house;
your children like shoots of the olive
around your table.

Indeed thus shall be blessed
the man who fears the Lord.
May the Lord bless you from Sion.
May you see Jerusalem prosper
all the days of your life!",https://firestore.googleapis.com/v1/projects/catholic-missal/databases/(default)/documents/NigeriaReading,live Nigerian daily corpus,af6e856a5974c9501174b93a07e38c17397d13462fcbe67d5fcc3f996f10dadb,c9829ae558ab1d61755774554e8279ed8cee11dd044bc226fdd337f90244395d,1
nigeria_365_firestore,ng:2026-10-28:responsorial-psalm:1,NG,,2026-10-28,resolved-day,,,,"ps19:2-3,4-5",Their sound goes forth through all the earth.,"The heavens declare the glory of God,
and the firmament proclaims the work of his hands.
Day unto day conveys the message,
and night unto night imparts the knowledge.

No speech, no word, whose voice goes unheeded;
their sound goes forth through all the earth,
their message to the utmost bounds of the world.",https://firestore.googleapis.com/v1/projects/catholic-missal/databases/(default)/documents/NigeriaReading,live Nigerian daily corpus,dd90bc2532006a2bf8adfa8815ebb45c8b3dba55d39e632e9ea1f589b2046392,ea59f1114bcdd32e808fb7428431135e9ed5d4de2d3f9eae09aa940ab1476be5,1
nigeria_365_firestore,ng:2026-10-29:responsorial-psalm:1,NG,,2026-10-29,resolved-day,,,,"ps144:1,2,9-10","Blest be the Lord, my rock.","Blest be the Lord, my rock,
who trains my hands for battle,
who prepares my fingers for war.

He is my merciful love, my fortress;
he is my stronghold, my saviour,
my shield in whom I take refuge.
He brings peoples under my rule.

To you, O God, will I sing a new song;
I will play on the ten-stringed harp to you
who give kings their victory,
who set David your servant free from the evil sword.",https://firestore.googleapis.com/v1/projects/catholic-missal/databases/(default)/documents/NigeriaReading,live Nigerian daily corpus,6cd926b3248d6c58378b7ab16fddc4a6454fe9024515681c48e96b8feffd30ee,73399500912626df4a654d84e6306c08da719335202938424bf9243ad2c923d4,1
nigeria_365_firestore,ng:2026-10-30:responsorial-psalm:1,NG,,2026-10-30,resolved-day,,,,"ps111:1b-2,3-4,5-6",Great are the works of the Lord.,"Or: Alleluia.

I will praise the Lord with all my heart,
in the meeting of the just and the assembly.
Great are the works of the Lord,
to be pondered by all who delight in them.

Majestic and glorious his work;
his justice stands firm forever.
He has given us a memorial of his wonders.
The Lord is gracious and merciful.

Or: Alleluia.

He gives food to those who fear him;
keeps his covenant ever in mind.
His mighty works he has shown to his
people by giving them the heritage of nations.",https://firestore.googleapis.com/v1/projects/catholic-missal/databases/(default)/documents/NigeriaReading,live Nigerian daily corpus,5928c99363c7347f2ddacd88f9b95a1b26bec0cc553e444b2a5246e82088310d,803bf7410da0809d94c0f406319e8ad1040e1c32bdc327bc175986017b9f5065,1
nigeria_365_firestore,ng:2026-10-31:responsorial-psalm:1,NG,,2026-10-31,resolved-day,,,,"ps42:2,3,5","My soul is thirsting for you, the living God.","Like the deer that yearns
for running streams,
so my soul is yearning
for you, my God.

My soul is thirsting for God,
the living God;
when can I enter and appear
before the face of God?

For I would go to the place
of your wondrous tent,
all the way to the house of God,
amid cries of gladness and thanksgiving,
the throng keeping joyful festival.",https://firestore.googleapis.com/v1/projects/catholic-missal/databases/(default)/documents/NigeriaReading,live Nigerian daily corpus,e26a66ecad8d54e2b329096f18edd26c8b5bb674f0b1f812001cd5254afe4b91,534443081381d480cf272984eb08a6d531bd534de244a094499e8280f2b98cda,1
nigeria_365_firestore,ng:2026-11-01:responsorial-psalm:1,NG,,2026-11-01,resolved-day,,,,"ps24:1-2,3-4ab,5-6","These are the people who seek your face, O Lord.","The Lord’s is the earth and its fullness,
the world, and all who dwell in it.
It is he who set it on the seas;
on the rivers he made it firm.

Who shall climb the mountain of the Lord?
Who shall stand in his holy place?
The clean of hands and pure of heart,
whose soul is not set on vain things.

Blessings from the Lord shall he receive,
and right reward from the God who saves him.
Such are the people who seek him,
who seek the face of the God of Jacob.",https://firestore.googleapis.com/v1/projects/catholic-missal/databases/(default)/documents/NigeriaReading,live Nigerian daily corpus,bb4e2cfde86f5f884fa372564473ee0697362f5f60ddbec16fae5f5bfcc065c7,4520e4a675600d18ec3e2fd64b25e8dd81be140aa7b48db3297294a99d4c53c5,1
nigeria_365_firestore,ng:2026-11-02:responsorial-psalm:1,NG,,2026-11-02,resolved-day,,,,"ps23:1-3,4,5,6","The Lord is my shepherd, there is nothing I shall want.","OR:  Though I should walk in the valley of the shadow of death, no evil would I fear, for you are with me.

The Lord is my shepherd;
there is nothing I shall want.
Fresh and green are the pastures
where he gives me repose.
Near restful waters he leads me;
he revives my soul.

‘He guides me along the right path,
for the sake of his name.
Though I should walk in the valley of the shadow of death,
no evil would I fear, for you are with me.
Your crook and your staff will give me comfort.

OR:  Though I should walk in the valley of the shadow of death, no evil would I fear, for you are with me.

You have prepared a table before me
 in the sight of my foes.
My head you have anointed with oil;
my cup is overflowing.

Surely goodness and mercy shall follow me
all the days of my life.
In the Lord’s own house shall I dwell
for length of days unending.",https://firestore.googleapis.com/v1/projects/catholic-missal/databases/(default)/documents/NigeriaReading,live Nigerian daily corpus,14268635c6d9d8ff2eea5528eecf37c2d04f2f4c8b2f703cc9bf5cbb0bc267ff,cf20d8bdcc7713337c0e8d62bcc3487f02b44281ac822d587195de036ad2545e,1
nigeria_365_firestore,ng:2026-11-03:responsorial-psalm:1,NG,,2026-11-03,resolved-day,,,,"ps22:26b-27,28,29-31,31-32","You are my praise, Lord, in the great assembly.","My vows I will pay before those who fear him.
The poor shall eat and shall have their fill.
They shall praise the Lord, those who seek him.
May their hearts live on forever and ever!

All the earth shall remember and return to the Lord,
all families of the nations worship before him.

For the kingdom is the Lord’s, he is ruler of the nations.
They shall worship him, all the mighty of the earth;
before him shall bow all who go down to the dust.

And my soul shall live for him, my descendants serve him.
They shall tell of the Lord to generations yet to come,
declare his saving justice to peoples yet unborn:
“These are the things the Lord has done.”",https://firestore.googleapis.com/v1/projects/catholic-missal/databases/(default)/documents/NigeriaReading,live Nigerian daily corpus,2be004b3b7d39e1c9114819b8dd64d6c8960d91f9dee5017cc5cfdacb84dfd4d,95f6e89ea7cb4d2874e8d8deb94385791c20b16f8442cba1d0b81710bd4a9be2,1
nigeria_365_firestore,ng:2026-11-04:responsorial-psalm:1,NG,,2026-11-04,resolved-day,,,,"ps27:1,4,13-14",The Lord is my light and my salvation.,"The Lord is my light and my salvation;
whom shall I fear?
The Lord is the stronghold of my life;
whom should I dread?

There is one thing I ask of the Lord,
only this do I seek:
to live in the house of the Lord
all the days of my life,
to gaze on the beauty of the Lord,
to inquire at his temple.

I believe I shall see the Lord’s goodness
in the land of the living.
Wait for the Lord; be strong;
be stouthearted, and wait for the Lord!",https://firestore.googleapis.com/v1/projects/catholic-missal/databases/(default)/documents/NigeriaReading,live Nigerian daily corpus,e579141443c2e22d23cddf2a7e5a3debe4dd99f115bace3c98175a5238302dad,4c7f11dd5c6fde95b30204bcae0ee6ef3fb7c29efa12a8728e00abcac7fe8531,1
nigeria_365_firestore,ng:2026-11-05:responsorial-psalm:1,NG,,2026-11-05,resolved-day,,,,"ps105:2-3,4-5,6-7",Let the hearts that seek the Lord rejoice.,"Or: Alleluia.

O sing to him, sing his praise;
tell all his wonderful works!
Glory in his holy name;
let the hearts that seek the LORD rejoice.

Turn to the Lord and his strength;
constantly seek his face.
Remember the wonders he has done,
his marvels and his words of judgement.

Or: Alleluia.

O children of Abraham, his servant,
O descendants of the Jacob he chose,
he, the Lord, is our God;
his judgements are in all the earth.",https://firestore.googleapis.com/v1/projects/catholic-missal/databases/(default)/documents/NigeriaReading,live Nigerian daily corpus,4b38c4e7cadfac51e0e1b90fb5004a5bdf576b90f00fa2252b80caaafa28de61,c807b986838f373c09dc97693b52bfd176146ada548df0f0f466e313d0c63f13,1
nigeria_365_firestore,ng:2026-11-06:responsorial-psalm:1,NG,,2026-11-06,resolved-day,,,,"ps122:1-2,3-4ab,4cd-5",Let us go rejoicing to the house of the Lord.,"I rejoiced when they said to me,
“Let us go to the house of the Lord.”
And now our feet are standing
Within your gates, O Jerusalem.

Jerusalem is built as a city
Bonded as one together.
It is there that the tribes go up,
The tribes of the Lord.

For Israel’s witness it is
To praise the name of the Lord.
There were set the thrones for judgement,
The thrones of the house of David.",https://firestore.googleapis.com/v1/projects/catholic-missal/databases/(default)/documents/NigeriaReading,live Nigerian daily corpus,e01a5bfd2564a2bf4be1f7fc6e27cf852ebe87e3461c8c9a5ff4a847b8bcfec9,4f30aa02549e8583f3b513276fd99896f0fa0292eed17fc7ef817f7972662efb,1
nigeria_365_firestore,ng:2026-11-07:responsorial-psalm:1,NG,,2026-11-07,resolved-day,,,,"ps112:1b-2,5-6,8a,9",Blessed the man who fears the Lord.,"Or:  Alleluia.

Blessed the man who fears the Lord,
who takes great delight in his commandments.
His descendants shall be powerful on earth;
the generation of the upright will be blest.

It goes well for the man who deals generously and lends,
who conducts his affairs with justice.
He will never be moved;
forever shall the just be remembered.

Or:  Alleluia.

With a steadfast heart he will not fear.
Open-handed, he gives to the poor;
his justice stands firm forever.
His might shall be exalted in glory.",https://firestore.googleapis.com/v1/projects/catholic-missal/databases/(default)/documents/NigeriaReading,live Nigerian daily corpus,6a0a067543f86665807d9fe52309831790ed8d3a125f1c628ecc7e79d019e024,adca7ca4f4e8ef39c4153282bf6989c93740b82fdf2d91900559eb44243177f8,1
nigeria_365_firestore,ng:2026-11-08:responsorial-psalm:1,NG,,2026-11-08,resolved-day,,,,"ps63:2,3-4,5-6,7-8","For you my soul is thirsting, O Lord, my God.","O God, you are my God; at dawn I seek you;
for you my soul is thirsting.
For you my flesh is pining,
Like a dry, weary land without water.

I have come before you in the sanctuary,
To behold your strength and your glory.
Your loving mercy is better than life:
My lips will speak your praise.

I will bless you all my life:
in your name I will lift up my hands.
My soul shall be filled as with a banquet:
With joyful lips, my mouth shall praise you.

When I remember you upon my bed,
I muse on you through the watches of the night.
For you have been my strength:
In the shadow of your wings I rejoice.",https://firestore.googleapis.com/v1/projects/catholic-missal/databases/(default)/documents/NigeriaReading,live Nigerian daily corpus,9b847eeed46efa910d6a69d95bd6e476f59a6b9945f719028f45699b2b5016d2,7b047c06e884c5119f7cf17a0cd53dc9b0f55eca7fb9c18ea1cb1a5d8711d1c7,1
nigeria_365_firestore,ng:2026-11-09:responsorial-psalm:1,NG,,2026-11-09,resolved-day,,,,"ps46:2-3,5-6,8-9","The waters of a river give joy to God’s city,","the holy place, the dwelling of the Most High.

God is for us a refuge and strength,
An ever-present help in time of distress:
So we shall not fear though the earth should rock,
though the mountains quake to the heart of the sea.

The waters of a river give joy to God’s city,
The holy place, the dwelling of the Most High.
God is within, it cannot be shaken;
God will help it at the dawning of the day.

the holy place, the dwelling of the Most High.

The Lord of hosts is with us:
The God of Jacob is our stronghold.
Come and behold the works of the Lord,
The awesome deeds he has done on the earth.",https://firestore.googleapis.com/v1/projects/catholic-missal/databases/(default)/documents/NigeriaReading,live Nigerian daily corpus,375ff7bccc3082bd3bb1415cd7eebefb26f3b1d5fadc15f1112f0e0787588934,a442d6cc8b2c3acab14c51a516daf827afeb550fa13955c2be623f0dc98c54ed,1
nigeria_365_firestore,ng:2026-11-10:responsorial-psalm:1,NG,,2026-11-10,resolved-day,,,,"ps37:3-4,18,23,27,29",From the Lord comes the salvation of the just.,"Trust in the Lord and do good;
then you will dwell in the land and safely pasture.
Find your delight in the Lord,
who grants your heart’s desire.

The Lord takes note of the days of the blameless;
their heritage will last forever.
By the Lord are the steps made firm
of one in whose path He delights.

Then turn away from evil and do good,
and you may abide forever.
The just shall inherit the land;
there they shall abide forever.",https://firestore.googleapis.com/v1/projects/catholic-missal/databases/(default)/documents/NigeriaReading,live Nigerian daily corpus,ac0f6c53a2b2ac65a090e77e6208100886de037997ff26764dbb301599f36b8f,1dbe1198cf70590126a5a8157179a436429bb268b5728ab19f22289516192bec,1
nigeria_365_firestore,ng:2026-11-11:responsorial-psalm:1,NG,,2026-11-11,resolved-day,,,,"ps23:1-3a,3b-4,5,6",The Lord is my shepherd; there is nothing I shall want.,"The Lord is my shepherd;
there is nothing I shall want.
Fresh and green are the pastures
where he gives me repose.
Near restful waters he leads me;
he revives my soul.

He guides me along the right path,
for the sake of his name.
Though I should walk in the valley of the shadow of death,
no evil would I fear, for you are with me.
Your crook and your staff will give me comfort.

You have prepared a table before me
in the  sight of my foes.
My head you have anointed with oil;
my cup is overflowing.

Surely goodness and mercy shall follow me
all the days of my life.
In the Lord’s own house shall I dwell
for length of days unending.",https://firestore.googleapis.com/v1/projects/catholic-missal/databases/(default)/documents/NigeriaReading,live Nigerian daily corpus,748a90467b25cd7d13614d13da3b4083b596c6b4923f64dbed59ae9df248f37c,f9f4fbba27f1afc7cf0bc67ed00b51cdfaddf5b1e9035e77adb2aa2972909187,1
nigeria_365_firestore,ng:2026-11-12:responsorial-psalm:1,NG,,2026-11-12,resolved-day,,,,"ps146:6c-7,8-9a,9bc-10",Blessed is he who is helped by Jacob’s God.,"Or:  Alleluia.

It is the Lord who preserves fidelity forever,
who does justice to those who are oppressed.
It is he who gives bread to the hungry,
the Lord who sets prisoners free.

It is the Lord who opens the eyes of the blind,
the Lord who raises up those who are bowed down.
It is the Lord who loves the just,
the Lord who protects the stranger.

Or:  Alleluia.

The Lord upholds the orphan and the widow,
but thwarts the path of the wicked.
The Lord will reign forever,
the God of Sion from age to age.",https://firestore.googleapis.com/v1/projects/catholic-missal/databases/(default)/documents/NigeriaReading,live Nigerian daily corpus,c90d1acd8f7cfa0a0ec99a506b3dc57584a6503615ad76c382229873f1c77f87,7e672345ff0fdc4555e872ff86eb364c2f6c7dfafad66a17da614b21c13c6a20,1
nigeria_365_firestore,ng:2026-11-13:responsorial-psalm:1,NG,,2026-11-13,resolved-day,,,,"ps119:1,2,10,11,17,18",Blessed are those who walk in the law of the Lord!,"Blessed are those whose way is blameless,
who walk in the law of the Lord!

Blessed are those who keep his decrees!
With all their hearts they seek him.

I have sought you with all my heart;
let me not stray from your commands.

I treasure your word in my heart,
lest I sin against you.

Deal bountifully with your servant,
that I may live and keep your word.

Open my eyes, that I may see
the wonders of your law.",https://firestore.googleapis.com/v1/projects/catholic-missal/databases/(default)/documents/NigeriaReading,live Nigerian daily corpus,605300d4fd63af68813f346239c65dadf9698ae546a23e518d73a2b30f7046fa,3d508ab6a05c38063e2caad059a8faedb57b558c4dfe69ee9114e6fdc4ebe01d,1
nigeria_365_firestore,ng:2026-11-14:responsorial-psalm:1,NG,,2026-11-14,resolved-day,,,,"ps112:1b-2,3-4,5-6",Blessed the man who fears the Lord.,"Or:  Alleluia.

Blessed the man who fears the Lord,
who takes great delight in his commandments.
His descendants shall be powerful on earth;
the generation of the upright will be blest.

Riches and wealth are in his house;
his justice stands firm forever.
A light rises in the darkness for the upright;
he is generous, merciful and just.

It goes well for the man who deals generously and lends,
who conducts his affairs with justice.
He will never be moved;
forever shall the just be remembered.",https://firestore.googleapis.com/v1/projects/catholic-missal/databases/(default)/documents/NigeriaReading,live Nigerian daily corpus,cb5fdef38e8af905a9190d3b38590aedd36f8d233de2b43c6475ff7cee0e8f05,e03bf2370a6446c30b3ffd5d33dd1b9aac3bc4d51899fdfec721b1089cec0c31,1
nigeria_365_firestore,ng:2026-11-15:responsorial-psalm:1,NG,,2026-11-15,resolved-day,,,,"ps128:1-2,3,4-5",Blessed are all who fear the Lord.,"Blessed are all who fear the Lord,
and walk in his ways!
By the labour of your hands you shall eat.
You will be blessed and prosper.

Your wife like a fruitful vine
in the heart of your house;
your children like shoots of the
olive around your table.

Indeed thus shall be blessed
the man who fears the Lord.
May the Lord bless you from Sion.
May you see Jerusalem prosper
all the days of your life!",https://firestore.googleapis.com/v1/projects/catholic-missal/databases/(default)/documents/NigeriaReading,live Nigerian daily corpus,a0e57e9b08adbea1229aa3b307e2f0a223e4dc28e46312d9dbc3e9b1a438906f,c781ba1f38b3236251382bfae36175193a73c87142fc451f08a99e84c8d07679,1
nigeria_365_firestore,ng:2026-11-16:responsorial-psalm:1,NG,,2026-11-16,resolved-day,,,,"ps1:1-2,3,4,6","To him who conquers, I will grant to eat of the tree of life.","Blessed indeed is the man
who follows not the counsel of the wicked,
nor stands in the path with sinners,
nor abides in the company of scorners,
but whose delight is the law of the Lord,
and who ponders his law day and night.

He is like a tree that is planted
beside the flowing waters,
that yields its fruit in due season,
and whose leaves shall never fade;
and all that he does shall prosper.

Not so are the wicked, not so!
For they, like winnowed chaff,
shall be driven away by the wind.
For the Lord knows the way of the just,
but the way of the wicked will perish.",https://firestore.googleapis.com/v1/projects/catholic-missal/databases/(default)/documents/NigeriaReading,live Nigerian daily corpus,22323191b3589e15ef33e15fe5e42b8723cfc43af66d7bfce577a55216864150,d869e500405b1047c816611b73b785f959d1218fdc1d89e41d71274b06a2d598,1
nigeria_365_firestore,ng:2026-11-17:responsorial-psalm:1,NG,,2026-11-17,resolved-day,,,,"ps15:2-3a,3bc-4ab,5","He who conquers, I will grant him to sit with me on my throne.","Whoever walks without fault;
who does what is just,
and speaks the truth from his heart.
Who does not slander with his tongue.

Who does no wrong to a neighbour,
who casts no slur on a friend,
who looks with scorn on the wicked,
but honours those who fear the Lord.

Who lends no money at interest,
and accepts no bribes against the innocent.
Such a one shall never be shaken.",https://firestore.googleapis.com/v1/projects/catholic-missal/databases/(default)/documents/NigeriaReading,live Nigerian daily corpus,73265bb311e04879667dfb10e18ceb4d86efd262a6f4f1c7555a21db16993681,309aeac4246106a9244d32a0951f7399f9768a7eb69aed27f0b06d909330abba,1
nigeria_365_firestore,ng:2026-11-18:responsorial-psalm:1,NG,,2026-11-18,resolved-day,,,,"ps150:1b-2,3-4,5-6","Holy, holy, holy is the Lord God Almighty.","Or:  Alleluia.

Praise God in his holy place;
praise him in his mighty firmament.
Praise him for his powerful deeds;
praise him for his boundless grandeur.

O praise him with sound of trumpet;
praise him with lute and harp.
Praise him with timbrel and dance;
praise him with strings and pipes.

Or:  Alleluia.

O praise him with resounding cymbals;
praise him with clashing of cymbals.
Let everything that breathes praise the Lord!",https://firestore.googleapis.com/v1/projects/catholic-missal/databases/(default)/documents/NigeriaReading,live Nigerian daily corpus,6f915828ec3c91096ba0175d127aaac866b520a47544e1fa933dcddd23f0f100,618581b25fef57ae2b939db64c6f0c3bf659e526883e2e1ed6c415176d66d672,1
nigeria_365_firestore,ng:2026-11-19:responsorial-psalm:1,NG,,2026-11-19,resolved-day,,,,"ps149:1b-2,3-4,5-6a,9bc",You have made us a kingdom and priests to our God.,"Or: Alleluia.

Sing a new song to the Lord,
his praise in the assembly of the faithful.
Let Israel rejoice in its Maker;
let Sion’s children exult in their king.

Let them praise his name with dancing,
and make music with timbrel and harp.
For the Lord takes delight in his people;
he crowns the poor with salvation.

Let the faithful exult in glory,
and rejoice as they take their rest.
Let the praise of God be in their mouths.
This is an honour for all his faithful.",https://firestore.googleapis.com/v1/projects/catholic-missal/databases/(default)/documents/NigeriaReading,live Nigerian daily corpus,0474c836616f6836381436da0e103c604ce94334c490f12f36c53e78b7a72733,bfcd905e57170365b34c852079c63f7adaae9d5a35d17fb6fac8abd6070d48e3,1
nigeria_365_firestore,ng:2026-11-20:responsorial-psalm:1,NG,,2026-11-20,resolved-day,,,,"ps119:14,24,72,103,111,131","How sweet is your promise to my tongue, O Lord!","I rejoice in the way of your precepts,
as though all riches were mine.

See, your decrees are my delight;
your statutes are my counsellors.

The law from your mouth means more to me
than large quantities of silver and gold.

How sweet is your promise to my tongue,
more than honey in the mouth.

Your decrees are my heritage forever,
the joy of my heart.

I have opened my mouth and I sigh,
for I yearn for your commands.",https://firestore.googleapis.com/v1/projects/catholic-missal/databases/(default)/documents/NigeriaReading,live Nigerian daily corpus,7627a3c37c0f087a6b93c9aacb5ebbf359aba69a8b96c805819fb71fae9c4e71,67e2d931ef70c3f5ecec63b70d13af91c8e69b3f9137c90c424b028c177baae8,1
nigeria_365_firestore,ng:2026-11-21:responsorial-psalm:1,NG,,2026-11-21,resolved-day,,,,"ps144:1,2,9-10","Blest be the Lord, my rock.","Blest be the Lord, my rock,
who trains my hands for battle,
who prepares my fingers for war.

He is my merciful love, my fortress;
 he is my stronghold, my saviour,
 my shield in whom I take refuge.
 He brings peoples under my rule.

To you, O God, will I sing a new song;
I will play on the ten-stringed harp
to you who give kings their victory,
who set David your servant free
from the evil sword.",https://firestore.googleapis.com/v1/projects/catholic-missal/databases/(default)/documents/NigeriaReading,live Nigerian daily corpus,1c4c7fe57bc5c68b646e9112e63d2ba2169c6d1d05ff1c1c522c6aaecacff21b,73399500912626df4a654d84e6306c08da719335202938424bf9243ad2c923d4,1
nigeria_365_firestore,ng:2026-11-22:responsorial-psalm:1,NG,,2026-11-22,resolved-day,,,,"ps23:1,2a,2b,3,5,6",The Lord is my shepherd; there is nothing I shall want.,"The Lord is my shepherd;
There is nothing I shall want.
Fresh and green are the pastures
Where he gives me repose.

Near restful waters he leads me;
He revives my soul.
He guides me along the right path,
For the sake of his name.

You have prepared a table before me
in the sight of my foes.
My head you have anointed with oil;
My cup is over flowing.

Surely goodness and mercy shall follow me
all the days of my life.
In the Lord’s own house shall I dwell
for length of days unending.",https://firestore.googleapis.com/v1/projects/catholic-missal/databases/(default)/documents/NigeriaReading,live Nigerian daily corpus,a0d3552db84979ebb0db932ea1c0ae0d95164b827d8d0566e38a77acc1ac2ee4,47dac8afc2766c0c9583a000e49bc64282ea1d299a0bd9643df9cd8a8d51bafd,1
nigeria_365_firestore,ng:2026-11-23:responsorial-psalm:1,NG,,2026-11-23,resolved-day,,,,"ps24:1-2,3-4ab,5-6","These are the people who seek your face, O Lord.","The Lord’s is the earth and its fullness,
the world, and all who dwell in it.
It is he who set it on the seas;
on the rivers he made it firm.

Who shall climb the mountain of the Lord?
Who shall stand in his holy place?
The clean of hands and pure of heart,
whose soul is not set on vain things.

Blessings from the Lord shall he receive,
and right reward from the God who saves him.
Such are the people who seek him,
who seek the face of the God of Jacob.",https://firestore.googleapis.com/v1/projects/catholic-missal/databases/(default)/documents/NigeriaReading,live Nigerian daily corpus,bb4e2cfde86f5f884fa372564473ee0697362f5f60ddbec16fae5f5bfcc065c7,4520e4a675600d18ec3e2fd64b25e8dd81be140aa7b48db3297294a99d4c53c5,1
nigeria_365_firestore,ng:2026-11-24:responsorial-psalm:1,NG,,2026-11-24,resolved-day,,,,"ps96:10,11-12,13",The Lord comes to judge the earth.,"Say to the nations, “The Lord is king.”
The world he made firm in its place;
he will judge the peoples in fairness.

Let the heavens rejoice and earth be glad;
let the sea and all within it thunder praise.
Let the land and all it bears rejoice.

Then will all the trees of the wood shout for joy.
At the presence of the Lord, for he comes,
he comes to judge the earth.
He will judge the world with justice;
he will govern the peoples with his truth.",https://firestore.googleapis.com/v1/projects/catholic-missal/databases/(default)/documents/NigeriaReading,live Nigerian daily corpus,df24c0efa3acabe9da38ce4b47172963f8923187804110f8d6d4d2ea928b591d,05f59232a04cc000e6ecf0279133b1b2cd06a25b2c18de65fc5abeeb89d52d16,1
nigeria_365_firestore,ng:2026-11-25:responsorial-psalm:1,NG,,2026-11-25,resolved-day,,,,"ps98:1,2-3ab,7-8,9","Great and wonderful are your deeds, O Lord God Almighty!","O sing a new song to the Lord,
for he has worked wonders.
His right hand and his holy arm
have brought salvation.

The Lord has made known his salvation,
has shown his deliverance to the nations.
He has remembered his merciful love
and his truth for the house of Israel.

Let the sea and all within it thunder;
the world, and those who dwell in it.
Let the rivers clap their hands,
and the hills ring out their joy.
At the presence of the Lord, for he comes,
he comes to judge the earth.

He will judge the world with justice,
and the peoples with fairness.",https://firestore.googleapis.com/v1/projects/catholic-missal/databases/(default)/documents/NigeriaReading,live Nigerian daily corpus,a03ad1fa9a9b41ac38c0773fe2cd8c4e046ff4366d90e8c3e451a10b243e2031,d5ba625dfc0ec1871435ff34bde16cb623b869d2717344e9cc8aa144bf564815,1
nigeria_365_firestore,ng:2026-11-26:responsorial-psalm:1,NG,,2026-11-26,resolved-day,,,,"ps100:1-2,3,4,5",Blessed are those who are invited to the marriage supper of the Lamb.,"Cry out with joy to the Lord, all the earth.
Serve the Lord with gladness.
Come before him, singing for joy.

Know that he, the Lord, is God.
He made us; we belong to him.
We are his people, the sheep of his flock.

Enter his gates with thanksgiving
and his courts with songs of praise.
Give thanks to him, and bless his name.

Indeed, how good is the Lord,
eternal his merciful love.
He is faithful from age to age.",https://firestore.googleapis.com/v1/projects/catholic-missal/databases/(default)/documents/NigeriaReading,live Nigerian daily corpus,1c2086b9785aa8c7f43a69e8387b304f3ace793066b0a270ad1d9e62db5b83d2,68d464785296a13727bfa36a12044a36e3842e515733a136bbecd68cc72e54eb,1
nigeria_365_firestore,ng:2026-11-27:responsorial-psalm:1,NG,,2026-11-27,resolved-day,,,,"ps84:3,4,5-6a,8a","Behold, the dwelling of God is with men.","My soul is longing and yearning
For the courts of the Lord.
My heart and my flesh cry out
To the living God.

Even the sparrow finds a home,
And the swallow a nest for herself
In which she sets her young, at your altars,
O Lord of hosts, my king and my God.

Blessed are they who dwell in your house,
For ever singing your praise.
Blessed is the man whose strength is in you.
They walk with ever-growing strength.",https://firestore.googleapis.com/v1/projects/catholic-missal/databases/(default)/documents/NigeriaReading,live Nigerian daily corpus,13101c548a94f77a012a64489e0699af51347503c2f9576dcb7c9a3bb5204e0a,4111a13ee466b319e82d905d6f57134a67a0c48a167b12fa343280ab9d64e072,1
nigeria_365_firestore,ng:2026-11-28:responsorial-psalm:1,NG,,2026-11-28,resolved-day,,,,"ps95:1-2,3-5,6-7abc","Maranatha!  Come, Lord Jesus!","Come, let us ring out our joy to the LORD;
hail the rock who saves us.
Let us come into his presence, giving thanks;
let us hail him with a song of praise.

A mighty God is the Lord,
a great king above all gods.
In his hands are the depths of the earth;
the heights of the mountains are his.
To him belongs the sea, for he made it,
and the dry land that he shaped by his hands.

O come; let us bow and bend low.
Let us kneel before the God who made us,
for he is our God and we
the people who belong to his pasture,
the flock that is led by his hand.",https://firestore.googleapis.com/v1/projects/catholic-missal/databases/(default)/documents/NigeriaReading,live Nigerian daily corpus,caf94ec12d374fbe8c8c8207fb3ec2798f15b1e94a7cad9a1eb02cda6a087e3b,177e935650d6abdd09c494aed10358ac7aaf7c640112a368d58bccbbfc2cf574,1
nigeria_365_firestore,ng:2026-11-29:responsorial-psalm:1,NG,,2026-11-29,resolved-day,,,,"ps80:2ac,3b,15-16a,18-19","O God, bring us back; let your face shine on us, and we shall be shaved.","O shepherd of Israel, hear us,
enthroned on the cherubim, shine forth.
Rouse up your might and come to save us.

God of hosts, turn again, we implore;
look down from heaven and see.
Visit this vine and protect it,
The vine your right hand has planted.

May your hand be on the man at your right hand,
the son of man you have confirmed as your own.
And we shall never forsake you again;
Give us life that we may call upon your name.

SECONDREADING
We wait for the revealing of our Lord Jesus Christ.
A reading from the first Letter of Saint Paul to the Corinthians (1 Corinthians1:3-9)

Brethren: Grace to you and peace from God our Father and the Lord Jesus Christ. I give thanks to God always for you because of the grace of God which was given you in Christ Jesus, that in every way you were enriched in him with all speech and all knowledge-even as the testimony to Christ was confirmed among you-so that you are not lacking in any spiritual gift, as you wait for the revealing of our Lord Jesus Christ; who will sustain you to the end, guiltless in the day of our Lord Jesus Christ. God is faithful, by whom you were called into the fellowship of his Son, Jesus Christ our Lord.

The word of the Lord.",https://firestore.googleapis.com/v1/projects/catholic-missal/databases/(default)/documents/NigeriaReading,live Nigerian daily corpus,782109ffd86e8fb61693735f1604b9122e98ffd974b112096d30fbe4b55d16c0,35e5b12cfae22d4ace29c422e42f8cfdf77d6fa599f86be96b6e0a7ffd8b657f,1
nigeria_365_firestore,ng:2026-11-30:responsorial-psalm:1,NG,,2026-11-30,resolved-day,,,,"ps19:2-3,4-5",Their sound goes forth through all the earth.,"The heavens declare the glory of God,
and the firmament proclaims the work of his hands.
Day unto day conveys the message,
and night unto night imparts the knowledge.

No speech, no word, whose voice goes unheeded;
their sound goes forth through all the earth,
their message to the utmost bounds of the world.",https://firestore.googleapis.com/v1/projects/catholic-missal/databases/(default)/documents/NigeriaReading,live Nigerian daily corpus,dd90bc2532006a2bf8adfa8815ebb45c8b3dba55d39e632e9ea1f589b2046392,ea59f1114bcdd32e808fb7428431135e9ed5d4de2d3f9eae09aa940ab1476be5,1
nigeria_365_firestore,ng:reconstructed:001b0aae199b9348,NG,,,reconstructed-selection,,,449,"ps126:1-2ab,2cd-3,4-5,6",The Lord has done great things for us.,"When the Lord brought back the exiles of Sion,
we thought we were dreaming.
Then was our mouth filled with laughter;
on our tongues, songs of joy.

Then the nations themselves said,
“What great deeds the Lord worked for them!”
What great deeds the Lord worked for us!
Indeed, we were glad.

Bring back our exiles,
O Lord, as streams in the south.
Those who are sowing in tears
will sing when they reap.

They go out, they go out, full of tears,
bearing seed for the sowing;
they come back, they come back with a song,
bearing their sheaves.",repo://verification/psalm_sources/nigeria_complete_liturgical_coverage.csv,verified Nigerian fragments,89c9918d20cac48093799cc2060549a0dfb72ca4b7a85c5b9b4f9803d12a4e77,e45e93c8da5b43a7f75ec253f7cd7421bf7988eb05f86438540a3b505a92c0a7,20
nigeria_365_firestore,ng:reconstructed:005ac49f5337e7db,NG,,,reconstructed-selection,,,,"ps19:8,9,10,15","Your words, Lord, are Spirit and life","The law of the Lord is perfect;
it revives the soul.
The decrees of the Lord are steadfast;
they give wisdom to the simple.

The precepts of the Lord are right;
they gladden the heart.
The command of the Lord is clear;
it gives light to the eyes.

The fear of the Lord is pure,
Abiding forever.
The judgements of the Lord are true;
they are, all of them, just.

May the spoken words of my mouth,
the thoughts of my heart,
win favour in your sight, O Lord,
my rock and my redeemer !",repo://verification/psalm_sources/nigeria_complete_liturgical_coverage.csv,verified Nigerian fragments,ce08b80ac81d4feef93ce88a0b4e7f73c3f3859f011d03e7018f50c06b7e56d3,ab9db444c41b18d86c69ab2dc501b15f812c0822446969cb123e6377ccac1965,20
nigeria_365_firestore,ng:reconstructed:039c8f7f43b5e682,NG,,,reconstructed-selection,,,,"ps122:1-2,3-4ab,4cd-5,6-7,8-9",We shall go rejoicing to the house of the Lord,"I rejoiced when they said to me,
“Let us go to the house of the Lord.”
And now our feet are standing within
your gates, O Jerusalem.

Jerusalem is built as a city
bonded as one together.
It is there that the tribes go up,
the tribes of the Lord.

For Israel’s witness it is
to praise the name of the Lord.
There were set the thrones for judgement,
the thrones of the house of David.

For the peace of Jerusalem pray,
“May they prosper, those who love you.”
May peace abide in your walls,
and security be in your towers.

For the sake of my family and friends,
let me say, “Peace upon you.”
For the sake of the house of the Lord, our God,
I will seek good things for you.",repo://verification/psalm_sources/nigeria_complete_liturgical_coverage.csv,verified Nigerian fragments,a224b4a7a55658877dc054960adf03d3f97792bd169b9c9e5066dd37204350e3,46dc39be68ef3f697d602f12b651fd27c277a290d66b24aa123ff8cfbd78661b,20
nigeria_365_firestore,ng:reconstructed:05aa6e9025949e7f,NG,,,reconstructed-selection,,,239,"ps147:12-13,15-16,19-20","Praise the Lord, Jerusalem.","O Jerusalem, glorify the Lord!
O Sion, praise your God!
He has strengthened the bars of your gates;
he has blessed your children within you.

He sends out his word to the earth,
and swiftly runs his command.
He showers down snow like wool;
he  scatters hoarfrost  like  ashes.

He reveals his word to Jacob;
to Israel, his decrees and judgements.
He has not dealt thus with other nations;
he has not taught them his judgements.",repo://verification/psalm_sources/nigeria_complete_liturgical_coverage.csv,verified Nigerian fragments,d7ee1d5891319719f270996d986af3acc5262757655a0ec646808ed1a10726fd,961550dfb31cfa3dd499c0f4dc8544f01922e7e211ca7dfae3643705d55a8886,20
nigeria_365_firestore,ng:reconstructed:06fe309b214994ad,NG,,,reconstructed-selection,,,,"ps32:1-2,5,6,7",Blessed are those whose sins are forgiven.,"Blessed is he whose transgression is forgiven,
whose sin is remitted.
Blessed the man to whom the Lord imputes no guilt,
in whose spirit is no guile.

To you I have acknowledged my sin;
my guilt I did not hide.
I said, “I will confess my transgression to the Lord.”
And you have forgiven the guilt of my sin.

So let each faithful one pray to you
in the time of need.
The floods of water may reach high,
but such a one they shall not reach.

You are a hiding place for me;
you keep me safe from distress;
you surround me with cries of deliverance.",repo://verification/psalm_sources/nigeria_complete_liturgical_coverage.csv,verified Nigerian fragments,201dff184e3c32a5cec2ca7654a817055d80b0700f1334184746e8a41143db96,cbd0db1e680fc4c8d9a5acec8923143af2e48534c9e8022898f88f564ff8e6f2,20
nigeria_365_firestore,ng:reconstructed:08684474e7c2cff0,NG,,,reconstructed-selection,,,,"ps19:2-3,4-5",The heavens declare the glory of God.,"The heavens declare the glory of God,
and the firmament proclaims the work of his hands.
Day unto day conveys the message
and night unto night imparts the knowledge.

No speech, no word, whose voice goes unheeded;
their sound goes forth through all the earth,
their message to the utmost bounds of the world.",repo://verification/psalm_sources/nigeria_complete_liturgical_coverage.csv,verified Nigerian fragments,eda23bc0319949dec88a6b4616ac50123ab87a7d6153b6e8a63ab5827833c3fd,4f572895866ae349edd54ce77807806612b6652cd6ef30175ba8e19042a6b16a,20
nigeria_365_firestore,ng:reconstructed:09b527b2419bf23c,NG,,,reconstructed-selection,,,,"ps34:2-3,4-5,6-7",Taste and see the goodness of the Lord.,"I will bless the Lord at all times,
praise of him is always in my mouth.
In the Lord my soul shall make its boast;
the humble shall hear and be glad.

Glorify the Lord with me;
together let us praise his name.
I sought the Lord, and he answered me;
from all my terrors he set me free.

Look towards him and be radiant;
let your faces not be abashed.
This lowly one called; the Lord heard,
And rescued him from all his distress.",repo://verification/psalm_sources/nigeria_complete_liturgical_coverage.csv,verified Nigerian fragments,50b88cd88305aae2153b01263149bd3a061191a9666a4e04007c056cda0c32bf,d834097c40a321bc0de598d092a33fc8c5c3135c62cb617632faac0c150febf2,20
nigeria_365_firestore,ng:reconstructed:09d6ecdf7620854e,NG,,,reconstructed-selection,,,,"ps51:3-4,5-6ab,6cd-7,12-13","Have mercy, O Lord, for we have sinned.","Have mercy on me, O God,
according to your merciful love;
according to your great compassion,
blot out my transgressions.
Wash me completely from my iniquity,
and cleanse me from my sin.

My transgressions, truly I know them;
my sin is always before me.
Against you, you alone, have I sinned;
what is evil in your sight I have done.

So you are just in your sentence,
without reproach in your judgement.
O see, in guilt I was born,
a sinner when my mother conceived me.

Create a pure heart for me, O God;
renew a steadfast spirit within me.
Do not cast me away from your presence;
take not your holy spirit from me.",repo://verification/psalm_sources/nigeria_complete_liturgical_coverage.csv,verified Nigerian fragments,33d173c2df1267754207eba71f4249495211d973d16893321ed761e9bf01bf1c,6c65e685cf8d6836b2fdd19b359d4cdbde122583c10d6d66c501157578e82043,20
nigeria_365_firestore,ng:reconstructed:0a619d2499bae864,NG,,,reconstructed-selection,,,252,"ps102:1-2,15-17,18-20","O Lord, hear my prayer,","O Lord, and let my cry come to you.
Do not hide your face from me in the day of my distress.
Turn your ear towards me;
on the day when I call, speedily answer me.

The nations shall fear the name of the Lord,
and all the earth’s kings your glory.
When the Lord shall build up Sion,
he will appear in all his glory.
Then he will turn to the prayers of the helpless;
he will not despise their prayers.

Let this be written for ages to come,
that a people yet unborn may praise the Lord;
the Lord  looked down from His holy place on high,
looked down from heaven to the earth,
to hear the groans of the prisoners,
and free those condemned to die.",repo://verification/psalm_sources/nigeria_complete_liturgical_coverage.csv,verified Nigerian fragments,6bfbabf4a52f83db12273acb56aa811692cf278f8d1fbdb33b35796ee3b77129,e233ffb72b1a4f696de0ce62000467b2170415894d455e4d2d45eca95547e75d,20
nigeria_365_firestore,ng:reconstructed:0aba0b5afff3f6d3,NG,,,reconstructed-selection,,,482,"ps144:1,2,9-10","Blessed be the Lord, my Rock!","Blest be the Lord, my rock,
who trains my hands for battle,
who prepares my fingers for war.

He is my merciful love, my fortress;
he is my stronghold, my saviour,
my shield in whom I take refuge.
He brings peoples under my rule.

To you, O God, will I sing a new song;
I will play on the ten-stringed harp
to you who give kings their victory,
who set David your servant free from the evil sword.",repo://verification/psalm_sources/nigeria_complete_liturgical_coverage.csv,verified Nigerian fragments,595976db408e8b12b914702d547a2ab6fdf0da48474278a7a339a440f9c33a5f,c3af05459af8d61555abc8be3bebe93fa4dd12c4f36aa6cc365d31e24aefd0dd,20
nigeria_365_firestore,ng:reconstructed:0be76bd18404f4f5,NG,,,reconstructed-selection,,,,"ps145:8-9,13cd-14,17-18",The Lord is kind and full of compassion,"The Lord is kind and full of compassion,
slow to anger, abounding in mercy.
How good is the Lord to all,
compassionate to all his creatures.

The Lord is faithful in all his words,
and holy in all his deeds.
The Lord supports all who fall,
and raises up all who are bowed down.

The Lord is just in all his ways,
And holy in all his deeds.
The Lord is close to all who call him,
Who call on him in truth.",repo://verification/psalm_sources/nigeria_complete_liturgical_coverage.csv,verified Nigerian fragments,4f42a8b3cfc444b1cad9e6528d0fd5457e379fcbad4fc8af870e52e3e17ffb8f,813e6d8c4c3c4337ce3c36bc1dc6f5d6efc0871fbf2fbb024329415725d0e18b,20
nigeria_365_firestore,ng:reconstructed:0c3f8e352ef5d860,NG,,,reconstructed-selection,,,,"ps63:2,3-4,5-6,8-9","My soul is thirsting for you, O Lord my God.","O God, you are my God; at dawn I seek you;
for you my soul is thirsting.
For you my flesh is pining,
like a dry, weary land without water.

I have come before you in the sanctuary,
to behold your strength and your glory.
Your loving mercy is better than life;
my lips will speak your praise.

I will bless you all my life;
in your name I will lift up my hands.
My soul shall be filled as with a banquet;
with joyful lips, my mouth shall praise you.

For you have been my strength;
In the shadow of your wings I rejoice.
My soul clings fast to you;
Your right hand upholds me.",repo://verification/psalm_sources/nigeria_complete_liturgical_coverage.csv,verified Nigerian fragments,f12724427a4a22572bf4b6c022c415fedb29c4ba69533cf62d69f3ab1fb5de6f,ec0855cf6a4edb93201dc7bfb369d958926da95051efbd8ae92ca23133b0555f,20
nigeria_365_firestore,ng:reconstructed:0e8d630def4ef058,NG,,,reconstructed-selection,,,,"ps34:2-3,16-17,18-19",I will bless the Lord at all times.,"I will bless the Lord at all times,
praise of him is always in my mouth.
In the Lord my soul shall make its boast;
the humble shall hear and be glad.

The Lord turns his eyes to the just,
and his ears are open to their cry.
The Lord turns his face against the wicked
to destroy their remembrance from the earth.

When the just cry out, the Lord hears,
and rescues them in all their distress.
The Lord is close to the broken-hearted;
those whose spirit is crushed he will save.",repo://verification/psalm_sources/nigeria_complete_liturgical_coverage.csv,verified Nigerian fragments,d407ce1f3fbe32f63e66d442421856d4fc3f8f4384a6e0d7452e837f654d4f59,4f3cc92e86ee7dbfa0ad3be51761d197b801839a370a7308ac3eb489b186ec86,20
nigeria_365_firestore,ng:reconstructed:0e99c5aac99a6537,NG,,,reconstructed-selection,,,,"ps11:4,5,7","The just will gaze on your face, O Lord.","or:  Alleluia.

The Lord is in his holy temple;
the throne of the Lord is in heaven.
His eyes behold the world;
his gaze probes the children of men.

The Lord inspects the just and the wicked;
the lover of violence he hates.
For the Lord is just and loves deeds of justice;
the upright shall behold his face.",repo://verification/psalm_sources/nigeria_complete_liturgical_coverage.csv,verified Nigerian fragments,7a68d1015228b4718a767743e10a2baadccccea8918a98b868b5eed4b894bdb4,0028513f4b68332598089dcad4893df2b4d4961af3420cf3e6bbe24c51c96672,20
nigeria_365_firestore,ng:reconstructed:1278185b748c3028,NG,,,reconstructed-selection,,,,"ps1:1-2,3,4,6","To the one who conquers, I will grant to eat of the tree of life.","Blessed indeed is the man
Who follows not the counsel of the wicked,
Nor stands in the path with sinners,
Nor abides in the company of scorners,
But whose delight is the law of the Lord,
And who ponders his law day and night.

He is like a tree that is planted
Beside the flowing waters,
That yields its fruit in due season,
And whose leaves shall never fade;
and all that he does shall prosper.

Not so are the wicked, not so!
For they, like winnowed chaff,
shall be driven away by the wind.
For the Lord knows the way of the just,
but the way of the wicked will perish.

VERSE BEFORE THEGOSPEL Luke 8:15
Glory and praise to you, O Christ. Blessed are those who, hearing the word, hold it fast in an honest and good heart, and bring forth fruit with patience. Glory and praise to you, O Christ.",repo://verification/psalm_sources/nigeria_complete_liturgical_coverage.csv,verified Nigerian fragments,bc67fbe6b7706621498f891ec92483e56ebc829542b9bddcf322303469ee0d89,131fc9631c85073cd6f0c71c047279ce3fbd5984e9baad7a28f0121fe8092f8a,20
nigeria_365_firestore,ng:reconstructed:13e9c323e21bf074,NG,,,reconstructed-selection,,,322,"ps51:10-11,12-13,14-15","Create a clean heart in me, O God.","Let me hear rejoicing and gladness,
that the bones you have crushed may exult.
Turn away your face from my sins,
and blot out all my guilt.

Create a pure heart for me, O God;
renew a steadfast spirit within me.
Do not cast me away from your presence;
take not your holy spirit from me.

Restore in me the joy of your salvation;
sustain in me a willing spirit.
I will teach transgressors your ways,
that sinners may return to you.",repo://verification/psalm_sources/nigeria_complete_liturgical_coverage.csv,verified Nigerian fragments,1f1eebe827989a8eef0464308c8055d3a7ff9b3353ad5ba4ab81a9a915245019,deeb5bfccbe6215226a45ea47347b65460b0605caac360920bea3510a2dd3729,20
nigeria_365_firestore,ng:reconstructed:147044cc1da9ba22,NG,,,reconstructed-selection,,,,"ps24:7,8,9,10",Who is this king of glory? It is the Lord!,"O gates, lift high your heads;
grow higher, ancient doors.
Let him enter, the king of glory!

“Who is this king of glory?
The Lord, the mighty, the valiant;
the Lord, the valiant in war.”

O gates, lift high your heads;
grow higher, ancient doors.
Let him enter, the king of glory!

“Who is this king of glory?
He, the Lord of hosts,
he is the king of glory.”",repo://verification/psalm_sources/nigeria_complete_liturgical_coverage.csv,verified Nigerian fragments,818240ca5afb857453bc5c08da3c7281aafeb56a9603a768d39db364145dff7f,5a2ebb3225d092e62bcc204507c1ebc1d6befecce9e7740bf5192a2609a337d8,20
nigeria_365_firestore,ng:reconstructed:1b05d65db91d2758,NG,,,reconstructed-selection,,,251,"ps23:1-3a,3b-4,5,6","Though I walk in the valley of darkness,","The Lord is my shepherd;
there is nothing I shall want.
Fresh and green are the pastures
where he gives me repose.
Near restful waters he leads me;
he revives my soul.

He guides me along the right path,
for the sake of his name.
Though I should walk in the valley of
the shadow of death,
no evil would I fear, for you are with me.
Your crook and your staff will give me comfort.

You have prepared a table before me
in the sight of my foes.
My head you have anointed with oil;
my cup is overflowing.

Surely goodness and mercy shall follow me
all the days of my life.
In the Lord’s own house shall I dwell
for length of days unending.",repo://verification/psalm_sources/nigeria_complete_liturgical_coverage.csv,verified Nigerian fragments,b955cb35577f6c0f1ea850312040fb482cde3e6ee773e2eb1be6eb4e79b997ca,5088838ba482ec2c50086faf0f8b947503cc99962bcb483401803d308f1cff87,20
nigeria_365_firestore,ng:reconstructed:226f0e0edbffd766,NG,,,reconstructed-selection,,,,"ps128:1-2,3,4-5",Blessed are those who fear the Lord and walk in his ways.,"Blessed are all who fear the Lord,
and walk in his ways!
By the labour of your hands you shall eat.
You will be blessed and prosper.

Your wife like a fruitful vine
in the heart of your house;
your children like shoots of the
olive around your table.

Indeed thus shall be blessed
the man who fears the Lord.
May the Lord bless you from Sion.
May you see Jerusalem prosper
all the days of your life!",repo://verification/psalm_sources/nigeria_complete_liturgical_coverage.csv,verified Nigerian fragments,1af098f8bf6801789cd8145c49d5c7ca565de204271461763ea6bba0bb3b632c,fcbcfddfe7dcb6ae90e25b2aa2405b94f70d75b471d652b650b615867cb1c4ad,20
nigeria_365_firestore,ng:reconstructed:2291b2873a45ea72,NG,,,reconstructed-selection,,,,"ps15:2-3a,3bc-4ab,5","Who shall dwell on your holy mountain, O Lord?","Whoever walks without fault;
who does what is just,
and speaks the truth from his heart.
Who does not slander with his tongue.

Who does no wrong to a neighbour,
who casts no slur on a friend,
who looks with scorn on the wicked,
but honours those who fear the Lord.

Who lends no money at interest,
and accepts no bribes against the innocent.
Such a one shall never be shaken.",repo://verification/psalm_sources/nigeria_complete_liturgical_coverage.csv,verified Nigerian fragments,22585393db631634b36f6a7c06e2c1677afa3f9b0647de6db1f0d7234653ed66,0db618fdcd9cbbcb67acf1a382a7ff849df93240df688a91df132278995b0308,20
nigeria_365_firestore,ng:reconstructed:255a576a1a2405d5,NG,,,reconstructed-selection,,,459,"ps139:1-3,7-8,9-10,13-14ab","Guide me, Lord, along the everlasting way.","O Lord, you search me and you know me.
You yourself know my resting and my rising;
you discern my thoughts from afar.
You mark when I walk or lie down;
you know all my ways through and through.

O where can I go from your spirit,
or where can I flee from your face?
If I climb the heavens, you are there.
If I lie in the grave, you are there.

If I take the wings of the dawn or dwell
at the sea’s furthest end,
even there your hand would lead me;
your right hand would hold me fast.

For it was you who formed my inmost being,
knit me together in my mother’s womb.
I thank you who wonderfully made me;
how wonderful are your works.",repo://verification/psalm_sources/nigeria_complete_liturgical_coverage.csv,verified Nigerian fragments,ce328e461a4635ec548a7e39ddf2b8a2a27f2e633e2433cb473306ff5ae7e4df,9a3dcb15dd6e657dae64eef0b4e3ef9af4b7e1a372888b9bf2db2ccf225b5f04,20
nigeria_365_firestore,ng:reconstructed:258139bb5436f060,NG,,,reconstructed-selection,,,434,"ps24:1-2,3-4ab,5-6",To the Lord belongs the earth and all that fills it.,"The Lord’s is the earth and its fullness,
the world, and all who dwell in it.
It is he who set it on the seas;
on the rivers he made it firm.

Who shall climb the mountain of the Lord?
Who shall stand in his holy place?
The clean of hands and pure of heart,
whose soul is not set on vain things.

Blessings from the Lord shall he receive,
and right reward from the God who saves him.
Such are the people who seek him,
who seek the face of the God of Jacob.",repo://verification/psalm_sources/nigeria_complete_liturgical_coverage.csv,verified Nigerian fragments,060573dd9cef0c5886157432e814442edb5b511d9815dd2e5f26a20f9204579b,7eba8c03c9ddd5cbf3068e6e80ef7fc6daf6851cdfd5f1ecafaddb8d9887eb1a,20
nigeria_365_firestore,ng:reconstructed:26e5024bed4f3109,NG,,,reconstructed-selection,,,375,"ps128:1-2,3,4-5",See how the Lord blesses those who fear him.,"Blessed are all who fear the Lord,
and walk in his ways!
By the labour of your hands you shall eat.
You will be blessed and prosper.

Your wife like a fruitful vine
in the heart of your house;
your children like shoots of the
olive around your table.

Indeed thus shall be blessed
the man who fears the Lord.
May the Lord bless you from Sion.
May you see Jerusalem prosper
all the days of your life!",repo://verification/psalm_sources/nigeria_complete_liturgical_coverage.csv,verified Nigerian fragments,91d4627382e51d243547013e57e2f1bd540a8354cc3dd84772da91bfda5efc42,eb4bd061031ad018889bf5756907ce7ab6b0bfdb6abedb115a3680c5a12aedc9,20
nigeria_365_firestore,ng:reconstructed:27753352857d449f,NG,,,reconstructed-selection,,,,"ps32:1-2,5,6,7",Let the just exult and rejoice in the Lord.,"Blessed is he whose transgression is forgiven,
whose sin is remitted.
Blessed the man to whom the Lord imputes no guilt,
in whose spirit is no guile.

To you I have acknowledged my sin;
my guilt I did not hide.
I said, “I will confess my transgression to the Lord.”
And you have forgiven the guilt of my sin.

So let each faithful one pray to you
in the time of need.
The floods of water may reach high,
but such a one they shall not reach.

You are a hiding place for me;
you keep me safe from distress;
you surround me with cries of deliverance.",repo://verification/psalm_sources/nigeria_complete_liturgical_coverage.csv,verified Nigerian fragments,637bed8240d4162e99a25870d8007e8150fe179e314fb15fd68f852d4763aee3,0c0182fb618a7fbb1f32f582b4d260ca10caab3d678f5cdf4061dcf26517e1ab,20
nigeria_365_firestore,ng:reconstructed:2941b5d5a549b2b5,NG,,,reconstructed-selection,,,433,"ps33:12-13,14-15,20-21",Happy the people the Lord has chosen to be his own.,"Blessed the nation whose God is the Lord,
the people he has chosen as his heritage.
From the heavens the Lord looks forth;
he sees all the children of men.

From the place where he dwells he gazes
on all the dwellers on the earth,
he who shapes the hearts of them all,
and considers all their deeds.

Our soul is waiting for the Lord.
He is our help and our shield.
In him do our hearts find joy.
We trust in his holy name.",repo://verification/psalm_sources/nigeria_complete_liturgical_coverage.csv,verified Nigerian fragments,92a16b9973092166b38bda597c6b4d9cad1b258fad0110f1e59b13f806644dfa,935c6a5d81639a5389146effda3375a5e220d77e09defb74df7acd3f29b2d44e,20
nigeria_365_firestore,ng:reconstructed:2c8039710f982ffa,NG,,,reconstructed-selection,,,324,"ps86:1-2,3-4,5-6","Listen, Lord, and answer me.","Turn your ear, O Lord, and answer me,
for I am poor and needy.
Preserve my soul, for I am faithful;
save the servant who trusts in you, my God.

Have mercy on me, O Lord,
for I cry to you all the day long.
Gladden the soul of your servant,
for I lift up my soul to you, O Lord.

O Lord, you are good and forgiving,
full of mercy to all who call to you.
Give ear, O Lord, to my prayer,
and attend to my voice in supplication.",repo://verification/psalm_sources/nigeria_complete_liturgical_coverage.csv,verified Nigerian fragments,88b73c22561f0570f327d672ec22909dc85f4ca5fddddbd7dc1b3a24092feb04,4d15bb6bf1a426a375d6169935b98fa30807e5a81b84ae032f9e5c1d7af83d20,20
nigeria_365_firestore,ng:reconstructed:2c92fedeeaca34de,NG,,,reconstructed-selection,,,333,"ps32:1-2,5,6,7",Happy are those whose sins are forgiven.,"Blessed is he whose transgression is forgiven,
whose sin is remitted.
Blessed the man to whom the Lord imputes no guilt,
in whose spirit is no guile.

To you I have acknowledged my sin;
my guilt I did not hide.
I said, “I will confess my transgression to the Lord.”
And you have forgiven the guilt of my sin.

So let each faithful one pray to you
in the time of need.
The floods of water may reach high,
but such a one they shall not reach.

You are a hiding place for me;
you keep me safe from distress;
you surround me with cries of deliverance.",repo://verification/psalm_sources/nigeria_complete_liturgical_coverage.csv,verified Nigerian fragments,33b871c9877baa2fcf50c22520c30404a9d5f4b709c171cc79358f4bad7a31cf,cb458bf77dd876f41dfa7e3e8df2ea5f55f707c069c506afcb9f751263ebf65c,20
nigeria_365_firestore,ng:reconstructed:2d8a19d20286cf4b,NG,,,reconstructed-selection,,,,"ps51:3-4,12-13,14-15","Create a pure heart for me, O God.","Have mercy on me, O God,
according to your merciful love;
according to your great compassion,
blot out my transgressions.
Wash me completely from my iniquity,
and cleanse me from my sin.

Create a pure heart for me, O God;
renew a steadfast spirit within me.
Do not cast me away from your presence;
take not your holy spirit from me.

Restore in me the joy of your salvation;
sustain in me a willing spirit.
I will teach transgressors your ways,
that sinners may return to you.",repo://verification/psalm_sources/nigeria_complete_liturgical_coverage.csv,verified Nigerian fragments,c04ddddb5248c248ddb2c5a6ef0d4ac316df6e08deacfa21db90bbb30f083f0f,0bf225d740d20e40bf27c55637c92b1c9d5c7071b2a5a5e75a4b4a0a8bf0ce66,20
nigeria_365_firestore,ng:reconstructed:2f1e987c66491f59,NG,,,reconstructed-selection,,,,"ps122:1-2,3-4ab,4cd-5",Let us go rejoicing to the house of the Lord. Or: Alleluia.,"I rejoiced when they said to me,
“Let us go to the house of the Lord.”
And now our feet are standing within
your gates, O Jerusalem.

Jerusalem is built as a city
bonded as one together.
It is there that the tribes go up,
the tribes of the Lord.

For Israel’s witness it is
to praise the name of the Lord.
There were set the thrones for judgement,
the thrones of the house of David.",repo://verification/psalm_sources/nigeria_complete_liturgical_coverage.csv,verified Nigerian fragments,409b1894c2f612a5cfda6243d9599a1dd56ecf42dce6427a38a77ec1bc986f0c,f319f20570ab832cffe7718e8491ab72195783d7fe638d36d258f538bec5c94b,20
nigeria_365_firestore,ng:reconstructed:350e18e7d29210a4,NG,,,reconstructed-selection,,,,"ps34:2-3,4-5,6-7,8-9",Taste and see the goodness of the Lord.,"I will bless the Lord at all times,
praise of him is always in my mouth.
In the Lord my soul shall make its boast;
the humble shall hear and be glad.

Glorify the Lord with me;
together let us praise his name.
I sought the Lord, and he answered me;
from all my terrors he set me free.

Look towards him and be radiant;
let your faces not be abashed.
This lowly one called; the Lord heard,
And rescued him from all his distress.

The angel of the Lord is encamped
around those who fear him, to rescue them.
Taste and see that the Lord is good. ,
Blessed the man who seeks refuge in him.",repo://verification/psalm_sources/nigeria_complete_liturgical_coverage.csv,verified Nigerian fragments,11b840a70962ab6f12934cf943dab5bc55ccf9fba93e341498936798a2b72400,097814f399bb8e550de7d15eaf8a4fc8b0e7a5d1e93b362dcfc5174cfc76bca7,20
nigeria_365_firestore,ng:reconstructed:37447a3c0dc19ab2,NG,,,reconstructed-selection,,,,"ps25:4-5,6-7,8-9","All your paths, O Lord, are mercy and faithfulness, for those who keep your covenant.","O Lord, make me know your ways.
Teach me your paths.
Guide me in your truth, and teach me;
for you are the God of my salvation.
I have hoped in you all day long.

Remember your compassion, O Lord,
and your merciful love,
for they are from of old.
Do not remember the sins of my youth,
nor my transgressions.
In your merciful love remember me,
because of your goodness, O Lord.

Good and upright is the Lord;
he shows the way to sinners.
He guides the humble in right judgement;
to the humble he teaches his way.",repo://verification/psalm_sources/nigeria_complete_liturgical_coverage.csv,verified Nigerian fragments,37d34824148aadf478887a04bebb18be5ee7ec9fda2c56ff60093790b83e8a26,618a556c8b8be8997f415d3be96d8b3e5ce18090133058a1c8b69a8e253b6f9f,20
nigeria_365_firestore,ng:reconstructed:37a6f074f67ea3c2,NG,,,reconstructed-selection,,,,"ps34:4-5,6-7,16-17,18-19",From all their distress God rescues the just.,"Glorify the Lord with me;
together let us praise his name.
I sought the Lord, and he answered me;
from all my terrors he set me free.

Look towards him and be radiant;
let your faces not be abashed.
This lowly one called; the Lord heard,
And rescued him from all his distress.

The Lord turns his eyes to the just,
and his ears are open to their cry.
The Lord turns his face against the wicked
to destroy their remembrance from the earth.

When the just cry out, the Lord hears,
and rescues them in all their distress.
The Lord is close to the broken-hearted;
those whose spirit is crushed he will save.",repo://verification/psalm_sources/nigeria_complete_liturgical_coverage.csv,verified Nigerian fragments,dbf311c423d1d368dea2829559fcbce11fdfb237d7a40cbd030fb31baf5df762,cc9744afe230a4c0cd7ba17320049c59c67bc0b0b2b5d3bcac35c3a5c09f0ebc,20
nigeria_365_firestore,ng:reconstructed:38c2f9eff5723831,NG,,,reconstructed-selection,,,229,"ps119:1-2,4-5,7-8",Happy are they who follow the law of the Lord!,"Blessed are those whose way is blameless,
who walk in the law of the Lord!
Blessed are those who keep his decrees!
With all their hearts they seek him.

You have laid down your precepts
to be carefully kept. May my ways be firm
in keeping your statutes.

I will thank you with an upright heart,
as I learn your just judgements.
I will keep your statutes;
do not ever forsake me.",repo://verification/psalm_sources/nigeria_complete_liturgical_coverage.csv,verified Nigerian fragments,49adb0b64f0031cbed6e01e666a9ab6b8c9f90b201be67cc87d689fabc08d0b9,77673bfbc49469806c68b37bbab1a2e4510436ee265c5bce5a608ef543b82c19,20
nigeria_365_firestore,ng:reconstructed:39593599e630f3f8,NG,,,reconstructed-selection,,,,"ps86:3-4,5-6,9-10","You are slow to anger, O Lord, and abundant in mercy.","Have mercy on me, O Lord,
for I cry to you all the day long.
Gladden the soul of your servant,
for I lift up my soul to you, O Lord.

O Lord, you are good and forgiving,
full of mercy to all who call to you.
Give ear, O Lord, to my prayer,
and attend to my voice in supplication.

All the nations you have made shall come;
they will bow down before you,
O Lord, and glorify your name,
For you are great and do marvellous deeds,
you who alone are God.",repo://verification/psalm_sources/nigeria_complete_liturgical_coverage.csv,verified Nigerian fragments,8b42f80fa6f546711207ddb12b2896be647bd968ff5acea9539bf1e8eecc2c68,14e843d6dbc60025f7106c1a17868354f2d61df2a7bd2cd3496db2bee60c104e,20
nigeria_365_firestore,ng:reconstructed:3a23a16d2161969a,NG,,,reconstructed-selection,,,,"ps34:2-3,4-5,6-7,8-9",From all my terrors he set me free,"I will bless the Lord at all times,
praise of him is always in my mouth.
In the Lord my soul shall make its boast;
the humble shall hear and be glad.

Glorify the Lord with me;
together let us praise his name.
I sought the Lord, and he answered me;
from all my terrors he set me free.

Look towards him and be radiant;
let your faces not be abashed.
This lowly one called; the Lord heard,
And rescued him from all his distress.

The angel of the Lord is encamped
around those who fear him, to rescue them.
Taste and see that the Lord is good. ,
Blessed the man who seeks refuge in him.",repo://verification/psalm_sources/nigeria_complete_liturgical_coverage.csv,verified Nigerian fragments,b413f5c54916ea230f11bedd7658cf5f3d999383e7d10d30f9c13a7ee0e3d586,77eb3580f51610ae231445c02ffe4189006e0a5c518d5e2e2ad01ee7bc051a11,20
nigeria_365_firestore,ng:reconstructed:3c1c51dfbc61f0e8,NG,,,reconstructed-selection,,,,"ps145:8-9,15-16,17-18",The hand of the Lord feeds us; he answers all our needs.,"The Lord is kind and full of compassion,
slow to anger, abounding in mercy.
How good is the Lord to all,
compassionate to all his creatures.

The eyes of all look to you,
and you give them their food in due season.
You open your hand and satisfy
the desire of every living thing.

The Lord is just in all his ways,
And holy in all his deeds.
The Lord is close to all who call him,
Who call on him in truth.",repo://verification/psalm_sources/nigeria_complete_liturgical_coverage.csv,verified Nigerian fragments,8f2824ef4e5bdeaf95ee9fa6bd5908146f22a975d079c963469db5f144ece364,a164a7bc86e1e6be73a5f8849de05a6ab124ad9ef4c9bdf68d6f0c627c3f1a99,20
nigeria_365_firestore,ng:reconstructed:3d75053e714ed81c,NG,,,reconstructed-selection,,,,"ps19:8,9,10,11","Lord, you have the words of everlasting life.","The law of the Lord is perfect;
it revives the soul.
The decrees of the Lord are steadfast;
they give wisdom to the simple.

The precepts of the Lord are right;
they gladden the heart.
The command of the Lord is clear;
it gives light to the eyes.

The fear of the Lord is pure,
Abiding forever.
The judgements of the Lord are true;
they are, all of them, just.

They are more to be desired than gold,
than quantities of gold.
And sweeter are they than honey,
Than honey flowing from the comb.",repo://verification/psalm_sources/nigeria_complete_liturgical_coverage.csv,verified Nigerian fragments,06cd77819fdd2a7a9b48ee5923a2b154a48c371eb2dd3e5dc71c9312a485e8a2,255d06b101b855cf89c9cc514b28a006602e540c86f08e981705bc901bf501e5,20
nigeria_365_firestore,ng:reconstructed:3eeef8356c8d4bf6,NG,,,reconstructed-selection,,,,"ps97:1-2,5-6,9",The angel of the Lord will rescue those who fear him.,"The Lord is king, let earth rejoice;
let the many islands be glad.
Cloud and darkness surround him;
justice and right are the foundation of his throne.

The mountains melt like wax
before the face of the Lord,
before the face of the Lord of all the earth.
The skies proclaim his justice;
all peoples see his glory.

For you indeed are the Lord
most high above all the earth,
exalted far above all gods.",repo://verification/psalm_sources/nigeria_complete_liturgical_coverage.csv,verified Nigerian fragments,0ff03f86a03ab631d1c5e8ea1452891c7d2bbc5b5caf721dd7f4aea21ff4e736,6eea343673dc92827db4d55b54809857cc554bb86949a20d58b14b9294a0dbd5,20
nigeria_365_firestore,ng:reconstructed:4414a34004c0e690,NG,,,reconstructed-selection,,,,"ps1:1-2,3,4,6",Blessed are they who hope in the Lord.,"Blessed indeed is the man
Who follows not the counsel of the wicked,
Nor stands in the path with sinners,
Nor abides in the company of scorners,
But whose delight is the law of the Lord,
And who ponders his law day and night.

He is like a tree that is planted
Beside the flowing waters,
That yields its fruit in due season,
And whose leaves shall never fade;
and all that he does shall prosper.

Not so are the wicked, not so!
For they, like winnowed chaff,
shall be driven away by the wind.
For the Lord knows the way of the just,
but the way of the wicked will perish.

VERSE BEFORE THEGOSPEL Luke 8:15
Glory and praise to you, O Christ. Blessed are those who, hearing the word, hold it fast in an honest and good heart, and bring forth fruit with patience. Glory and praise to you, O Christ.",repo://verification/psalm_sources/nigeria_complete_liturgical_coverage.csv,verified Nigerian fragments,cb4c6e5804fee9176a14271a2f852d3bf50194ecd7357a5221461b24c39131b9,3e9e7f8ef167d5d790a6156e1066dd765b876bda4f8328936d722e816efe75c9,20
nigeria_365_firestore,ng:reconstructed:451fc9c7d8e2a676,NG,,,reconstructed-selection,,,422,"ps51:10-11,12-13,16-17",I will pour clean water on you,"Let me hear rejoicing and gladness,
that the bones you have crushed may exult.
Turn away your face from my sins,
and blot out all my guilt.

Create a pure heart for me, O God;
renew a steadfast spirit within me.
Do not cast me away from your presence;
take not your holy spirit from me.

Rescue me from bloodshed,
O God, God of my salvation,
and then my tongue shall ring out your justice.
O Lord, open my lips
and my mouth shall proclaim your praise.",repo://verification/psalm_sources/nigeria_complete_liturgical_coverage.csv,verified Nigerian fragments,7c6a67ead59a79735141931dbfeac1d19f8ded8c38193750e7d2dacc99091e2b,54594f168b8a6d06c49387218affd35e1fb706401d655d5ceaf938df17d3b9e2,20
nigeria_365_firestore,ng:reconstructed:46b685766cad9fbe,NG,,,reconstructed-selection,,,,"ps145:10-11,15-16,17-18","You open your hand, Lord, and you satisfy us","All your works shall thank you, O Lord,
and all your faithful ones bless you.
They shall speak of the glory of your reign,
and declare your mighty deeds.

The eyes of all look to you,
and you give them their food in due season.
You open your hand and satisfy
the desire of every living thing.

The Lord is just in all his ways,
And holy in all his deeds.
The Lord is close to all who call him,
Who call on him in truth.",repo://verification/psalm_sources/nigeria_complete_liturgical_coverage.csv,verified Nigerian fragments,da28ee3eac1d135b03a5b5556d13bb541d74cf1df62b2df5bc7d027e2f029b1a,65286e695376cc09792ad84174e4d81afa92e5e4f4bada0ce71036aaef271905,20
nigeria_365_firestore,ng:reconstructed:4bfbe280022ea07c,NG,,,reconstructed-selection,,,477,"ps24:1-2,3-4ab,5-6","Lord, this is the people that longs to see your face.","The Lord’s is the earth and its fullness,
the world, and all who dwell in it.
It is he who set it on the seas;
on the rivers he made it firm.

Who shall climb the mountain of the Lord?
Who shall stand in his holy place?
The clean of hands and pure of heart,
whose soul is not set on vain things.

Blessings from the Lord shall he receive,
and right reward from the God who saves him.
Such are the people who seek him,
who seek the face of the God of Jacob.",repo://verification/psalm_sources/nigeria_complete_liturgical_coverage.csv,verified Nigerian fragments,3855c01b8b42cadac05bfc9eb4466e2f8a12f67c464a0e9525db584e4188921b,e18a404ed6a7a901a8a0084a28aabc6e643068be38431c14fe9a01d802a2d118,20
nigeria_365_firestore,ng:reconstructed:4c3b5965f08ac6fa,NG,,,reconstructed-selection,,,,"ps98:5-6,7-8,9",The Lord comes to rule the earth with justice.,"Sing psalms to the Lord with the harp,
with the harp and the sound of song.
With trumpets and the sound of the horn,
raise a shout before the King, the Lord.

Let the sea and all within it thunder;
the world, and those who dwell in it.
Let the rivers clap their hands,
and the hills ring out their joy.
At the presence of the Lord, for he comes,
he comes to judge the earth.

He will judge the world with justice,
and the peoples with fairness.",repo://verification/psalm_sources/nigeria_complete_liturgical_coverage.csv,verified Nigerian fragments,a468a00f041e757b12ae2b0f9645d60cd98e7cc696d6f4826eb4fec661b20d95,1a62c12d53314991718b10425974acc4878990f0fd7941312ea578c811b4d069,20
nigeria_365_firestore,ng:reconstructed:511175273d74ae2a,NG,,,reconstructed-selection,,,,"ps89:2-3,16-17,18-19",For ever I will sing the goodness of the Lord.,"I will sing forever of your mercies, O Lord;
through all ages my mouth will proclaim your fidelity.
I have declared your mercy is established forever;
your fidelity stands firm as the heavens.

How blessed the people who know your praise,
who walk, O Lord, in the light of your face,
who find their joy every day in your name,
who make your justice their joyful acclaim.

For you are the glory of their strength;
by your favour it is that our might is exalted.
Behold, the Lord is our shield;
he is the Holy One of Israel, our king.",repo://verification/psalm_sources/nigeria_complete_liturgical_coverage.csv,verified Nigerian fragments,64b02ef55929d8971574fc1a293e9ee78f1c63d74663e39c082ccfca7e59100d,3d22d5f4b8e9695212159631e9d254669e82b060ec6f42324859035da4867e40,20
nigeria_365_firestore,ng:reconstructed:51f958e73e5009e7,NG,,,reconstructed-selection,,,196,"ps24:1-2,3-4ab,5-6",Let the Lord enter; he is king of glory.,"The Lord’s is the earth and its fullness,
the world, and all who dwell in it.
It is he who set it on the seas;
on the rivers he made it firm.

Who shall climb the mountain of the Lord?
Who shall stand in his holy place?
The clean of hands and pure of heart,
whose soul is not set on vain things.

Blessings from the Lord shall he receive,
and right reward from the God who saves him.
Such are the people who seek him,
who seek the face of the God of Jacob.",repo://verification/psalm_sources/nigeria_complete_liturgical_coverage.csv,verified Nigerian fragments,6aa523ef1a5353a707d76862ba3d336f6067b4f8ba14887057cf92d3139818fd,071af2e0c7219828bac8f333ceb8a20dfafd0d1dcfa5642f6aec82086ed5badd,20
nigeria_365_firestore,ng:reconstructed:52e32a058f0697ab,NG,,,reconstructed-selection,,,,"ps98:5-6,7-8,9",The Lord comes to judge the peoples with fairness.,"Sing psalms to the Lord with the harp,
with the harp and the sound of song.
With trumpets and the sound of the horn,
raise a shout before the King, the Lord.

Let the sea and all within it thunder;
the world, and those who dwell in it.
Let the rivers clap their hands,
and the hills ring out their joy.
At the presence of the Lord, for he comes,
he comes to judge the earth.

He will judge the world with justice,
and the peoples with fairness.",repo://verification/psalm_sources/nigeria_complete_liturgical_coverage.csv,verified Nigerian fragments,d877943b1862983d5c31d0e679b4ce133cc1fe5ec8e19d0a1e3a6da9228804ea,7d3d9e1397abc2edbded1cb7a1087b00326ba0e35e2dc7d2e7c3908ec7f37ecd,20
nigeria_365_firestore,ng:reconstructed:55ccff13976ef6aa,NG,,,reconstructed-selection,,,359,"ps121:1-2,3-4,5-6,7-8","Our help is from the Lord,","I lift up my eyes to the mountains;
From where shall my help?
My help shall come from the Lord,
Who made heaven and earth.

He will keep your foot from stumbling.
Your guard will never slumber.
No, he sleeps not nor slumber,
Israel’s guard.

The Lord your guard, the Lord your shade
At your right hand.
By day the sun shall not smite you,
Nor the moon in the night.

The Lord will guard you from evil;
He will guard your soul.
The Lord will guard your going and coming,
Both now and for ever.",repo://verification/psalm_sources/nigeria_complete_liturgical_coverage.csv,verified Nigerian fragments,cfb20cd0729bc673dc93ce9345ebcb3a329e984c2bca6ee0538b91cf5f8c32b9,717b1f8eafa0c011f58dbf62e03f7999fdde9cdd8c1c001d2c668abcbed94be9,20
nigeria_365_firestore,ng:reconstructed:56f2f22bd29b5920,NG,,,reconstructed-selection,,,480,"ps128:1-2,3,4-5",Happy are those who fear the Lord.,"Blessed are all who fear the Lord,
and walk in his ways!
By the labour of your hands you shall eat.
You will be blessed and prosper.

Your wife like a fruitful vine
in the heart of your house;
your children like shoots of the
olive around your table.

Indeed thus shall be blessed
the man who fears the Lord.
May the Lord bless you from Sion.
May you see Jerusalem prosper
all the days of your life!",repo://verification/psalm_sources/nigeria_complete_liturgical_coverage.csv,verified Nigerian fragments,de8f2b084063d0e48a897dfaf3a76217e160536759a05306940d5eb8fa2d8109,0a17e2284877e82cd50db2c01b85b220ee664f308628a8b17c08d46291640372,20
nigeria_365_firestore,ng:reconstructed:58e208168701c96a,NG,,,reconstructed-selection,,,318,"ps24:7,8,9,10",Who is this king of glory?,"O gates, lift high your heads;
grow higher, ancient doors.
Let him enter, the king of glory!

“Who is this king of glory?
The Lord, the mighty, the valiant;
the Lord, the valiant in war.”

O gates, lift high your heads;
grow higher, ancient doors.
Let him enter, the king of glory!

“Who is this king of glory?
He, the Lord of hosts,
he is the king of glory.”",repo://verification/psalm_sources/nigeria_complete_liturgical_coverage.csv,verified Nigerian fragments,9332b6d6925730e3e22567f15af06bdce6ebbea73413fb96acabf0c297c9fd6d,50afcf36fb66cb635b30e01b0e8d35f83b6ca1017f7fa4f61a96905692b613f3,20
nigeria_365_firestore,ng:reconstructed:5bb194fdcd72aba1,NG,,,reconstructed-selection,,,410,"ps51:10-11,12-13,16-17","Create a clean heart in me, O God.","Let me hear rejoicing and gladness,
that the bones you have crushed may exult.
Turn away your face from my sins,
and blot out all my guilt.

Create a pure heart for me, O God;
renew a steadfast spirit within me.
Do not cast me away from your presence;
take not your holy spirit from me.

Rescue me from bloodshed,
O God, God of my salvation,
and then my tongue shall ring out your justice.
O Lord, open my lips
and my mouth shall proclaim your praise.",repo://verification/psalm_sources/nigeria_complete_liturgical_coverage.csv,verified Nigerian fragments,2c2e9a3c2229aca658cd69608b06e98a7b0910da2be45340ab1f680e1dd4c896,0e8d9e88cd26bb70947b53760f1c77819129c86772874dd52ebaa897054f1f8a,20
nigeria_365_firestore,ng:reconstructed:5dc442cad94ff586,NG,,,reconstructed-selection,,,,"ps15:2-3a,3bc-4ab,5","The one who conquers, I will grant him to sit with me one my throne.","Whoever walks without fault;
who does what is just,
and speaks the truth from his heart.
Who does not slander with his tongue.

Who does no wrong to a neighbour,
who casts no slur on a friend,
who looks with scorn on the wicked,
but honours those who fear the Lord.

Who lends no money at interest,
and accepts no bribes against the innocent.
Such a one shall never be shaken.",repo://verification/psalm_sources/nigeria_complete_liturgical_coverage.csv,verified Nigerian fragments,0d2a22366fc0a7dc1a157a720a23175b80361b7077b171a510c0c238046d94a1,d3a001da18884b0854d2bd9cc994e9755a2a2fcc5b15e25c3cb9c426807664cc,20
nigeria_365_firestore,ng:reconstructed:5e62d1385cd3de19,NG,,,reconstructed-selection,,,,"ps34:2-3,4-5,6-7,8-9","The Lowly one called, and the Lord heard him Or: Alleluia.","I will bless the Lord at all times,
praise of him is always in my mouth.
In the Lord my soul shall make its boast;
the humble shall hear and be glad.

Glorify the Lord with me;
together let us praise his name.
I sought the Lord, and he answered me;
from all my terrors he set me free.

Look towards him and be radiant;
let your faces not be abashed.
This lowly one called; the Lord heard,
And rescued him from all his distress.

The angel of the Lord is encamped
around those who fear him, to rescue them.
Taste and see that the Lord is good. ,
Blessed the man who seeks refuge in him.",repo://verification/psalm_sources/nigeria_complete_liturgical_coverage.csv,verified Nigerian fragments,8677fc7dbaf5878696db5c8cb566f7381976d4610d6a238e2b9603af642a1d16,fcf1fa01d78e89430239f86dfc0bb5b2a40c5e8371839eab108b7b296d6d2bd0,20
nigeria_365_firestore,ng:reconstructed:60108532a8abc402,NG,,,reconstructed-selection,,,358,"ps71:8-9,14-15ab,16-17,22",I will sing of your salvation.,"My mouth is filled with your praise,
with your glory, all the day long.
Do not reject me now that I am old;
when my strength fails do not forsake me.

But as for me, I will always hope,
and praise you more and more.
My mouth will tell of your justice,
and all the day long of your salvation.

I will come with praise of your might, O Lord;
I will call to mind your justice, yours, O Lord, alone.
O God, you have taught me from my youth,
and I proclaim your wonders still.

So I will give you thanks on the lyre
for your faithfulness, O my God.
To you will I sing with the harp,
to you, the Holy One of Israel.",repo://verification/psalm_sources/nigeria_complete_liturgical_coverage.csv,verified Nigerian fragments,07be9ab9b2333ef41c9f53a6f9b64753844365bb98d64de6fb9eeaf4590c78dc,f0253f22ea0bb844254046f852270e398396ba2c5844290342dce74c3216bbd0,20
nigeria_365_firestore,ng:reconstructed:64ddca3c04620afa,NG,,,reconstructed-selection,,,,"ps45:10,11,12,16","The queen stands at your right hand, arrayed in gold.","The daughters of kings are those whom you favour.
On your tight stands the queen in gold of Ophir.

Listen, O daughter; pay heed and give ear;
forget your own people and your father’s house.

So will the king desire your beauty.
He is your lord, pay homage to him.

They are escorted amid gladness and joy;
they pass within the palace of the king.",repo://verification/psalm_sources/nigeria_complete_liturgical_coverage.csv,verified Nigerian fragments,dbed91303d8351e0d85b3833e4f724a069054b162abd1601064983dbdd87e547,495ca8f881f5c4bfcd84fcfef0dd9f5e7aa378305933f2f83548fa8c01568e2e,20
nigeria_365_firestore,ng:reconstructed:64fca6e1c94beb93,NG,,,reconstructed-selection,,,,"ps63:2,3-4,5-6,7-8","My soul is thirsting for you, O Lord my God.","O God, you are my God; at dawn I seek you;
for you my soul is thirsting.
For you my flesh is pining,
like a dry, weary land without water.

I have come before you in the sanctuary,
to behold your strength and your glory.
Your loving mercy is better than life;
my lips will speak your praise.

I will bless you all my life;
in your name I will lift up my hands.
My soul shall be filled as with a banquet;
with joyful lips, my mouth shall praise you.

When I remember you upon my bed,
I muse on you through the watches of the night.
For you have been my strength:
In the shadow of your wings I rejoice.",repo://verification/psalm_sources/nigeria_complete_liturgical_coverage.csv,verified Nigerian fragments,b7943e87e807e00a09303372ac9006b14cc219d58832900bd5d1f7f41d00c11a,b150ed6f35d228a69220177688c28d4405769e2d283f24baa24f5e064a3c756f,20
nigeria_365_firestore,ng:reconstructed:6639883d6b8c380b,NG,,,reconstructed-selection,,,,"ps117:1,2","Go into all the world, and proclaim the Gospel.","O praise the Lord, all you nations;
acclaim him, all you peoples!

For his merciful love has prevailed over us;
and the Lord’s faithfulness endures for ever.",repo://verification/psalm_sources/nigeria_complete_liturgical_coverage.csv,verified Nigerian fragments,7a229a8a0d10e8b7a297d65b81f7fbf6266c0cdd68b7387070696bc643ae9335,270c5c00b747c02c79bf0688e03bd99185cdb065a811f0930961dd33b38567f2,20
nigeria_365_firestore,ng:reconstructed:6cf7427f932eadde,NG,,,reconstructed-selection,,,,"ps119:29,72,89,101,104,163","Your word is lamp for my feet, Lord.","Keep me from the way of falsehood;
grant me mercy by your law.

The law from your mouth means more to me
than large quantities of silver and gold.

Forever is your word, O Lord,
standing firm in the heavens.

I keep my feet from every evil path,
to obey your word.

I gain understanding from your precepts,
and so I hate all false ways.

Falsehood I hate and detest,
but I love your law.",repo://verification/psalm_sources/nigeria_complete_liturgical_coverage.csv,verified Nigerian fragments,6b60ec5836d45103c4c07215d1ca7ffdb18690e50d7bd94dfe48ab137ed25adf,20ba23e372274b9e9724441a9b766d372a1cc17ee7cc72896d316dc3aff4cda0,20
nigeria_365_firestore,ng:reconstructed:716a9270a83f8445,NG,,,reconstructed-selection,,,471,"ps33:1-2,4-5,12-13",Happy the people the Lord has chosen to be his own.,"Ring out your joy to the Lord, O you just;
for praise is fitting for the upright.
Give thanks to the Lord upon the harp;
with a ten-stringed lute sing him songs.

For the word of the Lord is faithful,
and all his works to be trusted.
The Lord loves justice and right,
and his merciful love fills the earth.

Blessed the nation whose God is the Lord,
the people he has chosen as his heritage.
From the heavens the Lord looks forth;
he sees all the children of men.",repo://verification/psalm_sources/nigeria_complete_liturgical_coverage.csv,verified Nigerian fragments,2e2bc68f58210ceec31a96124fbce06ae512c8fb3aad7b6776b93a8d94c0c8e2,7f051392914c42dc74dd1a54c88fa0b5e0a68442a21ce847b8f0f40705522aec,20
nigeria_365_firestore,ng:reconstructed:723ca64eca307950,NG,,,reconstructed-selection,,,,"ps145:10-11,15-16,17-18",The hand of the Lord feeds us; he answers all our needs.,"All your works shall thank you, O Lord,
and all your faithful ones bless you.
They shall speak of the glory of your reign,
and declare your mighty deeds.

The eyes of all look to you,
and you give them their food in due season.
You open your hand and satisfy
the desire of every living thing.

The Lord is just in all his ways,
And holy in all his deeds.
The Lord is close to all who call him,
Who call on him in truth.",repo://verification/psalm_sources/nigeria_complete_liturgical_coverage.csv,verified Nigerian fragments,d1632635fc407e1e1ab98ef2b20521b876a45837fb8136ca69b26ea0baf77593,c6bf9dc6dbbfe16e0600ecb76d5ef5d80f49604b712729c93a28a997d5914977,20
nigeria_365_firestore,ng:reconstructed:7329f8c5cbf4c111,NG,,,reconstructed-selection,,,427,"ps128:1-2,4-5",Happy are those who fear the Lord.,"Blessed are all who fear the Lord,
and walk in his ways!
By the labour of your hands you shall eat.
You will be blessed and prosper.

Indeed thus shall be blessed
the man who fears the Lord.
May the Lord bless you from Sion.
May you see Jerusalem prosper
all the days of your life!",repo://verification/psalm_sources/nigeria_complete_liturgical_coverage.csv,verified Nigerian fragments,9da0d0c9ada2695373203b57d26c888c421337896019475c6eddfc93179c42fb,2ea5aee566b42c7e294fa42ebb5526b44f1c02367a79b83e4a9083de9eb7c870,20
nigeria_365_firestore,ng:reconstructed:73d92e286a6fb381,NG,,,reconstructed-selection,,,,"ps117:1,2",Go out to all the world and tell the good news.,"O praise the Lord, all you nations;
acclaim him, all you peoples!

For his merciful love has prevailed over us;
and the Lord’s faithfulness endures for ever.",repo://verification/psalm_sources/nigeria_complete_liturgical_coverage.csv,verified Nigerian fragments,e7afe4995d9e9e5d29917f9e29e2e43179b366540b3cf3227435ca5fa83ff5c7,7f0cfbb8ba1f4e6459b37d41930cbd101b94babb5d1ba60e754a0449f2f9306f,20
nigeria_365_firestore,ng:reconstructed:77f84d384af17ece,NG,,,reconstructed-selection,,,,"ps19:8,9,10,11",The precepts of the Lord are right; they gladden the heart.,"The law of the Lord is perfect;
it revives the soul.
The decrees of the Lord are steadfast;
they give wisdom to the simple.

The precepts of the Lord are right;
they gladden the heart.
The command of the Lord is clear;
it gives light to the eyes.

The fear of the Lord is pure,
Abiding forever.
The judgements of the Lord are true;
they are, all of them, just.

They are more to be desired than gold,
than quantities of gold.
And sweeter are they than honey,
Than honey flowing from the comb.",repo://verification/psalm_sources/nigeria_complete_liturgical_coverage.csv,verified Nigerian fragments,0f78a7ca438c1f564abb62dd92f543e12827b7b622698d39251cd446733e8f81,2c87a7ff351bfd1f16225f7972b54f6c7e7517a8b546844783b5f5508c187aec,20
nigeria_365_firestore,ng:reconstructed:791bb78a3fc4fb91,NG,,,reconstructed-selection,,,,"ps1:1-2,3,4,6","Whoever follows you, Lord, will have the light of life.","Blessed indeed is the man
Who follows not the counsel of the wicked,
Nor stands in the path with sinners,
Nor abides in the company of scorners,
But whose delight is the law of the Lord,
And who ponders his law day and night.

He is like a tree that is planted
Beside the flowing waters,
That yields its fruit in due season,
And whose leaves shall never fade;
and all that he does shall prosper.

Not so are the wicked, not so!
For they, like winnowed chaff,
shall be driven away by the wind.
For the Lord knows the way of the just,
but the way of the wicked will perish.

VERSE BEFORE THEGOSPEL Luke 8:15
Glory and praise to you, O Christ. Blessed are those who, hearing the word, hold it fast in an honest and good heart, and bring forth fruit with patience. Glory and praise to you, O Christ.",repo://verification/psalm_sources/nigeria_complete_liturgical_coverage.csv,verified Nigerian fragments,c78b683f465e143ee868c8351ffba57da5d4264b26dc3f81c9e13def3d047725,2a6c944ccf38dbf9f3f44e2e523d2b6bb4b4318be0ced660011c1a6ec3d71ba2,20
nigeria_365_firestore,ng:reconstructed:79b5aaf8483dcbd4,NG,,,reconstructed-selection,,,428,"ps145:2-3,4-5,6-7","I will praise your name for ever, Lord.","I will bless you day after day,
and praise your name forever and ever.
The Lord is great and highly to be praised;
his greatness cannot be measured.

Age to age shall proclaim your works,
shall declare your mighty deeds.
They will tell of your great glory and splendour,
and recount your wonderful works.

They will speak of your awesome deeds,
recount your greatness and might.
They will recall your abundant goodness,
and sing of your just deeds with joy.",repo://verification/psalm_sources/nigeria_complete_liturgical_coverage.csv,verified Nigerian fragments,38c9751f8bb33d88317e59d827ac1760d592eef68b1eb0ddd0fc771937e2ecdc,073c9bcdb707636c5bef493e87ed8617deb27d22534c793234926ebb4e41c481,20
nigeria_365_firestore,ng:reconstructed:7da00413cdf894dd,NG,,,reconstructed-selection,,,,"ps145:2-3,8-9,17-18",The Lord is near to all who call upon him.,"I will bless you day after day,
and praise your name forever and ever.
The Lord is great and highly to be praised;
his greatness cannot be measured.

The Lord is kind and full of compassion,
slow to anger, abounding in mercy.
How good is the Lord to all,
compassionate to all his creatures.

The Lord is just in all his ways,
And holy in all his deeds.
The Lord is close to all who call him,
Who call on him in truth.",repo://verification/psalm_sources/nigeria_complete_liturgical_coverage.csv,verified Nigerian fragments,0480fe915610e727f74c86115f0fdb4cf14cfc369241bd9338d9e68df75b6432,71825528bea9f70f732190fff209893d2481f8dd2a799babb797e6819394a562,20
nigeria_365_firestore,ng:reconstructed:826388ed60626aa7,NG,,,reconstructed-selection,,,,"ps97:1-2,5-6,9","The Lord is king, the most high over all the earth.","The Lord is king, let earth rejoice;
let the many islands be glad.
Cloud and darkness surround him;
justice and right are the foundation of his throne.

The mountains melt like wax
before the face of the Lord,
before the face of the Lord of all the earth.
The skies proclaim his justice;
all peoples see his glory.

For you indeed are the Lord
most high above all the earth,
exalted far above all gods.",repo://verification/psalm_sources/nigeria_complete_liturgical_coverage.csv,verified Nigerian fragments,aded0d875dc55d9a6a76b84ea797fe967499459987b75607ba8f6821f4c08d49,eddfe2707fa837015726fc9a6cf2af9e99154cab192db2409708060a9479e096,20
nigeria_365_firestore,ng:reconstructed:83b24a4d25f8f260,NG,,,reconstructed-selection,,,476,"ps33:1-2,4-5,11-12,18-19",The earth is full of the goodness of the Lord.,"Ring out your joy to the Lord, O you just;
for praise is fitting for the upright.
Give thanks to the Lord upon the harp;
with a ten-stringed lute sing him songs.

For the word of the Lord is faithful,
and all his works to be trusted.
The Lord loves justice and right,
and his merciful love fills the earth.

The designs of the Lord stand forever,
the plans of his heart from age to age.
Blessed the nation whose God is the Lord,
the people he has chosen as his heritage.

Yes, the Lord’s eyes are on those who fear him,
who hope in his merciful love,
to rescue their souls from death,
to keep them  alive in famine.",repo://verification/psalm_sources/nigeria_complete_liturgical_coverage.csv,verified Nigerian fragments,31aaf435501cce9627c067239c06a2ebbb5a40157ac5f1f1ce427208a09d4413,8b26d9afacf9bf3bdfcd7e2012ea6613c4b859dc7ac528a3c19fd1a5128fc2c7,20
nigeria_365_firestore,ng:reconstructed:843ff99ac9e44187,NG,,,reconstructed-selection,,,,"ps98:2-3ab,3cd-4,5-6",The Lord has made known his salvation.,"The Lord has made known his salvation,
has shown his deliverance to the nations.
He has remembered his merciful love
and his truth for the house of Israel.

All the ends of the earth have seen
the salvation of our God.
Shout to the Lord, all the earth;
break forth into joyous song,
and sing out your praise.

Sing psalms to the Lord with the harp,
with the harp and the sound of song.
With trumpets and the sound of the horn,
raise a shout before the King, the Lord.",repo://verification/psalm_sources/nigeria_complete_liturgical_coverage.csv,verified Nigerian fragments,42f98f6ee2be1353a3393860c344a2321358ba0beb296267def7bb2e949502cc,4e5751a18454bf847c8071dea824c68f12c40d4e0c9f6d88a8402f789963aabe,20
nigeria_365_firestore,ng:reconstructed:899e7be80b0defe1,NG,,,reconstructed-selection,,,,"luke1:69-70,71-72,73-75","Blessed be the Lord, the God of Israel; he has come to his people.","He has raised up a horn of salvation for us
in the house of his servant David,
as he spoke by the mouth of his holy prophets
from of old.

That we should be saved from our enemies,
and from the hand of all who hate us;
to perform the mercy promised to our fathers,
and to remember his holy covenant.

The oath which he swore to our father Abraham,
to grant us that we, being delivered from the hand of our enemies,
might serve him without fear,
in holiness and righteousness before him
all the days of our life.",repo://verification/psalm_sources/nigeria_complete_liturgical_coverage.csv,verified Nigerian fragments,51665d00c3040e2b008ae599f5c269c2aca02756c1e426df29bbee6c862e1865,7bd840f89a9e080eff16f2ae3c8984a95090aed4fdb269964fff51b596c9c189,20
nigeria_365_firestore,ng:reconstructed:8c1bd06c208b93cc,NG,,,reconstructed-selection,,,,"ps25:4-5,6-7,8-9","Your ways, O Lord, are love and truth to those who keep","O Lord, make me know your ways.
Teach me your paths.
Guide me in your truth, and teach me;
for you are the God of my salvation.
I have hoped in you all day long.

Remember your compassion, O Lord,
and your merciful love,
for they are from of old.
Do not remember the sins of my youth,
nor my transgressions.
In your merciful love remember me,
because of your goodness, O Lord.

Good and upright is the Lord;
he shows the way to sinners.
He guides the humble in right judgement;
to the humble he teaches his way.",repo://verification/psalm_sources/nigeria_complete_liturgical_coverage.csv,verified Nigerian fragments,092a49d1c43ba157af44e9e7f28899d54d1d70a12456be023f4300fc0e397f3b,f94f573dc4e913a6b314c6ed6a7dd026fca9ee43f125ec6b1df4d93b38d816c4,20
nigeria_365_firestore,ng:reconstructed:8c4665aa51293035,NG,,,reconstructed-selection,,,,"ps37:3-4,5-6,30-31",The mouths of the just murmur wisdom.,"Trust in the Lord and do good;
then you will dwell in the land
and safely pasture.
Find your delight in the Lord,
who grants your heart’s desire.

Commit your way to the Lord;
trust in him, and he will act,
and make  your uprightness  shine  like the light,
the justice of your cause like the noon-day sun.

The mouth of the just man utters wisdom,
and his tongue tells forth what is right.
The law of his God is in his heart;
his steps shall be saved from stumbling.",repo://verification/psalm_sources/nigeria_complete_liturgical_coverage.csv,verified Nigerian fragments,10ed849785a93a99d24f874137c969458be57732300298a14d3c0080297afd5a,9b4f4c27cb2d08ce6f3de463c92e43e62dadf11a2c21bc991b2c627d095ff1b4,20
nigeria_365_firestore,ng:reconstructed:92c8c6341ecc175f,NG,,,reconstructed-selection,,,436,"ps145:17-18,19-20,21",The Lord is near to all who call on him.,"The Lord is just in all his ways,
And holy in all his deeds.
The Lord is close to all who call him,
Who call on him in truth.

He fulfils the desires of those who fear him;
he hears their cry and he saves them.
The Loan keeps watch over all who love him;
the wicked he will utterly destroy.

Let my mouth speak the praise of the Lord;
let all flesh bless his holy name forever,
for ages unending.",repo://verification/psalm_sources/nigeria_complete_liturgical_coverage.csv,verified Nigerian fragments,b1f7a23f76a0d784e3327e81aa103273c7e53e88018f09f87db76c3092770711,b8e565e30cb5b39aa18ebe743cda96069f1a61ac7cd6c6087aeffa2925a15787,20
nigeria_365_firestore,ng:reconstructed:94679b2973e4e335,NG,,,reconstructed-selection,,,353,"ps91:1-2,14-15ab,15c-16","In you, my God, I place my trust.","He who dwells in the shelter of the Most High,
and abides in the shade of the Almighty,
says to the Lord, “My refuge,
my stronghold, my God in whom I trust!”

Since he clings to me in love, I will free him,
protect him, for he knows my name.
When he calls on me, I will answer him;
I will be with him in distress.

I will deliver him, and give him glory.
With length of days I will content him;
I will show him my saving power.",repo://verification/psalm_sources/nigeria_complete_liturgical_coverage.csv,verified Nigerian fragments,4ab3e2512c3dc6285054188417fa498f87df6f272c67f5ce501d6a26659d2723,8acbffafb9fd45cf90584f65a16acb3416cb7e22c01cf0d226f17a5ec7cae7b8,20
nigeria_365_firestore,ng:reconstructed:961273b62de4a998,NG,,,reconstructed-selection,,,,"ps34:2-3,4-5,6-7,8-9",Taste and see that the Lord is good,"I will bless the Lord at all times,
praise of him is always in my mouth.
In the Lord my soul shall make its boast;
the humble shall hear and be glad.

Glorify the Lord with me;
together let us praise his name.
I sought the Lord, and he answered me;
from all my terrors he set me free.

Look towards him and be radiant;
let your faces not be abashed.
This lowly one called; the Lord heard,
And rescued him from all his distress.

The angel of the Lord is encamped
around those who fear him, to rescue them.
Taste and see that the Lord is good. ,
Blessed the man who seeks refuge in him.",repo://verification/psalm_sources/nigeria_complete_liturgical_coverage.csv,verified Nigerian fragments,959fb5c7505453af51bf1b4ec4fd2d7c2ab29018e17a362b17bd94c827d69898,cf854fd03eb3ca9dd2299445385d432a2e0af4371917f2c6e2356f3d448cc046,20
nigeria_365_firestore,ng:reconstructed:98793514984b79e1,NG,,,reconstructed-selection,,,,"ps96:1-2,11-12,13",Let the heavens be glad and the earth rejoice!,"O sing a new song to the Lord;
sing to the LORD, all the earth.
O sing to the Lord; bless his name.
Proclaim his salvation day by day.

Let the heavens rejoice and earth be glad;
let the sea and all within it thunder praise.
Let the land and all it bears rejoice.

Then will all the trees of the wood shout for joy.
At the presence of the Lord, for he comes,
he comes to judge the earth.
He will judge the world with justice;
he will govern the peoples with his truth.",repo://verification/psalm_sources/nigeria_complete_liturgical_coverage.csv,verified Nigerian fragments,5b8a0251b7a69155eaf3038b142d8f53b147b32f87a4971b408d98f9eac72c1f,4992a38e671aa7613868e8f2fff46fd9d787e7bb14568dfaa3e54be8a3880e32,20
nigeria_365_firestore,ng:reconstructed:9b2d77a3156035fb,NG,,,reconstructed-selection,,,,"ps119:14,24,72,103,111,131",How sweet to my taste is your promise!,"I rejoice in the way of your precepts,
as though all riches were mine.

See, your decrees are my delight;
your statutes are my counsellors.

The law from your mouth means more to me
than large quantities of silver and gold.

How sweet is your promise to my tongue,
more than honey in the mouth.

Your decrees are my heritage forever,
the joy of my heart.

I have opened my mouth and I sigh,
for I yearn for your commands.",repo://verification/psalm_sources/nigeria_complete_liturgical_coverage.csv,verified Nigerian fragments,b5d5365b784a9e0ff5c06ec690647e6a221e5cea4917f0aa675ed972477c9ef6,a570e0db1c7349a3ba7bb69b8126cff6abb1a37ce685a9ae0b29980fa48f9d80,20
nigeria_365_firestore,ng:reconstructed:9ca7bf2664ede7b6,NG,,,reconstructed-selection,,,,"ps119:1-2,4-5,17-18,33-34",Blessed are they who follow the law of the Lord!,"Blessed are those whose way is blameless,
who walk in the law of the Lord!
Blessed are those who keep his decrees!
With all their hearts they seek him.

You have laid down your precepts
to be carefully kept. May my ways be firm
in keeping your statutes.

Deal bountifully with your servant,
that I may live and keep your word.
Open my eyes, that I may see
the wonders of your law.

Lord, teach me the way of your statutes,
and I will keep them to the end.
Grant me insight that I may keep your law,
and observe it wholeheartedly.",repo://verification/psalm_sources/nigeria_complete_liturgical_coverage.csv,verified Nigerian fragments,227b38bbc596544c217b249ad116370694d23fe78c128234fd9674987152c40c,2e4ebfb08b8566311aa70f8320c3852556576998590f4437b835a842b8097bde,20
nigeria_365_firestore,ng:reconstructed:9e04d3195f4c39be,NG,,,reconstructed-selection,,,,"ps117:1,2","Go into all the world, and proclaim the Gospel Or: Alleluia.","O praise the Lord, all you nations;
acclaim him, all you peoples!

For his merciful love has prevailed over us;
and the Lord’s faithfulness endures for ever.",repo://verification/psalm_sources/nigeria_complete_liturgical_coverage.csv,verified Nigerian fragments,78bdd6161f23e72bcd212c7d6100733523f94ddfd34e78176813f70a651410e0,9370fd156f73fd689440d9fbf524aa735e1b8b94ea60b67a442bf8a68f28fedc,20
nigeria_365_firestore,ng:reconstructed:9e713f3ef3a03f89,NG,,,reconstructed-selection,,,235,"ps103:1-2,3-4,9-10,11-12",The Lord is kind and merciful.,"Bless the Lord, O my soul,
and all within me, his holy name.
Bless the Lord, O my soul,
and never forget all his benefits.

It is the Lord who forgives all your sins,
Who heals every one of your ills,
who redeems your life from the grave,
who crowns you with mercy and compassion.

He will not always find fault;
nor persist in his anger forever.
He does not treat us according to our sins,
nor repay us according to our faults.

For as the heavens are high above the earth,
so strong his mercy for those who fear him.
As far as the east is from the west,
so far from us does he remove our transgressions.",repo://verification/psalm_sources/nigeria_complete_liturgical_coverage.csv,verified Nigerian fragments,8965d8fe20c321042175ea9dc8a89dd7a2569487d14f5b940e0384e6dfd7a745,f51f047a418a6bb929cce2477b265fc3bf40dc207f923b2a918814279d08b67b,20
nigeria_365_firestore,ng:reconstructed:9ed5c2d3cd9753d2,NG,,,reconstructed-selection,,,,"ps128:1-2,3,4-5",Blessed are those who fear the Lord.,"Blessed are all who fear the Lord,
and walk in his ways!
By the labour of your hands you shall eat.
You will be blessed and prosper.

Your wife like a fruitful vine
in the heart of your house;
your children like shoots of the
olive around your table.

Indeed thus shall be blessed
the man who fears the Lord.
May the Lord bless you from Sion.
May you see Jerusalem prosper
all the days of your life!",repo://verification/psalm_sources/nigeria_complete_liturgical_coverage.csv,verified Nigerian fragments,d4243b504c5c617b2f84c9a150801550e804428af5b2ea1519aa2c14f875a7b4,151494d4c1f22a4c57d35e11fc7032e5cce2066e0ccb0623cb780ad029fa4107,20
nigeria_365_firestore,ng:reconstructed:a0baef2ab7271cba,NG,,,reconstructed-selection,,,,"ps33:1-2,4-5,18-19","May your merciful love be upon us, as we hope in you, O Lord. Or Alleluia","Ring out your joy to the Lord, O you just;
for praise is fitting for the upright.
Give thanks to the Lord upon the harp;
with a ten-stringed lute sing him songs.

For the word of the Lord is faithful,
and all his works to be trusted.
The Lord loves justice and right,
and his merciful love fills the earth.

Yes, the Lord’s eyes are on those who fear him,
who hope in his merciful love,
to rescue their souls from death,
to keep them  alive in famine.",repo://verification/psalm_sources/nigeria_complete_liturgical_coverage.csv,verified Nigerian fragments,cc003574055c20880bf7f3145079b45318c5fbd2438885e79e46332424c56200,dc16de4c66cb841d1167bf7e6d3b19091d009d578532233d2beeb8af01997639,20
nigeria_365_firestore,ng:reconstructed:a0d7d0c2e209b160,NG,,,reconstructed-selection,,,506,"ps100:1-2,3,4,5",Blessed are they who are called to,"Cry out with joy to the Lord, all the earth.
Serve the Lord with gladness.
Come before him, singing for joy.

Know that he, the Lord, is God.
He made us; we belong to him.
We are his people, the sheep of his flock.

Enter his gates with thanksgiving and
his courts with songs of praise.
Give thanks to him, and bless his name.

Indeed, how good is the Lord,
eternal his merciful love.
He is faithful from age to age.",repo://verification/psalm_sources/nigeria_complete_liturgical_coverage.csv,verified Nigerian fragments,47bf4ce7393450d8cf3d16b9c93a824145eaa1c8118888223aebd183fc8f36ef,17e56fb524f58b692b263c57e6b1a2a2db769e307f91055db26b412864bcd0ce,20
nigeria_365_firestore,ng:reconstructed:a2d326aa306186cf,NG,,,reconstructed-selection,,,416,"ps78:56-57,58-59,61-62",Do not forget the works of the Lord!,"With defiance they tested God Most High;
they refused to obey his decrees.
They strayed, faithless like their fathers;
they betrayed him like a faulty bow.

They provoked God to wrath with their high places,
made him jealous with the idols they served.
God heard this and was filled with fury;
he utterly rejected Israel.

He gave his strength into captivity,
his splendour to the hands of the foe.
He gave up his people to the sword,
and showed his anger against his heritage.",repo://verification/psalm_sources/nigeria_complete_liturgical_coverage.csv,verified Nigerian fragments,cf823d32a28694ced6bfc2ecb2c450dfd648e57e92cc8c77531b3a1174b894a1,ee2a8ad6e87a8b4c052dc6ec5b1a48b564bad411ae01e1d8853438bdb5ef06fa,20
nigeria_365_firestore,ng:reconstructed:a43113458076a8a2,NG,,,reconstructed-selection,,,,"ps1:1-2,3,4,6","Those who follow you, Lord, will have the light of life.","Blessed indeed is the man
Who follows not the counsel of the wicked,
Nor stands in the path with sinners,
Nor abides in the company of scorners,
But whose delight is the law of the Lord,
And who ponders his law day and night.

He is like a tree that is planted
Beside the flowing waters,
That yields its fruit in due season,
And whose leaves shall never fade;
and all that he does shall prosper.

Not so are the wicked, not so!
For they, like winnowed chaff,
shall be driven away by the wind.
For the Lord knows the way of the just,
but the way of the wicked will perish.

VERSE BEFORE THEGOSPEL Luke 8:15
Glory and praise to you, O Christ. Blessed are those who, hearing the word, hold it fast in an honest and good heart, and bring forth fruit with patience. Glory and praise to you, O Christ.",repo://verification/psalm_sources/nigeria_complete_liturgical_coverage.csv,verified Nigerian fragments,04e9c81a3b5f2bb4dff5b206722ceba2795cb5094c37839c89658766d83774de,14d9742df2603df7c735d3d005297c48f09fff72b4e6d34e4c7b72b1bc96f58f,20
nigeria_365_firestore,ng:reconstructed:a496fa528ec7b413,NG,,,reconstructed-selection,,,,"ps11:4,5,7","The upright shall behold your face, O Lord. Or: Alleluia.","or:  Alleluia.

The Lord is in his holy temple;
the throne of the Lord is in heaven.
His eyes behold the world;
his gaze probes the children of men.

The Lord inspects the just and the wicked;
the lover of violence he hates.
For the Lord is just and loves deeds of justice;
the upright shall behold his face.",repo://verification/psalm_sources/nigeria_complete_liturgical_coverage.csv,verified Nigerian fragments,9e8affd7455b332071c0c4ce73dd811c4a88dcc863e9ef0a3ec65c65c70ad47f,9616fcf36cc1fae82833f99148e413f11c44eeaf3cec8a336cbc1af82321f448,20
nigeria_365_firestore,ng:reconstructed:a6e2824d0bfd8a27,NG,,,reconstructed-selection,,,,"ps24:1bc-2,3-4ab,5-6","Lord, this is the people that longs to see your face.","The Lord’s is the earth and its fullness,
the world, and all who dwell in it.
It is he who set it on the seas;
on the rivers he made it firm.

Who shall climb the mountain of the Lord?
Who shall stand in his holy place?
The clean of hands and pure of heart,
whose soul is not set on vain things.

Blessings from the Lord shall he receive,
and right reward from the God who saves him.
Such are the people who seek him,
who seek the face of the God of Jacob.",repo://verification/psalm_sources/nigeria_complete_liturgical_coverage.csv,verified Nigerian fragments,3855c01b8b42cadac05bfc9eb4466e2f8a12f67c464a0e9525db584e4188921b,e18a404ed6a7a901a8a0084a28aabc6e643068be38431c14fe9a01d802a2d118,20
nigeria_365_firestore,ng:reconstructed:a8032f3c729652aa,NG,,,reconstructed-selection,,,,"ps34:2-3,4-5,6-7",The Lord rescues them in all their distress,"I will bless the Lord at all times,
praise of him is always in my mouth.
In the Lord my soul shall make its boast;
the humble shall hear and be glad.

Glorify the Lord with me;
together let us praise his name.
I sought the Lord, and he answered me;
from all my terrors he set me free.

Look towards him and be radiant;
let your faces not be abashed.
This lowly one called; the Lord heard,
And rescued him from all his distress.",repo://verification/psalm_sources/nigeria_complete_liturgical_coverage.csv,verified Nigerian fragments,265c62f09318968b75840a028111574b8a5e9c689229dacf29f91ffc1265c4cf,15a0263d297128d0dabaeb0692007b07a0ca1645bdfff40b2e500325e273928b,20
nigeria_365_firestore,ng:reconstructed:aa41c467ee37ceba,NG,,,reconstructed-selection,,,383,"ps145:2-3,4-5,6-7,8-9",The Lord is kind and merciful.,"I will bless you day after day,
and praise your name forever and ever.
The Lord is great and highly to be praised;
his greatness cannot be measured.

Age to age shall proclaim your works,
shall declare your mighty deeds.
They will tell of your great glory and splendour,
and recount your wonderful works.

They will speak of your awesome deeds,
recount your greatness and might.
They will recall your abundant goodness,
and sing of your just deeds with joy.

The Lord is kind and full of compassion,
slow to anger, abounding in mercy.
How good is the Lord to all,
compassionate to all his creatures.",repo://verification/psalm_sources/nigeria_complete_liturgical_coverage.csv,verified Nigerian fragments,0831743eed5166a6bc9e0ce2d7251fb9865140e72bf8d7b1565d4d47467e76a4,bcfb24cad9e4ff6203873c84b08b068e1d4db1ddffab4c997fd93b1d71f72adb,20
nigeria_365_firestore,ng:reconstructed:ad1467f0b44d00de,NG,,,reconstructed-selection,,,,"ps23:1-3a,3b-4,5,6","Though I should walk in the valley of the shadow of death, no evil would I fear, for you are with me.","The Lord is my shepherd;
there is nothing I shall want.
Fresh and green are the pastures
where he gives me repose.
Near restful waters he leads me;
he revives my soul.

He guides me along the right path,
for the sake of his name.
Though I should walk in the valley of
the shadow of death,
no evil would I fear, for you are with me.
Your crook and your staff will give me comfort.

You have prepared a table before me
in the sight of my foes.
My head you have anointed with oil;
my cup is overflowing.

Surely goodness and mercy shall follow me
all the days of my life.
In the Lord’s own house shall I dwell
for length of days unending.",repo://verification/psalm_sources/nigeria_complete_liturgical_coverage.csv,verified Nigerian fragments,b2952f675f6546b83572c944dc94b404cd1009ac6c6f860734baa5826f85d0e2,ff8c224a52ab53047897b0ff1fbaf1600eba1de5ca7e4c94c9f952c31864940d,20
nigeria_365_firestore,ng:reconstructed:ad6632eebca0afcd,NG,,,reconstructed-selection,,,325,"ps32:1-2,5,6,7","Lord, forgive the wrong I have done.","Blessed is he whose transgression is forgiven,
whose sin is remitted.
Blessed the man to whom the Lord imputes no guilt,
in whose spirit is no guile.

To you I have acknowledged my sin;
my guilt I did not hide.
I said, “I will confess my transgression to the Lord.”
And you have forgiven the guilt of my sin.

So let each faithful one pray to you
in the time of need.
The floods of water may reach high,
but such a one they shall not reach.

You are a hiding place for me;
you keep me safe from distress;
you surround me with cries of deliverance.",repo://verification/psalm_sources/nigeria_complete_liturgical_coverage.csv,verified Nigerian fragments,6f8b9b57291c34d4669cd6e1de5c0fa3b604cf4d433454df0a588ce16918ba7e,99cc08dd410a1e72038b9bb887af9481b3369c8a3b733e4051ee6eee33974386,20
nigeria_365_firestore,ng:reconstructed:ad906fabfff7358c,NG,,,reconstructed-selection,,,208,"ps100:1-2,3,4,5",Let all the earth cry out with joy.,"Cry out with joy to the Lord, all the earth.
Serve the Lord with gladness.
Come before him, singing for joy.

Know that he, the Lord, is God.
He made us; we belong to him.
We are his people, the sheep of his flock.

Enter his gates with thanksgiving and
his courts with songs of praise.
Give thanks to him, and bless his name.

Indeed, how good is the Lord,
eternal his merciful love.
He is faithful from age to age.",repo://verification/psalm_sources/nigeria_complete_liturgical_coverage.csv,verified Nigerian fragments,cad2426ab8bca97808675aa681b971146a49bd87354c4528a6e4fa26910ef651,970de4ba5661a546b2f7af0ebd4623503e3721d4a69256b124d344f6ae9a9b4a,20
nigeria_365_firestore,ng:reconstructed:b05498c1207b96ce,NG,,,reconstructed-selection,,,,"ps137:1-2,3,4-5,6","Let my tongue be silenced, if I ever forget you!","By the rivers of Babylon
There we sat and wept,
Remembering Sion;
On the poplars that grew there
We hung up our harps.

For it was there that they asked us,
Our captors, for songs,
Our oppressors, for joy.
“Sing to us,” they said,
“one of Sion’s songs.”.

O how could we sing
The song of the Lord
On foreign soil?
If I forget you, Jerusalem,
Let my right hand wither!

O let my tongue
Cleave to my plate
If I remember you not,
If I prize not Jerusalem
As the first of my joys!",repo://verification/psalm_sources/nigeria_complete_liturgical_coverage.csv,verified Nigerian fragments,462b65d4048bf9729950335d21c1e4e1071ff2475396aca53287f3b4fd8d1bf8,9b0b9565f80053e2f1fd015dc036ff95392090198a3314dcd368053b893923da,20
nigeria_365_firestore,ng:reconstructed:b0e047740b53a512,NG,,,reconstructed-selection,,,455,"ps17:1,2-3,6-7","Lord, bend your ear and hear my prayer.","O Lord, hear a cause that is just,
pay heed to my cry.
Turn your ear to my prayer:
no deceit is on my lips.

From you may my justice come forth.
Your eyes discern what is upright.
Search my heart and visit me by night.
Test me by fire, and you will find no wrong in me.

To you I call; for you will surely heed me,
O God. Turn your ear to me; hear my words.
Display your merciful love.
By your right hand you deliver from their
foes those who put their trust in you.",repo://verification/psalm_sources/nigeria_complete_liturgical_coverage.csv,verified Nigerian fragments,c6634563974ae7db53e8754f888f3c15cbb52a3002e9a3b2273a6f4ba5bff8cb,dda1aa9dbddf0802e2ad8dd4e14015121f6bfb6b9c97c31d958b6c79709a527a,20
nigeria_365_firestore,ng:reconstructed:b153b14e535af7a1,NG,,,reconstructed-selection,,,,"ps40:7-8a,8b-9,10,11",Who is this king of glory? It is the Lord!,"You delight not in sacrifice and offerings, but in an open ear.
You do not ask for holocaust and victim.
Then I said, “See, I have come.”

In the scroll of the book it stands written of me:
 “I delight to do your will, O my God;
your instruction lies deep within me.” R/.
R/. See, I have come, Lord, to do your will.

Your justice I have proclaimed in the great assembly.
My lips I have not sealed; you know it, O LORD.

Your saving help I have not hidden in my heart;
of your faithfulness and salvation I have spoken.
I made no secret of your merciful love
and your faithfulness to the great assembly.",repo://verification/psalm_sources/nigeria_complete_liturgical_coverage.csv,verified Nigerian fragments,89b5790d62a4ee8216438427206e9c999a6d2b437e3417b899ba79f886d040ec,ce8a349c5870321c874611e231508e69db60a56955e205bb0f0b4f5628afd8f9,20
nigeria_365_firestore,ng:reconstructed:b398aae72e79664f,NG,,,reconstructed-selection,,,272,"ps33:1-2,4-5,18-19","Lord, let you mercy be on us,","Ring out your joy to the Lord, O you just;
for praise is fitting for the upright.
Give thanks to the Lord upon the harp;
with a ten-stringed lute sing him songs.

For the word of the Lord is faithful,
and all his works to be trusted.
The Lord loves justice and right,
and his merciful love fills the earth.

Yes, the Lord’s eyes are on those who fear him,
who hope in his merciful love,
to rescue their souls from death,
to keep them  alive in famine.",repo://verification/psalm_sources/nigeria_complete_liturgical_coverage.csv,verified Nigerian fragments,a881250f4a83874b633d7d0197ae058db479f5dbf692a1fa12767c7d476abe02,5cd435282c0007cad20fd86e07a0ce8835a40aefdcc7f74ec318775a82221d2a,20
nigeria_365_firestore,ng:reconstructed:b597c5930154e178,NG,,,reconstructed-selection,,,,"ps24:1bc-2,3-4ab,5-6",The Lord’s is the earth and its fullness.,"The Lord’s is the earth and its fullness,
the world, and all who dwell in it.
It is he who set it on the seas;
on the rivers he made it firm.

Who shall climb the mountain of the Lord?
Who shall stand in his holy place?
The clean of hands and pure of heart,
whose soul is not set on vain things.

Blessings from the Lord shall he receive,
and right reward from the God who saves him.
Such are the people who seek him,
who seek the face of the God of Jacob.",repo://verification/psalm_sources/nigeria_complete_liturgical_coverage.csv,verified Nigerian fragments,d6fd65b013092bdaa1e3b0436d94e0941503027268b01795f354863868702779,fc69a310d6f8e31779b97b9f40b9d449097602cf030cbf8cc79d22607641e8b2,20
nigeria_365_firestore,ng:reconstructed:b79b811a86a99f95,NG,,,reconstructed-selection,,,,"ps106:6-7ab,19-20,21-22","O Lord, remember me with the favour you show to your people..","Like our fathers, we have sinned.
We have done wrong; our deeds have been evil.
Our forebears, when they were in Egypt,
did not grasp the meaning of your wonders.

They fashioned a calf at Horeb,
and worshipped an image of metal,
they exchanged their glory
for the image of a bull that eats grass.

They forgot the God who was their saviour,
who had done such great things in Egypt,
such wonders in the land of Ham,
such marvels at the Red Sea.",repo://verification/psalm_sources/nigeria_complete_liturgical_coverage.csv,verified Nigerian fragments,e7b063c5f221712193413371534ba711a7a65b024e766d5913290bf59aae32b0,81e12fd283a239ef2d139d429872d3ee5807f8ae78be096594c8b8c31af4525d,20
nigeria_365_firestore,ng:reconstructed:b8ad46457d141745,NG,,,reconstructed-selection,,,,"ps25:4-5,6-7,8-9","O Lord, make me know your ways.","O Lord, make me know your ways.
Teach me your paths.
Guide me in your truth, and teach me;
for you are the God of my salvation.
I have hoped in you all day long.

Remember your compassion, O Lord,
and your merciful love,
for they are from of old.
Do not remember the sins of my youth,
nor my transgressions.
In your merciful love remember me,
because of your goodness, O Lord.

Good and upright is the Lord;
he shows the way to sinners.
He guides the humble in right judgement;
to the humble he teaches his way.",repo://verification/psalm_sources/nigeria_complete_liturgical_coverage.csv,verified Nigerian fragments,50a104c9b9e07a3c27dcc2b91f3d400e32c702dd7530f9de7742a407c8e9da19,aed202a185f449ad86d6038d693f818a58f036717573ee994815f1598ecd0524,20
nigeria_365_firestore,ng:reconstructed:b98d0d3e1ffc0229,NG,,,reconstructed-selection,,,,"deuteronomy32:35cd-36ab,39abcd,41",It is I who deal death and give life.,"For the day of their calamity is at hand,
and their doom comes swiftly.
For the Lord will vindicate his people
and have compassion on his servants.

“See now that I, even I, am he,
and there is no god beside me;
I kill and I make alive;
I wound and I heal.”

“If I sharpen my glittering sword,
and my hand takes hold on judgement,
I will take vengeance on my adversaries,
and Will repay those who hate me.”",repo://verification/psalm_sources/nigeria_complete_liturgical_coverage.csv,verified Nigerian fragments,5a46c2291a53323162bddbd1b534affb45da03561282ca236dc95f6b23f91d36,ea959a0785dfe46ace537b512316228ec07d7662b7b525ff94f245cc017153a2,20
nigeria_365_firestore,ng:reconstructed:bac86ed2b54b6d1f,NG,,,reconstructed-selection,,,246,"ps145:8-9,13cd-14,17-18",The Lord is kind and merciful.,"The Lord is kind and full of compassion,
slow to anger, abounding in mercy.
How good is the Lord to all,
compassionate to all his creatures.

The Lord is faithful in all his words,
and holy in all his deeds.
The Lord supports all who fall,
and raises up all who are bowed down.

The Lord is just in all his ways,
And holy in all his deeds.
The Lord is close to all who call him,
Who call on him in truth.",repo://verification/psalm_sources/nigeria_complete_liturgical_coverage.csv,verified Nigerian fragments,25e79bd71d6cf4df762a72522a6dc5fbcd00d5fe17a95bbc777f6c393c234cfa,929ac14bb1311118270d66de557d0eeab891b4995e66e8c1ae09f83b9bda2015,20
nigeria_365_firestore,ng:reconstructed:c03bb95a9a228bb2,NG,,,reconstructed-selection,,,,"ps19:8,9,10,11",". The judgments of the Lord are true; they are, all of them, just","The law of the Lord is perfect;
it revives the soul.
The decrees of the Lord are steadfast;
they give wisdom to the simple.

The precepts of the Lord are right;
they gladden the heart.
The command of the Lord is clear;
it gives light to the eyes.

The fear of the Lord is pure,
Abiding forever.
The judgements of the Lord are true;
they are, all of them, just.

They are more to be desired than gold,
than quantities of gold.
And sweeter are they than honey,
Than honey flowing from the comb.",repo://verification/psalm_sources/nigeria_complete_liturgical_coverage.csv,verified Nigerian fragments,3431d1868c40c1509f71c33f997e5129da945d5655b9f9eab175996a2ac0719b,265648229bb9f58fff9de888b1d6b27a517217751e042f23ed8c87c6566c9b7a,20
nigeria_365_firestore,ng:reconstructed:c0e39c51a7d04735,NG,,,reconstructed-selection,,,,ps13:6,With delight I rejoice in the Lord.,"I will sing to the Lord
who has been bountiful with me.",repo://verification/psalm_sources/nigeria_complete_liturgical_coverage.csv,verified Nigerian fragments,88bca93c814f2229f192721a2271838df1ae59e1ea483929d50fb9e57b577b86,b1053037b4c67353163317f6b05bffffb5d5fc4684c43106abf13ec8f3d54f75,20
nigeria_365_firestore,ng:reconstructed:c1d875fa19636054,NG,,,reconstructed-selection,,,290,"ps100:1-2,3,5",Let all the earth cry out to God with joy.,"Cry out with joy to the Lord, all the earth.
Serve the Lord with gladness.
Come before him, singing for joy.

Know that he, the Lord, is God.
He made us; we belong to him.
We are his people, the sheep of his flock.

Indeed, how good is the Lord,
eternal his merciful love.
He is faithful from age to age.",repo://verification/psalm_sources/nigeria_complete_liturgical_coverage.csv,verified Nigerian fragments,959e6dd040f1faf5c99b53d535b013a2143f9fc3d2b573f99ee11c5ee49d24f3,8185b1858db094173eb38293b881363c1291ff78fb45d459198caecfe078b5cc,20
nigeria_365_firestore,ng:reconstructed:c49ce424abed26f8,NG,,,reconstructed-selection,,,,"ps23:1-3a,3b-4,5,6",I shall live in the house of the Lord all the days of my life.,"The Lord is my shepherd;
there is nothing I shall want.
Fresh and green are the pastures
where he gives me repose.
Near restful waters he leads me;
he revives my soul.

He guides me along the right path,
for the sake of his name.
Though I should walk in the valley of
the shadow of death,
no evil would I fear, for you are with me.
Your crook and your staff will give me comfort.

You have prepared a table before me
in the sight of my foes.
My head you have anointed with oil;
my cup is overflowing.

Surely goodness and mercy shall follow me
all the days of my life.
In the Lord’s own house shall I dwell
for length of days unending.",repo://verification/psalm_sources/nigeria_complete_liturgical_coverage.csv,verified Nigerian fragments,0607951002917cb64f33e342226d09f22ec059cc8c69442b87e58da4d0ee9d81,e60d597b63b9ba7bbb86489a2e5ffa26e508009d44eebf2933740dced35f13a0,20
nigeria_365_firestore,ng:reconstructed:c4bb1cf3e57418d2,NG,,,reconstructed-selection,,,490,"ps145:2-3,4-5,10-11","I will praise your name for ever, Lord.","I will bless you day after day,
and praise your name forever and ever.
The Lord is great and highly to be praised;
his greatness cannot be measured.

Age to age shall proclaim your works,
shall declare your mighty deeds.
They will tell of your great glory and splendour,
and recount your wonderful works.

All your works shall thank you, O Lord,
and all your faithful ones bless you.
They shall speak of the glory of your reign,
and declare your mighty deeds.",repo://verification/psalm_sources/nigeria_complete_liturgical_coverage.csv,verified Nigerian fragments,d50bac2050416442e931d0746776df57fdb89cc181bffc144583888852748a52,5c2bbc3cbb730aab4720bacdf86dd214ed332cd5f30532032685e1c1f08735bf,20
nigeria_365_firestore,ng:reconstructed:c7b8960928c5f622,NG,,,reconstructed-selection,,,466,"ps97:1-2,5-6,11-12",Let the just rejoice in the Lord.,"The Lord is king, let earth rejoice;
let the many islands be glad.
Cloud and darkness surround him;
justice and right are the foundation of his throne.

The mountains melt like wax
before the face of the Lord,
before the face of the Lord of all the earth.
The skies proclaim his justice;
all peoples see his glory.

Light shines forth for the just one,
And joy for the upright of heart.
Rejoice in the Lord, you just;
To the memory of his holiness give thanks.",repo://verification/psalm_sources/nigeria_complete_liturgical_coverage.csv,verified Nigerian fragments,7d992f1d4e7fae9b41107ae119f650e88dfbd299850a04a5d1382166d071f0ba,666545b39fe3e29c9873f0dc7b2c003aa4ed188109fb533909136f6ecb95b5f0,20
nigeria_365_firestore,ng:reconstructed:c818d975b423ab47,NG,,,reconstructed-selection,,,,"ps132:6-7,9-10,13-14","Lord, go up to the place of your rest,","At Ephrata we heard of it;
we found it in the plains of Yearim.
“Let us go to the place of his dwelling;
let us bow down at his footstool.”

Your priests shall be clothed with justice;
your faithful shall ring out their joy.
For the sake of David your servant,
do not reject your anointed.

For the Lord has chosen Sion;
he has desired it for his dwelling:
“This is my resting-place from age to age;
here have I chosen to dwell.”",repo://verification/psalm_sources/nigeria_complete_liturgical_coverage.csv,verified Nigerian fragments,1969a3f6dd85588c13339e2ceafb466ea8439fea8e7d1ceb110e42f9a16668fc,62a0a119f4d614b3181c015c000276a9bc4bfc55597caa6bd03e20937c866aaa,20
nigeria_365_firestore,ng:reconstructed:c88f2cec1c0c0aa7,NG,,,reconstructed-selection,,,369,"ps132:11,12,13-14,17-18",The Lord has chosen Zion for his dwelling.,"The Lord swore an oath to David;
he will not go back on his word:
“A son, the fruit of your body,
will I set upon your throne.

If your sons hold fast to my covenant,
and my laws that I have taught them,
their sons, in turn, shall sit
on your throne from age to age.”

For the Lord has chosen Sion;
he has desired it for his dwelling:
“This is my resting-place from age to age;
here have I chosen to dwell.”

“I will make a stock sprout up for! David;
I will prepare a lamp for my anointed.
I will cover his enemies with shame,
but on him my crown shall shine.”",repo://verification/psalm_sources/nigeria_complete_liturgical_coverage.csv,verified Nigerian fragments,8cb2f0644edf4c3254fc14ed062ca2d9b3689e66d2592d791a9fc11ed232d4a0,b28cdf03a7f328396a0c8c3ce2b8c3c7319ca655636f050bef7577ba62b3d7b6,20
nigeria_365_firestore,ng:reconstructed:c9b48d176639c2ed,NG,,,reconstructed-selection,,,,"ps126:1-2ab,2cd-3,4-5,6","What great deeds the Lord worked for us! Indeed, we were glad.","When the Lord brought back the exiles of Sion,
we thought we were dreaming.
Then was our mouth filled with laughter;
on our tongues, songs of joy.

Then the nations themselves said,
“What great deeds the Lord worked for them!”
What great deeds the Lord worked for us!
Indeed, we were glad.

Bring back our exiles,
O Lord, as streams in the south.
Those who are sowing in tears
will sing when they reap.

They go out, they go out, full of tears,
bearing seed for the sowing;
they come back, they come back with a song,
bearing their sheaves.",repo://verification/psalm_sources/nigeria_complete_liturgical_coverage.csv,verified Nigerian fragments,8af9c0e0476027f1b9d07a6cf0603b6506e68ffebd698fda30313f2f43ae6ad1,ee8682f5925efc21bd387e3cfaeb8c3aa6cea99ad7cf08a6f21c25b48cf006e7,20
nigeria_365_firestore,ng:reconstructed:cdebe904ba890cad,NG,,,reconstructed-selection,,,435,"ps100:1-2,3,4,5",Come with joy into the presence of the Lord.,"Cry out with joy to the Lord, all the earth.
Serve the Lord with gladness.
Come before him, singing for joy.

Know that he, the Lord, is God.
He made us; we belong to him.
We are his people, the sheep of his flock.

Enter his gates with thanksgiving and
his courts with songs of praise.
Give thanks to him, and bless his name.

Indeed, how good is the Lord,
eternal his merciful love.
He is faithful from age to age.",repo://verification/psalm_sources/nigeria_complete_liturgical_coverage.csv,verified Nigerian fragments,8973030c1be520a470ceb46e4f6ce81127e0115f1533b30b05f09cc3f6163634,99d8e957b093659724170370be34324a9a56aad6997fe585ffb229d1950aac91,20
nigeria_365_firestore,ng:reconstructed:ce0735b860dd66e5,NG,,,reconstructed-selection,,,362,"ps65:9abcd,9e-10,11-12","It is right to praise you in Zion, O God.","You visit the earth, give it water;
You fill it with riches.
God’s ever-flowing river brims over
to prepare the grain.

And thus you provide for the earth:
you drench its furrows;
you level it, soften it with showers;
you bless its growth.

You crown they ear with your bounty.
 Abundance flows in your pathways;
in pastures of the desert it flows.",repo://verification/psalm_sources/nigeria_complete_liturgical_coverage.csv,verified Nigerian fragments,cb91c493e927ad18540f99b1f4dbcbf28e81b543901f5763b49b7c5a269ce96a,77540a941b4d4a6f2a837ce1835e481964e112dc22b77e526690af71b95c51c9,20
nigeria_365_firestore,ng:reconstructed:ce6792d69f9e8517,NG,,,reconstructed-selection,,,,"deuteronomy32:26-27ab,27cd-28,30,35cd-36ab",It is I who deal death and give life.,"“I would have said, ‘I will scatter them afar,
I will make the remembrance of them cease from among men,’
had I not feared provocation by the enemy,
lest their adversaries should judge amiss.”

“Lest they should say, ‘Our hand is triumphant,
the Lord has not wrought all this. ’
For they are a nation void of counsel,
and there is no understanding in them.”

“How should one chase a thousand,
and two put ten thousand to flight,
unless their Rock had sold them,
and the Lord had given them up?”

For the day of their calamity is at hand,
and their doom comes swiftly.
For the Lord will vindicate his people
and have compassion on his servants.",repo://verification/psalm_sources/nigeria_complete_liturgical_coverage.csv,verified Nigerian fragments,bbd63ea2cbc6ad4296ff96059f6307cdbfef306dffd45052a3e74db69ebe4cd8,63e6aaf3ab5db1583e4a98d8b039c17ace3688fbbab67ad0406640b0272954fc,20
nigeria_365_firestore,ng:reconstructed:cede12dd16b6c2ae,NG,,,reconstructed-selection,,,,"ps100:1-2,3,5","We are his people, the sheep of his flock. Or: Alleluia.","Cry out with joy to the Lord, all the earth.
Serve the Lord with gladness.
Come before him, singing for joy.

Know that he, the Lord, is God.
He made us; we belong to him.
We are his people, the sheep of his flock.

Indeed, how good is the Lord,
eternal his merciful love.
He is faithful from age to age.",repo://verification/psalm_sources/nigeria_complete_liturgical_coverage.csv,verified Nigerian fragments,0ae4d3a0a24ecc500d986bc5529c0b284396c6cc7dcbafde139a0abde8bff4c8,4167215325b6f2abfbcdee63128eeec3e1bf85cc0ff109af48d62d6aac485bc6,20
nigeria_365_firestore,ng:reconstructed:d2db030c23bd57af,NG,,,reconstructed-selection,,,,"ps119:67,68,71,72,75,76","Show me compassion, that I may live.","Before I was humbled, I strayed,
but now I keep your word.

You are good, and you do what is good;
teach me your statutes.

It was good for me to be humbled,
that I might  learn your  statutes.

The law from your mouth means more to me
than large quantities of silver and gold.

O Lord, I know that your decrees are right;
though  I am humbled,  you  are just.

Let your merciful love console me
by your promise  to your  servant.",repo://verification/psalm_sources/nigeria_complete_liturgical_coverage.csv,verified Nigerian fragments,8c413e0e13b90dbd4aaeed763c7a43194be468892870f8c63912f37920fc3322,8d9990f3f1a5a3f8e542c2368bcd03dd12cc593354aa029c7eec09f6ee1e8e2d,20
nigeria_365_firestore,ng:reconstructed:d2e3b8470c003119,NG,,,reconstructed-selection,,,430,"ps33:12-13,18-19,20-21",Happy the people the Lord has chosen to be his own.,"Blessed the nation whose God is the Lord,
the people he has chosen as his heritage.
From the heavens the Lord looks forth;
he sees all the children of men.

Yes, the Lord’s eyes are on those who fear him,
who hope in his merciful love,
to rescue their souls from death,
to keep them  alive in famine.

Our soul is waiting for the Lord.
He is our help and our shield.
In him do our hearts find joy.
We trust in his holy name.",repo://verification/psalm_sources/nigeria_complete_liturgical_coverage.csv,verified Nigerian fragments,374e22b16f2ea894c4a9032be6d4feeeb9b7af9551276c1a13b6fda74c051935,73bf6df51f6fb0066666e38598ba0d09ee3948291e930221ed83e023045e9030,20
nigeria_365_firestore,ng:reconstructed:d33e0f6a19ff9352,NG,,,reconstructed-selection,,,440,"ps139:1-3,13-14ab,23-24","Guide me, Lord, along the everlasting way.","O Lord, you search me and you know me.
You yourself know my resting and my rising;
you discern my thoughts from afar.
You mark when I walk or lie down;
you know all my ways through and through.

For it was you who formed my inmost being,
knit me together in my mother’s womb.
I thank you who wonderfully made me;
how wonderful are your works.

O search me, God, and know my heart.
O test me, and know my thoughts.
See that my path is not wicked,
and lead me in the way everlasting.",repo://verification/psalm_sources/nigeria_complete_liturgical_coverage.csv,verified Nigerian fragments,c9a7d0ebf83e65e9d1299e4766e1fa90c9c78d712bff05cee64e6b1551844f9c,3a06cc26a470957c8e5c2a69b493f38da74b5fe5d76627882a6b4e237a854975,20
nigeria_365_firestore,ng:reconstructed:db49483ba7819206,NG,,,reconstructed-selection,,,,"ps25:4-5,6-7,8-9","Teach me your ways, O Lord.","O Lord, make me know your ways.
Teach me your paths.
Guide me in your truth, and teach me;
for you are the God of my salvation.
I have hoped in you all day long.

Remember your compassion, O Lord,
and your merciful love,
for they are from of old.
Do not remember the sins of my youth,
nor my transgressions.
In your merciful love remember me,
because of your goodness, O Lord.

Good and upright is the Lord;
he shows the way to sinners.
He guides the humble in right judgement;
to the humble he teaches his way.",repo://verification/psalm_sources/nigeria_complete_liturgical_coverage.csv,verified Nigerian fragments,134f6bdbaf0fe8818107517906f5d90bf5ae4934033b88698fc02121b305549c,b07c6d533ebdffbe009d41e75c0ce7b21e09ff03bff5bb9922a549bfc2a7c80a,20
nigeria_365_firestore,ng:reconstructed:dce04eb0e20493ec,NG,,,reconstructed-selection,,,336,"ps94:12-13a,14-15,18-19","Happy are those you teach, O Lord.","Blessed the man whom you discipline, O Lord,
Whom you train by means of your law;
To whom you give peace in evil days.

The Lord will not abandon his people,
Nor forsake those who are his heritage;
For judgement shall again be just,
And all true hearts shall uphold it.

When i think, “I have lost my foothold,”
Your mercy, O Lord, holds me up.
When cares increase in my heart,
Your consolation calms my soul.",repo://verification/psalm_sources/nigeria_complete_liturgical_coverage.csv,verified Nigerian fragments,e5606980d505962d190ec1ae49714ec395059bd837bf3f3c3fbd205a39234805,1b092d44588f4772ea544a0c24d76c95d70c85ace54c65ffda93f5e369a76369,20
nigeria_365_firestore,ng:reconstructed:dd7075773890c9c5,NG,,,reconstructed-selection,,,421,"ps23:1-3a,3b-4,5,6",The Lord is my shepherd;,"The Lord is my shepherd;
there is nothing I shall want.
Fresh and green are the pastures
where he gives me repose.
Near restful waters he leads me;
he revives my soul.

He guides me along the right path,
for the sake of his name.
Though I should walk in the valley of
the shadow of death,
no evil would I fear, for you are with me.
Your crook and your staff will give me comfort.

You have prepared a table before me
in the sight of my foes.
My head you have anointed with oil;
my cup is overflowing.

Surely goodness and mercy shall follow me
all the days of my life.
In the Lord’s own house shall I dwell
for length of days unending.",repo://verification/psalm_sources/nigeria_complete_liturgical_coverage.csv,verified Nigerian fragments,ac243863943fdfa580865dfd9f68d8acc11aa2f1b6a08595b83aac37796e25cd,7e1738f8afdff3a43ca35e623c49a34d0a714170e9ac2fafaba3f85be3ce626a,20
nigeria_365_firestore,ng:reconstructed:ddee090816b19e06,NG,,,reconstructed-selection,,,,"deuteronomy32:18-19,20,21",You have forgotten God who gave you birth.,"You were unmindful of the Rock that begot you,
and you forgot the God who gave you birth.
The Lord saw it, and spurned them,
because of the provocation of his
sons and his daughters.

And he said, “I will hide my face from them,
I will see what their end will be,
for they are a perverse generation,
children in whom is no faithfulness.”

“They have stirred me to jealousy with what is no god;
they have provoked me with their idols.
So I will stir them to jealousy with those who are no people;
I will provoke them with a foolish nation.”",repo://verification/psalm_sources/nigeria_complete_liturgical_coverage.csv,verified Nigerian fragments,990d7967d67436c3570e053c1e999a4fa69758760ed66292e25292f790cff9b8,ab79005d054555143edec18b946fea3ffd9f68f6edeceb113724dee60be96412,20
nigeria_365_firestore,ng:reconstructed:e92bd5cabc1f2f27,NG,,,reconstructed-selection,,,,"ps19:2-3,4-5",Their Sound goes forth through all the earth Or: Alleluia.,"The heavens declare the glory of God,
and the firmament proclaims the work of his hands.
Day unto day conveys the message
and night unto night imparts the knowledge.

No speech, no word, whose voice goes unheeded;
their sound goes forth through all the earth,
their message to the utmost bounds of the world.",repo://verification/psalm_sources/nigeria_complete_liturgical_coverage.csv,verified Nigerian fragments,189ad33df6ca9a191a370d70fdda3cc9cc480824f1cd4dd29a201563665309f7,70420eda32c962cce2f17ffb1b4ed5b755025c435f97b4f1470e544ef7494417,20
nigeria_365_firestore,ng:reconstructed:ea07954a0e62a027,NG,,,reconstructed-selection,,,,"ps72:1-2,3-4ab,7-8,17","Justice shall flourish in his time, and fullness of peace for ever.","O God, give your judgement to the king,
to a king’s son your justice,
that he may judge your people in justice,
and your poor in right judgement.

May the mountains bring forth
peace for the people, and the hills justice.
May he defend the poor of the people,
and save the children of the needy.

In his days shall justice flourish,
and great peace till the moon is no more.
He shall rule from sea to sea,
from the River to the bounds of the earth.

May his name endure forever,
his name continue like the sun.
Every tribe shall be blest in him,
all nations shall call him blessed.",repo://verification/psalm_sources/nigeria_complete_liturgical_coverage.csv,verified Nigerian fragments,9f00decd5fbf12cfb28219233a5ac453d4a83223a9c8fd96cacd230db5bbda5d,27a03c3b5a064805438bca6dced0583524975f8dc89fddb5fc3279641526c881,20
nigeria_365_firestore,ng:reconstructed:ecb5b87f6c23f24a,NG,,,reconstructed-selection,,,177,"ps23:1-3a,3b-4,5,6",I shall dwell in the house of the Lord,"The Lord is my shepherd;
there is nothing I shall want.
Fresh and green are the pastures
where he gives me repose.
Near restful waters he leads me;
he revives my soul.

He guides me along the right path,
for the sake of his name.
Though I should walk in the valley of
the shadow of death,
no evil would I fear, for you are with me.
Your crook and your staff will give me comfort.

You have prepared a table before me
in the sight of my foes.
My head you have anointed with oil;
my cup is overflowing.

Surely goodness and mercy shall follow me
all the days of my life.
In the Lord’s own house shall I dwell
for length of days unending.",repo://verification/psalm_sources/nigeria_complete_liturgical_coverage.csv,verified Nigerian fragments,0d4d388e0464dd3d30cd08a8be7f226f216d806829784491cea147f9ac981541,c39745169f7a83b82cd2fd56cdce5115dffd0bd2705f909f7bd65d4eacc809fa,20
nigeria_365_firestore,ng:reconstructed:ecc7e6a313311f94,NG,,,reconstructed-selection,,,,"ps145:2-3,4-5,10-11","I will bless your name forever, my king and my God.","I will bless you day after day,
and praise your name forever and ever.
The Lord is great and highly to be praised;
his greatness cannot be measured.

Age to age shall proclaim your works,
shall declare your mighty deeds.
They will tell of your great glory and splendour,
and recount your wonderful works.

All your works shall thank you, O Lord,
and all your faithful ones bless you.
They shall speak of the glory of your reign,
and declare your mighty deeds.",repo://verification/psalm_sources/nigeria_complete_liturgical_coverage.csv,verified Nigerian fragments,65d7369e9e9562e5d8313e4f091d1ad11d75c5cf7ab846130f25a168cbbf065c,5fd5b38c1110890390ea53d6d471816662a9aa7a7ee7ce6b1c7d4f12c75b4389,20
nigeria_365_firestore,ng:reconstructed:f0691ed52aaf4fc0,NG,,,reconstructed-selection,,,,"ps19:2-3,4-5",Their message goes out through all the earth.,"The heavens declare the glory of God,
and the firmament proclaims the work of his hands.
Day unto day conveys the message
and night unto night imparts the knowledge.

No speech, no word, whose voice goes unheeded;
their sound goes forth through all the earth,
their message to the utmost bounds of the world.",repo://verification/psalm_sources/nigeria_complete_liturgical_coverage.csv,verified Nigerian fragments,3d9c9116a67c1f910db7d916262e63544421eaedfc8ae393e76450926cdf5df5,c7343eb10e395a9325868faf50c9a23d5b9a04899cb6c36a3952eecc25730858,20
nigeria_365_firestore,ng:reconstructed:f1a6395f00e2fce5,NG,,,reconstructed-selection,,,,"ps33:1-2,4-5,18-19","Lord, let your mercy be on us, as we place our trust in you.","Ring out your joy to the Lord, O you just;
for praise is fitting for the upright.
Give thanks to the Lord upon the harp;
with a ten-stringed lute sing him songs.

For the word of the Lord is faithful,
and all his works to be trusted.
The Lord loves justice and right,
and his merciful love fills the earth.

Yes, the Lord’s eyes are on those who fear him,
who hope in his merciful love,
to rescue their souls from death,
to keep them  alive in famine.",repo://verification/psalm_sources/nigeria_complete_liturgical_coverage.csv,verified Nigerian fragments,aebe0fd5a0610b34c0036cffe15002c8b1e3a0549e31bf9d87744a0e61bb5205,0c62abb0c67844cd322b96667970b5f0bcc262617e79a7c624c02820703a67a8,20
nigeria_365_firestore,ng:reconstructed:f421cf74f30e8cad,NG,,,reconstructed-selection,,,,"ps121:1-2,3-4,5-6,7-8","Our help is from the Lord, who made heaven and earth.","I lift up my eyes to the mountains;
From where shall my help?
My help shall come from the Lord,
Who made heaven and earth.

He will keep your foot from stumbling.
Your guard will never slumber.
No, he sleeps not nor slumber,
Israel’s guard.

The Lord your guard, the Lord your shade
At your right hand.
By day the sun shall not smite you,
Nor the moon in the night.

The Lord will guard you from evil;
He will guard your soul.
The Lord will guard your going and coming,
Both now and for ever.",repo://verification/psalm_sources/nigeria_complete_liturgical_coverage.csv,verified Nigerian fragments,844e4aa8e53444558f8d48c297cd179aedc840ead33f80ad2c9f24f118dbe011,d1cceaace04a94502b58b431649d29f160def4fd3d137a2d208eb2c27479fb12,20
nigeria_365_firestore,ng:reconstructed:f63a486e98d75b2d,NG,,,reconstructed-selection,,,,"ps103:1-2,3-4,9-10,11-12","The Lord is kind and merciful, slow to anger, and rich","Bless the Lord, O my soul,
and all within me, his holy name.
Bless the Lord, O my soul,
and never forget all his benefits.

It is the Lord who forgives all your sins,
Who heals every one of your ills,
who redeems your life from the grave,
who crowns you with mercy and compassion.

He will not always find fault;
nor persist in his anger forever.
He does not treat us according to our sins,
nor repay us according to our faults.

For as the heavens are high above the earth,
so strong his mercy for those who fear him.
As far as the east is from the west,
so far from us does he remove our transgressions.",repo://verification/psalm_sources/nigeria_complete_liturgical_coverage.csv,verified Nigerian fragments,1fc07f818792ac46ab6cb26ad409b25a3ca7d3ad2fb33f883b5f121908dd90fa,4ff64775dc9505d4097015bceb93b45bee17b70a2bc48fe290638dc60e91df83,20
nigeria_365_firestore,ng:reconstructed:f904bc3ddbfc3ca7,NG,,,reconstructed-selection,,,,"ps51:3-4,12-13,14-15","Create a clean heart in me, O God.","Have mercy on me, O God,
according to your merciful love;
according to your great compassion,
blot out my transgressions.
Wash me completely from my iniquity,
and cleanse me from my sin.

Create a pure heart for me, O God;
renew a steadfast spirit within me.
Do not cast me away from your presence;
take not your holy spirit from me.

Restore in me the joy of your salvation;
sustain in me a willing spirit.
I will teach transgressors your ways,
that sinners may return to you.",repo://verification/psalm_sources/nigeria_complete_liturgical_coverage.csv,verified Nigerian fragments,e442d128e754572b911557595f2b45830f4b42ca848e8849a516055c4ad36805,f27834846608fd53571c28595c549fbf668f5b0c0a110c0bc973e6a74a767e73,20
nigeria_365_firestore,ng:reconstructed:fa34bd23c16890c3,NG,,,reconstructed-selection,,,,"ps97:1-2,5-6,9","The Lord is king, most high above all the earth.","The Lord is king, let earth rejoice;
let the many islands be glad.
Cloud and darkness surround him;
justice and right are the foundation of his throne.

The mountains melt like wax
before the face of the Lord,
before the face of the Lord of all the earth.
The skies proclaim his justice;
all peoples see his glory.

For you indeed are the Lord
most high above all the earth,
exalted far above all gods.",repo://verification/psalm_sources/nigeria_complete_liturgical_coverage.csv,verified Nigerian fragments,832740a7f6a6838c48c6765a6d117ca7aeea1c82cc631bb76fd3189919cb2330,706a625cf18eebba4f96aa946ca74f666c7c8d0d41eb52a5fa64474b6672c04b,20
nigeria_365_firestore,ng:reconstructed:fec9cbaf9d4f37c1,NG,,,reconstructed-selection,,,,"ps24:1bc-2,3-4ab,5-6","These are the people who seek your face, O Lord.","The Lord’s is the earth and its fullness,
the world, and all who dwell in it.
It is he who set it on the seas;
on the rivers he made it firm.

Who shall climb the mountain of the Lord?
Who shall stand in his holy place?
The clean of hands and pure of heart,
whose soul is not set on vain things.

Blessings from the Lord shall he receive,
and right reward from the God who saves him.
Such are the people who seek him,
who seek the face of the God of Jacob.",repo://verification/psalm_sources/nigeria_complete_liturgical_coverage.csv,verified Nigerian fragments,bb4e2cfde86f5f884fa372564473ee0697362f5f60ddbec16fae5f5bfcc065c7,4520e4a675600d18ec3e2fd64b25e8dd81be140aa7b48db3297294a99d4c53c5,20
