edition_id,selection_id,territory,celebration_id,date_rule,reading_set_kind,sunday_cycle,weekday_cycle,lectionary_number,reference_normalized,response_text,stanzas_text,source_url,source_edition,raw_sha256,normalized_sha256,display_priority
local_rsvce,1chr29_10b_11ab_11d_12a_12bcd,WORLD,,,generic,,,,"1chr29:10b,11ab,11d-12a,12bcd","O Lord, you rule over all.","Therefore David blessed the LORD in the presence of all the assembly; and David said: ""Blessed art thou, O LORD, the God of Israel our father, for ever and ever.

Thine, O LORD, is the greatness, and the power, and the glory, and the victory, and the majesty; for all that is in the heavens and in the earth is thine; thine is the kingdom, O LORD, and thou art exalted as head above all.

Thine, O LORD, is the greatness, and the power, and the glory, and the victory, and the majesty; for all that is in the heavens and in the earth is thine; thine is the kingdom, O LORD, and thou art exalted as head above all. Both riches and honor come from thee, and thou rulest over all. In thy hand are power and might; and in thy hand it is to make great and to give strength to all.

Both riches and honor come from thee, and thou rulest over all. In thy hand are power and might; and in thy hand it is to make great and to give strength to all.",repo://assets/rsvce.db,,f4bb6cad8cb3f70b43ec8a83e26090d9854e441fff472d5a1a4f3851988d7c4f,63166c3d9bbffaf405238e5536d0ec13f8aace3214761192df9b892e771bc76e,100
local_rsvce,1chr29_10bcd_11abc_11d_12a_12bcd,WORLD,,,generic,,,,"1chr29:10bcd,11abc,11d-12a,12bcd","We praise your glorious name, O mighty God.","Therefore David blessed the LORD in the presence of all the assembly; and David said: ""Blessed art thou, O LORD, the God of Israel our father, for ever and ever.

Thine, O LORD, is the greatness, and the power, and the glory, and the victory, and the majesty; for all that is in the heavens and in the earth is thine; thine is the kingdom, O LORD, and thou art exalted as head above all.

Thine, O LORD, is the greatness, and the power, and the glory, and the victory, and the majesty; for all that is in the heavens and in the earth is thine; thine is the kingdom, O LORD, and thou art exalted as head above all. Both riches and honor come from thee, and thou rulest over all. In thy hand are power and might; and in thy hand it is to make great and to give strength to all.

Both riches and honor come from thee, and thou rulest over all. In thy hand are power and might; and in thy hand it is to make great and to give strength to all.",repo://assets/rsvce.db,,f782985503fbf696cb623e2136f446fb48f4fb26a7e45368ff1b30e93ee8d7ca,bfb2cbb67f38e102642551cc934c37994698a8598f5678cd57cfd17de399156f,100
local_rsvce,1sam2_1_4_5_6_7_8abcd,WORLD,,,generic,,,,"1sam2:1,4-5,6-7,8abcd","My heart exults in the Lord, my Saviour.","Hannah also prayed and said, ""My heart exults in the LORD; my strength is exalted in the LORD. My mouth derides my enemies, because I rejoice in thy salvation.

The bows of the mighty are broken, but the feeble gird on strength. Those who were full have hired themselves out for bread, but those who were hungry have ceased to hunger. The barren has borne seven, but she who has many children is forlorn.

The LORD kills and brings to life; he brings down to Sheol and raises up. The LORD makes poor and makes rich; he brings low, he also exalts.

He raises up the poor from the dust; he lifts the needy from the ash heap, to make them sit with princes and inherit a seat of honor. For the pillars of the earth are the LORDS, and on them he has set the world.",repo://assets/rsvce.db,,650c06c12ed024234c52b6002354a41b44366a79a30cc72d217712149489142d,1a3579ecdf52b7a6ba1e2e38dc53c98f99a4ca5d60b84ae58a236264ffac21d8,100
local_rsvce,dan3_29_30_31_33_32_34,WORLD,,,generic,,,,"dan3:29-30,31,33,32,34",You are to be praised and highly exalted forever.,"""Blessed art thou, O Lord, God of our fathers, and to be praised and highly exalted for ever; Therefore I make a decree: Any people, nation, or language that speaks anything against the God of Shadrach, Meshach, and Abednego shall be torn limb from limb, and their houses laid in ruins; for there is no other god who is able to deliver in this way."" And blessed is thy glorious, holy name and to be highly praised and highly exalted for ever; Then the king promoted Shadrach, Meshach, and Abednego in the province of Babylon.

Blessed art thou in the temple of thy holy glory and to be extolled and highly glorified for ever.

Blessed art thou upon the throne of thy kingdom and to be extolled and highly exalted for ever.

Blessed art thou, who sittest upon cherubim and lookest upon the deeps, and to be praised and highly exalted for ever.

Blessed art thou in the firmament of heaven and to be sung and glorified for ever.",repo://assets/rsvce.db,,98ed5cb702148420197cccf1d8e92793186d02bdd76eb41ce3037f3f63498d58,baeca1e8b0b1e866e4fe122e8c76d28495a55210576862b85d9fbb7d1f3cbe39,100
local_rsvce,dan3_52_53_54_55_56,WORLD,,,generic,,,,"dan3:52,53,54,55,56",(52b) Glory and praise for ever!,"Let the earth bless the Lord; let it sing praise to him and highly exalt him for ever.

Bless the Lord, mountains and hills, sing praise to him and highly exalt him for ever.

Bless the Lord, all things that grow on the earth, sing praise to him and highly exalt him for ever.

Bless the Lord, you springs, sing praise to him and highly exalt him for ever.

Bless the Lord, seas and rivers, sing praise to him and highly exalt him for ever.",repo://assets/rsvce.db,,deebac5a58ef9e267e45914ce11a94deb7a164484e73c661ba9a6f7d62653e4c,be477b741c408ed5832e38aca263739fbd4fdb88786c968116ae2de0bb4a381a,100
local_rsvce,dan3_57_58_59_60_61,WORLD,,,generic,,,,"dan3:57,58,59,60,61",Give glory and eternal praise to him.,"""Bless the Lord, all works of the Lord, sing praise to him and highly exalt him for ever.

Bless the Lord, you heavens, sing praise to him and highly exalt him for ever.

Bless the Lord, you angels of the Lord, sing praise to him and highly exalt him for ever.

Bless the Lord, all waters above the heaven, sing praise to him and highly exalt him for ever.

Bless the Lord, all powers, sing praise to him and highly exalt him for ever.",repo://assets/rsvce.db,,8deb8951153a73f8c6a87e26b81b0ba0ca4c8e499d338d2f7ac573309a79d35e,8b04fe3744cc3bab148c465a61bfff28cfeda2a3ebb2debd78abecddaaec4d0c,100
local_rsvce,dan3_62_63_64_65_66_67,WORLD,,,generic,,,,"dan3:62,63,64,65,66,67",Give glory and eternal praise to him.,"Bless the Lord, sun and moon, sing praise to him and highly exalt him for ever.

Bless the Lord, stars of heaven, sing praise to him and highly exalt him for ever.

Bless the Lord, all rain and dew, sing praise to him and highly exalt him for ever.

Bless the Lord, all winds, sing praise to him and highly exalt him for ever.

Bless the Lord, fire and heat, sing praise to him and highly exalt him for ever.

Bless the Lord, winter cold and summer heat, sing praise to him and highly exalt him for ever.",repo://assets/rsvce.db,,9652d1590141717d9a0fd61d11a14965f7e5caa2cbdd1a196bcba88d614701a7,078f1af45c6eedbd8e998fd5c8d80da6680a2690208eefa385c08d03ad4d6374,100
local_rsvce,dan3_68_69_70_71_72_73_74,WORLD,,,generic,,,,"dan3:68,69,70,71,72,73,74",Give glory and eternal praise to him.,"Bless the Lord, dews and snows, sing praise to him and highly exalt him for ever.

Bless the Lord, nights and days, sing praise to him and highly exalt him for ever.

Bless the Lord, light and darkness, sing praise to him and highly exalt him for ever.

Bless the Lord, ice and cold, sing praise to him and highly exalt him for ever.

Bless the Lord, frosts and snows, sing praise to him and highly exalt him for ever.

Bless the Lord, lightnings and clouds, sing praise to him and highly exalt him for ever.

Let the earth bless the Lord; let it sing praise to him and highly exalt him for ever.",repo://assets/rsvce.db,,f0c6841719a56d82d6fa72a391ba2502bd4749e742dedf1b3809de7e48811157,692bf6c16ba01eecffe5b37a61394ff93a2c868a0a71a56a9c4fceb725c4e5a3,100
local_rsvce,dan3_75_76_77_78_79_80_81,WORLD,,,generic,,,,"dan3:75,76,77,78,79,80,81",Give glory and eternal praise to him!,"Bless the Lord, mountains and hills, sing praise to him and highly exalt him for ever.

Bless the Lord, all things that grow on the earth, sing praise to him and highly exalt him for ever.

Bless the Lord, you springs, sing praise to him and highly exalt him for ever.

Bless the Lord, seas and rivers, sing praise to him and highly exalt him for ever.

Bless the Lord, you whales and all creatures that move in the waters, sing praise to him and highly exalt him for ever.

Bless the Lord, all birds of the air, sing praise to him and highly exalt him for ever.

Bless the Lord, all beasts and cattle, sing praise to him and highly exalt him for ever.",repo://assets/rsvce.db,,5ea249d52fbba83b24f8a1d84a5fc80baa6c349427e4eed3b96f9fb032c04a6c,a8872ee141120a63c386c62ccf3ea04b5715e0e74d5d5d8ddb9ba41fedd40b4c,100
local_rsvce,dan3_82_83_84_85_86_87,WORLD,,,generic,,,,"dan3:82,83,84,85,86,87",Give glory and eternal praise to him.,"Bless the Lord, you sons of men, sing praise to him and highly exalt him for ever.

Bless the Lord, O Israel, sing praise to him and highly exalt him for ever.

Bless the Lord, you priests of the Lord, sing praise to him and highly exalt him for ever.

Bless the Lord, you servants of the Lord, sing praise to him and highly exalt him for ever.

Bless the Lord, spirits and souls of the righteous, sing praise to him and highly exalt him for ever.

Bless the Lord, you who are holy and humble in heart, sing praise to him and highly exalt him for ever.",repo://assets/rsvce.db,,60abd648162ffbbdbf4ea5dcc467252c62d6afbf343ad64f5d897ef95d006cef,5d5cf70642e0d7a5f9577e3a326ba08295bebe02123d3964b42fd199a72b6898,100
local_rsvce,deut32_18_19_20_21,WORLD,,,generic,,,,"deut32:18-19,20,21",You forgot God who gave you birth.,"You were unmindful of the Rock that begot you, and you forgot the God who gave you birth. ""The LORD saw it, and spurned them, because of the provocation of his sons and his daughters.

And he said, 'I will hide my face from them, I will see what their end will be, for they are a perverse generation, children in whom is no faithfulness.

They have stirred me to jealousy with what is no god; they have provoked me with their idols. So I will stir them to jealousy with those who are no people; I will provoke them with a foolish nation.",repo://assets/rsvce.db,,3a3e87c03efd8827473deed989c5f5284306db5e97e6d4f4c9eb6778e09706a3,2f18f9eabcd7d93bcbbfcc7decc3c2b7a855bc1c27291a06ea2bc9f8e8aafd66,100
local_rsvce,deut32_18_19_20_21__alias_9808ab2d3d51,WORLD,,,generic,,,,"deuteronomy32:18-19,20,21",You forgot God who gave you birth.,"You were unmindful of the Rock that begot you, and you forgot the God who gave you birth. ""The LORD saw it, and spurned them, because of the provocation of his sons and his daughters.

And he said, 'I will hide my face from them, I will see what their end will be, for they are a perverse generation, children in whom is no faithfulness.

They have stirred me to jealousy with what is no god; they have provoked me with their idols. So I will stir them to jealousy with those who are no people; I will provoke them with a foolish nation.",repo://assets/rsvce.db,,3a3e87c03efd8827473deed989c5f5284306db5e97e6d4f4c9eb6778e09706a3,2f18f9eabcd7d93bcbbfcc7decc3c2b7a855bc1c27291a06ea2bc9f8e8aafd66,100
local_rsvce,deut32_26_27ab_27cd_28_30_35cd_36ab,WORLD,,,generic,,,,"deut32:26-27ab,27cd-28,30,35cd-36ab",I kill and I make alive.,"I would have said, ""I will scatter them afar, I will make the remembrance of them cease from among men,"" had I not feared provocation by the enemy, lest their adversaries should judge amiss, lest they should say, ""Our hand is triumphant, the LORD has not wrought all this.""'

had I not feared provocation by the enemy, lest their adversaries should judge amiss, lest they should say, ""Our hand is triumphant, the LORD has not wrought all this.""' ""For they are a nation void of counsel, and there is no understanding in them.

How should one chase a thousand, and two put ten thousand to flight, unless their Rock had sold them, and the LORD had given them up?

Vengeance is mine, and recompense, for the time when their foot shall slip; for the day of their calamity is at hand, and their doom comes swiftly. For the LORD will vindicate his people and have compassion on his servants, when he sees that their power is gone, and there is none remaining, bond or free.",repo://assets/rsvce.db,,b04037a6e923c4f2181ef8e8bed368e6cb15cacbb427d7041f822dd8e3fca70f,22b27d2e1614ad135fe5e3ad3cc1c83bda4c2aa53c0950f3f11801ed8f73c90c,100
local_rsvce,deut32_26_27ab_27cd_28_30_35cd_36ab__alias_b54d52f62efe,WORLD,,,generic,,,,"deuteronomy32:26-27ab,27cd-28,30,35cd-36ab",I kill and I make alive.,"I would have said, ""I will scatter them afar, I will make the remembrance of them cease from among men,"" had I not feared provocation by the enemy, lest their adversaries should judge amiss, lest they should say, ""Our hand is triumphant, the LORD has not wrought all this.""'

had I not feared provocation by the enemy, lest their adversaries should judge amiss, lest they should say, ""Our hand is triumphant, the LORD has not wrought all this.""' ""For they are a nation void of counsel, and there is no understanding in them.

How should one chase a thousand, and two put ten thousand to flight, unless their Rock had sold them, and the LORD had given them up?

Vengeance is mine, and recompense, for the time when their foot shall slip; for the day of their calamity is at hand, and their doom comes swiftly. For the LORD will vindicate his people and have compassion on his servants, when he sees that their power is gone, and there is none remaining, bond or free.",repo://assets/rsvce.db,,b04037a6e923c4f2181ef8e8bed368e6cb15cacbb427d7041f822dd8e3fca70f,22b27d2e1614ad135fe5e3ad3cc1c83bda4c2aa53c0950f3f11801ed8f73c90c,100
local_rsvce,deut32_35cd_36ab_39abcd_41,WORLD,,,generic,,,,"deut32:35cd-36ab,39abcd,41",I kill and I make alive.,"Vengeance is mine, and recompense, for the time when their foot shall slip; for the day of their calamity is at hand, and their doom comes swiftly. For the LORD will vindicate his people and have compassion on his servants, when he sees that their power is gone, and there is none remaining, bond or free.

""'See now that I, even I, am he, and there is no god beside me; I kill and I make alive; I wound and I heal; and there is none that can deliver out of my hand.

if I whet my glittering sword,  and my hand takes hold on judgment, I will take vengeance on my adversaries, and will requite those who hate me.",repo://assets/rsvce.db,,2bb6676918dc7c9c2086e7e9476b6cca8d0d1c9b9d1e43d7d94324f7b3a48283,f004db421d2d54e2a540ee90ab5a5098f597525cbf6ac2f6dee223bbb070ee90,100
local_rsvce,deut32_35cd_36ab_39abcd_41__alias_598ad912d77e,WORLD,,,generic,,,,"deuteronomy32:35cd-36ab,39abcd,41",I kill and I make alive.,"Vengeance is mine, and recompense, for the time when their foot shall slip; for the day of their calamity is at hand, and their doom comes swiftly. For the LORD will vindicate his people and have compassion on his servants, when he sees that their power is gone, and there is none remaining, bond or free.

""'See now that I, even I, am he, and there is no god beside me; I kill and I make alive; I wound and I heal; and there is none that can deliver out of my hand.

if I whet my glittering sword,  and my hand takes hold on judgment, I will take vengeance on my adversaries, and will requite those who hate me.",repo://assets/rsvce.db,,2bb6676918dc7c9c2086e7e9476b6cca8d0d1c9b9d1e43d7d94324f7b3a48283,f004db421d2d54e2a540ee90ab5a5098f597525cbf6ac2f6dee223bbb070ee90,100
local_rsvce,deut32_3_4ab_7_8_9_12,WORLD,,,generic,,,,"deut32:3-4ab,7,8,9,12",The portion of the Lord is his people.,"For I will proclaim the name of the LORD. Ascribe greatness to our God! ""The Rock, his work is perfect; for all his ways are justice. A God of faithfulness and without iniquity, just and right is he.

Remember the days of old, consider the years of many generations; ask your father, and he will show you; your elders, and they will tell you.

When the Most High gave to the nations their inheritance, when he separated the sons of men, he fixed the bounds of the peoples according to the number of the sons of God.

For the LORD's portion is his people, Jacob his allotted heritage.

the LORD alone did lead him, and there was no foreign god with him.",repo://assets/rsvce.db,,96d9477def3d469585c0543b02e3109cc810e4f9aaae7bfb2e5d3ba5de79d67b,b68e1a185b85a0acd63c9b61615b806f25eacaba5f287d29770adb2e0dc6b94b,100
local_rsvce,ex15_1b_2_3_4_5_6_17_18,WORLD,,,generic,,,,"ex15:1b-2,3-4,5-6,17-18","I will sing to the Lord, for he has triumphed gloriously.","Then Moses and the people of Israel sang this song to the LORD, saying, ""I will sing to the LORD, for he has triumphed gloriously; the horse and his rider he has thrown into the sea. The LORD is my strength and my song, and he has become my salvation; this is my God, and I will praise him, my father's God, and I will exalt him.

The LORD is a man of war; the LORD is his name. ""Pharaoh's chariots and his host he cast into the sea; and his picked officers are sunk in the Red Sea.

The floods cover them; they went down into the depths like a stone. Thy right hand, O LORD, glorious in power, thy right hand, O LORD, shatters the enemy.

Thou wilt bring them in, and plant them on thy own mountain, the place, O LORD, which thou hast made for thy abode, the sanctuary, O LORD, which thy hands have established. The LORD will reign for ever and ever.""",repo://assets/rsvce.db,,29a3b181e8dc797bf1e0f2c86e3b1c976c6853ac0b3b14a86e1c86ebe37ac2b6,ac0e648d6c2d08aed49887c62cb46b3675b8db9659f526fc2d565b41054d5587,100
local_rsvce,ex15_1b_2_3_4_5_6_17_18__alias_f63643dad78e,WORLD,,,generic,,,,"exod15:1b-2,3-4,5-6,17-18","I will sing to the Lord, for he has triumphed gloriously.","Then Moses and the people of Israel sang this song to the LORD, saying, ""I will sing to the LORD, for he has triumphed gloriously; the horse and his rider he has thrown into the sea. The LORD is my strength and my song, and he has become my salvation; this is my God, and I will praise him, my father's God, and I will exalt him.

The LORD is a man of war; the LORD is his name. ""Pharaoh's chariots and his host he cast into the sea; and his picked officers are sunk in the Red Sea.

The floods cover them; they went down into the depths like a stone. Thy right hand, O LORD, glorious in power, thy right hand, O LORD, shatters the enemy.

Thou wilt bring them in, and plant them on thy own mountain, the place, O LORD, which thou hast made for thy abode, the sanctuary, O LORD, which thy hands have established. The LORD will reign for ever and ever.""",repo://assets/rsvce.db,,29a3b181e8dc797bf1e0f2c86e3b1c976c6853ac0b3b14a86e1c86ebe37ac2b6,ac0e648d6c2d08aed49887c62cb46b3675b8db9659f526fc2d565b41054d5587,100
local_rsvce,ex15_1bc_2_3_4_5_6,WORLD,,,generic,,,,"ex15:1bc-2,3-4,5-6",Let us sing to the Lord; he has covered himself in glory.,"Then Moses and the people of Israel sang this song to the LORD, saying, ""I will sing to the LORD, for he has triumphed gloriously; the horse and his rider he has thrown into the sea. The LORD is my strength and my song, and he has become my salvation; this is my God, and I will praise him, my father's God, and I will exalt him.

The LORD is a man of war; the LORD is his name. ""Pharaoh's chariots and his host he cast into the sea; and his picked officers are sunk in the Red Sea.

The floods cover them; they went down into the depths like a stone. Thy right hand, O LORD, glorious in power, thy right hand, O LORD, shatters the enemy.",repo://assets/rsvce.db,,899f59cfc20a54cdd327f7e6ae3ac39fa8c7b0040757ab0a67a3f047a0247043,2a9e73f0801da39b948dcc3c3fd63d4fe72f5e985c9bf3f86145dd68c1595d72,100
local_rsvce,ex15_7ab_8_9_10_12_17,WORLD,,,generic,,,,"ex15:7ab-8,9,10+12,17",Let us sing to the Lord;,"In the greatness of thy majesty thou overthrowest thy adversaries; thou sendest forth thy fury, it consumes them like stubble. At the blast of thy nostrils the waters piled up, the floods stood up in a heap; the deeps congealed in the heart of the sea.

The enemy said, 'I will pursue, I will overtake, I will divide the spoil, my desire shall have its fill of them. I will draw my sword, my hand shall destroy them.'

Thou didst blow with thy wind, the sea covered them; they sank as lead in the mighty waters. Thou didst stretch out thy right hand, the earth swallowed them.

Thou wilt bring them in, and plant them on thy own mountain, the place, O LORD, which thou hast made for thy abode, the sanctuary, O LORD, which thy hands have established.",repo://assets/rsvce.db,,217774ddf9a9b6e97f14ccc3741a0987e223577e081a0c53fc6f2ce963fc3dbb,de176510af9468e8ad6f1502883fb0167e8915a4bad304536407a483f46f7583,100
local_rsvce,isa12_2_3_4_5_6,WORLD,,,generic,,,,"isa12:2-3,4,5-6",(6) Cry out with joy and gladness:,"""Behold, God is my salvation; I will trust, and will not be afraid; for the LORD GOD is my strength and my song, and he has become my salvation."" With joy you will draw water from the wells of salvation.

And you will say in that day: ""Give thanks to the LORD, call upon his name; make known his deeds among the nations, proclaim that his name is exalted.

""Sing praises to the LORD, for he has done gloriously; let this be known in all the earth. Shout, and sing for joy, O inhabitant of Zion, for great in your midst is the Holy One of Israel.""",repo://assets/rsvce.db,,28b66dba62090567b7ad07cf99f47f21636cb6e8d3345cc6554a26ff180b99dd,ef6d6f4d2d25a16c95b18db623782022bdcaf65f956b6d96b7dc891d4d1f7468,100
local_rsvce,isa12_2_3_4bcd_5_6,WORLD,,,generic,,,,"isa12:2-3,4bcd,5-6",(3) You will draw water joyfully from the springs of salvation.,"""Behold, God is my salvation; I will trust, and will not be afraid; for the LORD GOD is my strength and my song, and he has become my salvation."" With joy you will draw water from the wells of salvation.

And you will say in that day: ""Give thanks to the LORD, call upon his name; make known his deeds among the nations, proclaim that his name is exalted.

""Sing praises to the LORD, for he has done gloriously; let this be known in all the earth. Shout, and sing for joy, O inhabitant of Zion, for great in your midst is the Holy One of Israel.""",repo://assets/rsvce.db,,7885ef557d247a779b9dabb65fa52ee98cbf24ddbed47242042a1f68ccacca4d,70e4c85caf1b8fadf4951ef3d183e686161e83fa34931d65192e90a9d9318219,100
local_rsvce,isa12_2_3_4bcde_5_6,WORLD,,,generic,,,,"isa12:2-3,4bcde,5-6",Your anger turned away and you comforted me.,"""Behold, God is my salvation; I will trust, and will not be afraid; for the LORD GOD is my strength and my song, and he has become my salvation."" With joy you will draw water from the wells of salvation.

And you will say in that day: ""Give thanks to the LORD, call upon his name; make known his deeds among the nations, proclaim that his name is exalted.

""Sing praises to the LORD, for he has done gloriously; let this be known in all the earth. Shout, and sing for joy, O inhabitant of Zion, for great in your midst is the Holy One of Israel.""",repo://assets/rsvce.db,,cc2c298f02677b4bc279a180bf7c8ac38cbf0b21629c18f262d3717e3b21695b,a43e7c67d562317d39f876f57f6638143eceb106a335afbdc435c75cf566db05,100
local_rsvce,isa12_2_6,WORLD,,,generic,,,,isa12:2-6,With joy you will draw water from the wells of salvation.,"""Behold, God is my salvation; I will trust, and will not be afraid; for the LORD GOD is my strength and my song, and he has become my salvation."" With joy you will draw water from the wells of salvation. And you will say in that day: ""Give thanks to the LORD, call upon his name; make known his deeds among the nations, proclaim that his name is exalted. ""Sing praises to the LORD, for he has done gloriously; let this be known in all the earth. Shout, and sing for joy, O inhabitant of Zion, for great in your midst is the Holy One of Israel.""",repo://assets/rsvce.db,,ee4663a2ab922b0469bc2294ce8b4a20e10eadef01ee4cf3eb18a33876438ff3,288dda42c57f42b6df1c6f262ef0cda6612de3ca0d6dcc8f00f5144623818f96,100
local_rsvce,isa38_10_11_12abcd_16,WORLD,,,generic,,,,"isa38:10,11,12abcd,16","O Lord, you have snatched my soul lest it perish.","I said, In the noontide of my days I must depart; I am consigned to the gates of Sheol for the rest of my years.

I said, I shall not see the LORD in the land of the living; I shall look upon man no more among the inhabitants of the world.

My dwelling is plucked up and removed from me like a shepherd's tent; like a weaver I have rolled up my life; he cuts me off from the loom; from day to night thou dost bring me to an end;

O Lord, by these things men live, and in all these is the life of my spirit.  Oh, restore me to health and make me live!",repo://assets/rsvce.db,,fbc994bbc687b3ba898270d7bd6d15af8690b84156d039f74198b7c36564a046,e7598136c2b91432bb80ccb7aa648a8b53b2429ffdddcdb5df4ffdf9d71e0235,100
local_rsvce,jer31_10_11_12_13,WORLD,,,generic,,,,"jer31:10,11-12,13","The Lord will guard us, as a shepherd guards his flock.","""Hear the word of the LORD, O nations, and declare it in the coastlands afar off; say, 'He who scattered Israel will gather him, and  will keep him as a shepherd keeps his flock.'

For the LORD has ransomed Jacob, and has redeemed him from hands too strong for him. They shall come and sing aloud on the height of Zion, and they shall be  radiant over the goodness of the LORD, over the grain, the wine, and the oil, and over the young of the flock and the herd; their life shall  be like a watered garden, and they shall languish no more.

Then shall the maidens rejoice in the dance, and the young men and the old shall be merry. I will turn their mourning into joy, I will comfort  them, and give them gladness for sorrow.",repo://assets/rsvce.db,,e547e8ad51d02a09639b609e0cc7383f1e3b039085e565eb848f33c87c6fc6c6,d952bdbee38cb19a47e87e251e6961ea40dda32d8679a43e693647fdc68c6640,100
local_rsvce,jer31_10_11_12ab_13,WORLD,,,generic,,,,"jer31:10,11-12ab,13","The Lord will keep us, as a shepherd keeps his flock.","""Hear the word of the LORD, O nations, and declare it in the coastlands afar off; say, 'He who scattered Israel will gather him, and  will keep him as a shepherd keeps his flock.'

For the LORD has ransomed Jacob, and has redeemed him from hands too strong for him. They shall come and sing aloud on the height of Zion, and they shall be  radiant over the goodness of the LORD, over the grain, the wine, and the oil, and over the young of the flock and the herd; their life shall  be like a watered garden, and they shall languish no more.

Then shall the maidens rejoice in the dance, and the young men and the old shall be merry. I will turn their mourning into joy, I will comfort  them, and give them gladness for sorrow.",repo://assets/rsvce.db,,a5b9d47705144775259546a972ebd6980eb77c603f9216634358b83fd884ce11,ab6aded571dd186cdd897053c0a742bac57ee60e639c39f8a3b826a77bed660f,100
local_rsvce,jer31_10_11_12abcd_13,WORLD,,,generic,,,,"jer31:10,11-12abcd,13","The Lord will guard us, as a shepherd guards his flock.","""Hear the word of the LORD, O nations, and declare it in the coastlands afar off; say, 'He who scattered Israel will gather him, and  will keep him as a shepherd keeps his flock.'

For the LORD has ransomed Jacob, and has redeemed him from hands too strong for him. They shall come and sing aloud on the height of Zion, and they shall be  radiant over the goodness of the LORD, over the grain, the wine, and the oil, and over the young of the flock and the herd; their life shall  be like a watered garden, and they shall languish no more.

Then shall the maidens rejoice in the dance, and the young men and the old shall be merry. I will turn their mourning into joy, I will comfort  them, and give them gladness for sorrow.",repo://assets/rsvce.db,,e547e8ad51d02a09639b609e0cc7383f1e3b039085e565eb848f33c87c6fc6c6,d952bdbee38cb19a47e87e251e6961ea40dda32d8679a43e693647fdc68c6640,100
local_rsvce,jonah2_3_4_5_8,WORLD,,,generic,,,,"jonah2:3,4,5,8","You will rescue my life from the pit, O Lord.","For thou didst cast me into the deep, into the heart of the seas, and the flood was round about me; all thy waves and thy billows passed over me.

Then I said, 'I am cast out from thy presence; how shall I again look upon thy holy temple?'

The waters closed in over me, the deep was round about me; weeds were wrapped about my head

Those who pay regard to vain idols forsake their true loyalty.",repo://assets/rsvce.db,,cd4187674a05f5f6b294587bb55b68b7230f91ccf3d10ac27118185fef10e834,7851f9297046185da4a3d647a454236a2c61129e3d97c72cdd18c42fc6fb0d33,100
local_rsvce,local_rsvce:expanded:00f071eafa11d730,WORLD,,,generic,,,,ps138:1-5,"In the sight of the angels I will sing your praises, Lord.","I give thee thanks, O LORD, with my whole heart; before the gods I sing thy praise; I bow down toward thy holy templeand give thanks to thy name for thy steadfast loveand thy faithfulness; for thou hast exalted above everything thy name and thy word. On the day I called,thou didst answer me, my strength of soul thou didst increase. All the kings of the earth shall praise thee, O LORD, for they have heard the words of thy mouth; and they shall sing of the ways of the LORD, for great is the glory of the LORD.",repo://C:/dev/catholicdaily-flutter/assets/rsvce.db,complete liturgical usage expansion,bd7eea5ea2730e474d9a394987faf284e41fabd71fd90528f5fec865b635cb05,cb58e424cc0461418cec68d1f5d9203218231bade0260361d3d74f17c9606142,110
local_rsvce,local_rsvce:expanded:01b7dd70371d17fc,WORLD,,,generic,,,,"ps126:1bc-2ab,2cd-3,4-5,6",Those who are sowing in tears will sing when they reap.,"When the LORD restored the fortunes of Zion,  we were like those who dream. Then our mouth was filled with laughter,and our tongue with shouts of joy;then they said among the nations, ""The LORD has done great things for them.""

Then our mouth was filled with laughter,and our tongue with shouts of joy;then they said among the nations, ""The LORD has done great things for them."" The LORD has done great things for us; we are glad.

Restore our fortunes, O LORD, like the watercourses in the Negeb! May those who sow in tears reap with shouts of joy!

He that goes forth weeping,bearing the seed for sowing,shall come home with shouts of joy, bringing his sheaves with him.",repo://C:/dev/catholicdaily-flutter/assets/rsvce.db,complete liturgical usage expansion,d1585963004000247bc9f5d55a5da071a39627f5d08e925ea6acf7554e6f5c15,6a9badd94ec15364227017af4127abbe4b179d473f9cf4b236d344ca259fe55c,110
local_rsvce,local_rsvce:expanded:080f8764f6955b45,WORLD,,,generic,,,,"ps34:1-2,3-4,5-6,7-8,9-10",Taste and see the goodness of the Lord.,"I will bless the LORD at all times; his praise shall continually be in my mouth. My soul makes its boast in the LORD; let the afflicted hear and be glad.

My soul makes its boast in the LORD; let the afflicted hear and be glad. O magnify the LORD with me, and let us exalt his name together!

I sought the LORD, and he answered me, and delivered me from all my fears. Look to him, and be radiant; so your faces shall never be ashamed.

This poor man cried, and the LORD heard him, and saved him out of all his troubles. The angel of the LORD encamps around those who fear him, and delivers them.

O taste and see that the LORD is good! Happy is the man who takes refuge in him! O fear the LORD, you his saints, for those who fear him have no want!",repo://C:/dev/catholicdaily-flutter/assets/rsvce.db,complete liturgical usage expansion,0336cc2b00843cdb9168d991d0b4ae289843fecd8218f23c1d512d74b118d72b,67f823b914d5ddf5139e306044542f6695d1a5e7f3caf4db966fbd0a77dfb465,110
local_rsvce,local_rsvce:expanded:0a862c6a054805ef,WORLD,,,generic,,,,"ps90:3-4,5-6,12-13,14,17bc","O Lord, you have been our refuge, from generation to generation.","Thou turnest man back to the dust, and sayest, ""Turn back, O children of men!"" For a thousand years in thy sight are but as yesterday when it is past, or as a watch in the night.

Thou dost sweep men away; they are like a dream, like grass which is renewed in the morning: in the morning it flourishes and is renewed; in the evening it fades and withers.

So teach us to number our days that we may get a heart of wisdom. Return, O LORD! How long? Have pity on thy servants!

Satisfy us in the morning with thy steadfast love, that we may rejoice and be glad all our days.

Let the favor of the Lord our God be upon us,and establish thou the work of our hands upon us, yea, the work of our hands establish thou it.",repo://C:/dev/catholicdaily-flutter/assets/rsvce.db,complete liturgical usage expansion,2313e8fbb3d652c82d6741e5c872ef97f9d010f7c6c51883224c5d1cba35af07,68fe6f8eaa6520b3df3ade7ad86574dd8560b32a07df1a873b4e08361d182451,110
local_rsvce,local_rsvce:expanded:0b3c8149fbce945f,WORLD,,,generic,,,,"ps103:1-4,8,10",The Lord is kind and merciful.,"Bless the LORD, O my soul; and all that is within me, bless his holy name! Bless the LORD, O my soul, and forget not all his benefits, who forgives all your iniquity, who heals all your diseases, who redeems your life from the Pit, who crowns you with steadfast love and mercy,

The LORD is merciful and gracious, slow to anger and abounding in steadfast love.

He does not deal with us according to our sins, nor requite us according to our iniquities.",repo://C:/dev/catholicdaily-flutter/assets/rsvce.db,complete liturgical usage expansion,d4cb8110e6d0722cc165c979ac22c43e6ef22b5ff65ce1db7f19d7a8be5f1bcc,c419d834f5be79929c670bb52a55d66f0159d1aef5193c69e0159552bd3802e8,110
local_rsvce,local_rsvce:expanded:0dc3d4f4da0c553a,WORLD,,,generic,,,,"ps8:2-3ab,4-5,6-7",You have given your Son power over the works of your hands.,"O LORD, our Lord, how majestic is thy name in all the earth! Thou whose glory above the heavens is chanted by the mouth of babes and infants,thou hast founded a bulwark because of thy foes, to still the enemy and the avenger.

When I look at thy heavens,the work of thy fingers, the moon and the stars which thou hast established; what is man that thou art mindful of him, and the son of man that thou dost care for him?

Yet thou hast made him little less than God, and dost crown him with glory and honor. Thou hast given him dominion over the works of thy hands; thou hast put all things under his feet,",repo://C:/dev/catholicdaily-flutter/assets/rsvce.db,complete liturgical usage expansion,997e58ec4a67c66632b14ce0a217457a6d41252b322a912511e5ebdbbb147752,cbaefd60688ecf66c3b9f77a1b8130b9372ab94ccdd031fd4f4ee101bac34c5a,110
local_rsvce,local_rsvce:expanded:0e90452a8507dcfe,WORLD,,,generic,,,,"ps102:15-17,18-20,28,21-22",From heaven the Lord looks down on the earth.,"For thy servants hold her stones dear, and have pity on her dust. The nations will fear the name of the LORD, and all the kings of the earth thy glory. For the LORD will build up Zion, he will appear in his glory;

he will regard the prayer of the destitute, and will not despise their supplication. Let this be recorded for a generation to come, so that a people yet unborn may praise the LORD: that he looked down from his holy height, from heaven the LORD looked at the earth,

but thou art the same, and thy years have no end.

to hear the groans of the prisoners, to set free those who were doomed to die; that men may declare in Zion the name of the LORD, and in Jerusalem his praise,",repo://C:/dev/catholicdaily-flutter/assets/rsvce.db,complete liturgical usage expansion,bf369be98ccd2591787ef1ce7b40289f2a43942bb41f93aaeb7361a589c3511d,7b15c96eadb4aec148ccb4b1aba47140d7316b102f300abee7b395f089d4f2ed,110
local_rsvce,local_rsvce:expanded:0f3359da64da1fe3,WORLD,,,generic,,,,"ps31:3cd-4,6,8ab,16bc,17","Into your hands, O Lord, I commend my spirit.","Incline thy ear to me, rescue me speedily!Be thou a rock of refuge for me, a strong fortress to save me! Yea, thou art my rock and my fortress; for thy name's sake lead me and guide me,

Into thy hand I commit my spirit;thou hast redeemed me, O LORD, faithful God.

I will rejoice and be glad for thy steadfast love,because thou hast seen my affliction, thou hast taken heed of my adversities,

My times are in thy hand; deliver me from the hand of my enemies and persecutors!

Let thy face shine on thy servant; save me in thy steadfast love!",repo://C:/dev/catholicdaily-flutter/assets/rsvce.db,complete liturgical usage expansion,fd52c5556f1d5273d8a20e4de34b6ee8147d93179d37467beb7639ba7c974e18,0159b29af77bf2099ce538e79e4ad7674a38e89976021f4d3967efda7ba7426c,110
local_rsvce,local_rsvce:expanded:0f96e4c0b01e5505,WORLD,,,generic,,,,"ps112:1-2,5-9",Blessed the man who is gracious and lends to those in need.,"Praise the LORD.Blessed is the man who fears the LORD, who greatly delights in his commandments! His descendants will be mighty in the land; the generation of the upright will be blessed.

It is well with the man who deals generously and lends, who conducts his affairs with justice. For the righteous will never be moved; he will be remembered for ever. He is not afraid of evil tidings; his heart is firm, trusting in the LORD. His heart is steady,he will not be afraid, until he sees his desire on his adversaries. He has distributed freely,he has given to the poor;his righteousness endures for ever; his horn is exalted in honor.",repo://C:/dev/catholicdaily-flutter/assets/rsvce.db,complete liturgical usage expansion,98d3757e402c4c674bcb201dcff6e8a82ecd58ddc4d57566a6c8d6b5ab646950,c596673744f7695767f9ca82725b00ca7756051ed9fa44d86a79f20c0dd45bff,110
local_rsvce,local_rsvce:expanded:106a5978ff5258d6,WORLD,,,generic,,,,"ps124:2-5,7b-8",Our soul has been rescued like a bird from the fowler's snare.,"if it had not been the LORD who was on our side, when men rose up against us, then they would have swallowed us up alive, when their anger was kindled against us; then the flood would have swept us away, the torrent would have gone over us; then over us would have gone the raging waters.

We have escaped as a bird from the snare of the fowlers; the snare is broken, and we have escaped! Our help is in the name of the LORD, who made heaven and earth.",repo://C:/dev/catholicdaily-flutter/assets/rsvce.db,complete liturgical usage expansion,5d0da9f53746d5bc1982faf8a92e92fb39ed824ebc61e2f2fe911d46bb202944,6c880a8dc8b700c4fc8775f95fb578e8ddf19e7e1a8d2240d6c8a87b57dfb233,110
local_rsvce,local_rsvce:expanded:113bcfc3b324d7f1,WORLD,,,generic,,,,"ps138:1-2ab,2cde-3,4-5","In the presence of the angels I praise you, O Lord.","I give thee thanks, O LORD, with my whole heart; before the gods I sing thy praise; I bow down toward thy holy templeand give thanks to thy name for thy steadfast loveand thy faithfulness; for thou hast exalted above everything thy name and thy word.

I bow down toward thy holy templeand give thanks to thy name for thy steadfast loveand thy faithfulness; for thou hast exalted above everything thy name and thy word. On the day I called,thou didst answer me, my strength of soul thou didst increase.

All the kings of the earth shall praise thee, O LORD, for they have heard the words of thy mouth; and they shall sing of the ways of the LORD, for great is the glory of the LORD.",repo://C:/dev/catholicdaily-flutter/assets/rsvce.db,complete liturgical usage expansion,a1df389e16edf5b732384e4a6761c2a1ff63b464791d712223116cc26476a72d,ba25fb751df4bd6cdc6c5c8fee821110b446ec6e72dd0a7daef3ad0316ede3ce,110
local_rsvce,local_rsvce:expanded:1add7841ef32e023,WORLD,,,generic,,,,"ps1:1-2,3,4-6",Happy are they who hope in the Lord.,"Blessed is the man who walks not in the counsel of the wicked,nor stands in the way of sinners, nor sits in the seat of scoffers; but his delight is in the law of the LORD, and on his law he meditates day and night.

He is like a tree planted by streams of water,that yields its fruit in its season,and its leaf does not wither. In all that he does, he prospers.

The wicked are not so, but are like chaff which the wind drives away. Therefore the wicked will not stand in the judgment, nor sinners in the congregation of the righteous; for the LORD knows the way of the righteous, but the way of the wicked will perish.",repo://C:/dev/catholicdaily-flutter/assets/rsvce.db,complete liturgical usage expansion,f1a66934c42dc88957a84d2032d8383d08a0e110d90d039f13d69d49f014d477,e11ff484aea00d688b30e10df987f12b668ce6014c613ffb699cb7086384ff1a,110
local_rsvce,local_rsvce:expanded:21ccca17e8569bd2,WORLD,,,generic,,,,"ps22:26b-27,28,29-30,31-32","You are my praise, Lord, in the great assembly","From thee comes my praise in the great congregation; my vows I will pay before those who fear him. The afflicted shall eat and be satisfied;those who seek him shall praise the LORD! May your hearts live for ever!

All the ends of the earth shall remember and turn to the LORD; and all the families of the nations shall worship before him.

For dominion belongs to the LORD, and he rules over the nations. Yea, to him shall all the proud of the earth bow down;before him shall bow all who go down to the dust, and he who cannot keep himself alive.

Posterity shall serve him; men shall tell of the Lord to the coming generation, and proclaim his deliverance to a people yet unborn, that he has wrought it.",repo://C:/dev/catholicdaily-flutter/assets/rsvce.db,complete liturgical usage expansion,d51887f06ef279339b7b9c1ec3db6cc396701930822e8850c9a214ecb6f3f0b5,559d62d257347646c12f6423db0653c6bb348530794cc5787a3cfa949f5dee88,110
local_rsvce,local_rsvce:expanded:25fb5739b67326d2,WORLD,,,generic,,,,"ps48:2-3a,3b-4,5-6,7-8",God establishes his city forever.,"Great is the LORDand greatly to be praised in the city of our God! His holy mountain, beautiful in elevation,is the joy of all the earth,Mount Zion, in the far north, the city of the great King.

beautiful in elevation,is the joy of all the earth,Mount Zion, in the far north, the city of the great King. Within her citadels God has shown himself a sure defense.

For lo, the kings assembled, they came on together. As soon as they saw it, they were astounded, they were in panic, they took to flight;

trembling took hold of them there, anguish as of a woman in travail. By the east wind thou didst shatter the ships of Tarshish.",repo://C:/dev/catholicdaily-flutter/assets/rsvce.db,complete liturgical usage expansion,e82c798e37e20e8112c551ea8c82fab939979d814b012e2ede2c3d9f036e0daf,e15f8be446fb71cb7c45839317c1ab93f49c562f405bef7fd976c06f07ef65d1,110
local_rsvce,local_rsvce:expanded:29e4357bb27cb4e9,WORLD,,,generic,,,,"ps148:1-2,11-13a,13c-14","Young men and women,","Praise the LORD! Praise the LORD from the heavens, praise him in the heights! Praise him, all his angels, praise him, all his host!

Kings of the earth and all peoples, princes and all rulers of the earth! Young men and maidens together, old men and children! Let them praise the name of the LORD, for his name alone is exalted; his glory is above earth and heaven.

Let them praise the name of the LORD, for his name alone is exalted; his glory is above earth and heaven. He has raised up a horn for his people,praise for all his saints, for the people of Israel who are near to him. Praise the LORD!",repo://C:/dev/catholicdaily-flutter/assets/rsvce.db,complete liturgical usage expansion,932b364ca5a98e793b49d6df5764737f81d2e00a58c7da9fc546bb22ba15644e,a7a34f92890e036d390984d87367c51bb7e26d0b07a88e06e00e7643ce932326,110
local_rsvce,local_rsvce:expanded:2ac69bb81725ea09,WORLD,,,generic,,,,"daniel3:75,76,77,78,79,80,81",Give glory and eternal praise to him!,"Bless the Lord, mountains and hills, sing praise to him and highly exalt him for ever.

Bless the Lord, all things that grow on the earth, sing praise to him and highly exalt him for ever.

Bless the Lord, you springs, sing praise to him and highly exalt him for ever.

Bless the Lord, seas and rivers, sing praise to him and highly exalt him for ever.

Bless the Lord, you whales and all creatures that move in the waters, sing praise to him and highly exalt him for ever.

Bless the Lord, all birds of the air, sing praise to him and highly exalt him for ever.

Bless the Lord, all beasts and cattle, sing praise to him and highly exalt him for ever.",repo://C:/dev/catholicdaily-flutter/assets/rsvce.db,complete liturgical usage expansion,5ea249d52fbba83b24f8a1d84a5fc80baa6c349427e4eed3b96f9fb032c04a6c,a8872ee141120a63c386c62ccf3ea04b5715e0e74d5d5d8ddb9ba41fedd40b4c,110
local_rsvce,local_rsvce:expanded:303b24a68eb58236,WORLD,,,generic,,,,"ps31:2-6,15-16,20","Save me, O Lord, in your kindness.","In thee, O LORD, do I seek refuge;let me never be put to shame; in thy righteousness deliver me! Incline thy ear to me, rescue me speedily!Be thou a rock of refuge for me, a strong fortress to save me! Yea, thou art my rock and my fortress; for thy name's sake lead me and guide me, take me out of the net which is hidden for me, for thou art my refuge. Into thy hand I commit my spirit;thou hast redeemed me, O LORD, faithful God.

But I trust in thee, O LORD, I say, ""Thou art my God."" My times are in thy hand; deliver me from the hand of my enemies and persecutors!

O how abundant is thy goodness,which thou hast laid up for those who fear thee,and wrought for those who take refuge in thee, in the sight of the sons of men!",repo://C:/dev/catholicdaily-flutter/assets/rsvce.db,complete liturgical usage expansion,39aa460babbc36ace3ab358dc340c0a21265ba3eb922942ecc06538ddd636759,9d71c7d27c47378e4f568411e4ee435104ce19995ff23ce8eb52b9fa809c0b71,110
local_rsvce,local_rsvce:expanded:3304a7c01f857a5b,WORLD,,,generic,,,,"ps71:1-6,15,17","Since my mother's womb, you have been my strength.","In thee, O LORD, do I take refuge; let me never be put to shame! In thy righteousness deliver me and rescue me; incline thy ear to me, and save me! Be thou to me a rock of refuge, a strong fortress,  to save me, for thou art my rock and my fortress. Rescue me, O my God, from the hand of the wicked, from the grasp of the unjust and cruel man. For thou, O Lord, art my hope, my trust, O LORD, from my youth. Upon thee I have leaned from my birth;thou art he who took me from my mother's womb. My praise is continually of thee.

My mouth will tell of thy righteous acts,of thy deeds of salvation all the day, for their number is past my knowledge.

O God, from my youth thou hast taught me, and I still proclaim thy wondrous deeds.",repo://C:/dev/catholicdaily-flutter/assets/rsvce.db,complete liturgical usage expansion,9be93d2d744d988e8e7f58371ef0dd5f7bc2549d880245acebd94a03a382db43,5f8db857d4817556027535ec054184a632c89d627afa84a9bcaac1185f4b92a6,110
local_rsvce,local_rsvce:expanded:34c4b862971beeb9,WORLD,,,generic,,,,"ps31:3cd-4,6,8ab,16bc-17","Into your hands, O Lord, I commend my spirit.","Incline thy ear to me, rescue me speedily!Be thou a rock of refuge for me, a strong fortress to save me! Yea, thou art my rock and my fortress; for thy name's sake lead me and guide me,

Into thy hand I commit my spirit;thou hast redeemed me, O LORD, faithful God.

I will rejoice and be glad for thy steadfast love,because thou hast seen my affliction, thou hast taken heed of my adversities,

My times are in thy hand; deliver me from the hand of my enemies and persecutors! Let thy face shine on thy servant; save me in thy steadfast love!",repo://C:/dev/catholicdaily-flutter/assets/rsvce.db,complete liturgical usage expansion,4290160c1ad0a32b6f3a82472fe24e82f3cc55d621c7b44be9bc98a2a120cf6c,0159b29af77bf2099ce538e79e4ad7674a38e89976021f4d3967efda7ba7426c,110
local_rsvce,local_rsvce:expanded:3571d36ce13b74a7,WORLD,,,generic,,,,"deuteronomy32:3-4ab,7,8,9,12",The portion of the Lord is his people.,"For I will proclaim the name of the LORD. Ascribe greatness to our God! ""The Rock, his work is perfect; for all his ways are justice. A God of faithfulness and without iniquity, just and right is he.

Remember the days of old, consider the years of many generations; ask your father, and he will show you; your elders, and they will tell you.

When the Most High gave to the nations their inheritance, when he separated the sons of men, he fixed the bounds of the peoples according to the number of the sons of God.

For the LORD's portion is his people, Jacob his allotted heritage.

the LORD alone did lead him, and there was no foreign god with him.",repo://C:/dev/catholicdaily-flutter/assets/rsvce.db,complete liturgical usage expansion,96d9477def3d469585c0543b02e3109cc810e4f9aaae7bfb2e5d3ba5de79d67b,b68e1a185b85a0acd63c9b61615b806f25eacaba5f287d29770adb2e0dc6b94b,110
local_rsvce,local_rsvce:expanded:35f150c933b74f30,WORLD,,,generic,,,,"ps78:1-2,34-38",Do not forget the works of the Lord!,"Give ear, O my people, to my teaching; incline your ears to the words of my mouth! I will open my mouth in a parable; I will utter dark sayings from of old,

When he slew them, they sought for him; they repented and sought God earnestly. They remembered that God was their rock, the Most High God their redeemer. But they flattered him with their mouths; they lied to him with their tongues. Their heart was not steadfast toward him; they were not true to his covenant. Yet he, being compassionate,forgave their iniquity, and did not destroy them;he restrained his anger often, and did not stir up all his wrath.",repo://C:/dev/catholicdaily-flutter/assets/rsvce.db,complete liturgical usage expansion,622f0dd077843fb5a5c2a4791854a0a13c1cf0e30b7039c4cbdba260fa4e41c7,56b14a9d42776373d79b24f3e09b23a0612d3e4615d52af78069d8626c8b8a78,110
local_rsvce,local_rsvce:expanded:37632393fed6a579,WORLD,,,generic,,,,ps130:1-5,"With the Lord there is mercy, and fullness of redemption.","Out of the depths I cry to thee, O LORD! Lord, hear my voice! Let thy ears be attentive to the voice of my supplications! If thou, O LORD, shouldst mark iniquities, Lord, who could stand? But there is forgiveness with thee, that thou mayest be feared. I wait for the LORD, my soul waits, and in his word I hope;",repo://C:/dev/catholicdaily-flutter/assets/rsvce.db,complete liturgical usage expansion,904fbaf25eacfe7e3a9f140160dadb236f3024aa357688fe461b4753c0ddc0e9,27a0daf8ce246212bae56326b1da1103484d5e5fdb1f150a24ce0748c7e5c5bc,110
local_rsvce,local_rsvce:expanded:39ce4fef51d99a1d,WORLD,,,generic,,,,ps117:1-2,Go out to all the world and tell the Good News.,"Praise the LORD, all nations! Extol him, all peoples! For great is his steadfast love toward us;and the faithfulness of the LORD endures for ever. Praise the LORD!",repo://C:/dev/catholicdaily-flutter/assets/rsvce.db,complete liturgical usage expansion,a5edb85868977ef2bd1a000064466d2727be6ce684f65515e7d8660ad62c2453,6d4e2ff8f84b2cf626cfbb27b0075cded61f31d4464b7f2b810e9be73da6b1cc,110
local_rsvce,local_rsvce:expanded:4115d7f061b9dec9,WORLD,,,generic,,,,"ps128:1-2,3-4,5-6",Happy are those who fear the Lord.,"Blessed is every one who fears the LORD, who walks in his ways! You shall eat the fruit of the labor of your hands;you shall be happy, and it shall be well with you.

Your wife will be like a fruitful vine within your house; your children will be like olive shoots around your table. Lo, thus shall the man be blessed who fears the LORD.

The LORD bless you from Zion!May you see the prosperity of Jerusalem all the days of your life! May you see your children's children! Peace be upon Israel!",repo://C:/dev/catholicdaily-flutter/assets/rsvce.db,complete liturgical usage expansion,c3cc7b075895278a2baea34bcf0209d964816bb0a63a1c7498399dd4025179ec,213585e26d6b219037a753b815a889e5fe0b8b577291d22ad390f9d12a73e39a,110
local_rsvce,local_rsvce:expanded:419967e96c37a53f,WORLD,,,generic,,,,ps128:1-5,Blessed are those who fear the Lord and walk in his ways.,"Blessed is every one who fears the LORD, who walks in his ways! You shall eat the fruit of the labor of your hands;you shall be happy, and it shall be well with you. Your wife will be like a fruitful vine within your house; your children will be like olive shoots around your table. Lo, thus shall the man be blessed who fears the LORD. The LORD bless you from Zion!May you see the prosperity of Jerusalem all the days of your life!",repo://C:/dev/catholicdaily-flutter/assets/rsvce.db,complete liturgical usage expansion,bb1601d4089da7233b3109024dd5c2956c4e6dea2074929f5df033c5d449cc9e,6a6bb720ecd03dce27beaf5765d86ac0c4e981c9098c50318d31497c4e954c38,110
local_rsvce,local_rsvce:expanded:486f682b37419ffa,WORLD,,,generic,,,,"ps123:1b-2ab,2cdef","To you, O Lord, have I lifted up my eyes.","To thee I lift up my eyes, O thou who art enthroned in the heavens! Behold, as the eyes of servants look to the hand of their master,as the eyes of a maid to the hand of her mistress,so our eyes look to the LORD our God, till he have mercy upon us.

Behold, as the eyes of servants look to the hand of their master,as the eyes of a maid to the hand of her mistress,so our eyes look to the LORD our God, till he have mercy upon us.",repo://C:/dev/catholicdaily-flutter/assets/rsvce.db,complete liturgical usage expansion,50888e80217c9f9a28bfc3ab6961c951697a5c95b81210c4b2b8d0361d801cfd,60d3755949229320ca467042d0f0712a4ea45aea4463ae4cf27f4efd93b6b166,110
local_rsvce,local_rsvce:expanded:4adf26ea26b58032,WORLD,,,generic,,,,"ps144:1b,2abc,3-4","Blest be the Lord, my rock.","Blessed be the LORD, my rock,who trains my hands for war, and my fingers for battle;

my rock and my fortress, my stronghold and my deliverer,my shield and he in whom I take refuge, who subdues the peoples under him.

O LORD, what is man that thou dost regard him, or the son of man that thou dost think of him? Man is like a breath, his days are like a passing shadow.",repo://C:/dev/catholicdaily-flutter/assets/rsvce.db,complete liturgical usage expansion,04ee78e73569b5fbc9e5c56e9112ae0187f0cf14fbd0a7426ca1e96bbdaf6d21,1cbbdf4e704382e8cf583c58f7d890479a86fdf15a3077422256ec378dca902c,110
local_rsvce,local_rsvce:expanded:4c1b321ed97fdf76,WORLD,,,generic,,,,"daniel3:52,53,54,55,56",Glory and praise for ever!,"Let the earth bless the Lord; let it sing praise to him and highly exalt him for ever.

Bless the Lord, mountains and hills, sing praise to him and highly exalt him for ever.

Bless the Lord, all things that grow on the earth, sing praise to him and highly exalt him for ever.

Bless the Lord, you springs, sing praise to him and highly exalt him for ever.

Bless the Lord, seas and rivers, sing praise to him and highly exalt him for ever.",repo://C:/dev/catholicdaily-flutter/assets/rsvce.db,complete liturgical usage expansion,332eca3d3a59af1b4201c0887d3369ed69f106377d79a8897209420a221ba040,7a739b583a85a80d67b388be90b18c83c64f4f5fef092e17a98db1bc4b37b413,110
local_rsvce,local_rsvce:expanded:4c7aa88df529eb69,WORLD,,,generic,,,,"daniel3:57,58,59,60,61",Give glory and eternal praise to him.,"""Bless the Lord, all works of the Lord, sing praise to him and highly exalt him for ever.

Bless the Lord, you heavens, sing praise to him and highly exalt him for ever.

Bless the Lord, you angels of the Lord, sing praise to him and highly exalt him for ever.

Bless the Lord, all waters above the heaven, sing praise to him and highly exalt him for ever.

Bless the Lord, all powers, sing praise to him and highly exalt him for ever.",repo://C:/dev/catholicdaily-flutter/assets/rsvce.db,complete liturgical usage expansion,8deb8951153a73f8c6a87e26b81b0ba0ca4c8e499d338d2f7ac573309a79d35e,8b04fe3744cc3bab148c465a61bfff28cfeda2a3ebb2debd78abecddaaec4d0c,110
local_rsvce,local_rsvce:expanded:4e71d8c47f2ec981,WORLD,,,generic,,,,"daniel3:68,69,70,71,72,73,74",Give glory and eternal praise to him.,"Bless the Lord, dews and snows, sing praise to him and highly exalt him for ever.

Bless the Lord, nights and days, sing praise to him and highly exalt him for ever.

Bless the Lord, light and darkness, sing praise to him and highly exalt him for ever.

Bless the Lord, ice and cold, sing praise to him and highly exalt him for ever.

Bless the Lord, frosts and snows, sing praise to him and highly exalt him for ever.

Bless the Lord, lightnings and clouds, sing praise to him and highly exalt him for ever.

Let the earth bless the Lord; let it sing praise to him and highly exalt him for ever.",repo://C:/dev/catholicdaily-flutter/assets/rsvce.db,complete liturgical usage expansion,f0c6841719a56d82d6fa72a391ba2502bd4749e742dedf1b3809de7e48811157,692bf6c16ba01eecffe5b37a61394ff93a2c868a0a71a56a9c4fceb725c4e5a3,110
local_rsvce,local_rsvce:expanded:4f5072e08c67f65e,WORLD,,,generic,,,,"ps90:3-4,5-6,12-13,14+17","In every age, O Lord, you have been our refuge.","Thou turnest man back to the dust, and sayest, ""Turn back, O children of men!"" For a thousand years in thy sight are but as yesterday when it is past, or as a watch in the night.

Thou dost sweep men away; they are like a dream, like grass which is renewed in the morning: in the morning it flourishes and is renewed; in the evening it fades and withers.

So teach us to number our days that we may get a heart of wisdom. Return, O LORD! How long? Have pity on thy servants!

Satisfy us in the morning with thy steadfast love, that we may rejoice and be glad all our days. Let the favor of the Lord our God be upon us,and establish thou the work of our hands upon us, yea, the work of our hands establish thou it.",repo://C:/dev/catholicdaily-flutter/assets/rsvce.db,complete liturgical usage expansion,e4397cb5341fad92cf7134ffc714e2c13431378bb032f0c61a14d9ff5849f6d5,96b15f0f6b282d0ac524981a7ddeb1aef44b9a967f3c4ea38ca6d5f1540ecb8d,110
local_rsvce,local_rsvce:expanded:556f9b30cb1e8359,WORLD,,,generic,,,,"ps89:1-2,3-4,20-21,24+26",For ever I will sing the goodness of the Lord.,"I will sing of thy steadfast love, O LORD, for ever; with my mouth I will proclaim thy faithfulness to all generations. For thy steadfast love was established for ever, thy faithfulness is firm as the heavens.

For thy steadfast love was established for ever, thy faithfulness is firm as the heavens. Thou hast said,""I have made a covenant with my chosen one, I have sworn to David my servant:

Of old thou didst speak in a vision to thy faithful one,and say: ""I have set the crown upon one who is mighty, I have exalted one chosen from the people. I have found David, my servant; with my holy oil I have anointed him;

I will crush his foes before him and strike down those who hate him. I will set his hand on the sea and his right hand on the rivers.",repo://C:/dev/catholicdaily-flutter/assets/rsvce.db,complete liturgical usage expansion,ec8be0660ab254b849b0ab502f0adc4e6884f8d4f323c1b9c047ce2c79ca5e80,959047a2ba1ec382de4d670501b690e9b25a1d536686476a9b8dbe4d2473540a,110
local_rsvce,local_rsvce:expanded:576c9b689921700f,WORLD,,,generic,,,,"ps85:9,10,11-12,13-14","Lord, let us see your kindness, and grant us your salvation.","Let me hear what God the LORD will speak,for he will speak peace to his people, to his saints, to those who turn to him in their hearts.

Surely his salvation is at hand for those who fear him, that glory may dwell in our land.

Steadfast love and faithfulness will meet; righteousness and peace will kiss each other. Faithfulness will spring up from the ground, and righteousness will look down from the sky.

Yea, the LORD will give what is good, and our land will yield its increase. Righteousness will go before him, and make his footsteps a way.",repo://C:/dev/catholicdaily-flutter/assets/rsvce.db,complete liturgical usage expansion,d60f651d788213632420baf3405fa4d3421351156d47a12ca6987d5aaad75b31,23734bb6cec196a19598db0e7ef90d7bc72a85dc287e9aaf302a4772699c025c,110
local_rsvce,local_rsvce:expanded:5b03d7443ff2a8dd,WORLD,,,generic,,,,"ps119:89-91,130,135,175","Your word is a lamp for my feet, a light for my path.","For ever, O LORD, thy word is firmly fixed in the heavens. Thy faithfulness endures to all generations; thou hast established the earth, and it stands fast. By thy appointment they stand this day; for all things are thy servants.

The unfolding of thy words gives light; it imparts understanding to the simple.

Make thy face shine upon thy servant, and teach me thy statutes.

Let me live, that I may praise thee, and let thy ordinances help me.",repo://C:/dev/catholicdaily-flutter/assets/rsvce.db,complete liturgical usage expansion,fbdacbcee6b1e210bb92231dfc2b4e3729f0fb688d0e7f146abed93ce5b6856e,ba7bfab696c03ae2a48a23fc0cc159aa1df74de4ec88fd5cb7d054ce6ae739e4,110
local_rsvce,local_rsvce:expanded:5d478a69816c4733,WORLD,,,generic,,,,"ps88:2-3,4-5,6,7-8","Let my prayer come into your presence, O Lord.","O LORD, my God, I call for help by day; I cry out in the night before thee. Let my prayer come before thee, incline thy ear to my cry!

For my soul is full of troubles, and my life draws near to Sheol. I am reckoned among those who go down to the Pit; I am a man who has no strength,

like one forsaken among the dead,like the slain that lie in the grave,like those whom thou dost remember no more, for they are cut off from thy hand.

Thou hast put me in the depths of the Pit, in the regions dark and deep. Thy wrath lies heavy upon me, and thou dost overwhelm me with all thy waves. [Selah]",repo://C:/dev/catholicdaily-flutter/assets/rsvce.db,complete liturgical usage expansion,c89c5f40de35cac0d222986deeaed9c2135005b4d5553548f4c1bdbd194987d7,7d65e6e5711579c8cb2e6ae3853021df5b4a6f8f1eb0783c12777a5ff5f18d83,110
local_rsvce,local_rsvce:expanded:62d405f933e4c668,WORLD,,,generic,,,,ps23:1-6,The Lord is my shepherd; there is nothing I shall want.,"The LORD is my shepherd, I shall not want; he makes me lie down in green pastures. He leads me beside still waters; he restores my soul.  He leads me in paths of righteousness for his name's sake. Even though I walk through the valley of the shadow of death, I fear no evil;for thou art with me; thy rod and thy staff, they comfort me. Thou preparest a table before mein the presence of my enemies; thou anointest my head with oil, my cup overflows. Surely goodness and mercy shall follow me all the days of my life; and I shall dwell in the house of the LORD for ever.",repo://C:/dev/catholicdaily-flutter/assets/rsvce.db,complete liturgical usage expansion,739297efb76b2ca62ba7162959df56e9088743406063db5eeb45b598bdd6a0a7,57c1f8751df6400b20537e439ae45a3b59ebd15784ab889aac4f472089bc21f9,110
local_rsvce,local_rsvce:expanded:65ba46de7a416b7a,WORLD,,,generic,,,,"exod15:7ab-8,9,10+12,17",Let us sing to the Lord;,"In the greatness of thy majesty thou overthrowest thy adversaries; thou sendest forth thy fury, it consumes them like stubble. At the blast of thy nostrils the waters piled up, the floods stood up in a heap; the deeps congealed in the heart of the sea.

The enemy said, 'I will pursue, I will overtake, I will divide the spoil, my desire shall have its fill of them. I will draw my sword, my hand shall destroy them.'

Thou didst blow with thy wind, the sea covered them; they sank as lead in the mighty waters. Thou didst stretch out thy right hand, the earth swallowed them.

Thou wilt bring them in, and plant them on thy own mountain, the place, O LORD, which thou hast made for thy abode, the sanctuary, O LORD, which thy hands have established.",repo://C:/dev/catholicdaily-flutter/assets/rsvce.db,complete liturgical usage expansion,217774ddf9a9b6e97f14ccc3741a0987e223577e081a0c53fc6f2ce963fc3dbb,de176510af9468e8ad6f1502883fb0167e8915a4bad304536407a483f46f7583,110
local_rsvce,local_rsvce:expanded:67b7f95f888677c6,WORLD,,,generic,,,,"isaiah12:2-3,4bcd,5-6",You will draw water joyfully from the springs of salvation.,"""Behold, God is my salvation; I will trust, and will not be afraid; for the LORD GOD is my strength and my song, and he has become my salvation."" With joy you will draw water from the wells of salvation.

And you will say in that day: ""Give thanks to the LORD, call upon his name; make known his deeds among the nations, proclaim that his name is exalted.

""Sing praises to the LORD, for he has done gloriously; let this be known in all the earth. Shout, and sing for joy, O inhabitant of Zion, for great in your midst is the Holy One of Israel.""",repo://C:/dev/catholicdaily-flutter/assets/rsvce.db,complete liturgical usage expansion,bd6e9c7654d366d124fcdfd9cc1e7c68c84a4c6927c08b9e0495397e2ea8ce97,b65d15aba5efa4021a57b628b18853356fa983a903a5f8aa7cffa00d0f6ed8cf,110
local_rsvce,local_rsvce:expanded:6b371763b250e6fa,WORLD,,,generic,,,,"ps90:2-4,12-14,16","Lord, give success to the work of our hands.","Before the mountains were brought forth,or ever thou hadst formed the earth and the world, from everlasting to everlasting thou art God. Thou turnest man back to the dust, and sayest, ""Turn back, O children of men!"" For a thousand years in thy sight are but as yesterday when it is past, or as a watch in the night.

So teach us to number our days that we may get a heart of wisdom. Return, O LORD! How long? Have pity on thy servants! Satisfy us in the morning with thy steadfast love, that we may rejoice and be glad all our days.

Let thy work be manifest to thy servants, and thy glorious power to their children.",repo://C:/dev/catholicdaily-flutter/assets/rsvce.db,complete liturgical usage expansion,7dbae40a018d9f2f63880424c29e31da26a41e4ed1c9700dad8bd44b95186999,02ddefa6fdca060de833950927aa6dcd2395500f1b982e7f52e2b10a916c0707,110
local_rsvce,local_rsvce:expanded:6b79b254c9f7731c,WORLD,,,generic,,,,ps24:1-6,Let the Lord enter; he is king of glory.,"The earth is the LORD's and the fulness thereof, the world and those who dwell therein; for he has founded it upon the seas, and established it upon the rivers. Who shall ascend the hill of the LORD? And who shall stand in his holy place? He who has clean hands and a pure heart,who does not lift up his soul to what is false, and does not swear deceitfully. He will receive blessing from the LORD, and vindication from the God of his salvation. Such is the generation of those who seek him, who seek the face of the God of Jacob.  [Selah]",repo://C:/dev/catholicdaily-flutter/assets/rsvce.db,complete liturgical usage expansion,05b34a6dc6b40930c109e800d57e2a3a0c31456a712cf04446fc48dc753fb5fb,449058b5a564faa1409be10a5323d5615e0a4273030fdea2d80a3c533d5eb0f8,110
local_rsvce,local_rsvce:expanded:7034a2b87fae0bb0,WORLD,,,generic,,,,"firstchronicles29:10,11ab,11d-12a,12bcd","Lord, you are exalted over all.","Therefore David blessed the LORD in the presence of all the assembly; and David said: ""Blessed art thou, O LORD, the God of Israel our father, for ever and ever.

Thine, O LORD, is the greatness, and the power, and the glory, and the victory, and the majesty; for all that is in the heavens and in the earth is thine; thine is the kingdom, O LORD, and thou art exalted as head above all.

Thine, O LORD, is the greatness, and the power, and the glory, and the victory, and the majesty; for all that is in the heavens and in the earth is thine; thine is the kingdom, O LORD, and thou art exalted as head above all. Both riches and honor come from thee, and thou rulest over all. In thy hand are power and might; and in thy hand it is to make great and to give strength to all.

Both riches and honor come from thee, and thou rulest over all. In thy hand are power and might; and in thy hand it is to make great and to give strength to all.",repo://C:/dev/catholicdaily-flutter/assets/rsvce.db,complete liturgical usage expansion,3770673d15812ff4e88450fcca28e385f3a762a8fae1d372129925fd5d1d5439,c81ba397207afd6fa50911318c3399b4488eb9daa340578cf8aa01538f1a8370,110
local_rsvce,local_rsvce:expanded:73f3c49ad4fa62f1,WORLD,,,generic,,,,"ps16:1-2,5,7-8,11","You are my inheritance, O Lord.","Preserve me, O God, for in thee I take refuge. I say to the LORD, ""Thou art my Lord; I have no good apart from thee.""

The LORD is my chosen portion and my cup; thou holdest my lot.

I bless the LORD who gives me counsel; in the night also my heart instructs me. I keep the LORD always before me;because he is at my right hand, I shall not be moved.

Thou dost show me the path of life;in thy presence there is fulness of joy, in thy right hand are pleasures for evermore.",repo://C:/dev/catholicdaily-flutter/assets/rsvce.db,complete liturgical usage expansion,bdd26163c1fa3c55aa2b0094076fd0bc47520a923e7f5fbf5e8731c03ce73d9b,197e2aa81ff7abf6ef8318025da1bde31c842562d48c1231505518f53d20c6ff,110
local_rsvce,local_rsvce:expanded:760493e22104906e,WORLD,,,generic,,,,"ps144:1b,2,9-10","Blest be the Lord, my rock.","Blessed be the LORD, my rock,who trains my hands for war, and my fingers for battle;

my rock and my fortress, my stronghold and my deliverer,my shield and he in whom I take refuge, who subdues the peoples under him.

I will sing a new song to thee, O God; upon a ten-stringed harp I will play to thee, who givest victory to kings, who rescuest David thy servant.",repo://C:/dev/catholicdaily-flutter/assets/rsvce.db,complete liturgical usage expansion,564780b8b315a948dffae87e8745a6f6a32a36852f6fe2cb98cf7a8f911da13c,39e3d226b326c891a4254f8bc9bfaf170e612f4767ed8f1f5a68feaa61d91ce9,110
local_rsvce,local_rsvce:expanded:7614483d2443884f,WORLD,,,generic,,,,"ps16:1b-2a,5,7-8,9-10","It is you, O Lord, who are my portion.","Preserve me, O God, for in thee I take refuge. I say to the LORD, ""Thou art my Lord; I have no good apart from thee.""

The LORD is my chosen portion and my cup; thou holdest my lot.

I bless the LORD who gives me counsel; in the night also my heart instructs me. I keep the LORD always before me;because he is at my right hand, I shall not be moved.

Therefore my heart is glad,and my soul rejoices; my body also dwells secure. For thou dost not give me up to Sheol, or let thy godly one see the Pit.",repo://C:/dev/catholicdaily-flutter/assets/rsvce.db,complete liturgical usage expansion,410506cd46e1ecd7b5a993e5986f0b83c140b1bc522f6e388763cae1cfdeff14,450ce5c508a6abbcaaa9e43721be21582d634c9405ea4e987a6da7c3dac50c3e,110
local_rsvce,local_rsvce:expanded:78813c9fbf7982e6,WORLD,,,generic,,,,"firstchronicles29:10bcd,11abc,11d-12a,12bcd","We praise your glorious name, O mighty God.","Therefore David blessed the LORD in the presence of all the assembly; and David said: ""Blessed art thou, O LORD, the God of Israel our father, for ever and ever.

Thine, O LORD, is the greatness, and the power, and the glory, and the victory, and the majesty; for all that is in the heavens and in the earth is thine; thine is the kingdom, O LORD, and thou art exalted as head above all.

Thine, O LORD, is the greatness, and the power, and the glory, and the victory, and the majesty; for all that is in the heavens and in the earth is thine; thine is the kingdom, O LORD, and thou art exalted as head above all. Both riches and honor come from thee, and thou rulest over all. In thy hand are power and might; and in thy hand it is to make great and to give strength to all.

Both riches and honor come from thee, and thou rulest over all. In thy hand are power and might; and in thy hand it is to make great and to give strength to all.",repo://C:/dev/catholicdaily-flutter/assets/rsvce.db,complete liturgical usage expansion,f782985503fbf696cb623e2136f446fb48f4fb26a7e45368ff1b30e93ee8d7ca,bfb2cbb67f38e102642551cc934c37994698a8598f5678cd57cfd17de399156f,110
local_rsvce,local_rsvce:expanded:7999e9c6d84715f9,WORLD,,,generic,,,,"isaiah12:2-3,4,5-6",Cry out with joy and gladness: for among you is the great and Holy One of Israel.,"""Behold, God is my salvation; I will trust, and will not be afraid; for the LORD GOD is my strength and my song, and he has become my salvation."" With joy you will draw water from the wells of salvation.

And you will say in that day: ""Give thanks to the LORD, call upon his name; make known his deeds among the nations, proclaim that his name is exalted.

""Sing praises to the LORD, for he has done gloriously; let this be known in all the earth. Shout, and sing for joy, O inhabitant of Zion, for great in your midst is the Holy One of Israel.""",repo://C:/dev/catholicdaily-flutter/assets/rsvce.db,complete liturgical usage expansion,96b0098be6fadaebc68b7791510c64d6d5ed87b16596a543e31091c1ee643d04,27be42acf07744be467c5883a927fa0907c6659fd03e86afa9ed756cfad604cc,110
local_rsvce,local_rsvce:expanded:79eaecfe70635984,WORLD,,,generic,,,,"ps1:1-2,3,4+6",Happy are they who hope in the Lord.,"Blessed is the man who walks not in the counsel of the wicked,nor stands in the way of sinners, nor sits in the seat of scoffers; but his delight is in the law of the LORD, and on his law he meditates day and night.

He is like a tree planted by streams of water,that yields its fruit in its season,and its leaf does not wither. In all that he does, he prospers.

The wicked are not so, but are like chaff which the wind drives away. for the LORD knows the way of the righteous, but the way of the wicked will perish.",repo://C:/dev/catholicdaily-flutter/assets/rsvce.db,complete liturgical usage expansion,8e0f0fe892a905d803dd63c0ee722715f7748fde2999652cad5ff336ef5d4880,a630b8ee1497b2d51f4cb09e316e0f44abcd55dd834ed415aab35110d50705d8,110
local_rsvce,local_rsvce:expanded:7f7d048af30da62c,WORLD,,,generic,,,,"ps139:1b-3,13-14ab,23-24","Lead me, Lord, in the way everlasting.","O LORD, thou hast searched me and known me! Thou knowest when I sit down and when I rise up; thou discernest my thoughts from afar. Thou searchest out my path and my lying down, and art acquainted with all my ways.

For thou didst form my inward parts, thou didst knit me together in my mother's womb. I praise thee, for thou art fearful and wonderful.  Wonderful are thy works! Thou knowest me right well;

Search me, O God, and know my heart! Try me and know my thoughts! And see if there be any wicked way in me, and lead me in the way everlasting!",repo://C:/dev/catholicdaily-flutter/assets/rsvce.db,complete liturgical usage expansion,cad78aa3a24aed940101da38cf9af186ef2e2f7f9070abe46c55c91435c23fff,891c14cbd931211113b4c6e3e587220017f475c5cccfbaff4a28820d53ec879a,110
local_rsvce,local_rsvce:expanded:8002662eb13acf3d,WORLD,,,generic,,,,"ps85:9ab-10,11-12,13-14",The Lord speaks of peace for his people.,"Let me hear what God the LORD will speak,for he will speak peace to his people, to his saints, to those who turn to him in their hearts. Surely his salvation is at hand for those who fear him, that glory may dwell in our land.

Steadfast love and faithfulness will meet; righteousness and peace will kiss each other. Faithfulness will spring up from the ground, and righteousness will look down from the sky.

Yea, the LORD will give what is good, and our land will yield its increase. Righteousness will go before him, and make his footsteps a way.",repo://C:/dev/catholicdaily-flutter/assets/rsvce.db,complete liturgical usage expansion,7e1a59b25d70839f0553c7490db9288374ffd799a28ce2dddc61c756fcc41c24,0f5ef2f67c70194804a587aab83d27bb468d819ae93ac732e89142afdeb53efc,110
local_rsvce,local_rsvce:expanded:802b31f9679a41b6,WORLD,,,generic,,,,"ps87:1-3,5-7","Glorious things are told of you, O city of God.","On the holy mount stands the city he founded; the LORD loves the gates of Zion more than all the dwelling places of Jacob. Glorious things are spoken of you, O city of God. [Selah]

And of Zion it shall be said,""This one and that one were born in her""; for the Most High himself will establish her. The LORD records as he registers the peoples, ""This one was born there."" [Selah] Singers and dancers alike say, ""All my springs are in you.""",repo://C:/dev/catholicdaily-flutter/assets/rsvce.db,complete liturgical usage expansion,57db7b0dc3b8da0f47321492f08c1f54ef6b0fbc31489912fe99fb0cef301a84,e5493d7039d40acad6885fa127a892899a54559e8ff0fa2ae7c26e01cbd7684d,110
local_rsvce,local_rsvce:expanded:834a66ca0bef67ad,WORLD,,,generic,,,,"ps16:1-2+5,7-8,9-10,11","Keep me safe, O God; you are my hope.","Preserve me, O God, for in thee I take refuge. I say to the LORD, ""Thou art my Lord; I have no good apart from thee."" The LORD is my chosen portion and my cup; thou holdest my lot.

I bless the LORD who gives me counsel; in the night also my heart instructs me. I keep the LORD always before me;because he is at my right hand, I shall not be moved.

Therefore my heart is glad,and my soul rejoices; my body also dwells secure. For thou dost not give me up to Sheol, or let thy godly one see the Pit.

Thou dost show me the path of life;in thy presence there is fulness of joy, in thy right hand are pleasures for evermore.",repo://C:/dev/catholicdaily-flutter/assets/rsvce.db,complete liturgical usage expansion,4d00e21d8508248ed195c0234128dd8d1152c59d3c31f5980116b96fc5ce868c,b9aefe5805d7435c56151e314c1d6fe45773a69243150b26d1988dfc38524600,110
local_rsvce,local_rsvce:expanded:877f8bf9cdb223f6,WORLD,,,generic,,,,ps131:1-3,"In you, Lord, I have found my peace.","O LORD, my heart is not lifted up,my eyes are not raised too high;I do not occupy myself with things too great and too marvelous for me. But I have calmed and quieted my soul,like a child quieted at its mother's breast; like a child that is quieted is my soul. O Israel, hope in the LORD from this time forth and for evermore.",repo://C:/dev/catholicdaily-flutter/assets/rsvce.db,complete liturgical usage expansion,7192dfb172cf4c3ac0bcdc7b5844149150fb29396150d5cb312bf969dc33e7f7,ae5e2f009afc4e366a4cb7baac5531ef9e44b31964954f853d9f891ec5e3b009,110
local_rsvce,local_rsvce:expanded:87a9fcb263284381,WORLD,,,generic,,,,"ps91:1-2,14-15b,15c-16","O my God, I trust in you","He who dwells in the shelter of the Most High, who abides in the shadow of the Almighty, will say to the LORD, ""My refuge and my fortress; my God, in whom I trust.""

Because he cleaves to me in love, I will deliver him; I will protect him, because he knows my name. When he calls to me, I will answer him; I will be with him in trouble, I will rescue him and honor him.

When he calls to me, I will answer him; I will be with him in trouble, I will rescue him and honor him. With long life I will satisfy him, and show him my salvation.",repo://C:/dev/catholicdaily-flutter/assets/rsvce.db,complete liturgical usage expansion,abea117d8baaf9f751b5d04bbba00bce26ae24f64f5357f62543862f8e4cb845,fe58bb85fb11abdc1e88e876d851d88a520a98fa0868ffa246f0632d30ff393e,110
local_rsvce,local_rsvce:expanded:8941cbb4a9561bda,WORLD,,,generic,,,,"ps149:1-2,3-4,5,6a+9b",The Lord takes delight in his people.,"Praise the LORD! Sing to the LORD a new song, his praise in the assembly of the faithful! Let Israel be glad in his Maker, let the sons of Zion rejoice in their King!

Let them praise his name with dancing, making melody to him with timbrel and lyre! For the LORD takes pleasure in his people; he adorns the humble with victory.

Let the faithful exult in glory; let them sing for joy on their couches.

Let the high praises of God be in their throats and two-edged swords in their hands, to execute on them the judgment written! This is glory for all his faithful ones. Praise the LORD!",repo://C:/dev/catholicdaily-flutter/assets/rsvce.db,complete liturgical usage expansion,f1cc10943b52e10b25ebe188bcdb7c737af34df79d824bbebc3162666943b0ba,52f717a34ae9767313ad004a14068924e016242ab7aeeeaca99202b0f4a66535,110
local_rsvce,local_rsvce:expanded:8d32e1cdba570a5e,WORLD,,,generic,,,,"ps23:1b-3a,3bc-4,5,6",The Lord is my shepherd; there is nothing I shall want,"The LORD is my shepherd, I shall not want; he makes me lie down in green pastures. He leads me beside still waters; he restores my soul.  He leads me in paths of righteousness for his name's sake.

he restores my soul.  He leads me in paths of righteousness for his name's sake. Even though I walk through the valley of the shadow of death, I fear no evil;for thou art with me; thy rod and thy staff, they comfort me.

Thou preparest a table before mein the presence of my enemies; thou anointest my head with oil, my cup overflows.

Surely goodness and mercy shall follow me all the days of my life; and I shall dwell in the house of the LORD for ever.",repo://C:/dev/catholicdaily-flutter/assets/rsvce.db,complete liturgical usage expansion,cb50c2247ed65b6c0b26ff8b061165e0bb57d1e3752f12a2647f811b365c326e,58b09e3d3ae6421f3494684aa61d76cf143272598e53a895fec7816c116954bb,110
local_rsvce,local_rsvce:expanded:8d54632d16778f8a,WORLD,,,generic,,,,ps13:6,With delight I rejoice in the Lord.,"I will sing to the LORD, because he has dealt bountifully with me.",repo://C:/dev/catholicdaily-flutter/assets/rsvce.db,complete liturgical usage expansion,19f6e2daa8cbc746bf8fb6a268f82f9b4a37b7c66a70ed6b15fd6a6a058b23a2,27369a93f7f9406267d504069b76332fbf8f2e73f212af57e4f44a83815ef2f9,110
local_rsvce,local_rsvce:expanded:8f67a41f8f535cbd,WORLD,,,generic,,,,ps113:1-8,"The queen stands at your right hand, arrayed in gold.","Praise the LORD!Praise, O servants of the LORD, praise the name of the LORD! Blessed be the name of the LORD from this time forth and for evermore! From the rising of the sun to its setting the name of the LORD is to be praised! The LORD is high above all nations, and his glory above the heavens! Who is like the LORD our God, who is seated on high, who looks far down upon the heavens and the earth? He raises the poor from the dust, and lifts the needy from the ash heap, to make them sit with princes, with the princes of his people.",repo://C:/dev/catholicdaily-flutter/assets/rsvce.db,complete liturgical usage expansion,e08947996cad3200f029591ae4eb0b882b498287e83b0796a177ea3718cd67f3,cec692be1e6d5fa0ae79b68fdb4f66ea23fab2d35194f62514e6c77527b3ac38,110
local_rsvce,local_rsvce:expanded:8f71b3180da30023,WORLD,,,generic,,,,ps15:1-5,"Who shall dwell on your holy mountain, O Lord?","O LORD, who shall sojourn in thy tent? Who shall dwell on thy holy hill? He who walks blamelessly, and does what is right, and speaks truth from his heart; who does not slander with his tongue,and does no evil to his friend, nor takes up a reproach against his neighbor; in whose eyes a reprobate is despised,but who honors those who fear the LORD; who swears to his own hurt and does not change; who does not put out his money at interest,and does not take a bribe against the innocent. He who does these things shall never be moved.",repo://C:/dev/catholicdaily-flutter/assets/rsvce.db,complete liturgical usage expansion,89ed7d6abd996cd9a0111625397037fcc44a6b9df99ad5fe29d1701079cbcdc3,45ad0d1e6eecb29ccbdb5545163ef19c9eeca38ec1e086062d40f84a1266f6dc,110
local_rsvce,local_rsvce:expanded:9102fb18216df41f,WORLD,,,generic,,,,"luke1:69,70-71,72,73-75","Blessed be the Lord, the God of Israel; he has come to his people.","and has raised up a horn of salvation for us in the house of his servant David,

as he spoke by the mouth of his holy prophets from of old, that we should be saved from our enemies, and from the hand of all who hate us;

to perform the mercy promised to our fathers, and to remember his holy covenant,

the oath which he swore to our father Abraham, to grant us that we, being delivered from the hand of our enemies, might serve him without fear, in holiness and righteousness before him all the days of our life.",repo://C:/dev/catholicdaily-flutter/assets/rsvce.db,complete liturgical usage expansion,d5aba6cf32533227e4bb0f921e66d99c65d3e9385c03f5d7b6d96f91535da509,1d92fab801543a650319fba16749e0deb76d84ee271e0032e2e8110440d746f1,110
local_rsvce,local_rsvce:expanded:9147f45b3f3d63c3,WORLD,,,generic,,,,"ps110:1-2,3,4","You are a priest for ever, in the line of Melchizedek.","The LORD says to my lord:""Sit at my right hand, till I make your enemies your footstool."" The LORD sends forth from Zion your mighty scepter. Rule in the midst of your foes!

Your people will offer themselves freelyon the day you lead your host upon the holy mountains. From the womb of the morning like dew your youth will come to you.

The LORD has sworn and will not change his mind, ""You are a priest for ever after the order of Melchizedek.""",repo://C:/dev/catholicdaily-flutter/assets/rsvce.db,complete liturgical usage expansion,ebc3ce5df3ae6d5ce8dd3ebb0325cd31a5e8dabd48e442029d543d1e8cd59f95,0afb06217d32a033058b97d060914c95ea9696a47e2cc291b435e48b895ccb28,110
local_rsvce,local_rsvce:expanded:91fbd4e200c905c7,WORLD,,,generic,,,,"dn3:52,53,54,55,56",Glory and praise for ever!,"Let the earth bless the Lord; let it sing praise to him and highly exalt him for ever.

Bless the Lord, mountains and hills, sing praise to him and highly exalt him for ever.

Bless the Lord, all things that grow on the earth, sing praise to him and highly exalt him for ever.

Bless the Lord, you springs, sing praise to him and highly exalt him for ever.

Bless the Lord, seas and rivers, sing praise to him and highly exalt him for ever.",repo://C:/dev/catholicdaily-flutter/assets/rsvce.db,complete liturgical usage expansion,332eca3d3a59af1b4201c0887d3369ed69f106377d79a8897209420a221ba040,7a739b583a85a80d67b388be90b18c83c64f4f5fef092e17a98db1bc4b37b413,110
local_rsvce,local_rsvce:expanded:978d0be5a3572517,WORLD,,,generic,,,,"jeremiah31:10,11-12abcd,13",The Lord will guard us as a shepherd guards his flock.,"""Hear the word of the LORD, O nations, and declare it in the coastlands afar off; say, 'He who scattered Israel will gather him, and  will keep him as a shepherd keeps his flock.'

For the LORD has ransomed Jacob, and has redeemed him from hands too strong for him. They shall come and sing aloud on the height of Zion, and they shall be  radiant over the goodness of the LORD, over the grain, the wine, and the oil, and over the young of the flock and the herd; their life shall  be like a watered garden, and they shall languish no more.

Then shall the maidens rejoice in the dance, and the young men and the old shall be merry. I will turn their mourning into joy, I will comfort  them, and give them gladness for sorrow.",repo://C:/dev/catholicdaily-flutter/assets/rsvce.db,complete liturgical usage expansion,da905f1ec6849bd5a491afad4c13d0639680136766c9ff67c3c58820323f36e8,d952bdbee38cb19a47e87e251e6961ea40dda32d8679a43e693647fdc68c6640,110
local_rsvce,local_rsvce:expanded:9c13a750527c1439,WORLD,,,generic,,,,"ps121:1bc-2,3-4,5-6,7-8","Our help shall come from the Lord, who made heaven and earth.","I lift up my eyes to the hills. From whence does my help come? My help comes from the LORD, who made heaven and earth.

He will not let your foot be moved, he who keeps you will not slumber. Behold, he who keeps Israel will neither slumber nor sleep.

The LORD is your keeper; the LORD is your shade on your right hand. The sun shall not smite you by day, nor the moon by night.

The LORD will keep you from all evil; he will keep your life. The LORD will keep your going out and your coming in from this time forth and for evermore.",repo://C:/dev/catholicdaily-flutter/assets/rsvce.db,complete liturgical usage expansion,036d9ce401abb3505def30fcd895cf81727dc3b42db390df60d92127532527e7,c2920580ce0b14493ee1e8d80b9d5950f1ef572b85f6266607b4f01ea31dc2ab,110
local_rsvce,local_rsvce:expanded:a23963e8ba7768b2,WORLD,,,generic,,,,"ps103:1-2,3-4,8-9,13-14,17-18a","O bless the Lord, my soul!","Bless the LORD, O my soul; and all that is within me, bless his holy name! Bless the LORD, O my soul, and forget not all his benefits,

who forgives all your iniquity, who heals all your diseases, who redeems your life from the Pit, who crowns you with steadfast love and mercy,

The LORD is merciful and gracious, slow to anger and abounding in steadfast love. He will not always chide, nor will he keep his anger for ever.

As a father pities his children, so the LORD pities those who fear him. For he knows our frame; he remembers that we are dust.

But the steadfast love of the LORDis from everlasting to everlasting upon those who fear him, and his righteousness to children's children, to those who keep his covenant and remember to do his commandments.",repo://C:/dev/catholicdaily-flutter/assets/rsvce.db,complete liturgical usage expansion,4d49957e5d93a4924c13e2bb512a31bfc320343bbac4b88187be7ec8202ed65c,8aa48a46b3f566f04472454b7853724c4b721f30db770f75eafaf12363dc551b,110
local_rsvce,local_rsvce:expanded:a2598f66f2117110,WORLD,,,generic,,,,"ps112:1-2,3-4,5-6,7-8,9",Happy are those who fear the Lord.,"Praise the LORD.Blessed is the man who fears the LORD, who greatly delights in his commandments! His descendants will be mighty in the land; the generation of the upright will be blessed.

Wealth and riches are in his house; and his righteousness endures for ever. Light rises in the darkness for the upright;the LORD is gracious, merciful, and righteous.

It is well with the man who deals generously and lends, who conducts his affairs with justice. For the righteous will never be moved; he will be remembered for ever.

He is not afraid of evil tidings; his heart is firm, trusting in the LORD. His heart is steady,he will not be afraid, until he sees his desire on his adversaries.

He has distributed freely,he has given to the poor;his righteousness endures for ever; his horn is exalted in honor.",repo://C:/dev/catholicdaily-flutter/assets/rsvce.db,complete liturgical usage expansion,967e6a711f2cca14a62c508fc4342754db9e42cb47cfe6e763e9df0c118122d9,a71447df3ea9cb5a4ae8c42e67be1c7905e97d4a43ca6b34c74bb3303bbb8b15,110
local_rsvce,local_rsvce:expanded:a599a4522934744a,WORLD,,,generic,,,,"jeremiah31:10,11-12,13","The Lord will guard us, as a shepherd guards his flock.","""Hear the word of the LORD, O nations, and declare it in the coastlands afar off; say, 'He who scattered Israel will gather him, and  will keep him as a shepherd keeps his flock.'

For the LORD has ransomed Jacob, and has redeemed him from hands too strong for him. They shall come and sing aloud on the height of Zion, and they shall be  radiant over the goodness of the LORD, over the grain, the wine, and the oil, and over the young of the flock and the herd; their life shall  be like a watered garden, and they shall languish no more.

Then shall the maidens rejoice in the dance, and the young men and the old shall be merry. I will turn their mourning into joy, I will comfort  them, and give them gladness for sorrow.",repo://C:/dev/catholicdaily-flutter/assets/rsvce.db,complete liturgical usage expansion,e547e8ad51d02a09639b609e0cc7383f1e3b039085e565eb848f33c87c6fc6c6,d952bdbee38cb19a47e87e251e6961ea40dda32d8679a43e693647fdc68c6640,110
local_rsvce,local_rsvce:expanded:a6f3121c52e20e28,WORLD,,,generic,,,,"ps40:1+3ab,6,7-8,9","Here am I, Lord; I come to do your will.","I waited patiently for the LORD; he inclined to me and heard my cry. He put a new song in my mouth,a song of praise to our God.Many will see and fear, and put their trust in the LORD.

Thou hast multiplied, O LORD my God,thy wondrous deeds and thy thoughts toward us;none can compare with thee!Were I to proclaim and tell of them, they would be more than can be numbered.

Sacrifice and offering thou dost not desire;but thou hast given me an open ear.  Burnt offering and sin offering thou hast not required. Then I said, ""Lo, I come; in the roll of the book it is written of me;

I delight to do thy will, O my God; thy law is within my heart.""",repo://C:/dev/catholicdaily-flutter/assets/rsvce.db,complete liturgical usage expansion,e0e3ea9c42e27c78617ce0b42864be31fe073cf36c09bf7b7800b786f0e16a79,e33ec0863d2c0a39d92891d618fbff1f94d555cb4aa92124bd7c24020b0559aa,110
local_rsvce,local_rsvce:expanded:acdd2b509ed6230c,WORLD,,,generic,,,,"ps16:1-2a1-2a+5,7-8,11","You are my inheritance, O Lord.","Preserve me, O God, for in thee I take refuge. I say to the LORD, ""Thou art my Lord; I have no good apart from thee."" The LORD is my chosen portion and my cup; thou holdest my lot.

I bless the LORD who gives me counsel; in the night also my heart instructs me. I keep the LORD always before me;because he is at my right hand, I shall not be moved.

Thou dost show me the path of life;in thy presence there is fulness of joy, in thy right hand are pleasures for evermore.",repo://C:/dev/catholicdaily-flutter/assets/rsvce.db,complete liturgical usage expansion,b15df1735c1e4c158af69d56fd23523eba772941e4c2d7a7a1494239de081594,197e2aa81ff7abf6ef8318025da1bde31c842562d48c1231505518f53d20c6ff,110
local_rsvce,local_rsvce:expanded:ad7f4cfd6f1be4c2,WORLD,,,generic,,,,"1sam2:1,4-8","My heart exults in the Lord, my Savior.","Hannah also prayed and said, ""My heart exults in the LORD; my strength is exalted in the LORD. My mouth derides my enemies, because I rejoice in thy salvation.

The bows of the mighty are broken, but the feeble gird on strength. Those who were full have hired themselves out for bread, but those who were hungry have ceased to hunger. The barren has borne seven, but she who has many children is forlorn. The LORD kills and brings to life; he brings down to Sheol and raises up. The LORD makes poor and makes rich; he brings low, he also exalts. He raises up the poor from the dust; he lifts the needy from the ash heap, to make them sit with princes and inherit a seat of honor. For the pillars of the earth are the LORDS, and on them he has set the world.",repo://C:/dev/catholicdaily-flutter/assets/rsvce.db,complete liturgical usage expansion,9960f4402bd62a6d3b57b865983c2d1386cdeaee4b581efca9be0a214b24862a,d82bbd6cd85c1f40029bcd8ed2bf64f448aad560317ef2052937585a7523433f,110
local_rsvce,local_rsvce:expanded:b1b43c09048cc635,WORLD,,,generic,,,,"ps145:1-2,8-9,10-11,13,14","I will praise your name for ever, my king and my God.","I will extol thee, my God and King, and bless thy name for ever and ever. Every day I will bless thee, and praise thy name for ever and ever.

The LORD is gracious and merciful, slow to anger and abounding in steadfast love. The LORD is good to all, and his compassion is over all that he has made.

All thy works shall give thanks to thee, O LORD, and all thy saints shall bless thee! They shall speak of the glory of thy kingdom, and tell of thy power,

Thy kingdom is an everlasting kingdom,and thy dominion endures throughout all generations. The LORD is faithful in all his words, and gracious in all his deeds.

The LORD upholds all who are falling, and raises up all who are bowed down.",repo://C:/dev/catholicdaily-flutter/assets/rsvce.db,complete liturgical usage expansion,85514c09fc058e113b0d4cfa72fb45cd650c152bbe24af282988b5fb94e436fe,66959783007725ac97cb8aa117b0add9d4287f82c92d8e37d7bef621a163f36b,110
local_rsvce,local_rsvce:expanded:b2b47e3b4171ad7b,WORLD,,,generic,,,,"ps15:1a,2-3a,3b-4ab,5","The just shall live on your holy mountain, O Lord.","O LORD, who shall sojourn in thy tent? Who shall dwell on thy holy hill?

He who walks blamelessly, and does what is right, and speaks truth from his heart; who does not slander with his tongue,and does no evil to his friend, nor takes up a reproach against his neighbor;

who does not slander with his tongue,and does no evil to his friend, nor takes up a reproach against his neighbor; in whose eyes a reprobate is despised,but who honors those who fear the LORD; who swears to his own hurt and does not change;

who does not put out his money at interest,and does not take a bribe against the innocent. He who does these things shall never be moved.",repo://C:/dev/catholicdaily-flutter/assets/rsvce.db,complete liturgical usage expansion,acbf65ae60f9a2195295e84ca24db9c1376c612a0b1d8aac321253208d52f024,0cc983a590bac21c779963f0f2f4099c576de54046f19d1171608a3d5527a908,110
local_rsvce,local_rsvce:expanded:b3a4169ab7b830ec,WORLD,,,generic,,,,ps116:12-18,"To you, Lord, I will offer a sacrifice of praise.","What shall I render to the LORD for all his bounty to me? I will lift up the cup of salvation and call on the name of the LORD, I will pay my vows to the LORD in the presence of all his people. Precious in the sight of the LORD is the death of his saints. O LORD, I am thy servant;I am thy servant, the son of thy handmaid. Thou hast loosed my bonds. I will offer to thee the sacrifice of thanksgiving and call on the name of the LORD. I will pay my vows to the LORD in the presence of all his people,",repo://C:/dev/catholicdaily-flutter/assets/rsvce.db,complete liturgical usage expansion,e13c7dd1d1ba6982bed263ea895005b6803e0b9a64ec3edb7dae484d4f0928a3,bba7d96cf94ceb482d3a8900e9fa0b3c22e4921ba6a78d2caeb5e84bfb6373ef,110
local_rsvce,local_rsvce:expanded:b42d6d348023c4bf,WORLD,,,generic,,,,"ps45:11-12,14-17","Listen to me, daughter; see and bend your ear.","Hear, O daughter, consider, and incline your ear; forget your people and your father's house; and the king will desire your beauty. Since he is your lord, bow to him;

with all kinds of wealth. The princess is decked in her chamber with gold-woven robes; in many-colored robes she is led to the king, with her virgin companions, her escort,  in her train. With joy and gladness they are led along as they enter the palace of the king. Instead of your fathers shall be your sons; you will make them princes in all the earth.",repo://C:/dev/catholicdaily-flutter/assets/rsvce.db,complete liturgical usage expansion,d08a8ddbb9a150890c23da176ab41acbe44e151b72b335672953200442e29d30,3011a3ca298d69405f1ea7c34e197e4d80c77211b31b56ea557eac4486a5faa0,110
local_rsvce,local_rsvce:expanded:b87980047c57a5fb,WORLD,,,generic,,,,"ps25:4bc-5ab,6,7bc,8-9","Remember your mercies, O Lord","Make me to know thy ways, O LORD; teach me thy paths. Lead me in thy truth, and teach me,for thou art the God of my salvation; for thee I wait all the day long.

Be mindful of thy mercy, O LORD,and of thy steadfast love, for they have been from of old.

Remember not the sins of my youth,or my transgressions;according to thy steadfast love remember me, for thy goodness' sake, O LORD!

Good and upright is the LORD; therefore he instructs sinners in the way. He leads the humble in what is right, and teaches the humble his way.",repo://C:/dev/catholicdaily-flutter/assets/rsvce.db,complete liturgical usage expansion,66e7dc89e6d85e4fe531851a787721ff1eb0fdd7f0afbd0fe0382b6282e501e6,f6dcbecf91b162803589e78fc1cb389b4ab07eaf3b564dd8ac4e8e189ae8480a,110
local_rsvce,local_rsvce:expanded:baf8398c6e1bfd6e,WORLD,,,generic,,,,jdt13:18-19,You are the highest honor of our race.,"And Uzziah said to her, ""O daughter, you are blessed by the Most High God above all women on earth; and blessed be the Lord God, who created the heavens and the earth, who has guided you to strike the head of the leader of our enemies. Your hope will never depart from the hearts of men, as they remember the power of God.",repo://C:/dev/catholicdaily-flutter/assets/rsvce.db,complete liturgical usage expansion,ade8f58e9274c74c116f2d01f713141436c8043a22152e58b489f422a9c964c3,78cc7e46099633144bba5473d9a5492cea13ab8105adb81bf185fe77aa74e654,110
local_rsvce,local_rsvce:expanded:bba65b319a934b72,WORLD,,,generic,,,,"jeremiah31:10,11-12ab,13",The Lord will guard us as a shepherd guards his flock.,"""Hear the word of the LORD, O nations, and declare it in the coastlands afar off; say, 'He who scattered Israel will gather him, and  will keep him as a shepherd keeps his flock.'

For the LORD has ransomed Jacob, and has redeemed him from hands too strong for him. They shall come and sing aloud on the height of Zion, and they shall be  radiant over the goodness of the LORD, over the grain, the wine, and the oil, and over the young of the flock and the herd; their life shall  be like a watered garden, and they shall languish no more.

Then shall the maidens rejoice in the dance, and the young men and the old shall be merry. I will turn their mourning into joy, I will comfort  them, and give them gladness for sorrow.",repo://C:/dev/catholicdaily-flutter/assets/rsvce.db,complete liturgical usage expansion,da905f1ec6849bd5a491afad4c13d0639680136766c9ff67c3c58820323f36e8,d952bdbee38cb19a47e87e251e6961ea40dda32d8679a43e693647fdc68c6640,110
local_rsvce,local_rsvce:expanded:beab3fb7c533eba7,WORLD,,,generic,,,,luke1:46-55,"Blessed are you, Virgin Mary, who bore the Son of the eternal Father.","And Mary said, ""My soul magnifies the Lord, and my spirit rejoices in God my Savior, for he has regarded the low estate of his handmaiden. For behold, henceforth all generations will call me blessed; for he who is mighty has done great things for me, and holy is his name. And his mercy is on those who fear him from generation to generation. He has shown strength with his arm, he has scattered the proud in the imagination of their hearts, he has put down the mighty from their thrones, and exalted those of low degree; he has filled the hungry with good things, and the rich he has sent empty away. He has helped his servant Israel, in remembrance of his mercy, as he spoke to our fathers, to Abraham and to his posterity for ever.""",repo://C:/dev/catholicdaily-flutter/assets/rsvce.db,complete liturgical usage expansion,803c840998597941e3b23640ab0aba1910e104e4e2f89a8caaac3156e0658309,e0c5ab15f26a0cdfdf064d4a01b53538e2c45f3c5aa3b0b9c8372d30816aa61b,110
local_rsvce,local_rsvce:expanded:c1309e914d8eb792,WORLD,,,generic,,,,"ps63:2-6,8-9","My soul is thirsting for you, O Lord my God.","O God, thou art my God, I seek thee,my soul thirsts for thee; my flesh faints for thee, as in a dry and weary land where no water is. So I have looked upon thee in the sanctuary, beholding thy power and glory. Because thy steadfast love is better than life, my lips will praise thee. So I will bless thee as long as I live; I will lift up my hands and call on thy name. My soul is feasted as with marrow and fat, and my mouth praises thee with joyful lips,

for thou hast been my help, and in the shadow of thy wings I sing for joy. My soul clings to thee; thy right hand upholds me.",repo://C:/dev/catholicdaily-flutter/assets/rsvce.db,complete liturgical usage expansion,2f626f92f7ee0e20cd6cfb6a13a0004670d3e7d7bd360f781e1934a420e08409,4d1f40d5b08eb7101a33f50446aea921494b4b5175554b421ecda9e86034ca68,110
local_rsvce,local_rsvce:expanded:c554d668e32bfa75,WORLD,,,generic,,,,"ps131:1,2-3a","In you, Lord, I have found my peace.","O LORD, my heart is not lifted up,my eyes are not raised too high;I do not occupy myself with things too great and too marvelous for me.

But I have calmed and quieted my soul,like a child quieted at its mother's breast; like a child that is quieted is my soul. O Israel, hope in the LORD from this time forth and for evermore.",repo://C:/dev/catholicdaily-flutter/assets/rsvce.db,complete liturgical usage expansion,d90b70e5b54503f7eedb477ea748fdf2fb564d35ba0bd46e3134ae7d3b2fdb96,ae5e2f009afc4e366a4cb7baac5531ef9e44b31964954f853d9f891ec5e3b009,110
local_rsvce,local_rsvce:expanded:c603bf94af5366d0,WORLD,,,generic,,,,"daniel3:82,83,84,85,86,87",Give glory and eternal praise to him.,"Bless the Lord, you sons of men, sing praise to him and highly exalt him for ever.

Bless the Lord, O Israel, sing praise to him and highly exalt him for ever.

Bless the Lord, you priests of the Lord, sing praise to him and highly exalt him for ever.

Bless the Lord, you servants of the Lord, sing praise to him and highly exalt him for ever.

Bless the Lord, spirits and souls of the righteous, sing praise to him and highly exalt him for ever.

Bless the Lord, you who are holy and humble in heart, sing praise to him and highly exalt him for ever.",repo://C:/dev/catholicdaily-flutter/assets/rsvce.db,complete liturgical usage expansion,60abd648162ffbbdbf4ea5dcc467252c62d6afbf343ad64f5d897ef95d006cef,5d5cf70642e0d7a5f9577e3a326ba08295bebe02123d3964b42fd199a72b6898,110
local_rsvce,local_rsvce:expanded:c67d46996d2789f0,WORLD,,,generic,,,,"ps17:1bcd,6-7,8b,15","When I awake, O Lord, I shall be filled with the vision of your presence","Hear a just cause, O LORD; attend to my cry! Give ear to my prayer from lips free of deceit!

I call upon thee, for thou wilt answer me, O God; incline thy ear to me, hear my words. Wondrously show thy steadfast love,O savior of those who seek refuge from their adversaries at thy right hand.

Keep me as the apple of the eye; hide me in the shadow of thy wings,

As for me, I shall behold thy face in righteousness;when I awake, I shall be satisfied with beholding thy form.",repo://C:/dev/catholicdaily-flutter/assets/rsvce.db,complete liturgical usage expansion,4042797641553440ecba12d8784922394618b9e61a4a47de9d6c3b3bf80c67a1,1e023e23055f9611e7a598151905047ad1ead24b2ebb23c116414e11ea862dec,110
local_rsvce,local_rsvce:expanded:c8434c0328153f6c,WORLD,,,generic,,,,"ps115:3-4,5-6,7ab-8,9-10","House of Israel, trust in the Lord","Our God is in the heavens; he does whatever he pleases. Their idols are silver and gold, the work of men's hands.

They have mouths, but do not speak; eyes, but do not see. They have ears, but do not hear; noses, but do not smell.

They have hands,but do not feel; feet, but do not walk; and they do not make a sound in their throat. Those who make them are like them; so are all who trust in them.

O Israel, trust in the LORD! He is their help and their shield. O house of Aaron,put your trust in the LORD! He is their help and their shield.",repo://C:/dev/catholicdaily-flutter/assets/rsvce.db,complete liturgical usage expansion,0d27bc38875efed496152d743cb566e413b37a1d1ca67a294f8dd0c2dfa5b0b0,3f6bf2ccdc6612119e3a3435921dfa26f7c97392d539fee2bf66641dacc20e9d,110
local_rsvce,local_rsvce:expanded:c932a25121877e6c,WORLD,,,generic,,,,"firstsamuel2:1,4-5,6-7,8abcd","My heart exults in the Lord, my Savior.","Hannah also prayed and said, ""My heart exults in the LORD; my strength is exalted in the LORD. My mouth derides my enemies, because I rejoice in thy salvation.

The bows of the mighty are broken, but the feeble gird on strength. Those who were full have hired themselves out for bread, but those who were hungry have ceased to hunger. The barren has borne seven, but she who has many children is forlorn.

The LORD kills and brings to life; he brings down to Sheol and raises up. The LORD makes poor and makes rich; he brings low, he also exalts.

He raises up the poor from the dust; he lifts the needy from the ash heap, to make them sit with princes and inherit a seat of honor. For the pillars of the earth are the LORDS, and on them he has set the world.",repo://C:/dev/catholicdaily-flutter/assets/rsvce.db,complete liturgical usage expansion,751b7712e1101de155390d1ce8a1ee9c77aa9feafa69e1bc553017d43ea393b5,d82bbd6cd85c1f40029bcd8ed2bf64f448aad560317ef2052937585a7523433f,110
local_rsvce,local_rsvce:expanded:ca43673dba4a5f55,WORLD,,,generic,,,,"ps145:10-13,17-18","Your friends make known, O Lord, the glorious splendor of your kingdom.","All thy works shall give thanks to thee, O LORD, and all thy saints shall bless thee! They shall speak of the glory of thy kingdom, and tell of thy power, to make known to the sons of men thy mighty deeds, and the glorious splendor of thy kingdom. Thy kingdom is an everlasting kingdom,and thy dominion endures throughout all generations. The LORD is faithful in all his words, and gracious in all his deeds.

The LORD is just in all his ways, and kind in all his doings. The LORD is near to all who call upon him, to all who call upon him in truth.",repo://C:/dev/catholicdaily-flutter/assets/rsvce.db,complete liturgical usage expansion,c560a51b62ddc6aaed18a4450f6fc22eed07e4a0e784d699c19ff0754ba82f9b,d23f5fcb76b0a5d34340e304f3d6b4d5056fa5cf469cf919b2e79801b379b90f,110
local_rsvce,local_rsvce:expanded:cb0ebfca0a302196,WORLD,,,generic,,,,ps24:7-10,Who is this king of glory? It is the Lord!,"Lift up your heads, O gates! and be lifted up, O ancient doors! that the King of glory may come in. Who is the King of glory? The LORD, strong and mighty, the LORD, mighty in battle! Lift up your heads, O gates! and be lifted up,  O ancient doors! that the King of glory may come in. Who is this King of glory? The LORD of hosts, he is the King of glory! [Selah]",repo://C:/dev/catholicdaily-flutter/assets/rsvce.db,complete liturgical usage expansion,76a850c75d6f8c6febd137197ebee656b23d19f60af9f4e814394bf97ee8a8a8,3e403d136ae3ac7f972fe973c19952cc951369a2e4b4202d0e38202959f3ca52,110
local_rsvce,local_rsvce:expanded:ce8cdf6b21c04911,WORLD,,,generic,,,,"ps71:1-2,3-4a,5-6ab,15ab+17",I will sing of your salvation.,"In thee, O LORD, do I take refuge; let me never be put to shame! In thy righteousness deliver me and rescue me; incline thy ear to me, and save me!

Be thou to me a rock of refuge, a strong fortress,  to save me, for thou art my rock and my fortress. Rescue me, O my God, from the hand of the wicked, from the grasp of the unjust and cruel man.

For thou, O Lord, art my hope, my trust, O LORD, from my youth. Upon thee I have leaned from my birth;thou art he who took me from my mother's womb. My praise is continually of thee.

My mouth will tell of thy righteous acts,of thy deeds of salvation all the day, for their number is past my knowledge. O God, from my youth thou hast taught me, and I still proclaim thy wondrous deeds.",repo://C:/dev/catholicdaily-flutter/assets/rsvce.db,complete liturgical usage expansion,5a683a76e072b514647caeeb838eeedf64af83f7354bc34a45316626a79bf101,c4d972bbc8ed10cafcba5f86c0f9333ab7bc1eede5536e67f2b8abe6634e344a,110
local_rsvce,local_rsvce:expanded:d0f8a2968a313cb0,WORLD,,,generic,,,,ps34:2-9,The Lord delivered me from all my fears.,"I will bless the LORD at all times; his praise shall continually be in my mouth. My soul makes its boast in the LORD; let the afflicted hear and be glad. O magnify the LORD with me, and let us exalt his name together! I sought the LORD, and he answered me, and delivered me from all my fears. Look to him, and be radiant; so your faces shall never be ashamed. This poor man cried, and the LORD heard him, and saved him out of all his troubles. The angel of the LORD encamps around those who fear him, and delivers them. O taste and see that the LORD is good! Happy is the man who takes refuge in him!",repo://C:/dev/catholicdaily-flutter/assets/rsvce.db,complete liturgical usage expansion,13096ff41891e49ec3ea750a2db03c02b202377630e198dbcd4c5b132f749eab,4e6377461d4a2112769bc953728408ce760c5e77c4ecbd78d34193b4692ec5c1,110
local_rsvce,local_rsvce:expanded:d2a8e48e5d569100,WORLD,,,generic,,,,"ps50:8-9,16bc-17,21+23",I will show the salvation of God to those who do right.,"I do not reprove you for your sacrifices; your burnt offerings are continually before me. I will accept no bull from your house, nor he-goat from your folds.

But to the wicked God says:""What right have you to recite my statutes, or take my covenant on your lips? For you hate discipline, and you cast my words behind you.

These things you have done and I have been silent;you thought that I was one like yourself. But now I rebuke you, and lay the charge before you. He who brings thanksgiving as his sacrifice honors me; to him who orders his way aright I will show the salvation of God!""",repo://C:/dev/catholicdaily-flutter/assets/rsvce.db,complete liturgical usage expansion,2ce0716529ef605bb7f4046e0b4f6ed0fdf1f6a2a87aa2156db96daf281d1403,428b3c651df0522c73b761b755084c772bb2405e034d450fe6126b1c2b6011d9,110
local_rsvce,local_rsvce:expanded:d8a4c685fc2a8ecd,WORLD,,,generic,,,,"ps15:1a+2-3a,3b-4ab,5","The just shall live on your holy mountain, O Lord.","O LORD, who shall sojourn in thy tent? Who shall dwell on thy holy hill? He who walks blamelessly, and does what is right, and speaks truth from his heart; who does not slander with his tongue,and does no evil to his friend, nor takes up a reproach against his neighbor;

who does not slander with his tongue,and does no evil to his friend, nor takes up a reproach against his neighbor; in whose eyes a reprobate is despised,but who honors those who fear the LORD; who swears to his own hurt and does not change;

who does not put out his money at interest,and does not take a bribe against the innocent. He who does these things shall never be moved.",repo://C:/dev/catholicdaily-flutter/assets/rsvce.db,complete liturgical usage expansion,4c16dcedc0873488fa591daf00c090562510f1c4fe04d83cbc8ceadcac52a78c,0cc983a590bac21c779963f0f2f4099c576de54046f19d1171608a3d5527a908,110
local_rsvce,local_rsvce:expanded:da1fe3ed7fc1554d,WORLD,,,generic,,,,"daniel3:62,63,64,65,66,67",Give glory and eternal praise to him.,"Bless the Lord, sun and moon, sing praise to him and highly exalt him for ever.

Bless the Lord, stars of heaven, sing praise to him and highly exalt him for ever.

Bless the Lord, all rain and dew, sing praise to him and highly exalt him for ever.

Bless the Lord, all winds, sing praise to him and highly exalt him for ever.

Bless the Lord, fire and heat, sing praise to him and highly exalt him for ever.

Bless the Lord, winter cold and summer heat, sing praise to him and highly exalt him for ever.",repo://C:/dev/catholicdaily-flutter/assets/rsvce.db,complete liturgical usage expansion,9652d1590141717d9a0fd61d11a14965f7e5caa2cbdd1a196bcba88d614701a7,078f1af45c6eedbd8e998fd5c8d80da6680a2690208eefa385c08d03ad4d6374,110
local_rsvce,local_rsvce:expanded:dd5e0a9c20c1d94d,WORLD,,,generic,,,,"isaiah38:10,11,12abcd,16","You saved my life, O Lord; I shall not die.","I said, In the noontide of my days I must depart; I am consigned to the gates of Sheol for the rest of my years.

I said, I shall not see the LORD in the land of the living; I shall look upon man no more among the inhabitants of the world.

My dwelling is plucked up and removed from me like a shepherd's tent; like a weaver I have rolled up my life; he cuts me off from the loom; from day to night thou dost bring me to an end;

O Lord, by these things men live, and in all these is the life of my spirit.  Oh, restore me to health and make me live!",repo://C:/dev/catholicdaily-flutter/assets/rsvce.db,complete liturgical usage expansion,e6321d0e158c3b41230cb4fc764cf20c445107dbf9e5370e0712b1a3d38d17cc,30e34e433deab0233b74cbfa056a0fb0a212fb32ba761f2b1f5af5027a93b36a,110
local_rsvce,local_rsvce:expanded:ddbfd015b5ceab4a,WORLD,,,generic,,,,"ps16:1b-2ab,4,5ab,8,11","Preserve me, O God, for in you I take refuge.","Preserve me, O God, for in thee I take refuge. I say to the LORD, ""Thou art my Lord; I have no good apart from thee.""

Those who choose another god multiply their sorrows; their libations of blood I will not pour out or take their names upon my lips.

The LORD is my chosen portion and my cup; thou holdest my lot.

I keep the LORD always before me;because he is at my right hand, I shall not be moved.

Thou dost show me the path of life;in thy presence there is fulness of joy, in thy right hand are pleasures for evermore.",repo://C:/dev/catholicdaily-flutter/assets/rsvce.db,complete liturgical usage expansion,14225b47ac0aabf5d9708e31e70068671766ca5a0108d1eec8522260a0d1efa0,7421d5a2da757ee4b018eb156c3fc830ea1214fe3af8c3ec85b6905d6983d2dd,110
local_rsvce,local_rsvce:expanded:df3ae878c3506945,WORLD,,,generic,,,,"ps44:10-11,14-15,24-25","Redeem us, O Lord, with your merciful love!","Yet thou hast cast us off and abased us, and hast not gone out with our armies. Thou hast made us turn back from the foe; and our enemies have gotten spoil.

Thou hast made us the taunt of our neighbors, the derision and scorn of those about us. Thou hast made us a byword among the nations, a laughingstock among the peoples.

Rouse thyself! Why sleepest thou, O Lord? Awake! Do not cast us off for ever! Why dost thou hide thy face? Why dost thou forget our affliction and oppression?",repo://C:/dev/catholicdaily-flutter/assets/rsvce.db,complete liturgical usage expansion,630e95ba19cd5cf4f5f7fb6caef8746c9fe92f62a3a72f48b432686f912d1e6a,d2cb6a99db1b273e83a76a7cd94258156b5952ebbcc1e3e07009e936af1f29e8,110
local_rsvce,local_rsvce:expanded:dfb559d3feed579a,WORLD,,,generic,,,,"tobit13:2,3-4a,6,8","Blessed be God, who lives for ever.","For he afflicts, and he shows mercy; he leads down to Hades, and brings up again, and there is no one who can escape his hand.

Acknowledge him before the nations, O sons of Israel; for he has scattered us among them.4 Make his greatness known there, and exalt him in the presence of all the living; because he is our Lord and God, he is our Father for ever.

If you turn to him with all your heart and with all your soul, to do what is true before him, then he will turn to you and will not hide his face from you. But see what he will do with you; give thanks to him with your full voice. Praise the Lord of righteousness, and exalt the King of the ages. I give him thanks in the land of my captivity, and I show his power and majesty to a nation of sinners. Turn back, you sinners, and do right before him; who knows if he will accept you and have mercy on you?

Let all men speak, and give him thanks in Jerusalem.",repo://C:/dev/catholicdaily-flutter/assets/rsvce.db,complete liturgical usage expansion,02c7eed43c7e2dedcd1cd7bfcdc97a8d427f693adb34abf50bff80b331a346d7,aafb8a049f7b4d7ec0cc572c6fcf16f0b38a8060a4bfba8b4e8dcefda89d754e,110
local_rsvce,local_rsvce:expanded:e10bddf28fddd420,WORLD,,,generic,,,,"ps2:6-7,8-9,10-11ab",You are my son. It is I who have begotten you this day.,"""I have set my king on Zion, my holy hill."" I will tell of the decree of the LORD: He said to me, ""You are my son, today I have begotten you.

Ask of me, and I will make the nations your heritage, and the ends of the earth your possession. You shall break them with a rod of iron, and dash them in pieces like a potter's vessel.""

Now therefore, O kings, be wise; be warned, O rulers of the earth. Serve the LORD with fear, with trembling",repo://C:/dev/catholicdaily-flutter/assets/rsvce.db,complete liturgical usage expansion,d354bf6861d3a3ca57134a3290dcccf787c49ed4adffd5272109ff75946b3cd6,48acdf397165371e02c5d3d44376e92566cbd8bf9e2b9fe47c15c0a5ce95d833,110
local_rsvce,local_rsvce:expanded:e7e8a3ab85641a62,WORLD,,,generic,,,,"ps96:1-3,7-8,10",Proclaim God's marvelous deeds to all the nations.,"O sing to the LORD a new song; sing to the LORD, all the earth! Sing to the LORD, bless his name; tell of his salvation from day to day. Declare his glory among the nations, his marvelous works among all the peoples!

Ascribe to the LORD, O families of the peoples, ascribe to the LORD glory and strength! Ascribe to the LORD the glory due his name; bring an offering, and come into his courts!

Say among the nations, ""The LORD reigns!Yea, the world is established, it shall never be moved; he will judge the peoples with equity.""",repo://C:/dev/catholicdaily-flutter/assets/rsvce.db,complete liturgical usage expansion,9c01e4aac2dc37307e0180433d75d56454847a9708fe12e4ca66b71064166d54,4e71d4941718dc102aef20b57059bf032dd3bb84f1ea1a9513d9ffe3653c02f9,110
local_rsvce,local_rsvce:expanded:eb7cf7255dce468e,WORLD,,,generic,,,,"ps17:1bcd,2-3,6-7","Lord, turn your ear to me; hear my words.","Hear a just cause, O LORD; attend to my cry! Give ear to my prayer from lips free of deceit!

From thee let my vindication come! Let thy eyes see the right! If thou triest my heart, if thou visitest me by night,if thou testest me, thou wilt find no wickedness in me; my mouth does not transgress.

I call upon thee, for thou wilt answer me, O God; incline thy ear to me, hear my words. Wondrously show thy steadfast love,O savior of those who seek refuge from their adversaries at thy right hand.",repo://C:/dev/catholicdaily-flutter/assets/rsvce.db,complete liturgical usage expansion,9a0bb38dae256a7c28268c42293d19ccd67f3162d89229f7cdc1e9ba42a79694,373452008b58ea5ab6679838014262f449c7aeb0360d3aedc99a6b648b006c7d,110
local_rsvce,local_rsvce:expanded:edbaff16ded957c7,WORLD,,,generic,,,,"exodus15:1bc-2,3-4,5-6",Let us sing to the Lord; he has covered himself in glory.,"Then Moses and the people of Israel sang this song to the LORD, saying, ""I will sing to the LORD, for he has triumphed gloriously; the horse and his rider he has thrown into the sea. The LORD is my strength and my song, and he has become my salvation; this is my God, and I will praise him, my father's God, and I will exalt him.

The LORD is a man of war; the LORD is his name. ""Pharaoh's chariots and his host he cast into the sea; and his picked officers are sunk in the Red Sea.

The floods cover them; they went down into the depths like a stone. Thy right hand, O LORD, glorious in power, thy right hand, O LORD, shatters the enemy.",repo://C:/dev/catholicdaily-flutter/assets/rsvce.db,complete liturgical usage expansion,899f59cfc20a54cdd327f7e6ae3ac39fa8c7b0040757ab0a67a3f047a0247043,2a9e73f0801da39b948dcc3c3fd63d4fe72f5e985c9bf3f86145dd68c1595d72,110
local_rsvce,local_rsvce:expanded:ef8b36338b62c53c,WORLD,,,generic,,,,"ps89:20,21-22,25-26",My mercy and my faithfulness shall be with him.,"Of old thou didst speak in a vision to thy faithful one,and say: ""I have set the crown upon one who is mighty, I have exalted one chosen from the people.

I have found David, my servant; with my holy oil I have anointed him; so that my hand shall ever abide with him, my arm also shall strengthen him.

My faithfulness and my steadfast love shall be with him, and in my name shall his horn be exalted. I will set his hand on the sea and his right hand on the rivers.",repo://C:/dev/catholicdaily-flutter/assets/rsvce.db,complete liturgical usage expansion,83f9ff924ec51db820e80e6314c07a42c67c06a7b8395a11676299f29fe52ef2,f17550792e1379d6ba470bfe4c2f89f07d5402b6dc53d942213b939620adeb4c,110
local_rsvce,local_rsvce:expanded:f3b8b919c0cc1d2b,WORLD,,,generic,,,,ps116:10-19,Precious in the eyes of the Lord is the death of his faithful.,"I kept my faith, even when I said, ""I am greatly afflicted""; I said in my consternation, ""Men are all a vain hope."" What shall I render to the LORD for all his bounty to me? I will lift up the cup of salvation and call on the name of the LORD, I will pay my vows to the LORD in the presence of all his people. Precious in the sight of the LORD is the death of his saints. O LORD, I am thy servant;I am thy servant, the son of thy handmaid. Thou hast loosed my bonds. I will offer to thee the sacrifice of thanksgiving and call on the name of the LORD. I will pay my vows to the LORD in the presence of all his people, in the courts of the house of the LORD,in your midst, O Jerusalem. Praise the LORD!",repo://C:/dev/catholicdaily-flutter/assets/rsvce.db,complete liturgical usage expansion,6b96d9dedee394d7ea4c5b2ab537ba4d08f6230ef1663af1b025f9524d5ad930,2c3cd03d8ec49dcb32b27d877f1c4907e15e7ca8c3f6ef701243eefa376fa46d,110
local_rsvce,local_rsvce:expanded:f4b987a7a29a71e7,WORLD,,,generic,,,,"ps31:3-4,6,8","Into your hands, O Lord, I commend my spirit.","Incline thy ear to me, rescue me speedily!Be thou a rock of refuge for me, a strong fortress to save me! Yea, thou art my rock and my fortress; for thy name's sake lead me and guide me,

Into thy hand I commit my spirit;thou hast redeemed me, O LORD, faithful God.

I will rejoice and be glad for thy steadfast love,because thou hast seen my affliction, thou hast taken heed of my adversities,",repo://C:/dev/catholicdaily-flutter/assets/rsvce.db,complete liturgical usage expansion,afaae2dd65ec52ac739b758738cecbd59a8427d7b971fe09f69f7158f4ef6b3a,7220225ba91aa3a79ead704202782e06e874a2665792c35c158796594ae66325,110
local_rsvce,local_rsvce:expanded:fd798836a98af69e,WORLD,,,generic,,,,ps19:2-5,Their message goes out through all the earth.,"The heavens are telling the glory of God; and the firmament proclaims his handiwork. Day to day pours forth speech, and night to night declares knowledge. There is no speech,nor are there words; their voice is not heard; yet their voice goes out through all the earth,and their words to the end of the world. In them he has set a tent for the sun,",repo://C:/dev/catholicdaily-flutter/assets/rsvce.db,complete liturgical usage expansion,5ae19c78b34789a26235db245a4da3019e83402d79e707dadb8cdc0ac40e12f5,41820aa053278cb86f438f010d7fc4213fc38585f973e6df5c3207d902f98843,110
local_rsvce,local_rsvce:expanded:fe5e0ed01660879a,WORLD,,,generic,,,,ps126:1-6,Those who sow in tears shall reap rejoicing.,"When the LORD restored the fortunes of Zion,  we were like those who dream. Then our mouth was filled with laughter,and our tongue with shouts of joy;then they said among the nations, ""The LORD has done great things for them."" The LORD has done great things for us; we are glad. Restore our fortunes, O LORD, like the watercourses in the Negeb! May those who sow in tears reap with shouts of joy! He that goes forth weeping,bearing the seed for sowing,shall come home with shouts of joy, bringing his sheaves with him.",repo://C:/dev/catholicdaily-flutter/assets/rsvce.db,complete liturgical usage expansion,8c1d669955d0f42ca9bbd1c221716b9c349193a7a345fb8f33e4ee2fba58e5e3,2516ce23fc746ff73bae234f72401e1c19a03c37f2da8270bc53f1a121c0e2b5,110
local_rsvce,luke1_46_47_48_49_50_51_52_53_54_55,WORLD,,,generic,,,,"luke1:46-47,48-49,50-51,52-53,54-55","He who is mighty has done great things for me, and holy is his name.","And Mary said, ""My soul magnifies the Lord, and my spirit rejoices in God my Savior,

for he has regarded the low estate of his handmaiden. For behold, henceforth all generations will call me blessed; for he who is mighty has done great things for me, and holy is his name.

And his mercy is on those who fear him from generation to generation. He has shown strength with his arm, he has scattered the proud in the imagination of their hearts,

he has put down the mighty from their thrones, and exalted those of low degree; he has filled the hungry with good things, and the rich he has sent empty away.

He has helped his servant Israel, in remembrance of his mercy, as he spoke to our fathers, to Abraham and to his posterity for ever.""",repo://assets/rsvce.db,,b7b15c01c5291c2df88478ea9ca356ce9f8bceda267e442eed7f424b5c851525,38523a1c1be1fd0365e3713dca0f3781b09d4bf2fe360e14f0878ec7d804cd12,100
local_rsvce,luke1_46_47_48_49_50_53_54_55,WORLD,,,generic,,,,"luke1:46-47,48-49,50,53,54-55",The Lord has remembered his mercy.,"And Mary said, ""My soul magnifies the Lord, and my spirit rejoices in God my Savior,

for he has regarded the low estate of his handmaiden. For behold, henceforth all generations will call me blessed; for he who is mighty has done great things for me, and holy is his name.

And his mercy is on those who fear him from generation to generation.

he has filled the hungry with good things, and the rich he has sent empty away.

He has helped his servant Israel, in remembrance of his mercy, as he spoke to our fathers, to Abraham and to his posterity for ever.""",repo://assets/rsvce.db,,a2dfc90164391f8db108e26fb2a5341a3438c3ccfe082afc8f611498f828fc61,100372888e94e9fc58a48f40892361509a985d2d53c4bd624851e5806e7fad9f,100
local_rsvce,luke1_46_48_49_50_53_54,WORLD,,,generic,,,,"luke1:46-48,49-50,53-54",(Isaiah 61:10b) My soul rejoices in my God.,"And Mary said, ""My soul magnifies the Lord, and my spirit rejoices in God my Savior, for he has regarded the low estate of his handmaiden. For behold, henceforth all generations will call me blessed;

for he who is mighty has done great things for me, and holy is his name. And his mercy is on those who fear him from generation to generation.

he has filled the hungry with good things, and the rich he has sent empty away. He has helped his servant Israel, in remembrance of his mercy,",repo://assets/rsvce.db,,1060d7024e767ad41924b3472d8ed61034fd248deaf6d7a9c04991d4424018a3,ce0260f6d8bfbd570ba146937a6f8d24a6f29ce96ed9d2df04db64bb360d333d,100
local_rsvce,luke1_69_70_71_72_73_75,WORLD,,,generic,,,,"luke1:69-70,71-72,73-75","Blessed be the Lord GOD of Israel, for he has visited his people.","and has raised up a horn of salvation for us in the house of his servant David, as he spoke by the mouth of his holy prophets from of old,

that we should be saved from our enemies, and from the hand of all who hate us; to perform the mercy promised to our fathers, and to remember his holy covenant,

the oath which he swore to our father Abraham, to grant us that we, being delivered from the hand of our enemies, might serve him without fear, in holiness and righteousness before him all the days of our life.",repo://assets/rsvce.db,,dd9118f0eb219ec865226695ee95ac1017caa4a8ecfe72e00fdb760c5b806503,d60cbe2d6c3dcb4c958baefec206876cb8e1ec09ed0b905527ebc03f0845e77d,100
local_rsvce,luke1_69_70_72_73_75,WORLD,,,generic,,,,"luke1:69,70-72,73-75",Blessed be the Lord the God of Israel; he has come to his people.,"and has raised up a horn of salvation for us in the house of his servant David,

as he spoke by the mouth of his holy prophets from of old, that we should be saved from our enemies, and from the hand of all who hate us; to perform the mercy promised to our fathers, and to remember his holy covenant,

the oath which he swore to our father Abraham, to grant us that we, being delivered from the hand of our enemies, might serve him without fear, in holiness and righteousness before him all the days of our life.",repo://assets/rsvce.db,,29763cf8fc4d58428befdae63c059d699b48dede78c7e7fd68bd4d493daec4a9,1d92fab801543a650319fba16749e0deb76d84ee271e0032e2e8110440d746f1,100
local_rsvce,ps100_1_2_3_4_5,WORLD,,,generic,,,,"ps100:1-2,3,4,5",Let all the earth cry out with joy.,"Make a joyful noise to the LORD, all the lands! Serve the LORD with gladness! Come into his presence with singing!

Know that the LORD is God!It is he that made us, and we are his;  we are his people, and the sheep of his pasture.

Enter his gates with thanksgiving,and his courts with praise! Give thanks to him, bless his name!

For the LORD is good; his steadfast love endures for ever, and his faithfulness to all generations.",repo://assets/rsvce.db,,93679d190e2f6eea5a43e5a243bf1daf722c9ba1b86033e92f04726079270c9f,0fa3522b8f1efe10633a638bac5ac2912c0946f6cf464bbd94b92fbb605fc3b8,100
local_rsvce,ps100_1_2_3_5,WORLD,,,generic,,,,"ps100:1-2,3,5","(3c) We are his people, the sheep of his flock.","Make a joyful noise to the LORD, all the lands! Serve the LORD with gladness! Come into his presence with singing!

Know that the LORD is God!It is he that made us, and we are his;  we are his people, and the sheep of his pasture.

For the LORD is good; his steadfast love endures for ever, and his faithfulness to all generations.",repo://assets/rsvce.db,,1f5199c9e6aa9723d84b5df17dc4afcf198eddf3ba075307da7a24a97814adfa,fc8002b9b8435be5d4d8e4c0574d9cf784ab29defe6b54dfb52e1938f55f173a,100
local_rsvce,ps100_1b_2_3_4_5,WORLD,,,generic,,,,"ps100:1b-2,3,4,5","Come before the Lord, singing for joy","Make a joyful noise to the LORD, all the lands! Serve the LORD with gladness! Come into his presence with singing!

Know that the LORD is God!It is he that made us, and we are his;  we are his people, and the sheep of his pasture.

Enter his gates with thanksgiving,and his courts with praise! Give thanks to him, bless his name!

For the LORD is good; his steadfast love endures for ever, and his faithfulness to all generations.",repo://assets/rsvce.db,,2df4496d9cdba63d0918e6037757964afab5111620e3926fb603ce538b61db12,a2806981793301ed9d76e6de8db3cb2d8e4d0fbb74525ddd57ffe7f79436a039,100
local_rsvce,ps101_1_2ab_2cd_3ab_5_6,WORLD,,,generic,,,,"ps101:1-2ab,2cd-3ab,5,6",I will walk with blameless heart.,"I will sing of loyalty and of justice; to thee, O LORD, I will sing. I will give heed to the way that is blameless.Oh when wilt thou come to me? I will walk with integrity of heart within my house;

I will give heed to the way that is blameless.Oh when wilt thou come to me? I will walk with integrity of heart within my house; I will not set before my eyes anything that is base.I hate the work of those who fall away; it shall not cleave to me.

Him who slanders his neighbor secretly I will destroy. The man of haughty looks and arrogant heart I will not endure.

I will look with favor on the faithful in the land,that they may dwell with me; he who walks in the way that is blameless shall minister to me.",repo://assets/rsvce.db,,44e5a4a84badba3fb50f7d0959fe94c8446f72db1b9ff84849c035484f6e8cdf,93cc3defbcda5228f6d6b26827e4096c81d41e1d61de5f05a43b12588dd197f1,100
local_rsvce,ps101_1b_2ab_2cd_3ab_5_6,WORLD,,,generic,,,,"ps101:1b-2ab,2cd-3ab,5,6",I will walk with blameless heart.,"I will sing of loyalty and of justice; to thee, O LORD, I will sing. I will give heed to the way that is blameless.Oh when wilt thou come to me? I will walk with integrity of heart within my house;

I will give heed to the way that is blameless.Oh when wilt thou come to me? I will walk with integrity of heart within my house; I will not set before my eyes anything that is base.I hate the work of those who fall away; it shall not cleave to me.

Him who slanders his neighbor secretly I will destroy. The man of haughty looks and arrogant heart I will not endure.

I will look with favor on the faithful in the land,that they may dwell with me; he who walks in the way that is blameless shall minister to me.",repo://assets/rsvce.db,,44e5a4a84badba3fb50f7d0959fe94c8446f72db1b9ff84849c035484f6e8cdf,93cc3defbcda5228f6d6b26827e4096c81d41e1d61de5f05a43b12588dd197f1,100
local_rsvce,ps102_12_14_15_17_18_20,WORLD,,,generic,,,,"ps102:12-14,15-17,18-20",From heaven the Lord looks down on the earth.,"My days are like an evening shadow; I wither away like grass. But thou, O LORD, art enthroned for ever; thy name endures to all generations. Thou wilt arise and have pity on Zion; it is the time to favor her; the appointed time has come.

For thy servants hold her stones dear, and have pity on her dust. The nations will fear the name of the LORD, and all the kings of the earth thy glory. For the LORD will build up Zion, he will appear in his glory;

he will regard the prayer of the destitute, and will not despise their supplication. Let this be recorded for a generation to come, so that a people yet unborn may praise the LORD: that he looked down from his holy height, from heaven the LORD looked at the earth,",repo://assets/rsvce.db,,a7493bac224d97c3872902a3033a1ec8e5984ed1e3c01e04984abb5d77fc5766,e498b1933ca5d679e1f003332a4feab8dd104cc02c2fd494ea8a7a9ef58a16a8,100
local_rsvce,ps102_13_14ab_15_16_18_19_21,WORLD,,,generic,,,,"ps102:13-14ab,15,16-18,19-21",The Lord looked down from heaven to the earth.,"But thou, O LORD, art enthroned for ever; thy name endures to all generations. Thou wilt arise and have pity on Zion; it is the time to favor her; the appointed time has come.

For thy servants hold her stones dear, and have pity on her dust.

The nations will fear the name of the LORD, and all the kings of the earth thy glory. For the LORD will build up Zion, he will appear in his glory; he will regard the prayer of the destitute, and will not despise their supplication.

Let this be recorded for a generation to come, so that a people yet unborn may praise the LORD: that he looked down from his holy height, from heaven the LORD looked at the earth, to hear the groans of the prisoners, to set free those who were doomed to die;",repo://assets/rsvce.db,,b2b2f7ba9307eea99ed338f7691454481b1d80a906fb59a1f2bcba617292c719,43b43c4c455b6017bb71b654e4f5d3fc51205584df679394445288ef82b5f675,100
local_rsvce,ps102_15_17_18_20_28_21_22,WORLD,,,generic,,,,"ps102:15-17,18-20,28+21-22","The Lord will build up Zion again,","For thy servants hold her stones dear, and have pity on her dust. The nations will fear the name of the LORD, and all the kings of the earth thy glory. For the LORD will build up Zion, he will appear in his glory;

he will regard the prayer of the destitute, and will not despise their supplication. Let this be recorded for a generation to come, so that a people yet unborn may praise the LORD: that he looked down from his holy height, from heaven the LORD looked at the earth,

but thou art the same, and thy years have no end. to hear the groans of the prisoners, to set free those who were doomed to die; that men may declare in Zion the name of the LORD, and in Jerusalem his praise,",repo://assets/rsvce.db,,a3836bec4a269c277cbf3ef72be9fd4dc75dd2d11ddae858c371e8d7c1a6621b,2cc5eb853a46f2bef7b99a85793aa7a6c0c22fe97f0ff5cda0eae1f4c7fefdb6,100
local_rsvce,ps102_16_18_19_21_22_23,WORLD,,,generic,,,,"ps102:16-18,19-21,22-23","The Lord shall build up Sion, He will appear in all his glory.","The nations will fear the name of the LORD, and all the kings of the earth thy glory. For the LORD will build up Zion, he will appear in his glory; he will regard the prayer of the destitute, and will not despise their supplication.

Let this be recorded for a generation to come, so that a people yet unborn may praise the LORD: that he looked down from his holy height, from heaven the LORD looked at the earth, to hear the groans of the prisoners, to set free those who were doomed to die;

that men may declare in Zion the name of the LORD, and in Jerusalem his praise, when peoples gather together, and kingdoms, to worship the LORD.",repo://assets/rsvce.db,,cf40b298a74ff68039b30b4351ae744b2370d822c96733cd10b11449b8e8c5ef,052b57d37e838553c23ebe67e195df2f47f3ef2cdad957a6bb0be24b6f4c9b26,100
local_rsvce,ps102_16_18_19_21_29_22_23,WORLD,,,generic,,,,"ps102:16-18,19-21,29,22-23","To you, Lord, I will offer a sacrifice of praise.","The nations will fear the name of the LORD, and all the kings of the earth thy glory. For the LORD will build up Zion, he will appear in his glory; he will regard the prayer of the destitute, and will not despise their supplication.

Let this be recorded for a generation to come, so that a people yet unborn may praise the LORD: that he looked down from his holy height, from heaven the LORD looked at the earth, to hear the groans of the prisoners, to set free those who were doomed to die;

The children of thy servants shall dwell secure; their posterity shall be established before thee.

that men may declare in Zion the name of the LORD, and in Jerusalem his praise, when peoples gather together, and kingdoms, to worship the LORD.",repo://assets/rsvce.db,,d15fe1a8cfc0205af37afd1a6c1570f461891d56a96753974de0a250b6627bd2,c99cf3a2e9cc92deb2034b9da3ddd77178934b12ec1554b9f1d281c9bcea1f77,100
local_rsvce,ps102_1_2_15_17_18_20,WORLD,,,generic,,,,"ps102:1-2,15-17,18-20","O Lord, hear my prayer,","Hear my prayer, O LORD; let my cry come to thee! Do not hide thy face from me in the day of my distress!Incline thy ear to me; answer me speedily in the day when I call!

For thy servants hold her stones dear, and have pity on her dust. The nations will fear the name of the LORD, and all the kings of the earth thy glory. For the LORD will build up Zion, he will appear in his glory;

he will regard the prayer of the destitute, and will not despise their supplication. Let this be recorded for a generation to come, so that a people yet unborn may praise the LORD: that he looked down from his holy height, from heaven the LORD looked at the earth,",repo://assets/rsvce.db,,51749e3ade48544fee82e1ae9746224b506dc5f89d072d2b8d3fc100ef8b5dac,b11924303926a68cf9cfad43377ac796c901b0c773643bcf1fa9fb7ea36e607a,100
local_rsvce,ps102_2_3_16_18_19_21,WORLD,,,generic,,,,"ps102:2-3,16-18,19-21","O Lord, hear my prayer, and let my cry come to you.","Hear my prayer, O LORD; let my cry come to thee! Do not hide thy face from me in the day of my distress!Incline thy ear to me; answer me speedily in the day when I call!

The nations will fear the name of the LORD, and all the kings of the earth thy glory. For the LORD will build up Zion, he will appear in his glory; he will regard the prayer of the destitute, and will not despise their supplication.

Let this be recorded for a generation to come, so that a people yet unborn may praise the LORD: that he looked down from his holy height, from heaven the LORD looked at the earth, to hear the groans of the prisoners, to set free those who were doomed to die;",repo://assets/rsvce.db,,b2056fc5e7dcee3e17852f2d302a0d9409062d370f2301340a51343b6c69c18d,98cc6d87e20cba43249f7d33615eed94faccf7199488d9316e589fa2346c9c96,100
local_rsvce,ps103_13_14_15_16_17_18,WORLD,,,generic,,,,"ps103:13-14,15-16,17-18",The Lord's kindness is everlasting to those who fear him.,"As a father pities his children, so the LORD pities those who fear him. For he knows our frame; he remembers that we are dust.

As for man, his days are like grass; he flourishes like a flower of the field; for the wind passes over it, and it is gone, and its place knows it no more.

But the steadfast love of the LORDis from everlasting to everlasting upon those who fear him, and his righteousness to children's children, to those who keep his covenant and remember to do his commandments.",repo://assets/rsvce.db,,b7c516986fb29dd2914bca765e8430c85a405f27a5d3e4d16ba48e03539f5fff,9497d817d4e589491548e749f9f8eb7518cc1e3942e93e7d56015a48e0da3167,100
local_rsvce,ps103_1_2_11_12_19_20,WORLD,,,generic,,,,"ps103:1-2,11-12,19-20",(19a) The Lord has set his throne in heaven.,"Bless the LORD, O my soul; and all that is within me, bless his holy name! Bless the LORD, O my soul, and forget not all his benefits,

For as the heavens are high above the earth, so great is his steadfast love toward those who fear him; as far as the east is from the west, so far does he remove our transgressions from us.

The LORD has established his throne in the heavens, and his kingdom rules over all. Bless the LORD, O you his angels,you mighty ones who do his word, hearkening to the voice of his word!",repo://assets/rsvce.db,,8ced2a3aec4ed9298d68ede84e0b35a037f797435e7e5b0f34d98e777158070f,29c0ff917e9e624b99528d4547452ebbe71832db340dc25acb38122a0cdfeb55,100
local_rsvce,ps103_1_2_11_12_19_20ab,WORLD,,,generic,,,,"ps103:1-2,11-12,19-20ab",The Lord has set his throne in heaven.,"Bless the LORD, O my soul; and all that is within me, bless his holy name! Bless the LORD, O my soul, and forget not all his benefits,

For as the heavens are high above the earth, so great is his steadfast love toward those who fear him; as far as the east is from the west, so far does he remove our transgressions from us.

The LORD has established his throne in the heavens, and his kingdom rules over all. Bless the LORD, O you his angels,you mighty ones who do his word, hearkening to the voice of his word!",repo://assets/rsvce.db,,9f5030f78e54f71b579f483cb6b6abe39ca22b53d06cf83016fcaae01405672e,204e51e6b514420778900b8a88ef57fc406c017eddf2fb780e66c5b4ea8b16a0,100
local_rsvce,ps103_1_2_13_14_17_18a,WORLD,,,generic,,,,"ps103:1-2,13-14,17-18a",The Lord's kindness is everlasting,"Bless the LORD, O my soul; and all that is within me, bless his holy name! Bless the LORD, O my soul, and forget not all his benefits,

As a father pities his children, so the LORD pities those who fear him. For he knows our frame; he remembers that we are dust.

But the steadfast love of the LORDis from everlasting to everlasting upon those who fear him, and his righteousness to children's children, to those who keep his covenant and remember to do his commandments.",repo://assets/rsvce.db,,560bab6865ecf989daa8071051f2244d74453fb8ebe26b4a55dda8d3efc000d7,b89b7feae657af2b482d69cd0fb1ef6e6c69b0ef8e644346b248eb19f8437281,100
local_rsvce,ps103_1_2_3_4_6_7,WORLD,,,generic,,,,"ps103:1-2,3-4,6-7",The Lord is kind and merciful.,"Bless the LORD, O my soul; and all that is within me, bless his holy name! Bless the LORD, O my soul, and forget not all his benefits,

who forgives all your iniquity, who heals all your diseases, who redeems your life from the Pit, who crowns you with steadfast love and mercy,

The LORD works vindication and justice for all who are oppressed. He made known his ways to Moses, his acts to the people of Israel.",repo://assets/rsvce.db,,cc0c5c9ece49daf7bfd9face013aac70f4affbd24bfd5018e57604b6a6a5e5b6,7742143a9b166d0917d0e06445e71d8b8057f072e080bf0cd3ee1213cdd06b2f,100
local_rsvce,ps103_1_2_3_4_6_7_8_10,WORLD,,,generic,,,,"ps103:1-2,3-4,6-7,8,10",The Lord's kindness is everlasting to those who fear him.,"Bless the LORD, O my soul; and all that is within me, bless his holy name! Bless the LORD, O my soul, and forget not all his benefits,

who forgives all your iniquity, who heals all your diseases, who redeems your life from the Pit, who crowns you with steadfast love and mercy,

The LORD works vindication and justice for all who are oppressed. He made known his ways to Moses, his acts to the people of Israel.

The LORD is merciful and gracious, slow to anger and abounding in steadfast love.

He does not deal with us according to our sins, nor requite us according to our iniquities.",repo://assets/rsvce.db,,d5574b8ba3144df1ec3e268ecc01d3d3f4548e1718f37f728a92173b2882132a,faa19f6ee56653cbc3da6896ce677a6f92da2df7ae724542d3f29d5c5dc3a790,100
local_rsvce,ps103_1_2_3_4_6_7_8_11,WORLD,,,generic,,,,"ps103:1-2,3-4,6-7,8,11",(8a) The Lord is kind and merciful.,"Bless the LORD, O my soul; and all that is within me, bless his holy name! Bless the LORD, O my soul, and forget not all his benefits,

who forgives all your iniquity, who heals all your diseases, who redeems your life from the Pit, who crowns you with steadfast love and mercy,

The LORD works vindication and justice for all who are oppressed. He made known his ways to Moses, his acts to the people of Israel.

The LORD is merciful and gracious, slow to anger and abounding in steadfast love.

For as the heavens are high above the earth, so great is his steadfast love toward those who fear him;",repo://assets/rsvce.db,,f31489637f7887fcb4171f59ce836d2c1bfd74abf3e98c53ed56d826044f45fa,8c55b68b741ae00194133e030c4fbc32a647fad0e29ff80c5c7ed9583e4d34f4,100
local_rsvce,ps103_1_2_3_4_8_10,WORLD,,,generic,,,,"ps103:1-2,3-4,8+10","O bless the Lord, my soul!","Bless the LORD, O my soul; and all that is within me, bless his holy name! Bless the LORD, O my soul, and forget not all his benefits,

who forgives all your iniquity, who heals all your diseases, who redeems your life from the Pit, who crowns you with steadfast love and mercy,

The LORD is merciful and gracious, slow to anger and abounding in steadfast love. He does not deal with us according to our sins, nor requite us according to our iniquities.",repo://assets/rsvce.db,,fdb841158609956892eb6f52fa749eb08c0cf7f33ee94c19b5c30bca09cdbbd7,bd32835a9d6654b3219b60e13544f79d497502b9949bbc991e5f1c552fc04661,100
local_rsvce,ps103_1_2_3_4_8_10_12_13,WORLD,,,generic,,,,"ps103:1-2,3-4,8,10,12-13",(8a) The Lord is kind and merciful.,"Bless the LORD, O my soul; and all that is within me, bless his holy name! Bless the LORD, O my soul, and forget not all his benefits,

who forgives all your iniquity, who heals all your diseases, who redeems your life from the Pit, who crowns you with steadfast love and mercy,

The LORD is merciful and gracious, slow to anger and abounding in steadfast love.

He does not deal with us according to our sins, nor requite us according to our iniquities.

as far as the east is from the west, so far does he remove our transgressions from us. As a father pities his children, so the LORD pities those who fear him.",repo://assets/rsvce.db,,71708961763acbe3921161b41796e28fd824427127346db8d34830375301c754,b77aab11a45faa54c7956d3dfced5f8aa8ff27b5d89854dae991e4bcde02c50b,100
local_rsvce,ps103_1_2_3_4_8_10__alias_6ad181591454,WORLD,,,generic,,,,"ps103:1-2,3-4,8,10","O bless the Lord, my soul!","Bless the LORD, O my soul; and all that is within me, bless his holy name! Bless the LORD, O my soul, and forget not all his benefits,

who forgives all your iniquity, who heals all your diseases, who redeems your life from the Pit, who crowns you with steadfast love and mercy,

The LORD is merciful and gracious, slow to anger and abounding in steadfast love. He does not deal with us according to our sins, nor requite us according to our iniquities.",repo://assets/rsvce.db,,fdb841158609956892eb6f52fa749eb08c0cf7f33ee94c19b5c30bca09cdbbd7,bd32835a9d6654b3219b60e13544f79d497502b9949bbc991e5f1c552fc04661,100
local_rsvce,ps103_1_2_3_4_8_9_10_11,WORLD,,,generic,,,,"ps103:1-2,3-4,8-9,10-11",The Lord is kind and merciful.,"Bless the LORD, O my soul; and all that is within me, bless his holy name! Bless the LORD, O my soul, and forget not all his benefits,

who forgives all your iniquity, who heals all your diseases, who redeems your life from the Pit, who crowns you with steadfast love and mercy,

The LORD is merciful and gracious, slow to anger and abounding in steadfast love. He will not always chide, nor will he keep his anger for ever.

He does not deal with us according to our sins, nor requite us according to our iniquities. For as the heavens are high above the earth, so great is his steadfast love toward those who fear him;",repo://assets/rsvce.db,,0ed90d91018e8f3ef1eab01f7a79582742e337113c5dcd5643baa2ee35990fef,82e0ae693d2a2e302cabefc2b3bfd1b96a1147885b0c9897feb97186c0b5e2a4,100
local_rsvce,ps103_1_2_3_4_8_9_11_12,WORLD,,,generic,,,,"ps103:1-2,3-4,8-9,11-12",The Lord is kind and merciful.,"Bless the LORD, O my soul; and all that is within me, bless his holy name! Bless the LORD, O my soul, and forget not all his benefits,

who forgives all your iniquity, who heals all your diseases, who redeems your life from the Pit, who crowns you with steadfast love and mercy,

The LORD is merciful and gracious, slow to anger and abounding in steadfast love. He will not always chide, nor will he keep his anger for ever.

For as the heavens are high above the earth, so great is his steadfast love toward those who fear him; as far as the east is from the west, so far does he remove our transgressions from us.",repo://assets/rsvce.db,,03d9215a207aa126f97d9a947474dce20ae002f6134d926f8e361d01b919ec7d,226cd658e452bf26878273c6066bfaf54e85268930249e60bacdd70e555baac9,100
local_rsvce,ps103_1_2_3_4_9_10_11_12,WORLD,,,generic,,,,"ps103:1-2,3-4,9-10,11-12","(8) The Lord is kind and merciful, slow to anger, and rich","Bless the LORD, O my soul; and all that is within me, bless his holy name! Bless the LORD, O my soul, and forget not all his benefits,

who forgives all your iniquity, who heals all your diseases, who redeems your life from the Pit, who crowns you with steadfast love and mercy,

He will not always chide, nor will he keep his anger for ever. He does not deal with us according to our sins, nor requite us according to our iniquities.

For as the heavens are high above the earth, so great is his steadfast love toward those who fear him; as far as the east is from the west, so far does he remove our transgressions from us.",repo://assets/rsvce.db,,0f9228e5a7ed9e5498974a5fed6743ce30fcedcc93d8c5dd7b703d6363d4117a,30fca3df9a3c86fdc8e65b8c5d5edd7092423eed517b1caa38e2c53aa3cc5d77,100
local_rsvce,ps103_1b_2_3_4_6_7,WORLD,,,generic,,,,"ps103:1b-2,3-4,6-7",The Lord is compassionate and gracious.,"Bless the LORD, O my soul; and all that is within me, bless his holy name! Bless the LORD, O my soul, and forget not all his benefits,

who forgives all your iniquity, who heals all your diseases, who redeems your life from the Pit, who crowns you with steadfast love and mercy,

The LORD works vindication and justice for all who are oppressed. He made known his ways to Moses, his acts to the people of Israel.",repo://assets/rsvce.db,,d39f26dfb896c9976e339bbb9f6f0e51a47fe7e09e54951e35b1dbb5685e25be,06e78bf614b5c72953834fdee9b0ef031e737346e081a1650f63e6d545b7da43,100
local_rsvce,ps103_1b_2_3_4_8_9_10_11,WORLD,,,generic,,,,"ps103:1b-2,3-4,8-9,10-11",The Lord is compassionate and gracious,"Bless the LORD, O my soul; and all that is within me, bless his holy name! Bless the LORD, O my soul, and forget not all his benefits,

who forgives all your iniquity, who heals all your diseases, who redeems your life from the Pit, who crowns you with steadfast love and mercy,

The LORD is merciful and gracious, slow to anger and abounding in steadfast love. He will not always chide, nor will he keep his anger for ever.

He does not deal with us according to our sins, nor requite us according to our iniquities. For as the heavens are high above the earth, so great is his steadfast love toward those who fear him;",repo://assets/rsvce.db,,2a41404ca63d3675817d0fd5203ecc6c469ce6562eefd44e7d0671920383df82,0580ce018bab24a167f207fd58f2e4086f3d2bd57d69ebc043ad718584f7a66d,100
local_rsvce,ps103_6_7_8_9_10_11_12_13,WORLD,,,generic,,,,"ps103:6-7,8-9,10-11,12-13",The Lord is kind and merciful.,"The LORD works vindication and justice for all who are oppressed. He made known his ways to Moses, his acts to the people of Israel.

The LORD is merciful and gracious, slow to anger and abounding in steadfast love. He will not always chide, nor will he keep his anger for ever.

He does not deal with us according to our sins, nor requite us according to our iniquities. For as the heavens are high above the earth, so great is his steadfast love toward those who fear him;

as far as the east is from the west, so far does he remove our transgressions from us. As a father pities his children, so the LORD pities those who fear him.",repo://assets/rsvce.db,,3cbef448a340817f97db189010d249b572be739cae5b6dd082c25aa977893d01,cca5d1ea011ad20de0fcec837872f181a7a16c1e112b0ffd71965787b104bc8a,100
local_rsvce,ps103_8_10_13_14_15_16_17_18,WORLD,,,generic,,,,"ps103:8+10,13-14,15-16,17-18",The Lord is kind and merciful.,"The LORD is merciful and gracious, slow to anger and abounding in steadfast love. He does not deal with us according to our sins, nor requite us according to our iniquities.

As a father pities his children, so the LORD pities those who fear him. For he knows our frame; he remembers that we are dust.

As for man, his days are like grass; he flourishes like a flower of the field; for the wind passes over it, and it is gone, and its place knows it no more.

But the steadfast love of the LORDis from everlasting to everlasting upon those who fear him, and his righteousness to children's children, to those who keep his covenant and remember to do his commandments.",repo://assets/rsvce.db,,c5df514b0cc4cff78cd069554895f3467b11644f832c060bf892c650c08b7192,70963b6e681325c90dead346c566f56b391f38a2646d8a2f40905e254039e2fc,100
local_rsvce,ps104_1_24_29_30_31_34,WORLD,,,generic,,,,"ps104:1,24,29-30,31,34","(1a and 9a) The Lord is king, the most high over all the earth.","Bless the LORD, O my soul! O LORD my God,thou art very great! Thou art clothed with honor and majesty,

O LORD, how manifold are thy works!In wisdom hast thou made them all; the earth is full of thy creatures.

When thou hidest thy face,they are dismayed;when thou takest away their breath, they die and return to their dust. When thou sendest forth thy Spirit, they are created; and thou renewest the face of the ground.

May the glory of the LORD endure for ever, may the LORD rejoice in his works,

May my meditation be pleasing to him, for I rejoice in the LORD.",repo://assets/rsvce.db,,24457254eda3b314fffde175cca9e9216d2e0660186f7b58b50ffcb036d5c457,a964a6978b0409c52bd5b09b6b4e865d0a745780ca1b73215ec3c02ff2f2f9cb,100
local_rsvce,ps104_1_2a_24_35c_27_28_29bc_30,WORLD,,,generic,,,,"ps104:1-2a,24,35c,27-28,29bc-30","Lord, send forth your Spirit, and renew the face of the earth.","Bless the LORD, O my soul! O LORD my God,thou art very great! Thou art clothed with honor and majesty, who coverest thyself with light as with a garment, who hast stretched out the heavens like a tent,

O LORD, how manifold are thy works!In wisdom hast thou made them all; the earth is full of thy creatures.

Let sinners be consumed from the earth,and let the wicked be no more! Bless the LORD, O my soul! Praise the LORD!

These all look to thee, to give them their food in due season. When thou givest to them,they gather it up;when thou openest thy hand, they are filled with good things.

When thou hidest thy face,they are dismayed;when thou takest away their breath, they die and return to their dust. When thou sendest forth thy Spirit, they are created; and thou renewest the face of the ground.",repo://assets/rsvce.db,,87d80cd0c9030d214a0037a164b4bbb11121942f9a6648fcf94bd8653ae20518,f11812405178be945ae4b9c018d82ef0761fc0265553d599a8b3c3221812953a,100
local_rsvce,ps104_1_2a_27_28_29bc_30,WORLD,,,generic,,,,"ps104:1-2a,27-28,29bc-30","O bless the Lord, my soul!","Bless the LORD, O my soul! O LORD my God,thou art very great! Thou art clothed with honor and majesty, who coverest thyself with light as with a garment, who hast stretched out the heavens like a tent,

These all look to thee, to give them their food in due season. When thou givest to them,they gather it up;when thou openest thy hand, they are filled with good things.

When thou hidest thy face,they are dismayed;when thou takest away their breath, they die and return to their dust. When thou sendest forth thy Spirit, they are created; and thou renewest the face of the ground.",repo://assets/rsvce.db,,8bf9d910ac592618793aaf4aaffa935d89f9b011fac3abf5d621b78cb85764b4,266f52fcd5e1d9f9d33a7117b4bfcc5d334cd14a72f8f75810b63b0f2ae93fb7,100
local_rsvce,ps104_1_2a_5_6_10_12_13_14_24_35c,WORLD,,,generic,,,,"ps104:1-2a,5-6,10,12,13-14,24,35c","Lord, send forth your Spirit, and renew the face of the earth.","Bless the LORD, O my soul! O LORD my God,thou art very great! Thou art clothed with honor and majesty, who coverest thyself with light as with a garment, who hast stretched out the heavens like a tent,

Thou didst set the earth on its foundations, so that it should never be shaken. Thou didst cover it with the deep as with a garment; the waters stood above the mountains.

Thou makest springs gush forth in the valleys; they flow between the hills,

By them the birds of the air have their habitation; they sing among the branches.

From thy lofty abode thou waterest the mountains; the earth is satisfied with the fruit of thy work. Thou dost cause the grass to grow for the cattle,and plants for man to cultivate,  that he may bring forth food from the earth,

O LORD, how manifold are thy works!In wisdom hast thou made them all; the earth is full of thy creatures.

Let sinners be consumed from the earth,and let the wicked be no more! Bless the LORD, O my soul! Praise the LORD!",repo://assets/rsvce.db,,b6fa22cbcf76face101cc837e18b355d3c8a14778a17fdd086ea852d99029351,01936ac82d5d7c5706163d7c64f0e577580d66861892c9d3b8e3ac1600b9e268,100
local_rsvce,ps104_1_2a_5_6_10_12_24_35c,WORLD,,,generic,,,,"ps104:1-2a,5-6,10+12,24+35c",May the Lord be glad in his works.,"Bless the LORD, O my soul! O LORD my God,thou art very great! Thou art clothed with honor and majesty, who coverest thyself with light as with a garment, who hast stretched out the heavens like a tent,

Thou didst set the earth on its foundations, so that it should never be shaken. Thou didst cover it with the deep as with a garment; the waters stood above the mountains.

Thou makest springs gush forth in the valleys; they flow between the hills, By them the birds of the air have their habitation; they sing among the branches.

O LORD, how manifold are thy works!In wisdom hast thou made them all; the earth is full of thy creatures. Let sinners be consumed from the earth,and let the wicked be no more! Bless the LORD, O my soul! Praise the LORD!",repo://assets/rsvce.db,,e65dbaf081a24bf1e3b849a69b440b9a102ab4d45abfd4754f623e3173d77ac0,17dbba801ea4e059af54f078b59c4aa2768f02db4b4a7503838994bb98a9cc4b,100
local_rsvce,ps104_1_2a_5_6_10_12_24_35c__alias_2435d46db5b5,WORLD,,,generic,,,,"ps104:1-2a,5-6,10,12,24,35c",May the Lord be glad in his works.,"Bless the LORD, O my soul! O LORD my God,thou art very great! Thou art clothed with honor and majesty, who coverest thyself with light as with a garment, who hast stretched out the heavens like a tent,

Thou didst set the earth on its foundations, so that it should never be shaken. Thou didst cover it with the deep as with a garment; the waters stood above the mountains.

Thou makest springs gush forth in the valleys; they flow between the hills, By them the birds of the air have their habitation; they sing among the branches.

O LORD, how manifold are thy works!In wisdom hast thou made them all; the earth is full of thy creatures. Let sinners be consumed from the earth,and let the wicked be no more! Bless the LORD, O my soul! Praise the LORD!",repo://assets/rsvce.db,,e65dbaf081a24bf1e3b849a69b440b9a102ab4d45abfd4754f623e3173d77ac0,17dbba801ea4e059af54f078b59c4aa2768f02db4b4a7503838994bb98a9cc4b,100
local_rsvce,ps104_1_2a_5_6_10and12_13_14_24_35c,WORLD,,,generic,,,,"ps104:1-2a,5-6,10and12,13-14,24,35c","Lord, send forth your Spirit, and renew the face of the earth.","Bless the LORD, O my soul! O LORD my God,thou art very great! Thou art clothed with honor and majesty, who coverest thyself with light as with a garment, who hast stretched out the heavens like a tent,

Thou didst set the earth on its foundations, so that it should never be shaken. Thou didst cover it with the deep as with a garment; the waters stood above the mountains.

Thou makest springs gush forth in the valleys; they flow between the hills,

From thy lofty abode thou waterest the mountains; the earth is satisfied with the fruit of thy work. Thou dost cause the grass to grow for the cattle,and plants for man to cultivate,  that he may bring forth food from the earth,

O LORD, how manifold are thy works!In wisdom hast thou made them all; the earth is full of thy creatures.

Let sinners be consumed from the earth,and let the wicked be no more! Bless the LORD, O my soul! Praise the LORD!",repo://assets/rsvce.db,,0ce9e0e9a33b8ab43897dd17841c35e91bbdf05a2decc4cd2a2bf81384d942d4,6388fd3166c9d458396dc78339370c61f1cebd3e7566187208922e72d98dea6d,100
local_rsvce,ps104_1ab_24ac_29bc_30_31and34,WORLD,,,generic,,,,"ps104:1ab,24ac,29bc-30,31and34","Lord, send forth your Spirit, and renew the face of the earth.","Bless the LORD, O my soul! O LORD my God,thou art very great! Thou art clothed with honor and majesty,

O LORD, how manifold are thy works!In wisdom hast thou made them all; the earth is full of thy creatures.

When thou hidest thy face,they are dismayed;when thou takest away their breath, they die and return to their dust. When thou sendest forth thy Spirit, they are created; and thou renewest the face of the ground.

May the glory of the LORD endure for ever, may the LORD rejoice in his works,",repo://assets/rsvce.db,,ba66dfd0b2c431ce3bebda20a4b1cc6aff9c2fcedaacec5e58728c32dec67584,f1072fb982d808fd20e771b1a6867d4d41aa6120a7816ed0b9a5ef898541c87b,100
local_rsvce,ps104_1b_2_3_4_24_25_27_28_29_30,WORLD,,,generic,,,,"ps104:1b-2,3-4,24-25,27-28,29-30","(1) O bless the Lord, my soul.","Bless the LORD, O my soul! O LORD my God,thou art very great! Thou art clothed with honor and majesty, who coverest thyself with light as with a garment, who hast stretched out the heavens like a tent,

who hast laid the beams of thy chambers on the waters,who makest the clouds thy chariot, who ridest on the wings of the wind, who makest the winds thy messengers, fire and flame thy ministers.

O LORD, how manifold are thy works!In wisdom hast thou made them all; the earth is full of thy creatures. Yonder is the sea, great and wide,which teems with things innumerable, living things both small and great.

These all look to thee, to give them their food in due season. When thou givest to them,they gather it up;when thou openest thy hand, they are filled with good things.

When thou hidest thy face,they are dismayed;when thou takest away their breath, they die and return to their dust. When thou sendest forth thy Spirit, they are created; and thou renewest the face of the ground.",repo://assets/rsvce.db,,1933129cb643e22c00e77e5a826c4063261a1944d73ce25bda533e5a111e6e2e,293a2b03537da435621df8e766f7cfa3a4780bca8bfb020d7eb9b0cf913fd999,100
local_rsvce,ps105_15_17_18_19_20_21,WORLD,,,generic,,,,"ps105:15-17,18-19,20-21",Remember the wonders the Lord has done.,"saying, ""Touch not my anointed ones, do my prophets no harm!"" When he summoned a famine on the land, and broke every staff of bread, he had sent a man ahead of them, Joseph, who was sold as a slave.

His feet were hurt with fetters, his neck was put in a collar of iron; until what he had said came to pass the word of the LORD tested him.

The king sent and released him, the ruler of the peoples set him free; he made him lord of his house, and ruler of all his possessions,",repo://assets/rsvce.db,,02e1d1d1f5f0e92b0aae6977dadb6826d911f2a438ba5e8826fe07f316367524,5f75d8ba7bed28b9b8a182d63e930c7a4d5fb6d1bcc9da9a18c68404fd625eef,100
local_rsvce,ps105_16_17_18_19_20_21,WORLD,,,generic,,,,"ps105:16-17,18-19,20-21",Remember the marvels the Lord has done.,"When he summoned a famine on the land, and broke every staff of bread, he had sent a man ahead of them, Joseph, who was sold as a slave.

His feet were hurt with fetters, his neck was put in a collar of iron; until what he had said came to pass the word of the LORD tested him.

The king sent and released him, the ruler of the peoples set him free; he made him lord of his house, and ruler of all his possessions,",repo://assets/rsvce.db,,34648beaae68927d0e6622810eadf32ff320032f74312a8d01601969c3c83e3d,2276815b02cf5a68930ac77ad39793336859b899740ba80e50ca93cbf898e863,100
local_rsvce,ps105_1_2_3_4_5_6_8_9,WORLD,,,generic,,,,"ps105:1-2,3-4,5-6,8-9","(7a , 8a) The Lord remembers his covenant for ever.","O give thanks to the LORD,call on his name, make known his deeds among the peoples! Sing to him, sing praises to him, tell of all his wonderful works!

Glory in his holy name; let the hearts of those who seek the LORD rejoice! Seek the LORD and his strength, seek his presence continually!

Remember the wonderful works that he has done, his miracles, and the judgments he uttered, O offspring of Abraham his servant, sons of Jacob, his chosen ones!

He is mindful of his covenant for ever,of the word that he commanded, for a thousand generations, the covenant which he made with Abraham, his sworn promise to Isaac,",repo://assets/rsvce.db,,82fe459583e331d71a18709f216e48d39256589eedcb9ee1d09a3a9bcea2de01,3e265ef099d7710d16bdde3ee81d79a48ce91f1406df4c9b477b3bbdaa1ea471,100
local_rsvce,ps105_1_2_3_4_6_7,WORLD,,,generic,,,,"ps105:1-2,3-4,6-7",Turn to the Lord in your need and you will live.,"O give thanks to the LORD,call on his name, make known his deeds among the peoples! Sing to him, sing praises to him, tell of all his wonderful works!

Glory in his holy name; let the hearts of those who seek the LORD rejoice! Seek the LORD and his strength, seek his presence continually!

O offspring of Abraham his servant, sons of Jacob, his chosen ones! He is the LORD our God; his judgments are in all the earth.",repo://assets/rsvce.db,,f7595d6f558835123b039d2648401ef7514107c6c81d34c731d7ef4876cdc378,17b3bf916069b696ef15222fabda9210a030fbe18934cd014c717bc4f0f7249c,100
local_rsvce,ps105_1_2_3_4_6_7_8_9,WORLD,,,generic,,,,"ps105:1-2,3-4,6-7,8-9",The Lord remembers his covenant for ever.,"O give thanks to the LORD,call on his name, make known his deeds among the peoples! Sing to him, sing praises to him, tell of all his wonderful works!

Glory in his holy name; let the hearts of those who seek the LORD rejoice! Seek the LORD and his strength, seek his presence continually!

O offspring of Abraham his servant, sons of Jacob, his chosen ones! He is the LORD our God; his judgments are in all the earth.

He is mindful of his covenant for ever,of the word that he commanded, for a thousand generations, the covenant which he made with Abraham, his sworn promise to Isaac,",repo://assets/rsvce.db,,debf884f2925531c34bf7d72d0af8336570598ed931b50469f9203b262b390d7,4f91d7ed1bfba679f565f0d10f539b705c8fd2fbed5e53ea5a41bb95d47232df,100
local_rsvce,ps105_1_5_8_9_24_25_26_27,WORLD,,,generic,,,,"ps105:1+5,8-9,24-25,26-27",The Lord remembers his covenant for ever.,"O give thanks to the LORD,call on his name, make known his deeds among the peoples! Remember the wonderful works that he has done, his miracles, and the judgments he uttered,

He is mindful of his covenant for ever,of the word that he commanded, for a thousand generations, the covenant which he made with Abraham, his sworn promise to Isaac,

And the LORD made his people very fruitful, and made them stronger than their foes. He turned their hearts to hate his people, to deal craftily with his servants.

He sent Moses his servant, and Aaron whom he had chosen. They wrought his signs among them, and miracles in the land of Ham.",repo://assets/rsvce.db,,dabe26fa42d54a4e6668aff8d27f86cf1bf353eca34c09fd1cc1f680a5219f88,b748a3447063decb7157ff79e9092373f792daa235638fd60d0da0009a373bd4,100
local_rsvce,ps105_1_5_8_9_24_25_26_27__alias_ca2e49b8ecc5,WORLD,,,generic,,,,"ps105:1,5,8-9,24-25,26-27",The Lord remembers his covenant for ever.,"O give thanks to the LORD,call on his name, make known his deeds among the peoples! Remember the wonderful works that he has done, his miracles, and the judgments he uttered,

He is mindful of his covenant for ever,of the word that he commanded, for a thousand generations, the covenant which he made with Abraham, his sworn promise to Isaac,

And the LORD made his people very fruitful, and made them stronger than their foes. He turned their hearts to hate his people, to deal craftily with his servants.

He sent Moses his servant, and Aaron whom he had chosen. They wrought his signs among them, and miracles in the land of Ham.",repo://assets/rsvce.db,,dabe26fa42d54a4e6668aff8d27f86cf1bf353eca34c09fd1cc1f680a5219f88,b748a3447063decb7157ff79e9092373f792daa235638fd60d0da0009a373bd4,100
local_rsvce,ps105_2_3_36_37_42_43,WORLD,,,generic,,,,"ps105:2-3,36-37,42-43",Remember the marvels the Lord has done.,"Sing to him, sing praises to him, tell of all his wonderful works! Glory in his holy name; let the hearts of those who seek the LORD rejoice!

He smote all the first-born in their land, the first issue of all their strength. Then he led forth Israel with silver and gold, and there was none among his tribes who stumbled.

For he remembered his holy promise, and Abraham his servant. So he led forth his people with joy, his chosen ones with singing.",repo://assets/rsvce.db,,d2cf188a1ae98009a9335f897b14d345461aedc97c05d77845765337203a166c,1f4acf864b835ead331e1b61979a2fc0c1cba6a5ca6ec0bebd2515106a0e5ebc,100
local_rsvce,ps105_2_3_4_5_6_7,WORLD,,,generic,,,,"ps105:2-3,4-5,6-7",Seek always the face of the Lord.,"Sing to him, sing praises to him, tell of all his wonderful works! Glory in his holy name; let the hearts of those who seek the LORD rejoice!

Seek the LORD and his strength, seek his presence continually! Remember the wonderful works that he has done, his miracles, and the judgments he uttered,

O offspring of Abraham his servant, sons of Jacob, his chosen ones! He is the LORD our God; his judgments are in all the earth.",repo://assets/rsvce.db,,e333f26058d850fc37d877a4915f69483b4589d917ed046b260c1eed78d43fae,f1fe358d4178264fa94093d43000ae6daf2f4ecebcd22dd26b1be25702b5c214,100
local_rsvce,ps105_4_5_6_7_8_9,WORLD,,,generic,,,,"ps105:4-5,6-7,8-9",The Lord remembers his covenant forever.,"Seek the LORD and his strength, seek his presence continually! Remember the wonderful works that he has done, his miracles, and the judgments he uttered,

O offspring of Abraham his servant, sons of Jacob, his chosen ones! He is the LORD our God; his judgments are in all the earth.

He is mindful of his covenant for ever,of the word that he commanded, for a thousand generations, the covenant which he made with Abraham, his sworn promise to Isaac,",repo://assets/rsvce.db,,1125aa0302c4e4f448a24bb06f21cb12dc927d7f6bee59c34d75a034154b0395,a3cec48d314cc8dd3314c234615204f27cb1232c26ccf3f7c349338c0ead2200,100
local_rsvce,ps105_5_7_8_10_42_44,WORLD,,,generic,,,,"ps105:5-7,8-10,42-44",The Lord remembers his covenant for ever.,"Remember the wonderful works that he has done, his miracles, and the judgments he uttered, O offspring of Abraham his servant, sons of Jacob, his chosen ones! He is the LORD our God; his judgments are in all the earth.

He is mindful of his covenant for ever,of the word that he commanded, for a thousand generations, the covenant which he made with Abraham, his sworn promise to Isaac, which he confirmed to Jacob as a statute, to Israel as an everlasting covenant,

For he remembered his holy promise, and Abraham his servant. So he led forth his people with joy, his chosen ones with singing. And he gave them the lands of the nations; and they took possession of the fruit of the peoples' toil,",repo://assets/rsvce.db,,b904c71f9cb3489776a8ef700d6d9d3ac9ce7064fb5d9787256acae993ec927c,7d468a65234dad9109d8d4b21e87db787a52d17ebe5c7dbe516096b876f35b77,100
local_rsvce,ps106_19_20_21_22_23,WORLD,,,generic,,,,"ps106:19-20,21-22,23","Lord, remember us, for the love you bear your people.","They made a calf in Horeb and worshiped a molten image. They exchanged the glory of God for the image of an ox that eats grass.

They forgot God, their Savior, who had done great things in Egypt, wondrous works in the land of Ham, and terrible things by the Red Sea.

Therefore he said he would destroy them--had not Moses, his chosen one,stood in the breach before him, to turn away his wrath from destroying them.",repo://assets/rsvce.db,,435d3d03870418ed71beb20dc34afb09bbe29cd2ec93f3311aa267ad100c5128,de8ad5265e08d3f88bf089666bbb8fb9243018e9d7e10f07543835b130f4a830,100
local_rsvce,ps106_1_2_3_4a_4b_5,WORLD,,,generic,,,,"ps106:1-2,3-4a,4b-5","Give thanks, for the Lord is good.","Praise the LORD!O give thanks to the LORD,for he is good; for his steadfast love endures for ever! Who can utter the mighty doings of the LORD, or show forth all his praise?

Blessed are they who observe justice, who do righteousness at all times! Remember me, O LORD,when thou showest favor to thy people; help me when thou deliverest them;

Remember me, O LORD,when thou showest favor to thy people; help me when thou deliverest them; that I may see the prosperity of thy chosen ones,that I may rejoice in the gladness of thy nation, that I may glory with thy heritage.",repo://assets/rsvce.db,,a255e38e722e7893fe819a51a42e397c2a198ea6168557ee839549a61a232a78,fb42dd1a5c89a3de370d8ea7c279ed00186ca6393de3f806cdd2447c7ebb7437,100
local_rsvce,ps106_1b_2_3_4a_4b_5,WORLD,,,generic,,,,"ps106:1b-2,3-4a,4b-5","Give thanks, for the Lord is good.","Praise the LORD!O give thanks to the LORD,for he is good; for his steadfast love endures for ever! Who can utter the mighty doings of the LORD, or show forth all his praise?

Blessed are they who observe justice, who do righteousness at all times! Remember me, O LORD,when thou showest favor to thy people; help me when thou deliverest them;

Remember me, O LORD,when thou showest favor to thy people; help me when thou deliverest them; that I may see the prosperity of thy chosen ones,that I may rejoice in the gladness of thy nation, that I may glory with thy heritage.",repo://assets/rsvce.db,,a255e38e722e7893fe819a51a42e397c2a198ea6168557ee839549a61a232a78,fb42dd1a5c89a3de370d8ea7c279ed00186ca6393de3f806cdd2447c7ebb7437,100
local_rsvce,ps106_34_35_36_37_39_40_43ab_44,WORLD,,,generic,,,,"ps106:34-35,36-37,39-40,43ab,44","O Lord, remember us with the favour you show to your people.","They did not destroy the peoples, as the LORD commanded them, but they mingled with the nations and learned to do as they did.

They served their idols, which became a snare to them. They sacrificed their sons and their daughters to the demons;

Thus they became unclean by their acts, and played the harlot in their doings. Then the anger of the LORD was kindled against his people, and he abhorred his heritage;

Many times he delivered them,but they were rebellious in their purposes, and were brought low through their iniquity.

Nevertheless he regarded their distress, when he heard their cry.",repo://assets/rsvce.db,,d0fee1e4f3f05607fd0efe842b230188b41cef642b186f8e3b0b3dcf9f53ebdf,91d82219e1b9c571a8d22080377fa07e39d3654ddb22525ad7277661f4af8f2f,100
local_rsvce,ps106_3_4_35_36_37_40,WORLD,,,generic,,,,"ps106:3-4,35-36,37,40","O Lord, remember us with the favour you show to your people","Blessed are they who observe justice, who do righteousness at all times! Remember me, O LORD,when thou showest favor to thy people; help me when thou deliverest them;

but they mingled with the nations and learned to do as they did. They served their idols, which became a snare to them.

They sacrificed their sons and their daughters to the demons;

Then the anger of the LORD was kindled against his people, and he abhorred his heritage;",repo://assets/rsvce.db,,0c2913ca551ae9d4b3cf44bec68ddb142be8be877eab5135a2bfbfe4248c4565,376ac0276b64b1942b904846ac1c70f76743f14dcf4b4fe3949eb545c1d97751,100
local_rsvce,ps106_3_4_6_7_35_36_37_40,WORLD,,,generic,,,,"ps106:3-4,6-7,35-36,37+40","Lord, remember us,","Blessed are they who observe justice, who do righteousness at all times! Remember me, O LORD,when thou showest favor to thy people; help me when thou deliverest them;

Both we and our fathers have sinned;we have committed iniquity, we have done wickedly. Our fathers, when they were in Egypt,did not consider thy wonderful works;they did not remember the abundance of thy steadfast love, but rebelled against the Most High at the Red Sea.

but they mingled with the nations and learned to do as they did. They served their idols, which became a snare to them.

They sacrificed their sons and their daughters to the demons; Then the anger of the LORD was kindled against his people, and he abhorred his heritage;",repo://assets/rsvce.db,,1fb7350029346e5c873d24062609290edc5634ff482d4f6705b3f5843ca7f6b9,1e275c9178745106936631ba614e0e91e1b60bcba71dd4bc1cb82bd71e734897,100
local_rsvce,ps106_4_5b_6_35_36_37_39_40_43_44,WORLD,,,generic,,,,"ps106:4+5b,6+35,36-37,39-40,43-44","In your love, remember us, Lord.++","Remember me, O LORD,when thou showest favor to thy people; help me when thou deliverest them; that I may see the prosperity of thy chosen ones,that I may rejoice in the gladness of thy nation, that I may glory with thy heritage.

Both we and our fathers have sinned;we have committed iniquity, we have done wickedly. but they mingled with the nations and learned to do as they did.

They served their idols, which became a snare to them. They sacrificed their sons and their daughters to the demons;

Thus they became unclean by their acts, and played the harlot in their doings. Then the anger of the LORD was kindled against his people, and he abhorred his heritage;

Many times he delivered them,but they were rebellious in their purposes, and were brought low through their iniquity. Nevertheless he regarded their distress, when he heard their cry.",repo://assets/rsvce.db,,7461def8b61966860e2804594d2553d636ccf83f075360d65ec7f96106d5ed90,2c8e9de7272a97f3cc8ec98a214445f909c3904d3783901bc01e6b6a894839d1,100
local_rsvce,ps106_6_7_13_14_21_22_23,WORLD,,,generic,,,,"ps106:6-7,13-14,21-22,23","In your love, remember us, Lord.++","Both we and our fathers have sinned;we have committed iniquity, we have done wickedly. Our fathers, when they were in Egypt,did not consider thy wonderful works;they did not remember the abundance of thy steadfast love, but rebelled against the Most High at the Red Sea.

But they soon forgot his works; they did not wait for his counsel. But they had a wanton craving in the wilderness, and put God to the test in the desert;

They forgot God, their Savior, who had done great things in Egypt, wondrous works in the land of Ham, and terrible things by the Red Sea.

Therefore he said he would destroy them--had not Moses, his chosen one,stood in the breach before him, to turn away his wrath from destroying them.",repo://assets/rsvce.db,,2289b3f240fa601e632d8773256c4628b74d4e6d0a51d89ee617bc68564464c0,1c0a8c85e90166094ea26d812cae6a73a164f9da2f3fa8a4dd8d00c91a83dfe6,100
local_rsvce,ps106_6_7a_19_20_21_22,WORLD,,,generic,,,,"ps106:6-7a,19-20,21-22","Lord, remember us,","Both we and our fathers have sinned;we have committed iniquity, we have done wickedly. Our fathers, when they were in Egypt,did not consider thy wonderful works;they did not remember the abundance of thy steadfast love, but rebelled against the Most High at the Red Sea.

They made a calf in Horeb and worshiped a molten image. They exchanged the glory of God for the image of an ox that eats grass.

They forgot God, their Savior, who had done great things in Egypt, wondrous works in the land of Ham, and terrible things by the Red Sea.",repo://assets/rsvce.db,,d1666bd1256c76e701ced5440c511c7a4c74e0441e96039e04cb79fb7deb5099,edb0c3bbd8cb84ee0f33c213a0f9084dcf71347b3a494a1fa6b3b76734071555,100
local_rsvce,ps106_6_7ab_19_20_21_22,WORLD,,,generic,,,,"ps106:6-7ab,19-20,21-22","O Lord, remember us with the favour you show to your people.","Both we and our fathers have sinned;we have committed iniquity, we have done wickedly. Our fathers, when they were in Egypt,did not consider thy wonderful works;they did not remember the abundance of thy steadfast love, but rebelled against the Most High at the Red Sea.

They made a calf in Horeb and worshiped a molten image. They exchanged the glory of God for the image of an ox that eats grass.

They forgot God, their Savior, who had done great things in Egypt, wondrous works in the land of Ham, and terrible things by the Red Sea.",repo://assets/rsvce.db,,22d0ca36b5cd45eacf48efe40155aece1ce80538129b1ccfb5371e53f4a67795,1a5fce808c917f94f380f58657122f0b5712bfe2e16c5070b17f0a6401e1fc2b,100
local_rsvce,ps107_1_2_4_5_6_7_8_9,WORLD,,,generic,,,,"ps107:1-2,4-5,6-7,8-9","Give thanks to the Lord, God's love is everlasting.","O give thanks to the LORD,for he is good; for his steadfast love endures for ever! Let the redeemed of the LORD say so, whom he has redeemed from trouble

Some wandered in desert wastes, finding no way to a city to dwell in; hungry and thirsty, their soul fainted within them.

Then they cried to the LORD in their trouble, and he delivered them from their distress; he led them by a straight way, till they reached a city to dwell in.

Let them thank the LORD for his steadfast love, for his wonderful works to the sons of men! For he satisfies him who is thirsty, and the hungry he fills with good things.",repo://assets/rsvce.db,,a3fe39e0de0ba3683ccd91327595a6da6eab55bfb4e59f3750d359e7f75e0aae,cae1fb378c78ee6178a767153609fffb70c8b49b68fa9392da3f4d69a7a74771,100
local_rsvce,ps107_23_24_25_26_28_29_30_31,WORLD,,,generic,,,,"ps107:23-24,25-26,28-29,30-31","(1b) Give thanks to the Lord, his love is everlasting.","Some went down to the sea in ships, doing business on the great waters; they saw the deeds of the LORD, his wondrous works in the deep.

For he commanded,and raised the stormy wind, which lifted up the waves of the sea. They mounted up to heaven,they went down to the depths; their courage melted away in their evil plight;

Then they cried to the LORD in their trouble, and he delivered them from their distress; he made the storm be still, and the waves of the sea were hushed.

Then they were glad because they had quiet, and he brought them to their desired haven. Let them thank the LORD for his steadfast love, for his wonderful works to the sons of men!",repo://assets/rsvce.db,,c6b7fb486b5ae681b3db6dc860d7fef99e170f90229a8379b2c2bd5bd50c80df,d4cfc395c01c6724ac68590466173b220abd77d78ea7c472a7facf45ef238578,100
local_rsvce,ps107_2_3_4_5_6_7_8_9,WORLD,,,generic,,,,"ps107:2-3,4-5,6-7,8-9",O give thanks to the Lord for he is good; for his mercy endures forever!,"Let the redeemed of the LORD say so, whom he has redeemed from trouble and gathered in from the lands,from the east and from the west, from the north and from the south.

Some wandered in desert wastes, finding no way to a city to dwell in; hungry and thirsty, their soul fainted within them.

Then they cried to the LORD in their trouble, and he delivered them from their distress; he led them by a straight way, till they reached a city to dwell in.

Let them thank the LORD for his steadfast love, for his wonderful works to the sons of men! For he satisfies him who is thirsty, and the hungry he fills with good things.",repo://assets/rsvce.db,,cc88f0804ec0bb657a3899194e1352385d552f1e0f79278ef15ce85404e024c8,4256d07d44fcf8bd4fc667fd78f63dce7b89f0d807589911eaeb60772adce00c,100
local_rsvce,ps109_21_22_26_27_30_31,WORLD,,,generic,,,,"ps109:21-22,26-27,30-31","Save me, O Lord, in your kindness.","But thou, O GOD my Lord,deal on my behalf for thy name's sake;because thy steadfast love is good, deliver me! For I am poor and needy, and my heart is stricken within me.

Help me, O LORD my God! Save me according to thy steadfast love! Let them know that this is thy hand; thou, O LORD, hast done it!

With my mouth I will give great thanks to the LORD; I will praise him in the midst of the throng. For he stands at the right hand of the needy, to save him from those who condemn him to death.",repo://assets/rsvce.db,,1258c1c311f3e1ad661879fb0ffe6b77d36a080da6aa508a20c85d97454976d4,81a35d08ce3232278ff491679667ffe4e946d6cb01ee5bd446096a1b5d20ae39,100
local_rsvce,ps10_1_2_3_4_7_8_14,WORLD,,,generic,,,,"ps10:1-2,3-4,7-8,14","Do not forget the poor, O Lord!","Why dost thou stand afar off, O LORD? Why dost thou hide thyself in times of trouble? In arrogance the wicked hotly pursue the poor; let them be caught in the schemes which they have devised.

For the wicked boasts of the desires of his heart, and the man greedy for gain curses and renounces the LORD. In the pride of his countenance the wicked does not seek him; all his thoughts are, ""There is no God.""

His mouth is filled with cursing and deceit and oppression; under his tongue are mischief and iniquity. He sits in ambush in the villages;in hiding places he murders the innocent. His eyes stealthily watch for the hapless,

Thou dost see; yea,thou dost note trouble and vexation,that thou mayest take it into thy hands;the hapless commits himself to thee; thou hast been the helper of the fatherless.",repo://assets/rsvce.db,,6abf50a31e01930134c6798586c6cb18de5139cb51ee8d15224ab97d0fd8a8c2,377fa023d7f983a96d5204845dd5877ef6eee63805ca591ba79c3a4b0afcf492,100
local_rsvce,ps10_1_2_3_4a_7_8b_14,WORLD,,,generic,,,,"ps10:1-2,3-4a,7-8b,14","Do not forget the poor, O Lord!","Why dost thou stand afar off, O LORD? Why dost thou hide thyself in times of trouble? In arrogance the wicked hotly pursue the poor; let them be caught in the schemes which they have devised.

For the wicked boasts of the desires of his heart, and the man greedy for gain curses and renounces the LORD. In the pride of his countenance the wicked does not seek him; all his thoughts are, ""There is no God.""

His mouth is filled with cursing and deceit and oppression; under his tongue are mischief and iniquity. He sits in ambush in the villages;in hiding places he murders the innocent. His eyes stealthily watch for the hapless,

Thou dost see; yea,thou dost note trouble and vexation,that thou mayest take it into thy hands;the hapless commits himself to thee; thou hast been the helper of the fatherless.",repo://assets/rsvce.db,,6abf50a31e01930134c6798586c6cb18de5139cb51ee8d15224ab97d0fd8a8c2,377fa023d7f983a96d5204845dd5877ef6eee63805ca591ba79c3a4b0afcf492,100
local_rsvce,ps110_1_2_3_4,WORLD,,,generic,,,,"ps110:1,2,3,4","(4b) You are a priest for ever, in the line of Melchizedek.","The LORD says to my lord:""Sit at my right hand, till I make your enemies your footstool.""

The LORD sends forth from Zion your mighty scepter. Rule in the midst of your foes!

Your people will offer themselves freelyon the day you lead your host upon the holy mountains. From the womb of the morning like dew your youth will come to you.

The LORD has sworn and will not change his mind, ""You are a priest for ever after the order of Melchizedek.""",repo://assets/rsvce.db,,7a39cbf9c5f3c5c0df5bcddc8336edb470bb7bacd6387886c0202d11e48a752f,266c1b523479df56054ef9a07e0bf1681e52427c3371801be829ae16ed0faa20,100
local_rsvce,ps111_1_2_3_4_5_6,WORLD,,,generic,,,,"ps111:1-2,3-4,5-6",How great are the works of the Lord!,"Prasie the LORD.I will give thanks to the LORD with my whole heart,in the company of the upright, in the congregation. Great are the works of the LORD, studied by all who have pleasure in them.

Full of honor and majesty is his work, and his righteousness endures for ever. He has caused his wonderful works to be remembered; the LORD is gracious and merciful.

He provides food for those who fear him; he is ever mindful of his covenant. He has shown his people the power of his works, in giving them the heritage of the nations.",repo://assets/rsvce.db,,b2093118801a61c422ee8a8dfcbd6d4c3e1d594b1f8afdd6b5fa16773d1d912f,8a4531b194db509403906c1124db25ef398d385ba052cf937bdbd33518d09e71,100
local_rsvce,ps111_1_2_3_4_7_8,WORLD,,,generic,,,,"ps111:1-2,3-4,7-8","Your works, O Lord, are justice and truth.","Prasie the LORD.I will give thanks to the LORD with my whole heart,in the company of the upright, in the congregation. Great are the works of the LORD, studied by all who have pleasure in them.

Full of honor and majesty is his work, and his righteousness endures for ever. He has caused his wonderful works to be remembered; the LORD is gracious and merciful.

The works of his hands are faithful and just; all his precepts are trustworthy, they are established for ever and ever, to be performed with faithfulness and uprightness.",repo://assets/rsvce.db,,7726b0df9c2355e43f1d257b3a05f510b1b0c91c837963f43de9495197a8ed02,6c10325af31be1089640393d78899078f7e74c97d351eab1f21ff5b6293fad4d,100
local_rsvce,ps111_1_2_4_5_9_10c,WORLD,,,generic,,,,"ps111:1-2,4-5,9+10c",God is ever mindful of his covenant.,"Prasie the LORD.I will give thanks to the LORD with my whole heart,in the company of the upright, in the congregation. Great are the works of the LORD, studied by all who have pleasure in them.

He has caused his wonderful works to be remembered; the LORD is gracious and merciful. He provides food for those who fear him; he is ever mindful of his covenant.

He sent redemption to his people;he has commanded his covenant for ever. Holy and terrible is his name! The fear of the LORD is the beginning of wisdom;a good understanding have all those who practice it. His praise endures for ever!",repo://assets/rsvce.db,,1048c2d91e1db7315a9fe27b2e218f23c6d5a2862a133be4ec329fd0293103bc,ee458ec8d1eb9b17c1722761f9e08d0228e5ce799fc4d921500ec726f39b8739,100
local_rsvce,ps111_1_2_4_5_9_10c__alias_ee7d2814b108,WORLD,,,generic,,,,"ps111:1-2,4-5,9,10c",God is ever mindful of his covenant.,"Prasie the LORD.I will give thanks to the LORD with my whole heart,in the company of the upright, in the congregation. Great are the works of the LORD, studied by all who have pleasure in them.

He has caused his wonderful works to be remembered; the LORD is gracious and merciful. He provides food for those who fear him; he is ever mindful of his covenant.

He sent redemption to his people;he has commanded his covenant for ever. Holy and terrible is his name! The fear of the LORD is the beginning of wisdom;a good understanding have all those who practice it. His praise endures for ever!",repo://assets/rsvce.db,,1048c2d91e1db7315a9fe27b2e218f23c6d5a2862a133be4ec329fd0293103bc,ee458ec8d1eb9b17c1722761f9e08d0228e5ce799fc4d921500ec726f39b8739,100
local_rsvce,ps111_1_2_5_6_9_10c,WORLD,,,generic,,,,"ps111:1-2,5-6,9+10c",The Lord will remember his covenant for ever.,"Prasie the LORD.I will give thanks to the LORD with my whole heart,in the company of the upright, in the congregation. Great are the works of the LORD, studied by all who have pleasure in them.

He provides food for those who fear him; he is ever mindful of his covenant. He has shown his people the power of his works, in giving them the heritage of the nations.

He sent redemption to his people;he has commanded his covenant for ever. Holy and terrible is his name! The fear of the LORD is the beginning of wisdom;a good understanding have all those who practice it. His praise endures for ever!",repo://assets/rsvce.db,,9a479cc2e7a85f1aed8450569c60c5931078adf83584ddce9cf44d6c6ff73cc0,2a03c379df7c8f442766d85832ebcfb67ba6a06a7a9895548f0c6fef6867e22e,100
local_rsvce,ps111_1_2_5_6_9_10c__alias_3bb3743a41ec,WORLD,,,generic,,,,"ps111:1-2,5-6,9,10c",The Lord will remember his covenant for ever.,"Prasie the LORD.I will give thanks to the LORD with my whole heart,in the company of the upright, in the congregation. Great are the works of the LORD, studied by all who have pleasure in them.

He provides food for those who fear him; he is ever mindful of his covenant. He has shown his people the power of his works, in giving them the heritage of the nations.

He sent redemption to his people;he has commanded his covenant for ever. Holy and terrible is his name! The fear of the LORD is the beginning of wisdom;a good understanding have all those who practice it. His praise endures for ever!",repo://assets/rsvce.db,,9a479cc2e7a85f1aed8450569c60c5931078adf83584ddce9cf44d6c6ff73cc0,2a03c379df7c8f442766d85832ebcfb67ba6a06a7a9895548f0c6fef6867e22e,100
local_rsvce,ps111_1_2_7_8_9_10c,WORLD,,,generic,,,,"ps111:1-2,7-8,9+10c",The Lord will remember his covenant for ever.,"Prasie the LORD.I will give thanks to the LORD with my whole heart,in the company of the upright, in the congregation. Great are the works of the LORD, studied by all who have pleasure in them.

The works of his hands are faithful and just; all his precepts are trustworthy, they are established for ever and ever, to be performed with faithfulness and uprightness.

He sent redemption to his people;he has commanded his covenant for ever. Holy and terrible is his name! The fear of the LORD is the beginning of wisdom;a good understanding have all those who practice it. His praise endures for ever!",repo://assets/rsvce.db,,12d2659bab9a495992c7dc3d89ba9d6559ad71a01d98f1d1dc17900db137bd28,7364204b89478ecac1ac2b7136342b74f18213f4c1b7cbd61a39d54f113fdd42,100
local_rsvce,ps111_1b_2_3_4_5_6,WORLD,,,generic,,,,"ps111:1b-2,3-4,5-6",He keeps his covenant ever in mind.,"Prasie the LORD.I will give thanks to the LORD with my whole heart,in the company of the upright, in the congregation. Great are the works of the LORD, studied by all who have pleasure in them.

Full of honor and majesty is his work, and his righteousness endures for ever. He has caused his wonderful works to be remembered; the LORD is gracious and merciful.

He provides food for those who fear him; he is ever mindful of his covenant. He has shown his people the power of his works, in giving them the heritage of the nations.",repo://assets/rsvce.db,,b74a4d5d9ae1395dbb2289dcb8dc60fba5b55ef1e9c14bafddb04e25cc58b9e1,91f14d57943ae20908705e5ae3a0239038cde6671c17f3d2be479fd32c459709,100
local_rsvce,ps111_1b_2_3_4_7_8,WORLD,,,generic,,,,"ps111:1b-2,3-4,7-8",The Lord’s handiwork is justice and truth,"Prasie the LORD.I will give thanks to the LORD with my whole heart,in the company of the upright, in the congregation. Great are the works of the LORD, studied by all who have pleasure in them.

Full of honor and majesty is his work, and his righteousness endures for ever. He has caused his wonderful works to be remembered; the LORD is gracious and merciful.

The works of his hands are faithful and just; all his precepts are trustworthy, they are established for ever and ever, to be performed with faithfulness and uprightness.",repo://assets/rsvce.db,,cd995d3201a7334dfd7c96c8d6f8ff4aa5fe5cd5f1a7fcc6066830e14d11807c,da88d8af4b5b946430f479d884528491f3d131df699145328875c35917d058ff,100
local_rsvce,ps111_1b_2_7_8_9_10c,WORLD,,,generic,,,,"ps111:1b-2,7-8,9,10c",The Lord keeps his covenant ever in mind.,"Prasie the LORD.I will give thanks to the LORD with my whole heart,in the company of the upright, in the congregation. Great are the works of the LORD, studied by all who have pleasure in them.

The works of his hands are faithful and just; all his precepts are trustworthy, they are established for ever and ever, to be performed with faithfulness and uprightness.

He sent redemption to his people;he has commanded his covenant for ever. Holy and terrible is his name!

The fear of the LORD is the beginning of wisdom;a good understanding have all those who practice it. His praise endures for ever!",repo://assets/rsvce.db,,7e6a23f4f0d5c763ff1147546a514a88d2344aece0ebee67b7478ac252bc67a7,38b19f428db8e727ec4e6d6038bf7c3fa24b6c5fb56f6ade3741f335059ade27,100
local_rsvce,ps111_7_8_9_10,WORLD,,,generic,,,,"ps111:7-8,9,10",How great are the works of the Lord!,"The works of his hands are faithful and just; all his precepts are trustworthy, they are established for ever and ever, to be performed with faithfulness and uprightness.

He sent redemption to his people;he has commanded his covenant for ever. Holy and terrible is his name!

The fear of the LORD is the beginning of wisdom;a good understanding have all those who practice it. His praise endures for ever!",repo://assets/rsvce.db,,1387e0358056e4584a8513a3ccb5d252ea604fc94f44133ac59913f1c09d5b7a,3797de77114a5b154c06cef01990b4ab1b5925e395b6818a336d984c42ff952b,100
local_rsvce,ps112_1_2_3_4_5_6,WORLD,,,generic,,,,"ps112:1-2,3-4,5-6",Happy are those who fear the Lord.,"Praise the LORD.Blessed is the man who fears the LORD, who greatly delights in his commandments! His descendants will be mighty in the land; the generation of the upright will be blessed.

Wealth and riches are in his house; and his righteousness endures for ever. Light rises in the darkness for the upright;the LORD is gracious, merciful, and righteous.

It is well with the man who deals generously and lends, who conducts his affairs with justice. For the righteous will never be moved; he will be remembered for ever.",repo://assets/rsvce.db,,2451666af9287114c4c5d7fd3ca86d3d5a835705fb2ccca172c348a248c95c8a,7e91be7b6d6ab97804938498194125e9631fc987bb45e42e4fa9b302078f4d75,100
local_rsvce,ps112_1_2_3_4_9,WORLD,,,generic,,,,"ps112:1-2,3-4,9",Happy are those who fear the Lord.,"Praise the LORD.Blessed is the man who fears the LORD, who greatly delights in his commandments! His descendants will be mighty in the land; the generation of the upright will be blessed.

Wealth and riches are in his house; and his righteousness endures for ever. Light rises in the darkness for the upright;the LORD is gracious, merciful, and righteous.

He has distributed freely,he has given to the poor;his righteousness endures for ever; his horn is exalted in honor.",repo://assets/rsvce.db,,8529fa1a75183c57d619c2557d57238317a5e78ed852029e9192727f5851b1f7,f23a013bb993a6db69857d92449f0b3dca6064075641ffe891e737b9e3d1270d,100
local_rsvce,ps112_1_2_4_5_9,WORLD,,,generic,,,,"ps112:1-2,4-5,9",Happy the merciful who give to those in need.,"Praise the LORD.Blessed is the man who fears the LORD, who greatly delights in his commandments! His descendants will be mighty in the land; the generation of the upright will be blessed.

Light rises in the darkness for the upright;the LORD is gracious, merciful, and righteous. It is well with the man who deals generously and lends, who conducts his affairs with justice.

He has distributed freely,he has given to the poor;his righteousness endures for ever; his horn is exalted in honor.",repo://assets/rsvce.db,,b647e0b3b9166869726b7ec5affd94497d368a3000b1ab0aa222565654230277,c9a7c84a20ab4d8f53ff80e2ea8c1046b5ec6a2270096ba177e028234df03244,100
local_rsvce,ps112_1_2_5_6_7_8_9,WORLD,,,generic,,,,"ps112:1-2,5-6,7-8,9",Happy the merciful who give to those in need.,"Praise the LORD.Blessed is the man who fears the LORD, who greatly delights in his commandments! His descendants will be mighty in the land; the generation of the upright will be blessed.

It is well with the man who deals generously and lends, who conducts his affairs with justice. For the righteous will never be moved; he will be remembered for ever.

He is not afraid of evil tidings; his heart is firm, trusting in the LORD. His heart is steady,he will not be afraid, until he sees his desire on his adversaries.

He has distributed freely,he has given to the poor;his righteousness endures for ever; his horn is exalted in honor.",repo://assets/rsvce.db,,885c4e5bfde54f8bf10f45cdc5ce180b3f4176792fc93f0eefbcd96b3eb46a16,46925c4a9bb83b7310f4ddf70081e8a2344859b34e5134adc5cdb0f3e76db9cb,100
local_rsvce,ps112_1_2_5_6_8a_9,WORLD,,,generic,,,,"ps112:1-2,5-6,8a+9",Happy are those who fear the Lord.,"Praise the LORD.Blessed is the man who fears the LORD, who greatly delights in his commandments! His descendants will be mighty in the land; the generation of the upright will be blessed.

It is well with the man who deals generously and lends, who conducts his affairs with justice. For the righteous will never be moved; he will be remembered for ever.

His heart is steady,he will not be afraid, until he sees his desire on his adversaries. He has distributed freely,he has given to the poor;his righteousness endures for ever; his horn is exalted in honor.",repo://assets/rsvce.db,,73aff72490291ee5eb463c242e191d1f9341dba3bd451a0d8c2cbd6f113602f5,e4a1ade606e9854aca9d7f3f90c1bb44973e3214e6a5f79ad1a2528c77f72fde,100
local_rsvce,ps112_1_2_7bc_8_9,WORLD,,,generic,,,,"ps112:1-2,7bc-8,9","The hearts of the just are secure,","Praise the LORD.Blessed is the man who fears the LORD, who greatly delights in his commandments! His descendants will be mighty in the land; the generation of the upright will be blessed.

He is not afraid of evil tidings; his heart is firm, trusting in the LORD. His heart is steady,he will not be afraid, until he sees his desire on his adversaries.

He has distributed freely,he has given to the poor;his righteousness endures for ever; his horn is exalted in honor.",repo://assets/rsvce.db,,4c8f75322e939a402f5c52db34ee653ddaf664a11914e434b8e5c35925839c2c,fd44215438e2bae317e5b032246da9827edc12318f8c4a1d5a1d6ee4e2a3778e,100
local_rsvce,ps112_1_2_7bc_8_9_see7c,WORLD,,,generic,,,,"ps112:1-2,7bc-8,9","The hearts of the just are secure,","Praise the LORD.Blessed is the man who fears the LORD, who greatly delights in his commandments! His descendants will be mighty in the land; the generation of the upright will be blessed.

He is not afraid of evil tidings; his heart is firm, trusting in the LORD. His heart is steady,he will not be afraid, until he sees his desire on his adversaries.

He has distributed freely,he has given to the poor;his righteousness endures for ever; his horn is exalted in honor.",repo://assets/rsvce.db,,4c8f75322e939a402f5c52db34ee653ddaf664a11914e434b8e5c35925839c2c,fd44215438e2bae317e5b032246da9827edc12318f8c4a1d5a1d6ee4e2a3778e,100
local_rsvce,ps112_1b_2_3_4_5_6,WORLD,,,generic,,,,"ps112:1b-2,3-4,5-6",Blessed the man who fears the Lord.,"Praise the LORD.Blessed is the man who fears the LORD, who greatly delights in his commandments! His descendants will be mighty in the land; the generation of the upright will be blessed.

Wealth and riches are in his house; and his righteousness endures for ever. Light rises in the darkness for the upright;the LORD is gracious, merciful, and righteous.

It is well with the man who deals generously and lends, who conducts his affairs with justice. For the righteous will never be moved; he will be remembered for ever.",repo://assets/rsvce.db,,95ddd290576cb7a7bc279eb315f765dcaa0dba9b25dc62daf06aed90ce5dc561,8d810df322f845884aa0f14b6d6419b71110bf966ddbbe7ae768aca9193138bb,100
local_rsvce,ps112_1b_2_4_5_9,WORLD,,,generic,,,,"ps112:1b-2,4-5,9",It goes well for the man who deals generously and lends.,"Praise the LORD.Blessed is the man who fears the LORD, who greatly delights in his commandments! His descendants will be mighty in the land; the generation of the upright will be blessed.

Light rises in the darkness for the upright;the LORD is gracious, merciful, and righteous. It is well with the man who deals generously and lends, who conducts his affairs with justice.

He has distributed freely,he has given to the poor;his righteousness endures for ever; his horn is exalted in honor.",repo://assets/rsvce.db,,9dbfaad9d15eefddaacde8e7ffe022ecce1bb0d23843545e64fcf9ab9cdabdca,de06365002d5e80083f685ff58414832c603d4e58f362627f746d7b0a6a41d10,100
local_rsvce,ps112_1b_2_5_6_7_8_9,WORLD,,,generic,,,,"ps112:1b-2,5-6,7-8,9",It goes well for the man who deals generously and lends.,"Praise the LORD.Blessed is the man who fears the LORD, who greatly delights in his commandments! His descendants will be mighty in the land; the generation of the upright will be blessed.

It is well with the man who deals generously and lends, who conducts his affairs with justice. For the righteous will never be moved; he will be remembered for ever.

He is not afraid of evil tidings; his heart is firm, trusting in the LORD. His heart is steady,he will not be afraid, until he sees his desire on his adversaries.

He has distributed freely,he has given to the poor;his righteousness endures for ever; his horn is exalted in honor.",repo://assets/rsvce.db,,fd048b6158611ca619808bbb5ec523a2b77c03d4022c29aa309d886a5f546f3b,2cd3e00d26c335921f4b4742c967dbfd4fe5b6f1a5e24149c8195e056125affa,100
local_rsvce,ps112_1b_2_5_6_8a_9,WORLD,,,generic,,,,"ps112:1b-2,5-6,8a,9",Blessed the man who fears the Lord.,"Praise the LORD.Blessed is the man who fears the LORD, who greatly delights in his commandments! His descendants will be mighty in the land; the generation of the upright will be blessed.

It is well with the man who deals generously and lends, who conducts his affairs with justice. For the righteous will never be moved; he will be remembered for ever.

His heart is steady,he will not be afraid, until he sees his desire on his adversaries.

He has distributed freely,he has given to the poor;his righteousness endures for ever; his horn is exalted in honor.",repo://assets/rsvce.db,,a9d98b4c34f81f28aa9667f619bb999f689e29da2e342837d0aed549c643ec80,645ece479ea700a1267361cfa837a23aad9af53104f9dd074750ea998f95b550,100
local_rsvce,ps112_1bc_2_3_4_9,WORLD,,,generic,,,,"ps112:1bc-2,3-4,9",Blessed the man who fears the Lord.,"Praise the LORD.Blessed is the man who fears the LORD, who greatly delights in his commandments! His descendants will be mighty in the land; the generation of the upright will be blessed.

Wealth and riches are in his house; and his righteousness endures for ever. Light rises in the darkness for the upright;the LORD is gracious, merciful, and righteous.

He has distributed freely,he has given to the poor;his righteousness endures for ever; his horn is exalted in honor.",repo://assets/rsvce.db,,b348575fa61fa0474fd6576e4046c31c67fbfdbf25e3cdc5049d3304c3d8b7ef,cc61120849b69e6894ea674748af6760537081a6db0865b2eedd189951ff044b,100
local_rsvce,ps112_4_5_6_7_8_9,WORLD,,,generic,,,,"ps112:4-5,6-7,8-9",(4a) The just man is a light in darkness to the upright.,"Light rises in the darkness for the upright;the LORD is gracious, merciful, and righteous. It is well with the man who deals generously and lends, who conducts his affairs with justice.

For the righteous will never be moved; he will be remembered for ever. He is not afraid of evil tidings; his heart is firm, trusting in the LORD.

His heart is steady,he will not be afraid, until he sees his desire on his adversaries. He has distributed freely,he has given to the poor;his righteousness endures for ever; his horn is exalted in honor.",repo://assets/rsvce.db,,4169f2dd747c596e8466ab78bbd5a85ce6de506616875549df453fe01a9b953c,fb19cc5d2a07c1ace3c6c19e9c6f7a3e52526d8a2d3dd91a49bcbd921b20dafa,100
local_rsvce,ps112_4_5_6_7_8a_9,WORLD,,,generic,,,,"ps112:4-5,6-7,8a,9",A light rises in the darkness for the upright.,"Light rises in the darkness for the upright;the LORD is gracious, merciful, and righteous. It is well with the man who deals generously and lends, who conducts his affairs with justice.

For the righteous will never be moved; he will be remembered for ever. He is not afraid of evil tidings; his heart is firm, trusting in the LORD.

His heart is steady,he will not be afraid, until he sees his desire on his adversaries.

He has distributed freely,he has given to the poor;his righteousness endures for ever; his horn is exalted in honor.",repo://assets/rsvce.db,,975bf11e227db3b619b356726c0d1f1bcbac411abeba1b18a85d84b3b8b8805a,695587f465a89a3d85e05d194b7be7abee304a650e87faedd0c5140669b99b74,100
local_rsvce,ps113_1_2_3_4_5_6,WORLD,,,generic,,,,"ps113:1-2,3-4,5-6",The glory of the Lord is higher than the skies.,"Praise the LORD!Praise, O servants of the LORD, praise the name of the LORD! Blessed be the name of the LORD from this time forth and for evermore!

From the rising of the sun to its setting the name of the LORD is to be praised! The LORD is high above all nations, and his glory above the heavens!

Who is like the LORD our God, who is seated on high, who looks far down upon the heavens and the earth?",repo://assets/rsvce.db,,1cf6cebff5bf9f67f2efc77bde5cbfa3c5850f4ff3a001487890ed5b0cc522fa,db2d21405052fc3bfd065131b3824f7370cc6d82954b12d56db0f0f8094ab8a9,100
local_rsvce,ps113_1_2_3_4_5_6_7_8,WORLD,,,generic,,,,"ps113:1-2,3-4,5-6,7-8",The Lord will count him among his people.++,"Praise the LORD!Praise, O servants of the LORD, praise the name of the LORD! Blessed be the name of the LORD from this time forth and for evermore!

From the rising of the sun to its setting the name of the LORD is to be praised! The LORD is high above all nations, and his glory above the heavens!

Who is like the LORD our God, who is seated on high, who looks far down upon the heavens and the earth?

He raises the poor from the dust, and lifts the needy from the ash heap, to make them sit with princes, with the princes of his people.",repo://assets/rsvce.db,,68ed390a60405de82c7cce07d2067e76def1a39cdfc3c80ac775a2e79b5ba339,f0e944edac7c167903e71e3a83c8aeddf267121a48951e11bf2c1d208120641c,100
local_rsvce,ps113_1_2_3_4_5a_6_7,WORLD,,,generic,,,,"ps113:1-2,3-4,5a+6-7",Blessed be the name of the Lord for ever.,"Praise the LORD!Praise, O servants of the LORD, praise the name of the LORD! Blessed be the name of the LORD from this time forth and for evermore!

From the rising of the sun to its setting the name of the LORD is to be praised! The LORD is high above all nations, and his glory above the heavens!

Who is like the LORD our God, who is seated on high, who looks far down upon the heavens and the earth? He raises the poor from the dust, and lifts the needy from the ash heap,",repo://assets/rsvce.db,,c6da4b40a9e0eac45bae36f04d5eb9a8b3df43e3e6934c998d2031176dfec76c,254bd97cade097dd0effae902c50bc0b6ef8f31f4d7006bcf13b14044221702e,100
local_rsvce,ps113_1_2_4_6_7_8,WORLD,,,generic,,,,"ps113:1-2,4-6,7-8",Praise the Lord who lifts up the poor.,"Praise the LORD!Praise, O servants of the LORD, praise the name of the LORD! Blessed be the name of the LORD from this time forth and for evermore!

The LORD is high above all nations, and his glory above the heavens! Who is like the LORD our God, who is seated on high, who looks far down upon the heavens and the earth?

He raises the poor from the dust, and lifts the needy from the ash heap, to make them sit with princes, with the princes of his people.",repo://assets/rsvce.db,,2b69e63bc1f4881abcca1a37e4b8425329064205208e51aaeb1da9834698a6a7,5e1609bd714cc383825e47434be72a3e8d26ebbe591b42f1c8946f66b74a5fb6,100
local_rsvce,ps113_1b_2_3_4_5_6,WORLD,,,generic,,,,"ps113:1b-2,3-4,5-6",The glory of the Lord is above the heavens.,"Praise the LORD!Praise, O servants of the LORD, praise the name of the LORD! Blessed be the name of the LORD from this time forth and for evermore!

From the rising of the sun to its setting the name of the LORD is to be praised! The LORD is high above all nations, and his glory above the heavens!

Who is like the LORD our God, who is seated on high, who looks far down upon the heavens and the earth?",repo://assets/rsvce.db,,211bcbee9cb8cd79e255294c8ec8d25f8fa2c9693df63ef9ea510fb042ce41d4,805b527a495ddaa2bc27c6e295f5b385a3ee96e645d5fbbd048696d8ccc21e5a,100
local_rsvce,ps113_1b_2_3_4_5a_6_7,WORLD,,,generic,,,,"ps113:1b-2,3-4,5a,6-7",May the name of the Lord be blest for evermore.,"Praise the LORD!Praise, O servants of the LORD, praise the name of the LORD! Blessed be the name of the LORD from this time forth and for evermore!

From the rising of the sun to its setting the name of the LORD is to be praised! The LORD is high above all nations, and his glory above the heavens!

Who is like the LORD our God, who is seated on high,

who looks far down upon the heavens and the earth? He raises the poor from the dust, and lifts the needy from the ash heap,",repo://assets/rsvce.db,,ebda9970abae5899288b616a6390151a77dd45cf082c101d62511d8d76408874,23ffc3630ba93c203593b685a875c44f285c41ad61853e6d85ecbe964635bad8,100
local_rsvce,ps114_1_2_3_4_5_6,WORLD,,,generic,,,,"ps114:1-2,3-4,5-6",Alleluia! (or two or three times),"When Israel went forth from Egypt, the house of Jacob from a people of strange language, Judah became his sanctuary, Israel his dominion.

The sea looked and fled, Jordan turned back. The mountains skipped like rams, the hills like lambs.

What ails you,O sea, that you flee? O Jordan, that you turn back? O mountains, that you skip like rams? O hills, like lambs?",repo://assets/rsvce.db,,af75a52807617ef6212d7176de18d8ee14cf437da842ddc3122e462bf4d103e2,3951903762c4ca296652b87bb573bce3ecd7e1c21022b86a687bf9b5cb350a00,100
local_rsvce,ps115_1_2_3_4_15_16,WORLD,,,generic,,,,"ps115:1-2,3-4,15-16","Not to us, O Lord, but to your name give the glory.","Not to us, O LORD,not to us, but to thy name give glory, for the sake of thy steadfast love and thy faithfulness! Why should the nations say, ""Where is their God?""

Our God is in the heavens; he does whatever he pleases. Their idols are silver and gold, the work of men's hands.

May you be blessed by the LORD, who made heaven and earth! The heavens are the LORD's heavens, but the earth he has given to the sons of men.",repo://assets/rsvce.db,,5044ebbe91c2f0e5195b836eb63abc890f64d939380283bf1ee8aa1c8003d1bb,3c3b469e83aba1b12b33b1934cafdcb022efab0e8cfef53dd7f6a284c3c3e098,100
local_rsvce,ps115_3_4_5_6_7_8_9_10,WORLD,,,generic,,,,"ps115:3-4,5-6,7-8,9-10",The house of Israel trusts in the Lord.,"Our God is in the heavens; he does whatever he pleases. Their idols are silver and gold, the work of men's hands.

They have mouths, but do not speak; eyes, but do not see. They have ears, but do not hear; noses, but do not smell.

They have hands,but do not feel; feet, but do not walk; and they do not make a sound in their throat. Those who make them are like them; so are all who trust in them.

O Israel, trust in the LORD! He is their help and their shield. O house of Aaron,put your trust in the LORD! He is their help and their shield.",repo://assets/rsvce.db,,390e1774b0ce3529fe4bdea97ee9b7472657a8373dde524005a24768953d0540,3b7e832c0f797160f3f925d82d2db91cb499371166288fa8ab11e462d2ca21b4,100
local_rsvce,ps115_3_4_5_6_7ab_8_9_10,WORLD,,,generic,,,,"ps115:3-4,5-6,7ab,8,9-10","House of Israel, trust in the Lord.","Our God is in the heavens; he does whatever he pleases. Their idols are silver and gold, the work of men's hands.

They have mouths, but do not speak; eyes, but do not see. They have ears, but do not hear; noses, but do not smell.

They have hands,but do not feel; feet, but do not walk; and they do not make a sound in their throat.

Those who make them are like them; so are all who trust in them.

O Israel, trust in the LORD! He is their help and their shield. O house of Aaron,put your trust in the LORD! He is their help and their shield.",repo://assets/rsvce.db,,3f082ce78824576fde5f7af3c96f29f55355967fb722dfc65f90fcde0ee5982d,3f6bf2ccdc6612119e3a3435921dfa26f7c97392d539fee2bf66641dacc20e9d,100
local_rsvce,ps116_10_11_15_16_17_18,WORLD,,,generic,,,,"ps116:10-11,15-16,17-18","To you, Lord, I will offer a sacrifice of praise.","I kept my faith, even when I said, ""I am greatly afflicted""; I said in my consternation, ""Men are all a vain hope.""

Precious in the sight of the LORD is the death of his saints. O LORD, I am thy servant;I am thy servant, the son of thy handmaid. Thou hast loosed my bonds.

I will offer to thee the sacrifice of thanksgiving and call on the name of the LORD. I will pay my vows to the LORD in the presence of all his people,",repo://assets/rsvce.db,,4b90a56e2b06c45fc013e89618440882742a51ab1f482cbe996051756ac04733,4fa18e5274777e04d9aa8ef745d97cabab341703d5880dd1492d61670961e89c,100
local_rsvce,ps116_10_15_16_17_18_19,WORLD,,,generic,,,,"ps116:10,15,16-17,18-19","(116:9) I will walk before the Lord, in the land of the living.","I kept my faith, even when I said, ""I am greatly afflicted"";

Precious in the sight of the LORD is the death of his saints.

O LORD, I am thy servant;I am thy servant, the son of thy handmaid. Thou hast loosed my bonds. I will offer to thee the sacrifice of thanksgiving and call on the name of the LORD.

I will pay my vows to the LORD in the presence of all his people, in the courts of the house of the LORD,in your midst, O Jerusalem. Praise the LORD!",repo://assets/rsvce.db,,c7cf8a14cd1df5bd639db12bffedf9af180a7e7d9c542e16bd8b9c27ae9af6e4,ee60df8c565e435d7073d3caed19bda5ec91ca84a3eb041958cb07486880b25b,100
local_rsvce,ps116_12_13_14_15_16_17,WORLD,,,generic,,,,"ps116:12-13,14-15,16-17",What return can I make to the Lord,"What shall I render to the LORD for all his bounty to me? I will lift up the cup of salvation and call on the name of the LORD,

I will pay my vows to the LORD in the presence of all his people. Precious in the sight of the LORD is the death of his saints.

O LORD, I am thy servant;I am thy servant, the son of thy handmaid. Thou hast loosed my bonds. I will offer to thee the sacrifice of thanksgiving and call on the name of the LORD.",repo://assets/rsvce.db,,ef3841e426da877b40973296b2d242bc749eb237ee8e728e62675dda0ce5df16,6f9ef12d4691e88a2418b2042cd5c5bfe78a07aacd9794a71c0a83c776314c56,100
local_rsvce,ps116_12_13_14_15_18_19,WORLD,,,generic,,,,"ps116:12-13,14-15,18-19","To you, Lord, I will offer a sacrifice of praise.","What shall I render to the LORD for all his bounty to me? I will lift up the cup of salvation and call on the name of the LORD,

I will pay my vows to the LORD in the presence of all his people. Precious in the sight of the LORD is the death of his saints.

I will pay my vows to the LORD in the presence of all his people, in the courts of the house of the LORD,in your midst, O Jerusalem. Praise the LORD!",repo://assets/rsvce.db,,6e189d3faf4971b43099097977d9f7ec20541f03d850f00e7542e34038f7b0c5,6d3757d7d63011b5473e40c4432a82aeb81bf584f11ab3eba8c0b6ce7b4a7bc6,100
local_rsvce,ps116_12_13_14_17_18_19,WORLD,,,generic,,,,"ps116:12-13,14+17,18-19","To you, Lord, I will offer a sacrifice of praise.","What shall I render to the LORD for all his bounty to me? I will lift up the cup of salvation and call on the name of the LORD,

I will pay my vows to the LORD in the presence of all his people. I will offer to thee the sacrifice of thanksgiving and call on the name of the LORD.

I will pay my vows to the LORD in the presence of all his people, in the courts of the house of the LORD,in your midst, O Jerusalem. Praise the LORD!",repo://assets/rsvce.db,,d2975f33725057f1f2c23205ea5798e09f6d13aeb0e160b5dd75bded7d836b3d,8c941f8075bc0e7ad28b273e359e21603f4034a73c58f3294e0b087fbf0b78ea,100
local_rsvce,ps116_12_13_14_17_18_19__alias_f204c7f4d651,WORLD,,,generic,,,,"ps116:12-13,14,17,18-19","To you, Lord, I will offer a sacrifice of praise.","What shall I render to the LORD for all his bounty to me? I will lift up the cup of salvation and call on the name of the LORD,

I will pay my vows to the LORD in the presence of all his people. I will offer to thee the sacrifice of thanksgiving and call on the name of the LORD.

I will pay my vows to the LORD in the presence of all his people, in the courts of the house of the LORD,in your midst, O Jerusalem. Praise the LORD!",repo://assets/rsvce.db,,d2975f33725057f1f2c23205ea5798e09f6d13aeb0e160b5dd75bded7d836b3d,8c941f8075bc0e7ad28b273e359e21603f4034a73c58f3294e0b087fbf0b78ea,100
local_rsvce,ps116_12_13_15_16_17_18,WORLD,,,generic,,,,"ps116:12-13,15-16,17-18","(13) I will take the cup of salvation, and call on the name of the Lord.","What shall I render to the LORD for all his bounty to me? I will lift up the cup of salvation and call on the name of the LORD,

Precious in the sight of the LORD is the death of his saints. O LORD, I am thy servant;I am thy servant, the son of thy handmaid. Thou hast loosed my bonds.

I will offer to thee the sacrifice of thanksgiving and call on the name of the LORD. I will pay my vows to the LORD in the presence of all his people,",repo://assets/rsvce.db,,c8579fe392b3da8fe52f0246f793e73d6006a6b6044c107edb9ff3b544fa9770,77c231bdb76dafd5d7fe21172c6f52bc278dc31e505d5c3acdfc5e335aad36f9,100
local_rsvce,ps116_12_13_15_16bc_17_18,WORLD,,,generic,,,,"ps116:12-13,15-16bc,17-18",The blessing cup that we bless is a communion with the blood of Christ.,"What shall I render to the LORD for all his bounty to me? I will lift up the cup of salvation and call on the name of the LORD,

Precious in the sight of the LORD is the death of his saints. O LORD, I am thy servant;I am thy servant, the son of thy handmaid. Thou hast loosed my bonds.

I will offer to thee the sacrifice of thanksgiving and call on the name of the LORD. I will pay my vows to the LORD in the presence of all his people,",repo://assets/rsvce.db,,53ab72ba004dceb0e898a7d32761136ca271be1e8a93d674bc1101f795cca220,468bdc42fce729667f28857b4dbf9bdb3d1fb18125c04dd7846aeaae8e5b1d40,100
local_rsvce,ps116_12_13_15_16bc_17_18__alias_b402db00021c,WORLD,,,generic,,,,"ps116:12-13,15,16bc,17-18",The blessing cup that we bless is a communion with the blood of Christ.,"What shall I render to the LORD for all his bounty to me? I will lift up the cup of salvation and call on the name of the LORD,

Precious in the sight of the LORD is the death of his saints. O LORD, I am thy servant;I am thy servant, the son of thy handmaid. Thou hast loosed my bonds.

I will offer to thee the sacrifice of thanksgiving and call on the name of the LORD. I will pay my vows to the LORD in the presence of all his people,",repo://assets/rsvce.db,,53ab72ba004dceb0e898a7d32761136ca271be1e8a93d674bc1101f795cca220,468bdc42fce729667f28857b4dbf9bdb3d1fb18125c04dd7846aeaae8e5b1d40,100
local_rsvce,ps116_12_13_17_18,WORLD,,,generic,,,,"ps116:12-13,17-18","To you, Lord, I will offer a sacrifice of praise.","What shall I render to the LORD for all his bounty to me? I will lift up the cup of salvation and call on the name of the LORD,

I will offer to thee the sacrifice of thanksgiving and call on the name of the LORD. I will pay my vows to the LORD in the presence of all his people,",repo://assets/rsvce.db,,dc7f6054852ae43fee5fdc6ba80caa47bbb3d0c103353949d257a379341aba74,dc818dc474a9e6769b4ee02abd76d12d0a1183eafdeb4f0730cf53ea75060d93,100
local_rsvce,ps116_1_2_3_4_5_6_8_9,WORLD,,,generic,,,,"ps116:1-2,3-4,5-6,8-9","(9) I will walk before the Lord, in the land of the living.","I love the LORD, because he has heard my voice and my supplications. Because he inclined his ear to me, therefore I will call on him as long as I live.

The snares of death encompassed me;the pangs of Sheol laid hold on me; I suffered distress and anguish. Then I called on the name of the LORD: ""O LORD, I beseech thee, save my life!""

Gracious is the LORD, and righteous; our God is merciful. The LORD preserves the simple; when I was brought low, he saved me.

For thou hast delivered my soul from death, my eyes from tears, my feet from stumbling; I walk before the LORD in the land of the living.",repo://assets/rsvce.db,,f068369dde322a2a91013698f1b01213e7111542b045c9515e11b6eca95b5469,de2936a0cab7795f6ab55a9032bd5ad2d66f669caf1fb64d98539845521f343b,100
local_rsvce,ps117_1_2,WORLD,,,generic,,,,"ps117:1,2",(Mark 16:15) Go out to all the world and tell the good news.,"Praise the LORD, all nations! Extol him, all peoples!

For great is his steadfast love toward us;and the faithfulness of the LORD endures for ever. Praise the LORD!",repo://assets/rsvce.db,,011f7c109808545ad6046d7b978657c42d2661b8f60acf98a6b7e707acd7dcaf,204852a43d1a5abe266cb443570e3d38db0ca333b3c6f0edefc568a673997a5a,100
local_rsvce,ps117_1bc_2,WORLD,,,generic,,,,"ps117:1bc,2",Go into all the world and proclaim the gospel.,"Praise the LORD, all nations! Extol him, all peoples!

For great is his steadfast love toward us;and the faithfulness of the LORD endures for ever. Praise the LORD!",repo://assets/rsvce.db,,eb92ad4e6b61143274883d69deda4a429837b2381bbdedcc562768d0d51ea689,bb80658f1879b9aaff9e2aedadc99684b8300f87e5c3a90f075a3f0642d623cd,100
local_rsvce,ps118_1_14_15_16ab_18_19_21,WORLD,,,generic,,,,"ps118:1+14-15,16ab-18,19-21","I praise you, Lord, for you have answered me.","O give thanks to the LORD, for he is good; his steadfast love endures for ever! The LORD is my strength and my song; he has become my salvation. Hark, glad songs of victory in the tents of the righteous: ""The right hand of the LORD does valiantly,

the right hand of the LORD is exalted, the right hand of the LORD does valiantly!"" I shall not die, but I shall live, and recount the deeds of the LORD. The LORD has chastened me sorely, but he has not given me over to death.

Open to me the gates of righteousness, that I may enter through them and give thanks to the LORD. This is the gate of the LORD; the righteous shall enter through it. I thank thee that thou hast answered me and hast become my salvation.",repo://assets/rsvce.db,,edaefdb0967b45cfee93a0ef6f293f58471980169d8766b0307b9b966894d276,6d77f8423f9bb82f920f6e5ceaed367c1c0b5ba64bed6824b7e01bb050d67b10,100
local_rsvce,ps118_1_14_15ab_15c_18_19_21,WORLD,,,generic,,,,"ps118:1,14-15ab,15c-18,19-21","I will thank you, Lord, for you have answered me.","O give thanks to the LORD, for he is good; his steadfast love endures for ever!

The LORD is my strength and my song; he has become my salvation. Hark, glad songs of victory in the tents of the righteous: ""The right hand of the LORD does valiantly,

Hark, glad songs of victory in the tents of the righteous: ""The right hand of the LORD does valiantly, the right hand of the LORD is exalted, the right hand of the LORD does valiantly!"" I shall not die, but I shall live, and recount the deeds of the LORD. The LORD has chastened me sorely, but he has not given me over to death.

Open to me the gates of righteousness, that I may enter through them and give thanks to the LORD. This is the gate of the LORD; the righteous shall enter through it. I thank thee that thou hast answered me and hast become my salvation.",repo://assets/rsvce.db,,1802f01cb8dfacf82fa6c3c036a11be0cfffd24ed9a864e6ef41c14e91960168,af31df8bfdd88b2452cbd9111bc80153d27951dbb8af5050af4661deacc07ada,100
local_rsvce,ps118_1_14_15ab_16_18_19_21,WORLD,,,generic,,,,"ps118:1,14-15ab,16-18,19-21","I will give thanks to you, Lord, for you have answered me.","O give thanks to the LORD, for he is good; his steadfast love endures for ever!

The LORD is my strength and my song; he has become my salvation. Hark, glad songs of victory in the tents of the righteous: ""The right hand of the LORD does valiantly,

the right hand of the LORD is exalted, the right hand of the LORD does valiantly!"" I shall not die, but I shall live, and recount the deeds of the LORD. The LORD has chastened me sorely, but he has not given me over to death.

Open to me the gates of righteousness, that I may enter through them and give thanks to the LORD. This is the gate of the LORD; the righteous shall enter through it. I thank thee that thou hast answered me and hast become my salvation.",repo://assets/rsvce.db,,0019381f3608e8df5ba854a68c4b5de225f19fb9022a9594c2328eb81984e826,923a45ad922c1809ac32fcdd086f7ad8ceccbdc53e6747d5bfacb85dcc8040c4,100
local_rsvce,ps118_1_2_15c_17_22_23,WORLD,,,generic,,,,"ps118:1-2,15c-17,22-23",Alleluia. Alleluia. Alleluia.,"O give thanks to the LORD, for he is good; his steadfast love endures for ever! Let Israel say, ""His steadfast love endures for ever.""

Hark, glad songs of victory in the tents of the righteous: ""The right hand of the LORD does valiantly, the right hand of the LORD is exalted, the right hand of the LORD does valiantly!"" I shall not die, but I shall live, and recount the deeds of the LORD.

The stone which the builders rejected has become the head of the corner. This is the LORD's doing; it is marvelous in our eyes.",repo://assets/rsvce.db,,822ded81b16e153a609ae19933616c04af0db69b14b2b66281c5393f657b196c,ba81b0593d365f4583ff19f3a1804ccfa9f01761517bfef2078dd9863b9116ad,100
local_rsvce,ps118_1_2_15c_17_28,WORLD,,,generic,,,,"ps118:1-2,15c-17,28","Give praise to the Lord, for he is good.","O give thanks to the LORD, for he is good; his steadfast love endures for ever! Let Israel say, ""His steadfast love endures for ever.""

Hark, glad songs of victory in the tents of the righteous: ""The right hand of the LORD does valiantly, the right hand of the LORD is exalted, the right hand of the LORD does valiantly!"" I shall not die, but I shall live, and recount the deeds of the LORD.

Thou art my God, and I will give thanks to thee; thou art my God, I will extol thee.",repo://assets/rsvce.db,,a098baa9e3cf974eb04d0822e77c7e12f38e954d8a74133c32547a9448a571a8,818a72bdd635e70b45c96916dc6ce1ccfd5cf88874acc9d45192480997980405,100
local_rsvce,ps118_1_2_16_17_22_23,WORLD,,,generic,,,,"ps118:1-2,16-17,22-23","(1) You are my inheritance, O Lord.","O give thanks to the LORD, for he is good; his steadfast love endures for ever! Let Israel say, ""His steadfast love endures for ever.""

the right hand of the LORD is exalted, the right hand of the LORD does valiantly!"" I shall not die, but I shall live, and recount the deeds of the LORD.

The stone which the builders rejected has become the head of the corner. This is the LORD's doing; it is marvelous in our eyes.",repo://assets/rsvce.db,,7d8b85f714ea32d5dd920104bbdbc79b47374cfd1ca3d49e29216194a28d0be7,9556df9c73ba510f2c5862e472ea3718ab260be098735fbb3fc1b9629f16a9af,100
local_rsvce,ps118_1_2_16ab_17_21_28,WORLD,,,generic,,,,"ps118:1-2,16ab-17,21+28","Give thanks, for the Lord is good.","O give thanks to the LORD, for he is good; his steadfast love endures for ever! Let Israel say, ""His steadfast love endures for ever.""

the right hand of the LORD is exalted, the right hand of the LORD does valiantly!"" I shall not die, but I shall live, and recount the deeds of the LORD.

I thank thee that thou hast answered me and hast become my salvation. Thou art my God, and I will give thanks to thee; thou art my God, I will extol thee.",repo://assets/rsvce.db,,1cb40a0d9ede27c875121f0795d649fd26af7d574fe901a57e058a6764595695,d7b45f014f7840b8467d337cee659dcb48ab84753630a4b803c6a1151d316512,100
local_rsvce,ps118_1_2_4_22_24_25_27a,WORLD,,,generic,,,,"ps118:1-2,4,22-24,25-27a",The stone rejected by the builders has become the cornerstone.,"O give thanks to the LORD, for he is good; his steadfast love endures for ever! Let Israel say, ""His steadfast love endures for ever.""

Let those who fear the LORD say, ""His steadfast love endures for ever.""

The stone which the builders rejected has become the head of the corner. This is the LORD's doing; it is marvelous in our eyes. This is the day which the LORD has made; let us rejoice and be glad in it.

Save us, we beseech thee, O LORD! O LORD, we beseech thee, give us success! Blessed be he who enters in the name of the LORD! We bless you from the house of the LORD. The LORD is God, and he has given us light.Bind the festal procession with branches, up to the horns of the altar!",repo://assets/rsvce.db,,0822b1eb8d634db7d00349c934db28d9af5304ce0f8dc16e25344935348ee23c,83b691d90a3c2bfd7869fc8f99504077d6045e82df13f2ca19ed5a6d8dc72cfb,100
local_rsvce,ps118_1_2_4_22_24_25_27ab,WORLD,,,generic,,,,"ps118:1-2,4,22-24,25-27ab",The stone which the builders rejected has become the cornerstone.,"O give thanks to the LORD, for he is good; his steadfast love endures for ever! Let Israel say, ""His steadfast love endures for ever.""

Let those who fear the LORD say, ""His steadfast love endures for ever.""

The stone which the builders rejected has become the head of the corner. This is the LORD's doing; it is marvelous in our eyes. This is the day which the LORD has made; let us rejoice and be glad in it.

Save us, we beseech thee, O LORD! O LORD, we beseech thee, give us success! Blessed be he who enters in the name of the LORD! We bless you from the house of the LORD. The LORD is God, and he has given us light.Bind the festal procession with branches, up to the horns of the altar!",repo://assets/rsvce.db,,8b99f995cdc83e4937eadc5c13c88aa283adc7c3aac47fe4d34fd9e3d3753b5a,94f605c8112f1ccf910cc94eb2fa1d917a7dd0ab617a0ad1b7f5b62d1e5a7bc9,100
local_rsvce,ps118_1_8_9_19_21_25_27,WORLD,,,generic,,,,"ps118:1,8-9,19-21,25-27",Blest is he who comes in the name of the Lord.,"O give thanks to the LORD, for he is good; his steadfast love endures for ever!

It is better to take refuge in the LORD than to put confidence in man. It is better to take refuge in the LORD than to put confidence in princes.

Open to me the gates of righteousness, that I may enter through them and give thanks to the LORD. This is the gate of the LORD; the righteous shall enter through it. I thank thee that thou hast answered me and hast become my salvation.

Save us, we beseech thee, O LORD! O LORD, we beseech thee, give us success! Blessed be he who enters in the name of the LORD! We bless you from the house of the LORD. The LORD is God, and he has given us light.Bind the festal procession with branches, up to the horns of the altar!",repo://assets/rsvce.db,,635244cd229581d35baf04666de7ea30524a551864f597c5e61496e2f885060e,a59e12ef3c22c72da5c2c42eb58e9adbf2bfd180ae42e59405eba832ce264b50,100
local_rsvce,ps118_1_8_9_19_21_25_27a,WORLD,,,generic,,,,"ps118:1,8-9,19-21,25-27a",Blessed is he who comes in the name of the Lord.,"O give thanks to the LORD, for he is good; his steadfast love endures for ever!

It is better to take refuge in the LORD than to put confidence in man. It is better to take refuge in the LORD than to put confidence in princes.

Open to me the gates of righteousness, that I may enter through them and give thanks to the LORD. This is the gate of the LORD; the righteous shall enter through it. I thank thee that thou hast answered me and hast become my salvation.

Save us, we beseech thee, O LORD! O LORD, we beseech thee, give us success! Blessed be he who enters in the name of the LORD! We bless you from the house of the LORD. The LORD is God, and he has given us light.Bind the festal procession with branches, up to the horns of the altar!",repo://assets/rsvce.db,,0a84222d4421922f5fa84504e8a335d38ae4bedb38ab078c31e786b78e38ef4e,03080fb0c5132024a8ecce8fc32296c72f1d5efd8732dcd9873a114b012b7846,100
local_rsvce,ps118_1_8_9_21_23_26_28_29,WORLD,,,generic,,,,"ps118:1,8-9,21-23,26,28,29",(22) The stone rejected by the builders has become the cornerstone.,"O give thanks to the LORD, for he is good; his steadfast love endures for ever!

It is better to take refuge in the LORD than to put confidence in man. It is better to take refuge in the LORD than to put confidence in princes.

I thank thee that thou hast answered me and hast become my salvation. The stone which the builders rejected has become the head of the corner. This is the LORD's doing; it is marvelous in our eyes.

Blessed be he who enters in the name of the LORD! We bless you from the house of the LORD.

Thou art my God, and I will give thanks to thee; thou art my God, I will extol thee.

O give thanks to the LORD, for he is good; for his steadfast love endures for ever!",repo://assets/rsvce.db,,bc4cc3b7dffbbd8998814cbcd593619de35e7f82f27e09aabd8f0105527dc46b,db66f46e41787ec84e24ee64de256cbccfbdd86ebfa563aaadc41693ae7ba020,100
local_rsvce,ps118_2_4_13_15_22_24,WORLD,,,generic,,,,"ps118:2-4,13-15,22-24","(1) Give thanks to the LORD, for he is good, his love is everlasting.","Let Israel say, ""His steadfast love endures for ever."" Let the house of Aaron say, ""His steadfast love endures for ever."" Let those who fear the LORD say, ""His steadfast love endures for ever.""

I was pushed hard,  so that I was falling, but the LORD helped me. The LORD is my strength and my song; he has become my salvation. Hark, glad songs of victory in the tents of the righteous: ""The right hand of the LORD does valiantly,

The stone which the builders rejected has become the head of the corner. This is the LORD's doing; it is marvelous in our eyes. This is the day which the LORD has made; let us rejoice and be glad in it.",repo://assets/rsvce.db,,7ddb00631ddc4033bfb6db5530110f8a53866564b8be10ae69298fdded3c5856,1f8560cfae4db8ca527891e303712ad3bf10c8c576289e335c3e43ed16f29aec,100
local_rsvce,ps118_2_4_13_15ab_22_24,WORLD,,,generic,,,,"ps118:2-4,13-15ab,22-24","Give praise to the Lord, for he is good; his mercy endures forever.","Let Israel say, ""His steadfast love endures for ever."" Let the house of Aaron say, ""His steadfast love endures for ever."" Let those who fear the LORD say, ""His steadfast love endures for ever.""

I was pushed hard,  so that I was falling, but the LORD helped me. The LORD is my strength and my song; he has become my salvation. Hark, glad songs of victory in the tents of the righteous: ""The right hand of the LORD does valiantly,

The stone which the builders rejected has become the head of the corner. This is the LORD's doing; it is marvelous in our eyes. This is the day which the LORD has made; let us rejoice and be glad in it.",repo://assets/rsvce.db,,8e3b6039d913ab0bbea6d86900279bfd5a0f99515fb37c2f5c2365d75ca13023,dcc8a51e87e5112a12f7c41abc7887a8cdfcf2b3038f27b2eea14ba029e5e323,100
local_rsvce,ps119_129_130_131_132_133_135,WORLD,,,generic,,,,"ps119:129-130,131-132,133+135","Lord, let your face shine on me.","Thy testimonies are wonderful; therefore my soul keeps them. The unfolding of thy words gives light; it imparts understanding to the simple.

With open mouth I pant, because I long for thy commandments. Turn to me and be gracious to me, as is thy wont toward those who love thy name.

Keep steady my steps according to thy promise, and let no iniquity get dominion over me. Make thy face shine upon thy servant, and teach me thy statutes.",repo://assets/rsvce.db,,353e58ae5fab12ca88d474394cabc35b3d2dbb7504a5d54c9a8fad19a2261915,df5396184423b2b6e0b8045c62dbe18af5271b0ffb464af31c8b327ec1ef2443,100
local_rsvce,ps119_129_130_131_132_133_135__alias_3c9c24b55446,WORLD,,,generic,,,,"ps119:129,130,131,132,133,135","Lord, let your face shine on me.","Thy testimonies are wonderful; therefore my soul keeps them. The unfolding of thy words gives light; it imparts understanding to the simple.

With open mouth I pant, because I long for thy commandments. Turn to me and be gracious to me, as is thy wont toward those who love thy name.

Keep steady my steps according to thy promise, and let no iniquity get dominion over me. Make thy face shine upon thy servant, and teach me thy statutes.",repo://assets/rsvce.db,,353e58ae5fab12ca88d474394cabc35b3d2dbb7504a5d54c9a8fad19a2261915,df5396184423b2b6e0b8045c62dbe18af5271b0ffb464af31c8b327ec1ef2443,100
local_rsvce,ps119_12_16_18_27_34_35,WORLD,,,generic,,,,"ps119:12+16,18+27,34-35","Guide me, Lord, in the way of your commands.","Blessed be thou, O LORD; teach me thy statutes! I will delight in thy statutes; I will not forget thy word.

Open my eyes, that I may behold wondrous things out of thy law. Make me understand the way of thy precepts, and I will meditate on thy wondrous works.

Give me understanding,that I may keep thy law and observe it with my whole heart. Lead me in the path of thy commandments, for I delight in it.",repo://assets/rsvce.db,,6549a4cf0d2d6b6e44f78e589c066305eb04f6c9ffdfc9b802856cbb6ed2f1c7,bf21e5a8c8625f8fcc74e49e6787368892485c7cf0c64bed0bf311a75449bfea,100
local_rsvce,ps119_12_16_18_27_34_35__alias_09173ff0e729,WORLD,,,generic,,,,"ps119:12,16,18,27,34,35","Guide me, Lord, in the way of your commands.","Blessed be thou, O LORD; teach me thy statutes! I will delight in thy statutes; I will not forget thy word.

Open my eyes, that I may behold wondrous things out of thy law. Make me understand the way of thy precepts, and I will meditate on thy wondrous works.

Give me understanding,that I may keep thy law and observe it with my whole heart. Lead me in the path of thy commandments, for I delight in it.",repo://assets/rsvce.db,,6549a4cf0d2d6b6e44f78e589c066305eb04f6c9ffdfc9b802856cbb6ed2f1c7,bf21e5a8c8625f8fcc74e49e6787368892485c7cf0c64bed0bf311a75449bfea,100
local_rsvce,ps119_14_24_72_103_111_131,WORLD,,,generic,,,,"ps119:14+24,72+103,111+131",How sweet to my taste is your promise!,"In the way of thy testimonies I delight as much as in all riches. Thy testimonies are my delight, they are my counselors.

The law of thy mouth is better to me than thousands of gold and silver pieces. How sweet are thy words to my taste, sweeter than honey to my mouth!

Thy testimonies are my heritage for ever; yea, they are the joy of my heart. With open mouth I pant, because I long for thy commandments.",repo://assets/rsvce.db,,4303005d4d5ec4e19280bf542bd34f41831df09e31e07b8d1a71f0b2b5e27856,4f5cc54ebf9ca323dc04df9c0a914cb59afaa6d4c3426b62bd8df39fb20ba6cd,100
local_rsvce,ps119_14_24_72_103_111_131__alias_dff17213357f,WORLD,,,generic,,,,"ps119:14,24,72,103,111,131",How sweet to my taste is your promise!,"In the way of thy testimonies I delight as much as in all riches. Thy testimonies are my delight, they are my counselors.

The law of thy mouth is better to me than thousands of gold and silver pieces. How sweet are thy words to my taste, sweeter than honey to my mouth!

Thy testimonies are my heritage for ever; yea, they are the joy of my heart. With open mouth I pant, because I long for thy commandments.",repo://assets/rsvce.db,,4303005d4d5ec4e19280bf542bd34f41831df09e31e07b8d1a71f0b2b5e27856,4f5cc54ebf9ca323dc04df9c0a914cb59afaa6d4c3426b62bd8df39fb20ba6cd,100
local_rsvce,ps119_157_160_161_165_166_168,WORLD,,,generic,,,,"ps119:157+160,161+165,166+168","Lord, great is the peace for those who love your law.++","Many are my persecutors and my adversaries, but I do not swerve from thy testimonies. The sum of thy word is truth; and every one of thy righteous ordinances endures for ever.

Princes persecute me without cause, but my heart stands in awe of thy words. Great peace have those who love thy law; nothing can make them stumble.

I hope for thy salvation, O LORD, and I do thy commandments. I keep thy precepts and testimonies, for all my ways are before thee.",repo://assets/rsvce.db,,8dedff16c3ef1234420a59c4ec70d078d330e6a0ea9ba249152791cef2798b99,9c1a9d45ec3d02596b80d998e49ea68b94ce2d2702b363f20ce6c6c1eb7f5c52,100
local_rsvce,ps119_157_160_161_165_166_168__alias_33bd1b568712,WORLD,,,generic,,,,"ps119:157,160,161,165,166,168","Lord, great is the peace for those who love your law.++","Many are my persecutors and my adversaries, but I do not swerve from thy testimonies. The sum of thy word is truth; and every one of thy righteous ordinances endures for ever.

Princes persecute me without cause, but my heart stands in awe of thy words. Great peace have those who love thy law; nothing can make them stumble.

I hope for thy salvation, O LORD, and I do thy commandments. I keep thy precepts and testimonies, for all my ways are before thee.",repo://assets/rsvce.db,,8dedff16c3ef1234420a59c4ec70d078d330e6a0ea9ba249152791cef2798b99,9c1a9d45ec3d02596b80d998e49ea68b94ce2d2702b363f20ce6c6c1eb7f5c52,100
local_rsvce,ps119_165_168_171_172_174_175,WORLD,,,generic,,,,"ps119:165+168,171-172,174-175","Those who love your law have great peace, O Lord.++","Great peace have those who love thy law; nothing can make them stumble. I keep thy precepts and testimonies, for all my ways are before thee.

My lips will pour forth praise that thou dost teach me thy statutes. My tongue will sing of thy word, for all thy commandments are right.

I long for thy salvation, O LORD, and thy law is my delight. Let me live, that I may praise thee, and let thy ordinances help me.",repo://assets/rsvce.db,,195790264c6d6dc76d1ef7e30b6ae8a2c2c06dc56018ec78c951364b57638b48,3a283116155f86f0cb5e8cfae2ba77527d407c731b14ca314d3340741f76a37b,100
local_rsvce,ps119_165_168_171_172_174_175__alias_850802bd6311,WORLD,,,generic,,,,"ps119:165,168,171,172,174,175","Those who love your law have great peace, O Lord.++","Great peace have those who love thy law; nothing can make them stumble. I keep thy precepts and testimonies, for all my ways are before thee.

My lips will pour forth praise that thou dost teach me thy statutes. My tongue will sing of thy word, for all thy commandments are right.

I long for thy salvation, O LORD, and thy law is my delight. Let me live, that I may praise thee, and let thy ordinances help me.",repo://assets/rsvce.db,,195790264c6d6dc76d1ef7e30b6ae8a2c2c06dc56018ec78c951364b57638b48,3a283116155f86f0cb5e8cfae2ba77527d407c731b14ca314d3340741f76a37b,100
local_rsvce,ps119_1_27_30_34_35_44,WORLD,,,generic,,,,"ps119:1+27,30+34,35+44","Guide me, Lord, in the way of your commands.","Blessed are those whose way is blameless, who walk in the law of the LORD! Make me understand the way of thy precepts, and I will meditate on thy wondrous works.

I have chosen the way of faithfulness, I set thy ordinances before me. Give me understanding,that I may keep thy law and observe it with my whole heart.

Lead me in the path of thy commandments, for I delight in it. I will keep thy law continually, for ever and ever;",repo://assets/rsvce.db,,6dda4c0fb187e1c7d81d79f60e412acbcf88575b08a70a4550d8227c7f02d088,e092fed995ef0c2b2a615dc37be328119fd9a77601948ae5ce43017f34849977,100
local_rsvce,ps119_1_27_30_34_35_44__alias_c8e7c1f2b739,WORLD,,,generic,,,,"ps119:1,27,30,34,35,44","Guide me, Lord, in the way of your commands.","Blessed are those whose way is blameless, who walk in the law of the LORD! Make me understand the way of thy precepts, and I will meditate on thy wondrous works.

I have chosen the way of faithfulness, I set thy ordinances before me. Give me understanding,that I may keep thy law and observe it with my whole heart.

Lead me in the path of thy commandments, for I delight in it. I will keep thy law continually, for ever and ever;",repo://assets/rsvce.db,,6dda4c0fb187e1c7d81d79f60e412acbcf88575b08a70a4550d8227c7f02d088,e092fed995ef0c2b2a615dc37be328119fd9a77601948ae5ce43017f34849977,100
local_rsvce,ps119_1_2_10_11_17_18,WORLD,,,generic,,,,"ps119:1-2,10-11,17-18",Happy are they who follow the law of the Lord!,"Blessed are those whose way is blameless, who walk in the law of the LORD! Blessed are those who keep his testimonies, who seek him with their whole heart,

With my whole heart I seek thee; let me not wander from thy commandments! I have laid up thy word in my heart, that I might not sin against thee.

Deal bountifully with thy servant, that I may live and observe thy word. Open my eyes, that I may behold wondrous things out of thy law.",repo://assets/rsvce.db,,d59e23820a28945783a7c65284a4e0381965b2d143401f084d2023ca1f8ea1d9,e5ae4ee14b1481443e7a5c4402e99d95e33d72fb601f4bdb3097148c607485d0,100
local_rsvce,ps119_1_2_10_11_17_18__alias_793621ceb06f,WORLD,,,generic,,,,"ps119:1,2,10,11,17,18",Happy are they who follow the law of the Lord!,"Blessed are those whose way is blameless, who walk in the law of the LORD! Blessed are those who keep his testimonies, who seek him with their whole heart,

With my whole heart I seek thee; let me not wander from thy commandments! I have laid up thy word in my heart, that I might not sin against thee.

Deal bountifully with thy servant, that I may live and observe thy word. Open my eyes, that I may behold wondrous things out of thy law.",repo://assets/rsvce.db,,d59e23820a28945783a7c65284a4e0381965b2d143401f084d2023ca1f8ea1d9,e5ae4ee14b1481443e7a5c4402e99d95e33d72fb601f4bdb3097148c607485d0,100
local_rsvce,ps119_1_2_4_5_17_18_33_34,WORLD,,,generic,,,,"ps119:1-2,4-5,17-18,33-34",(1b) Blessed are they who follow the law of the Lord!,"Blessed are those whose way is blameless, who walk in the law of the LORD! Blessed are those who keep his testimonies, who seek him with their whole heart,

Thou hast commanded thy precepts to be kept diligently. O that my ways may be steadfast in keeping thy statutes!

Deal bountifully with thy servant, that I may live and observe thy word. Open my eyes, that I may behold wondrous things out of thy law.

Teach me, O LORD, the way of thy statutes; and I will keep it to the end. Give me understanding,that I may keep thy law and observe it with my whole heart.",repo://assets/rsvce.db,,94f0f363ce5a4e52f9cc6d2ddd3faaf7e62ca827429228d4d23a420f38654c10,f4cb9a43a20a73bd1b1f1637dfd1d709c504e176a031cc38d4a1d96100e89913,100
local_rsvce,ps119_1_2_4_5_7_8,WORLD,,,generic,,,,"ps119:1-2,4-5,7-8",Happy are they who follow the law of the Lord!,"Blessed are those whose way is blameless, who walk in the law of the LORD! Blessed are those who keep his testimonies, who seek him with their whole heart,

Thou hast commanded thy precepts to be kept diligently. O that my ways may be steadfast in keeping thy statutes!

I will praise thee with an upright heart, when I learn thy righteous ordinances. I will observe thy statutes; O forsake me not utterly!",repo://assets/rsvce.db,,6af489d04970adab75bbb088ca2e6da63eb441e15fbd19ffb5c253cf3469de96,fa7a322c005d3ea6381edd1909e8e0a2dd267727506269cea658ac2a0980b744,100
local_rsvce,ps119_23_24_26_27_29_30,WORLD,,,generic,,,,"ps119:23-24,26-27,29-30",Happy are they who follow the law of the Lord!,"Even though princes sit plotting against me, thy servant will meditate on thy statutes. Thy testimonies are my delight, they are my counselors.

When I told of my ways,thou didst answer me; teach me thy statutes! Make me understand the way of thy precepts, and I will meditate on thy wondrous works.

Put false ways far from me; and graciously teach me thy law! I have chosen the way of faithfulness, I set thy ordinances before me.",repo://assets/rsvce.db,,4d761c250061c757091ec071cf285c036f7fd31c56785cb43935e2506bf96ecb,91f12bc71addba32e795d00f403a2a094f2fbf5a06bdc94e343209ed3e33af5f,100
local_rsvce,ps119_29_43_79_80_95_102,WORLD,,,generic,,,,"ps119:29+43,79-80,95+102","Teach me your laws, O Lord.","Put false ways far from me; and graciously teach me thy law! And take not the word of truth utterly out of my mouth, for my hope is in thy ordinances.

Let those who fear thee turn to me, that they may know thy testimonies. May my heart be blameless in thy statutes, that I may not be put to shame!

The wicked lie in wait to destroy me; but I consider thy testimonies. I do not turn aside from thy ordinances, for thou hast taught me.",repo://assets/rsvce.db,,5443d6dce7df458529d87c64e14a9fa9e372ac55bc748b71ae3cae9be9238496,8222932b42aff6ce7fa309699877ee7024ffc70de880cc19a3b39e3b7702ae4c,100
local_rsvce,ps119_29_43_79_80_95_102__alias_80b1c35e0bcb,WORLD,,,generic,,,,"ps119:29,43,79,80,95,102","Teach me your laws, O Lord.","Put false ways far from me; and graciously teach me thy law! And take not the word of truth utterly out of my mouth, for my hope is in thy ordinances.

Let those who fear thee turn to me, that they may know thy testimonies. May my heart be blameless in thy statutes, that I may not be put to shame!

The wicked lie in wait to destroy me; but I consider thy testimonies. I do not turn aside from thy ordinances, for thou hast taught me.",repo://assets/rsvce.db,,5443d6dce7df458529d87c64e14a9fa9e372ac55bc748b71ae3cae9be9238496,8222932b42aff6ce7fa309699877ee7024ffc70de880cc19a3b39e3b7702ae4c,100
local_rsvce,ps119_29_72_89_101_104_163,WORLD,,,generic,,,,"ps119:29+72,89+101,104+163","Your word, O Lord, is a lamp for my feet.","Put false ways far from me; and graciously teach me thy law! The law of thy mouth is better to me than thousands of gold and silver pieces.

For ever, O LORD, thy word is firmly fixed in the heavens. I hold back my feet from every evil way, in order to keep thy word.

Through thy precepts I get understanding; therefore I hate every false way. I hate and abhor falsehood, but I love thy law.",repo://assets/rsvce.db,,c0acd1ea5fa9fb2b46475020d85c1d08288a29805e6d2e369bd78188dccf87ee,9081ffbf4ff1c2927e8e91cd522d5f69d7bfe4587683d0b2892621ca3ba498f6,100
local_rsvce,ps119_29_72_89_101_104_163__alias_f301debc3f88,WORLD,,,generic,,,,"ps119:29,72,89,101,104,163","Your word, O Lord, is a lamp for my feet.","Put false ways far from me; and graciously teach me thy law! The law of thy mouth is better to me than thousands of gold and silver pieces.

For ever, O LORD, thy word is firmly fixed in the heavens. I hold back my feet from every evil way, in order to keep thy word.

Through thy precepts I get understanding; therefore I hate every false way. I hate and abhor falsehood, but I love thy law.",repo://assets/rsvce.db,,c0acd1ea5fa9fb2b46475020d85c1d08288a29805e6d2e369bd78188dccf87ee,9081ffbf4ff1c2927e8e91cd522d5f69d7bfe4587683d0b2892621ca3ba498f6,100
local_rsvce,ps119_2_10_20_30_40_131,WORLD,,,generic,,,,"ps119:2+10,20+30,40+131","No one lives on bread alone,","Blessed are those who keep his testimonies, who seek him with their whole heart, With my whole heart I seek thee; let me not wander from thy commandments!

My soul is consumed with longing for thy ordinances at all times. I have chosen the way of faithfulness, I set thy ordinances before me.

Behold, I long for thy precepts; in thy righteousness give me life! With open mouth I pant, because I long for thy commandments.",repo://assets/rsvce.db,,7bc46b72c9623fbd996483b6b2981df207c1d39ceb4eaa324b2bef15302c2087,180057f77fda6fb1c52b00276d7ea8492a3be8de487f89572b12a452ddf7a608,100
local_rsvce,ps119_2_10_20_30_40_131__alias_269025f6d537,WORLD,,,generic,,,,"ps119:2,10,20,30,40,131","No one lives on bread alone,","Blessed are those who keep his testimonies, who seek him with their whole heart, With my whole heart I seek thee; let me not wander from thy commandments!

My soul is consumed with longing for thy ordinances at all times. I have chosen the way of faithfulness, I set thy ordinances before me.

Behold, I long for thy precepts; in thy righteousness give me life! With open mouth I pant, because I long for thy commandments.",repo://assets/rsvce.db,,7bc46b72c9623fbd996483b6b2981df207c1d39ceb4eaa324b2bef15302c2087,180057f77fda6fb1c52b00276d7ea8492a3be8de487f89572b12a452ddf7a608,100
local_rsvce,ps119_33_34_35_36_37_40,WORLD,,,generic,,,,"ps119:33-34,35-36,37+40","Teach me the way of your decrees, O Lord.","Teach me, O LORD, the way of thy statutes; and I will keep it to the end. Give me understanding,that I may keep thy law and observe it with my whole heart.

Lead me in the path of thy commandments, for I delight in it. Incline my heart to thy testimonies, and not to gain!

Turn my eyes from looking at vanities; and give me life in thy ways. Behold, I long for thy precepts; in thy righteousness give me life!",repo://assets/rsvce.db,,c74b9d1279cf7086f232de3788b4ab1eab4881cf9cb960d4003b0977a99968a3,218a2866452b8cfd90d63ce5850778d3c385977847f81edf8cf7da7f540c2d31,100
local_rsvce,ps119_41_43_44_45_47_48,WORLD,,,generic,,,,"ps119:41+43,44-45,47-48","Let your loving kindness come to me, O Lord.","Let thy steadfast love come to me, O LORD, thy salvation according to thy promise; And take not the word of truth utterly out of my mouth, for my hope is in thy ordinances.

I will keep thy law continually, for ever and ever; and I shall walk at liberty, for I have sought thy precepts.

for I find my delight in thy commandments, which I love. I revere thy commandments, which I love, and I will meditate on thy statutes.",repo://assets/rsvce.db,,e1b186e05232348f57af1f6b02e5cbcc285f7141e0a6c911741b154a0bfa0a18,cc33514dbe8d940b48553af502c548a0a0ba1476cd77f7f6c134602f429f1571,100
local_rsvce,ps119_41_43_44_45_47_48__alias_f6420e163901,WORLD,,,generic,,,,"ps119:41,43,44,45,47,48","Let your loving kindness come to me, O Lord.","Let thy steadfast love come to me, O LORD, thy salvation according to thy promise; And take not the word of truth utterly out of my mouth, for my hope is in thy ordinances.

I will keep thy law continually, for ever and ever; and I shall walk at liberty, for I have sought thy precepts.

for I find my delight in thy commandments, which I love. I revere thy commandments, which I love, and I will meditate on thy statutes.",repo://assets/rsvce.db,,e1b186e05232348f57af1f6b02e5cbcc285f7141e0a6c911741b154a0bfa0a18,cc33514dbe8d940b48553af502c548a0a0ba1476cd77f7f6c134602f429f1571,100
local_rsvce,ps119_53_61_134_150_155_158,WORLD,,,generic,,,,"ps119:53+61,134+150,155+158","Give me life, O Lord, and I will do your commands","Hot indignation seizes me because of the wicked, who forsake thy law. Though the cords of the wicked ensnare me, I do not forget thy law.

Redeem me from man's oppression, that I may keep thy precepts. They draw near who persecute me with evil purpose; they are far from thy law.

Salvation is far from the wicked, for they do not seek thy statutes. I look at the faithless with disgust, because they do not keep thy commands.",repo://assets/rsvce.db,,e23c74dbca21577f9e5b7b77b53e8b3dd5c2908e74ffb679d68237a11eeda736,2b821ff5cc7b5f714f223f355bf5791c31a8d30ccba0f86b6c440e39468faddb,100
local_rsvce,ps119_53_61_134_150_155_158__alias_c77884ba8e80,WORLD,,,generic,,,,"ps119:53,61,134,150,155,158","Give me life, O Lord, and I will do your commands","Hot indignation seizes me because of the wicked, who forsake thy law. Though the cords of the wicked ensnare me, I do not forget thy law.

Redeem me from man's oppression, that I may keep thy precepts. They draw near who persecute me with evil purpose; they are far from thy law.

Salvation is far from the wicked, for they do not seek thy statutes. I look at the faithless with disgust, because they do not keep thy commands.",repo://assets/rsvce.db,,e23c74dbca21577f9e5b7b77b53e8b3dd5c2908e74ffb679d68237a11eeda736,2b821ff5cc7b5f714f223f355bf5791c31a8d30ccba0f86b6c440e39468faddb,100
local_rsvce,ps119_57_72_76_77_127_128_129_130,WORLD,,,generic,,,,"ps119:57,72,76-77,127-128,129-130","Lord, I love your commands.","The LORD is my portion; I promise to keep thy words.

The law of thy mouth is better to me than thousands of gold and silver pieces.

Let thy steadfast love be ready to comfort me according to thy promise to thy servant. Let thy mercy come to me, that I may live; for thy law is my delight.

Therefore I love thy commandments above gold, above fine gold. Therefore I direct my steps by all thy precepts;  I hate every false way.

Thy testimonies are wonderful; therefore my soul keeps them. The unfolding of thy words gives light; it imparts understanding to the simple.",repo://assets/rsvce.db,,c9f060d49583a33de60cccfb400959a8f19e91dc6dfb676ea34466693f563507,fa1ed467d9769b81b8fe9c272aa69aed2f8dcd099186ed158ddaaa0db4c9a0b9,100
local_rsvce,ps119_66_68_76_77_93_94,WORLD,,,generic,,,,"ps119:66+68,76-77,93-94","Teach me your laws, O Lord.","Teach me good judgment and knowledge, for I believe in thy commandments. Thou art good and doest good; teach me thy statutes.

Let thy steadfast love be ready to comfort me according to thy promise to thy servant. Let thy mercy come to me, that I may live; for thy law is my delight.

I will never forget thy precepts; for by them thou hast given me life. I am thine, save me; for I have sought thy precepts.",repo://assets/rsvce.db,,bddcc8cc0b5767f4d2a034eabbd718b376335de3572ecd177a6dcc979ffc68ed,426b253ffc0bff59c2ec263b10eebd25208d4a03bc2391b91dc1647fc6cc13ac,100
local_rsvce,ps119_66_68_76_77_93_94__alias_bf031d368776,WORLD,,,generic,,,,"ps119:66,68,76,77,93,94","Teach me your laws, O Lord.","Teach me good judgment and knowledge, for I believe in thy commandments. Thou art good and doest good; teach me thy statutes.

Let thy steadfast love be ready to comfort me according to thy promise to thy servant. Let thy mercy come to me, that I may live; for thy law is my delight.

I will never forget thy precepts; for by them thou hast given me life. I am thine, save me; for I have sought thy precepts.",repo://assets/rsvce.db,,bddcc8cc0b5767f4d2a034eabbd718b376335de3572ecd177a6dcc979ffc68ed,426b253ffc0bff59c2ec263b10eebd25208d4a03bc2391b91dc1647fc6cc13ac,100
local_rsvce,ps119_66_71_75_91_125_130,WORLD,,,generic,,,,"ps119:66+71,75+91,125+130","Lord, let your face shine on me.","Teach me good judgment and knowledge, for I believe in thy commandments. It is good for me that I was afflicted, that I might learn thy statutes.

I know, O LORD,that thy judgments are right, and that in faithfulness thou hast afflicted me. By thy appointment they stand this day; for all things are thy servants.

I am thy servant; give me understanding, that I may know thy testimonies! The unfolding of thy words gives light; it imparts understanding to the simple.",repo://assets/rsvce.db,,715cce0ed378ffe8ac273acb93e7345f8cd61e9d9a480504cd153e4126a10d53,0321d450de9094d3ab93b4d38197d1a5f7ca273839710956590f6fd3af9b3cbe,100
local_rsvce,ps119_66_71_75_91_125_130__alias_0ed101c2c940,WORLD,,,generic,,,,"ps119:66,71,75,91,125,130","Lord, let your face shine on me.","Teach me good judgment and knowledge, for I believe in thy commandments. It is good for me that I was afflicted, that I might learn thy statutes.

I know, O LORD,that thy judgments are right, and that in faithfulness thou hast afflicted me. By thy appointment they stand this day; for all things are thy servants.

I am thy servant; give me understanding, that I may know thy testimonies! The unfolding of thy words gives light; it imparts understanding to the simple.",repo://assets/rsvce.db,,715cce0ed378ffe8ac273acb93e7345f8cd61e9d9a480504cd153e4126a10d53,0321d450de9094d3ab93b4d38197d1a5f7ca273839710956590f6fd3af9b3cbe,100
local_rsvce,ps119_67_68_71_72_75_76,WORLD,,,generic,,,,"ps119:67-68,71-72,75-76","Be kind to me, Lord, and I shall live.","Before I was afflicted I went astray; but now I keep thy word. Thou art good and doest good; teach me thy statutes.

It is good for me that I was afflicted, that I might learn thy statutes. The law of thy mouth is better to me than thousands of gold and silver pieces.

I know, O LORD,that thy judgments are right, and that in faithfulness thou hast afflicted me. Let thy steadfast love be ready to comfort me according to thy promise to thy servant.",repo://assets/rsvce.db,,2c3f7e865c317e8abc73b69efaf7b3ebebb441c0297f02070ce3edd0b11f49ac,2babfa1a3424b2ae0fdb6fb4ad5f4dc57fc79dd014efce7a3317d6bac87b40e8,100
local_rsvce,ps119_67_68_71_72_75_76__alias_e1891a36aa52,WORLD,,,generic,,,,"ps119:67,68,71,72,75,76","Be kind to me, Lord, and I shall live.","Before I was afflicted I went astray; but now I keep thy word. Thou art good and doest good; teach me thy statutes.

It is good for me that I was afflicted, that I might learn thy statutes. The law of thy mouth is better to me than thousands of gold and silver pieces.

I know, O LORD,that thy judgments are right, and that in faithfulness thou hast afflicted me. Let thy steadfast love be ready to comfort me according to thy promise to thy servant.",repo://assets/rsvce.db,,2c3f7e865c317e8abc73b69efaf7b3ebebb441c0297f02070ce3edd0b11f49ac,2babfa1a3424b2ae0fdb6fb4ad5f4dc57fc79dd014efce7a3317d6bac87b40e8,100
local_rsvce,ps119_89_90_91_130_135_175,WORLD,,,generic,,,,"ps119:89-90,91+130,135+175","Your word is for ever, O Lord.","For ever, O LORD, thy word is firmly fixed in the heavens. Thy faithfulness endures to all generations; thou hast established the earth, and it stands fast.

By thy appointment they stand this day; for all things are thy servants. The unfolding of thy words gives light; it imparts understanding to the simple.

Make thy face shine upon thy servant, and teach me thy statutes. Let me live, that I may praise thee, and let thy ordinances help me.",repo://assets/rsvce.db,,f30328f51e4aade1b28d212139d8c817ca1d5079345180a103307dc0906d6ca4,0754b538c7174576ab1b74e16b0aac2a0a0ce48e9f201bed287cd9c757a9e172,100
local_rsvce,ps119_89_90_91_130_135_175__alias_12690867cbeb,WORLD,,,generic,,,,"ps119:89,90,91,130,135,175","Your word is for ever, O Lord.","For ever, O LORD, thy word is firmly fixed in the heavens. Thy faithfulness endures to all generations; thou hast established the earth, and it stands fast.

By thy appointment they stand this day; for all things are thy servants. The unfolding of thy words gives light; it imparts understanding to the simple.

Make thy face shine upon thy servant, and teach me thy statutes. Let me live, that I may praise thee, and let thy ordinances help me.",repo://assets/rsvce.db,,f30328f51e4aade1b28d212139d8c817ca1d5079345180a103307dc0906d6ca4,0754b538c7174576ab1b74e16b0aac2a0a0ce48e9f201bed287cd9c757a9e172,100
local_rsvce,ps119_97_98_99_100_101_102,WORLD,,,generic,,,,"ps119:97-98,99-100,101-102","Lord, I love your commands.","Oh, how I love thy law! It is my meditation all the day. Thy commandment makes me wiser than my enemies, for it is ever with me.

I have more understanding than all my teachers, for thy testimonies are my meditation. I understand more than the aged, for I keep thy precepts.

I hold back my feet from every evil way, in order to keep thy word. I do not turn aside from thy ordinances, for thou hast taught me.",repo://assets/rsvce.db,,df367992319093201f87d097959fbf232ce8ff46d47149249c094bcc4d4efc71,9be77c5cc722e0f3724de9e8cfcab8a7cab6f6bbf412ecfbaa4a86d48ae0f2ed,100
local_rsvce,ps119_97_98_99_100_101_102__alias_db057a1c8b4e,WORLD,,,generic,,,,"ps119:97,98,99,100,101,102","Lord, I love your commands.","Oh, how I love thy law! It is my meditation all the day. Thy commandment makes me wiser than my enemies, for it is ever with me.

I have more understanding than all my teachers, for thy testimonies are my meditation. I understand more than the aged, for I keep thy precepts.

I hold back my feet from every evil way, in order to keep thy word. I do not turn aside from thy ordinances, for thou hast taught me.",repo://assets/rsvce.db,,df367992319093201f87d097959fbf232ce8ff46d47149249c094bcc4d4efc71,9be77c5cc722e0f3724de9e8cfcab8a7cab6f6bbf412ecfbaa4a86d48ae0f2ed,100
local_rsvce,ps119_9_10_11_12_13_14,WORLD,,,generic,,,,"ps119:9-10,11-12,13-14","Lord, teach me your decrees.","How can a young man keep his way pure? By guarding it according to thy word. With my whole heart I seek thee; let me not wander from thy commandments!

I have laid up thy word in my heart, that I might not sin against thee. Blessed be thou, O LORD; teach me thy statutes!

With my lips I declare all the ordinances of thy mouth. In the way of thy testimonies I delight as much as in all riches.",repo://assets/rsvce.db,,fecba359ee2be6a4fa36f0309625409ede5862de4e041897ebfcc2b06916b1e0,dd061c9a4424e4464571e92e03ad867fa0917760ce3ee5117dd22f77a9106254,100
local_rsvce,ps119_9_10_11_12_13_14__alias_4ad6c51bf5ad,WORLD,,,generic,,,,"ps119:9,10,11,12,13,14","Lord, teach me your decrees.","How can a young man keep his way pure? By guarding it according to thy word. With my whole heart I seek thee; let me not wander from thy commandments!

I have laid up thy word in my heart, that I might not sin against thee. Blessed be thou, O LORD; teach me thy statutes!

With my lips I declare all the ordinances of thy mouth. In the way of thy testimonies I delight as much as in all riches.",repo://assets/rsvce.db,,fecba359ee2be6a4fa36f0309625409ede5862de4e041897ebfcc2b06916b1e0,dd061c9a4424e4464571e92e03ad867fa0917760ce3ee5117dd22f77a9106254,100
local_rsvce,ps11_4_5_7,WORLD,,,generic,,,,"ps11:4,5,7","The upright shall behold your face, O Lord.","The LORD is in his holy temple,the LORD's throne is in heaven; his eyes behold, his eyelids test, the children of men.

The LORD tests the righteous and the wicked, and his soul hates him that loves violence.

For the LORD is righteous, he loves righteous deeds; the upright shall behold his face.",repo://assets/rsvce.db,,46c9ff0c9d894e155992d6c3d94b310fa5e0f252f1fffa497db8e96f183e3e64,09edde3f350951a7351b34e6e1be881fe69e1363136f4c203dc14767778e2a9b,100
local_rsvce,ps121_1_2_3_4_5_6_7_8,WORLD,,,generic,,,,"ps121:1-2,3-4,5-6,7-8","Our help is from the Lord, who made heaven and earth.","I lift up my eyes to the hills. From whence does my help come? My help comes from the LORD, who made heaven and earth.

He will not let your foot be moved, he who keeps you will not slumber. Behold, he who keeps Israel will neither slumber nor sleep.

The LORD is your keeper; the LORD is your shade on your right hand. The sun shall not smite you by day, nor the moon by night.

The LORD will keep you from all evil; he will keep your life. The LORD will keep your going out and your coming in from this time forth and for evermore.",repo://assets/rsvce.db,,0be1f9b08a47b16fad17664388fcc79a93518e4fa9f44b4d686df1a5fe2f9d94,fd9ba1ffedeb2942379199fa4aa688c40e3cbadb9326347e54339333401ebba5,100
local_rsvce,ps122_1_2_3_4_4_5,WORLD,,,generic,,,,"ps122:1-2,3-4,4-5",Let us go rejoicing to the house of the Lord.,"I was glad when they said to me, ""Let us go to the house of the LORD!"" Our feet have been standing within your gates, O Jerusalem!

Jerusalem, built as a city which is bound firmly together, to which the tribes go up, the tribes of the LORD,as was decreed for Israel, to give thanks to the name of the LORD.

to which the tribes go up, the tribes of the LORD,as was decreed for Israel, to give thanks to the name of the LORD. There thrones for judgment were set, the thrones of the house of David.",repo://assets/rsvce.db,,6f2d5c4c948b2dbc03fb36521ad6040b79031a3d9f0457fbdbce9fa68b608838,e52dc09113d6c7d585360ff08b4b22417aed2ff0508e36bcbe5d8e1eaa5dba48,100
local_rsvce,ps122_1_2_3_4_4_5_6_7_8_9,WORLD,,,generic,,,,"ps122:1-2,3-4,4-5,6-7,8-9",Let us go rejoicing to the house of the Lord.,"I was glad when they said to me, ""Let us go to the house of the LORD!"" Our feet have been standing within your gates, O Jerusalem!

Jerusalem, built as a city which is bound firmly together, to which the tribes go up, the tribes of the LORD,as was decreed for Israel, to give thanks to the name of the LORD.

to which the tribes go up, the tribes of the LORD,as was decreed for Israel, to give thanks to the name of the LORD. There thrones for judgment were set, the thrones of the house of David.

Pray for the peace of Jerusalem! ""May they prosper who love you! Peace be within your walls, and security within your towers!""

For my brethren and companions' sake I will say, ""Peace be within you!"" For the sake of the house of the LORD our God, I will seek your good.",repo://assets/rsvce.db,,c4a241036fd8399a72b7ef1aea59c28b8d2e5bd0038f6caf956f7a3f1332d371,df96670c285409ca67423c0024fde2c4c8e129f2837a9847262cbd74c436d2d5,100
local_rsvce,ps122_1_2_3_4_5_6_7_8_9,WORLD,,,generic,,,,"ps122:1-2,3-4,5-6,7-8,9",Let us go rejoicing to the house of the Lord.,"I was glad when they said to me, ""Let us go to the house of the LORD!"" Our feet have been standing within your gates, O Jerusalem!

Jerusalem, built as a city which is bound firmly together, to which the tribes go up, the tribes of the LORD,as was decreed for Israel, to give thanks to the name of the LORD.

There thrones for judgment were set, the thrones of the house of David. Pray for the peace of Jerusalem! ""May they prosper who love you!

Peace be within your walls, and security within your towers!"" For my brethren and companions' sake I will say, ""Peace be within you!""

For the sake of the house of the LORD our God, I will seek your good.",repo://assets/rsvce.db,,33c3609686c24a7cbca8d9fe74c25e70b692ead4278539561d349ec1a76c1ff0,75ae6d15b9b364a71d448e6ba443fa61f38c8e80df75819b25dc37329cca28ad,100
local_rsvce,ps122_1_2_3_4_8_9,WORLD,,,generic,,,,"ps122:1-2,3-4,8-9",Let us go rejoicing to the house of the Lord.,"I was glad when they said to me, ""Let us go to the house of the LORD!"" Our feet have been standing within your gates, O Jerusalem!

Jerusalem, built as a city which is bound firmly together, to which the tribes go up, the tribes of the LORD,as was decreed for Israel, to give thanks to the name of the LORD.

For my brethren and companions' sake I will say, ""Peace be within you!"" For the sake of the house of the LORD our God, I will seek your good.",repo://assets/rsvce.db,,2b84b7f96e0a54de85905c388abe3eb1a2e60a9065346d5d0e90842418fbdccb,f6436101612ad56b40610cda0efe1894d9a096af441cb302497333181de94558,100
local_rsvce,ps122_1_2_3_4a_4b_5,WORLD,,,generic,,,,"ps122:1-2,3-4a,4b-5",Let us go rejoicing to the house of the Lord.,"I was glad when they said to me, ""Let us go to the house of the LORD!"" Our feet have been standing within your gates, O Jerusalem!

Jerusalem, built as a city which is bound firmly together, to which the tribes go up, the tribes of the LORD,as was decreed for Israel, to give thanks to the name of the LORD.

to which the tribes go up, the tribes of the LORD,as was decreed for Israel, to give thanks to the name of the LORD. There thrones for judgment were set, the thrones of the house of David.",repo://assets/rsvce.db,,6f2d5c4c948b2dbc03fb36521ad6040b79031a3d9f0457fbdbce9fa68b608838,e52dc09113d6c7d585360ff08b4b22417aed2ff0508e36bcbe5d8e1eaa5dba48,100
local_rsvce,ps122_1_2_3_4ab_4cd_5,WORLD,,,generic,,,,"ps122:1-2,3-4ab,4cd-5",Let us go rejoicing to the house of the Lord.,"I was glad when they said to me, ""Let us go to the house of the LORD!"" Our feet have been standing within your gates, O Jerusalem!

Jerusalem, built as a city which is bound firmly together, to which the tribes go up, the tribes of the LORD,as was decreed for Israel, to give thanks to the name of the LORD.

to which the tribes go up, the tribes of the LORD,as was decreed for Israel, to give thanks to the name of the LORD. There thrones for judgment were set, the thrones of the house of David.",repo://assets/rsvce.db,,6f2d5c4c948b2dbc03fb36521ad6040b79031a3d9f0457fbdbce9fa68b608838,e52dc09113d6c7d585360ff08b4b22417aed2ff0508e36bcbe5d8e1eaa5dba48,100
local_rsvce,ps122_1_2_3_4ab_4cd_5_6_7_8_9,WORLD,,,generic,,,,"ps122:1-2,3-4ab,4cd-5,6-7,8-9",Let us go rejoicing to the house of the Lord.,"I was glad when they said to me, ""Let us go to the house of the LORD!"" Our feet have been standing within your gates, O Jerusalem!

Jerusalem, built as a city which is bound firmly together, to which the tribes go up, the tribes of the LORD,as was decreed for Israel, to give thanks to the name of the LORD.

to which the tribes go up, the tribes of the LORD,as was decreed for Israel, to give thanks to the name of the LORD. There thrones for judgment were set, the thrones of the house of David.

Pray for the peace of Jerusalem! ""May they prosper who love you! Peace be within your walls, and security within your towers!""

For my brethren and companions' sake I will say, ""Peace be within you!"" For the sake of the house of the LORD our God, I will seek your good.",repo://assets/rsvce.db,,c4a241036fd8399a72b7ef1aea59c28b8d2e5bd0038f6caf956f7a3f1332d371,df96670c285409ca67423c0024fde2c4c8e129f2837a9847262cbd74c436d2d5,100
local_rsvce,ps122_1_2_3_4b_4cd_5_6_7_8_9,WORLD,,,generic,,,,"ps122:1-2,3-4b,4cd-5,6-7,8-9",Let us go rejoicing to the house of the Lord.,"I was glad when they said to me, ""Let us go to the house of the LORD!"" Our feet have been standing within your gates, O Jerusalem!

Jerusalem, built as a city which is bound firmly together, to which the tribes go up, the tribes of the LORD,as was decreed for Israel, to give thanks to the name of the LORD.

to which the tribes go up, the tribes of the LORD,as was decreed for Israel, to give thanks to the name of the LORD. There thrones for judgment were set, the thrones of the house of David.

Pray for the peace of Jerusalem! ""May they prosper who love you! Peace be within your walls, and security within your towers!""

For my brethren and companions' sake I will say, ""Peace be within you!"" For the sake of the house of the LORD our God, I will seek your good.",repo://assets/rsvce.db,,c4a241036fd8399a72b7ef1aea59c28b8d2e5bd0038f6caf956f7a3f1332d371,df96670c285409ca67423c0024fde2c4c8e129f2837a9847262cbd74c436d2d5,100
local_rsvce,ps123_1_2_2_3_4,WORLD,,,generic,,,,"ps123:1-2,2,3-4","(2cd) Our eyes are fixed on the Lord, pleading for his mercy.","To thee I lift up my eyes, O thou who art enthroned in the heavens! Behold, as the eyes of servants look to the hand of their master,as the eyes of a maid to the hand of her mistress,so our eyes look to the LORD our God, till he have mercy upon us.

Behold, as the eyes of servants look to the hand of their master,as the eyes of a maid to the hand of her mistress,so our eyes look to the LORD our God, till he have mercy upon us.

Have mercy upon us, O LORD, have mercy upon us, for we have had more than enough of contempt. Too long our soul has been sated with the scornof those who are at ease, the contempt of the proud.",repo://assets/rsvce.db,,b6ca8b565f426fb28fb4ccd25b1bab99e6caff3220190e2088588c376adc8471,3639af7dc3ee4333736169027beaf9bec00319e43ef8a58a08e2ddcbe101cfcc,100
local_rsvce,ps123_1_2a_2bcd,WORLD,,,generic,,,,"ps123:1-2a,2bcd","To you, O Lord, I lift up my eyes.","To thee I lift up my eyes, O thou who art enthroned in the heavens! Behold, as the eyes of servants look to the hand of their master,as the eyes of a maid to the hand of her mistress,so our eyes look to the LORD our God, till he have mercy upon us.

Behold, as the eyes of servants look to the hand of their master,as the eyes of a maid to the hand of her mistress,so our eyes look to the LORD our God, till he have mercy upon us.",repo://assets/rsvce.db,,33253788ebf64510b3e4f254dae9afbea4b2749e105b29df1ff26368d06d2683,1bcde89dbc0f236270a0ef92b54b145d74a8fffe8433543b15fb180f67fb3df8,100
local_rsvce,ps123_1_2ab_2cdef,WORLD,,,generic,,,,"ps123:1-2ab,2cdef","To you, O Lord, have I lifted up my eyes.","To thee I lift up my eyes, O thou who art enthroned in the heavens! Behold, as the eyes of servants look to the hand of their master,as the eyes of a maid to the hand of her mistress,so our eyes look to the LORD our God, till he have mercy upon us.

Behold, as the eyes of servants look to the hand of their master,as the eyes of a maid to the hand of her mistress,so our eyes look to the LORD our God, till he have mercy upon us.",repo://assets/rsvce.db,,50888e80217c9f9a28bfc3ab6961c951697a5c95b81210c4b2b8d0361d801cfd,60d3755949229320ca467042d0f0712a4ea45aea4463ae4cf27f4efd93b6b166,100
local_rsvce,ps124_1_3_4_6_7_8,WORLD,,,generic,,,,"ps124:1-3,4-6,7-8",Our help is in the name of the Lord.,"If it had not been the LORD who was on our side, let Israel now say-- if it had not been the LORD who was on our side, when men rose up against us, then they would have swallowed us up alive, when their anger was kindled against us;

then the flood would have swept us away, the torrent would have gone over us; then over us would have gone the raging waters. Blessed be the LORD, who has not given us as prey to their teeth!

We have escaped as a bird from the snare of the fowlers; the snare is broken, and we have escaped! Our help is in the name of the LORD, who made heaven and earth.",repo://assets/rsvce.db,,a717f21b4d72f727a963b862be0e9e3f5a4588cad122b5c0a2694946daf981d5,efebc9ea446eeec49f605ec573f43829ca6ae88d4e5f9fa68e8a94dc966cf8f3,100
local_rsvce,ps124_1b_3_4_6_7_8,WORLD,,,generic,,,,"ps124:1b-3,4-6,7-8",Our help is in the name of the Lord.,"If it had not been the LORD who was on our side, let Israel now say-- if it had not been the LORD who was on our side, when men rose up against us, then they would have swallowed us up alive, when their anger was kindled against us;

then the flood would have swept us away, the torrent would have gone over us; then over us would have gone the raging waters. Blessed be the LORD, who has not given us as prey to their teeth!

We have escaped as a bird from the snare of the fowlers; the snare is broken, and we have escaped! Our help is in the name of the LORD, who made heaven and earth.",repo://assets/rsvce.db,,a717f21b4d72f727a963b862be0e9e3f5a4588cad122b5c0a2694946daf981d5,efebc9ea446eeec49f605ec573f43829ca6ae88d4e5f9fa68e8a94dc966cf8f3,100
local_rsvce,ps124_2_3_4_5_7b_8,WORLD,,,generic,,,,"ps124:2-3,4-5,7b-8",Our soul has escaped like a bird from the hunter’s net.,"if it had not been the LORD who was on our side, when men rose up against us, then they would have swallowed us up alive, when their anger was kindled against us;

then the flood would have swept us away, the torrent would have gone over us; then over us would have gone the raging waters.

We have escaped as a bird from the snare of the fowlers; the snare is broken, and we have escaped! Our help is in the name of the LORD, who made heaven and earth.",repo://assets/rsvce.db,,f4567c929c6b2da3fa3c5236cfba40d249d4a8feef1aa14899540490555bafe4,1a1f228110097615836549ae984792110672d8e58088a17b6cf17abbfc3ecf2f,100
local_rsvce,ps126_1_2_2_3_4_5_6,WORLD,,,generic,,,,"ps126:1-2,2-3,4-5,6",(3) The Lord has done great things for us; we are filled with joy.,"When the LORD restored the fortunes of Zion,  we were like those who dream. Then our mouth was filled with laughter,and our tongue with shouts of joy;then they said among the nations, ""The LORD has done great things for them.""

Then our mouth was filled with laughter,and our tongue with shouts of joy;then they said among the nations, ""The LORD has done great things for them."" The LORD has done great things for us; we are glad.

Restore our fortunes, O LORD, like the watercourses in the Negeb! May those who sow in tears reap with shouts of joy!

He that goes forth weeping,bearing the seed for sowing,shall come home with shouts of joy, bringing his sheaves with him.",repo://assets/rsvce.db,,2f5694f1df25ea42fb07f464159b3e4969dbcbe638a983e608a9bf1955398663,5a3c498e146b796c06c64323501436da24643766f50da9ca1fc44719c57aa48e,100
local_rsvce,ps126_1_2ab_2bc_3_4_5_6,WORLD,,,generic,,,,"ps126:1-2ab,2bc-3,4-5,6","Those who sow in tears, shall reap with shouts of joy.","When the LORD restored the fortunes of Zion,  we were like those who dream. Then our mouth was filled with laughter,and our tongue with shouts of joy;then they said among the nations, ""The LORD has done great things for them.""

Then our mouth was filled with laughter,and our tongue with shouts of joy;then they said among the nations, ""The LORD has done great things for them."" The LORD has done great things for us; we are glad.

Restore our fortunes, O LORD, like the watercourses in the Negeb! May those who sow in tears reap with shouts of joy!

He that goes forth weeping,bearing the seed for sowing,shall come home with shouts of joy, bringing his sheaves with him.",repo://assets/rsvce.db,,93ad2b692ee712b89da361e3040563ada532b7670cdfddcc1391c2ca60b1f988,c35d840b7ed1e30edadb9ed5d78c62fa45e5a9f1b389ebce8ded812bea812359,100
local_rsvce,ps126_1_2ab_2cd_3_4_5_6,WORLD,,,generic,,,,"ps126:1-2ab,2cd-3,4-5,6",The Lord has done great things for us.,"When the LORD restored the fortunes of Zion,  we were like those who dream. Then our mouth was filled with laughter,and our tongue with shouts of joy;then they said among the nations, ""The LORD has done great things for them.""

Then our mouth was filled with laughter,and our tongue with shouts of joy;then they said among the nations, ""The LORD has done great things for them."" The LORD has done great things for us; we are glad.

Restore our fortunes, O LORD, like the watercourses in the Negeb! May those who sow in tears reap with shouts of joy!

He that goes forth weeping,bearing the seed for sowing,shall come home with shouts of joy, bringing his sheaves with him.",repo://assets/rsvce.db,,8435ea12398bbdb1ee05ccb6365d95c6a024e551ae0021d1ec2909b68c4354fb,46287228c72dfcaa3e51fe33c15e7968be42e4b02c929a3e94c8dda91041ea0e,100
local_rsvce,ps126_1b_2ab_2cd_3_4_5_6,WORLD,,,generic,,,,"ps126:1b-2ab,2cd-3,4-5,6",What great deeds the Lord worked for us!,"When the LORD restored the fortunes of Zion,  we were like those who dream. Then our mouth was filled with laughter,and our tongue with shouts of joy;then they said among the nations, ""The LORD has done great things for them.""

Then our mouth was filled with laughter,and our tongue with shouts of joy;then they said among the nations, ""The LORD has done great things for them."" The LORD has done great things for us; we are glad.

Restore our fortunes, O LORD, like the watercourses in the Negeb! May those who sow in tears reap with shouts of joy!

He that goes forth weeping,bearing the seed for sowing,shall come home with shouts of joy, bringing his sheaves with him.",repo://assets/rsvce.db,,9f272735c338632b027bdbaa3648a951faebc82a775cc535165fb03289e3ba19,282c809f776c660230bb3ea96dd1b3acd8f66587f647e41695f52d3f30cccd0f,100
local_rsvce,ps128_1_2_3_4_5,WORLD,,,generic,,,,"ps128:1-2,3,4-5",Blessed are those who fear the Lord and walk in his ways.,"Blessed is every one who fears the LORD, who walks in his ways! You shall eat the fruit of the labor of your hands;you shall be happy, and it shall be well with you.

Your wife will be like a fruitful vine within your house; your children will be like olive shoots around your table.

Lo, thus shall the man be blessed who fears the LORD. The LORD bless you from Zion!May you see the prosperity of Jerusalem all the days of your life!",repo://assets/rsvce.db,,6e45d0e1e4fa49e91dccb9220088db5964516bffb68198685097021e09efa6c4,6a6bb720ecd03dce27beaf5765d86ac0c4e981c9098c50318d31497c4e954c38,100
local_rsvce,ps128_1_2_3_4_5_6,WORLD,,,generic,,,,"ps128:1-2,3,4-5,6",May the Lord bless us all the days of our lives.,"Blessed is every one who fears the LORD, who walks in his ways! You shall eat the fruit of the labor of your hands;you shall be happy, and it shall be well with you.

Your wife will be like a fruitful vine within your house; your children will be like olive shoots around your table.

Lo, thus shall the man be blessed who fears the LORD. The LORD bless you from Zion!May you see the prosperity of Jerusalem all the days of your life!

May you see your children's children! Peace be upon Israel!",repo://assets/rsvce.db,,48f516ff4e949a4db611760a6c1a1fd910d195b68c3bbae6240ed9b0f5b5283f,939aaaaae283107d05d2ddbd00f10b69b3fbda74a1f4effdd6cfd1e4ba12caf2,100
local_rsvce,ps128_1_2_3_4_5__alias_aa8813666547,WORLD,,,generic,,,,"ps128:1-2,3,4,5",Blessed are those who fear the Lord and walk in his ways.,"Blessed is every one who fears the LORD, who walks in his ways! You shall eat the fruit of the labor of your hands;you shall be happy, and it shall be well with you.

Your wife will be like a fruitful vine within your house; your children will be like olive shoots around your table.

Lo, thus shall the man be blessed who fears the LORD. The LORD bless you from Zion!May you see the prosperity of Jerusalem all the days of your life!",repo://assets/rsvce.db,,6e45d0e1e4fa49e91dccb9220088db5964516bffb68198685097021e09efa6c4,6a6bb720ecd03dce27beaf5765d86ac0c4e981c9098c50318d31497c4e954c38,100
local_rsvce,ps128_1_2_4_5,WORLD,,,generic,,,,"ps128:1-2,4-5",Happy are those who fear the Lord.,"Blessed is every one who fears the LORD, who walks in his ways! You shall eat the fruit of the labor of your hands;you shall be happy, and it shall be well with you.

Lo, thus shall the man be blessed who fears the LORD. The LORD bless you from Zion!May you see the prosperity of Jerusalem all the days of your life!",repo://assets/rsvce.db,,b25c9b6cded7255a6a483499cd02fc67cf56f0ed3a7157e05cecfa0a6145e27b,7cf4b9df7d02f7a2864fd20fad138cb83abfb3e4c95a1cf8ee7341b8546a33d0,100
local_rsvce,ps128_1b_2_3_4_5,WORLD,,,generic,,,,"ps128:1b-2,3,4,5",Indeed thus shall be blessed the man who fears the Lord.,"Blessed is every one who fears the LORD, who walks in his ways! You shall eat the fruit of the labor of your hands;you shall be happy, and it shall be well with you.

Your wife will be like a fruitful vine within your house; your children will be like olive shoots around your table.

Lo, thus shall the man be blessed who fears the LORD.

The LORD bless you from Zion!May you see the prosperity of Jerusalem all the days of your life!",repo://assets/rsvce.db,,3573a067c283d083bb9fcfc8798149e61d965081776d0e95467cf3d3555b6440,dacf919baa6b04f81ecfa030075dcc00f0b4ba57c76d3d6cea64e1ef6b54805d,100
local_rsvce,ps12_1_2_3_4_6_7,WORLD,,,generic,,,,"ps12:1-2,3-4,6-7","You will protect us, Lord.","Help, LORD; for there is no longer any that is godly; for the faithful have vanished from among the sons of men. Every one utters lies to his neighbor; with flattering lips and a double heart they speak.

Every one utters lies to his neighbor; with flattering lips and a double heart they speak. May the LORD cut off all flattering lips, the tongue that makes great boasts,

""Because the poor are despoiled,because the needy groan, I will now arise,"" says the LORD; ""I will place him in the safety for which he longs."" The promises of the LORD are promises that are pure,silver refined in a furnace on the ground, purified seven times.",repo://assets/rsvce.db,,ee13cbfe27e9ec42c7cd5b8dfda53c4a326f08f0e36756fac41d2d06006b65f6,d5dbcf563266c37c8332e41a4174d10f2bd979df3d26ed73df381f671e75360d,100
local_rsvce,ps130_1_2_3_4_5_6,WORLD,,,generic,,,,"ps130:1-2,3-4,5-6","If you, O Lord, laid bare our guilt,","Out of the depths I cry to thee, O LORD! Lord, hear my voice! Let thy ears be attentive to the voice of my supplications!

If thou, O LORD, shouldst mark iniquities, Lord, who could stand? But there is forgiveness with thee, that thou mayest be feared.

I wait for the LORD, my soul waits, and in his word I hope; my soul waits for the LORDmore than watchmen for the morning, more than watchmen for the morning.",repo://assets/rsvce.db,,173d53bed6a9c014d1738a52ae7a884e27d67c233840e9f5e3a223554a6f2b90,c0c51df885af20faafe4d7ad83b95d1e08d3cdb46bdf14a922e5ad2c2a7c63bc,100
local_rsvce,ps130_1_2_3_4_5_6_7_8,WORLD,,,generic,,,,"ps130:1-2,3-4,5-6,7-8",(7) With the Lord there is mercy and fullness of redemption.,"Out of the depths I cry to thee, O LORD! Lord, hear my voice! Let thy ears be attentive to the voice of my supplications!

If thou, O LORD, shouldst mark iniquities, Lord, who could stand? But there is forgiveness with thee, that thou mayest be feared.

I wait for the LORD, my soul waits, and in his word I hope; my soul waits for the LORDmore than watchmen for the morning, more than watchmen for the morning.

O Israel, hope in the LORD!For with the LORD there is steadfast love, and with him is plenteous redemption. And he will redeem Israel from all his iniquities.",repo://assets/rsvce.db,,31071888bc103f8cad7eaf22a6dd8a1fc952f74eec6ddcebc6a7db71065bfd72,70167c2448770e94b82b410ef6b433d3185bdc662661edf7e0e22f2919998031,100
local_rsvce,ps130_1_2_3_4_5_7a_7b_8,WORLD,,,generic,,,,"ps130:1-2,3-4,5-7a,7b-8","With the Lord there is mercy, in him is plentiful redemption.","Out of the depths I cry to thee, O LORD! Lord, hear my voice! Let thy ears be attentive to the voice of my supplications!

If thou, O LORD, shouldst mark iniquities, Lord, who could stand? But there is forgiveness with thee, that thou mayest be feared.

I wait for the LORD, my soul waits, and in his word I hope; my soul waits for the LORDmore than watchmen for the morning, more than watchmen for the morning. O Israel, hope in the LORD!For with the LORD there is steadfast love, and with him is plenteous redemption.

O Israel, hope in the LORD!For with the LORD there is steadfast love, and with him is plenteous redemption. And he will redeem Israel from all his iniquities.",repo://assets/rsvce.db,,5fe5363c305a5128347734e02004992e4eff529850dec6bee73899a2190a5aa3,ad84eca0f7908a57fc9a012098876f16a70a2883cced8bcb433c461ce9db28bc,100
local_rsvce,ps130_1_2_3_4_5_7a_7bc_8,WORLD,,,generic,,,,"ps130:1-2,3-4,5-7a,7bc-8","If you, O Lord, should mark iniquities, Lord, who could stand?","Out of the depths I cry to thee, O LORD! Lord, hear my voice! Let thy ears be attentive to the voice of my supplications!

If thou, O LORD, shouldst mark iniquities, Lord, who could stand? But there is forgiveness with thee, that thou mayest be feared.

I wait for the LORD, my soul waits, and in his word I hope; my soul waits for the LORDmore than watchmen for the morning, more than watchmen for the morning. O Israel, hope in the LORD!For with the LORD there is steadfast love, and with him is plenteous redemption.

O Israel, hope in the LORD!For with the LORD there is steadfast love, and with him is plenteous redemption. And he will redeem Israel from all his iniquities.",repo://assets/rsvce.db,,2f2f28e7c29a972c30df82fe58f962526c8edd6263fe7f0e434ad1ecdb1cd0ea,0398620aa25690e576e03a1f8ec6c45f395d72f5b851a78530a53b72efc45264,100
local_rsvce,ps130_1_2_3_4ab_7_8,WORLD,,,generic,,,,"ps130:1-2,3-4ab,7-8","If you, O Lord, laid bare our guilt, who could endure it?","Out of the depths I cry to thee, O LORD! Lord, hear my voice! Let thy ears be attentive to the voice of my supplications!

If thou, O LORD, shouldst mark iniquities, Lord, who could stand? But there is forgiveness with thee, that thou mayest be feared.

O Israel, hope in the LORD!For with the LORD there is steadfast love, and with him is plenteous redemption. And he will redeem Israel from all his iniquities.",repo://assets/rsvce.db,,f636a5b58e3f6767a83bbed70c2f693033aea90989036de61956e8091144a6f7,983d98d2d0c32599a30136c13eadb53c8764e57fb3de2da1b6c8e840695fa771,100
local_rsvce,ps130_1b_2_3_4_5_6ab,WORLD,,,generic,,,,"ps130:1b-2,3-4,5-6ab","For with the Lord there is mercy, in him is plentiful redemption.","Out of the depths I cry to thee, O LORD! Lord, hear my voice! Let thy ears be attentive to the voice of my supplications!

If thou, O LORD, shouldst mark iniquities, Lord, who could stand? But there is forgiveness with thee, that thou mayest be feared.

I wait for the LORD, my soul waits, and in his word I hope; my soul waits for the LORDmore than watchmen for the morning, more than watchmen for the morning.",repo://assets/rsvce.db,,de4d2a0308e5e3dfb5d4d2cca549cc50f76a21501030415326ac09a3d4abeab3,3afff0ebef67bcd440196d8665e327ebef7865a17c201fb9c2578701d830b123,100
local_rsvce,ps130_1b_2_3_4ab_7_8,WORLD,,,generic,,,,"ps130:1b-2,3-4ab,7-8","If you, O Lord, should mark iniquities, Lord, who could stand?","Out of the depths I cry to thee, O LORD! Lord, hear my voice! Let thy ears be attentive to the voice of my supplications!

If thou, O LORD, shouldst mark iniquities, Lord, who could stand? But there is forgiveness with thee, that thou mayest be feared.

O Israel, hope in the LORD!For with the LORD there is steadfast love, and with him is plenteous redemption. And he will redeem Israel from all his iniquities.",repo://assets/rsvce.db,,642de8a0f78dd4e86aea1b1c095804092abf4e4a54504dec7430887308e08cba,96f885090e9d6e72d970116b60392853a52e94fa27fef80be81f203ed80c745f,100
local_rsvce,ps131_1_2_3,WORLD,,,generic,,,,"ps131:1,2,3","In you, Lord, I have found my peace.","O LORD, my heart is not lifted up,my eyes are not raised too high;I do not occupy myself with things too great and too marvelous for me.

But I have calmed and quieted my soul,like a child quieted at its mother's breast; like a child that is quieted is my soul.

O Israel, hope in the LORD from this time forth and for evermore.",repo://assets/rsvce.db,,5839837be5a6923dc6de9c0f36bb8f93bcdedc62ce75304e83f00f7c50768dbc,ae5e2f009afc4e366a4cb7baac5531ef9e44b31964954f853d9f891ec5e3b009,100
local_rsvce,ps131_1bcde_2_3,WORLD,,,generic,,,,"ps131:1bcde,2,3","Keep my soul in peace at your side, O Lord.","O LORD, my heart is not lifted up,my eyes are not raised too high;I do not occupy myself with things too great and too marvelous for me.

But I have calmed and quieted my soul,like a child quieted at its mother's breast; like a child that is quieted is my soul.

O Israel, hope in the LORD from this time forth and for evermore.",repo://assets/rsvce.db,,b3f9a0bf5a30650b4fdd042f2b65c20c984e63d8b4f75776c84bba8ba79e05da,8fd37a3218e8f66b9103de0dc03b6f7df18b4ec44c3bc80ae022ea71d70ab3a7,100
local_rsvce,ps132_11_12_13_14_17_18,WORLD,,,generic,,,,"ps132:11,12,13-14,17-18",The Lord has chosen Zion for his dwelling.,"The LORD swore to David a sure oathfrom which he will not turn back: ""One of the sons of your body I will set on your throne.

If your sons keep my covenant and my testimonieswhich I shall teach them, their sons also for ever shall sit upon your throne.""

For the LORD has chosen Zion; he has desired it for his habitation: ""This is my resting place for ever; here I will dwell, for I have desired it.

There I will make a horn to sprout for David; I have prepared a lamp for my anointed. His enemies I will clothe with shame, but upon himself his crown will shed its luster.""",repo://assets/rsvce.db,,ac756a6de1fa30010cc209eeddb04adf80461a37ba09116cca3c670a3ed753cf,ed3e65045153cb07c5aee10bdd10595e6448b8171061301749e147c59c05d74d,100
local_rsvce,ps132_11_13_14_17_18,WORLD,,,generic,,,,"ps132:11,13-14,17-18","God will give him the throne of David, his father.","The LORD swore to David a sure oathfrom which he will not turn back: ""One of the sons of your body I will set on your throne.

For the LORD has chosen Zion; he has desired it for his habitation: ""This is my resting place for ever; here I will dwell, for I have desired it.

There I will make a horn to sprout for David; I have prepared a lamp for my anointed. His enemies I will clothe with shame, but upon himself his crown will shed its luster.""",repo://assets/rsvce.db,,40b2c4a5fbf3ddc7cc7fc3525bba4fe783cc7d83b00dfa85fbabad4ebcd0016d,06373f3f5be98b167e9d6ce2acb56612f08f001a2540f108891ce8d86bcb4412,100
local_rsvce,ps132_1_2_3_5_11_12_13_14,WORLD,,,generic,,,,"ps132:1-2,3-5,11,12,13-14",God will give him,"Remember, O LORD, in David's favor, all the hardships he endured; how he swore to the LORD and vowed to the Mighty One of Jacob,

""I will not enter my house or get into my bed; I will not give sleep to my eyes or slumber to my eyelids, until I find a place for the LORD, a dwelling place for the Mighty One of Jacob.""

The LORD swore to David a sure oathfrom which he will not turn back: ""One of the sons of your body I will set on your throne.

If your sons keep my covenant and my testimonieswhich I shall teach them, their sons also for ever shall sit upon your throne.""

For the LORD has chosen Zion; he has desired it for his habitation: ""This is my resting place for ever; here I will dwell, for I have desired it.",repo://assets/rsvce.db,,314515943a52e0c5fcbd6536077ad55f4731fc689767c8db82eaec195a37d7c7,93a47cfbc7eed89dd872838ed060cb40f3f7b8164c60fade6c16e308d7e7110f,100
local_rsvce,ps132_1a_2b_4a_5a_6_8_9_10_13_14,WORLD,,,generic,,,,"ps132:1a+2b+4a+5a,6+8,9-10,13-14","Lord, go up to the place of your rest!","Remember, O LORD, in David's favor, all the hardships he endured; how he swore to the LORD and vowed to the Mighty One of Jacob, I will not give sleep to my eyes or slumber to my eyelids, until I find a place for the LORD, a dwelling place for the Mighty One of Jacob.""

Lo, we heard of it in Ephrathah, we found it in the fields of Jaar. Arise, O LORD, and go to thy resting place, thou and the ark of thy might.

Let thy priests be clothed with righteousness, and let thy saints shout for joy. For thy servant David's sake do not turn away the face of thy anointed one.

For the LORD has chosen Zion; he has desired it for his habitation: ""This is my resting place for ever; here I will dwell, for I have desired it.",repo://assets/rsvce.db,,e792e2b01a7503f343d43e8d27278370c715b31c84dfbbd1540799f3299cc107,ccf05861ea769b26d5461074d2d71072ba127c3b17bbd8701dd0cd7ffd4082bb,100
local_rsvce,ps132_6_7_8_10,WORLD,,,generic,,,,"ps132:6-7,8-10","Go up, Lord, to the place of your rest.","Lo, we heard of it in Ephrathah, we found it in the fields of Jaar. ""Let us go to his dwelling place; let us worship at his footstool!""

Arise, O LORD, and go to thy resting place, thou and the ark of thy might. Let thy priests be clothed with righteousness, and let thy saints shout for joy. For thy servant David's sake do not turn away the face of thy anointed one.",repo://assets/rsvce.db,,1be2cf629dca0867954437b261374765b2b151a43c9b0ee9c748f547899e1dc7,6c4c9cdb92e5806d2c061afafe233ae3935f75b79c3510747c7a901abecd84ca,100
local_rsvce,ps132_6_7_9_10_13_14,WORLD,,,generic,,,,"ps132:6-7,9-10,13-14","(8) Lord, go up to the place of your rest,","Lo, we heard of it in Ephrathah, we found it in the fields of Jaar. ""Let us go to his dwelling place; let us worship at his footstool!""

Let thy priests be clothed with righteousness, and let thy saints shout for joy. For thy servant David's sake do not turn away the face of thy anointed one.

For the LORD has chosen Zion; he has desired it for his habitation: ""This is my resting place for ever; here I will dwell, for I have desired it.",repo://assets/rsvce.db,,3236ef4ba708dacf2096216fc32ebd33a3f447b53566b8b6838fc38ff9017950,f93fc2f479deeb65b08d0ed1a25993de3841d59d652ae3f013dcf63aec617ab5,100
local_rsvce,ps135_1_2_3_4_5_6,WORLD,,,generic,,,,"ps135:1-2,3-4,5-6",Praise the Lord for he is good!,"Praise the LORD. Praise the name of the LORD, give praise, O servants of the LORD, you that stand in the house of the LORD, in the courts of the house of our God!

Praise the LORD, for the LORD is good; sing to his name, for he is gracious! For the LORD has chosen Jacob for himself, Israel as his own possession.

For I know that the LORD is great, and that our Lord is above all gods. Whatever the LORD pleases he does, in heaven and on earth, in the seas and all deeps.",repo://assets/rsvce.db,,35e5988e1de11a9bd98ef1dacfa379a14fb03bb495182f920d0e60f4b81b1775,2a503c25a6fe06224c260bd1138de3ff23d721b76cdc526c7f8c402742d7f1f5,100
local_rsvce,ps135_1b_2_3_4_5_6,WORLD,,,generic,,,,"ps135:1b-2,3-4,5-6","Praise the Lord, for the Lord is good.","Praise the LORD. Praise the name of the LORD, give praise, O servants of the LORD, you that stand in the house of the LORD, in the courts of the house of our God!

Praise the LORD, for the LORD is good; sing to his name, for he is gracious! For the LORD has chosen Jacob for himself, Israel as his own possession.

For I know that the LORD is great, and that our Lord is above all gods. Whatever the LORD pleases he does, in heaven and on earth, in the seas and all deeps.",repo://assets/rsvce.db,,721a293783a4ea07bc7c70b1d2770178ad195aff9d956f05e4691eb97357e93c,87313b62397455c80805e44bd8f04b9e92d5fe16001bc1723696795a039b6bd0,100
local_rsvce,ps136_1_23_24_10_12_13_15,WORLD,,,generic,,,,"ps136:1+23-24,10-12,13-15",God's love is everlasting.,"O give thanks to the LORD, for he is good, for his steadfast love endures for ever. It is he who remembered us in our low estate, for his steadfast love endures for ever; and rescued us from our foes, for his steadfast love endures for ever;

to him who smote the first-born of Egypt, for his steadfast love endures for ever; and brought Israel out from among them, for his steadfast love endures for ever; with a strong hand and an outstretched arm, for his steadfast love endures for ever;

to him who divided the Red Sea in sunder, for his steadfast love endures for ever; and made Israel pass through the midst of it, for his steadfast love endures for ever; but overthrew Pharaoh and his host in the Red Sea, for his steadfast love endures for ever;",repo://assets/rsvce.db,,8cae6d4415b7699ef0c9093d158404c41f1b736b3147ed672f5b8368cb0a7cbe,126cf724fb19e6dda252a112ef854b7b5ca40e4cc3414c3bfba3a630b976ddd6,100
local_rsvce,ps136_1_23_24_10_12_13_15__alias_6a89b35f6474,WORLD,,,generic,,,,"ps136:1,23-24,10-12,13-15",God's love is everlasting.,"O give thanks to the LORD, for he is good, for his steadfast love endures for ever. It is he who remembered us in our low estate, for his steadfast love endures for ever; and rescued us from our foes, for his steadfast love endures for ever;

to him who smote the first-born of Egypt, for his steadfast love endures for ever; and brought Israel out from among them, for his steadfast love endures for ever; with a strong hand and an outstretched arm, for his steadfast love endures for ever;

to him who divided the Red Sea in sunder, for his steadfast love endures for ever; and made Israel pass through the midst of it, for his steadfast love endures for ever; but overthrew Pharaoh and his host in the Red Sea, for his steadfast love endures for ever;",repo://assets/rsvce.db,,8cae6d4415b7699ef0c9093d158404c41f1b736b3147ed672f5b8368cb0a7cbe,126cf724fb19e6dda252a112ef854b7b5ca40e4cc3414c3bfba3a630b976ddd6,100
local_rsvce,ps136_1_3_16_18_21_22_24,WORLD,,,generic,,,,"ps136:1-3,16-18,21-22+24",God's love is everlasting.,"O give thanks to the LORD, for he is good, for his steadfast love endures for ever. O give thanks to the God of gods, for his steadfast love endures for ever. O give thanks to the Lord of lords, for his steadfast love endures for ever;

to him who led his people through the wilderness, for his steadfast love endures for ever; to him who smote great kings, for his steadfast love endures for ever; and slew famous kings, for his steadfast love endures for ever;

and gave their land as a heritage, for his steadfast love endures for ever; a heritage to Israel his servant, for his steadfast love endures for ever. and rescued us from our foes, for his steadfast love endures for ever;",repo://assets/rsvce.db,,6b9b712e4c04040da261b773083bda977c5c3a1f867d579120a667d4eecc106f,efc642938f9e9dbf4949aabc17f222a25ce8e6f1ef17d5aff0ea24bfd071723d,100
local_rsvce,ps137_1_2_3_4_5_6,WORLD,,,generic,,,,"ps137:1-2,3,4-5,6","(6ab) Let my tongue be silenced, if I ever forget you!","By the waters of Babylon, there we sat down and wept, when we remembered Zion. On the willows there we hung up our lyres.

For there our captors required of us songs,and our tormentors, mirth, saying, ""Sing us one of the songs of Zion!""

How shall we sing the LORD's song in a foreign land? If I forget you, O Jerusalem, let my right hand wither!

Let my tongue cleave to the roof of my mouth,if I do not remember you, if I do not set Jerusalem above my highest joy!",repo://assets/rsvce.db,,e9c3345d77a277f882aba095b244701784cba5507c7c532965f0df99b93685de,7acbde244731d05f3f96987fced8ee67ab5c7575cceffa35b44df1a69fccdac6,100
local_rsvce,ps138_1_2_2_3_4_5_7_8,WORLD,,,generic,,,,"ps138:1-2,2-3,4-5,7-8","(1c) In the sight of the angels I will sing your praises, Lord.","I give thee thanks, O LORD, with my whole heart; before the gods I sing thy praise; I bow down toward thy holy templeand give thanks to thy name for thy steadfast loveand thy faithfulness; for thou hast exalted above everything thy name and thy word.

I bow down toward thy holy templeand give thanks to thy name for thy steadfast loveand thy faithfulness; for thou hast exalted above everything thy name and thy word. On the day I called,thou didst answer me, my strength of soul thou didst increase.

All the kings of the earth shall praise thee, O LORD, for they have heard the words of thy mouth; and they shall sing of the ways of the LORD, for great is the glory of the LORD.

Though I walk in the midst of trouble,thou dost preserve my life;thou dost stretch out thy hand against the wrath of my enemies, and thy right hand delivers me. The LORD will fulfil his purpose for me;thy steadfast love, O LORD, endures for ever. Do not forsake the work of thy hands.",repo://assets/rsvce.db,,2faa1269b05fe3dd4a08c61ac212ae98b9c05fca6c8265a7f787c9432fdec5a7,fa52fe7bc48b633389f4b002db09c938e36d8a27a7c0ae2456f5c12cea0a78c9,100
local_rsvce,ps138_1_2_2_3_6_7_7_8,WORLD,,,generic,,,,"ps138:1-2,2-3,6-7,7-8","(3a) Lord, on the day I called for help, you answered me.","I give thee thanks, O LORD, with my whole heart; before the gods I sing thy praise; I bow down toward thy holy templeand give thanks to thy name for thy steadfast loveand thy faithfulness; for thou hast exalted above everything thy name and thy word.

I bow down toward thy holy templeand give thanks to thy name for thy steadfast loveand thy faithfulness; for thou hast exalted above everything thy name and thy word. On the day I called,thou didst answer me, my strength of soul thou didst increase.

For though the LORD is high, he regards the lowly; but the haughty he knows from afar. Though I walk in the midst of trouble,thou dost preserve my life;thou dost stretch out thy hand against the wrath of my enemies, and thy right hand delivers me.

Though I walk in the midst of trouble,thou dost preserve my life;thou dost stretch out thy hand against the wrath of my enemies, and thy right hand delivers me. The LORD will fulfil his purpose for me;thy steadfast love, O LORD, endures for ever. Do not forsake the work of thy hands.",repo://assets/rsvce.db,,a822270bdc492d88cb35e0f5ca958c469db890e508e33fcfd9d96e1b5099cb66,2f02c521488fa2c985d580b52542dd90ec4d4361a2bfccd5f026ff03b7921207,100
local_rsvce,ps138_1_2_2_3_6_8,WORLD,,,generic,,,,"ps138:1-2,2-3,6,8","(8bc) Lord, your love is eternal; do not forsake the work of your hands.","I give thee thanks, O LORD, with my whole heart; before the gods I sing thy praise; I bow down toward thy holy templeand give thanks to thy name for thy steadfast loveand thy faithfulness; for thou hast exalted above everything thy name and thy word.

I bow down toward thy holy templeand give thanks to thy name for thy steadfast loveand thy faithfulness; for thou hast exalted above everything thy name and thy word. On the day I called,thou didst answer me, my strength of soul thou didst increase.

For though the LORD is high, he regards the lowly; but the haughty he knows from afar.

The LORD will fulfil his purpose for me;thy steadfast love, O LORD, endures for ever. Do not forsake the work of thy hands.",repo://assets/rsvce.db,,0ee154615446bf9ed143342acb066a48fe1839af4e8d136cad685403883d075f,53617eb253ff6319c6e5e341acf1f50ba52d6fc995b2d543b64a18586443dbf8,100
local_rsvce,ps138_1_2a_2bc_3_7c_8,WORLD,,,generic,,,,"ps138:1-2a,2bc-3,7c-8","Your right hand has saved me, O Lord.","I give thee thanks, O LORD, with my whole heart; before the gods I sing thy praise; I bow down toward thy holy templeand give thanks to thy name for thy steadfast loveand thy faithfulness; for thou hast exalted above everything thy name and thy word.

I bow down toward thy holy templeand give thanks to thy name for thy steadfast loveand thy faithfulness; for thou hast exalted above everything thy name and thy word. On the day I called,thou didst answer me, my strength of soul thou didst increase.

Though I walk in the midst of trouble,thou dost preserve my life;thou dost stretch out thy hand against the wrath of my enemies, and thy right hand delivers me. The LORD will fulfil his purpose for me;thy steadfast love, O LORD, endures for ever. Do not forsake the work of thy hands.",repo://assets/rsvce.db,,7328dd411b6a88c5875dea0d91b39bf6f1a88213a62d0e1cd6709216845991ce,38c5eaa3722163c78c3299e1b0090083300e1bdacdc117e961e988e349021714,100
local_rsvce,ps138_1_2a_2bcd_3_4_5,WORLD,,,generic,,,,"ps138:1-2a,2bcd-3,4-5","In the presence of the angels I praise you, O Lord.","I give thee thanks, O LORD, with my whole heart; before the gods I sing thy praise; I bow down toward thy holy templeand give thanks to thy name for thy steadfast loveand thy faithfulness; for thou hast exalted above everything thy name and thy word.

I bow down toward thy holy templeand give thanks to thy name for thy steadfast loveand thy faithfulness; for thou hast exalted above everything thy name and thy word. On the day I called,thou didst answer me, my strength of soul thou didst increase.

All the kings of the earth shall praise thee, O LORD, for they have heard the words of thy mouth; and they shall sing of the ways of the LORD, for great is the glory of the LORD.",repo://assets/rsvce.db,,a1df389e16edf5b732384e4a6761c2a1ff63b464791d712223116cc26476a72d,ba25fb751df4bd6cdc6c5c8fee821110b446ec6e72dd0a7daef3ad0316ede3ce,100
local_rsvce,ps138_1_2a_2bcd_3_6_8bc,WORLD,,,generic,,,,"ps138:1-2a,2bcd-3,6,8bc","O Lord, your merciful love is eternal; Discard not the work of your hands.","I give thee thanks, O LORD, with my whole heart; before the gods I sing thy praise; I bow down toward thy holy templeand give thanks to thy name for thy steadfast loveand thy faithfulness; for thou hast exalted above everything thy name and thy word.

I bow down toward thy holy templeand give thanks to thy name for thy steadfast loveand thy faithfulness; for thou hast exalted above everything thy name and thy word. On the day I called,thou didst answer me, my strength of soul thou didst increase.

For though the LORD is high, he regards the lowly; but the haughty he knows from afar.

The LORD will fulfil his purpose for me;thy steadfast love, O LORD, endures for ever. Do not forsake the work of thy hands.",repo://assets/rsvce.db,,14bbcce347fb78ce8c1afd8a79ec5e2f1098a1b564b87fcd08875bc735eaab3a,7ba1614fd50a2fd1b3e3b30c30cb019841e3e19523cfe54a2de12cfbc367e34b,100
local_rsvce,ps138_1_2a_2bcd_3_7d_8,WORLD,,,generic,,,,"ps138:1-2a,2bcd-3,7d-8","On the day I called, you answered me, O Lord.","I give thee thanks, O LORD, with my whole heart; before the gods I sing thy praise; I bow down toward thy holy templeand give thanks to thy name for thy steadfast loveand thy faithfulness; for thou hast exalted above everything thy name and thy word.

I bow down toward thy holy templeand give thanks to thy name for thy steadfast loveand thy faithfulness; for thou hast exalted above everything thy name and thy word. On the day I called,thou didst answer me, my strength of soul thou didst increase.

Though I walk in the midst of trouble,thou dost preserve my life;thou dost stretch out thy hand against the wrath of my enemies, and thy right hand delivers me. The LORD will fulfil his purpose for me;thy steadfast love, O LORD, endures for ever. Do not forsake the work of thy hands.",repo://assets/rsvce.db,,fd4ae1244e37451290923357eaa13d716cbaf36b7f7f25f3b528f7c5d6c96678,3d7943a637809655aca4b7abe3984536cc8de1fc7b7b214dac42e3e8bef7b7a6,100
local_rsvce,ps138_1_2ab_2cd_3_4_5_7c_8,WORLD,,,generic,,,,"ps138:1-2ab,2cd-3,4-5,7c-8","In the sight of the angels I will sing your praises, Lord.","I give thee thanks, O LORD, with my whole heart; before the gods I sing thy praise; I bow down toward thy holy templeand give thanks to thy name for thy steadfast loveand thy faithfulness; for thou hast exalted above everything thy name and thy word.

I bow down toward thy holy templeand give thanks to thy name for thy steadfast loveand thy faithfulness; for thou hast exalted above everything thy name and thy word. On the day I called,thou didst answer me, my strength of soul thou didst increase.

All the kings of the earth shall praise thee, O LORD, for they have heard the words of thy mouth; and they shall sing of the ways of the LORD, for great is the glory of the LORD.

Though I walk in the midst of trouble,thou dost preserve my life;thou dost stretch out thy hand against the wrath of my enemies, and thy right hand delivers me. The LORD will fulfil his purpose for me;thy steadfast love, O LORD, endures for ever. Do not forsake the work of thy hands.",repo://assets/rsvce.db,,fdabb13f0c7a7c531b756962dfde707cd1ab4df71452fe32bdc3fec650ff3d86,97dc4367dd4959504a04a878daa58368d91511494096c35751a23befc64b6bac,100
local_rsvce,ps138_1_2ab_2cde_3_7c_8,WORLD,,,generic,,,,"ps138:1-2ab,2cde-3,7c-8","With your right hand you save me, O Lord. Or: Alleluia.","I give thee thanks, O LORD, with my whole heart; before the gods I sing thy praise; I bow down toward thy holy templeand give thanks to thy name for thy steadfast loveand thy faithfulness; for thou hast exalted above everything thy name and thy word.

I bow down toward thy holy templeand give thanks to thy name for thy steadfast loveand thy faithfulness; for thou hast exalted above everything thy name and thy word. On the day I called,thou didst answer me, my strength of soul thou didst increase.

Though I walk in the midst of trouble,thou dost preserve my life;thou dost stretch out thy hand against the wrath of my enemies, and thy right hand delivers me. The LORD will fulfil his purpose for me;thy steadfast love, O LORD, endures for ever. Do not forsake the work of thy hands.",repo://assets/rsvce.db,,3335595c5315be62fbb21db1f82a2095b228b1a934a8a167259d131f24bacc97,cb5e94519047ceeee1db39dac79c7b09a8cc9c1b362e3e144c15a1c1cb0e7c29,100
local_rsvce,ps138_1ac_2a_2bcd_3_7c_8,WORLD,,,generic,,,,"ps138:1ac-2a,2bcd-3,7c-8","With your right hand you save me, O Lord.","I give thee thanks, O LORD, with my whole heart; before the gods I sing thy praise; I bow down toward thy holy templeand give thanks to thy name for thy steadfast loveand thy faithfulness; for thou hast exalted above everything thy name and thy word.

I bow down toward thy holy templeand give thanks to thy name for thy steadfast loveand thy faithfulness; for thou hast exalted above everything thy name and thy word. On the day I called,thou didst answer me, my strength of soul thou didst increase.

Though I walk in the midst of trouble,thou dost preserve my life;thou dost stretch out thy hand against the wrath of my enemies, and thy right hand delivers me. The LORD will fulfil his purpose for me;thy steadfast love, O LORD, endures for ever. Do not forsake the work of thy hands.",repo://assets/rsvce.db,,289bfb537a8cf9dec3416dc8fce09bd49d26b395188a869cd6703c0906642132,38445e29b7de46f837a751a84de9998bd554a0f3ae302fa1faf6f30a5d0d4cd5,100
local_rsvce,ps139_1_2_3_4_5_6,WORLD,,,generic,,,,"ps139:1-2,3-4,5-6","You have searched me and you know me, Lord.","O LORD, thou hast searched me and known me! Thou knowest when I sit down and when I rise up; thou discernest my thoughts from afar.

Thou searchest out my path and my lying down, and art acquainted with all my ways. Even before a word is on my tongue, lo, O LORD, thou knowest it altogether.

Thou dost beset me behind and before, and layest thy hand upon me. Such knowledge is too wonderful for me; it is high, I cannot attain it.",repo://assets/rsvce.db,,22ac689f94e5444201068fe6f0f7d5519571ae4e8a539f0097fafce2e0bc50e1,881a1b74a8a6cdee8c85bcaaa8903405a77a990c1f7250c65b3ab79e1579f7e0,100
local_rsvce,ps139_1_3_13_14_15,WORLD,,,generic,,,,"ps139:1-3,13-14,15",I thank you who wonderfully made me.,"O LORD, thou hast searched me and known me! Thou knowest when I sit down and when I rise up; thou discernest my thoughts from afar. Thou searchest out my path and my lying down, and art acquainted with all my ways.

For thou didst form my inward parts, thou didst knit me together in my mother's womb. I praise thee, for thou art fearful and wonderful.  Wonderful are thy works! Thou knowest me right well;

my frame was not hidden from thee,when I was being made in secret, intricately wrought in the depths of the earth.",repo://assets/rsvce.db,,367cb697e7fb9de20020453573beeceaa324ffdd537f8f3dce88a9bcf7a52995,6f6fdd94e8bb3096ae2e98209e281f04a881255e9cab6c07857b5dd2675164c6,100
local_rsvce,ps139_1_3_13_14_15_16a,WORLD,,,generic,,,,"ps139:1-3,13-14,15-16a","Guide me, Lord, along the everlasting way.","O LORD, thou hast searched me and known me! Thou knowest when I sit down and when I rise up; thou discernest my thoughts from afar. Thou searchest out my path and my lying down, and art acquainted with all my ways.

For thou didst form my inward parts, thou didst knit me together in my mother's womb. I praise thee, for thou art fearful and wonderful.  Wonderful are thy works! Thou knowest me right well;

my frame was not hidden from thee,when I was being made in secret, intricately wrought in the depths of the earth. Thy eyes beheld my unformed substance;in thy book were written, every one of them,the days that were formed for me, when as yet there was none of them.",repo://assets/rsvce.db,,62b9010df0f5d0f205719851060f287888da55e99f5b8e195fd70273b0b534fe,af98893a6dc331c2bb8b79a972303396ed158bac79c573663d7d966eee67736d,100
local_rsvce,ps139_1_3_13_14a_14b_15,WORLD,,,generic,,,,"ps139:1-3,13-14a,14b-15",I praise you for I am wonderfully made.,"O LORD, thou hast searched me and known me! Thou knowest when I sit down and when I rise up; thou discernest my thoughts from afar. Thou searchest out my path and my lying down, and art acquainted with all my ways.

For thou didst form my inward parts, thou didst knit me together in my mother's womb. I praise thee, for thou art fearful and wonderful.  Wonderful are thy works! Thou knowest me right well;

I praise thee, for thou art fearful and wonderful.  Wonderful are thy works! Thou knowest me right well; my frame was not hidden from thee,when I was being made in secret, intricately wrought in the depths of the earth.",repo://assets/rsvce.db,,48d8a5684e6f8ed6f8813e80b1d546dd279c69357b325641854bf47996f0c570,fdcbfb12f6e3a45f306788fac25f025d2ffec01849f07dbcbcc9e70ac944b48d,100
local_rsvce,ps139_1_3_13_14ab_23_24,WORLD,,,generic,,,,"ps139:1-3,13-14ab,23-24","Guide me, Lord, along the everlasting way.","O LORD, thou hast searched me and known me! Thou knowest when I sit down and when I rise up; thou discernest my thoughts from afar. Thou searchest out my path and my lying down, and art acquainted with all my ways.

For thou didst form my inward parts, thou didst knit me together in my mother's womb. I praise thee, for thou art fearful and wonderful.  Wonderful are thy works! Thou knowest me right well;

Search me, O God, and know my heart! Try me and know my thoughts! And see if there be any wicked way in me, and lead me in the way everlasting!",repo://assets/rsvce.db,,1dc19cf93dd39ec4c5f12a2c47f4b047395467d08fb388a3c44846276391e655,723010f01ee983ac01d0e8003d4b224ac06c3e397a3ac7685c047d3126d78b90,100
local_rsvce,ps139_1_3_4_6,WORLD,,,generic,,,,"ps139:1-3,4-6","O Lord, you search me and you know me.","O LORD, thou hast searched me and known me! Thou knowest when I sit down and when I rise up; thou discernest my thoughts from afar. Thou searchest out my path and my lying down, and art acquainted with all my ways.

Even before a word is on my tongue, lo, O LORD, thou knowest it altogether. Thou dost beset me behind and before, and layest thy hand upon me. Such knowledge is too wonderful for me; it is high, I cannot attain it.",repo://assets/rsvce.db,,abe7afb1ae3ac66b9fe90394ce78fd58deb6afc71125f840237cd4c85d21bd26,937c4df50268b057557b2711daedb05427de7a07aa2822018bc108abd20a9b0e,100
local_rsvce,ps139_1_3_4_6_7_8_9_10,WORLD,,,generic,,,,"ps139:1-3,4-6,7-8,9-10","Guide me, Lord, along the everlasting way.","O LORD, thou hast searched me and known me! Thou knowest when I sit down and when I rise up; thou discernest my thoughts from afar. Thou searchest out my path and my lying down, and art acquainted with all my ways.

Even before a word is on my tongue, lo, O LORD, thou knowest it altogether. Thou dost beset me behind and before, and layest thy hand upon me. Such knowledge is too wonderful for me; it is high, I cannot attain it.

Whither shall I go from thy Spirit? Or whither shall I flee from thy presence? If I ascend to heaven, thou art there! If I make my bed in Sheol, thou art there!

If I take the wings of the morning and dwell in the uttermost parts of the sea, even there thy hand shall lead me, and thy right hand shall hold me.",repo://assets/rsvce.db,,b9bd8877edd0fb026b1b7aa5dc29fd50148acbb3bc47cb0d08c730d755389867,06b50e6014ea21097634bf6feadc704289ad79691c15580e8e1446ef7cd0d87f,100
local_rsvce,ps139_1_3_7_8_9_10_13_14ab,WORLD,,,generic,,,,"ps139:1-3,7-8,9-10,13-14ab","Guide me, Lord, along the everlasting way.","O LORD, thou hast searched me and known me! Thou knowest when I sit down and when I rise up; thou discernest my thoughts from afar. Thou searchest out my path and my lying down, and art acquainted with all my ways.

Whither shall I go from thy Spirit? Or whither shall I flee from thy presence? If I ascend to heaven, thou art there! If I make my bed in Sheol, thou art there!

If I take the wings of the morning and dwell in the uttermost parts of the sea, even there thy hand shall lead me, and thy right hand shall hold me.

For thou didst form my inward parts, thou didst knit me together in my mother's womb. I praise thee, for thou art fearful and wonderful.  Wonderful are thy works! Thou knowest me right well;",repo://assets/rsvce.db,,e6bccc61f3863d8a2160dd74fbde3c946e0f95782dce6b13a0e0320692b9d1b1,b03024c21770f9989e57041cf37cbe96666f1474c3ceee88290eafbbc72997d6,100
local_rsvce,ps139_1b_3_13_14ab_14c_15,WORLD,,,generic,,,,"ps139:1b-3,13-14ab,14c-15","(14) I praise you, for I am wonderfully made.","O LORD, thou hast searched me and known me! Thou knowest when I sit down and when I rise up; thou discernest my thoughts from afar. Thou searchest out my path and my lying down, and art acquainted with all my ways.

For thou didst form my inward parts, thou didst knit me together in my mother's womb. I praise thee, for thou art fearful and wonderful.  Wonderful are thy works! Thou knowest me right well;

I praise thee, for thou art fearful and wonderful.  Wonderful are thy works! Thou knowest me right well; my frame was not hidden from thee,when I was being made in secret, intricately wrought in the depths of the earth.",repo://assets/rsvce.db,,6234ae926110cc301c35f56dee5ea2b3721dca676cd77c1f2e16bf5cdd5460a6,25a8e3f9d7fea4f0ddbf4ff1c7191aff88e1049db2c31d00dc2161f8670b711b,100
local_rsvce,ps139_1b_3_4_6_7_8_9_10,WORLD,,,generic,,,,"ps139:1b-3,4-6,7-8,9-10","Lead me, Lord, in the way everlasting.","O LORD, thou hast searched me and known me! Thou knowest when I sit down and when I rise up; thou discernest my thoughts from afar. Thou searchest out my path and my lying down, and art acquainted with all my ways.

Even before a word is on my tongue, lo, O LORD, thou knowest it altogether. Thou dost beset me behind and before, and layest thy hand upon me. Such knowledge is too wonderful for me; it is high, I cannot attain it.

Whither shall I go from thy Spirit? Or whither shall I flee from thy presence? If I ascend to heaven, thou art there! If I make my bed in Sheol, thou art there!

If I take the wings of the morning and dwell in the uttermost parts of the sea, even there thy hand shall lead me, and thy right hand shall hold me.",repo://assets/rsvce.db,,c19e7610a8575fa4d48525273fb5f59c4dd4828231bc33d4afebf02846533067,880440873de1da64c099ee7f838ceac679a4802567d5d85134716bd3094fff8c,100
local_rsvce,ps139_7_8_9_10_11_12,WORLD,,,generic,,,,"ps139:7-8,9-10,11-12","You have searched me and you know me, Lord.","Whither shall I go from thy Spirit? Or whither shall I flee from thy presence? If I ascend to heaven, thou art there! If I make my bed in Sheol, thou art there!

If I take the wings of the morning and dwell in the uttermost parts of the sea, even there thy hand shall lead me, and thy right hand shall hold me.

If I say, ""Let only darkness cover me, and the light about me be night,"" even the darkness is not dark to thee, the night is bright as the day; for darkness is as light with thee.",repo://assets/rsvce.db,,e3aa9366212927f66b7b0422ee9619b4e366f39e2d0c0135816c1446df732450,541285b0bb6457d42a2413d3b37c38844199cb1c88f32dd5eb05ac3c7e981ab3,100
local_rsvce,ps139_7_8_9_10_11_12ab,WORLD,,,generic,,,,"ps139:7-8,9-10,11-12ab","O Lord, you search me and you know me.","Whither shall I go from thy Spirit? Or whither shall I flee from thy presence? If I ascend to heaven, thou art there! If I make my bed in Sheol, thou art there!

If I take the wings of the morning and dwell in the uttermost parts of the sea, even there thy hand shall lead me, and thy right hand shall hold me.

If I say, ""Let only darkness cover me, and the light about me be night,"" even the darkness is not dark to thee, the night is bright as the day; for darkness is as light with thee.",repo://assets/rsvce.db,,a829780e7f806474bcb2075993406944cd5497311aa27a34a867fff95aef4114,2e8dd2bdcdb62a365c172ed8ed07821473191a6a9c2aa6d7457627e496d3aa75,100
local_rsvce,ps13_4_5a_5b_6,WORLD,,,generic,,,,"ps13:4-5a,5b-6","All my hope, O Lord, is in your loving kindness.","lest my enemy say, ""I have prevailed over him""; lest my foes rejoice because I am shaken. But I have trusted in thy steadfast love; my heart shall rejoice in thy salvation.

But I have trusted in thy steadfast love; my heart shall rejoice in thy salvation. I will sing to the LORD, because he has dealt bountifully with me.",repo://assets/rsvce.db,,1507839bef5f0c314a5878583379dd1381786ed531c7295c147723a8aa23503f,f99d01e5dead1117e1432dd896ce252f3b779dfe52536c9f5ef222a0ad4f14b2,100
local_rsvce,ps13_5_6,WORLD,,,generic,,,,"ps13:5,6",With delight I rejoice in the Lord.,"But I have trusted in thy steadfast love; my heart shall rejoice in thy salvation.

I will sing to the LORD, because he has dealt bountifully with me.",repo://assets/rsvce.db,,1c5121e2cd7097f7e284c24fbd75210f00b937c0ee7cc3e12e30aee5c3243e67,fcfa0d2e4d5af817341115be58c6cca6c12a8f1b18256565b9c09a98a19b1b41,100
local_rsvce,ps141_1_2_3_8,WORLD,,,generic,,,,"ps141:1-2,3+8",Let my prayer come like incense before you.,"I call upon thee, O LORD; make haste to me! Give ear to my voice, when I call to thee! Let my prayer be counted as incense before thee, and the lifting up of my hands as an evening sacrifice!

Set a guard over my mouth, O LORD, keep watch over the door of my lips! But my eyes are toward thee, O LORD God; in thee I seek refuge; leave me not defenseless!",repo://assets/rsvce.db,,d78a81accd3813b6ccf5088389397b58c02010a1dbf53cc4b070b2147faf4e33,d75aebb77df29c327996bbe4c5cddca7458fc206aeb02b5dd38bb4e195537a33,100
local_rsvce,ps141_1_2_3_8__alias_4543aa3dcdf6,WORLD,,,generic,,,,"ps141:1-2,3,8",Let my prayer come like incense before you.,"I call upon thee, O LORD; make haste to me! Give ear to my voice, when I call to thee! Let my prayer be counted as incense before thee, and the lifting up of my hands as an evening sacrifice!

Set a guard over my mouth, O LORD, keep watch over the door of my lips! But my eyes are toward thee, O LORD God; in thee I seek refuge; leave me not defenseless!",repo://assets/rsvce.db,,d78a81accd3813b6ccf5088389397b58c02010a1dbf53cc4b070b2147faf4e33,d75aebb77df29c327996bbe4c5cddca7458fc206aeb02b5dd38bb4e195537a33,100
local_rsvce,ps144_1_2_9_10,WORLD,,,generic,,,,"ps144:1-2,9-10","Blessed be the Lord, my rock.","Blessed be the LORD, my rock,who trains my hands for war, and my fingers for battle; my rock and my fortress, my stronghold and my deliverer,my shield and he in whom I take refuge, who subdues the peoples under him.

I will sing a new song to thee, O God; upon a ten-stringed harp I will play to thee, who givest victory to kings, who rescuest David thy servant.",repo://assets/rsvce.db,,3124998973af8675b35071f07085283653c7eef7dfad7e8523e834634a08b87b,0c0b3f6d11bcca8df8c44cf2412d0513fc6b3d9401f8c1ff941478da1056da93,100
local_rsvce,ps144_1_2_9_10__alias_cb8a6f2c6057,WORLD,,,generic,,,,"ps144:1,2,9-10","Blessed be the Lord, my rock.","Blessed be the LORD, my rock,who trains my hands for war, and my fingers for battle; my rock and my fortress, my stronghold and my deliverer,my shield and he in whom I take refuge, who subdues the peoples under him.

I will sing a new song to thee, O God; upon a ten-stringed harp I will play to thee, who givest victory to kings, who rescuest David thy servant.",repo://assets/rsvce.db,,3124998973af8675b35071f07085283653c7eef7dfad7e8523e834634a08b87b,0c0b3f6d11bcca8df8c44cf2412d0513fc6b3d9401f8c1ff941478da1056da93,100
local_rsvce,ps144_1a_2abc_3_4,WORLD,,,generic,,,,"ps144:1a,2abc,3-4","Blest be the Lord, my rock!","Blessed be the LORD, my rock,who trains my hands for war, and my fingers for battle;

my rock and my fortress, my stronghold and my deliverer,my shield and he in whom I take refuge, who subdues the peoples under him.

O LORD, what is man that thou dost regard him, or the son of man that thou dost think of him? Man is like a breath, his days are like a passing shadow.",repo://assets/rsvce.db,,1a280824800fccac9e20f8e49e8ea181f4d796a986f679c34c3f2dae7efc0cb2,1cbbdf4e704382e8cf583c58f7d890479a86fdf15a3077422256ec378dca902c,100
local_rsvce,ps144_1a_2abc_3_4_9_15b,WORLD,,,generic,,,,"ps144:1a+2abc,3-4,9+15b","Blessed be the Lord, my rock.","Blessed be the LORD, my rock,who trains my hands for war, and my fingers for battle; my rock and my fortress, my stronghold and my deliverer,my shield and he in whom I take refuge, who subdues the peoples under him.

O LORD, what is man that thou dost regard him, or the son of man that thou dost think of him? Man is like a breath, his days are like a passing shadow.

I will sing a new song to thee, O God; upon a ten-stringed harp I will play to thee, Happy the people to whom such blessings fall! Happy the people whose God is the LORD!",repo://assets/rsvce.db,,98f31240dd2923e509a113cda882eda873b7347f48638904bc335cd0ebdb2b9f,449630f44b8eb1732784346ea8de008b08e4b1c7de248e4cb9b8c4b96b1f5d1e,100
local_rsvce,ps145_10_11_12_13_17_18,WORLD,,,generic,,,,"ps145:10-11,12-13,17-18","Your saints, O Lord, make known the glory of your reign.","All thy works shall give thanks to thee, O LORD, and all thy saints shall bless thee! They shall speak of the glory of thy kingdom, and tell of thy power,

to make known to the sons of men thy mighty deeds, and the glorious splendor of thy kingdom. Thy kingdom is an everlasting kingdom,and thy dominion endures throughout all generations. The LORD is faithful in all his words, and gracious in all his deeds.

The LORD is just in all his ways, and kind in all his doings. The LORD is near to all who call upon him, to all who call upon him in truth.",repo://assets/rsvce.db,,fcab39c249bb50361c08ee33b2ae011a9fa19e767f85683bb054db52e39aea90,93a65ee8f78aa42082f87f49765ace83837e0394b82354ef6f409ab7490ad6e3,100
local_rsvce,ps145_10_11_12_13ab_13cd_14,WORLD,,,generic,,,,"ps145:10-11,12-13ab,13cd-14",The Lord is faithful in all his words.,"All thy works shall give thanks to thee, O LORD, and all thy saints shall bless thee! They shall speak of the glory of thy kingdom, and tell of thy power,

to make known to the sons of men thy mighty deeds, and the glorious splendor of thy kingdom. Thy kingdom is an everlasting kingdom,and thy dominion endures throughout all generations. The LORD is faithful in all his words, and gracious in all his deeds.

Thy kingdom is an everlasting kingdom,and thy dominion endures throughout all generations. The LORD is faithful in all his words, and gracious in all his deeds. The LORD upholds all who are falling, and raises up all who are bowed down.",repo://assets/rsvce.db,,ab7822d6bcf5edb2094a452c49697414d50ca9d6ffec8c35b10d23b3aa21f2ba,86839648baab3751f580b3be68e768634a69a625e44fdfcd4a38c4f4ad89d3d9,100
local_rsvce,ps145_10_11_12_13ab_13cd_21,WORLD,,,generic,,,,"ps145:10-11,12-13ab,13cd+21","Your friends tell the glory of your kingship, Lord.","All thy works shall give thanks to thee, O LORD, and all thy saints shall bless thee! They shall speak of the glory of thy kingdom, and tell of thy power,

to make known to the sons of men thy mighty deeds, and the glorious splendor of thy kingdom. Thy kingdom is an everlasting kingdom,and thy dominion endures throughout all generations. The LORD is faithful in all his words, and gracious in all his deeds.

Thy kingdom is an everlasting kingdom,and thy dominion endures throughout all generations. The LORD is faithful in all his words, and gracious in all his deeds. My mouth will speak the praise of the LORD, and let all flesh bless his holy name for ever and ever.",repo://assets/rsvce.db,,a8684803aa75c921c73e870265a6b5e51e1d898c1014177d93d8d72cadaeaede,db68c373fd034e6c85149728f6df6effb19ec4a77cf210d816cdf5f90486c134,100
local_rsvce,ps145_10_11_12_13ab_17_18,WORLD,,,generic,,,,"ps145:10-11,12-13ab,17-18","Your friends tell the glory of your kingship, Lord.","All thy works shall give thanks to thee, O LORD, and all thy saints shall bless thee! They shall speak of the glory of thy kingdom, and tell of thy power,

to make known to the sons of men thy mighty deeds, and the glorious splendor of thy kingdom. Thy kingdom is an everlasting kingdom,and thy dominion endures throughout all generations. The LORD is faithful in all his words, and gracious in all his deeds.

The LORD is just in all his ways, and kind in all his doings. The LORD is near to all who call upon him, to all who call upon him in truth.",repo://assets/rsvce.db,,f7116edbc5c3e1ecefc923cf3829dd0ba2c373635280c07186f158dacd07a188,bdfa41fb6680e6a9f00f2ff905a1aad63f95cd77c1bdaa702baab475dbee0ba6,100
local_rsvce,ps145_10_11_12_13ab_21,WORLD,,,generic,,,,"ps145:10-11,12-13ab,21","Your friends make known, O Lord, the glory of your reign. Or: Alleluia.","All thy works shall give thanks to thee, O LORD, and all thy saints shall bless thee! They shall speak of the glory of thy kingdom, and tell of thy power,

to make known to the sons of men thy mighty deeds, and the glorious splendor of thy kingdom. Thy kingdom is an everlasting kingdom,and thy dominion endures throughout all generations. The LORD is faithful in all his words, and gracious in all his deeds.

My mouth will speak the praise of the LORD, and let all flesh bless his holy name for ever and ever.",repo://assets/rsvce.db,,a3726a047170f00679b5a718a0f68e33b3cc853c79efe7be8dedef893ea30a79,203ab3f1876cb392a408be3d0efaaefab184adc4e4bd960894f0c7c801b5fd50,100
local_rsvce,ps145_10_11_15_16_17_18,WORLD,,,generic,,,,"ps145:10-11,15-16,17-18",The hand of the Lord feeds us; he answers all our needs.,"All thy works shall give thanks to thee, O LORD, and all thy saints shall bless thee! They shall speak of the glory of thy kingdom, and tell of thy power,

The eyes of all look to thee, and thou givest them their food in due season. Thou openest thy hand, thou satisfiest the desire of every living thing.

The LORD is just in all his ways, and kind in all his doings. The LORD is near to all who call upon him, to all who call upon him in truth.",repo://assets/rsvce.db,,18a95fa154f8d6d0381f2beee714a96fada91811ae9009753ff11a3f376b33da,d059809700f4d20401a8c7482e98725a88c684da0570790d9746a593fd22faf9,100
local_rsvce,ps145_17_18_19_20_21,WORLD,,,generic,,,,"ps145:17-18,19-20,21",The Lord is near to all who call on him.,"The LORD is just in all his ways, and kind in all his doings. The LORD is near to all who call upon him, to all who call upon him in truth.

He fulfils the desire of all who fear him, he also hears their cry, and saves them. The LORD preserves all who love him; but all the wicked he will destroy.

My mouth will speak the praise of the LORD, and let all flesh bless his holy name for ever and ever.",repo://assets/rsvce.db,,e5d100d915c94d2a065136b55f9747f060ed37425a8dd90122a437488da42a02,b59097eb13440722423b90742f92d909f9cf4b32ce2f5c4b393b1db5b6d7b6b6,100
local_rsvce,ps145_1_2_8_9_10_11,WORLD,,,generic,,,,"ps145:1-2,8-9,10-11",The Lord is compassionate to all creatures.,"I will extol thee, my God and King, and bless thy name for ever and ever. Every day I will bless thee, and praise thy name for ever and ever.

The LORD is gracious and merciful, slow to anger and abounding in steadfast love. The LORD is good to all, and his compassion is over all that he has made.

All thy works shall give thanks to thee, O LORD, and all thy saints shall bless thee! They shall speak of the glory of thy kingdom, and tell of thy power,",repo://assets/rsvce.db,,34821c7abea4db8fdb2163d3f18c696b373de76a25bc99d77f41ccd9c8995cb1,9d73613dd88d392ede5819c4bafe5c4b281915d7ae03be60e8ece8f339d2d514,100
local_rsvce,ps145_1_2_8_9_10_11_13_14,WORLD,,,generic,,,,"ps145:1-2,8-9,10-11,13-14","I will praise your name for ever, my king and my God.","I will extol thee, my God and King, and bless thy name for ever and ever. Every day I will bless thee, and praise thy name for ever and ever.

The LORD is gracious and merciful, slow to anger and abounding in steadfast love. The LORD is good to all, and his compassion is over all that he has made.

All thy works shall give thanks to thee, O LORD, and all thy saints shall bless thee! They shall speak of the glory of thy kingdom, and tell of thy power,

Thy kingdom is an everlasting kingdom,and thy dominion endures throughout all generations. The LORD is faithful in all his words, and gracious in all his deeds. The LORD upholds all who are falling, and raises up all who are bowed down.",repo://assets/rsvce.db,,1eb328e0b986ee18a85956b52abdd98a85ffa41e377509a85b7e047254ef3c70,66959783007725ac97cb8aa117b0add9d4287f82c92d8e37d7bef621a163f36b,100
local_rsvce,ps145_1_2_8_9_10_11_13cd_14,WORLD,,,generic,,,,"ps145:1-2,8-9,10-11,13cd-14","I will bless your name forever, my king and my God.","I will extol thee, my God and King, and bless thy name for ever and ever. Every day I will bless thee, and praise thy name for ever and ever.

The LORD is gracious and merciful, slow to anger and abounding in steadfast love. The LORD is good to all, and his compassion is over all that he has made.

All thy works shall give thanks to thee, O LORD, and all thy saints shall bless thee! They shall speak of the glory of thy kingdom, and tell of thy power,

Thy kingdom is an everlasting kingdom,and thy dominion endures throughout all generations. The LORD is faithful in all his words, and gracious in all his deeds. The LORD upholds all who are falling, and raises up all who are bowed down.",repo://assets/rsvce.db,,040aab337cf80ce5a20d2e663b6c2fb884b5a49239ac44092d1e953a872d2ea7,baef293551376a0ac190ad9a90c509606bab52ddac4292d1cbfc97722c355026,100
local_rsvce,ps145_1_9_10_11_12_13ab,WORLD,,,generic,,,,"ps145:1+9,10-11,12-13ab",The Lord is kind and merciful.++,"I will extol thee, my God and King, and bless thy name for ever and ever. The LORD is good to all, and his compassion is over all that he has made.

All thy works shall give thanks to thee, O LORD, and all thy saints shall bless thee! They shall speak of the glory of thy kingdom, and tell of thy power,

to make known to the sons of men thy mighty deeds, and the glorious splendor of thy kingdom. Thy kingdom is an everlasting kingdom,and thy dominion endures throughout all generations. The LORD is faithful in all his words, and gracious in all his deeds.",repo://assets/rsvce.db,,eed2bf0da4213ccfcbcabd295c76d13f106f6b4e2d5282d8d8a188aac4fa76fe,7ee1e040fe684e19c3a6e9dd2e4321c82342bbcf5663aba179f38d49269e5ab0,100
local_rsvce,ps145_1_9_10_11_12_13ab__alias_eb4d68a0f386,WORLD,,,generic,,,,"ps145:1,9,10-11,12-13ab",The Lord is kind and merciful.++,"I will extol thee, my God and King, and bless thy name for ever and ever. The LORD is good to all, and his compassion is over all that he has made.

All thy works shall give thanks to thee, O LORD, and all thy saints shall bless thee! They shall speak of the glory of thy kingdom, and tell of thy power,

to make known to the sons of men thy mighty deeds, and the glorious splendor of thy kingdom. Thy kingdom is an everlasting kingdom,and thy dominion endures throughout all generations. The LORD is faithful in all his words, and gracious in all his deeds.",repo://assets/rsvce.db,,eed2bf0da4213ccfcbcabd295c76d13f106f6b4e2d5282d8d8a188aac4fa76fe,7ee1e040fe684e19c3a6e9dd2e4321c82342bbcf5663aba179f38d49269e5ab0,100
local_rsvce,ps145_1b_2_8_9_10_11,WORLD,,,generic,,,,"ps145:1b-2,8-9,10-11",How good is the Lord to all.,"I will extol thee, my God and King, and bless thy name for ever and ever. Every day I will bless thee, and praise thy name for ever and ever.

The LORD is gracious and merciful, slow to anger and abounding in steadfast love. The LORD is good to all, and his compassion is over all that he has made.

All thy works shall give thanks to thee, O LORD, and all thy saints shall bless thee! They shall speak of the glory of thy kingdom, and tell of thy power,",repo://assets/rsvce.db,,699c73cb83cfac9ab1cf3922fa14c65fa47948432197ecf5d69b29af9cd9b2fd,4263e51f3bd991b3fc8b28d0ce13691d0033dd910a18483eb78b764398e9fef9,100
local_rsvce,ps145_2_3_10_11_12_13ab,WORLD,,,generic,,,,"ps145:2-3,10-11,12-13ab",The Lord is compassionate to all creatures.,"Every day I will bless thee, and praise thy name for ever and ever. Great is the LORD, and greatly to be praised, and his greatness is unsearchable.

All thy works shall give thanks to thee, O LORD, and all thy saints shall bless thee! They shall speak of the glory of thy kingdom, and tell of thy power,

to make known to the sons of men thy mighty deeds, and the glorious splendor of thy kingdom. Thy kingdom is an everlasting kingdom,and thy dominion endures throughout all generations. The LORD is faithful in all his words, and gracious in all his deeds.",repo://assets/rsvce.db,,c3efc146e073411632398dfeb96e66f4cbfda37b8ef5464cd7536b414ed9120d,77a137011e371d20b4af40aa0c434ca8a815309749a3e0e22d986bea151c9144,100
local_rsvce,ps145_2_3_4_5_10_11,WORLD,,,generic,,,,"ps145:2-3,4-5,10-11","I will praise your name for ever, Lord.","Every day I will bless thee, and praise thy name for ever and ever. Great is the LORD, and greatly to be praised, and his greatness is unsearchable.

One generation shall laud thy works to another, and shall declare thy mighty acts. On the glorious splendor of thy majesty, and on thy wondrous works, I will meditate.

All thy works shall give thanks to thee, O LORD, and all thy saints shall bless thee! They shall speak of the glory of thy kingdom, and tell of thy power,",repo://assets/rsvce.db,,c0991b32369e4ac9ba557158bba2d0293897cf3392dd9977a13abf78da346cde,1469dbb522984771ce0527dfafe4bf8aa3b13076ae9315493d791549a1ebcce8,100
local_rsvce,ps145_2_3_4_5_6_7,WORLD,,,generic,,,,"ps145:2-3,4-5,6-7","I will praise your name for ever, Lord.","Every day I will bless thee, and praise thy name for ever and ever. Great is the LORD, and greatly to be praised, and his greatness is unsearchable.

One generation shall laud thy works to another, and shall declare thy mighty acts. On the glorious splendor of thy majesty, and on thy wondrous works, I will meditate.

Men shall proclaim the might of thy terrible acts, and I will declare thy greatness. They shall pour forth the fame of thy abundant goodness, and shall sing aloud of thy righteousness.",repo://assets/rsvce.db,,a386110f173a505c0bde804b4fe9632e88d12a1735160b99917f988454656c60,144d5733ca48aa0f1090ebf6c0762056cc45525e622b30847a7816b2235b15e8,100
local_rsvce,ps145_2_3_4_5_6_7_8_9,WORLD,,,generic,,,,"ps145:2-3,4-5,6-7,8-9",The Lord is kind and merciful.,"Every day I will bless thee, and praise thy name for ever and ever. Great is the LORD, and greatly to be praised, and his greatness is unsearchable.

One generation shall laud thy works to another, and shall declare thy mighty acts. On the glorious splendor of thy majesty, and on thy wondrous works, I will meditate.

Men shall proclaim the might of thy terrible acts, and I will declare thy greatness. They shall pour forth the fame of thy abundant goodness, and shall sing aloud of thy righteousness.

The LORD is gracious and merciful, slow to anger and abounding in steadfast love. The LORD is good to all, and his compassion is over all that he has made.",repo://assets/rsvce.db,,543b7c5bd7b4369082be834a1135a91abfaf1cc305a34645a40193bed010000d,b8444472d49bd9ecdfdb408ef5e7f4965f1a8a3eef2b033b9b0c09b8c5912843,100
local_rsvce,ps145_2_3_8_9_17_18,WORLD,,,generic,,,,"ps145:2-3,8-9,17-18",(18a) The Lord is near to all who call upon him.,"Every day I will bless thee, and praise thy name for ever and ever. Great is the LORD, and greatly to be praised, and his greatness is unsearchable.

The LORD is gracious and merciful, slow to anger and abounding in steadfast love. The LORD is good to all, and his compassion is over all that he has made.

The LORD is just in all his ways, and kind in all his doings. The LORD is near to all who call upon him, to all who call upon him in truth.",repo://assets/rsvce.db,,c8011e9546a8d02349c7d1d9858bfd5e84cd2a5a32c439eec9d5e7d49d4d6b0d,76db3224f4da45e633f6480df32db7a8b5199e18d7e41528a32ff51133883d6c,100
local_rsvce,ps145_8_9_10_11_12_13,WORLD,,,generic,,,,"ps145:8-9,10-11,12-13","I will praise your name for ever, my king and my God.","The LORD is gracious and merciful, slow to anger and abounding in steadfast love. The LORD is good to all, and his compassion is over all that he has made.

All thy works shall give thanks to thee, O LORD, and all thy saints shall bless thee! They shall speak of the glory of thy kingdom, and tell of thy power,

to make known to the sons of men thy mighty deeds, and the glorious splendor of thy kingdom. Thy kingdom is an everlasting kingdom,and thy dominion endures throughout all generations. The LORD is faithful in all his words, and gracious in all his deeds.",repo://assets/rsvce.db,,e78335571903cdbfbc74dffbda7da78d14d1ec9e18253a20f0585ad58aa56099,e0b97119d6b2339808e589b0d649bb95b8c010c84a8aeef88694f1e3bf5fbe01,100
local_rsvce,ps145_8_9_10_11_12_13ab_13cd_14,WORLD,,,generic,,,,"ps145:8-9,10-11,12-13ab,13cd-14",The Lord is just in all his ways.,"The LORD is gracious and merciful, slow to anger and abounding in steadfast love. The LORD is good to all, and his compassion is over all that he has made.

All thy works shall give thanks to thee, O LORD, and all thy saints shall bless thee! They shall speak of the glory of thy kingdom, and tell of thy power,

to make known to the sons of men thy mighty deeds, and the glorious splendor of thy kingdom. Thy kingdom is an everlasting kingdom,and thy dominion endures throughout all generations. The LORD is faithful in all his words, and gracious in all his deeds.

Thy kingdom is an everlasting kingdom,and thy dominion endures throughout all generations. The LORD is faithful in all his words, and gracious in all his deeds. The LORD upholds all who are falling, and raises up all who are bowed down.",repo://assets/rsvce.db,,ad4939c8e0c872968043b509e2b09dbc6361946b4b284133e61d38d4fd287a44,fb282aa5720f4f95fe48cdeab8e6342b10cf0ee40054f18241c64ab767fe6fc3,100
local_rsvce,ps145_8_9_13cd_14_17_18,WORLD,,,generic,,,,"ps145:8-9,13cd-14,17-18",The Lord is kind and merciful.,"The LORD is gracious and merciful, slow to anger and abounding in steadfast love. The LORD is good to all, and his compassion is over all that he has made.

Thy kingdom is an everlasting kingdom,and thy dominion endures throughout all generations. The LORD is faithful in all his words, and gracious in all his deeds. The LORD upholds all who are falling, and raises up all who are bowed down.

The LORD is just in all his ways, and kind in all his doings. The LORD is near to all who call upon him, to all who call upon him in truth.",repo://assets/rsvce.db,,84ecd42a99a9bca2c6b13f834b66c09edb984f97ed307ffbbd81d47d4570f706,948bfbbe60934eff0c2a5a83a78897927715d83d14bf92943b8bdc0c25817c36,100
local_rsvce,ps145_8_9_13d_14_17_18,WORLD,,,generic,,,,"ps145:8-9,13d-14,17-18",The Lord is kind and full of compassion.,"The LORD is gracious and merciful, slow to anger and abounding in steadfast love. The LORD is good to all, and his compassion is over all that he has made.

Thy kingdom is an everlasting kingdom,and thy dominion endures throughout all generations. The LORD is faithful in all his words, and gracious in all his deeds. The LORD upholds all who are falling, and raises up all who are bowed down.

The LORD is just in all his ways, and kind in all his doings. The LORD is near to all who call upon him, to all who call upon him in truth.",repo://assets/rsvce.db,,1f574f91eb98c79aed5a6aaa226a321166a86b1a8ed806a16ddc76c82c71e0d4,ada9bbe2ca9e6cf9b209e6373a607a296bbf29c99efb6adc0ec235f02bd813d5,100
local_rsvce,ps145_8_9_15_16,WORLD,,,generic,,,,"ps145:8-9,15-16","You open your hand, Lord, and you satisfy us.","The LORD is gracious and merciful, slow to anger and abounding in steadfast love. The LORD is good to all, and his compassion is over all that he has made.

The eyes of all look to thee, and thou givest them their food in due season. Thou openest thy hand, thou satisfiest the desire of every living thing.",repo://assets/rsvce.db,,23007719cc9d353e84f538460087d54ebe230924f1037be3571119807041fceb,d0af9410ce7648f89f6c2c4c48287578ad0c51c5324c5a34ae9388a38a6b01be,100
local_rsvce,ps145_8_9_15_16_17_18,WORLD,,,generic,,,,"ps145:8-9,15-16,17-18",The hand of the Lord feeds us; he answers all our needs.,"The LORD is gracious and merciful, slow to anger and abounding in steadfast love. The LORD is good to all, and his compassion is over all that he has made.

The eyes of all look to thee, and thou givest them their food in due season. Thou openest thy hand, thou satisfiest the desire of every living thing.

The LORD is just in all his ways, and kind in all his doings. The LORD is near to all who call upon him, to all who call upon him in truth.",repo://assets/rsvce.db,,a097259873e9129d2c0f8d84c6fadf5259699a6a841bab0980d645b14e4743a9,824034025552fced78bfaa64bab33903d38988602294c90c86c51133e2ac31ae,100
local_rsvce,ps146_1_2_3_4_5_6,WORLD,,,generic,,,,"ps146:1-2,3-4,5-6",Blest are they whose help is the God of Jacob.,"Praise the LORD! Praise the LORD, O my soul! I will praise the LORD as long as I live; I will sing praises to my God while I have being.

Put not your trust in princes, in a son of man, in whom there is no help. When his breath departs he returns to his earth; on that very day his plans perish.

Happy is he whose help is the God of Jacob, whose hope is in the LORD his God, who made heaven and earth, the sea, and all that is in them; who keeps faith for ever;",repo://assets/rsvce.db,,e2f95ad73cd70be6d30b5796d338a6b7d8bf5084d5bc6e4a31b6ed03bd3a1902,cdff5bfd730609418b48ce3b2922f8ecff517b678c5be4b150177788d626edb7,100
local_rsvce,ps146_1_2ab_6_7_8_9ab_9cd_10,WORLD,,,generic,,,,"ps146:1-2ab,6-7,8-9ab,9cd-10","Praise the Lord, my soul!","Praise the LORD! Praise the LORD, O my soul! I will praise the LORD as long as I live; I will sing praises to my God while I have being.

who made heaven and earth, the sea, and all that is in them; who keeps faith for ever; who executes justice for the oppressed; who gives food to the hungry. The LORD sets the prisoners free;

the LORD opens the eyes of the blind.The LORD lifts up those who are bowed down; the LORD loves the righteous. The LORD watches over the sojourners,he upholds the widow and the fatherless; but the way of the wicked he brings to ruin.

The LORD watches over the sojourners,he upholds the widow and the fatherless; but the way of the wicked he brings to ruin. The LORD will reign for ever,thy God, O Zion, to all generations. Praise the LORD!",repo://assets/rsvce.db,,ee4dd289e4778075cb11861d8166db0271a96ac07b6901aa58e04d8a31799222,d7f18b0ed1cfd8a1a4422df58a3866e575406373cbf7b36fa82fe9adaee3f8e6,100
local_rsvce,ps146_1b_2_3_4_5_6ab,WORLD,,,generic,,,,"ps146:1b-2,3-4,5-6ab",Blessed is he who is helped by Jacob’s God.,"Praise the LORD! Praise the LORD, O my soul! I will praise the LORD as long as I live; I will sing praises to my God while I have being.

Put not your trust in princes, in a son of man, in whom there is no help. When his breath departs he returns to his earth; on that very day his plans perish.

Happy is he whose help is the God of Jacob, whose hope is in the LORD his God, who made heaven and earth, the sea, and all that is in them; who keeps faith for ever;",repo://assets/rsvce.db,,7ddb0823bdffdc965d4a6d4103f5fac90a247eed467dd557fa2adeb9e435348a,13a78f53a769bbfcb1b728404939748c0197b2303dac468a971ea25ecccefc1d,100
local_rsvce,ps146_1b_2_5_6_7_8_9,WORLD,,,generic,,,,"ps146:1b-2,5-6,7,8-9","Praise the Lord, my soul!","Praise the LORD! Praise the LORD, O my soul! I will praise the LORD as long as I live; I will sing praises to my God while I have being.

Happy is he whose help is the God of Jacob, whose hope is in the LORD his God, who made heaven and earth, the sea, and all that is in them; who keeps faith for ever;

who executes justice for the oppressed; who gives food to the hungry. The LORD sets the prisoners free;

the LORD opens the eyes of the blind.The LORD lifts up those who are bowed down; the LORD loves the righteous. The LORD watches over the sojourners,he upholds the widow and the fatherless; but the way of the wicked he brings to ruin.",repo://assets/rsvce.db,,09850ba2d23f5e217417601ea9ee4c9e073de1444bd7c63c1f1204f6db00b35b,0e7107de97c3a5caf848e84e03fac3485c6f9d5cfb03d20bc29116ba1799038e,100
local_rsvce,ps146_2_5_6ab_6c_7_8_9a,WORLD,,,generic,,,,"ps146:2,5-6ab,6c-7,8-9a","Praise the Lord, my soul!","I will praise the LORD as long as I live; I will sing praises to my God while I have being.

Happy is he whose help is the God of Jacob, whose hope is in the LORD his God, who made heaven and earth, the sea, and all that is in them; who keeps faith for ever;

who made heaven and earth, the sea, and all that is in them; who keeps faith for ever; who executes justice for the oppressed; who gives food to the hungry. The LORD sets the prisoners free;

the LORD opens the eyes of the blind.The LORD lifts up those who are bowed down; the LORD loves the righteous. The LORD watches over the sojourners,he upholds the widow and the fatherless; but the way of the wicked he brings to ruin.",repo://assets/rsvce.db,,5ca987e7b4828054eac9a1d2582227841943c61f8a4e4624fb337f63c0e26e9b,241c5ceb068aecf0953ba61b8ef07f1d63233eb28fd8f177ebf9bac02bfc142f,100
local_rsvce,ps146_5_6_7_8_9a_9bc_10,WORLD,,,generic,,,,"ps146:5-6,7,8-9a,9bc-10","Praise the Lord, my soul!","Happy is he whose help is the God of Jacob, whose hope is in the LORD his God, who made heaven and earth, the sea, and all that is in them; who keeps faith for ever;

who executes justice for the oppressed; who gives food to the hungry. The LORD sets the prisoners free;

the LORD opens the eyes of the blind.The LORD lifts up those who are bowed down; the LORD loves the righteous. The LORD watches over the sojourners,he upholds the widow and the fatherless; but the way of the wicked he brings to ruin.

The LORD watches over the sojourners,he upholds the widow and the fatherless; but the way of the wicked he brings to ruin. The LORD will reign for ever,thy God, O Zion, to all generations. Praise the LORD!",repo://assets/rsvce.db,,de28b1e7d0c0affc778abb5a95ca2519e4e40ef2c2307009f1b2e2ea8fb14409,b4da0f1cfa976fed25fd1de2cf3defad9c3577a6628eb643bba9f3214b25fadd,100
local_rsvce,ps146_5_6ab_6c_7_8_9a_9bc_10,WORLD,,,generic,,,,"ps146:5-6ab,6c-7,8-9a,9bc-10","My soul, give praise to the Lord!","Happy is he whose help is the God of Jacob, whose hope is in the LORD his God, who made heaven and earth, the sea, and all that is in them; who keeps faith for ever;

who made heaven and earth, the sea, and all that is in them; who keeps faith for ever; who executes justice for the oppressed; who gives food to the hungry. The LORD sets the prisoners free;

the LORD opens the eyes of the blind.The LORD lifts up those who are bowed down; the LORD loves the righteous. The LORD watches over the sojourners,he upholds the widow and the fatherless; but the way of the wicked he brings to ruin.

The LORD watches over the sojourners,he upholds the widow and the fatherless; but the way of the wicked he brings to ruin. The LORD will reign for ever,thy God, O Zion, to all generations. Praise the LORD!",repo://assets/rsvce.db,,d21e9ae2c18af8da8222348e70dbb6f0a7297a9c14753e253ccd96080dd33f30,d6be1633cb16648ebefd5ee70f58deaba01cf5ce2c71faf3202acf68122ccb7d,100
local_rsvce,ps146_6_7_8_9_9_10,WORLD,,,generic,,,,"ps146:6-7,8-9,9-10","Lord, come and save us.","who made heaven and earth, the sea, and all that is in them; who keeps faith for ever; who executes justice for the oppressed; who gives food to the hungry. The LORD sets the prisoners free;

the LORD opens the eyes of the blind.The LORD lifts up those who are bowed down; the LORD loves the righteous. The LORD watches over the sojourners,he upholds the widow and the fatherless; but the way of the wicked he brings to ruin.

The LORD watches over the sojourners,he upholds the widow and the fatherless; but the way of the wicked he brings to ruin. The LORD will reign for ever,thy God, O Zion, to all generations. Praise the LORD!",repo://assets/rsvce.db,,c2a842191741f0343c0e0d6c00a8cf18aaa589fcd754cec64730021c36eb1ffb,3c1cf6b8df0e0750417ee8d3aaf498737de3b5e357c07d083111538a357ea83f,100
local_rsvce,ps146_6_7_8_9a_9bc_10,WORLD,,,generic,,,,"ps146:6-7,8-9a,9bc-10","Blessed are the poor in spirit, for theirs is the kingdom of heaven.","who made heaven and earth, the sea, and all that is in them; who keeps faith for ever; who executes justice for the oppressed; who gives food to the hungry. The LORD sets the prisoners free;

the LORD opens the eyes of the blind.The LORD lifts up those who are bowed down; the LORD loves the righteous. The LORD watches over the sojourners,he upholds the widow and the fatherless; but the way of the wicked he brings to ruin.

The LORD watches over the sojourners,he upholds the widow and the fatherless; but the way of the wicked he brings to ruin. The LORD will reign for ever,thy God, O Zion, to all generations. Praise the LORD!",repo://assets/rsvce.db,,c5495d90e8d5bd1fa0f938f8a387fa49df2529fdefb04ebba75566ca9ceef4f0,fddafd65c111e0a2a4cfca3ef012a03634dc10342c4f40dcf17b4c5cbecde88c,100
local_rsvce,ps146_6c_7_8_9a_9bc_10,WORLD,,,generic,,,,"ps146:6c-7,8-9a,9bc-10",Blest are they whose help is the God of Jacob.,"who made heaven and earth, the sea, and all that is in them; who keeps faith for ever; who executes justice for the oppressed; who gives food to the hungry. The LORD sets the prisoners free;

the LORD opens the eyes of the blind.The LORD lifts up those who are bowed down; the LORD loves the righteous. The LORD watches over the sojourners,he upholds the widow and the fatherless; but the way of the wicked he brings to ruin.

The LORD watches over the sojourners,he upholds the widow and the fatherless; but the way of the wicked he brings to ruin. The LORD will reign for ever,thy God, O Zion, to all generations. Praise the LORD!",repo://assets/rsvce.db,,f58376087357f6bab31b8ee29f2f4a73e22b01c0aa02c3909aa3585df6140f8b,7950dca66e6ca24cb3d73d71fab9a2dc79cf6dbe7d88f3c6406800cbf7a5ef70,100
local_rsvce,ps146_7_8_9_9_10,WORLD,,,generic,,,,"ps146:7,8-9,9-10","(1b) Praise the Lord, my soul!","who executes justice for the oppressed; who gives food to the hungry. The LORD sets the prisoners free;

the LORD opens the eyes of the blind.The LORD lifts up those who are bowed down; the LORD loves the righteous. The LORD watches over the sojourners,he upholds the widow and the fatherless; but the way of the wicked he brings to ruin.

The LORD watches over the sojourners,he upholds the widow and the fatherless; but the way of the wicked he brings to ruin. The LORD will reign for ever,thy God, O Zion, to all generations. Praise the LORD!",repo://assets/rsvce.db,,ae10702074d46df26c464f2b374987dcf72985a81257a4a845e7171435cb5861,9a87d39421799ed3d5ff382fc16bf5fc46697093cd9141e48d1e2c94819a0d26,100
local_rsvce,ps147_12_13_14_15_19_20,WORLD,,,generic,,,,"ps147:12-13,14-15,19-20",(John 1:4) The Word of God became man and lived among us.,"Praise the LORD, O Jerusalem! Praise your God, O Zion! For he strengthens the bars of your gates; he blesses your sons within you.

He makes peace in your borders; he fills you with the finest of the wheat. He sends forth his command to the earth; his word runs swiftly.

He declares his word to Jacob, his statutes and ordinances to Israel. He has not dealt thus with any other nation; they do not know his ordinances. Praise the LORD!",repo://assets/rsvce.db,,008ef26faa3637a294964d09c6f5231546c222eb1f461a34edaeee13d63151f6,16e53e6f95282a651cf751e8bea03e635ed101948cd2b83118f4354b5e19264a,100
local_rsvce,ps147_12_13_15_16_19_20,WORLD,,,generic,,,,"ps147:12-13,15-16,19-20","Praise the Lord, Jerusalem.","Praise the LORD, O Jerusalem! Praise your God, O Zion! For he strengthens the bars of your gates; he blesses your sons within you.

He sends forth his command to the earth; his word runs swiftly. He gives snow like wool; he scatters hoarfrost like ashes.

He declares his word to Jacob, his statutes and ordinances to Israel. He has not dealt thus with any other nation; they do not know his ordinances. Praise the LORD!",repo://assets/rsvce.db,,690b276a14255a7e1f7bb29b7613efcc52becab143bc507e86cf654a5e4eba6b,2a4132a4d4beedea4b4558f947413a5b6ed8cb73bc16ce946b4ebf382c5686d2,100
local_rsvce,ps147_1_2_3_4_5_6,WORLD,,,generic,,,,"ps147:1-2,3-4,5-6","Praise the Lord, who heals the brokenhearted.","Praise the LORD! For it is good to sing praises to our God; for he is gracious, and a song of praise is seemly. The LORD builds up Jerusalem; he gathers the outcasts of Israel.

He heals the brokenhearted, and binds up their wounds. He determines the number of the stars, he gives to all of them their names.

Great is our LORD, and abundant in power; his understanding is beyond measure. The LORD lifts up the downtrodden, he casts the wicked to the ground.",repo://assets/rsvce.db,,6d8572ab95f6a82a4a319184e42f988dc256252f2ee902b9f20d2b94979cdc6b,009d0a0c91ee849970a9dced253c500596c9676b58b56d1aa8b78636b2ffdc3e,100
local_rsvce,ps148_1_2_11_12_13_14,WORLD,,,generic,,,,"ps148:1-2,11-12,13,14",Heaven and earth are full of your glory.,"Praise the LORD! Praise the LORD from the heavens, praise him in the heights! Praise him, all his angels, praise him, all his host!

Kings of the earth and all peoples, princes and all rulers of the earth! Young men and maidens together, old men and children!

Let them praise the name of the LORD, for his name alone is exalted; his glory is above earth and heaven.

He has raised up a horn for his people,praise for all his saints, for the people of Israel who are near to him. Praise the LORD!",repo://assets/rsvce.db,,8b0f0e4fe986815e00da01f78dd5745e59dcfa149c127991e761bc88ced722ee,f86e97cb39b9d36606f17cefa82897f151ebcf241b85a03ccd74357be07f1737,100
local_rsvce,ps149_1_2_3_4_5_6a_9b,WORLD,,,generic,,,,"ps149:1-2,3-4,5-6a+9b",The Lord takes delight in his people.,"Praise the LORD! Sing to the LORD a new song, his praise in the assembly of the faithful! Let Israel be glad in his Maker, let the sons of Zion rejoice in their King!

Let them praise his name with dancing, making melody to him with timbrel and lyre! For the LORD takes pleasure in his people; he adorns the humble with victory.

Let the faithful exult in glory; let them sing for joy on their couches. Let the high praises of God be in their throats and two-edged swords in their hands, to execute on them the judgment written! This is glory for all his faithful ones. Praise the LORD!",repo://assets/rsvce.db,,933db1c87c730e2cd6f3395c65901893f46dd5dd49b5594346fbb6c482530c1d,52f717a34ae9767313ad004a14068924e016242ab7aeeeaca99202b0f4a66535,100
local_rsvce,ps149_1_2_3_4_5_6a_9b__alias_75e62e52fcec,WORLD,,,generic,,,,"ps149:1-2,3-4,5,6a,9b",The Lord takes delight in his people.,"Praise the LORD! Sing to the LORD a new song, his praise in the assembly of the faithful! Let Israel be glad in his Maker, let the sons of Zion rejoice in their King!

Let them praise his name with dancing, making melody to him with timbrel and lyre! For the LORD takes pleasure in his people; he adorns the humble with victory.

Let the faithful exult in glory; let them sing for joy on their couches. Let the high praises of God be in their throats and two-edged swords in their hands, to execute on them the judgment written! This is glory for all his faithful ones. Praise the LORD!",repo://assets/rsvce.db,,933db1c87c730e2cd6f3395c65901893f46dd5dd49b5594346fbb6c482530c1d,52f717a34ae9767313ad004a14068924e016242ab7aeeeaca99202b0f4a66535,100
local_rsvce,ps149_1b_2_3_4_5_6a_9b,WORLD,,,generic,,,,"ps149:1b-2,3-4,5-6a,9b",The Lord takes delight in his people. Or: Alleluia.,"Praise the LORD! Sing to the LORD a new song, his praise in the assembly of the faithful! Let Israel be glad in his Maker, let the sons of Zion rejoice in their King!

Let them praise his name with dancing, making melody to him with timbrel and lyre! For the LORD takes pleasure in his people; he adorns the humble with victory.

Let the faithful exult in glory; let them sing for joy on their couches. Let the high praises of God be in their throats and two-edged swords in their hands,

to execute on them the judgment written! This is glory for all his faithful ones. Praise the LORD!",repo://assets/rsvce.db,,8ea35adf90d9070ed6cc75f9766ffa0e4e011f05cf1ad76155e45040b5e7ba93,e516b031d2b31cb8e9127ed5a7887dfa4d59f9308e25676d1e26d5dd58f3bca2,100
local_rsvce,ps149_1b_2_3_4_5_6a_9bc,WORLD,,,generic,,,,"ps149:1b-2,3-4,5-6a,9bc",The Lord takes delight in his people.,"Praise the LORD! Sing to the LORD a new song, his praise in the assembly of the faithful! Let Israel be glad in his Maker, let the sons of Zion rejoice in their King!

Let them praise his name with dancing, making melody to him with timbrel and lyre! For the LORD takes pleasure in his people; he adorns the humble with victory.

Let the faithful exult in glory; let them sing for joy on their couches. Let the high praises of God be in their throats and two-edged swords in their hands,

to execute on them the judgment written! This is glory for all his faithful ones. Praise the LORD!",repo://assets/rsvce.db,,3b338ceb08bd0c225bca5a76eec8d2e8ef7a68fa8cb95aa5bf2cd8ea72b5f0c2,52f717a34ae9767313ad004a14068924e016242ab7aeeeaca99202b0f4a66535,100
local_rsvce,ps149_1bc_2_3_4_5_6a_9bc,WORLD,,,generic,,,,"ps149:1bc-2,3-4,5-6a,9bc",The Lord takes delight in his people.,"Praise the LORD! Sing to the LORD a new song, his praise in the assembly of the faithful! Let Israel be glad in his Maker, let the sons of Zion rejoice in their King!

Let them praise his name with dancing, making melody to him with timbrel and lyre! For the LORD takes pleasure in his people; he adorns the humble with victory.

Let the faithful exult in glory; let them sing for joy on their couches. Let the high praises of God be in their throats and two-edged swords in their hands,

to execute on them the judgment written! This is glory for all his faithful ones. Praise the LORD!",repo://assets/rsvce.db,,3b338ceb08bd0c225bca5a76eec8d2e8ef7a68fa8cb95aa5bf2cd8ea72b5f0c2,52f717a34ae9767313ad004a14068924e016242ab7aeeeaca99202b0f4a66535,100
local_rsvce,ps150_1_2_3_4_5_6,WORLD,,,generic,,,,"ps150:1-2,3-4,5-6",Let everything that breathes praise the Lord.,"Praise the LORD! Praise God in his sanctuary; praise him in his mighty firmament! Praise him for his mighty deeds; praise him according to his exceeding greatness!

Praise him with trumpet sound; praise him with lute and harp! Praise him with timbrel and dance; praise him with strings and pipe!

Praise him with sounding cymbals; praise him with loud clashing cymbals! Let everything that breathes praise the LORD! Praise the LORD!",repo://assets/rsvce.db,,6ee9f77573dbb46d91899c220a3d34ce4c74318fee4704357163101fe5b5a3d1,2c9f76ad4a7f2264e5cbf4a8a3088b44ea9858e40f34900323b7bd010e534c01,100
local_rsvce,ps150_1b_2_3_4_5_6,WORLD,,,generic,,,,"ps150:1b-2,3-4,5-6",Let everything that breathes praise the Lord!,"Praise the LORD! Praise God in his sanctuary; praise him in his mighty firmament! Praise him for his mighty deeds; praise him according to his exceeding greatness!

Praise him with trumpet sound; praise him with lute and harp! Praise him with timbrel and dance; praise him with strings and pipe!

Praise him with sounding cymbals; praise him with loud clashing cymbals! Let everything that breathes praise the LORD! Praise the LORD!",repo://assets/rsvce.db,,73e65071e130c4111756d54a33060acd94a8d66c0660e67683f22c9c50ff7a22,2c9f76ad4a7f2264e5cbf4a8a3088b44ea9858e40f34900323b7bd010e534c01,100
local_rsvce,ps15_1_3a_3bc_4a_4b_5,WORLD,,,generic,,,,"ps15:1-3a,3bc-4a,4b-5",Those who are victorious,"O LORD, who shall sojourn in thy tent? Who shall dwell on thy holy hill? He who walks blamelessly, and does what is right, and speaks truth from his heart; who does not slander with his tongue,and does no evil to his friend, nor takes up a reproach against his neighbor;

who does not slander with his tongue,and does no evil to his friend, nor takes up a reproach against his neighbor; in whose eyes a reprobate is despised,but who honors those who fear the LORD; who swears to his own hurt and does not change;

in whose eyes a reprobate is despised,but who honors those who fear the LORD; who swears to his own hurt and does not change; who does not put out his money at interest,and does not take a bribe against the innocent. He who does these things shall never be moved.",repo://assets/rsvce.db,,635a8539510a10d359afd1b2188910957381ddf2df99083f80c4669b7b7ecb01,32b4b44259ae0c36547482980afc9406ae14c747ec7dccf02c916df1ec74074f,100
local_rsvce,ps15_1b_3a_3b_4a_4b_5,WORLD,,,generic,,,,"ps15:1b-3a,3b-4a,4b-5","The just shall live on your holy mountain, O Lord.","O LORD, who shall sojourn in thy tent? Who shall dwell on thy holy hill? He who walks blamelessly, and does what is right, and speaks truth from his heart; who does not slander with his tongue,and does no evil to his friend, nor takes up a reproach against his neighbor;

who does not slander with his tongue,and does no evil to his friend, nor takes up a reproach against his neighbor; in whose eyes a reprobate is despised,but who honors those who fear the LORD; who swears to his own hurt and does not change;

in whose eyes a reprobate is despised,but who honors those who fear the LORD; who swears to his own hurt and does not change; who does not put out his money at interest,and does not take a bribe against the innocent. He who does these things shall never be moved.",repo://assets/rsvce.db,,d41177f8a097c4018daa3f694bf7a6dacac6ca14fa1ac080058dd67966c32deb,a0d7b98ab5b63999881ea49e9f11660a0483f101bed46846faeefe92c39aaafd,100
local_rsvce,ps15_2_3_3_4_4_5,WORLD,,,generic,,,,"ps15:2-3,3-4,4-5",(1a) One who does justice will live in the presence of the Lord.,"He who walks blamelessly, and does what is right, and speaks truth from his heart; who does not slander with his tongue,and does no evil to his friend, nor takes up a reproach against his neighbor;

who does not slander with his tongue,and does no evil to his friend, nor takes up a reproach against his neighbor; in whose eyes a reprobate is despised,but who honors those who fear the LORD; who swears to his own hurt and does not change;

in whose eyes a reprobate is despised,but who honors those who fear the LORD; who swears to his own hurt and does not change; who does not put out his money at interest,and does not take a bribe against the innocent. He who does these things shall never be moved.",repo://assets/rsvce.db,,2d940d6f77ece449a8cf8b672b000a0d3795994b8470ad6eec2931a77ffcad32,29792a838a25a669dbd50674a7e50891828906856e998c7fd27783983af35e47,100
local_rsvce,ps15_2_3_3_4_5,WORLD,,,generic,,,,"ps15:2-3,3-4,5",(1a) He who does justice will live in the presence of the Lord.,"He who walks blamelessly, and does what is right, and speaks truth from his heart; who does not slander with his tongue,and does no evil to his friend, nor takes up a reproach against his neighbor;

who does not slander with his tongue,and does no evil to his friend, nor takes up a reproach against his neighbor; in whose eyes a reprobate is despised,but who honors those who fear the LORD; who swears to his own hurt and does not change;

who does not put out his money at interest,and does not take a bribe against the innocent. He who does these things shall never be moved.",repo://assets/rsvce.db,,590dc382226f7187aba5312956079810f18fe7f3dfa5d36f27c5b5574b865888,ac3c745b80adc9a2982708d94184ef77301437e0ba5b8932b34e787eb870fc61,100
local_rsvce,ps15_2_3a_3bc_4ab_5,WORLD,,,generic,,,,"ps15:2-3a,3bc-4ab,5","Who shall dwell on your holy mountain, O Lord?","He who walks blamelessly, and does what is right, and speaks truth from his heart; who does not slander with his tongue,and does no evil to his friend, nor takes up a reproach against his neighbor;

who does not slander with his tongue,and does no evil to his friend, nor takes up a reproach against his neighbor; in whose eyes a reprobate is despised,but who honors those who fear the LORD; who swears to his own hurt and does not change;

who does not put out his money at interest,and does not take a bribe against the innocent. He who does these things shall never be moved.",repo://assets/rsvce.db,,080ff1583a507ca9a4da227946f1f31a099674d3968f66f368bdf85c25aa8592,ea6c63ce491c7ed5d9b56bfd5fdf0aca051a60a29198ddd42ea1a418c36cc954,100
local_rsvce,ps15_2_3ab_3cd_4_5,WORLD,,,generic,,,,"ps15:2-3ab,3cd-4,5","O Lord, who may abide in your tent?","He who walks blamelessly, and does what is right, and speaks truth from his heart; who does not slander with his tongue,and does no evil to his friend, nor takes up a reproach against his neighbor;

who does not slander with his tongue,and does no evil to his friend, nor takes up a reproach against his neighbor; in whose eyes a reprobate is despised,but who honors those who fear the LORD; who swears to his own hurt and does not change;

who does not put out his money at interest,and does not take a bribe against the innocent. He who does these things shall never be moved.",repo://assets/rsvce.db,,ce8cba21a965a1575c26942eecacd238dbc25eb8745af2947bf00c67cdf16960,e703004b00fc5fcabe9639f337cc6879d4a64417c45a0d734ef82deabb5d8bf7,100
local_rsvce,ps15_2_3ab_3cd_4ab_5,WORLD,,,generic,,,,"ps15:2-3ab,3cd-4ab,5",The just will live in the presence of the Lord.,"He who walks blamelessly, and does what is right, and speaks truth from his heart; who does not slander with his tongue,and does no evil to his friend, nor takes up a reproach against his neighbor;

who does not slander with his tongue,and does no evil to his friend, nor takes up a reproach against his neighbor; in whose eyes a reprobate is despised,but who honors those who fear the LORD; who swears to his own hurt and does not change;

who does not put out his money at interest,and does not take a bribe against the innocent. He who does these things shall never be moved.",repo://assets/rsvce.db,,1c708ecb896e1b6f37998283c897dca8a33517683351fd40710734c9124cb8ea,cff7a5cdda2036f82e1d328d53e1a0c87ac12150a4ba927c34da3def46372ec6,100
local_rsvce,ps16_1_2_5_7_8_9_10_11,WORLD,,,generic,,,,"ps16:1-2,5,7-8,9-10,11","(11a) Lord, you will show us the path of life.","Preserve me, O God, for in thee I take refuge. I say to the LORD, ""Thou art my Lord; I have no good apart from thee.""

The LORD is my chosen portion and my cup; thou holdest my lot.

I bless the LORD who gives me counsel; in the night also my heart instructs me. I keep the LORD always before me;because he is at my right hand, I shall not be moved.

Therefore my heart is glad,and my soul rejoices; my body also dwells secure. For thou dost not give me up to Sheol, or let thy godly one see the Pit.

Thou dost show me the path of life;in thy presence there is fulness of joy, in thy right hand are pleasures for evermore.",repo://assets/rsvce.db,,373505f5c24523caa7ebf3342db0705358336f588e589abad7c8596a28677a91,1a95ab9bb4f3e4368266f10a5a7b1b90c64e45c66dcbafcc94e0802e4f82aa2b,100
local_rsvce,ps16_1_2a_4_5_8_11,WORLD,,,generic,,,,"ps16:1-2a,4,5+8,11","Keep me safe, O God; you are my hope.","Preserve me, O God, for in thee I take refuge. I say to the LORD, ""Thou art my Lord; I have no good apart from thee.""

Those who choose another god multiply their sorrows; their libations of blood I will not pour out or take their names upon my lips.

The LORD is my chosen portion and my cup; thou holdest my lot. I keep the LORD always before me;because he is at my right hand, I shall not be moved.

Thou dost show me the path of life;in thy presence there is fulness of joy, in thy right hand are pleasures for evermore.",repo://assets/rsvce.db,,225117b2378bd9aa11b1ef208ae5d1aa84ddfbcc7e1d0c236c4685d27a5d4504,694383e34512e33699b760c85e7c292317df9915c53ca14d110e0bc2d752089e,100
local_rsvce,ps16_1_2a_4_5_8_11__alias_572e7cbd8f6d,WORLD,,,generic,,,,"ps16:1-2a,4,5,8,11","Keep me safe, O God; you are my hope.","Preserve me, O God, for in thee I take refuge. I say to the LORD, ""Thou art my Lord; I have no good apart from thee.""

Those who choose another god multiply their sorrows; their libations of blood I will not pour out or take their names upon my lips.

The LORD is my chosen portion and my cup; thou holdest my lot. I keep the LORD always before me;because he is at my right hand, I shall not be moved.

Thou dost show me the path of life;in thy presence there is fulness of joy, in thy right hand are pleasures for evermore.",repo://assets/rsvce.db,,225117b2378bd9aa11b1ef208ae5d1aa84ddfbcc7e1d0c236c4685d27a5d4504,694383e34512e33699b760c85e7c292317df9915c53ca14d110e0bc2d752089e,100
local_rsvce,ps16_1_2a_5_7_8_11,WORLD,,,generic,,,,"ps16:1-2a+5,7-8,11","You are my inheritance, O Lord.","Preserve me, O God, for in thee I take refuge. I say to the LORD, ""Thou art my Lord; I have no good apart from thee."" The LORD is my chosen portion and my cup; thou holdest my lot.

I bless the LORD who gives me counsel; in the night also my heart instructs me. I keep the LORD always before me;because he is at my right hand, I shall not be moved.

Thou dost show me the path of life;in thy presence there is fulness of joy, in thy right hand are pleasures for evermore.",repo://assets/rsvce.db,,b15df1735c1e4c158af69d56fd23523eba772941e4c2d7a7a1494239de081594,197e2aa81ff7abf6ef8318025da1bde31c842562d48c1231505518f53d20c6ff,100
local_rsvce,ps16_1_2a_5_7_8_11__alias_f8dcd06bedf6,WORLD,,,generic,,,,"ps16:1-2a,5,7-8,11","You are my inheritance, O Lord.","Preserve me, O God, for in thee I take refuge. I say to the LORD, ""Thou art my Lord; I have no good apart from thee."" The LORD is my chosen portion and my cup; thou holdest my lot.

I bless the LORD who gives me counsel; in the night also my heart instructs me. I keep the LORD always before me;because he is at my right hand, I shall not be moved.

Thou dost show me the path of life;in thy presence there is fulness of joy, in thy right hand are pleasures for evermore.",repo://assets/rsvce.db,,b15df1735c1e4c158af69d56fd23523eba772941e4c2d7a7a1494239de081594,197e2aa81ff7abf6ef8318025da1bde31c842562d48c1231505518f53d20c6ff,100
local_rsvce,ps16_1_2a_5_7_8_9_10,WORLD,,,generic,,,,"ps16:1-2a+5,7-8,9-10","It is you, O Lord, who are my portion.","Preserve me, O God, for in thee I take refuge. I say to the LORD, ""Thou art my Lord; I have no good apart from thee."" The LORD is my chosen portion and my cup; thou holdest my lot.

I bless the LORD who gives me counsel; in the night also my heart instructs me. I keep the LORD always before me;because he is at my right hand, I shall not be moved.

Therefore my heart is glad,and my soul rejoices; my body also dwells secure. For thou dost not give me up to Sheol, or let thy godly one see the Pit.",repo://assets/rsvce.db,,3e11de0dc9a2264e68316ccae1f049e191ae2904db7aeacfc9fd7d13c6844c16,450ce5c508a6abbcaaa9e43721be21582d634c9405ea4e987a6da7c3dac50c3e,100
local_rsvce,ps16_1_2a_5_7_8_9_10_11,WORLD,,,generic,,,,"ps16:1-2a,5,7-8,9-10,11","Keep me safe, O God; you are my hope.","Preserve me, O God, for in thee I take refuge. I say to the LORD, ""Thou art my Lord; I have no good apart from thee.""

The LORD is my chosen portion and my cup; thou holdest my lot.

I bless the LORD who gives me counsel; in the night also my heart instructs me. I keep the LORD always before me;because he is at my right hand, I shall not be moved.

Therefore my heart is glad,and my soul rejoices; my body also dwells secure. For thou dost not give me up to Sheol, or let thy godly one see the Pit.

Thou dost show me the path of life;in thy presence there is fulness of joy, in thy right hand are pleasures for evermore.",repo://assets/rsvce.db,,678a98d6826df2fcee526c5ac23d39977a59aa3e61b31041f17e93ac97bcfd3b,b9aefe5805d7435c56151e314c1d6fe45773a69243150b26d1988dfc38524600,100
local_rsvce,ps16_1_2a_5_7_8_9_10__alias_2bca44354fc3,WORLD,,,generic,,,,"ps16:1-2a,5,7-8,9-10","It is you, O Lord, who are my portion.","Preserve me, O God, for in thee I take refuge. I say to the LORD, ""Thou art my Lord; I have no good apart from thee."" The LORD is my chosen portion and my cup; thou holdest my lot.

I bless the LORD who gives me counsel; in the night also my heart instructs me. I keep the LORD always before me;because he is at my right hand, I shall not be moved.

Therefore my heart is glad,and my soul rejoices; my body also dwells secure. For thou dost not give me up to Sheol, or let thy godly one see the Pit.",repo://assets/rsvce.db,,3e11de0dc9a2264e68316ccae1f049e191ae2904db7aeacfc9fd7d13c6844c16,450ce5c508a6abbcaaa9e43721be21582d634c9405ea4e987a6da7c3dac50c3e,100
local_rsvce,ps16_1_2a_5_7_8_9a_11,WORLD,,,generic,,,,"ps16:1-2a+5,7-8,9a+11","You are my inheritance, O Lord.","Preserve me, O God, for in thee I take refuge. I say to the LORD, ""Thou art my Lord; I have no good apart from thee."" The LORD is my chosen portion and my cup; thou holdest my lot.

I bless the LORD who gives me counsel; in the night also my heart instructs me. I keep the LORD always before me;because he is at my right hand, I shall not be moved.

Therefore my heart is glad,and my soul rejoices; my body also dwells secure. Thou dost show me the path of life;in thy presence there is fulness of joy, in thy right hand are pleasures for evermore.",repo://assets/rsvce.db,,dd98b19b741b8a197d12b642dffc15538d5800a7ca8b147e102e7fea0e4b1d4c,0b08e1a29d145abe7b43a2256e6019ae29ca359836b1e2d5812f59fca9cae48a,100
local_rsvce,ps16_1b_2a_5_7_8_11,WORLD,,,generic,,,,"ps16:1b-2a,5,7-8,11","It is you, O Lord, who are my portion.","Preserve me, O God, for in thee I take refuge. I say to the LORD, ""Thou art my Lord; I have no good apart from thee.""

The LORD is my chosen portion and my cup; thou holdest my lot.

I bless the LORD who gives me counsel; in the night also my heart instructs me. I keep the LORD always before me;because he is at my right hand, I shall not be moved.

Thou dost show me the path of life;in thy presence there is fulness of joy, in thy right hand are pleasures for evermore.",repo://assets/rsvce.db,,701fc7f257e82831d306cc68937cbdab0aaf44dc768ba3d1f70a95e6157291cf,1b81fdfd4fd960341318dd33d2ffbd31ff51585315547b84cb2057599145356b,100
local_rsvce,ps16_5_8_9_10_11,WORLD,,,generic,,,,"ps16:5,8,9-10,11","(1) You are my inheritance, O Lord!","The LORD is my chosen portion and my cup; thou holdest my lot.

I keep the LORD always before me;because he is at my right hand, I shall not be moved.

Therefore my heart is glad,and my soul rejoices; my body also dwells secure. For thou dost not give me up to Sheol, or let thy godly one see the Pit.

Thou dost show me the path of life;in thy presence there is fulness of joy, in thy right hand are pleasures for evermore.",repo://assets/rsvce.db,,3368ee93c8f6bfb427bc694ea6f1282aa53d9bfca5faa5bab465c85662eb5678,285423b7a5d7b1113add2eb8ab5d574fc7bc508afbe0d33d12b2fcb6b8594cd2,100
local_rsvce,ps17_1_2_3_6_7,WORLD,,,generic,,,,"ps17:1,2-3,6-7","Lord, bend your ear and hear my prayer.","Hear a just cause, O LORD; attend to my cry! Give ear to my prayer from lips free of deceit!

From thee let my vindication come! Let thy eyes see the right! If thou triest my heart, if thou visitest me by night,if thou testest me, thou wilt find no wickedness in me; my mouth does not transgress.

I call upon thee, for thou wilt answer me, O God; incline thy ear to me, hear my words. Wondrously show thy steadfast love,O savior of those who seek refuge from their adversaries at thy right hand.",repo://assets/rsvce.db,,71f530bb2d84397097d336f94b7927535ab171c3ca22b6e6f847e5c7e06de9c7,239a06f8f17f1abcc9756cc102fbdd42752377fc0400d8e00fda2ee2feab8df6,100
local_rsvce,ps17_1_2_3_6_7_8_15,WORLD,,,generic,,,,"ps17:1,2-3,6-7,8+15","In my justice, I shall see your face, O Lord.","Hear a just cause, O LORD; attend to my cry! Give ear to my prayer from lips free of deceit!

From thee let my vindication come! Let thy eyes see the right! If thou triest my heart, if thou visitest me by night,if thou testest me, thou wilt find no wickedness in me; my mouth does not transgress.

I call upon thee, for thou wilt answer me, O God; incline thy ear to me, hear my words. Wondrously show thy steadfast love,O savior of those who seek refuge from their adversaries at thy right hand.

Keep me as the apple of the eye; hide me in the shadow of thy wings, As for me, I shall behold thy face in righteousness;when I awake, I shall be satisfied with beholding thy form.",repo://assets/rsvce.db,,d32a54e7cfb3db9584fd0ecc6657c5990d5a5983c6f5d3f26ca445b9e0ddb9d6,d76a3894347d29aeca9911f02b2df153ffb65e093addf024e1212e813f05fee7,100
local_rsvce,ps17_1_5_6_8_15,WORLD,,,generic,,,,"ps17:1,5-6,8,15","(15b) Lord, when your glory appears, my joy will be full.","Hear a just cause, O LORD; attend to my cry! Give ear to my prayer from lips free of deceit!

My steps have held fast to thy paths, my feet have not slipped. I call upon thee, for thou wilt answer me, O God; incline thy ear to me, hear my words.

Keep me as the apple of the eye; hide me in the shadow of thy wings,

As for me, I shall behold thy face in righteousness;when I awake, I shall be satisfied with beholding thy form.",repo://assets/rsvce.db,,91710d210ebc118a41cc0b4e1193bf85729a50ed0c86ab603a2a8f24c5849110,736af9c9db58abe800923985a57558441d7ccb1f53017abc056f7669f43d60e4,100
local_rsvce,ps17_1_5_6_8b_15,WORLD,,,generic,,,,"ps17:1,5-6,8b+15","Lord, when your glory appears, my joy will be full.","Hear a just cause, O LORD; attend to my cry! Give ear to my prayer from lips free of deceit!

My steps have held fast to thy paths, my feet have not slipped. I call upon thee, for thou wilt answer me, O God; incline thy ear to me, hear my words.

Keep me as the apple of the eye; hide me in the shadow of thy wings, As for me, I shall behold thy face in righteousness;when I awake, I shall be satisfied with beholding thy form.",repo://assets/rsvce.db,,93485b631e81a06075c25a7a06cb4ef560a48a50af96eaba294c91169780acca,9d20a01533b5aaf0dd8af7d8bdf227d3b60330c1d8b79d15a40f02348b84da6f,100
local_rsvce,ps17_1_6_7_8_15,WORLD,,,generic,,,,"ps17:1,6-7,8,15","When I awake, I shall be filled with the vision of your presence, O Lord.","Hear a just cause, O LORD; attend to my cry! Give ear to my prayer from lips free of deceit!

I call upon thee, for thou wilt answer me, O God; incline thy ear to me, hear my words. Wondrously show thy steadfast love,O savior of those who seek refuge from their adversaries at thy right hand.

Keep me as the apple of the eye; hide me in the shadow of thy wings,

As for me, I shall behold thy face in righteousness;when I awake, I shall be satisfied with beholding thy form.",repo://assets/rsvce.db,,97531df201c52ce3994cbc5c656b7471650d93100ddaacebf96e423b897bf2f7,287bde47b1fce7b723afc26b481227dcce8fb1e021a036001ed56fa8efa45022,100
local_rsvce,ps17_1_6_7_8b_15,WORLD,,,generic,,,,"ps17:1,6-7,8b+15","Lord, when your glory appears, my joy will be full.","Hear a just cause, O LORD; attend to my cry! Give ear to my prayer from lips free of deceit!

I call upon thee, for thou wilt answer me, O God; incline thy ear to me, hear my words. Wondrously show thy steadfast love,O savior of those who seek refuge from their adversaries at thy right hand.

Keep me as the apple of the eye; hide me in the shadow of thy wings, As for me, I shall behold thy face in righteousness;when I awake, I shall be satisfied with beholding thy form.",repo://assets/rsvce.db,,6f755c0417cdec2772288b74e84a0e277116f4cde6560e4c9b44833701b8bffa,82e48edf4a0f24232de80da9d04deb3016cc549ec50731da498dd23daf05a0ef,100
local_rsvce,ps17_1b_2_3_6_7ab_8b_15,WORLD,,,generic,,,,"ps17:1b,2-3,6-7ab,8b,15",In justice I shall behold your face,"Hear a just cause, O LORD; attend to my cry! Give ear to my prayer from lips free of deceit!

From thee let my vindication come! Let thy eyes see the right! If thou triest my heart, if thou visitest me by night,if thou testest me, thou wilt find no wickedness in me; my mouth does not transgress.

I call upon thee, for thou wilt answer me, O God; incline thy ear to me, hear my words. Wondrously show thy steadfast love,O savior of those who seek refuge from their adversaries at thy right hand.

Keep me as the apple of the eye; hide me in the shadow of thy wings,

As for me, I shall behold thy face in righteousness;when I awake, I shall be satisfied with beholding thy form.",repo://assets/rsvce.db,,9f1796a074e434cba3fc55ad970b9494a5c06bb560860afe45b2c36545fefbc8,105fdd26a31a98063bf6906a38661ea865c1459cc9f77b7515c91c27c6be7831,100
local_rsvce,ps17_1bcd_5_6_8b_15,WORLD,,,generic,,,,"ps17:1bcd,5-6,8b,15","When I awake, O Lord, I shall be filled with the vision of your presence.","Hear a just cause, O LORD; attend to my cry! Give ear to my prayer from lips free of deceit!

My steps have held fast to thy paths, my feet have not slipped. I call upon thee, for thou wilt answer me, O God; incline thy ear to me, hear my words.

Keep me as the apple of the eye; hide me in the shadow of thy wings,

As for me, I shall behold thy face in righteousness;when I awake, I shall be satisfied with beholding thy form.",repo://assets/rsvce.db,,536aa077c35e0dbc458d591d7739e5b7f044838c2237c46a4716cc12b5fbc28f,ee91ef485484277a274067fb34bcbf22dd7fadba63bd9eef6fe0ca3612fa94f5,100
local_rsvce,ps18_1_2_3_6b_46_50,WORLD,,,generic,,,,"ps18:1-2,3+6b,46+50","I love you, Lord, my strength.","I love thee, O LORD, my strength. The LORD is my rock, and my fortress,and my deliverer, my God, my rock,in whom I take refuge, my shield, and the horn of my salvation, my stronghold.

The LORD is my rock, and my fortress,and my deliverer, my God, my rock,in whom I take refuge, my shield, and the horn of my salvation, my stronghold. the cords of Sheol entangled me, the snares of death confronted me.

Foreigners lost heart, and came trembling out of their fastnesses. For this I will extol thee, O LORD, among the nations, and sing praises to thy name.",repo://assets/rsvce.db,,be8b40e7e5c769837aadf83659bdfcbb112078bdfc6a270288f63f87eb1dbed0,052709ef06d68d190d6e9f12541f2fe86f2902ab9d82d7734598475458bf2cbd,100
local_rsvce,ps18_1_2a_2bc_3_4_5_6,WORLD,,,generic,,,,"ps18:1-2a,2bc-3,4-5,6","In my anguish I called to the Lord, and he heard me.","I love thee, O LORD, my strength. The LORD is my rock, and my fortress,and my deliverer, my God, my rock,in whom I take refuge, my shield, and the horn of my salvation, my stronghold.

I love thee, O LORD, my strength. The LORD is my rock, and my fortress,and my deliverer, my God, my rock,in whom I take refuge, my shield, and the horn of my salvation, my stronghold.

I call upon the LORD, who is worthy to be praised, and I am saved from my enemies. The cords of death encompassed me, the torrents of perdition assailed me;

the cords of Sheol entangled me, the snares of death confronted me.",repo://assets/rsvce.db,,2b9008bd5ec5dd1fb9b94f25521359a6cb4a0b4923e3bf181456b0928bb025c7,9169d07b0be5ffbf5df50c6057cb63066df222df4e771c84e1959b2384f6879f,100
local_rsvce,ps18_1_2ab_2c_3_4_5_6,WORLD,,,generic,,,,"ps18:1-2ab,2c-3,4-5,6","In my distress I called upon the Lord,","I love thee, O LORD, my strength. The LORD is my rock, and my fortress,and my deliverer, my God, my rock,in whom I take refuge, my shield, and the horn of my salvation, my stronghold.

I love thee, O LORD, my strength. The LORD is my rock, and my fortress,and my deliverer, my God, my rock,in whom I take refuge, my shield, and the horn of my salvation, my stronghold.

I call upon the LORD, who is worthy to be praised, and I am saved from my enemies. The cords of death encompassed me, the torrents of perdition assailed me;

the cords of Sheol entangled me, the snares of death confronted me.",repo://assets/rsvce.db,,048193bf037eb94f366415855d5646e66535e8be7ecb1ca7390fb1d232bc37a4,d5f23374b13e91c46c5e0a9fa9586d180262a67cfdbfd0079778060a7f282aba,100
local_rsvce,ps18_2_3_3_4_47_51,WORLD,,,generic,,,,"ps18:2-3,3-4,47,51","(2) I love you, Lord, my strength.","I love thee, O LORD, my strength. The LORD is my rock, and my fortress,and my deliverer, my God, my rock,in whom I take refuge, my shield, and the horn of my salvation, my stronghold.

The LORD is my rock, and my fortress,and my deliverer, my God, my rock,in whom I take refuge, my shield, and the horn of my salvation, my stronghold. I call upon the LORD, who is worthy to be praised, and I am saved from my enemies.

The LORD lives; and blessed be my rock, and exalted be the God of my salvation,

Great triumphs he gives to his king,and shows steadfast love to his anointed, to David and his descendants for ever.",repo://assets/rsvce.db,,f00b8c5335b62b0a25a478c31935f75348d47912b56170b2b44cf5504dafcfa8,83d12dfafd47758609c0e20fe80d942761585a49dbc7ba65894edfd97b9c4009,100
local_rsvce,ps18_2_3a_3bc_4_47_51ab,WORLD,,,generic,,,,"ps18:2-3a,3bc-4,47,51ab","I love you, Lord, my strength.","I love thee, O LORD, my strength. The LORD is my rock, and my fortress,and my deliverer, my God, my rock,in whom I take refuge, my shield, and the horn of my salvation, my stronghold.

The LORD is my rock, and my fortress,and my deliverer, my God, my rock,in whom I take refuge, my shield, and the horn of my salvation, my stronghold. I call upon the LORD, who is worthy to be praised, and I am saved from my enemies.

The LORD lives; and blessed be my rock, and exalted be the God of my salvation,

Great triumphs he gives to his king,and shows steadfast love to his anointed, to David and his descendants for ever.",repo://assets/rsvce.db,,18a21675685d11b8d8fcf0091de0fc3891f9ae08b9029493be9fe9d5061a845a,fff1033f624eb332e081e551ef89c90ca46a450480d04513b55d689deb1197a6,100
local_rsvce,ps18_2_3a_3bc_4_5_6_7,WORLD,,,generic,,,,"ps18:2-3a,3bc-4,5-6,7","In my anguish I called to the Lord, and he heard me.","I love thee, O LORD, my strength. The LORD is my rock, and my fortress,and my deliverer, my God, my rock,in whom I take refuge, my shield, and the horn of my salvation, my stronghold.

The LORD is my rock, and my fortress,and my deliverer, my God, my rock,in whom I take refuge, my shield, and the horn of my salvation, my stronghold. I call upon the LORD, who is worthy to be praised, and I am saved from my enemies.

The cords of death encompassed me, the torrents of perdition assailed me; the cords of Sheol entangled me, the snares of death confronted me.

In my distress I called upon the LORD;to my God I cried for help.From his temple he heard my voice, and my cry to him reached his ears.",repo://assets/rsvce.db,,b89daa7761d35d87be1f2eeed84253f96eeae55d8cd26ca0b93f9066784b1aee,28f8d1d5808cf979b49f8cdad6f3a4b45a0cd6d0856a0eb34c2aee10b7e46212,100
local_rsvce,ps18_30_46_49_50,WORLD,,,generic,,,,"ps18:30,46+49,50",Blessed be God my salvation!,"Yea, by thee I can crush a troop; and by my God I can leap over a wall.

Foreigners lost heart, and came trembling out of their fastnesses. who delivered me from my enemies;yea, thou didst exalt me above my adversaries; thou didst deliver me from men of violence.

For this I will extol thee, O LORD, among the nations, and sing praises to thy name.",repo://assets/rsvce.db,,07bc9dfb854fb3e6e62acdcf8adb0238878dd66741c6ed64ff578a17d1847c60,694a8eda85a9d4cea93fdc3698efbe3d27acea6347f8955bcbc98670e11d350a,100
local_rsvce,ps18_31_47_50_51,WORLD,,,generic,,,,"ps18:31,47,50,51",Blest be the God of my salvation!,"This God--his way is perfect;the promise of the LORD proves true; he is a shield for all those who take refuge in him.

The LORD lives; and blessed be my rock, and exalted be the God of my salvation,

For this I will extol thee, O LORD, among the nations, and sing praises to thy name.

Great triumphs he gives to his king,and shows steadfast love to his anointed, to David and his descendants for ever.",repo://assets/rsvce.db,,99a5989376d8236fb1a2f1c0a728aff9824f71d67d888e5738c7998f2fdfee51,1fd1f064288ee6aa2500b2aea903daa09a90cf53e8f45b7f58b21442b04165df,100
local_rsvce,ps19_1_2_3_4,WORLD,,,generic,,,,"ps19:1-2,3-4",The heavens proclaim the glory of God.,"The heavens are telling the glory of God; and the firmament proclaims his handiwork. Day to day pours forth speech, and night to night declares knowledge.

Day to day pours forth speech, and night to night declares knowledge. There is no speech,nor are there words; their voice is not heard;",repo://assets/rsvce.db,,3e4b3f5d6335809f86132fed507706872da4717b415ddeccca718c9add054b09,38259c6f38ef1f9c2003c3b39a59593f7286077f46f029597a0cd0dd87611d84,100
local_rsvce,ps19_1_2_3_4ab,WORLD,,,generic,,,,"ps19:1-2,3-4ab",The heavens proclaim the glory of God.,"The heavens are telling the glory of God; and the firmament proclaims his handiwork. Day to day pours forth speech, and night to night declares knowledge.

Day to day pours forth speech, and night to night declares knowledge. There is no speech,nor are there words; their voice is not heard;",repo://assets/rsvce.db,,3e4b3f5d6335809f86132fed507706872da4717b415ddeccca718c9add054b09,38259c6f38ef1f9c2003c3b39a59593f7286077f46f029597a0cd0dd87611d84,100
local_rsvce,ps19_2_3_4_5,WORLD,,,generic,,,,"ps19:2-3,4-5",(5) Their message goes out through all the earth.,"The heavens are telling the glory of God; and the firmament proclaims his handiwork. Day to day pours forth speech, and night to night declares knowledge.

There is no speech,nor are there words; their voice is not heard; yet their voice goes out through all the earth,and their words to the end of the world. In them he has set a tent for the sun,",repo://assets/rsvce.db,,72ac3d723f13c548ae6a261443ccc5a088590248a3c28067e0bae3d4aa3538e0,572aeddea92ff6e2975b5d5e42ed3476afc0911d95007382f53f7ae4c3b35306,100
local_rsvce,ps19_2_3_4_5ab,WORLD,,,generic,,,,"ps19:2-3,4-5ab",The heavens declare the glory of God.,"The heavens are telling the glory of God; and the firmament proclaims his handiwork. Day to day pours forth speech, and night to night declares knowledge.

There is no speech,nor are there words; their voice is not heard; yet their voice goes out through all the earth,and their words to the end of the world. In them he has set a tent for the sun,",repo://assets/rsvce.db,,9cce6bbd96855fa1eb01f10f11e07851badfc1b7b4bd4d6860382bc8df866b17,0ef1a03500e302c16f3ed7344ed4cf1ac2d6fa4bb64aa60252f405b460dc3343,100
local_rsvce,ps19_7_8_9_10,WORLD,,,generic,,,,"ps19:7,8,9,10","The judgments of the Lord are true,","Its rising is from the end of the heavens,and its circuit to the end of them; and there is nothing hid from its heat.

The law of the LORD is perfect,reviving the soul; the testimony of the LORD is sure, making wise the simple;

the precepts of the LORD are right,rejoicing the heart; the commandment of the LORD is pure, enlightening the eyes;

the fear of the LORD is clean, enduring for ever;the ordinances of the LORD are true, and righteous altogether.",repo://assets/rsvce.db,,d2783c5ecb1f34ead59a4e85a2c0cd7a3b57b412492cd6074a670481aa3e6b7a,f33a7a61039b76bbcaee3b2c15b42c86586decf013d71f3ada9a2541fbc781e1,100
local_rsvce,ps19_7_8_9_14,WORLD,,,generic,,,,"ps19:7,8,9,14","Your words, Lord, are spirit and life.","Its rising is from the end of the heavens,and its circuit to the end of them; and there is nothing hid from its heat.

The law of the LORD is perfect,reviving the soul; the testimony of the LORD is sure, making wise the simple;

the precepts of the LORD are right,rejoicing the heart; the commandment of the LORD is pure, enlightening the eyes;

Keep back thy servant also from presumptuous sins;let them not have dominion over me!Then I shall be blameless, and innocent of great transgression.",repo://assets/rsvce.db,,8e88b98c6b4e2eaf9e5d9eb33944930d59ef8796f7f5be1f037fccaa89e794ea,df3e6c72604a606d0697f0f450fdf57e22e7ad89551751c733b5a0bc39df6159,100
local_rsvce,ps19_8_10_12_13_14,WORLD,,,generic,,,,"ps19:8,10,12-13,14",(9a) The precepts of the Lord give joy to the heart.,"The law of the LORD is perfect,reviving the soul; the testimony of the LORD is sure, making wise the simple;

the fear of the LORD is clean, enduring for ever;the ordinances of the LORD are true, and righteous altogether.

Moreover by them is thy servant warned; in keeping them there is great reward. But who can discern his errors? Clear thou me from hidden faults.

Keep back thy servant also from presumptuous sins;let them not have dominion over me!Then I shall be blameless, and innocent of great transgression.",repo://assets/rsvce.db,,6709481c49804e822cfb36e7c823ebe538d172b187980eb2ca8d59e54472d02e,c9a3774414e63e0978eb631641d2d1676c8d43592e61fc809a2c94c47d1934af,100
local_rsvce,ps19_8_9_10_11,WORLD,,,generic,,,,"ps19:8,9,10,11","(John 6:68c) Lord, you have the words of everlasting life.","The law of the LORD is perfect,reviving the soul; the testimony of the LORD is sure, making wise the simple;

the precepts of the LORD are right,rejoicing the heart; the commandment of the LORD is pure, enlightening the eyes;

the fear of the LORD is clean, enduring for ever;the ordinances of the LORD are true, and righteous altogether.

More to be desired are they than gold,even much fine gold; sweeter also than honey and drippings of the honeycomb.",repo://assets/rsvce.db,,6dd638213779bbdd97b57528f6ccf0944828436193503379e2e31fc0e2834e75,9fbd99c93949bc6611468bec2e5628fbe85b90d78b3ba214493509d6b2f6276c,100
local_rsvce,ps19_8_9_10_15,WORLD,,,generic,,,,"ps19:8,9,10,15","Your words are spirit, Lord, and they are life.","The law of the LORD is perfect,reviving the soul; the testimony of the LORD is sure, making wise the simple;

the precepts of the LORD are right,rejoicing the heart; the commandment of the LORD is pure, enlightening the eyes;

the fear of the LORD is clean, enduring for ever;the ordinances of the LORD are true, and righteous altogether.

Let the words of my mouth and the meditation of my heartbe acceptable in thy sight, O LORD, my rock and my redeemer.",repo://assets/rsvce.db,,16fd8e2b2c5b022b2ae0f5e16fbe4310659099103881eeeef333f41b983fe235,9f8e7c8c21b80001fe31ce83922238afb107330077c637dffc4c5c941d3beb64,100
local_rsvce,ps1_1_2_3_4_6,WORLD,,,generic,,,,"ps1:1-2,3,4,6",(40:5a) Blessed are they who hope in the Lord.,"Blessed is the man who walks not in the counsel of the wicked,nor stands in the way of sinners, nor sits in the seat of scoffers; but his delight is in the law of the LORD, and on his law he meditates day and night.

He is like a tree planted by streams of water,that yields its fruit in its season,and its leaf does not wither. In all that he does, he prospers.

The wicked are not so, but are like chaff which the wind drives away.

for the LORD knows the way of the righteous, but the way of the wicked will perish.",repo://assets/rsvce.db,,bb96f000fbbda1204d899cc92d355f7dfa7fbe96c6131e6888b1a936b7658b69,beda34db6026f254906f3dd4aff5783afa4b014099c2f0ca8a5118403759a5f4,100
local_rsvce,ps1_1_2_3_4and6,WORLD,,,generic,,,,"ps1:1-2,3,4and6",Blessed the man who has placed his trust in the Lord.,"Blessed is the man who walks not in the counsel of the wicked,nor stands in the way of sinners, nor sits in the seat of scoffers; but his delight is in the law of the LORD, and on his law he meditates day and night.

He is like a tree planted by streams of water,that yields its fruit in its season,and its leaf does not wither. In all that he does, he prospers.

The wicked are not so, but are like chaff which the wind drives away.",repo://assets/rsvce.db,,a571e195d36fcf88e379c0aa15bde2ef68c212d664653e0ffcd24786a67c586b,f458b21ede8e3826b9b97f89ed2cfa1972def393471170571255f8c233c2a47b,100
local_rsvce,ps21_1_2_3_4_5_6,WORLD,,,generic,,,,"ps21:1-2,3-4,5-6","Lord, your strength gives joy to the king.","In thy strength the king rejoices, O LORD; and in thy help how greatly he exults! Thou hast given him his heart's desire, and hast not withheld the request of his lips. [Selah]

Thou hast given him his heart's desire, and hast not withheld the request of his lips. [Selah] For thou dost meet him with goodly blessings; thou dost set a crown of fine gold upon his head.

He asked life of thee; thou gavest it to him, length of days for ever and ever. His glory is great through thy help; splendor and majesty thou dost bestow upon him.",repo://assets/rsvce.db,,67ccd9ddc5c4fda537eb3a361cfc4115900d70ed9ed781169889a1b7734f91aa,97ec4a53cd2bbfe185235ec164319e2922c722994d71430bb4201a0d8b9543f9,100
local_rsvce,ps21_2_3_4_5_6_7,WORLD,,,generic,,,,"ps21:2-3,4-5,6-7","In your strength, O Lord, the king rejoices.","In thy strength the king rejoices, O LORD; and in thy help how greatly he exults! Thou hast given him his heart's desire, and hast not withheld the request of his lips. [Selah]

For thou dost meet him with goodly blessings; thou dost set a crown of fine gold upon his head. He asked life of thee; thou gavest it to him, length of days for ever and ever.

His glory is great through thy help; splendor and majesty thou dost bestow upon him. Yea, thou dost make him most blessed for ever; thou dost make him glad with the joy of thy presence.",repo://assets/rsvce.db,,a754c8fd7d34061695144a5d05a3150c470a29817eaa7c094b158212c23b6e7e,affd5fc6171ac625816918dc08405e6406776d1ae44e158647a9e405a3db74fe,100
local_rsvce,ps22_25b_26_27_28_29_30_31,WORLD,,,generic,,,,"ps22:25b-26,27,28-29,30-31","I will praise you, Lord, in the assembly of your people.","For he has not despised or abhorred the affliction of the afflicted;and he has not hid his face from him, but has heard, when he cried to him. From thee comes my praise in the great congregation; my vows I will pay before those who fear him.

The afflicted shall eat and be satisfied;those who seek him shall praise the LORD! May your hearts live for ever!

All the ends of the earth shall remember and turn to the LORD; and all the families of the nations shall worship before him. For dominion belongs to the LORD, and he rules over the nations.

Yea, to him shall all the proud of the earth bow down;before him shall bow all who go down to the dust, and he who cannot keep himself alive. Posterity shall serve him; men shall tell of the Lord to the coming generation,",repo://assets/rsvce.db,,afe6bf2d5906bd524e7a555a4497ee6982193da22594b487fcebb70493fcadfb,d91da690622550f0c0404af05d0e474207e0c6c6c38273b151f2ebe630a1cdcc,100
local_rsvce,ps22_25b_26_27_29_30_31,WORLD,,,generic,,,,"ps22:25b-26,27+29,30-31","They will praise you, Lord, who long for you.","For he has not despised or abhorred the affliction of the afflicted;and he has not hid his face from him, but has heard, when he cried to him. From thee comes my praise in the great congregation; my vows I will pay before those who fear him.

The afflicted shall eat and be satisfied;those who seek him shall praise the LORD! May your hearts live for ever! For dominion belongs to the LORD, and he rules over the nations.

Yea, to him shall all the proud of the earth bow down;before him shall bow all who go down to the dust, and he who cannot keep himself alive. Posterity shall serve him; men shall tell of the Lord to the coming generation,",repo://assets/rsvce.db,,3d946569fdaad547d0c7e6e39b7545f22a25df404ece8756d3f4514ded0e1182,5f6386282b8a1a8374c2cfa36b1e7ba87eacf92688f0be9dbaa9c5e1c58e5967,100
local_rsvce,ps22_26_27_28_30_31_32,WORLD,,,generic,,,,"ps22:26-27,28,30,31-32","(26a) I will praise you, Lord, in the assembly of your people.","From thee comes my praise in the great congregation; my vows I will pay before those who fear him. The afflicted shall eat and be satisfied;those who seek him shall praise the LORD! May your hearts live for ever!

All the ends of the earth shall remember and turn to the LORD; and all the families of the nations shall worship before him.

Yea, to him shall all the proud of the earth bow down;before him shall bow all who go down to the dust, and he who cannot keep himself alive.

Posterity shall serve him; men shall tell of the Lord to the coming generation, and proclaim his deliverance to a people yet unborn, that he has wrought it.",repo://assets/rsvce.db,,a1b086087892fbbb3a80b35b22f6f6144bf0d1fd1bf862ebf08fa2634c99ca58,7672bcd3dfdaabf4a5e2cb7af200efd9810d262043b24831174fd6b98a13e7c6,100
local_rsvce,ps22_26b_27_28_29_31_31_32,WORLD,,,generic,,,,"ps22:26b-27,28,29-31,31-32","You are my praise, Lord, in the great assembly.","From thee comes my praise in the great congregation; my vows I will pay before those who fear him. The afflicted shall eat and be satisfied;those who seek him shall praise the LORD! May your hearts live for ever!

All the ends of the earth shall remember and turn to the LORD; and all the families of the nations shall worship before him.

For dominion belongs to the LORD, and he rules over the nations. Yea, to him shall all the proud of the earth bow down;before him shall bow all who go down to the dust, and he who cannot keep himself alive. Posterity shall serve him; men shall tell of the Lord to the coming generation,

Posterity shall serve him; men shall tell of the Lord to the coming generation, and proclaim his deliverance to a people yet unborn, that he has wrought it.",repo://assets/rsvce.db,,9c559340a1cabd235593fae0265d7ad57640250460afb78041e916205b239297,98f1424dc3af291ea696dcfceae7cf45edf069042b38ba9002dc886c220262e0,100
local_rsvce,ps22_26b_27_28_30_31_32,WORLD,,,generic,,,,"ps22:26b-27,28,30,31-32","They will praise you, Lord, who long for you.","From thee comes my praise in the great congregation; my vows I will pay before those who fear him. The afflicted shall eat and be satisfied;those who seek him shall praise the LORD! May your hearts live for ever!

All the ends of the earth shall remember and turn to the LORD; and all the families of the nations shall worship before him.

Yea, to him shall all the proud of the earth bow down;before him shall bow all who go down to the dust, and he who cannot keep himself alive.

Posterity shall serve him; men shall tell of the Lord to the coming generation, and proclaim his deliverance to a people yet unborn, that he has wrought it.",repo://assets/rsvce.db,,e30fb6fef82f712732a47228fadf9afac41bf815641a1933018a7139546492ee,55652433ddbc75098cd4a91efbdfff7caf983e104a3d850653c105505967d0bb,100
local_rsvce,ps22_8_9_17_18_19_20_23_24,WORLD,,,generic,,,,"ps22:8-9,17-18,19-20,23-24","My God, my God, Why have you forsaken me?","All who see me mock at me,they make mouths at me, they wag their heads; ""He committed his cause to the LORD;let him deliver him, let him rescue him, for he delights in him!""

Yea, dogs are round about me;a company of evildoers encircle me; they have pierced my hands and feet-- I can count all my bones-- they stare and gloat over me;

they divide my garments among them, and for my raiment they cast lots. But thou, O LORD, be not far off! O thou my help, hasten to my aid!

I will tell of thy name to my brethren; in the midst of the congregation I will praise thee: You who fear the LORD, praise him!all you sons of Jacob, glorify him, and stand in awe of him, all you sons of Israel!",repo://assets/rsvce.db,,7d14361cf49e859271b504fb11b4563ae0a99320fd9ce28854fc813f72438bcf,04aeae79c77fd222de02bf20443509e9f8916664417ea77155cae1485b020b77,100
local_rsvce,ps22_8_9_17_18a_19_20_23_24,WORLD,,,generic,,,,"ps22:8-9,17-18a,19-20,23-24","My God, my God, why have you forsaken me?","All who see me mock at me,they make mouths at me, they wag their heads; ""He committed his cause to the LORD;let him deliver him, let him rescue him, for he delights in him!""

Yea, dogs are round about me;a company of evildoers encircle me; they have pierced my hands and feet-- I can count all my bones-- they stare and gloat over me;

they divide my garments among them, and for my raiment they cast lots. But thou, O LORD, be not far off! O thou my help, hasten to my aid!

I will tell of thy name to my brethren; in the midst of the congregation I will praise thee: You who fear the LORD, praise him!all you sons of Jacob, glorify him, and stand in awe of him, all you sons of Israel!",repo://assets/rsvce.db,,e23d526054c8fa9ed1261c82d7eb166d0565c8eeaf99946d1dfec14cd907487c,04aeae79c77fd222de02bf20443509e9f8916664417ea77155cae1485b020b77,100
local_rsvce,ps23_1_2_2_3_5_6,WORLD,,,generic,,,,"ps23:1-2,2-3,5-6",(1) The Lord is my shepherd; there is nothing I shall want.,"The LORD is my shepherd, I shall not want; he makes me lie down in green pastures. He leads me beside still waters;

he makes me lie down in green pastures. He leads me beside still waters; he restores my soul.  He leads me in paths of righteousness for his name's sake.

Thou preparest a table before mein the presence of my enemies; thou anointest my head with oil, my cup overflows. Surely goodness and mercy shall follow me all the days of my life; and I shall dwell in the house of the LORD for ever.",repo://assets/rsvce.db,,34237facd5ce1b7e6ec564fa71f147e8f7b4b3adadfead2c0cf3801750027208,16b1644b2a43b98903abe56c84090a830139d75e700844dd9b2fb8de9a3419c5,100
local_rsvce,ps23_1_2a_2b_3_5_6,WORLD,,,generic,,,,"ps23:1,2a,2b,3,5,6",The Lord is my shepherd; there is nothing I shall want.,"The LORD is my shepherd, I shall not want;

he makes me lie down in green pastures. He leads me beside still waters;

he makes me lie down in green pastures. He leads me beside still waters;

he restores my soul.  He leads me in paths of righteousness for his name's sake.

Thou preparest a table before mein the presence of my enemies; thou anointest my head with oil, my cup overflows.

Surely goodness and mercy shall follow me all the days of my life; and I shall dwell in the house of the LORD for ever.",repo://assets/rsvce.db,,5ad96201b99a4e5df83bd94ce3d2d5b3a7fd7f607894c10cddfe885694dd38c2,4ad6ad997f7bb3a4eb3953dd212b4572645292f170abf51bf241896a31bb0148,100
local_rsvce,ps23_1_3_3_4_5_6,WORLD,,,generic,,,,"ps23:1-3,3-4,5,6",(1) The Lord is my shepherd; there is nothing I shall want.,"The LORD is my shepherd, I shall not want; he makes me lie down in green pastures. He leads me beside still waters; he restores my soul.  He leads me in paths of righteousness for his name's sake.

he restores my soul.  He leads me in paths of righteousness for his name's sake. Even though I walk through the valley of the shadow of death, I fear no evil;for thou art with me; thy rod and thy staff, they comfort me.

Thou preparest a table before mein the presence of my enemies; thou anointest my head with oil, my cup overflows.

Surely goodness and mercy shall follow me all the days of my life; and I shall dwell in the house of the LORD for ever.",repo://assets/rsvce.db,,d44ea47b7e6b607ad420365818aff3e0e142f597be86f6f1e7e09eb59d873c47,615ff8d0fc70630d7e4ac709a91c5289b9d2fb196fb4fbd5882628d41ce63389,100
local_rsvce,ps23_1_3_4_5_6,WORLD,,,generic,,,,"ps23:1-3,4,5,6","The Lord is my shepherd, there is nothing I shall want.","The LORD is my shepherd, I shall not want; he makes me lie down in green pastures. He leads me beside still waters; he restores my soul.  He leads me in paths of righteousness for his name's sake.

Even though I walk through the valley of the shadow of death, I fear no evil;for thou art with me; thy rod and thy staff, they comfort me.

Thou preparest a table before mein the presence of my enemies; thou anointest my head with oil, my cup overflows.

Surely goodness and mercy shall follow me all the days of my life; and I shall dwell in the house of the LORD for ever.",repo://assets/rsvce.db,,209c038754abc84144028c94d8d1f8f1774bbf0457a612b24b7ae1fa01e6332e,57c1f8751df6400b20537e439ae45a3b59ebd15784ab889aac4f472089bc21f9,100
local_rsvce,ps23_1_3a_3b_4_5_6,WORLD,,,generic,,,,"ps23:1-3a,3b-4,5,6",(1) The Lord is my shepherd; there is nothing I shall want.,"The LORD is my shepherd, I shall not want; he makes me lie down in green pastures. He leads me beside still waters; he restores my soul.  He leads me in paths of righteousness for his name's sake.

he restores my soul.  He leads me in paths of righteousness for his name's sake. Even though I walk through the valley of the shadow of death, I fear no evil;for thou art with me; thy rod and thy staff, they comfort me.

Thou preparest a table before mein the presence of my enemies; thou anointest my head with oil, my cup overflows.

Surely goodness and mercy shall follow me all the days of my life; and I shall dwell in the house of the LORD for ever.",repo://assets/rsvce.db,,d44ea47b7e6b607ad420365818aff3e0e142f597be86f6f1e7e09eb59d873c47,615ff8d0fc70630d7e4ac709a91c5289b9d2fb196fb4fbd5882628d41ce63389,100
local_rsvce,ps23_1_3a_4_5_6,WORLD,,,generic,,,,"ps23:1-3a,4,5,6",The Lord is my shepherd; there is nothing I shall want.,"The LORD is my shepherd, I shall not want; he makes me lie down in green pastures. He leads me beside still waters; he restores my soul.  He leads me in paths of righteousness for his name's sake.

Even though I walk through the valley of the shadow of death, I fear no evil;for thou art with me; thy rod and thy staff, they comfort me.

Thou preparest a table before mein the presence of my enemies; thou anointest my head with oil, my cup overflows.

Surely goodness and mercy shall follow me all the days of my life; and I shall dwell in the house of the LORD for ever.",repo://assets/rsvce.db,,b57755e501a84b3d675dab37f083edd8d9179e417f5dfb0d8a895dbc158509e0,57c1f8751df6400b20537e439ae45a3b59ebd15784ab889aac4f472089bc21f9,100
local_rsvce,ps24_1_2_3_4_5_6,WORLD,,,generic,,,,"ps24:1-2,3-4,5-6",(7c and 10b) Let the Lord enter; he is king of glory.,"The earth is the LORD's and the fulness thereof, the world and those who dwell therein; for he has founded it upon the seas, and established it upon the rivers.

Who shall ascend the hill of the LORD? And who shall stand in his holy place? He who has clean hands and a pure heart,who does not lift up his soul to what is false, and does not swear deceitfully.

He will receive blessing from the LORD, and vindication from the God of his salvation. Such is the generation of those who seek him, who seek the face of the God of Jacob.  [Selah]",repo://assets/rsvce.db,,ff5fe8276b8f90881ffef70d2e7e9f932fc9641ec76343016015621c03796305,a162cdcaf076d242bbe6ccfd30cc025031e6b66b1ae26e5fb5d2987c97d20c44,100
local_rsvce,ps24_1_2_3_4ab_5_6,WORLD,,,generic,,,,"ps24:1-2,3-4ab,5-6",Let the Lord enter; he is king of glory.,"The earth is the LORD's and the fulness thereof, the world and those who dwell therein; for he has founded it upon the seas, and established it upon the rivers.

Who shall ascend the hill of the LORD? And who shall stand in his holy place? He who has clean hands and a pure heart,who does not lift up his soul to what is false, and does not swear deceitfully.

He will receive blessing from the LORD, and vindication from the God of his salvation. Such is the generation of those who seek him, who seek the face of the God of Jacob.  [Selah]",repo://assets/rsvce.db,,4b9114b00976a74df5786d403db887215667bfb693cf14bf8cd933e9af8d7bee,449058b5a564faa1409be10a5323d5615e0a4273030fdea2d80a3c533d5eb0f8,100
local_rsvce,ps24_1b_2_3_4ab_5_6,WORLD,,,generic,,,,"ps24:1b-2,3-4ab,5-6","These are the people who seek your face, O Lord.","The earth is the LORD's and the fulness thereof, the world and those who dwell therein; for he has founded it upon the seas, and established it upon the rivers.

Who shall ascend the hill of the LORD? And who shall stand in his holy place? He who has clean hands and a pure heart,who does not lift up his soul to what is false, and does not swear deceitfully.

He will receive blessing from the LORD, and vindication from the God of his salvation. Such is the generation of those who seek him, who seek the face of the God of Jacob.  [Selah]",repo://assets/rsvce.db,,4d82ea33fab1e0ded568677d6f3f512920627fd7c0284f7a97571fabfc2ef721,0b2a04bacfc897962e78203f60f111eacbcf58f1eefc867d6fc49af8a18db73e,100
local_rsvce,ps24_1bc_2_3_4ab_5_6,WORLD,,,generic,,,,"ps24:1bc-2,3-4ab,5-6","(see 6) Lord, this is the people that longs to see your face.","The earth is the LORD's and the fulness thereof, the world and those who dwell therein; for he has founded it upon the seas, and established it upon the rivers.

Who shall ascend the hill of the LORD? And who shall stand in his holy place? He who has clean hands and a pure heart,who does not lift up his soul to what is false, and does not swear deceitfully.

He will receive blessing from the LORD, and vindication from the God of his salvation. Such is the generation of those who seek him, who seek the face of the God of Jacob.  [Selah]",repo://assets/rsvce.db,,18312d3f1f3acb5ddbac5e21d77cc3f36889c95b86f1793db7351ad7c4124f96,684501eed9c3f55e76a9902b5c24ddc35e4053f1564d3279e4f0d01301b77a0e,100
local_rsvce,ps24_7_8_9_10,WORLD,,,generic,,,,"ps24:7,8,9,10",Who is this king of glory?,"Lift up your heads, O gates! and be lifted up, O ancient doors! that the King of glory may come in.

Who is the King of glory? The LORD, strong and mighty, the LORD, mighty in battle!

Lift up your heads, O gates! and be lifted up,  O ancient doors! that the King of glory may come in.

Who is this King of glory? The LORD of hosts, he is the King of glory! [Selah]",repo://assets/rsvce.db,,7c6ba851457df149e2ebbaf795ba4c0dbc3d6a42bb82522f9c84a41e5e00eb87,73f555ab390814d2638beba7ffb033de8410fc2e01dfc79e947ba08244b59408,100
local_rsvce,ps25_2_3_4_5ab_6_7bc_8_9,WORLD,,,generic,,,,"ps25:2-3,4-5ab,6-7bc,8-9","To you, O Lord, I lift my soul.","O my God, in thee I trust, let me not be put to shame; let not my enemies exult over me. Yea, let none that wait for thee be put to shame; let them be ashamed who are wantonly treacherous.

Make me to know thy ways, O LORD; teach me thy paths. Lead me in thy truth, and teach me,for thou art the God of my salvation; for thee I wait all the day long.

Be mindful of thy mercy, O LORD,and of thy steadfast love, for they have been from of old. Remember not the sins of my youth,or my transgressions;according to thy steadfast love remember me, for thy goodness' sake, O LORD!

Good and upright is the LORD; therefore he instructs sinners in the way. He leads the humble in what is right, and teaches the humble his way.",repo://assets/rsvce.db,,dcf7828fcffc2216e31d58b3ea564ad0236921e579f53adbfa044d362eb12b40,fe249f326847f886bf14f19257efe0c3445778da0ffd164bc5f191839c9813b5,100
local_rsvce,ps25_4_5_6_7_8_9,WORLD,,,generic,,,,"ps25:4-5,6-7,8-9","Your ways, O Lord, are love and truth to those who keep","Make me to know thy ways, O LORD; teach me thy paths. Lead me in thy truth, and teach me,for thou art the God of my salvation; for thee I wait all the day long.

Be mindful of thy mercy, O LORD,and of thy steadfast love, for they have been from of old. Remember not the sins of my youth,or my transgressions;according to thy steadfast love remember me, for thy goodness' sake, O LORD!

Good and upright is the LORD; therefore he instructs sinners in the way. He leads the humble in what is right, and teaches the humble his way.",repo://assets/rsvce.db,,ad3f6e856d210ca0e443859d58c29cd9134f4e6d1da916ad2ee270efdab7989b,c5a1d5c19a713d4020c8d99349da95d8b33d10ed1099f9ea0ecd2c2410f4c436,100
local_rsvce,ps25_4_5_8_9_10_14,WORLD,,,generic,,,,"ps25:4-5,8-9,10,14","(1b) To you, O Lord, I lift my soul.","Make me to know thy ways, O LORD; teach me thy paths. Lead me in thy truth, and teach me,for thou art the God of my salvation; for thee I wait all the day long.

Good and upright is the LORD; therefore he instructs sinners in the way. He leads the humble in what is right, and teaches the humble his way.

All the paths of the LORD are steadfast love and faithfulness, for those who keep his covenant and his testimonies.

The friendship of the LORD is for those who fear him, and he makes known to them his covenant.",repo://assets/rsvce.db,,704132a0a5c679fbbe753f99b9bf361071c409b1ad00795db75cb5a4910f765c,16e55a205b5d78f387675977385f96c44ff34132e83eaab5c1c1eeef5998d437,100
local_rsvce,ps25_4_5a_6_7_8_9,WORLD,,,generic,,,,"ps25:4-5a,6-7,8-9","Remember your mercies, O Lord.","Make me to know thy ways, O LORD; teach me thy paths. Lead me in thy truth, and teach me,for thou art the God of my salvation; for thee I wait all the day long.

Be mindful of thy mercy, O LORD,and of thy steadfast love, for they have been from of old. Remember not the sins of my youth,or my transgressions;according to thy steadfast love remember me, for thy goodness' sake, O LORD!

Good and upright is the LORD; therefore he instructs sinners in the way. He leads the humble in what is right, and teaches the humble his way.",repo://assets/rsvce.db,,d5084cfd7beceb8837b6c1095699d16566b5c86a885f08a0311e565ab7085957,f6dcbecf91b162803589e78fc1cb389b4ab07eaf3b564dd8ac4e8e189ae8480a,100
local_rsvce,ps25_4_5ab_6_7bc_8_9,WORLD,,,generic,,,,"ps25:4-5ab,6,7bc,8-9","Teach me your ways, O Lord.","Make me to know thy ways, O LORD; teach me thy paths. Lead me in thy truth, and teach me,for thou art the God of my salvation; for thee I wait all the day long.

Be mindful of thy mercy, O LORD,and of thy steadfast love, for they have been from of old.

Remember not the sins of my youth,or my transgressions;according to thy steadfast love remember me, for thy goodness' sake, O LORD!

Good and upright is the LORD; therefore he instructs sinners in the way. He leads the humble in what is right, and teaches the humble his way.",repo://assets/rsvce.db,,7d1c4b32d09183d5502d133f1cafc6b5969ccc4bd2109ec2c39221aec4a9606f,3834705fad8a947113acfe860972d01020f923898576d7bad79357c1381d9c51,100
local_rsvce,ps25_4_5ab_6_7cd_8_9,WORLD,,,generic,,,,"ps25:4-5ab,6,7cd,8-9","Teach me your paths, O Lord.","Make me to know thy ways, O LORD; teach me thy paths. Lead me in thy truth, and teach me,for thou art the God of my salvation; for thee I wait all the day long.

Be mindful of thy mercy, O LORD,and of thy steadfast love, for they have been from of old.

Remember not the sins of my youth,or my transgressions;according to thy steadfast love remember me, for thy goodness' sake, O LORD!

Good and upright is the LORD; therefore he instructs sinners in the way. He leads the humble in what is right, and teaches the humble his way.",repo://assets/rsvce.db,,7ad80625d094f01ae05afcc53c3346a8bf025ed61133b7731c46a5cd225cea6f,27a261a7a94075a4bb434e77a5ca22fe12c368afa74cb865c8055e2f5e52adc5,100
local_rsvce,ps25_4_5ab_8_9_10_14,WORLD,,,generic,,,,"ps25:4-5ab,8-9,10,14",Lift up your heads and see; your redemption is near at hand.,"Make me to know thy ways, O LORD; teach me thy paths. Lead me in thy truth, and teach me,for thou art the God of my salvation; for thee I wait all the day long.

Good and upright is the LORD; therefore he instructs sinners in the way. He leads the humble in what is right, and teaches the humble his way.

All the paths of the LORD are steadfast love and faithfulness, for those who keep his covenant and his testimonies.

The friendship of the LORD is for those who fear him, and he makes known to them his covenant.",repo://assets/rsvce.db,,117956c8271246d3863c0ac1a6f560dd87d1a51481ae5dbc85cf17d5f6bed135,e00e6d7d35d487da81b74eb87ee0100ebe79af4d19a72201dc52b8dc784cdcdb,100
local_rsvce,ps25_4bc_5ab_6_7bc_8_9,WORLD,,,generic,,,,"ps25:4bc-5ab,6-7bc,8-9","Teach me your ways, O Lord.","Make me to know thy ways, O LORD; teach me thy paths. Lead me in thy truth, and teach me,for thou art the God of my salvation; for thee I wait all the day long.

Be mindful of thy mercy, O LORD,and of thy steadfast love, for they have been from of old. Remember not the sins of my youth,or my transgressions;according to thy steadfast love remember me, for thy goodness' sake, O LORD!

Good and upright is the LORD; therefore he instructs sinners in the way. He leads the humble in what is right, and teaches the humble his way.",repo://assets/rsvce.db,,f5dc10decff6c777af38123ee7d15796fcc64e26c99482deaf2641daf463156b,3834705fad8a947113acfe860972d01020f923898576d7bad79357c1381d9c51,100
local_rsvce,ps25_4bc_5ab_8_9_10_14,WORLD,,,generic,,,,"ps25:4bc-5ab,8-9,10+14",Lift up your heads and see;,"Make me to know thy ways, O LORD; teach me thy paths. Lead me in thy truth, and teach me,for thou art the God of my salvation; for thee I wait all the day long.

Good and upright is the LORD; therefore he instructs sinners in the way. He leads the humble in what is right, and teaches the humble his way.

All the paths of the LORD are steadfast love and faithfulness, for those who keep his covenant and his testimonies. The friendship of the LORD is for those who fear him, and he makes known to them his covenant.",repo://assets/rsvce.db,,f34a877202cc22755bbfbcd3f6711896605a17df3abf469f40797838d21dca7c,4cff9da91f090e0f3feecf23bd6b8321ea000c5ffd04bd5439c2611d9d45cba7,100
local_rsvce,ps26_2_3_9_10_11_12,WORLD,,,generic,,,,"ps26:2-3,9-10,11-12","O Lord, your kindness is before my eyes.","Prove me, O LORD, and try me; test my heart and my mind. For thy steadfast love is before my eyes, and I walk in faithfulness to thee.

Sweep me not away with sinners, nor my life with bloodthirsty men, men in whose hands are evil devices, and whose right hands are full of bribes.

But as for me, I walk in my integrity; redeem me, and be gracious to me. My foot stands on level ground; in the great congregation I will bless the LORD.",repo://assets/rsvce.db,,b9f9ec3b5f812814e948417d07c9a64b9755c00633fd2b4d7af2292fcbda8114,5282d660908054b0024e50dd2ca5986e56aeffebf14d1b114afa9939608b2935,100
local_rsvce,ps27_1_2_3_13_14,WORLD,,,generic,,,,"ps27:1,2,3,13-14",The Lord is my light and my salvation.,"The LORD is my light and my salvation;whom shall I fear?The LORD is the stronghold of my life; of whom shall I be afraid?

When evildoers assail me,uttering slanders against me, my adversaries and foes, they shall stumble and fall.

Though a host encamp against me,my heart shall not fear;though war arise against me, yet I will be confident.

I believe that I shall see the goodness of the LORD in the land of the living! Wait for the LORD; be strong,and let your heart take courage; yea, wait for the LORD!",repo://assets/rsvce.db,,f802194e1ac6c2fa2929e9ef3de43ce0952ac50da29a5e73ec9716126cf61d41,f2bfd41b12ea81ebee2b68ca18ae39217ec4c63b85468acf96b3edd519da993b,100
local_rsvce,ps27_1_3_5_8b_9abc,WORLD,,,generic,,,,"ps27:1,3,5,8b-9abc",The Lord is my light and my salvation.,"The LORD is my light and my salvation;whom shall I fear?The LORD is the stronghold of my life; of whom shall I be afraid?

Though a host encamp against me,my heart shall not fear;though war arise against me, yet I will be confident.

For he will hide me in his shelter in the day of trouble;he will conceal me under the cover of his tent, he will set me high upon a rock.

Thou hast said, ""Seek ye my face.""My heart says to thee, ""Thy face, LORD, do I seek."" Hide not thy face from me.Turn not thy servant away in anger,thou who hast been my help.Cast me not off, forsake me not, O God of my salvation!",repo://assets/rsvce.db,,2216824988b55ed2cd52a35692303465a58a9c2480ea78b72118cc80d603f532,482276dec253004a452cf71b2141226d6f24c119181aa657dec2f6e01f084994,100
local_rsvce,ps27_1_4_13_14,WORLD,,,generic,,,,"ps27:1,4,13-14",(1a) The Lord is my light and my salvation.,"The LORD is my light and my salvation;whom shall I fear?The LORD is the stronghold of my life; of whom shall I be afraid?

One thing have I asked of the LORD,that will I seek after;that I may dwell in the house of the LORDall the days of my life,to behold the beauty of the LORD, and to inquire in his temple.

I believe that I shall see the goodness of the LORD in the land of the living! Wait for the LORD; be strong,and let your heart take courage; yea, wait for the LORD!",repo://assets/rsvce.db,,b2ff8277569477d40d21bf73cd3eb3a75e37f2ecbe5fe97199bbaad76b0fd058,bca0dbdac019719d747a379abb141251dc02def8231baef5c901f9202da75a2e,100
local_rsvce,ps27_1_4_7_8,WORLD,,,generic,,,,"ps27:1,4,7-8",(13) I believe that I shall see the good things of the Lord in the land,"The LORD is my light and my salvation;whom shall I fear?The LORD is the stronghold of my life; of whom shall I be afraid?

One thing have I asked of the LORD,that will I seek after;that I may dwell in the house of the LORDall the days of my life,to behold the beauty of the LORD, and to inquire in his temple.

Hear, O LORD, when I cry aloud, be gracious to me and answer me! Thou hast said, ""Seek ye my face.""My heart says to thee, ""Thy face, LORD, do I seek.""",repo://assets/rsvce.db,,fa7a28b2ae0101e03cac53af5c56a8a81580cab4ab0b64dfa32c1e3996ed2a98,7250e0de3cffd054cc7b90eff35ed37a6a8c7f885a305e428417c14ebe1d327c,100
local_rsvce,ps27_1_4_7_8a,WORLD,,,generic,,,,"ps27:1,4,7-8a",I believe I shall see the Lord’s goodness in the land of the living.,"The LORD is my light and my salvation;whom shall I fear?The LORD is the stronghold of my life; of whom shall I be afraid?

One thing have I asked of the LORD,that will I seek after;that I may dwell in the house of the LORDall the days of my life,to behold the beauty of the LORD, and to inquire in his temple.

Hear, O LORD, when I cry aloud, be gracious to me and answer me! Thou hast said, ""Seek ye my face.""My heart says to thee, ""Thy face, LORD, do I seek.""",repo://assets/rsvce.db,,2a5657907da8bd94c89a82733b5e085cf5cc01e07f45ac0d98c6a17b684a217e,7ea45d90e4850932fa2a16be997cb22ab0ccacd2a8edaf3b098ce9b4c79f670f,100
local_rsvce,ps27_1_7_8_8_9_13_14,WORLD,,,generic,,,,"ps27:1,7-8,8-9,13-14",(1a) The Lord is my light and my salvation.,"The LORD is my light and my salvation;whom shall I fear?The LORD is the stronghold of my life; of whom shall I be afraid?

Hear, O LORD, when I cry aloud, be gracious to me and answer me! Thou hast said, ""Seek ye my face.""My heart says to thee, ""Thy face, LORD, do I seek.""

Thou hast said, ""Seek ye my face.""My heart says to thee, ""Thy face, LORD, do I seek."" Hide not thy face from me.Turn not thy servant away in anger,thou who hast been my help.Cast me not off, forsake me not, O God of my salvation!

I believe that I shall see the goodness of the LORD in the land of the living! Wait for the LORD; be strong,and let your heart take courage; yea, wait for the LORD!",repo://assets/rsvce.db,,f5a1e522aa661c0522382fca71323ec9df13ffe4f957b2e9fcc9880d0b5c8acb,8c186f95010364b644e5baaff5607ee62ee85a8a084e3e96cb078c44001880fa,100
local_rsvce,ps27_1_7_8_9_13_14,WORLD,,,generic,,,,"ps27:1,7-8,9,13-14",The Lord is my light and my salvation.,"The LORD is my light and my salvation;whom shall I fear?The LORD is the stronghold of my life; of whom shall I be afraid?

Hear, O LORD, when I cry aloud, be gracious to me and answer me! Thou hast said, ""Seek ye my face.""My heart says to thee, ""Thy face, LORD, do I seek.""

Hide not thy face from me.Turn not thy servant away in anger,thou who hast been my help.Cast me not off, forsake me not, O God of my salvation!

I believe that I shall see the goodness of the LORD in the land of the living! Wait for the LORD; be strong,and let your heart take courage; yea, wait for the LORD!",repo://assets/rsvce.db,,8aec50d563a5c603f29c76dbb67a53889b37dbaae903ae408d94a957eede790a,593a195379dbc7a4c15575324ef805996ba57f52bc66c99b0b83085996ccd790,100
local_rsvce,ps27_1bcde_4_13_14,WORLD,,,generic,,,,"ps27:1bcde,4,13-14",I believe I shall see the Lord’s goodness in the land of the living,"The LORD is my light and my salvation;whom shall I fear?The LORD is the stronghold of my life; of whom shall I be afraid?

One thing have I asked of the LORD,that will I seek after;that I may dwell in the house of the LORDall the days of my life,to behold the beauty of the LORD, and to inquire in his temple.

I believe that I shall see the goodness of the LORD in the land of the living! Wait for the LORD; be strong,and let your heart take courage; yea, wait for the LORD!",repo://assets/rsvce.db,,fe3d98bee787ebd7b8c0c881996376adfe15c049f01ef95a3f7b568e32d63a08,b25dd677009b61f03706cab5888788b86fd71d2e38bbbc34fdd9a5fd0abbe094,100
local_rsvce,ps27_7_8a_8b_9abc_13_14,WORLD,,,generic,,,,"ps27:7-8a,8b-9abc,13-14","I long to see your face, O Lord.","Hear, O LORD, when I cry aloud, be gracious to me and answer me! Thou hast said, ""Seek ye my face.""My heart says to thee, ""Thy face, LORD, do I seek.""

Thou hast said, ""Seek ye my face.""My heart says to thee, ""Thy face, LORD, do I seek."" Hide not thy face from me.Turn not thy servant away in anger,thou who hast been my help.Cast me not off, forsake me not, O God of my salvation!

I believe that I shall see the goodness of the LORD in the land of the living! Wait for the LORD; be strong,and let your heart take courage; yea, wait for the LORD!",repo://assets/rsvce.db,,8c5e225260d699e4a9a059b1348a04f1069ca9ed9f111e4a317c8e65fb94e7c4,ea62000421fbccb7cca39b20de5aaa842866d9a899391664f83690a5e60dd109,100
local_rsvce,ps28_2_7_8_9,WORLD,,,generic,,,,"ps28:2,7,8-9",Blest be the Lord for he has heard my prayer.,"Hear the voice of my supplication,as I cry to thee for help, as I lift up my hands toward thy most holy sanctuary.

The LORD is my strength and my shield;in him my heart trusts; so I am helped,and my heart exults, and with my song I give thanks to him.

The LORD is the strength of his people, he is the saving refuge of his anointed. O save thy people, and bless thy heritage; be thou their shepherd, and carry them for ever.",repo://assets/rsvce.db,,061d4d4564574758681ba0adcc6bcbcd330ac22a029adb1feb1811ad91486854,392e1f547e486e7ee920486a6ef89debe101efc13fc7f862f3b77a90189fcd04,100
local_rsvce,ps29_1_2_3_4_3_9_10,WORLD,,,generic,,,,"ps29:1-2,3-4,3,9-10",(11b) The Lord will bless his people with peace.,"Ascribe to the LORD, O heavenly beings,  ascribe to the LORD glory and strength. Ascribe to the LORD the glory of his name; worship the LORD in holy array.

The voice of the LORD is upon the waters;the God of glory thunders, the LORD, upon many waters. The voice of the LORD is powerful, the voice of the LORD is full of majesty.

The voice of the LORD is upon the waters;the God of glory thunders, the LORD, upon many waters.

The voice of the LORD makes the oaks to whirl, and strips the forests bare; and in his temple all cry, ""Glory!"" The LORD sits enthroned over the flood; the LORD sits enthroned as king for ever.",repo://assets/rsvce.db,,c3c88e654de000060eb6b1997b5bdf3779669b4e97815e24807a1a0faa7ac44e,d1db6f8d9a3ecfabaebdd04af23b80d58b6db0b69d899ff1505de8853965a2e7,100
local_rsvce,ps29_1a_2_3ac_4_3b_9b_10,WORLD,,,generic,,,,"ps29:1a+2,3ac+4,3b+9b-10",The Lord will bless his people with peace.,"Ascribe to the LORD, O heavenly beings,  ascribe to the LORD glory and strength. Ascribe to the LORD the glory of his name; worship the LORD in holy array.

The voice of the LORD is upon the waters;the God of glory thunders, the LORD, upon many waters. The voice of the LORD is powerful, the voice of the LORD is full of majesty.

The voice of the LORD is upon the waters;the God of glory thunders, the LORD, upon many waters. The voice of the LORD makes the oaks to whirl, and strips the forests bare; and in his temple all cry, ""Glory!"" The LORD sits enthroned over the flood; the LORD sits enthroned as king for ever.",repo://assets/rsvce.db,,104f5eaccd23ef03041dc562fc9a32ae604635f8f393dffafd565c2e2b58e291,78201ee7df384be7899589ff1c452484f69715daa1fa322a5d8d31d45fbe30b5,100
local_rsvce,ps29_1a_2_3ac_4_3b_9c_10,WORLD,,,generic,,,,"ps29:1a,2,3ac-4,3b,9c-10",The Lord will bless his people with peace.,"Ascribe to the LORD, O heavenly beings,  ascribe to the LORD glory and strength.

Ascribe to the LORD the glory of his name; worship the LORD in holy array.

The voice of the LORD is upon the waters;the God of glory thunders, the LORD, upon many waters. The voice of the LORD is powerful, the voice of the LORD is full of majesty.

The voice of the LORD is upon the waters;the God of glory thunders, the LORD, upon many waters.

The voice of the LORD makes the oaks to whirl, and strips the forests bare; and in his temple all cry, ""Glory!"" The LORD sits enthroned over the flood; the LORD sits enthroned as king for ever.",repo://assets/rsvce.db,,2e58fcce816f9429532ffa6fde47fb66dd5cf1eac6d0acaf68c7961ecc5ad153,78201ee7df384be7899589ff1c452484f69715daa1fa322a5d8d31d45fbe30b5,100
local_rsvce,ps2_1_3_4_6_7_9,WORLD,,,generic,,,,"ps2:1-3,4-6,7-9",Happy are all who put their trust in the Lord.,"Why do the nations conspire, and the peoples plot in vain? The kings of the earth set themselves,and the rulers take counsel together, against the LORD and his anointed, saying, ""Let us burst their bonds asunder, and cast their cords from us.""

He who sits in the heavens laughs; the LORD has them in derision. Then he will speak to them in his wrath, and terrify them in his fury, saying, ""I have set my king on Zion, my holy hill.""

I will tell of the decree of the LORD: He said to me, ""You are my son, today I have begotten you. Ask of me, and I will make the nations your heritage, and the ends of the earth your possession. You shall break them with a rod of iron, and dash them in pieces like a potter's vessel.""",repo://assets/rsvce.db,,0952f2ab3e6a14bc109038f32fbde88a1596b9526e77efc03d40cd0f66469193,8722a8540008e6c1e3b5aa5dc5bf28fab076a357ffeccc8a05abb988f72fcbc2,100
local_rsvce,ps2_6_7_8_9_10_11,WORLD,,,generic,,,,"ps2:6-7,8-9,10-11",You are my Son; this day I have begotten you.,"""I have set my king on Zion, my holy hill."" I will tell of the decree of the LORD: He said to me, ""You are my son, today I have begotten you.

Ask of me, and I will make the nations your heritage, and the ends of the earth your possession. You shall break them with a rod of iron, and dash them in pieces like a potter's vessel.""

Now therefore, O kings, be wise; be warned, O rulers of the earth. Serve the LORD with fear, with trembling",repo://assets/rsvce.db,,01270774a7d430d3c527d60f53caab705fbfd58685a0f6a79409b45fc66dc89e,928993b9c94dc7b9938ff18e6847a732c9ade9a11f63f4bb59685d7b670cd3b6,100
local_rsvce,ps2_6_7_8_9_10_12a,WORLD,,,generic,,,,"ps2:6-7,8-9,10-12a",You are my son. It is I who have begotten you this day.,"""I have set my king on Zion, my holy hill."" I will tell of the decree of the LORD: He said to me, ""You are my son, today I have begotten you.

Ask of me, and I will make the nations your heritage, and the ends of the earth your possession. You shall break them with a rod of iron, and dash them in pieces like a potter's vessel.""

Now therefore, O kings, be wise; be warned, O rulers of the earth. Serve the LORD with fear, with trembling kiss his feet,  lest he be angry,and you perish in the way;for his wrath is quickly kindled. Blessed are all who take refuge in him.",repo://assets/rsvce.db,,78238254d82044ba1f412a29865d96bcebf5d55bd57e58f16ff791b36f284064,6c93f96f5d0082dafc690992413f909f872993d795c3877ed892e6d632066d68,100
local_rsvce,ps2_7_8_10_11,WORLD,,,generic,,,,"ps2:7-8,10-11",I will give you all the nations for your heritage.,"I will tell of the decree of the LORD: He said to me, ""You are my son, today I have begotten you. Ask of me, and I will make the nations your heritage, and the ends of the earth your possession.

Now therefore, O kings, be wise; be warned, O rulers of the earth. Serve the LORD with fear, with trembling",repo://assets/rsvce.db,,e349d80267168f287a2030284cc060d1bc9161b41a5950f324445f8bb6657d74,42614a129e12e0d95ad5eadd624260e1719a98075919580697df767fca991708,100
local_rsvce,ps30_1_3_4_5_10_11a_12b,WORLD,,,generic,,,,"ps30:1+3,4-5,10+11a+12b","I will praise you, Lord,","I will extol thee, O LORD,for thou hast drawn me up, and hast not let my foes rejoice over me. O LORD, thou hast brought up my soul from Sheol, restored me to life from among those gone down to the Pit.

O LORD, thou hast brought up my soul from Sheol, restored me to life from among those gone down to the Pit. Sing praises to the LORD, O you his saints, and give thanks to his holy name.

""What profit is there in my death,if I go down to the Pit?Will the dust praise thee? Will it tell of thy faithfulness? Hear, O LORD, and be gracious to me! O LORD, be thou my helper!"" Thou hast turned for me my mourning into dancing; thou hast loosed my sackcloth and girded me with gladness,",repo://assets/rsvce.db,,72e508acaa7da98f137686f947b75aca5250db42d9e4f4a57e0145b32930eb86,8e04b88e8212681bee3fb98e8c8d27111920b36b70035bcad6915ad8ae3304e4,100
local_rsvce,ps30_1_3_4_5_10_11ac_12,WORLD,,,generic,,,,"ps30:1+3,4-5,10-11ac+12","I will praise you, Lord,","I will extol thee, O LORD,for thou hast drawn me up, and hast not let my foes rejoice over me. O LORD, thou hast brought up my soul from Sheol, restored me to life from among those gone down to the Pit.

O LORD, thou hast brought up my soul from Sheol, restored me to life from among those gone down to the Pit. Sing praises to the LORD, O you his saints, and give thanks to his holy name.

""What profit is there in my death,if I go down to the Pit?Will the dust praise thee? Will it tell of thy faithfulness? Hear, O LORD, and be gracious to me! O LORD, be thou my helper!"" Thou hast turned for me my mourning into dancing; thou hast loosed my sackcloth and girded me with gladness,",repo://assets/rsvce.db,,72e508acaa7da98f137686f947b75aca5250db42d9e4f4a57e0145b32930eb86,8e04b88e8212681bee3fb98e8c8d27111920b36b70035bcad6915ad8ae3304e4,100
local_rsvce,ps30_2_4_5_6_11_12_13,WORLD,,,generic,,,,"ps30:2,4,5-6,11-12,13","(2a) I will praise you, Lord, for you have rescued me.","I will extol thee, O LORD,for thou hast drawn me up, and hast not let my foes rejoice over me.

O LORD, thou hast brought up my soul from Sheol, restored me to life from among those gone down to the Pit.

Sing praises to the LORD, O you his saints, and give thanks to his holy name. For his anger is but for a moment,and his favor is for a lifetime.Weeping may tarry for the night, but joy comes with the morning.

Hear, O LORD, and be gracious to me! O LORD, be thou my helper!"" Thou hast turned for me my mourning into dancing; thou hast loosed my sackcloth and girded me with gladness,

that my soul may praise thee and not be silent. O LORD my God, I will give thanks to thee for ever.",repo://assets/rsvce.db,,5adbb3671bd7963e6eabf82f647373e6fd63e80a14dea98687ecd8e24f16ddf4,dfbdbc5e1b84ee3874ca14a59a3923296bd9f395f428af74b8ffe12e15ac4c63,100
local_rsvce,ps30_2_4_5_6_11_12_13__alias_fc547127961c,WORLD,,,generic,,,,"ps30:2,4,5-6,11,12,13","(2a) I will praise you, Lord, for you have rescued me.","I will extol thee, O LORD,for thou hast drawn me up, and hast not let my foes rejoice over me.

O LORD, thou hast brought up my soul from Sheol, restored me to life from among those gone down to the Pit.

Sing praises to the LORD, O you his saints, and give thanks to his holy name. For his anger is but for a moment,and his favor is for a lifetime.Weeping may tarry for the night, but joy comes with the morning.

Hear, O LORD, and be gracious to me! O LORD, be thou my helper!"" Thou hast turned for me my mourning into dancing; thou hast loosed my sackcloth and girded me with gladness,

that my soul may praise thee and not be silent. O LORD my God, I will give thanks to thee for ever.",repo://assets/rsvce.db,,5adbb3671bd7963e6eabf82f647373e6fd63e80a14dea98687ecd8e24f16ddf4,dfbdbc5e1b84ee3874ca14a59a3923296bd9f395f428af74b8ffe12e15ac4c63,100
local_rsvce,ps30_2_4_5_6_11_12a_13b,WORLD,,,generic,,,,"ps30:2,4,5-6,11-12a,13b","I will extol you, O Lord, for you have raised me up.","I will extol thee, O LORD,for thou hast drawn me up, and hast not let my foes rejoice over me.

O LORD, thou hast brought up my soul from Sheol, restored me to life from among those gone down to the Pit.

Sing praises to the LORD, O you his saints, and give thanks to his holy name. For his anger is but for a moment,and his favor is for a lifetime.Weeping may tarry for the night, but joy comes with the morning.

Hear, O LORD, and be gracious to me! O LORD, be thou my helper!"" Thou hast turned for me my mourning into dancing; thou hast loosed my sackcloth and girded me with gladness,

that my soul may praise thee and not be silent. O LORD my God, I will give thanks to thee for ever.",repo://assets/rsvce.db,,5d3efd10eea98ff237c0eb387b8f7d08895db9d639da429b3bbf2452b37481ff,2f3face968f4523b96183d690018d15f7c5a90875bd4fccdbb71539941b7fd2a,100
local_rsvce,ps31_19_20_21_22_23,WORLD,,,generic,,,,"ps31:19,20,21,22,23","Let your hearts take comfort,","Let the lying lips be dumb,which speak insolently against the righteous in pride and contempt.

O how abundant is thy goodness,which thou hast laid up for those who fear thee,and wrought for those who take refuge in thee, in the sight of the sons of men!

In the covert of thy presencethou hidest them from the plots of men;thou holdest them safe under thy shelter from the strife of tongues.

Blessed be the LORD,for he has wondrously shown his steadfast love to me when I was beset as in a besieged city.

I had said in my alarm,""I am driven far from thy sight.""But thou didst hear my supplications, when I cried to thee for help.",repo://assets/rsvce.db,,32f6af72d72b4a1faf6ef54bb6bde28065be517969302b7b5cfdd11385de5c4b,f6480a00b61a21415c9acd35daf3109d7d8ba5d093ad5a64f315c68f86e80645,100
local_rsvce,ps31_19_20_23,WORLD,,,generic,,,,"ps31:19,20,23","Let your heart take comfort,","Let the lying lips be dumb,which speak insolently against the righteous in pride and contempt.

O how abundant is thy goodness,which thou hast laid up for those who fear thee,and wrought for those who take refuge in thee, in the sight of the sons of men!

I had said in my alarm,""I am driven far from thy sight.""But thou didst hear my supplications, when I cried to thee for help.",repo://assets/rsvce.db,,3e918e21d53dfbbb982650e7fc69a190f7e78f1866a9a14f110ce6ab24d40a98,eb89e4a5eb8b8a2836dc99c3ca6f41864ed0659e860fcafd944ac8a58db32c92,100
local_rsvce,ps31_20_21_22_23_24,WORLD,,,generic,,,,"ps31:20,21,22,23,24","Let your hearts take comfort, all who hope in the Lord.","O how abundant is thy goodness,which thou hast laid up for those who fear thee,and wrought for those who take refuge in thee, in the sight of the sons of men!

In the covert of thy presencethou hidest them from the plots of men;thou holdest them safe under thy shelter from the strife of tongues.

Blessed be the LORD,for he has wondrously shown his steadfast love to me when I was beset as in a besieged city.

I had said in my alarm,""I am driven far from thy sight.""But thou didst hear my supplications, when I cried to thee for help.

Love the LORD, all you his saints!The LORD preserves the faithful, but abundantly requites him who acts haughtily.",repo://assets/rsvce.db,,a2daf27ec9b3efdbf0af3e6dbca261072bfc3d9a7d635c010fa89f0cf2755f24,29557b6085f83415dea1b4e20e6380c67ffe20a54503be886732722198f4faec,100
local_rsvce,ps31_20_21_24,WORLD,,,generic,,,,"ps31:20,21,24","Be strong, let your heart take courage, all who hope in the Lord.","O how abundant is thy goodness,which thou hast laid up for those who fear thee,and wrought for those who take refuge in thee, in the sight of the sons of men!

In the covert of thy presencethou hidest them from the plots of men;thou holdest them safe under thy shelter from the strife of tongues.

Love the LORD, all you his saints!The LORD preserves the faithful, but abundantly requites him who acts haughtily.",repo://assets/rsvce.db,,fee4c4ee5fdfe38ede0a595d6fb2775e51f08704c090da99f43590a478ba56e5,bd61f581f035fc9df73d0fc0d0cfcad5e8b90eeecfcdc0422520ebf0a3b0a2a6,100
local_rsvce,ps31_2_3_3_4_17_25,WORLD,,,generic,,,,"ps31:2-3,3-4,17,25","(3b) Lord, be my rock of safety.","In thee, O LORD, do I seek refuge;let me never be put to shame; in thy righteousness deliver me! Incline thy ear to me, rescue me speedily!Be thou a rock of refuge for me, a strong fortress to save me!

Incline thy ear to me, rescue me speedily!Be thou a rock of refuge for me, a strong fortress to save me! Yea, thou art my rock and my fortress; for thy name's sake lead me and guide me,

Let thy face shine on thy servant; save me in thy steadfast love!

Be strong, and let your heart take courage, all you who wait for the LORD!",repo://assets/rsvce.db,,ba15a9eb72bc5319507f5db3ff678add84b4b295d1f5f08319bd0601fe0d8938,40daa190d315ecbf5cc100bfd9c8dc5363cfbc99b6faa98245ded6f2e1ddb87c,100
local_rsvce,ps31_2_6_12_13_15_16_17_25,WORLD,,,generic,,,,"ps31:2,6,12-13,15-16,17,25",(3) The Lord has done great things for us; we are filled with joy.,"In thee, O LORD, do I seek refuge;let me never be put to shame; in thy righteousness deliver me!

Into thy hand I commit my spirit;thou hast redeemed me, O LORD, faithful God.

I am the scorn of all my adversaries,a horror to my neighbors,an object of dread to my acquaintances; those who see me in the street flee from me. I have passed out of mind like one who is dead; I have become like a broken vessel.

But I trust in thee, O LORD, I say, ""Thou art my God."" My times are in thy hand; deliver me from the hand of my enemies and persecutors!

Let thy face shine on thy servant; save me in thy steadfast love!

Be strong, and let your heart take courage, all you who wait for the LORD!",repo://assets/rsvce.db,,8813f9e74646f048e928e80c7f6f0508f3ce8d5cff440b6577f4b3acd183ff37,51f0f3247d0c89ff8298fe0e3885de3f15f9401c1115984fa3678312ef60ac81,100
local_rsvce,ps31_2cd_3_5ab_6b_7a_16_20ab,WORLD,,,generic,,,,"ps31:2cd-3,5ab+6b+7a,16+20ab","Into your hands, O Lord, I entrust my spirit.","In thee, O LORD, do I seek refuge;let me never be put to shame; in thy righteousness deliver me! Incline thy ear to me, rescue me speedily!Be thou a rock of refuge for me, a strong fortress to save me!

take me out of the net which is hidden for me, for thou art my refuge. Into thy hand I commit my spirit;thou hast redeemed me, O LORD, faithful God. Thou hatest those who pay regard to vain idols; but I trust in the LORD.

My times are in thy hand; deliver me from the hand of my enemies and persecutors! O how abundant is thy goodness,which thou hast laid up for those who fear thee,and wrought for those who take refuge in thee, in the sight of the sons of men!",repo://assets/rsvce.db,,ecdd049c2380585c2268a3517e492656f662d1c45c6fa1c049a65434a4c443f1,2badc1a2fffcd9f3b5a2d4cbbe1c75a2db7413534bb72618cde210f5c1dc7d8c,100
local_rsvce,ps31_2cd_3ab_5_7ab_15bc_16,WORLD,,,generic,,,,"ps31:2cd-3ab,5+7ab,15bc-16","Into your hands, O Lord, I entrust my spirit.","In thee, O LORD, do I seek refuge;let me never be put to shame; in thy righteousness deliver me! Incline thy ear to me, rescue me speedily!Be thou a rock of refuge for me, a strong fortress to save me!

take me out of the net which is hidden for me, for thou art my refuge. Thou hatest those who pay regard to vain idols; but I trust in the LORD.

But I trust in thee, O LORD, I say, ""Thou art my God."" My times are in thy hand; deliver me from the hand of my enemies and persecutors!",repo://assets/rsvce.db,,c47d8dd846db745720d3bd7f08d902e9e458f1fa4567384b4a540dc405464548,2e04e8efbb76dd139ed8f2ffc3e5641a3773ede440314b370b332749178d4c02,100
local_rsvce,ps31_3bc_4_5_7b_8a_17_21ab,WORLD,,,generic,,,,"ps31:3bc-4,5,7b-8a,17,21ab","Into your hands, O Lord, I commend my spirit.","Incline thy ear to me, rescue me speedily!Be thou a rock of refuge for me, a strong fortress to save me! Yea, thou art my rock and my fortress; for thy name's sake lead me and guide me,

take me out of the net which is hidden for me, for thou art my refuge.

Thou hatest those who pay regard to vain idols; but I trust in the LORD. I will rejoice and be glad for thy steadfast love,because thou hast seen my affliction, thou hast taken heed of my adversities,

Let thy face shine on thy servant; save me in thy steadfast love!

In the covert of thy presencethou hidest them from the plots of men;thou holdest them safe under thy shelter from the strife of tongues.",repo://assets/rsvce.db,,37a2fd2f65deefdfdacd1f823c93db8ac37a3878fa54240111f6fb01536bcd4b,f73bc6b5a412297b55924cb4197a2244fb3d8790e359a813eb7a1ee27527968f,100
local_rsvce,ps31_3bc_4_6_8ab_16bc_17,WORLD,,,generic,,,,"ps31:3bc-4,6,8ab,16bc,17","Into your hand, O Lord, I commend my spirit.","Incline thy ear to me, rescue me speedily!Be thou a rock of refuge for me, a strong fortress to save me! Yea, thou art my rock and my fortress; for thy name's sake lead me and guide me,

Into thy hand I commit my spirit;thou hast redeemed me, O LORD, faithful God.

I will rejoice and be glad for thy steadfast love,because thou hast seen my affliction, thou hast taken heed of my adversities,

My times are in thy hand; deliver me from the hand of my enemies and persecutors!

Let thy face shine on thy servant; save me in thy steadfast love!",repo://assets/rsvce.db,,c831d2ea0d1354441d01b6de89333abf76b55076d9cab9e55ff6f84ef66ff86f,5785e7714bad745d6cd571c5d4c2806c232df89a0b4bcf177dc74eaec9ae8007,100
local_rsvce,ps31_3cd_4_6_7b_8a_17_21ab,WORLD,,,generic,,,,"ps31:3cd-4,6,7b,8a,17,21ab","Into your hands, O Lord, I commend my spirit. Or: Alleluia.","Incline thy ear to me, rescue me speedily!Be thou a rock of refuge for me, a strong fortress to save me! Yea, thou art my rock and my fortress; for thy name's sake lead me and guide me,

Into thy hand I commit my spirit;thou hast redeemed me, O LORD, faithful God.

Thou hatest those who pay regard to vain idols; but I trust in the LORD.

I will rejoice and be glad for thy steadfast love,because thou hast seen my affliction, thou hast taken heed of my adversities,

Let thy face shine on thy servant; save me in thy steadfast love!

In the covert of thy presencethou hidest them from the plots of men;thou holdest them safe under thy shelter from the strife of tongues.",repo://assets/rsvce.db,,dd5b4e406954201da056d7c4d341cc627ae36a7675d94296cdd024a0aa5a944a,ac0929ff88e5aea0f72b31a4d0114d223fff19c22a3c62c8e4ccd9ea018db0fb,100
local_rsvce,ps31_4_5_13_14_15,WORLD,,,generic,,,,"ps31:4-5,13,14-15","Save me, O Lord, in your steadfast love.","Yea, thou art my rock and my fortress; for thy name's sake lead me and guide me, take me out of the net which is hidden for me, for thou art my refuge.

I have passed out of mind like one who is dead; I have become like a broken vessel.

Yea, I hear the whispering of many-- terror on every side!--as they scheme together against me, as they plot to take my life. But I trust in thee, O LORD, I say, ""Thou art my God.""",repo://assets/rsvce.db,,7f41f53d2dffd0ad534c57840d750c794d7573c4fc22828bb8c03e059f3d57c8,d5c853b3d9add69d7c5cbd28a619d34e219db08f36b11722a93a50b75043a508,100
local_rsvce,ps31_5_6_14_15_16,WORLD,,,generic,,,,"ps31:5-6,14,15-16","Save me, O Lord, in your merciful love.","take me out of the net which is hidden for me, for thou art my refuge. Into thy hand I commit my spirit;thou hast redeemed me, O LORD, faithful God.

Yea, I hear the whispering of many-- terror on every side!--as they scheme together against me, as they plot to take my life.

But I trust in thee, O LORD, I say, ""Thou art my God."" My times are in thy hand; deliver me from the hand of my enemies and persecutors!",repo://assets/rsvce.db,,31cccc088fb378c106459334e61526426c7dc7f5da92d1db9fdfdebc9929708a,23867d745a3302b981bbd0214950136508813ccfa462e1b13523d0af0b48afba,100
local_rsvce,ps32_1_2_5_11,WORLD,,,generic,,,,"ps32:1-2,5,11","(7) I turn to you, Lord, in time of trouble, and you fill me with","Blessed is he whose transgression is forgiven, whose sin is covered. Blessed is the man to whom the LORD imputes no iniquity, and in whose spirit there is no deceit.

I acknowledged my sin to thee,and I did not hide my iniquity; I said,""I will confess my transgressions to the LORD""; then thou didst forgive the guilt of my sin. [Selah]

Be glad in the LORD, and rejoice,O righteous, and shout for joy, all you upright in heart!",repo://assets/rsvce.db,,6fb64464ac216ad4a9d92b792702d59855e162fa04c38e52c45393103726d323,1f99007bca1ffefda094de935a38cd9fa0c753fcb4d469fbb63c2c0483b25fb7,100
local_rsvce,ps32_1_2_5_6_7,WORLD,,,generic,,,,"ps32:1-2,5,6,7","Lord, forgive the wrong I have done.","Blessed is he whose transgression is forgiven, whose sin is covered. Blessed is the man to whom the LORD imputes no iniquity, and in whose spirit there is no deceit.

I acknowledged my sin to thee,and I did not hide my iniquity; I said,""I will confess my transgressions to the LORD""; then thou didst forgive the guilt of my sin. [Selah]

Therefore let every one who is godly offer prayer to thee;at a time of distress,  in the rush of great waters, they shall not reach him.

Thou art a hiding place for me,thou preservest me from trouble; thou dost encompass me with deliverance.  [Selah]",repo://assets/rsvce.db,,4fcb816233393d7ee9b1dba6548d61ca7a20042790bc79b55a284f77bc038de0,2223b019fd9a72ffc745f6a16719f7181e48febc882ad1ce2096e6796f4d4ffe,100
local_rsvce,ps32_1_2_5_7_11,WORLD,,,generic,,,,"ps32:1-2,5,7,11","Lord, forgive the wrong I have done.","Blessed is he whose transgression is forgiven, whose sin is covered. Blessed is the man to whom the LORD imputes no iniquity, and in whose spirit there is no deceit.

I acknowledged my sin to thee,and I did not hide my iniquity; I said,""I will confess my transgressions to the LORD""; then thou didst forgive the guilt of my sin. [Selah]

Thou art a hiding place for me,thou preservest me from trouble; thou dost encompass me with deliverance.  [Selah]

Be glad in the LORD, and rejoice,O righteous, and shout for joy, all you upright in heart!",repo://assets/rsvce.db,,b314c5c370fa3e5dea5e54337535d43cb9b190285ce9b0225a987b862cd7d21c,050e406baa7f5d2a6fdeb19dede329acdbd8c2a6d6f513b727deffdcdf7d1f9a,100
local_rsvce,ps32_1_2_5_7b_11,WORLD,,,generic,,,,"ps32:1-2,5,7b+11","I turn to you, Lord, in time of trouble,","Blessed is he whose transgression is forgiven, whose sin is covered. Blessed is the man to whom the LORD imputes no iniquity, and in whose spirit there is no deceit.

I acknowledged my sin to thee,and I did not hide my iniquity; I said,""I will confess my transgressions to the LORD""; then thou didst forgive the guilt of my sin. [Selah]

Thou art a hiding place for me,thou preservest me from trouble; thou dost encompass me with deliverance.  [Selah] Be glad in the LORD, and rejoice,O righteous, and shout for joy, all you upright in heart!",repo://assets/rsvce.db,,c38d46b8dece9a8f79af179f15fc61b148143493ae87ab8108cf363cfb3bccdb,a3ca22986dfa2f4b8cf92598738ef5ae49da9c268eb7d2736c64584d23552120,100
local_rsvce,ps32_1b_2_5_11,WORLD,,,generic,,,,"ps32:1b-2,5,11",You are a hiding place for me; you surround me with cries of deliverance,"Blessed is he whose transgression is forgiven, whose sin is covered. Blessed is the man to whom the LORD imputes no iniquity, and in whose spirit there is no deceit.

I acknowledged my sin to thee,and I did not hide my iniquity; I said,""I will confess my transgressions to the LORD""; then thou didst forgive the guilt of my sin. [Selah]

Be glad in the LORD, and rejoice,O righteous, and shout for joy, all you upright in heart!",repo://assets/rsvce.db,,46b7a3c534dae5b17a76db76adbc0d6d8f8daffba5be93f0b66c99910233654b,fd798d1a224e51fd8d6d37a40ba53a6a220d5c021665f7ff6369b6206a8b0e21,100
local_rsvce,ps33_10_11_12_13_14_15,WORLD,,,generic,,,,"ps33:10-11,12-13,14-15",Happy the people the Lord has chosen to be his own.,"The LORD brings the counsel of the nations to nought; he frustrates the plans of the peoples. The counsel of the LORD stands for ever, the thoughts of his heart to all generations.

Blessed is the nation whose God is the LORD, the people whom he has chosen as his heritage! The LORD looks down from heaven, he sees all the sons of men;

from where he sits enthroned he looks forth on all the inhabitants of the earth, he who fashions the hearts of them all, and observes all their deeds.",repo://assets/rsvce.db,,ebbdeaf50ca60a8c18d6e3527813b3411f0b66695350046ec9d981756993fe0d,522385215eda4be36e3df4b89a2571c300363db0de376929b2df7d1dca97eea3,100
local_rsvce,ps33_12_13_14_15_20_21,WORLD,,,generic,,,,"ps33:12-13,14-15,20-21",Happy the people the Lord has chosen to be his own.,"Blessed is the nation whose God is the LORD, the people whom he has chosen as his heritage! The LORD looks down from heaven, he sees all the sons of men;

from where he sits enthroned he looks forth on all the inhabitants of the earth, he who fashions the hearts of them all, and observes all their deeds.

Our soul waits for the LORD; he is our help and shield. Yea, our heart is glad in him, because we trust in his holy name.",repo://assets/rsvce.db,,a6c9cfb88517fe4e7c746b12259e40d5c3fe54268e8e135745c6efbcf5db9e58,b300025c8ced0268ea1a7418248beaf277675e80af350955b5f924a99db4b7bb,100
local_rsvce,ps33_12_13_18_19_20_21,WORLD,,,generic,,,,"ps33:12-13,18-19,20-21",Happy the people the Lord has chosen to be his own.,"Blessed is the nation whose God is the LORD, the people whom he has chosen as his heritage! The LORD looks down from heaven, he sees all the sons of men;

Behold, the eye of the LORD is on those who fear him, on those who hope in his steadfast love, that he may deliver their soul from death, and keep them alive in famine.

Our soul waits for the LORD; he is our help and shield. Yea, our heart is glad in him, because we trust in his holy name.",repo://assets/rsvce.db,,d2f7715fa06ab179733cc200aba48f03e90cbefff1f3b5fe9f8ab4f2c0aa7903,4f8bebd4fbbf21081cfb471f28ab7c8ce696ebdb1d5b7c78d7ca870774cf13a1,100
local_rsvce,ps33_12_13_18_19_20_22,WORLD,,,generic,,,,"ps33:12-13,18-19,20+22",Happy the people the Lord has chosen to be his own.,"Blessed is the nation whose God is the LORD, the people whom he has chosen as his heritage! The LORD looks down from heaven, he sees all the sons of men;

Behold, the eye of the LORD is on those who fear him, on those who hope in his steadfast love, that he may deliver their soul from death, and keep them alive in famine.

Our soul waits for the LORD; he is our help and shield. Let thy steadfast love, O LORD, be upon us, even as we hope in thee.",repo://assets/rsvce.db,,b7c4f57f719e98eea5273d2f4e16072f1d9326cf4338c3a637ecc556942a63c7,c674c95853dfecb7854a6857d8ed2861d7c629092cce7ff5f539a880dd5e2ded,100
local_rsvce,ps33_12_13_18_19_20_22__alias_30e74bf28cf1,WORLD,,,generic,,,,"ps33:12-13,18-19,20,22",Happy the people the Lord has chosen to be his own.,"Blessed is the nation whose God is the LORD, the people whom he has chosen as his heritage! The LORD looks down from heaven, he sees all the sons of men;

Behold, the eye of the LORD is on those who fear him, on those who hope in his steadfast love, that he may deliver their soul from death, and keep them alive in famine.

Our soul waits for the LORD; he is our help and shield. Let thy steadfast love, O LORD, be upon us, even as we hope in thee.",repo://assets/rsvce.db,,b7c4f57f719e98eea5273d2f4e16072f1d9326cf4338c3a637ecc556942a63c7,c674c95853dfecb7854a6857d8ed2861d7c629092cce7ff5f539a880dd5e2ded,100
local_rsvce,ps33_1_12_18_19_20_22,WORLD,,,generic,,,,"ps33:1,12,18-19,20-22",(12b) Blessed the people the Lord has chosen to be his own.,"Rejoice in the LORD, O you righteous! Praise befits the upright.

Blessed is the nation whose God is the LORD, the people whom he has chosen as his heritage!

Behold, the eye of the LORD is on those who fear him, on those who hope in his steadfast love, that he may deliver their soul from death, and keep them alive in famine.

Our soul waits for the LORD; he is our help and shield. Yea, our heart is glad in him, because we trust in his holy name. Let thy steadfast love, O LORD, be upon us, even as we hope in thee.",repo://assets/rsvce.db,,3a89b9430be5860744b2eabbcb575ece3e0912d41120519178d153f2fd9b23f5,f5f3d48ba15e80debeaa4b49f4d052a92d30442b9b7641f9ac831630225f98e1,100
local_rsvce,ps33_1_2_4_5_10_11,WORLD,,,generic,,,,"ps33:1-2,4-5,10-11",The Lord’s merciful love fills the earth.,"Rejoice in the LORD, O you righteous! Praise befits the upright. Praise the LORD with the lyre, make melody to him with the harp of ten strings!

For the word of the LORD is upright; and all his work is done in faithfulness. He loves righteousness and justice; the earth is full of the steadfast love of the LORD.

The LORD brings the counsel of the nations to nought; he frustrates the plans of the peoples. The counsel of the LORD stands for ever, the thoughts of his heart to all generations.",repo://assets/rsvce.db,,001dc8e8d075e24a0dcb68496327f8de6eb383d852e756d0ae20c51590065604,0ce037de9a38941dc2b77a4107d46a28873878705cd45e01140438a507087fb2,100
local_rsvce,ps33_1_2_4_5_10ab_11,WORLD,,,generic,,,,"ps33:1-2,4-5,10ab+11",The earth is full of the goodness of the Lord.,"Rejoice in the LORD, O you righteous! Praise befits the upright. Praise the LORD with the lyre, make melody to him with the harp of ten strings!

For the word of the LORD is upright; and all his work is done in faithfulness. He loves righteousness and justice; the earth is full of the steadfast love of the LORD.

The LORD brings the counsel of the nations to nought; he frustrates the plans of the peoples. The counsel of the LORD stands for ever, the thoughts of his heart to all generations.",repo://assets/rsvce.db,,ed87467a4a50cb9a832f1a64d50b66164a360cb88063d45b6758e351524e4d64,4cd4950de9db8dc91e7277f7956cb66f5c1d2099bbd7e80b97d534ca023d9a3b,100
local_rsvce,ps33_1_2_4_5_11_12_18_19,WORLD,,,generic,,,,"ps33:1-2,4-5,11-12,18-19",The earth is full of the goodness of the Lord.,"Rejoice in the LORD, O you righteous! Praise befits the upright. Praise the LORD with the lyre, make melody to him with the harp of ten strings!

For the word of the LORD is upright; and all his work is done in faithfulness. He loves righteousness and justice; the earth is full of the steadfast love of the LORD.

The counsel of the LORD stands for ever, the thoughts of his heart to all generations. Blessed is the nation whose God is the LORD, the people whom he has chosen as his heritage!

Behold, the eye of the LORD is on those who fear him, on those who hope in his steadfast love, that he may deliver their soul from death, and keep them alive in famine.",repo://assets/rsvce.db,,a2a00b90dfd8215bfd6c989261d4115486d3462b22ea220544e3bd1dfa415175,b00fb415318aafa4a7b1bdf68bfe8ee9a29ebe515272b7224e5cb3d222fe1c32,100
local_rsvce,ps33_1_2_4_5_12_13,WORLD,,,generic,,,,"ps33:1-2,4-5,12-13",Happy the people the Lord has chosen to be his own.,"Rejoice in the LORD, O you righteous! Praise befits the upright. Praise the LORD with the lyre, make melody to him with the harp of ten strings!

For the word of the LORD is upright; and all his work is done in faithfulness. He loves righteousness and justice; the earth is full of the steadfast love of the LORD.

Blessed is the nation whose God is the LORD, the people whom he has chosen as his heritage! The LORD looks down from heaven, he sees all the sons of men;",repo://assets/rsvce.db,,99198ee7ab81d8a8da9eb3ac077fe6236fdbbe502f31bb6566de14c98e1404fb,4e5874f0971bb27ab007fad3d6c973bb2bb484816bb8e6194cea247263698698,100
local_rsvce,ps33_1_2_4_5_18_19,WORLD,,,generic,,,,"ps33:1-2,4-5,18-19","(22) Lord, let your mercy be on us, as we place our trust in you.","Rejoice in the LORD, O you righteous! Praise befits the upright. Praise the LORD with the lyre, make melody to him with the harp of ten strings!

For the word of the LORD is upright; and all his work is done in faithfulness. He loves righteousness and justice; the earth is full of the steadfast love of the LORD.

Behold, the eye of the LORD is on those who fear him, on those who hope in his steadfast love, that he may deliver their soul from death, and keep them alive in famine.",repo://assets/rsvce.db,,ec580e10b63a4a86d777f3815e3081d07eb69ccf73effade9c56650f59f362f7,f38ee889f34730938f8882dc96d64bc505bbda4dc3b1d3734f80d0a1652a5c8f,100
local_rsvce,ps33_2_3_10_11_18_19,WORLD,,,generic,,,,"ps33:2-3,10-11,18-19","Lord, let your mercy be upon us,","Praise the LORD with the lyre, make melody to him with the harp of ten strings! Sing to him a new song,play skilfully on the strings, with loud shouts.

The LORD brings the counsel of the nations to nought; he frustrates the plans of the peoples. The counsel of the LORD stands for ever, the thoughts of his heart to all generations.

Behold, the eye of the LORD is on those who fear him, on those who hope in his steadfast love, that he may deliver their soul from death, and keep them alive in famine.",repo://assets/rsvce.db,,3a015d744da40ed9c5d4af26973a8c70ee54f8a52655b91c452d24da1a84968e,c4265606c892aa5c5a2f7deaaa04645a8b1220d691ebaf888fe7851cb5ab1f1a,100
local_rsvce,ps33_2_3_11_12_20_21,WORLD,,,generic,,,,"ps33:2-3,11-12,20-21",Cry out with joy to the Lord.++,"Praise the LORD with the lyre, make melody to him with the harp of ten strings! Sing to him a new song,play skilfully on the strings, with loud shouts.

The counsel of the LORD stands for ever, the thoughts of his heart to all generations. Blessed is the nation whose God is the LORD, the people whom he has chosen as his heritage!

Our soul waits for the LORD; he is our help and shield. Yea, our heart is glad in him, because we trust in his holy name.",repo://assets/rsvce.db,,c178621ccc1b3b758a22f4a5749e5502d000881589a3c253313c1d14f708976c,ce11345288872ada7ec6236cb735a66e21256cf48b18ae4fc7398d8c4225a795,100
local_rsvce,ps33_2_3_43_5_12_22,WORLD,,,generic,,,,"ps33:2-3,43-5,12+22",Happy the people the Lord has chosen to be his own.,"Praise the LORD with the lyre, make melody to him with the harp of ten strings! Sing to him a new song,play skilfully on the strings, with loud shouts.

Blessed is the nation whose God is the LORD, the people whom he has chosen as his heritage! Let thy steadfast love, O LORD, be upon us, even as we hope in thee.",repo://assets/rsvce.db,,19f344eecb9e44d60c5db459de7d57972f7e1fb7b2c5e9e09680dbe154388ae4,fd8dcf9f099db6dbdea6b6a0509d82f25188748ed771764cbdb32decb2127d39,100
local_rsvce,ps33_2_3_4_5_12_22,WORLD,,,generic,,,,"ps33:2-3,4-5,12,22",Blessed the people the Lord has chosen as his heritage.,"Praise the LORD with the lyre, make melody to him with the harp of ten strings! Sing to him a new song,play skilfully on the strings, with loud shouts.

For the word of the LORD is upright; and all his work is done in faithfulness. He loves righteousness and justice; the earth is full of the steadfast love of the LORD.

Blessed is the nation whose God is the LORD, the people whom he has chosen as his heritage!

Let thy steadfast love, O LORD, be upon us, even as we hope in thee.",repo://assets/rsvce.db,,32cc96461f85122f1203d45e76ab249f2f9d3b7c1b241642926cad39f8101be5,dda4a6b04ec1cb082e7e7ee018d4d33ca4e897a38a279b2be21d44b00d6291b4,100
local_rsvce,ps33_2_3_4_5_6_7_8_9,WORLD,,,generic,,,,"ps33:2-3,4-5,6-7,8-9",By the word of the Lord the heavens were made.,"Praise the LORD with the lyre, make melody to him with the harp of ten strings! Sing to him a new song,play skilfully on the strings, with loud shouts.

For the word of the LORD is upright; and all his work is done in faithfulness. He loves righteousness and justice; the earth is full of the steadfast love of the LORD.

By the word of the LORD the heavens were made, and all their host by the breath of his mouth. He gathered the waters of the sea as in a bottle; he put the deeps in storehouses.

Let all the earth fear the LORD, let all the inhabitants of the world stand in awe of him! For he spoke, and it came to be; he commanded, and it stood forth.",repo://assets/rsvce.db,,ba1b4ae7ed75ada6caf6f8ab9ad69a9f3feec73e50d954d652d1ae0155af843c,73e3fab9d67cc1cd02383e50bc0e3432b06fffff001bc82ed1f00e1407b53a65,100
local_rsvce,ps33_4_5_18_19_20_22,WORLD,,,generic,,,,"ps33:4-5,18-19,20,22","(22) Lord, let your mercy be on us, as we place our trust in you.","For the word of the LORD is upright; and all his work is done in faithfulness. He loves righteousness and justice; the earth is full of the steadfast love of the LORD.

Behold, the eye of the LORD is on those who fear him, on those who hope in his steadfast love, that he may deliver their soul from death, and keep them alive in famine.

Our soul waits for the LORD; he is our help and shield.

Let thy steadfast love, O LORD, be upon us, even as we hope in thee.",repo://assets/rsvce.db,,ddacbefa23ebeffdc330c5b3cf6bc222486f380b0639e3e1f23fa16244496f8b,f743507bb5733415b7bb56ad0c91a5c39e2d2733fc35c89113fbdd0b8670abdd,100
local_rsvce,ps33_4_5_6_7_12_13_20_22,WORLD,,,generic,,,,"ps33:4-5,6-7,12-13,20,22",His merciful love fills the earth.,"For the word of the LORD is upright; and all his work is done in faithfulness. He loves righteousness and justice; the earth is full of the steadfast love of the LORD.

By the word of the LORD the heavens were made, and all their host by the breath of his mouth. He gathered the waters of the sea as in a bottle; he put the deeps in storehouses.

Blessed is the nation whose God is the LORD, the people whom he has chosen as his heritage! The LORD looks down from heaven, he sees all the sons of men;

Our soul waits for the LORD; he is our help and shield.

Let thy steadfast love, O LORD, be upon us, even as we hope in thee.",repo://assets/rsvce.db,,c4d06682b825075c4dc6257e3a67d70bbd6dd70f7cd3ad1c55ac64eb2aaf972f,5313d385ac1605c3130233e2fd15d243bfc76ca2d7f92745d904da389d28c5bc,100
local_rsvce,ps33_4_5_6_9_18_19_20_22,WORLD,,,generic,,,,"ps33:4-5,6,9,18-19,20,22",(12b) Blessed the people the Lord has chosen to be his own.,"For the word of the LORD is upright; and all his work is done in faithfulness. He loves righteousness and justice; the earth is full of the steadfast love of the LORD.

By the word of the LORD the heavens were made, and all their host by the breath of his mouth.

For he spoke, and it came to be; he commanded, and it stood forth.

Behold, the eye of the LORD is on those who fear him, on those who hope in his steadfast love, that he may deliver their soul from death, and keep them alive in famine.

Our soul waits for the LORD; he is our help and shield.

Let thy steadfast love, O LORD, be upon us, even as we hope in thee.",repo://assets/rsvce.db,,02306c07f7a0ced2647a52487957647e230f6afb58a6f0696bd8ba8fca8eda5c,660abc91699ad5cdaa55ae7447101d99a7ac7010d8f15f0c18618fd24d79e4fb,100
local_rsvce,ps34_16_17_18_19_20_22,WORLD,,,generic,,,,"ps34:16-17,18-19,20+22",The Lord is near to broken hearts.,"The eyes of the LORD are toward the righteous, and his ears toward their cry. The face of the LORD is against evildoers, to cut off the remembrance of them from the earth.

When the righteous cry for help, the LORD hears, and delivers them out of all their troubles. The LORD is near to the brokenhearted, and saves the crushed in spirit.

Many are the afflictions of the righteous; but the LORD delivers him out of them all. Evil shall slay the wicked; and those who hate the righteous will be condemned.",repo://assets/rsvce.db,,48c5908f25a0975f8ad5ec8c1e7b59d39113ab62763ae21f23ad5c000614bc68,82b0365206dbb5451fffbeb169bea2c03f7efee16292128738bb12d5c0c80258,100
local_rsvce,ps34_17_18_19_20_21_23,WORLD,,,generic,,,,"ps34:17-18,19-20,21,23",The Lord is close to the broken-hearted.,"The face of the LORD is against evildoers, to cut off the remembrance of them from the earth. When the righteous cry for help, the LORD hears, and delivers them out of all their troubles.

The LORD is near to the brokenhearted, and saves the crushed in spirit. Many are the afflictions of the righteous; but the LORD delivers him out of them all.

He keeps all his bones; not one of them is broken.

The LORD redeems the life of his servants; none of those who take refuge in him will be condemned.",repo://assets/rsvce.db,,8fe59fde28926b541f68078081f66d7b0092dd466cc03a0d076404d7e4b11a40,4c186142dab9e2f89eb7fd2e9582ef45817f5cb104fe55cb5b614acef59c41f1,100
local_rsvce,ps34_1_2_3_4_5_6,WORLD,,,generic,,,,"ps34:1-2,3-4,5-6",From all their afflictions God will deliver the just.,"I will bless the LORD at all times; his praise shall continually be in my mouth. My soul makes its boast in the LORD; let the afflicted hear and be glad.

My soul makes its boast in the LORD; let the afflicted hear and be glad. O magnify the LORD with me, and let us exalt his name together!

I sought the LORD, and he answered me, and delivered me from all my fears. Look to him, and be radiant; so your faces shall never be ashamed.",repo://assets/rsvce.db,,bd47d50066c00a7207e97edb36216df4a773a498a18996a3d9e125259956eb46,816639a78244d78458d793758fa9581a49a89286165101df039997374018cde4,100
local_rsvce,ps34_1_2_3_4_5_6_7_8,WORLD,,,generic,,,,"ps34:1-2,3-4,5-6,7-8",The Lord hears the cry of the poor.,"I will bless the LORD at all times; his praise shall continually be in my mouth. My soul makes its boast in the LORD; let the afflicted hear and be glad.

My soul makes its boast in the LORD; let the afflicted hear and be glad. O magnify the LORD with me, and let us exalt his name together!

I sought the LORD, and he answered me, and delivered me from all my fears. Look to him, and be radiant; so your faces shall never be ashamed.

This poor man cried, and the LORD heard him, and saved him out of all his troubles. The angel of the LORD encamps around those who fear him, and delivers them.",repo://assets/rsvce.db,,3ad42129d6634afe5785a9d20a4148faf6fa6a0b732550fa8dc010e433352eab,05e16ef4b3bd6ddf7ac65583e9fa6ded05c1a49efb116c39b63869d054ed4faf,100
local_rsvce,ps34_1_2_5_6_17_18_19_22,WORLD,,,generic,,,,"ps34:1-2,5-6,17-18,19+22",The Lord hears the cry of the poor.,"I will bless the LORD at all times; his praise shall continually be in my mouth. My soul makes its boast in the LORD; let the afflicted hear and be glad.

I sought the LORD, and he answered me, and delivered me from all my fears. Look to him, and be radiant; so your faces shall never be ashamed.

The face of the LORD is against evildoers, to cut off the remembrance of them from the earth. When the righteous cry for help, the LORD hears, and delivers them out of all their troubles.

The LORD is near to the brokenhearted, and saves the crushed in spirit. Evil shall slay the wicked; and those who hate the righteous will be condemned.",repo://assets/rsvce.db,,53dcf3b8d7aa3dfd32882a184cd9fa90b08c7705042dbe0fd602f8e6b895122c,3508b4a072a62ecc45a3592cb65fbf109add42e5641c97265bcdbf8829821b7f,100
local_rsvce,ps34_1_8_16_17_18_19,WORLD,,,generic,,,,"ps34:1+8,16-17,18-19",The Lord hears the cry of the poor.,"I will bless the LORD at all times; his praise shall continually be in my mouth. O taste and see that the LORD is good! Happy is the man who takes refuge in him!

The eyes of the LORD are toward the righteous, and his ears toward their cry. The face of the LORD is against evildoers, to cut off the remembrance of them from the earth.

When the righteous cry for help, the LORD hears, and delivers them out of all their troubles. The LORD is near to the brokenhearted, and saves the crushed in spirit.",repo://assets/rsvce.db,,12f11f4bd7ce5242cccde03dba89e690735bad5fdd3701def4441b21097fefbf,3ae2fa3fb8eaaf968455507440806b43968c9600b5dfda14310f109ba6bd7be0,100
local_rsvce,ps34_2_3_10_11_12_13_14_15,WORLD,,,generic,,,,"ps34:2-3,10-11,12-13,14-15",(9a) Taste and see the goodness of the Lord.,"I will bless the LORD at all times; his praise shall continually be in my mouth. My soul makes its boast in the LORD; let the afflicted hear and be glad.

O fear the LORD, you his saints, for those who fear him have no want! The young lions suffer want and hunger; but those who seek the LORD lack no good thing.

Come, O sons, listen to me, I will teach you the fear of the LORD. What man is there who desires life, and covets many days, that he may enjoy good?

Keep your tongue from evil, and your lips from speaking deceit. Depart from evil, and do good; seek peace, and pursue it.",repo://assets/rsvce.db,,9867a3fa09c800a2cd52ccc8b5bc42114e17f768f25108fe9d7a2ac4d22d3105,3e86398ff6d87abdf21bde47782d2890b894d16122e2e2abe4ed0ea878159434,100
local_rsvce,ps34_2_3_16_17_18_19,WORLD,,,generic,,,,"ps34:2-3,16-17,18-19",I will bless the Lord at all times.,"I will bless the LORD at all times; his praise shall continually be in my mouth. My soul makes its boast in the LORD; let the afflicted hear and be glad.

The eyes of the LORD are toward the righteous, and his ears toward their cry. The face of the LORD is against evildoers, to cut off the remembrance of them from the earth.

When the righteous cry for help, the LORD hears, and delivers them out of all their troubles. The LORD is near to the brokenhearted, and saves the crushed in spirit.",repo://assets/rsvce.db,,181737200029ece137d3307d7ca3b91fbe75da1a964995300d2e3d0707b2149c,a6a0b57ae709ddd718839f22c1171c38bc4072ce9b438cfeb07ed0024c5e0a5f,100
local_rsvce,ps34_2_3_16_17_18_19_20_21_22_23,WORLD,,,generic,,,,"ps34:2-3,16-17,18-19,20-21,22-23",(9a) Taste and see the goodness of the Lord.,"I will bless the LORD at all times; his praise shall continually be in my mouth. My soul makes its boast in the LORD; let the afflicted hear and be glad.

The eyes of the LORD are toward the righteous, and his ears toward their cry. The face of the LORD is against evildoers, to cut off the remembrance of them from the earth.

When the righteous cry for help, the LORD hears, and delivers them out of all their troubles. The LORD is near to the brokenhearted, and saves the crushed in spirit.

Many are the afflictions of the righteous; but the LORD delivers him out of them all. He keeps all his bones; not one of them is broken.

Evil shall slay the wicked; and those who hate the righteous will be condemned. The LORD redeems the life of his servants; none of those who take refuge in him will be condemned.",repo://assets/rsvce.db,,216229f782fc9f383130faec6f68a980f1683192cdfec349a308eda5820d5694,7b5ff09e78afb08a0536b2940c7c871c160ded13b3640112804480a0641c9197,100
local_rsvce,ps34_2_3_16_17_20_21_22_23,WORLD,,,generic,,,,"ps34:2-3,16-17,20-21,22-23",Taste and see that the Lord is good.,"I will bless the LORD at all times; his praise shall continually be in my mouth. My soul makes its boast in the LORD; let the afflicted hear and be glad.

The eyes of the LORD are toward the righteous, and his ears toward their cry. The face of the LORD is against evildoers, to cut off the remembrance of them from the earth.

Many are the afflictions of the righteous; but the LORD delivers him out of them all. He keeps all his bones; not one of them is broken.

Evil shall slay the wicked; and those who hate the righteous will be condemned. The LORD redeems the life of his servants; none of those who take refuge in him will be condemned.",repo://assets/rsvce.db,,423cb4435fa0a69ba2d868bb74854f661ba321362691b74e1cf00fbbe6072a88,cd361e41bad9743317a3782fe094fab1bdd798b85bd309299b2e4b90f83d5f80,100
local_rsvce,ps34_2_3_17_18_19_23,WORLD,,,generic,,,,"ps34:2-3,17-18,19,23",(7a) The Lord hears the cry of the poor.,"I will bless the LORD at all times; his praise shall continually be in my mouth. My soul makes its boast in the LORD; let the afflicted hear and be glad.

The face of the LORD is against evildoers, to cut off the remembrance of them from the earth. When the righteous cry for help, the LORD hears, and delivers them out of all their troubles.

The LORD is near to the brokenhearted, and saves the crushed in spirit.

The LORD redeems the life of his servants; none of those who take refuge in him will be condemned.",repo://assets/rsvce.db,,b25a5a531ad0e3f907158f0a8ba291256c95d17cf3e6a9bf44aa876fb778badd,5e80a87fa03e69c32112fb9788d62ab345dab2783bfa184b76eee3d723db74ac,100
local_rsvce,ps34_2_3_4_5_6_7,WORLD,,,generic,,,,"ps34:2-3,4-5,6-7",(9a) Taste and see the goodness of the Lord.,"I will bless the LORD at all times; his praise shall continually be in my mouth. My soul makes its boast in the LORD; let the afflicted hear and be glad.

O magnify the LORD with me, and let us exalt his name together! I sought the LORD, and he answered me, and delivered me from all my fears.

Look to him, and be radiant; so your faces shall never be ashamed. This poor man cried, and the LORD heard him, and saved him out of all his troubles.",repo://assets/rsvce.db,,faa54260459473c5ceef76cab5719e3ed8325fc02a1da699f2790072f012e813,b35b6e997b71dfd246046a7ddf84159edc05bdc098b6c6371830ddf5910ebfc2,100
local_rsvce,ps34_2_3_4_5_6_7_8_9,WORLD,,,generic,,,,"ps34:2-3,4-5,6-7,8-9",(9a) Taste and see the goodness of the Lord.,"I will bless the LORD at all times; his praise shall continually be in my mouth. My soul makes its boast in the LORD; let the afflicted hear and be glad.

O magnify the LORD with me, and let us exalt his name together! I sought the LORD, and he answered me, and delivered me from all my fears.

Look to him, and be radiant; so your faces shall never be ashamed. This poor man cried, and the LORD heard him, and saved him out of all his troubles.

The angel of the LORD encamps around those who fear him, and delivers them. O taste and see that the LORD is good! Happy is the man who takes refuge in him!",repo://assets/rsvce.db,,a547dd1b0acfb6dd41f2a482456088d80801e23f8928d838b229dd69e4b93e63,41894572a09992461b31943bf74cff9000cdb91090788cb0c485df1b6ec70e85,100
local_rsvce,ps34_2_3_6_7_17_18_19_23,WORLD,,,generic,,,,"ps34:2-3,6-7,17-18,19,23","The lowly one called, and the Lord heard him.","I will bless the LORD at all times; his praise shall continually be in my mouth. My soul makes its boast in the LORD; let the afflicted hear and be glad.

Look to him, and be radiant; so your faces shall never be ashamed. This poor man cried, and the LORD heard him, and saved him out of all his troubles.

The face of the LORD is against evildoers, to cut off the remembrance of them from the earth. When the righteous cry for help, the LORD hears, and delivers them out of all their troubles.

The LORD is near to the brokenhearted, and saves the crushed in spirit.

The LORD redeems the life of his servants; none of those who take refuge in him will be condemned.",repo://assets/rsvce.db,,aafac87b391a54845aa685f673897fafcc11b13cd290d76ffbfe225749273e64,97bfb409f71825c8a14077477ec384ab0177fdabb306498fbe8a5274b242f613,100
local_rsvce,ps34_2_9_17_18_19_20,WORLD,,,generic,,,,"ps34:2,9,17-18,19-20","The lowly one called, and the Lord heard him.","I will bless the LORD at all times; his praise shall continually be in my mouth.

O taste and see that the LORD is good! Happy is the man who takes refuge in him!

The face of the LORD is against evildoers, to cut off the remembrance of them from the earth. When the righteous cry for help, the LORD hears, and delivers them out of all their troubles.

The LORD is near to the brokenhearted, and saves the crushed in spirit. Many are the afflictions of the righteous; but the LORD delivers him out of them all.",repo://assets/rsvce.db,,5e959be0f3b0bb42b0bdc23ed8da366fa1cedfb18111d11f88d44ce45b4f8d0e,615bf2ae48a8b540edaf35bd6e671b0181f86cedf8447603f9b4b4de4808fd46,100
local_rsvce,ps34_3_4_5_6_15_16_17_18,WORLD,,,generic,,,,"ps34:3-4,5-6,15-16,17-18",From all their afflictions God will deliver the just.,"My soul makes its boast in the LORD; let the afflicted hear and be glad. O magnify the LORD with me, and let us exalt his name together!

I sought the LORD, and he answered me, and delivered me from all my fears. Look to him, and be radiant; so your faces shall never be ashamed.

Depart from evil, and do good; seek peace, and pursue it. The eyes of the LORD are toward the righteous, and his ears toward their cry.

The face of the LORD is against evildoers, to cut off the remembrance of them from the earth. When the righteous cry for help, the LORD hears, and delivers them out of all their troubles.",repo://assets/rsvce.db,,500ba018db1867a6c3b0b10ce97abf3864b4a4d8911101325c2c9638dda3d3f3,594afb9d6927660ea4404f3d9aa7b8933298873eac751032281335a36ff63766,100
local_rsvce,ps34_4_5_6_7_16_17_18_19,WORLD,,,generic,,,,"ps34:4-5,6-7,16-17,18-19",From all their distress God rescues the just.,"O magnify the LORD with me, and let us exalt his name together! I sought the LORD, and he answered me, and delivered me from all my fears.

Look to him, and be radiant; so your faces shall never be ashamed. This poor man cried, and the LORD heard him, and saved him out of all his troubles.

The eyes of the LORD are toward the righteous, and his ears toward their cry. The face of the LORD is against evildoers, to cut off the remembrance of them from the earth.

When the righteous cry for help, the LORD hears, and delivers them out of all their troubles. The LORD is near to the brokenhearted, and saves the crushed in spirit.",repo://assets/rsvce.db,,b12c45c82c2ec95e384c9c5694cda149ee39b72b94c67ca2586bef7c4b8d8090,82c52f70c2445f75e401967d49df326bf585adf5b06ced47e6fe0dbb6b00f5bb,100
local_rsvce,ps34_6_7_9_10_11_12,WORLD,,,generic,,,,"ps34:6-7,9-10,11-12",The Lord hears the cry of the poor.,"Look to him, and be radiant; so your faces shall never be ashamed. This poor man cried, and the LORD heard him, and saved him out of all his troubles.

O taste and see that the LORD is good! Happy is the man who takes refuge in him! O fear the LORD, you his saints, for those who fear him have no want!

The young lions suffer want and hunger; but those who seek the LORD lack no good thing. Come, O sons, listen to me, I will teach you the fear of the LORD.",repo://assets/rsvce.db,,cc16f27c1683203fc98eabe5d4ed85628d924392b27ab8cb281659577f8685da,82f2349bda1e2a8f6f811a5c2c272aba4ef5f75d7ce92206cd5763186137d958,100
local_rsvce,ps34_7_8_10_11_12_13,WORLD,,,generic,,,,"ps34:7-8,10-11,12-13","The lowly one called, and the Lord heard him","This poor man cried, and the LORD heard him, and saved him out of all his troubles. The angel of the LORD encamps around those who fear him, and delivers them.

O fear the LORD, you his saints, for those who fear him have no want! The young lions suffer want and hunger; but those who seek the LORD lack no good thing.

Come, O sons, listen to me, I will teach you the fear of the LORD. What man is there who desires life, and covets many days, that he may enjoy good?",repo://assets/rsvce.db,,deaafbdf7f38baba3aa3164cb69ca751a3deead1cf728d6ae9769185515f22eb,482622e655231ee0eac37ce930e423661fbbfc2d09de71c817125948edeaa5a3,100
local_rsvce,ps34_7_8_9_10_11_12,WORLD,,,generic,,,,"ps34:7-8,9-10,11-12",Taste and see the goodness of the Lord.,"This poor man cried, and the LORD heard him, and saved him out of all his troubles. The angel of the LORD encamps around those who fear him, and delivers them.

O taste and see that the LORD is good! Happy is the man who takes refuge in him! O fear the LORD, you his saints, for those who fear him have no want!

The young lions suffer want and hunger; but those who seek the LORD lack no good thing. Come, O sons, listen to me, I will teach you the fear of the LORD.",repo://assets/rsvce.db,,7897c5123425bd6e0f50d5afb26da4eea21cd97e4608e61c7bb93e7bc25bc2b2,24cc6f4154a56dd149c7b168af623a4c3fe8df3ddea58ba87266d70100c050bd,100
local_rsvce,ps34_8_9_10_11_12_13,WORLD,,,generic,,,,"ps34:8-9,10-11,12-13",Taste and see that the Lord is good,"The angel of the LORD encamps around those who fear him, and delivers them. O taste and see that the LORD is good! Happy is the man who takes refuge in him!

O fear the LORD, you his saints, for those who fear him have no want! The young lions suffer want and hunger; but those who seek the LORD lack no good thing.

Come, O sons, listen to me, I will teach you the fear of the LORD. What man is there who desires life, and covets many days, that he may enjoy good?",repo://assets/rsvce.db,,50bf0f0b10e8740c54dac7c1d335ccd6ee6260913e21fa57a5753d6990d7ff5d,a8bd4f19743ab074a2c7e066aa20718dba77e0cdb946807b3545b1ad8b92ae0a,100
local_rsvce,ps36_5_6_7_8_9_10,WORLD,,,generic,,,,"ps36:5-6,7-8,9-10","You are the source of life, O Lord.","He plots mischief while on his bed;he sets himself in a way that is not good; he spurns not evil. Thy steadfast love, O LORD,extends to the heavens, thy faithfulness to the clouds.

Thy righteousness is like the mountains of God,thy judgments are like the great deep; man and beast thou savest, O LORD. How precious is thy steadfast love, O God! The children of men take refuge in the shadow of thy wings.

They feast on the abundance of thy house, and thou givest them drink from the river of thy delights. For with thee is the fountain of life; in thy light do we see light.",repo://assets/rsvce.db,,98c86b06d9170b4ce6e1ffbe9d9600892e9c9da401d93be754f7b246def9b323,cb0829217cb7c5cdfc4138adc5337e1658f7c351c44076f98712c2f4fa0ee4b2,100
local_rsvce,ps36_6_7ab_8_9_10_11,WORLD,,,generic,,,,"ps36:6-7ab,8-9,10-11","With you, O Lord, is the fountain of life.","Thy steadfast love, O LORD,extends to the heavens, thy faithfulness to the clouds. Thy righteousness is like the mountains of God,thy judgments are like the great deep; man and beast thou savest, O LORD.

How precious is thy steadfast love, O God! The children of men take refuge in the shadow of thy wings. They feast on the abundance of thy house, and thou givest them drink from the river of thy delights.

For with thee is the fountain of life; in thy light do we see light. O continue thy steadfast love to those who know thee, and thy salvation to the upright of heart!",repo://assets/rsvce.db,,3b3966de2f551646847c37f56494613cafdb8df7a20de57873f92c6e3cc87740,7c6173501a11ccdf1f8d0bb1614eb9f06be36097c0efe26ef5922d35a1f92299,100
local_rsvce,ps37_3_4_18_19_27_28_39_40,WORLD,,,generic,,,,"ps37:3-4,18-19,27-28,39-40",The salvation of the just comes from the Lord.,"Trust in the LORD, and do good;so you will dwell in the land, and enjoy security. Take delight in the LORD, and he will give you the desires of your heart.

The LORD knows the days of the blameless, and their heritage will abide for ever; they are not put to shame in evil times, in the days of famine they have abundance.

Depart from evil, and do good; so shall you abide for ever. For the LORD loves justice;he will not forsake his saints.The righteous shall be preserved for ever, but the children of the wicked shall be cut off.

The salvation of the righteous is from the LORD; he is their refuge in the time of trouble. The LORD helps them and delivers them;he delivers them from the wicked,and saves them, because they take refuge in him.",repo://assets/rsvce.db,,033a1e889822e39d284278926c526924d07d42b54e9520063385f9eff0fc0142,8d61fb9ebacd4d7b7b2d5c75c531ac3e30b6251d62b1c77a141f05ff28f7f130,100
local_rsvce,ps37_3_4_18_23_27_29,WORLD,,,generic,,,,"ps37:3-4,18+23,27+29",The salvation of the just comes from the Lord.,"Trust in the LORD, and do good;so you will dwell in the land, and enjoy security. Take delight in the LORD, and he will give you the desires of your heart.

The LORD knows the days of the blameless, and their heritage will abide for ever; The steps of a man are from the LORD, and he establishes him in whose way he delights;

Depart from evil, and do good; so shall you abide for ever. The righteous shall possess the land, and dwell upon it for ever.",repo://assets/rsvce.db,,2b9de80c5b4ab3748de1ad53a2946ef779fc95e4beae8360d6f81f022a775408,6539c1b69c5ba6d5fff3bd4dbf16571a4eb49d08793d60a31320e71d21bbc542,100
local_rsvce,ps37_3_4_18_23_27_29__alias_140f3398744b,WORLD,,,generic,,,,"ps37:3-4,18,23,27,29",The salvation of the just comes from the Lord.,"Trust in the LORD, and do good;so you will dwell in the land, and enjoy security. Take delight in the LORD, and he will give you the desires of your heart.

The LORD knows the days of the blameless, and their heritage will abide for ever; The steps of a man are from the LORD, and he establishes him in whose way he delights;

Depart from evil, and do good; so shall you abide for ever. The righteous shall possess the land, and dwell upon it for ever.",repo://assets/rsvce.db,,2b9de80c5b4ab3748de1ad53a2946ef779fc95e4beae8360d6f81f022a775408,6539c1b69c5ba6d5fff3bd4dbf16571a4eb49d08793d60a31320e71d21bbc542,100
local_rsvce,ps37_3_4_5_6_23_24_39_40,WORLD,,,generic,,,,"ps37:3-4,5-6,23-24,39-40",The salvation of the just comes from the Lord.,"Trust in the LORD, and do good;so you will dwell in the land, and enjoy security. Take delight in the LORD, and he will give you the desires of your heart.

Commit your way to the LORD; trust in him, and he will act. He will bring forth your vindication as the light, and your right as the noonday.

The steps of a man are from the LORD, and he establishes him in whose way he delights; though he fall, he shall not be cast headlong, for the LORD is the stay of his hand.

The salvation of the righteous is from the LORD; he is their refuge in the time of trouble. The LORD helps them and delivers them;he delivers them from the wicked,and saves them, because they take refuge in him.",repo://assets/rsvce.db,,7277d16e20a3e0d3ae3329bb88215892168bf305dfa8276d1e7be9e10f7e7877,b7d07d4340a85506cc8814ca309c20afa257fc153a2e75475483ddb61aec5fd6,100
local_rsvce,ps37_3_4_5_6_27_28_39_40,WORLD,,,generic,,,,"ps37:3-4,5-6,27-28,39-40",The salvation of the just comes from the Lord.,"Trust in the LORD, and do good;so you will dwell in the land, and enjoy security. Take delight in the LORD, and he will give you the desires of your heart.

Commit your way to the LORD; trust in him, and he will act. He will bring forth your vindication as the light, and your right as the noonday.

Depart from evil, and do good; so shall you abide for ever. For the LORD loves justice;he will not forsake his saints.The righteous shall be preserved for ever, but the children of the wicked shall be cut off.

The salvation of the righteous is from the LORD; he is their refuge in the time of trouble. The LORD helps them and delivers them;he delivers them from the wicked,and saves them, because they take refuge in him.",repo://assets/rsvce.db,,31553a050626218c901760953d59cf99fc23cc97231ae3b1c34a0a2bc9a08ac6,323cc5fff454f156b7c95aaa388477be55e5c6a5ab162232670da6c5103eccee,100
local_rsvce,ps37_3_4_5_6_30_31,WORLD,,,generic,,,,"ps37:3-4,5-6,30-31",The mouths of the just murmur wisdom.,"Trust in the LORD, and do good;so you will dwell in the land, and enjoy security. Take delight in the LORD, and he will give you the desires of your heart.

Commit your way to the LORD; trust in him, and he will act. He will bring forth your vindication as the light, and your right as the noonday.

The mouth of the righteous utters wisdom, and his tongue speaks justice. The law of his God is in his heart; his steps do not slip.",repo://assets/rsvce.db,,7c186d60abbd80cc887dfe35f4ed0fa9222f9c4ccc247d462c4861eb8060b208,e5a30038e532b2b6cf3d281a04c3e22b0d3eeb2204fc18c36683641f812ccb28,100
local_rsvce,ps37_5_6_30_31_39_40,WORLD,,,generic,,,,"ps37:5-6,30-31,39-40",The mouths of the just murmur wisdom.,"Commit your way to the LORD; trust in him, and he will act. He will bring forth your vindication as the light, and your right as the noonday.

The mouth of the righteous utters wisdom, and his tongue speaks justice. The law of his God is in his heart; his steps do not slip.

The salvation of the righteous is from the LORD; he is their refuge in the time of trouble. The LORD helps them and delivers them;he delivers them from the wicked,and saves them, because they take refuge in him.",repo://assets/rsvce.db,,8911d60c37fd8f851a60c45c6839039294993233e7e6516e9dacf6860093d267,2b0d17c6496babd8586f6fa002e1baf0a56b57ef3fc59cc50cc3f0b04cf3b588,100
local_rsvce,ps3_1_2_3_4_5_6,WORLD,,,generic,,,,"ps3:1-2,3-4,5-6",The Lord upholds me.,"O LORD, how many are my foes! Many are rising against me; many are saying of me, there is no help for him in God. [Selah]

many are saying of me, there is no help for him in God. [Selah] But thou, O LORD, art a shield about me, my glory, and the lifter of my head.

I cry aloud to the LORD, and he answers me from his holy hill. [Selah] I lie down and sleep; I wake again, for the LORD sustains me.",repo://assets/rsvce.db,,5ebacf3f03fed4b901ea74de3d8cf791aacb18edaeb3677fea2ec78008482ec2,c729ed5f11a3d316e5856c4de0bde30a26496d731bcff27cca59d076c9bbd611,100
local_rsvce,ps3_2_3_4_5_6_7,WORLD,,,generic,,,,"ps3:2-3,4-5,6-7",The Lord upholds me.,"O LORD, how many are my foes! Many are rising against me; many are saying of me, there is no help for him in God. [Selah]

But thou, O LORD, art a shield about me, my glory, and the lifter of my head. I cry aloud to the LORD, and he answers me from his holy hill. [Selah]

I lie down and sleep; I wake again, for the LORD sustains me. I am not afraid of ten thousands of people who have set themselves against me round about.",repo://assets/rsvce.db,,cca4e9adfdc9398f28bb33211a26b53deaaba43c79a0ea80b4b2adea7143e10a,4f503e69d91781fcd8ebc0c5fe78c89fead75d3f725efc8880c78c39fbd9071f,100
local_rsvce,ps40_1_3ab_6_7a_9_10,WORLD,,,generic,,,,"ps40:1+3ab,6-7a,9,10","Here am I, Lord; I come to do your will.","I waited patiently for the LORD; he inclined to me and heard my cry. He put a new song in my mouth,a song of praise to our God.Many will see and fear, and put their trust in the LORD.

Thou hast multiplied, O LORD my God,thy wondrous deeds and thy thoughts toward us;none can compare with thee!Were I to proclaim and tell of them, they would be more than can be numbered. Sacrifice and offering thou dost not desire;but thou hast given me an open ear.  Burnt offering and sin offering thou hast not required.

I delight to do thy will, O my God; thy law is within my heart.""

I have told the glad news of deliverance in the great congregation;lo, I have not restrained my lips, as thou knowest, O LORD.",repo://assets/rsvce.db,,0746f30f13c962d6115246ce3478ad9a0fabf6a281162b7cf976bcef4aad9d18,cf9f03ff86574d9581786acdd78d371b458e6eedfa9c17abe8aa00b572302f39,100
local_rsvce,ps40_1_4_6_7a_7b_8_9,WORLD,,,generic,,,,"ps40:1+4,6-7a,7b-8,9","Here am I, Lord, I come to do your will.","I waited patiently for the LORD; he inclined to me and heard my cry. Blessed is the man who makes the LORD his trust,who does not turn to the proud, to those who go astray after false gods!

Thou hast multiplied, O LORD my God,thy wondrous deeds and thy thoughts toward us;none can compare with thee!Were I to proclaim and tell of them, they would be more than can be numbered. Sacrifice and offering thou dost not desire;but thou hast given me an open ear.  Burnt offering and sin offering thou hast not required.

Sacrifice and offering thou dost not desire;but thou hast given me an open ear.  Burnt offering and sin offering thou hast not required. Then I said, ""Lo, I come; in the roll of the book it is written of me;

I delight to do thy will, O my God; thy law is within my heart.""",repo://assets/rsvce.db,,7bed4a497fb6c15c44c78eed0f7022fa055ef50068543c5071243bdf97536754,6ccc4b318d091386277701ce87b88a6d5a25e5303369032569c21c6543371db2,100
local_rsvce,ps40_2_3_4_18,WORLD,,,generic,,,,"ps40:2,3,4,18","(14b) Lord, come to my aid!","I waited patiently for the LORD; he inclined to me and heard my cry.

He drew me up from the desolate pit, out of the miry bog, and set my feet upon a rock, making my steps secure.

He put a new song in my mouth,a song of praise to our God.Many will see and fear, and put their trust in the LORD.

As for me, I am poor and needy;but the Lord takes thought for me.Thou art my help and my deliverer; do not tarry, O my God!",repo://assets/rsvce.db,,7666ebed8dd8354e478385e5bc59a27913afab84499d038b5afe56e6cd09c9d8,ce43a3a30bf26985c88665fb459306826ddf9747b4387e498fec2c11dff7efdd,100
local_rsvce,ps40_2_4_7_8_8_9_10,WORLD,,,generic,,,,"ps40:2,4,7-8,8-9,10","(8a and 9a) Here am I, Lord; I come to do your will.","I waited patiently for the LORD; he inclined to me and heard my cry.

He put a new song in my mouth,a song of praise to our God.Many will see and fear, and put their trust in the LORD.

Sacrifice and offering thou dost not desire;but thou hast given me an open ear.  Burnt offering and sin offering thou hast not required. Then I said, ""Lo, I come; in the roll of the book it is written of me;

Then I said, ""Lo, I come; in the roll of the book it is written of me; I delight to do thy will, O my God; thy law is within my heart.""

I have told the glad news of deliverance in the great congregation;lo, I have not restrained my lips, as thou knowest, O LORD.",repo://assets/rsvce.db,,da2f9ac7ff7d6857b1b2be6d1cc5a7c1979cc3849414cba6b626a6cf4cf958f6,d9b4d96f095fba8be83108aa7bc5952768aec10627fb6592794ff3fa2c0671aa,100
local_rsvce,ps40_2_4ab_7_8a_10_11,WORLD,,,generic,,,,"ps40:2,4ab,7-8a,10,11",Here am I Lord; I come to do your will.,"I waited patiently for the LORD; he inclined to me and heard my cry.

He put a new song in my mouth,a song of praise to our God.Many will see and fear, and put their trust in the LORD.

Sacrifice and offering thou dost not desire;but thou hast given me an open ear.  Burnt offering and sin offering thou hast not required. Then I said, ""Lo, I come; in the roll of the book it is written of me;

I have told the glad news of deliverance in the great congregation;lo, I have not restrained my lips, as thou knowest, O LORD.

I have not hid thy saving help within my heart,I have spoken of thy faithfulness and thy salvation;I have not concealed thy steadfast love and thy faithfulness from the great congregation.",repo://assets/rsvce.db,,d049eadd15bffb6413ebfd1b28fa5e8401d399eb830d258f5d1072b6b7b510a0,6bf5b400c79f5ed530d272b709deafe966a92270b12046ad27921af38547e0db,100
local_rsvce,ps40_2_4ab_7_8a_8b_9_10,WORLD,,,generic,,,,"ps40:2,4ab,7-8a,8b-9,10","See, I have come, Lord, to do your will.","I waited patiently for the LORD; he inclined to me and heard my cry.

He put a new song in my mouth,a song of praise to our God.Many will see and fear, and put their trust in the LORD.

Sacrifice and offering thou dost not desire;but thou hast given me an open ear.  Burnt offering and sin offering thou hast not required. Then I said, ""Lo, I come; in the roll of the book it is written of me;

Then I said, ""Lo, I come; in the roll of the book it is written of me; I delight to do thy will, O my God; thy law is within my heart.""

I have told the glad news of deliverance in the great congregation;lo, I have not restrained my lips, as thou knowest, O LORD.",repo://assets/rsvce.db,,f18219f159bc104f0ab8cbcf96a1f5cdaad07c7e9763db11c76d916ad2b71a70,70dd99850d9bb6285e36335fa033b229c500dcca75334f588014723cd3f06144,100
local_rsvce,ps40_2_5_7_8a_8b_9_10,WORLD,,,generic,,,,"ps40:2,5,7-8a,8b-9,10","See, I have come, Lord, to do your will","I waited patiently for the LORD; he inclined to me and heard my cry.

Blessed is the man who makes the LORD his trust,who does not turn to the proud, to those who go astray after false gods!

Sacrifice and offering thou dost not desire;but thou hast given me an open ear.  Burnt offering and sin offering thou hast not required. Then I said, ""Lo, I come; in the roll of the book it is written of me;

Then I said, ""Lo, I come; in the roll of the book it is written of me; I delight to do thy will, O my God; thy law is within my heart.""

I have told the glad news of deliverance in the great congregation;lo, I have not restrained my lips, as thou knowest, O LORD.",repo://assets/rsvce.db,,9f8468fe4b47d5404056a22c39a4522c590b74245e433fa21ed7ad76ed5f3c6d,d3e2e881d7f74833a5e63259b8a5a113408bacd08aa086ec4b11814b3f3ab234,100
local_rsvce,ps40_4_6_7a_7b_8_9,WORLD,,,generic,,,,"ps40:4,6-7a,7b-8,9","Here am I, Lord;","He put a new song in my mouth,a song of praise to our God.Many will see and fear, and put their trust in the LORD.

Thou hast multiplied, O LORD my God,thy wondrous deeds and thy thoughts toward us;none can compare with thee!Were I to proclaim and tell of them, they would be more than can be numbered. Sacrifice and offering thou dost not desire;but thou hast given me an open ear.  Burnt offering and sin offering thou hast not required.

Sacrifice and offering thou dost not desire;but thou hast given me an open ear.  Burnt offering and sin offering thou hast not required. Then I said, ""Lo, I come; in the roll of the book it is written of me;

I delight to do thy will, O my God; thy law is within my heart.""",repo://assets/rsvce.db,,1e1f9453f788def7c04d1994fb038e9d2a3bb810deb012d72fd85d30da6598f0,cc6b82f07020a6e96dd90460183c0f2070a4e0a1a74455fb5572169105621896,100
local_rsvce,ps40_5_7_8a_8b_9_10,WORLD,,,generic,,,,"ps40:5,7-8a,8b-9,10","See, I have come, Lord, to do your will","Blessed is the man who makes the LORD his trust,who does not turn to the proud, to those who go astray after false gods!

Sacrifice and offering thou dost not desire;but thou hast given me an open ear.  Burnt offering and sin offering thou hast not required. Then I said, ""Lo, I come; in the roll of the book it is written of me;

Then I said, ""Lo, I come; in the roll of the book it is written of me; I delight to do thy will, O my God; thy law is within my heart.""

I have told the glad news of deliverance in the great congregation;lo, I have not restrained my lips, as thou knowest, O LORD.",repo://assets/rsvce.db,,c05f50d7f4fe1dbe9cb4368edc3c6244ca2c81c6ef1de1283fc1df0718c12060,bdc0da9873f4e22937abaa15f4852c2e451f1ec9457c2cff4410859aa0560bbc,100
local_rsvce,ps40_6_7a_7b_8_9_10ab_16_17c,WORLD,,,generic,,,,"ps40:6-7a,7b-8,9-10ab,16+17c","Here am I, Lord; I come to do your will.","Thou hast multiplied, O LORD my God,thy wondrous deeds and thy thoughts toward us;none can compare with thee!Were I to proclaim and tell of them, they would be more than can be numbered. Sacrifice and offering thou dost not desire;but thou hast given me an open ear.  Burnt offering and sin offering thou hast not required.

Sacrifice and offering thou dost not desire;but thou hast given me an open ear.  Burnt offering and sin offering thou hast not required. Then I said, ""Lo, I come; in the roll of the book it is written of me;

I delight to do thy will, O my God; thy law is within my heart."" I have told the glad news of deliverance in the great congregation;lo, I have not restrained my lips, as thou knowest, O LORD.

Let them be appalled because of their shame who say to me, ""Aha, Aha!"" But may all who seek thee rejoice and be glad in thee;may those who love thy salvation say continually, ""Great is the LORD!""",repo://assets/rsvce.db,,d8656391df7d38d9823113c8817dd3c02bb4445915e7a46c180af56bc46c9b28,0376640890d15a8640ce065db53214e80457e87b9f7a20a5f73216911c69663d,100
local_rsvce,ps40_6_7a_7b_8_9_16,WORLD,,,generic,,,,"ps40:6-7a,7b-8,9,16",Proclaim the death of the Lord until he comes again.,"Thou hast multiplied, O LORD my God,thy wondrous deeds and thy thoughts toward us;none can compare with thee!Were I to proclaim and tell of them, they would be more than can be numbered. Sacrifice and offering thou dost not desire;but thou hast given me an open ear.  Burnt offering and sin offering thou hast not required.

Sacrifice and offering thou dost not desire;but thou hast given me an open ear.  Burnt offering and sin offering thou hast not required. Then I said, ""Lo, I come; in the roll of the book it is written of me;

I delight to do thy will, O my God; thy law is within my heart.""

Let them be appalled because of their shame who say to me, ""Aha, Aha!""",repo://assets/rsvce.db,,a972e8c47cb5dc2727229c867ca4896d076a9dc35e561c49c50b1c1b57d9b7a4,4a34ce1416a477683cb8cb5eedfbbe6cb2b3a711d812716034a59acc36b75c40,100
local_rsvce,ps40_7_8a_8b_9_10_11,WORLD,,,generic,,,,"ps40:7-8a,8b-9,10,11",(8) Who is this king of glory? It is the Lord!,"Sacrifice and offering thou dost not desire;but thou hast given me an open ear.  Burnt offering and sin offering thou hast not required. Then I said, ""Lo, I come; in the roll of the book it is written of me;

Then I said, ""Lo, I come; in the roll of the book it is written of me; I delight to do thy will, O my God; thy law is within my heart.""

I have told the glad news of deliverance in the great congregation;lo, I have not restrained my lips, as thou knowest, O LORD.

I have not hid thy saving help within my heart,I have spoken of thy faithfulness and thy salvation;I have not concealed thy steadfast love and thy faithfulness from the great congregation.",repo://assets/rsvce.db,,017afbe3a5ee721caf2730b46a60814f82516e93ab487bc98bae2b1a076e2631,416b480c138ce8974b8e2ba8ec74935fd8a3eca4e94efe9648cdd3df8eea3444,100
local_rsvce,ps40_7_8a_8b_9_10_17,WORLD,,,generic,,,,"ps40:7-8a,8b-9,10,17",Proclaim the Lord’s death until he comes.,"Sacrifice and offering thou dost not desire;but thou hast given me an open ear.  Burnt offering and sin offering thou hast not required. Then I said, ""Lo, I come; in the roll of the book it is written of me;

Then I said, ""Lo, I come; in the roll of the book it is written of me; I delight to do thy will, O my God; thy law is within my heart.""

I have told the glad news of deliverance in the great congregation;lo, I have not restrained my lips, as thou knowest, O LORD.

But may all who seek thee rejoice and be glad in thee;may those who love thy salvation say continually, ""Great is the LORD!""",repo://assets/rsvce.db,,cbe6214a81df1791be3b3a4ca4abd1bf034c1d71f55a3006c796f488f6ca6ad1,60423b26d27f449aaa68b2b18517e85e923243118d387e5ec155ba7241e21b04,100
local_rsvce,ps41_2_3_4_5_13_14,WORLD,,,generic,,,,"ps41:2-3,4-5,13-14","(5b) Lord, heal my soul, for I have sinned against you.","Blessed is he who considers the poor!  The LORD delivers him in the day of trouble; the LORD protects him and keeps him alive;he is called blessed in the land; thou dost not give him up to the will of his enemies.

The LORD sustains him on his sickbed; in his illness thou healest all his infirmities. As for me, I said,""O LORD, be gracious to me; heal me, for I have sinned against thee!""

But thou hast upheld me because of my integrity, and set me in thy presence for ever. Blessed be the LORD, the God of Israel,from everlasting to everlasting! Amen and Amen.",repo://assets/rsvce.db,,fddfa95180f151803e23c12ae5f4f95e02a0880c7dc23dcd0ea2359dad8cffca,7ed25b883dc0031d429fedb110a42bd95d55592f6a84b81f4416a3dffd83f894,100
local_rsvce,ps42_1_2_3_43_3_4,WORLD,,,generic,,,,"ps42:1-2,3,43:3,4",My soul is thirsting for the living God;,"As a hart longs for flowing streams, so longs my soul for thee, O God. My soul thirsts for God, for the living God. When shall I come and behold the face of God?

My soul thirsts for God, for the living God. When shall I come and behold the face of God?

Oh send out thy light and thy truth;let them lead me, let them bring me to thy holy hill and to thy dwelling!

Then I will go to the altar of God,to God my exceeding joy; and I will praise thee with the lyre, O God, my God.",repo://assets/rsvce.db,,8e7d5c4c115540e98517c4f882f8c6e345e055d80dbfb0e88501d1797f0b1bfe,3af2e2308d4cf008eca87f88c123e87e55f9924847bcf4cdee3374e87797eb46,100
local_rsvce,ps42_1_2_3_4b_4cd_5,WORLD,,,generic,,,,"ps42:1-2,3-4b,4cd,5",My soul is thirsting for the living God.,"As a hart longs for flowing streams, so longs my soul for thee, O God. My soul thirsts for God, for the living God. When shall I come and behold the face of God?

My soul thirsts for God, for the living God. When shall I come and behold the face of God? My tears have been my food day and night, while men say to me continually, ""Where is your God?""

My tears have been my food day and night, while men say to me continually, ""Where is your God?""

These things I remember, as I pour out my soul:how I went with the throng,and led them in procession to the house of God,with glad shouts and songs of thanksgiving, a multitude keeping festival.",repo://assets/rsvce.db,,982a67919183b5a517acba200773ae944fa27ecd2a4be7dc68c2f571638cca2e,cfe9925c1941c16576b327d012e5712451b1531fb321b1fbc0ca85c45b43212e,100
local_rsvce,ps42_1_2_43_3_4,WORLD,,,generic,,,,"ps42:1-2,43:3,4",My soul is thirsting for the living God.,"As a hart longs for flowing streams, so longs my soul for thee, O God. My soul thirsts for God, for the living God. When shall I come and behold the face of God?

Oh send out thy light and thy truth;let them lead me, let them bring me to thy holy hill and to thy dwelling!

Then I will go to the altar of God,to God my exceeding joy; and I will praise thee with the lyre, O God, my God.",repo://assets/rsvce.db,,7c882a3035d2965858d872ee014f2cbd6e5bd80bd2060fd84bbde116bac2e8e9,c7c0f2b735f5060e953df903b18237e9582ecd7f3e55e06ec509ba509f3b9b24,100
local_rsvce,ps42_2_3_43_3_4,WORLD,,,generic,,,,"ps42:2-3,43:3-4","My soul is thirsting for you, the living God. Or: Alleluia.","As a hart longs for flowing streams, so longs my soul for thee, O God. My soul thirsts for God, for the living God. When shall I come and behold the face of God?

Oh send out thy light and thy truth;let them lead me, let them bring me to thy holy hill and to thy dwelling! Then I will go to the altar of God,to God my exceeding joy; and I will praise thee with the lyre, O God, my God.",repo://assets/rsvce.db,,88a0837150d291a1a3455e7d48889968f23aba1795d73284fdbb747b049861ba,94a44f25f44f6c7cf3d8ce3ac41fc257b2ef5322de0dcb12ed540dbe95466292,100
local_rsvce,ps42_2_3_43_3_4__alias_112adc2a2976,WORLD,,,generic,,,,"ps42:2-3,43:3,4","My soul is thirsting for you, the living God. Or: Alleluia.","As a hart longs for flowing streams, so longs my soul for thee, O God. My soul thirsts for God, for the living God. When shall I come and behold the face of God?

Oh send out thy light and thy truth;let them lead me, let them bring me to thy holy hill and to thy dwelling! Then I will go to the altar of God,to God my exceeding joy; and I will praise thee with the lyre, O God, my God.",repo://assets/rsvce.db,,88a0837150d291a1a3455e7d48889968f23aba1795d73284fdbb747b049861ba,94a44f25f44f6c7cf3d8ce3ac41fc257b2ef5322de0dcb12ed540dbe95466292,100
local_rsvce,ps42_2_3_43_3_4__alias_83bc95cf3cac,WORLD,,,generic,,,,"ps42:2,3,43:3,4","My soul is thirsting for you, the living God. Or: Alleluia.","As a hart longs for flowing streams, so longs my soul for thee, O God. My soul thirsts for God, for the living God. When shall I come and behold the face of God?

Oh send out thy light and thy truth;let them lead me, let them bring me to thy holy hill and to thy dwelling! Then I will go to the altar of God,to God my exceeding joy; and I will praise thee with the lyre, O God, my God.",repo://assets/rsvce.db,,88a0837150d291a1a3455e7d48889968f23aba1795d73284fdbb747b049861ba,94a44f25f44f6c7cf3d8ce3ac41fc257b2ef5322de0dcb12ed540dbe95466292,100
local_rsvce,ps42_2_3_5,WORLD,,,generic,,,,"ps42:2,3,5","My soul is thirsting for you, the living God.","As a hart longs for flowing streams, so longs my soul for thee, O God.

My soul thirsts for God, for the living God. When shall I come and behold the face of God?

These things I remember, as I pour out my soul:how I went with the throng,and led them in procession to the house of God,with glad shouts and songs of thanksgiving, a multitude keeping festival.",repo://assets/rsvce.db,,8f5e6bd7bb33bb7b0badbd729cdf5f61afeaf7e27ffc7a43662d07c44e36b238,eb9c0d2f0fed0ed63d7c22a2217f5f2c85ca045984f1f714cf8a2bc5750ad41b,100
local_rsvce,ps42_3_5_43_3_4,WORLD,,,generic,,,,"ps42:3,5,43:3-4","Like the deer that yearns for running streams, so my soul is yearning for you, my God.","My soul thirsts for God, for the living God. When shall I come and behold the face of God?

These things I remember, as I pour out my soul:how I went with the throng,and led them in procession to the house of God,with glad shouts and songs of thanksgiving, a multitude keeping festival.

Oh send out thy light and thy truth;let them lead me, let them bring me to thy holy hill and to thy dwelling! Then I will go to the altar of God,to God my exceeding joy; and I will praise thee with the lyre, O God, my God.",repo://assets/rsvce.db,,40aa1da32d3c74c36339c303e7586506840dac24b20e7b4f82ff180fe6873966,f9fe56bc10909b644f8c207d6904bf1dbb0975dcab6df8626834d3306be4e12e,100
local_rsvce,ps42_3_5bcd_43_3_4,WORLD,,,generic,,,,"ps42:3,5bcd,43:3,4","Like the deer that yearns for running streams,","My soul thirsts for God, for the living God. When shall I come and behold the face of God?

These things I remember, as I pour out my soul:how I went with the throng,and led them in procession to the house of God,with glad shouts and songs of thanksgiving, a multitude keeping festival.

Oh send out thy light and thy truth;let them lead me, let them bring me to thy holy hill and to thy dwelling!

Then I will go to the altar of God,to God my exceeding joy; and I will praise thee with the lyre, O God, my God.",repo://assets/rsvce.db,,34256eb29e2dafae535477503f2f1097e30d9675df98d1c67e287c4e9a142f66,39e0ddfe2e296d9254df7486f7dace782d113ac9bf1758884aace752d811c7d6,100
local_rsvce,ps43_1_2_3_4,WORLD,,,generic,,,,"ps43:1,2,3,4","Hope in God, I will praise him,","Vindicate me, O God,and defend my cause against an ungodly people; from deceitful and unjust men deliver me!

For thou art the God in whom I take refuge;why hast thou cast me off? Why go I mourning because of the oppression of the enemy?

Oh send out thy light and thy truth;let them lead me, let them bring me to thy holy hill and to thy dwelling!

Then I will go to the altar of God,to God my exceeding joy; and I will praise thee with the lyre, O God, my God.",repo://assets/rsvce.db,,54ef2c7255acbe201d01b23b3242157f96a3d30303397fb51bb6b15cd3de3b82,7cb2d2d81f03967dede5aa0fbc501aac261893f32445e8aa02669096bab82b48,100
local_rsvce,ps44_10_11_14_15_24_25,WORLD,,,generic,,,,"ps44:10,11,14-15,24-25","Redeem us, O Lord, with your merciful love!","Yet thou hast cast us off and abased us, and hast not gone out with our armies.

Thou hast made us turn back from the foe; and our enemies have gotten spoil.

Thou hast made us the taunt of our neighbors, the derision and scorn of those about us. Thou hast made us a byword among the nations, a laughingstock among the peoples.

Rouse thyself! Why sleepest thou, O Lord? Awake! Do not cast us off for ever! Why dost thou hide thy face? Why dost thou forget our affliction and oppression?",repo://assets/rsvce.db,,e03a220a95aefa9fab0bcb13d4aebcd19a03acce8c56de4e54925fcd32cc641e,d2cb6a99db1b273e83a76a7cd94258156b5952ebbcc1e3e07009e936af1f29e8,100
local_rsvce,ps44_9_10_13_14_23_24,WORLD,,,generic,,,,"ps44:9-10,13-14,23-24","Save us Lord, in your mercy.","In God we have boasted continually, and we will give thanks to thy name for ever. [Selah] Yet thou hast cast us off and abased us, and hast not gone out with our armies.

Thou hast sold thy people for a trifle, demanding no high price for them. Thou hast made us the taunt of our neighbors, the derision and scorn of those about us.

Nay, for thy sake we are slain all the day long, and accounted as sheep for the slaughter. Rouse thyself! Why sleepest thou, O Lord? Awake! Do not cast us off for ever!",repo://assets/rsvce.db,,5a2248d0f05ab46ed30b2b24269643ef1e0aac73041a526116a4ec1f34729a01,a575bfb6286bde8069dd69b60474ba5d89bed3727f6637971c943a7a9ac9b839,100
local_rsvce,ps45_10_11_12_16,WORLD,,,generic,,,,"ps45:10,11,12,16","(10bc) The queen stands at your right hand, arrayed in gold.","daughters of kings are among your ladies of honor; at your right hand stands the queen in gold of Ophir.

Hear, O daughter, consider, and incline your ear; forget your people and your father's house;

and the king will desire your beauty. Since he is your lord, bow to him;

With joy and gladness they are led along as they enter the palace of the king.",repo://assets/rsvce.db,,fe4b39fccb1c1a6c6d8a8ed91d250980f2d4ef125107bcccd4a395a09779c32a,06c5c7167edbba2fceaadc173b0ada73bed612602e7d830e51dfd2be269f1bc4,100
local_rsvce,ps45_10_11_13_14_15_16,WORLD,,,generic,,,,"ps45:10-11,13-14,15-16","Listen to me, daughter; see and bend your ear.","daughters of kings are among your ladies of honor; at your right hand stands the queen in gold of Ophir. Hear, O daughter, consider, and incline your ear; forget your people and your father's house;

the people of Tyre will sue your favor with gifts, the richest of the people with all kinds of wealth. The princess is decked in her chamber with gold-woven robes;

in many-colored robes she is led to the king, with her virgin companions, her escort,  in her train. With joy and gladness they are led along as they enter the palace of the king.",repo://assets/rsvce.db,,c6ceaac531bbbc716bf52a4b903e9865e2adb1c728eb587d3caca5dd9a80774e,1de936f3b2f7a231b408bd8e27a5b6c3ad02c5fe3a0c03e5401d341e5c20c2d7,100
local_rsvce,ps45_10_11_13b_14_15_16,WORLD,,,generic,,,,"ps45:10-11,13b-14,15-16","Listen to me, daughter; see and bend your ear.","daughters of kings are among your ladies of honor; at your right hand stands the queen in gold of Ophir. Hear, O daughter, consider, and incline your ear; forget your people and your father's house;

the people of Tyre will sue your favor with gifts, the richest of the people with all kinds of wealth. The princess is decked in her chamber with gold-woven robes;

in many-colored robes she is led to the king, with her virgin companions, her escort,  in her train. With joy and gladness they are led along as they enter the palace of the king.",repo://assets/rsvce.db,,c6ceaac531bbbc716bf52a4b903e9865e2adb1c728eb587d3caca5dd9a80774e,1de936f3b2f7a231b408bd8e27a5b6c3ad02c5fe3a0c03e5401d341e5c20c2d7,100
local_rsvce,ps45_10_11_13b_14_15_16_mt25_6b,WORLD,,,generic,,,,"ps45:10-11,13b-14,15-16",The bridegroom is here; let us go out to meet Christ the Lord.,"daughters of kings are among your ladies of honor; at your right hand stands the queen in gold of Ophir. Hear, O daughter, consider, and incline your ear; forget your people and your father's house;

the people of Tyre will sue your favor with gifts, the richest of the people with all kinds of wealth. The princess is decked in her chamber with gold-woven robes;

in many-colored robes she is led to the king, with her virgin companions, her escort,  in her train. With joy and gladness they are led along as they enter the palace of the king.

Your arrows are sharp in the heart of the king's enemies; the peoples fall under you.",repo://assets/rsvce.db,,9b6c52cd0f6064785fe912293609b3cd0aef3ab3e50df38973fac728ef84d3c8,3946d271f760f5fcc7e4b98d53e54124f1a4afc1d29f87072df4b36ab25af617,100
local_rsvce,ps45_11_12_14_15_16_17,WORLD,,,generic,,,,"ps45:11-12,14-15,16-17","Listen, O daughter; pay heed and give ear.","Hear, O daughter, consider, and incline your ear; forget your people and your father's house; and the king will desire your beauty. Since he is your lord, bow to him;

with all kinds of wealth. The princess is decked in her chamber with gold-woven robes; in many-colored robes she is led to the king, with her virgin companions, her escort,  in her train.

With joy and gladness they are led along as they enter the palace of the king. Instead of your fathers shall be your sons; you will make them princes in all the earth.",repo://assets/rsvce.db,,84678e4ec998b3868f19839dd7e6fca5840a530c3ae319d4d8d477ec701eab30,5f63dcbc34b9f7176d5b099e6d16253cbb018bc77f54ba2a24431149ccbccd99,100
local_rsvce,ps45_9_10_11a_12c_14_15_17,WORLD,,,generic,,,,"ps45:9-10,11a+12c+14,15+17","The queen stands at your right hand, arrayed in gold.","your robes are all fragrant with myrrh and aloes and cassia. From ivory palaces stringed instruments make you glad; daughters of kings are among your ladies of honor; at your right hand stands the queen in gold of Ophir.

Hear, O daughter, consider, and incline your ear; forget your people and your father's house; and the king will desire your beauty. Since he is your lord, bow to him; with all kinds of wealth. The princess is decked in her chamber with gold-woven robes;

in many-colored robes she is led to the king, with her virgin companions, her escort,  in her train. Instead of your fathers shall be your sons; you will make them princes in all the earth.",repo://assets/rsvce.db,,11927186f711da776958f867366ca14a97cce1ef6fefc2da6b730bd0b0c158d7,69a0aa2dcf31cfdc90b2bfa6d9fce0ae2429357bf3feb5bceddbcd4378150953,100
local_rsvce,ps46_1_2_4_5_7_8,WORLD,,,generic,,,,"ps46:1-2,4-5,7-8",The mighty Lord is our refuge.++,"God is our refuge and strength, a very present help in trouble. Therefore we will not fear though the earth should change, though the mountains shake in the heart of the sea;

though its waters roar and foam, though the mountains tremble with its tumult. [Selah] There is a river whose streams make glad the city of God, the holy habitation of the Most High.

The nations rage, the kingdoms totter; he utters his voice, the earth melts. The LORD of hosts is with us; the God of Jacob is our refuge.  [Selah]",repo://assets/rsvce.db,,93042809f1bac1dcbf20bda51f23147101e7aafadbb6d96c039f204b383ccdb0,3093d70a5c74979cc401075921821d333f5fc6258126736311cda6f643c63f49,100
local_rsvce,ps46_2_3_5_6_8_9,WORLD,,,generic,,,,"ps46:2-3,5-6,8-9","(5) The waters of the river gladden the city of God,","God is our refuge and strength, a very present help in trouble. Therefore we will not fear though the earth should change, though the mountains shake in the heart of the sea;

There is a river whose streams make glad the city of God, the holy habitation of the Most High. God is in the midst of her,she shall not be moved; God will help her right early.

The LORD of hosts is with us; the God of Jacob is our refuge.  [Selah] Come, behold the works of the LORD, how he has wrought desolations in the earth.",repo://assets/rsvce.db,,256136c8759f828930563865e80b5345ca1eabbf459435922057d4fd20afcb7b,ede75d729003ff815db19b9311da51d3316216683ab4de1d831aac44f480b07c,100
local_rsvce,ps47_1_2_3_4_5_6,WORLD,,,generic,,,,"ps47:1-2,3-4,5-6",God is king of all the earth.,"Clap your hands, all peoples! Shout to God with loud songs of joy! For the LORD, the Most High, is terrible, a great king over all the earth.

For the LORD, the Most High, is terrible, a great king over all the earth. He subdued peoples under us, and nations under our feet.

He chose our heritage for us, the pride of Jacob whom he loves. [Selah] God has gone up with a shout, the LORD with the sound of a trumpet.",repo://assets/rsvce.db,,8ca47c6ac1234bb5aad42b1edeb1c716eafa850b15e92298cce3aa89d0573c27,230a8998b9958d59247aa9d215376e3b7e40c0aa4b246b25531fa574ecc36fcc,100
local_rsvce,ps47_1_2_5_6_7_8,WORLD,,,generic,,,,"ps47:1-2,5-6,7-8","God ascends with songs of joy,","Clap your hands, all peoples! Shout to God with loud songs of joy! For the LORD, the Most High, is terrible, a great king over all the earth.

He chose our heritage for us, the pride of Jacob whom he loves. [Selah] God has gone up with a shout, the LORD with the sound of a trumpet.

Sing praises to God, sing praises! Sing praises to our King, sing praises! For God is the king of all the earth; sing praises with a psalm!",repo://assets/rsvce.db,,1dc5055126511204a9a80f4130720ddffffd473d7390050ebd6c657fb43c66ce,659dd0e3b097806c4b34e12ba7936c4cddcb68e7dee6a5ca84964ae72ae5a360,100
local_rsvce,ps47_1_2_7_8_9,WORLD,,,generic,,,,"ps47:1-2,7-8,9",God is king of all the earth.,"Clap your hands, all peoples! Shout to God with loud songs of joy! For the LORD, the Most High, is terrible, a great king over all the earth.

Sing praises to God, sing praises! Sing praises to our King, sing praises! For God is the king of all the earth; sing praises with a psalm!

God reigns over the nations; God sits on his holy throne.",repo://assets/rsvce.db,,8558e9b0b34c597d8f265e4d0b85bec8ffd893e478cbb93bb286009dc81a88da,086b06c1a50ac3fdaa4318dba2f4ff4770ab9f24748331347626e36d69456134,100
local_rsvce,ps47_2_3_4_5_6_7,WORLD,,,generic,,,,"ps47:2-3,4-5,6-7",God is king of all the earth. Or: Alleluia.,"Clap your hands, all peoples! Shout to God with loud songs of joy! For the LORD, the Most High, is terrible, a great king over all the earth.

He subdued peoples under us, and nations under our feet. He chose our heritage for us, the pride of Jacob whom he loves. [Selah]

God has gone up with a shout, the LORD with the sound of a trumpet. Sing praises to God, sing praises! Sing praises to our King, sing praises!",repo://assets/rsvce.db,,f3dd6f70d38373a68ea8102de4c3c3a4f4d3f147853334e47d29637c458b5ecb,18bcd7ba89c2aba36c6f91872ee5dab2ecc6c6850fe7b1bb85d6aef87da55ff6,100
local_rsvce,ps47_2_3_6_7_8_9,WORLD,,,generic,,,,"ps47:2-3,6-7,8-9","(4) O God, let all the nations praise you!","Clap your hands, all peoples! Shout to God with loud songs of joy! For the LORD, the Most High, is terrible, a great king over all the earth.

God has gone up with a shout, the LORD with the sound of a trumpet. Sing praises to God, sing praises! Sing praises to our King, sing praises!

For God is the king of all the earth; sing praises with a psalm! God reigns over the nations; God sits on his holy throne.",repo://assets/rsvce.db,,58c1251b25870e69094728a799b7eacacc3f5322cd4405c5280f16732df0438c,454cf16014ae46db62f0f023ef0768c40d5f7e5c48dbf62598ecb8577c1cc50a,100
local_rsvce,ps47_2_3_8_9_10,WORLD,,,generic,,,,"ps47:2-3,8-9,10",God is king of all the   earth.,"Clap your hands, all peoples! Shout to God with loud songs of joy! For the LORD, the Most High, is terrible, a great king over all the earth.

For God is the king of all the earth; sing praises with a psalm! God reigns over the nations; God sits on his holy throne.

The princes of the peoplesgather as the people of the God of Abraham.For the shields of the earth belong to God; he is highly exalted!",repo://assets/rsvce.db,,a0090a652aa6ea0cc10c220732ef7404a977a8180b232af5b343bf796c7054b6,8ce2c334cfdcca06dc86d14e34910c52da5ffe7b6a12740e945d5d26464132d6,100
local_rsvce,ps48_1_2a_2b_3_4_5_6_7,WORLD,,,generic,,,,"ps48:1-2a,2b-3,4-5,6-7",God upholds his city for ever.,"Great is the LORDand greatly to be praised in the city of our God! His holy mountain, beautiful in elevation,is the joy of all the earth,Mount Zion, in the far north, the city of the great King.

Great is the LORDand greatly to be praised in the city of our God! His holy mountain, beautiful in elevation,is the joy of all the earth,Mount Zion, in the far north, the city of the great King.

Within her citadels God has shown himself a sure defense. For lo, the kings assembled, they came on together.

As soon as they saw it, they were astounded, they were in panic, they took to flight; trembling took hold of them there, anguish as of a woman in travail.",repo://assets/rsvce.db,,9e8a3b67f9306f86b08f8c635e0ac0fc8b86e3732ded7caf02d9e833d3ed5174,cdfe2cc10bced105cd1aefbfd6fdeedcd8bcd705f22e7a366f32f9c4d45cfedd,100
local_rsvce,ps48_1_2a_2b_3_8_9_10,WORLD,,,generic,,,,"ps48:1-2a,2b-3,8,9-10","God, in your temple, we ponder your love.","Great is the LORDand greatly to be praised in the city of our God! His holy mountain, beautiful in elevation,is the joy of all the earth,Mount Zion, in the far north, the city of the great King.

Great is the LORDand greatly to be praised in the city of our God! His holy mountain, beautiful in elevation,is the joy of all the earth,Mount Zion, in the far north, the city of the great King.

By the east wind thou didst shatter the ships of Tarshish.

As we have heard, so have we seen in the city of the LORD of hosts,in the city of our God, which God establishes for ever. [Selah] We have thought on thy steadfast love, O God, in the midst of thy temple.",repo://assets/rsvce.db,,24d4c68fbd7b5b070d22ae87082cacb52c4ece0424de08ba6140ed4421e3cf83,58445c6086f4b34e47278787647467974f2a255f5fb43ec5ffb3805bacdce44c,100
local_rsvce,ps48_1_2a_2b_3_9_10,WORLD,,,generic,,,,"ps48:1-2a,2b-3,9-10",God upholds his city for ever.,"Great is the LORDand greatly to be praised in the city of our God! His holy mountain, beautiful in elevation,is the joy of all the earth,Mount Zion, in the far north, the city of the great King.

Great is the LORDand greatly to be praised in the city of our God! His holy mountain, beautiful in elevation,is the joy of all the earth,Mount Zion, in the far north, the city of the great King.

As we have heard, so have we seen in the city of the LORD of hosts,in the city of our God, which God establishes for ever. [Selah] We have thought on thy steadfast love, O God, in the midst of thy temple.",repo://assets/rsvce.db,,0f4a6efc9f0e45e02b200bfa8ade6d057133de645ddf0f5bd5e9dec122944355,02ab6bf25533c9c9cbe1313adf147dd11cb417fb5f99dc11efe2af1b13866b6c,100
local_rsvce,ps48_2_3ab_3c_4_5_6_7_8,WORLD,,,generic,,,,"ps48:2-3ab,3c-4,5-6,7-8",God establishes his city forever.,"Great is the LORDand greatly to be praised in the city of our God! His holy mountain, beautiful in elevation,is the joy of all the earth,Mount Zion, in the far north, the city of the great King.

beautiful in elevation,is the joy of all the earth,Mount Zion, in the far north, the city of the great King. Within her citadels God has shown himself a sure defense.

For lo, the kings assembled, they came on together. As soon as they saw it, they were astounded, they were in panic, they took to flight;

trembling took hold of them there, anguish as of a woman in travail. By the east wind thou didst shatter the ships of Tarshish.",repo://assets/rsvce.db,,e82c798e37e20e8112c551ea8c82fab939979d814b012e2ede2c3d9f036e0daf,e15f8be446fb71cb7c45839317c1ab93f49c562f405bef7fd976c06f07ef65d1,100
local_rsvce,ps48_2_3ab_3cd_4_10_11,WORLD,,,generic,,,,"ps48:2-3ab,3cd-4,10-11",God establishes his city forever.,"Great is the LORDand greatly to be praised in the city of our God! His holy mountain, beautiful in elevation,is the joy of all the earth,Mount Zion, in the far north, the city of the great King.

beautiful in elevation,is the joy of all the earth,Mount Zion, in the far north, the city of the great King. Within her citadels God has shown himself a sure defense.

We have thought on thy steadfast love, O God, in the midst of thy temple. As thy name, O God, so thy praise reaches to the ends of the earth. Thy right hand is filled with victory;",repo://assets/rsvce.db,,8e39e603888a0311799aa9b797974ec2d7cebd502a19f9f4ef7622438dc2ceb0,acc1f3f6e631ab82f970b6f7230bfa024535adc21ffb451912b3dfac73b3904a,100
local_rsvce,ps48_2_3ab_3cd_4_9_10_11,WORLD,,,generic,,,,"ps48:2-3ab,3cd-4,9,10-11","O God, we ponder your mercy within your temple.","Great is the LORDand greatly to be praised in the city of our God! His holy mountain, beautiful in elevation,is the joy of all the earth,Mount Zion, in the far north, the city of the great King.

beautiful in elevation,is the joy of all the earth,Mount Zion, in the far north, the city of the great King. Within her citadels God has shown himself a sure defense.

As we have heard, so have we seen in the city of the LORD of hosts,in the city of our God, which God establishes for ever. [Selah]

We have thought on thy steadfast love, O God, in the midst of thy temple. As thy name, O God, so thy praise reaches to the ends of the earth. Thy right hand is filled with victory;",repo://assets/rsvce.db,,73780e43dcaca34ecaede62565410f0179afff21c0d62853960bafa04a3e0d23,46d5c85d0d320ed754a5bbec42e2d3f1337b667db340ab9769c8d256e87e69ba,100
local_rsvce,ps49_13_14ab_14cd_15_16_17_18_19,WORLD,,,generic,,,,"ps49:13-14ab,14cd-15,16-17,18-19","Blessed are the poor in spirit,","Man cannot abide in his pomp, he is like the beasts that perish. This is the fate of those who have foolish confidence, the end of those who are pleased with their portion. [Selah]

This is the fate of those who have foolish confidence, the end of those who are pleased with their portion. [Selah] Like sheep they are appointed for Sheol;Death shall be their shepherd;straight to the grave they descend, and their form shall waste away; Sheol shall be their home.

But God will ransom my soul from the power of Sheol, for he will receive me. [Selah] Be not afraid when one becomes rich, when the glory of his house increases.

For when he dies he will carry nothing away; his glory will not go down after him. Though, while he lives, he counts himself happy, and though a man gets praise when he does well for himself,",repo://assets/rsvce.db,,6de1b1c881cbafe7c6f4b613905e31bcf6137406d8d2c724ea8c78569f8d0576,f44baf5aa1ffb6965bfd48debe49bd3b5cfb697fccd4b77cc3745cdf0776803b,100
local_rsvce,ps49_14_15ab_15cd_16_17_18_19_20,WORLD,,,generic,,,,"ps49:14-15ab,15cd-16,17-18,19-20","Blessed are the poor in spirit, for theirs is the kingdom of heaven.","This is the fate of those who have foolish confidence, the end of those who are pleased with their portion. [Selah] Like sheep they are appointed for Sheol;Death shall be their shepherd;straight to the grave they descend, and their form shall waste away; Sheol shall be their home.

Like sheep they are appointed for Sheol;Death shall be their shepherd;straight to the grave they descend, and their form shall waste away; Sheol shall be their home. But God will ransom my soul from the power of Sheol, for he will receive me. [Selah]

Be not afraid when one becomes rich, when the glory of his house increases. For when he dies he will carry nothing away; his glory will not go down after him.

Though, while he lives, he counts himself happy, and though a man gets praise when he does well for himself, he will go to the generation of his fathers, who will never more see the light.",repo://assets/rsvce.db,,72172196d25d96bea041362bf1d511a27d80dcf8533489c00aedf1ebb0e6b6b4,ebabbbeba01360bbdbe1a1dc99094f75375fc82ecfdffe672cfaf73689d85fad,100
local_rsvce,ps49_1_2_5_6_7_9_10_13,WORLD,,,generic,,,,"ps49:1-2,5-6,7-9,10+13",Blessed are the poor in spirit;,"Hear this, all peoples! Give ear, all inhabitants of the world, both low and high, rich and poor together!

I will incline my ear to a proverb; I will solve my riddle to the music of the lyre. Why should I fear in times of trouble, when the iniquity of my persecutors surrounds me,

men who trust in their wealth and boast of the abundance of their riches? Truly no man can ransom himself,  or give to God the price of his life, for the ransom of his life is costly, and can never suffice,

that he should continue to live on for ever, and never see the Pit. Man cannot abide in his pomp, he is like the beasts that perish.",repo://assets/rsvce.db,,bc3e1c411ebb0c69b9b650259716ee3b68227425dfa7b45bab3d75d3aa5a4acf,0fcf561e6d11d0ea6285ef9e00cebc0d0226b75a8e243eb3d0313ad34eb45952,100
local_rsvce,ps49_2_3_6_7_8_10_11,WORLD,,,generic,,,,"ps49:2-3,6-7,8-10,11","Blessed are the poor in spirit, for theirs is the kingdom of heaven.","Hear this, all peoples! Give ear, all inhabitants of the world, both low and high, rich and poor together!

Why should I fear in times of trouble, when the iniquity of my persecutors surrounds me, men who trust in their wealth and boast of the abundance of their riches?

Truly no man can ransom himself,  or give to God the price of his life, for the ransom of his life is costly, and can never suffice, that he should continue to live on for ever, and never see the Pit.

Yea, he shall see that even the wise die,the fool and the stupid alike must perish and leave their wealth to others.",repo://assets/rsvce.db,,ec9aee955104c9fe2d8d811e18fdbf757cfa2485a8159c4d1576c257e5df70f6,6391a0efa0bcf79cca719ec2ea026d50b16dc3f8da70a393376c746afaf9e3d2,100
local_rsvce,ps49_5_6_7_9_16_17_18_19,WORLD,,,generic,,,,"ps49:5-6,7-9,16-17,18-19",Blessed are the poor in spirit;,"I will incline my ear to a proverb; I will solve my riddle to the music of the lyre. Why should I fear in times of trouble, when the iniquity of my persecutors surrounds me,

men who trust in their wealth and boast of the abundance of their riches? Truly no man can ransom himself,  or give to God the price of his life, for the ransom of his life is costly, and can never suffice,

But God will ransom my soul from the power of Sheol, for he will receive me. [Selah] Be not afraid when one becomes rich, when the glory of his house increases.

For when he dies he will carry nothing away; his glory will not go down after him. Though, while he lives, he counts himself happy, and though a man gets praise when he does well for himself,",repo://assets/rsvce.db,,0c9cc887d820576e557b4a3bfbae697f8070447a4785bb6b843cbd38a2ea6c07,e72a5de9e13574265752cf522a4f49521021173c381f64412adea0b0e0da916a,100
local_rsvce,ps49_6_7_8_10_17_18_19_20,WORLD,,,generic,,,,"ps49:6-7,8-10,17-18,19-20","Blessed are the poor in spirit, for theirs is the kingdom of heaven.","Why should I fear in times of trouble, when the iniquity of my persecutors surrounds me, men who trust in their wealth and boast of the abundance of their riches?

Truly no man can ransom himself,  or give to God the price of his life, for the ransom of his life is costly, and can never suffice, that he should continue to live on for ever, and never see the Pit.

Be not afraid when one becomes rich, when the glory of his house increases. For when he dies he will carry nothing away; his glory will not go down after him.

Though, while he lives, he counts himself happy, and though a man gets praise when he does well for himself, he will go to the generation of his fathers, who will never more see the light.",repo://assets/rsvce.db,,7def75351ceef948bf8f474b1a3df77a9ca3a9123b5ea3be490d24252432d772,086da501a21e4ee3b90243a9d38888f75a8d89669d5aadfc354718684edf31c2,100
local_rsvce,ps4_1_2_3_4_6_7,WORLD,,,generic,,,,"ps4:1-2,3-4,6-7","Lord, let your face shine on us.","Answer me when I call, O God of my right!Thou hast given me room when I was in distress. Be gracious to me, and hear my prayer. O men, how long shall my honor suffer shame? How long will you love vain words, and seek after lies? [Selah]

O men, how long shall my honor suffer shame? How long will you love vain words, and seek after lies? [Selah] But know that the LORD has set apart the godly for himself; the LORD hears when I call to him.

Offer right sacrifices, and put your trust in the LORD. There are many who say, ""O that we might see some good! Lift up the light of thy countenance upon us, O LORD!""",repo://assets/rsvce.db,,948d6f718537464e086d824b82ac31381d2399a5732907e3c5cdad769edae343,75836702d96266958c22033db8ef87be2dc5771fface8bacf117e95f92ce3969,100
local_rsvce,ps4_2_3_4_5_7a_8,WORLD,,,generic,,,,"ps4:2-3,4-5,7a,8","Lift up the light of your face on us, O Lord.","Answer me when I call, O God of my right!Thou hast given me room when I was in distress. Be gracious to me, and hear my prayer. O men, how long shall my honor suffer shame? How long will you love vain words, and seek after lies? [Selah]

But know that the LORD has set apart the godly for himself; the LORD hears when I call to him. Be angry, but sin not; commune with your own hearts on your beds, and be silent. [Selah]

There are many who say, ""O that we might see some good! Lift up the light of thy countenance upon us, O LORD!""

Thou hast put more joy in my heart than they have when their grain and wine abound.",repo://assets/rsvce.db,,8348aefad830523554f9767741f575cf709f7eeb7374aa398eb53bbd30ba32ed,5dfe8612edf5bbe555a8dbbe79a7afb3cdbb0d060bf7e44e7daff1685057d337,100
local_rsvce,ps4_2_4_7_8_9,WORLD,,,generic,,,,"ps4:2,4,7-8,9","(7a) Lord, let your face shine on us.","Answer me when I call, O God of my right!Thou hast given me room when I was in distress. Be gracious to me, and hear my prayer.

But know that the LORD has set apart the godly for himself; the LORD hears when I call to him.

There are many who say, ""O that we might see some good! Lift up the light of thy countenance upon us, O LORD!"" Thou hast put more joy in my heart than they have when their grain and wine abound.

In peace I will both lie down and sleep; for thou alone, O LORD, makest me dwell in safety.",repo://assets/rsvce.db,,2f52c576c946fefc75def46d77ec4a90df6a6535f478e737fb4a766c7bc5c371,98479741f81634d5bd47a014c07099d4d31d9867cb008594b8d6d3816d7c0e58,100
local_rsvce,ps4_2_4_7_9,WORLD,,,generic,,,,"ps4:2,4,7,9","Lift up the light of your face on us, O Lord.","Answer me when I call, O God of my right!Thou hast given me room when I was in distress. Be gracious to me, and hear my prayer.

But know that the LORD has set apart the godly for himself; the LORD hears when I call to him.

There are many who say, ""O that we might see some good! Lift up the light of thy countenance upon us, O LORD!""

In peace I will both lie down and sleep; for thou alone, O LORD, makest me dwell in safety.",repo://assets/rsvce.db,,e472432a0d18b5802b7949c05ad92593c4d402bf394a5d0bf96ca399d1a8fa8a,9e1350b5c14713dbfb0d3cd48196d2935de01354add6e97ae98a37d630f53dee,100
local_rsvce,ps50_16bc_17_18_19_20_21_22_23,WORLD,,,generic,,,,"ps50:16bc-17,18-19,20-21,22-23","Remember this, you who never think of God.","But to the wicked God says:""What right have you to recite my statutes, or take my covenant on your lips? For you hate discipline, and you cast my words behind you.

If you see a thief, you are a friend of his; and you keep company with adulterers. ""You give your mouth free rein for evil, and your tongue frames deceit.

You sit and speak against your brother; you slander your own mother's son. These things you have done and I have been silent;you thought that I was one like yourself. But now I rebuke you, and lay the charge before you.

""Mark this, then, you who forget God, lest I rend, and there be none to deliver! He who brings thanksgiving as his sacrifice honors me; to him who orders his way aright I will show the salvation of God!""",repo://assets/rsvce.db,,5ede26b3dc24837acbe9a8451b2f6f684b92daec6c0a74240976f3b68636d9d6,c8def432918fce62534ec44a14e4ad8f4cbadc1df9ebf1a0c36c37a5b2062948,100
local_rsvce,ps50_1_2_5_6_14_15,WORLD,,,generic,,,,"ps50:1-2,5-6,14-15",Offer to God a sacrifice of praise.,"The Mighty One, God the LORD,speaks and summons the earth from the rising of the sun to its setting. Out of Zion, the perfection of beauty, God shines forth.

""Gather to me my faithful ones, who made a covenant with me by sacrifice!"" The heavens declare his righteousness, for God himself is judge! [Selah]

Offer to God a sacrifice of thanksgiving,  and pay your vows to the Most High; and call upon me in the day of trouble; I will deliver you, and you shall glorify me.""",repo://assets/rsvce.db,,476f3b93089a6324a6822e27728972dcbcbbe61c0c89c68299e7a3560ddaf796,4745c45675ade236c47f9347c1e03ccd7f1c48c868b2928e093368c08d2faa4e,100
local_rsvce,ps50_1_8_12_13_14_15,WORLD,,,generic,,,,"ps50:1,8,12-13,14-15",To the upright I will show the saving power of God.,"The Mighty One, God the LORD,speaks and summons the earth from the rising of the sun to its setting.

I do not reprove you for your sacrifices; your burnt offerings are continually before me.

""If I were hungry, I would not tell you; for the world and all that is in it is mine. Do I eat the flesh of bulls, or drink the blood of goats?

Offer to God a sacrifice of thanksgiving,  and pay your vows to the Most High; and call upon me in the day of trouble; I will deliver you, and you shall glorify me.""",repo://assets/rsvce.db,,617b3ee9c356d9dcefb498b049e4dfd1137915ec090796dff979b1aa0da0589f,c87b7f79f72e6675534443e055c456f4cb7ef25adf62bdcd964712757f7a05bc,100
local_rsvce,ps50_1_8_16bc_17_20_21,WORLD,,,generic,,,,"ps50:1+8,16bc-17,20-21",Offer to God a sacrifice of praise.,"The Mighty One, God the LORD,speaks and summons the earth from the rising of the sun to its setting. I do not reprove you for your sacrifices; your burnt offerings are continually before me.

But to the wicked God says:""What right have you to recite my statutes, or take my covenant on your lips? For you hate discipline, and you cast my words behind you.

You sit and speak against your brother; you slander your own mother's son. These things you have done and I have been silent;you thought that I was one like yourself. But now I rebuke you, and lay the charge before you.",repo://assets/rsvce.db,,8640a0548acb4a87b248d5e03015c233066f106da5969fa26ca03ede7863412f,69b815bc3f21c5db08c10385efc74e807ea5cee53ebf6c731562036f41b81d81,100
local_rsvce,ps50_1_8_16bc_17_20_21__alias_7595ba26664c,WORLD,,,generic,,,,"ps50:1,8,16bc-17,20-21",Offer to God a sacrifice of praise.,"The Mighty One, God the LORD,speaks and summons the earth from the rising of the sun to its setting. I do not reprove you for your sacrifices; your burnt offerings are continually before me.

But to the wicked God says:""What right have you to recite my statutes, or take my covenant on your lips? For you hate discipline, and you cast my words behind you.

You sit and speak against your brother; you slander your own mother's son. These things you have done and I have been silent;you thought that I was one like yourself. But now I rebuke you, and lay the charge before you.",repo://assets/rsvce.db,,8640a0548acb4a87b248d5e03015c233066f106da5969fa26ca03ede7863412f,69b815bc3f21c5db08c10385efc74e807ea5cee53ebf6c731562036f41b81d81,100
local_rsvce,ps50_1a_7_8_9_10_11_12_13_16bc_17,WORLD,,,generic,,,,"ps50:1a+7,8-9,10-11,12-13,16bc-17",To the upright I will show the saving power of God.,"The Mighty One, God the LORD,speaks and summons the earth from the rising of the sun to its setting. ""Hear, O my people, and I will speak, O Israel, I will testify against you. I am God, your God.

I do not reprove you for your sacrifices; your burnt offerings are continually before me. I will accept no bull from your house, nor he-goat from your folds.

For every beast of the forest is mine, the cattle on a thousand hills. I know all the birds of the air,  and all that moves in the field is mine.

""If I were hungry, I would not tell you; for the world and all that is in it is mine. Do I eat the flesh of bulls, or drink the blood of goats?

But to the wicked God says:""What right have you to recite my statutes, or take my covenant on your lips? For you hate discipline, and you cast my words behind you.",repo://assets/rsvce.db,,347696dd5ba114cf162832b601a2e2d0358d61563ff4b17a482a33ed265b8df1,38b68708e8957df00b1f424143badc1db739517c9a7363b012c7773a6d21793f,100
local_rsvce,ps50_1b_2_5_6_14_15,WORLD,,,generic,,,,"ps50:1b-2,5-6,14-15",Give your praise as a sacrifice to God,"The Mighty One, God the LORD,speaks and summons the earth from the rising of the sun to its setting. Out of Zion, the perfection of beauty, God shines forth.

""Gather to me my faithful ones, who made a covenant with me by sacrifice!"" The heavens declare his righteousness, for God himself is judge! [Selah]

Offer to God a sacrifice of thanksgiving,  and pay your vows to the Most High; and call upon me in the day of trouble; I will deliver you, and you shall glorify me.""",repo://assets/rsvce.db,,f474695e0432b6c320477ac46ee78d624b1a5268422b939583ff0842bf7a66c8,c8d06ed2052820d279cb7fb2558b999d4badea21cf7e80f01a5cbf25b9490cd0,100
local_rsvce,ps50_4_5_7_8_14_23,WORLD,,,generic,,,,"ps50:4-5,7-8,14+23",To the upright I will show the saving power of God.,"He calls to the heavens above and to the earth, that he may judge his people: ""Gather to me my faithful ones, who made a covenant with me by sacrifice!""

""Hear, O my people, and I will speak, O Israel, I will testify against you. I am God, your God. I do not reprove you for your sacrifices; your burnt offerings are continually before me.

Offer to God a sacrifice of thanksgiving,  and pay your vows to the Most High; He who brings thanksgiving as his sacrifice honors me; to him who orders his way aright I will show the salvation of God!""",repo://assets/rsvce.db,,b4f3f6bcd80d433c59be02207eb705fcb13cef1f6d01f53f97d49530f3732e47,16a8d5be8acf42c696bfbd11981ed20c0a7997a11b6e5b9f6adad90446790beb,100
local_rsvce,ps50_5_6_7_8_14_23,WORLD,,,generic,,,,"ps50:5-6,7-8,14,23",To the upright I will show the saving power of God.,"""Gather to me my faithful ones, who made a covenant with me by sacrifice!"" The heavens declare his righteousness, for God himself is judge! [Selah]

""Hear, O my people, and I will speak, O Israel, I will testify against you. I am God, your God. I do not reprove you for your sacrifices; your burnt offerings are continually before me.

Offer to God a sacrifice of thanksgiving,  and pay your vows to the Most High;

He who brings thanksgiving as his sacrifice honors me; to him who orders his way aright I will show the salvation of God!""",repo://assets/rsvce.db,,eee71c02d79dfaccd89c5cbe124e3703b302c1ca65e1b260546c106ab99eed21,9dcfa591d7cab59817901ea06892cf3d6d97c9d55fe2ee9eb4a9a65299421b9d,100
local_rsvce,ps50_5_6_8_9_16bc_17_21_23,WORLD,,,generic,,,,"ps50:5-6,8-9,16bc-17,21+23",To the upright I will show the saving power of God.,"""Gather to me my faithful ones, who made a covenant with me by sacrifice!"" The heavens declare his righteousness, for God himself is judge! [Selah]

I do not reprove you for your sacrifices; your burnt offerings are continually before me. I will accept no bull from your house, nor he-goat from your folds.

But to the wicked God says:""What right have you to recite my statutes, or take my covenant on your lips? For you hate discipline, and you cast my words behind you.

These things you have done and I have been silent;you thought that I was one like yourself. But now I rebuke you, and lay the charge before you. He who brings thanksgiving as his sacrifice honors me; to him who orders his way aright I will show the salvation of God!""",repo://assets/rsvce.db,,2330a42e0f6e1c5642b12bca63dee7181006e90314de417fbad1bfcbf6f9d630,5dee4320140eed655cc39bb99bd6c817080b704c800ba3e49abf3c7a1cde4913,100
local_rsvce,ps50_5_6_8_9_16bc_17_21_23__alias_450ada4b6860,WORLD,,,generic,,,,"ps50:5-6,8-9,16bc-17,21,23",To the upright I will show the saving power of God.,"""Gather to me my faithful ones, who made a covenant with me by sacrifice!"" The heavens declare his righteousness, for God himself is judge! [Selah]

I do not reprove you for your sacrifices; your burnt offerings are continually before me. I will accept no bull from your house, nor he-goat from your folds.

But to the wicked God says:""What right have you to recite my statutes, or take my covenant on your lips? For you hate discipline, and you cast my words behind you.

These things you have done and I have been silent;you thought that I was one like yourself. But now I rebuke you, and lay the charge before you. He who brings thanksgiving as his sacrifice honors me; to him who orders his way aright I will show the salvation of God!""",repo://assets/rsvce.db,,2330a42e0f6e1c5642b12bca63dee7181006e90314de417fbad1bfcbf6f9d630,5dee4320140eed655cc39bb99bd6c817080b704c800ba3e49abf3c7a1cde4913,100
local_rsvce,ps50_7_8_9_10_11_12_13_16bc_17,WORLD,,,generic,,,,"ps50:7,8-9,10-11,12-13,16bc-17","To one whose way is blameless, I will show the salvation of God.","""Hear, O my people, and I will speak, O Israel, I will testify against you. I am God, your God.

I do not reprove you for your sacrifices; your burnt offerings are continually before me. I will accept no bull from your house, nor he-goat from your folds.

For every beast of the forest is mine, the cattle on a thousand hills. I know all the birds of the air,  and all that moves in the field is mine.

""If I were hungry, I would not tell you; for the world and all that is in it is mine. Do I eat the flesh of bulls, or drink the blood of goats?

But to the wicked God says:""What right have you to recite my statutes, or take my covenant on your lips? For you hate discipline, and you cast my words behind you.",repo://assets/rsvce.db,,d5884f9d88dd6f31d4351fc5a75ff58fa0837be17f941422a16df3d10d07d6b7,1c7ae990a99d3fb2acba8f2e7aa8a6dc23c10ba65e5277b168ac412a321fdf7e,100
local_rsvce,ps50_8_9_16bc_17_21_23,WORLD,,,generic,,,,"ps50:8-9,16bc-17,21,23",To the upright I will show the saving power of God.,"I do not reprove you for your sacrifices; your burnt offerings are continually before me. I will accept no bull from your house, nor he-goat from your folds.

But to the wicked God says:""What right have you to recite my statutes, or take my covenant on your lips? For you hate discipline, and you cast my words behind you.

These things you have done and I have been silent;you thought that I was one like yourself. But now I rebuke you, and lay the charge before you.

He who brings thanksgiving as his sacrifice honors me; to him who orders his way aright I will show the salvation of God!""",repo://assets/rsvce.db,,812bba93e791eb30353371a677b63976f2363d65e0eef664fef696f812878149,72866b506fb17f72b9f23f6a22ae9673c3bf1df47debbe34c93c21c7e0503865,100
local_rsvce,ps51_10_11_12_13_14_15,WORLD,,,generic,,,,"ps51:10-11,12-13,14-15","Create a clean heart in me, O God.","Fill me with joy and gladness; let the bones which thou hast broken rejoice. Hide thy face from my sins, and blot out all my iniquities.

Create in me a clean heart, O God, and put a new and right spirit within me. Cast me not away from thy presence, and take not thy holy Spirit from me.

Restore to me the joy of thy salvation, and uphold me with a willing spirit. Then I will teach transgressors thy ways, and sinners will return to thee.",repo://assets/rsvce.db,,a6f0c328d7f78abcc4906ff84c1b76b6a77338a9c357cdb78a565b001890834a,c09bff914263ccac25c69f44580066ee488157d01b8dd6e2d82bf35bca353685,100
local_rsvce,ps51_10_11_12_13_16_17,WORLD,,,generic,,,,"ps51:10-11,12-13,16-17","Create a clean heart in me, O God.","Fill me with joy and gladness; let the bones which thou hast broken rejoice. Hide thy face from my sins, and blot out all my iniquities.

Create in me a clean heart, O God, and put a new and right spirit within me. Cast me not away from thy presence, and take not thy holy Spirit from me.

Deliver me from bloodguiltiness, O God, thou God of my salvation, and my tongue will sing aloud of thy deliverance. O Lord, open thou my lips, and my mouth shall show forth thy praise.",repo://assets/rsvce.db,,b618096b96389f91bac81d1c13b825f20aaa46f6f6f2efbd7d3378530d6031a0,b9b5db6b4cd32906a0436665b3da4a32a287c3897f1ac2dc6369c1f022f331e3,100
local_rsvce,ps51_12_13_14_15_16_17,WORLD,,,generic,,,,"ps51:12-13,14-15,16-17","Create a pure heart for me, O God.","Create in me a clean heart, O God, and put a new and right spirit within me. Cast me not away from thy presence, and take not thy holy Spirit from me.

Restore to me the joy of thy salvation, and uphold me with a willing spirit. Then I will teach transgressors thy ways, and sinners will return to thee.

Deliver me from bloodguiltiness, O God, thou God of my salvation, and my tongue will sing aloud of thy deliverance. O Lord, open thou my lips, and my mouth shall show forth thy praise.",repo://assets/rsvce.db,,dd5165a83306cee857cbad4c4cd467863914b3e17254ecc47b983c735d750183,89f164693c6673e6ae93ca1d661bd071c2694899a4d219ef96ad8b7d80d97b36,100
local_rsvce,ps51_12_13_14_15_18_19,WORLD,,,generic,,,,"ps51:12-13,14-15,18-19","Create a pure heart for me, O God.","Create in me a clean heart, O God, and put a new and right spirit within me. Cast me not away from thy presence, and take not thy holy Spirit from me.

Restore to me the joy of thy salvation, and uphold me with a willing spirit. Then I will teach transgressors thy ways, and sinners will return to thee.

For thou hast no delight in sacrifice;were I to give a burnt offering, thou wouldst not be pleased. The sacrifice acceptable to God is a broken spirit;a broken and contrite heart, O God, thou wilt not despise.",repo://assets/rsvce.db,,f81152b8752af1cc68eec47bfac7727f3d660ed23f9f1d22bcaed1a8c2e0e7ed,5887227b4874cfade69198231fb2af49ff9ea6a275b372f1eeb6ea99378a43b2,100
local_rsvce,ps51_1_2_10_11_16_17,WORLD,,,generic,,,,"ps51:1-2,10-11,16-17","A broken, humbled heart, O God, you will not scorn.","Have mercy on me,O God, according to thy steadfast love; according to thy abundant mercy blot out my transgressions. Wash me thoroughly from my iniquity, and cleanse me from my sin!

Fill me with joy and gladness; let the bones which thou hast broken rejoice. Hide thy face from my sins, and blot out all my iniquities.

Deliver me from bloodguiltiness, O God, thou God of my salvation, and my tongue will sing aloud of thy deliverance. O Lord, open thou my lips, and my mouth shall show forth thy praise.",repo://assets/rsvce.db,,a23380f0b69f51f1d765e52b8b4281be3c059bd1df9e7caf471951f3e8974b70,d3d6ccf9f513ee1715d62aec918a3a47c4b600db0edefbec7bd9a181dbb1799d,100
local_rsvce,ps51_1_2_16_17_18_19ab,WORLD,,,generic,,,,"ps51:1-2,16-17,18-19ab","It is steadfast love, not sacrifice, that God desires.","Have mercy on me,O God, according to thy steadfast love; according to thy abundant mercy blot out my transgressions. Wash me thoroughly from my iniquity, and cleanse me from my sin!

Deliver me from bloodguiltiness, O God, thou God of my salvation, and my tongue will sing aloud of thy deliverance. O Lord, open thou my lips, and my mouth shall show forth thy praise.

For thou hast no delight in sacrifice;were I to give a burnt offering, thou wouldst not be pleased. The sacrifice acceptable to God is a broken spirit;a broken and contrite heart, O God, thou wilt not despise.",repo://assets/rsvce.db,,cea17fe19723a604d2f6ba043d8fc9602a30f8fdafd13afd8ffec462563f5ca1,129c883746c14475fbd3276dd5a04861db95645d5ce3bb2b52077323b5c3cd24,100
local_rsvce,ps51_1_2_3_4_10_11,WORLD,,,generic,,,,"ps51:1-2,3-4,10-11","Be merciful, O Lord, for we have sinned.","Have mercy on me,O God, according to thy steadfast love; according to thy abundant mercy blot out my transgressions. Wash me thoroughly from my iniquity, and cleanse me from my sin!

Have mercy on me,O God, according to thy steadfast love; according to thy abundant mercy blot out my transgressions. Wash me thoroughly from my iniquity, and cleanse me from my sin!

Fill me with joy and gladness; let the bones which thou hast broken rejoice. Hide thy face from my sins, and blot out all my iniquities.",repo://assets/rsvce.db,,5981a73f98f3e7c89ddd7054ceadbdee40c8490cb26fee4536dbea9092f4d967,ccc2077cfa651b277cadd59cfebfcc71390a8e5e171ab666fd37f230fcdb542b,100
local_rsvce,ps51_1_2_3_4_9_14,WORLD,,,generic,,,,"ps51:1-2,3-4,9+14","Be merciful, O Lord, for we have sinned.","Have mercy on me,O God, according to thy steadfast love; according to thy abundant mercy blot out my transgressions. Wash me thoroughly from my iniquity, and cleanse me from my sin!

Have mercy on me,O God, according to thy steadfast love; according to thy abundant mercy blot out my transgressions. Wash me thoroughly from my iniquity, and cleanse me from my sin!

Purge me with hyssop, and I shall be clean; wash me, and I shall be whiter than snow. Restore to me the joy of thy salvation, and uphold me with a willing spirit.",repo://assets/rsvce.db,,4883949c36bfcce626e7dd256b23bfe0f341041b090a216fbca358f639b8c62b,e7bcb71859acd96dbe8f4673c91b03b78b7742b22a49c575812e627579f87441,100
local_rsvce,ps51_1_2_3_4a_10_11_12_15,WORLD,,,generic,,,,"ps51:1-2,3-4a,10-11,12+15","Be merciful, O Lord, for we have sinned.","Have mercy on me,O God, according to thy steadfast love; according to thy abundant mercy blot out my transgressions. Wash me thoroughly from my iniquity, and cleanse me from my sin!

Have mercy on me,O God, according to thy steadfast love; according to thy abundant mercy blot out my transgressions. Wash me thoroughly from my iniquity, and cleanse me from my sin!

Fill me with joy and gladness; let the bones which thou hast broken rejoice. Hide thy face from my sins, and blot out all my iniquities.

Create in me a clean heart, O God, and put a new and right spirit within me. Then I will teach transgressors thy ways, and sinners will return to thee.",repo://assets/rsvce.db,,fd1b1608658cfd61ad3e9c63f89f9588808c120cc596f7cc5cf55d71b002a118,1b471c586a8ba2c3bebcd8a1b8d58cf78a984fb2c4df9050ea2e6b06324cb1f7,100
local_rsvce,ps51_1_2_3_4a_16_17,WORLD,,,generic,,,,"ps51:1-2,3-4a,16-17","A broken, humbled heart, O God, you will not scorn.","Have mercy on me,O God, according to thy steadfast love; according to thy abundant mercy blot out my transgressions. Wash me thoroughly from my iniquity, and cleanse me from my sin!

Have mercy on me,O God, according to thy steadfast love; according to thy abundant mercy blot out my transgressions. Wash me thoroughly from my iniquity, and cleanse me from my sin!

Deliver me from bloodguiltiness, O God, thou God of my salvation, and my tongue will sing aloud of thy deliverance. O Lord, open thou my lips, and my mouth shall show forth thy praise.",repo://assets/rsvce.db,,effde45fc77a074b18cfc1de057485b043aac129d2a633430e34bfa75081939d,d5f54c38d9b568db0118eebdd757c306e95df9f5f3e3768fb717561af02ac4c3,100
local_rsvce,ps51_1_2_3_4a_4bc_5_8_9,WORLD,,,generic,,,,"ps51:1-2,3-4a,4bc-5,8-9","Be merciful, O Lord,","Have mercy on me,O God, according to thy steadfast love; according to thy abundant mercy blot out my transgressions. Wash me thoroughly from my iniquity, and cleanse me from my sin!

Have mercy on me,O God, according to thy steadfast love; according to thy abundant mercy blot out my transgressions. Wash me thoroughly from my iniquity, and cleanse me from my sin!

Wash me thoroughly from my iniquity, and cleanse me from my sin! For I know my transgressions, and my sin is ever before me.

Behold, thou desirest truth in the inward being; therefore teach me wisdom in my secret heart. Purge me with hyssop, and I shall be clean; wash me, and I shall be whiter than snow.",repo://assets/rsvce.db,,038780f14ec5cf31ad6f910f69257e98a0687568127cd8b69bdc163d9c9dab89,ccf6e777ef04128b613e816984790ef81dc5f96c759d2f6f0b8f45c153f6a053,100
local_rsvce,ps51_1_2_6_7_10_11_12_15,WORLD,,,generic,,,,"ps51:1-2,6-7,10-11,12+15",My mouth will declare your praise.,"Have mercy on me,O God, according to thy steadfast love; according to thy abundant mercy blot out my transgressions. Wash me thoroughly from my iniquity, and cleanse me from my sin!

Against thee, thee only, have I sinned,and done that which is evil in thy sight,so that thou art justified in thy sentence and blameless in thy judgment. Behold, I was brought forth in iniquity, and in sin did my mother conceive me.

Fill me with joy and gladness; let the bones which thou hast broken rejoice. Hide thy face from my sins, and blot out all my iniquities.

Create in me a clean heart, O God, and put a new and right spirit within me. Then I will teach transgressors thy ways, and sinners will return to thee.",repo://assets/rsvce.db,,223c4ce571c20ad0eaa941bcd1db1739588920fbd962d1274477add1001f7292,2c8862a66da0b47a951c0855ca6311283218ff35f9338eb2db40bdf4787b817a,100
local_rsvce,ps51_3_4_12_13_14_15,WORLD,,,generic,,,,"ps51:3-4,12-13,14-15","(12a) Create a clean heart in me, O God.","Have mercy on me,O God, according to thy steadfast love; according to thy abundant mercy blot out my transgressions. Wash me thoroughly from my iniquity, and cleanse me from my sin!

Create in me a clean heart, O God, and put a new and right spirit within me. Cast me not away from thy presence, and take not thy holy Spirit from me.

Restore to me the joy of thy salvation, and uphold me with a willing spirit. Then I will teach transgressors thy ways, and sinners will return to thee.",repo://assets/rsvce.db,,9758537b55a62dd3adbcb7d2316e669661172066ad9d786637b99b79a4918356,66cf4f5aa25ce72afe17eea4076fbed543b869924ae53321b43126552bd0d741,100
local_rsvce,ps51_3_4_12_13_17_19,WORLD,,,generic,,,,"ps51:3-4,12-13,17,19",(Luke 15:18) I will rise and go to my father.,"Have mercy on me,O God, according to thy steadfast love; according to thy abundant mercy blot out my transgressions. Wash me thoroughly from my iniquity, and cleanse me from my sin!

Create in me a clean heart, O God, and put a new and right spirit within me. Cast me not away from thy presence, and take not thy holy Spirit from me.

O Lord, open thou my lips, and my mouth shall show forth thy praise.

The sacrifice acceptable to God is a broken spirit;a broken and contrite heart, O God, thou wilt not despise.",repo://assets/rsvce.db,,a51de83394198ab1b7e044dd03d1c91f4b52058cea372408330fe43e84593458,a36c652dbf75f3c16fe6b4f14b698725bfa60e3705db72cbcfda4e1aaf091eb2,100
local_rsvce,ps51_3_4_12_13_18_19,WORLD,,,generic,,,,"ps51:3-4,12-13,18-19","A heart contrite and humbled, O God, you will not spurn","Have mercy on me,O God, according to thy steadfast love; according to thy abundant mercy blot out my transgressions. Wash me thoroughly from my iniquity, and cleanse me from my sin!

Create in me a clean heart, O God, and put a new and right spirit within me. Cast me not away from thy presence, and take not thy holy Spirit from me.

For thou hast no delight in sacrifice;were I to give a burnt offering, thou wouldst not be pleased. The sacrifice acceptable to God is a broken spirit;a broken and contrite heart, O God, thou wilt not despise.",repo://assets/rsvce.db,,7fd0b670842b0f5561f3df8cf60718668f94d671b7b925d532cea8269a073860,7bf11644465f2099aafa9e50211510da79f35d585bc9cb8ec80b9588fd88269a,100
local_rsvce,ps51_3_4_18_19_20_21ab,WORLD,,,generic,,,,"ps51:3-4,18-19,20-21ab","I desire steadfast love, and not sacrifice.","Have mercy on me,O God, according to thy steadfast love; according to thy abundant mercy blot out my transgressions. Wash me thoroughly from my iniquity, and cleanse me from my sin!

For thou hast no delight in sacrifice;were I to give a burnt offering, thou wouldst not be pleased. The sacrifice acceptable to God is a broken spirit;a broken and contrite heart, O God, thou wilt not despise.

Do good to Zion in thy good pleasure; rebuild the walls of Jerusalem, then wilt thou delight in right sacrifices,in burnt offerings and whole burnt offerings; then bulls will be offered on thy altar.",repo://assets/rsvce.db,,d065a3b3c9fc3a2936e4ab98f48805950bb5cc2109c9e6e577df4a89a027b39b,2f420eee658b7589b7973c7f062ee10026fb4c55c810cc2c5ad0db42a9864f52,100
local_rsvce,ps51_3_4_5_6_12_13_14_17,WORLD,,,generic,,,,"ps51:3-4,5-6,12-13,14,17","Have mercy on us, O Lord, for we have sinned.","Have mercy on me,O God, according to thy steadfast love; according to thy abundant mercy blot out my transgressions. Wash me thoroughly from my iniquity, and cleanse me from my sin!

For I know my transgressions, and my sin is ever before me. Against thee, thee only, have I sinned,and done that which is evil in thy sight,so that thou art justified in thy sentence and blameless in thy judgment.

Create in me a clean heart, O God, and put a new and right spirit within me. Cast me not away from thy presence, and take not thy holy Spirit from me.

Restore to me the joy of thy salvation, and uphold me with a willing spirit.

O Lord, open thou my lips, and my mouth shall show forth thy praise.",repo://assets/rsvce.db,,4572962e3ede8ed7fc64ecc89268fe954a3641476082a4c0a8ae96692c9bedcc,2e15b05efebd96c6886cac4a886cf667d05bc80c4b8930f1df6289efee668fe6,100
local_rsvce,ps51_3_4_5_6_12_13_17,WORLD,,,generic,,,,"ps51:3-4,5-6,12-13,17","Be merciful, O Lord, for we have sinned.","Have mercy on me,O God, according to thy steadfast love; according to thy abundant mercy blot out my transgressions. Wash me thoroughly from my iniquity, and cleanse me from my sin!

For I know my transgressions, and my sin is ever before me. Against thee, thee only, have I sinned,and done that which is evil in thy sight,so that thou art justified in thy sentence and blameless in thy judgment.

Create in me a clean heart, O God, and put a new and right spirit within me. Cast me not away from thy presence, and take not thy holy Spirit from me.

O Lord, open thou my lips, and my mouth shall show forth thy praise.",repo://assets/rsvce.db,,1fe4630c15a87a9f7daa653866592b616574068a01a6d7488192553b461860ce,cb58ea21e45f75c8e2f3227205af8cd4bd96c830e114774a6ca06228ee3d85f5,100
local_rsvce,ps51_3_4_5_6ab_11_16,WORLD,,,generic,,,,"ps51:3-4,5-6ab,11,16","Have mercy, O Lord, for we have sinned.","Have mercy on me,O God, according to thy steadfast love; according to thy abundant mercy blot out my transgressions. Wash me thoroughly from my iniquity, and cleanse me from my sin!

For I know my transgressions, and my sin is ever before me. Against thee, thee only, have I sinned,and done that which is evil in thy sight,so that thou art justified in thy sentence and blameless in thy judgment.

Hide thy face from my sins, and blot out all my iniquities.

Deliver me from bloodguiltiness, O God, thou God of my salvation, and my tongue will sing aloud of thy deliverance.",repo://assets/rsvce.db,,73f219c607363cd09cb7577fbe501016e2637b34bb7740373b924b8538324a97,3904994765699b2b24ca636c9f49f993b1160a64e266241b564e13ef3ce6d550,100
local_rsvce,ps51_3_4_5_6ab_12_13_14_17,WORLD,,,generic,,,,"ps51:3-4,5-6ab,12-13,14,17","(see 3a) Be merciful, O Lord, for we have sinned.","Have mercy on me,O God, according to thy steadfast love; according to thy abundant mercy blot out my transgressions. Wash me thoroughly from my iniquity, and cleanse me from my sin!

For I know my transgressions, and my sin is ever before me. Against thee, thee only, have I sinned,and done that which is evil in thy sight,so that thou art justified in thy sentence and blameless in thy judgment.

Create in me a clean heart, O God, and put a new and right spirit within me. Cast me not away from thy presence, and take not thy holy Spirit from me.

Restore to me the joy of thy salvation, and uphold me with a willing spirit.

O Lord, open thou my lips, and my mouth shall show forth thy praise.",repo://assets/rsvce.db,,41b4eb6d132bb7b95e1c724ecffac740a572f8ffd8bf25447abc061af4603f90,6e8cc744035c132fd8e262f36091c31d32243743daa4e0e6546a679af3920395,100
local_rsvce,ps51_3_4_5_6ab_18_19,WORLD,,,generic,,,,"ps51:3-4,5-6ab,18-19","A heart contrite and humbled, O God, you will not spurn.","Have mercy on me,O God, according to thy steadfast love; according to thy abundant mercy blot out my transgressions. Wash me thoroughly from my iniquity, and cleanse me from my sin!

For I know my transgressions, and my sin is ever before me. Against thee, thee only, have I sinned,and done that which is evil in thy sight,so that thou art justified in thy sentence and blameless in thy judgment.

For thou hast no delight in sacrifice;were I to give a burnt offering, thou wouldst not be pleased. The sacrifice acceptable to God is a broken spirit;a broken and contrite heart, O God, thou wilt not despise.",repo://assets/rsvce.db,,e922a1c8fa784aaceab674cc105bcc07e3e6e2b47650e5cf19050d8db64b0193,6a9d6a5c97d4f518557921babf36ad42354f7a99fc3b0a425ead7ee9bc59bc91,100
local_rsvce,ps51_3_4_5_6ab_6cd_7_10_11,WORLD,,,generic,,,,"ps51:3-4,5-6ab,6cd-7,10-11","Have mercy, O Lord, for we have sinned.","Have mercy on me,O God, according to thy steadfast love; according to thy abundant mercy blot out my transgressions. Wash me thoroughly from my iniquity, and cleanse me from my sin!

For I know my transgressions, and my sin is ever before me. Against thee, thee only, have I sinned,and done that which is evil in thy sight,so that thou art justified in thy sentence and blameless in thy judgment.

Against thee, thee only, have I sinned,and done that which is evil in thy sight,so that thou art justified in thy sentence and blameless in thy judgment. Behold, I was brought forth in iniquity, and in sin did my mother conceive me.

Fill me with joy and gladness; let the bones which thou hast broken rejoice. Hide thy face from my sins, and blot out all my iniquities.",repo://assets/rsvce.db,,61701da42c59ccd8dfdecaee298c3d0ba86198064dfc066370839f4e1f64a562,8d22ff1668202978ada45cae692fe7bb1481ad0a7b01016edf5a1d0198f77de4,100
local_rsvce,ps51_3_4_5_6ab_6cd_7_12_13,WORLD,,,generic,,,,"ps51:3-4,5-6ab,6cd-7,12-13","Have mercy, O Lord, for we have sinned.","Have mercy on me,O God, according to thy steadfast love; according to thy abundant mercy blot out my transgressions. Wash me thoroughly from my iniquity, and cleanse me from my sin!

For I know my transgressions, and my sin is ever before me. Against thee, thee only, have I sinned,and done that which is evil in thy sight,so that thou art justified in thy sentence and blameless in thy judgment.

Against thee, thee only, have I sinned,and done that which is evil in thy sight,so that thou art justified in thy sentence and blameless in thy judgment. Behold, I was brought forth in iniquity, and in sin did my mother conceive me.

Create in me a clean heart, O God, and put a new and right spirit within me. Cast me not away from thy presence, and take not thy holy Spirit from me.",repo://assets/rsvce.db,,abd249081e02b3daedb1f9bebaed8c8a1e447844dc4c5e63da78ecd748c86c40,4a565c94adfdadde8e8b4539967132581b49ebc3d4c6c806f4c5163281d42d46,100
local_rsvce,ps51_3_4_8_9_12_13_14_17,WORLD,,,generic,,,,"ps51:3-4,8-9,12-13,14,17",My mouth shall proclaim your praise.,"Have mercy on me,O God, according to thy steadfast love; according to thy abundant mercy blot out my transgressions. Wash me thoroughly from my iniquity, and cleanse me from my sin!

Behold, thou desirest truth in the inward being; therefore teach me wisdom in my secret heart. Purge me with hyssop, and I shall be clean; wash me, and I shall be whiter than snow.

Create in me a clean heart, O God, and put a new and right spirit within me. Cast me not away from thy presence, and take not thy holy Spirit from me.

Restore to me the joy of thy salvation, and uphold me with a willing spirit.

O Lord, open thou my lips, and my mouth shall show forth thy praise.",repo://assets/rsvce.db,,f35fee4a1dde7ae70a206ad8fa46dc897a569f9d2f87f9b66d24ebbba70d5b48,c46cf9f319d47ea215fdfcde38fa40f3530344aaa3fa179506b670703e19e467,100
local_rsvce,ps52_10_11,WORLD,,,generic,,,,"ps52:10,11","I trust in the mercy of God, forever and ever.","But I am like a green olive tree in the house of God. I trust in the steadfast love of God for ever and ever.

I will thank thee for ever,because thou hast done it. I will proclaim thy name, for it is good, in the presence of the godly.",repo://assets/rsvce.db,,591a06aeef677b7c2eb46f58efbe079fe0a9cfffe0a3fbb087c6bb3af431a4b3,3fbbd0b2c30d9bd3ba74fb3ebfda260f5f2502cf8d1d3d15ccaf634eff89c0a6,100
local_rsvce,ps52_8_9,WORLD,,,generic,,,,"ps52:8,9",I trust in the kindness of God for ever.,"The righteous shall see, and fear, and shall laugh at him, saying,

""See the man who would not make God his refuge,but trusted in the abundance of his riches, and sought refuge in his wealth!""",repo://assets/rsvce.db,,3acb043e436713125cb6c43c791303fbeedc4f63a8ea11aeb13fc4165749e0ce,b5ba3d8b7fdfb74a1f3697b9fbd07982930fda5138c14c6431e7c21722d2c607,100
local_rsvce,ps54_1_2_4_6,WORLD,,,generic,,,,"ps54:1-2,4+6",The Lord God is my help.,"Save me, O God, by thy name, and vindicate me by thy might. Hear my prayer, O God; give ear to the words of my mouth.

Hear my prayer, O God; give ear to the words of my mouth. Behold, God is my helper; the Lord is the upholder of my life.",repo://assets/rsvce.db,,36786b8162b8a13122bbdb7061986b6437f3826b0a641bd90fe22895ba53708a,0f5d084e3e5fc98e73e8efd8ef9500dcd014449d06eec77656c7c9d9047425a6,100
local_rsvce,ps54_3_4_5_6_8,WORLD,,,generic,,,,"ps54:3-4,5,6-8",(6b) The Lord upholds my life.,"Save me, O God, by thy name, and vindicate me by thy might. Hear my prayer, O God; give ear to the words of my mouth.

For insolent men have risen against me,ruthless men seek my life; they do not set God before them. [Selah]

Behold, God is my helper; the Lord is the upholder of my life. He will requite my enemies with evil; in thy faithfulness put an end to them. With a freewill offering I will sacrifice to thee;I will give thanks to thy name, O LORD, for it is good.",repo://assets/rsvce.db,,8d6bb4e130cb0ff50e4fa5c13aa4ce5be5e280af00a75536ba53dc71c99a2283,1d0da73e69282db29e9373d1b5d5ec430c0e21513faf00a44116bd8d3affc2bf,100
local_rsvce,ps54_3_4_5_6_8__alias_d64d4c76cada,WORLD,,,generic,,,,"ps54:3-4,5,6,8",(6b) The Lord upholds my life.,"Save me, O God, by thy name, and vindicate me by thy might. Hear my prayer, O God; give ear to the words of my mouth.

For insolent men have risen against me,ruthless men seek my life; they do not set God before them. [Selah]

Behold, God is my helper; the Lord is the upholder of my life. He will requite my enemies with evil; in thy faithfulness put an end to them. With a freewill offering I will sacrifice to thee;I will give thanks to thy name, O LORD, for it is good.",repo://assets/rsvce.db,,8d6bb4e130cb0ff50e4fa5c13aa4ce5be5e280af00a75536ba53dc71c99a2283,1d0da73e69282db29e9373d1b5d5ec430c0e21513faf00a44116bd8d3affc2bf,100
local_rsvce,ps54_3_4_6_8,WORLD,,,generic,,,,"ps54:3-4,6,8","See, I have God for my help.","Save me, O God, by thy name, and vindicate me by thy might. Hear my prayer, O God; give ear to the words of my mouth.

Behold, God is my helper; the Lord is the upholder of my life.

With a freewill offering I will sacrifice to thee;I will give thanks to thy name, O LORD, for it is good.",repo://assets/rsvce.db,,7b4ead01a95f3212efd28c5c18db09bca71bd61a310b3de6411f6bf3425fe644,07018846ad26b9d549466999cfd433e406ec448dc91b54e926dcba3704a2ad86,100
local_rsvce,ps55_6_7_8_9a_9b_10_22,WORLD,,,generic,,,,"ps55:6-7,8-9a,9b-10,22","Throw your cares on the Lord,","Fear and trembling come upon me, and horror overwhelms me. And I say, ""O that I had wings like a dove! I would fly away and be at rest;

yea, I would wander afar, I would lodge in the wilderness, [Selah] I would haste to find me a shelter from the raging wind and tempest.""

I would haste to find me a shelter from the raging wind and tempest."" Destroy their plans,  O Lord, confuse their tongues; for I see violence and strife in the city.

His speech was smoother than butter,yet war was in his heart; his words were softer than oil, yet they were drawn swords.",repo://assets/rsvce.db,,0453daea500953eba37a9a9dc5169a26f579c5f3fd2633e7ca35213cb4204908,0e35084153fc16e1b82ae0b2953605a8869a4f94028af51bc56a7a6d2f215f18,100
local_rsvce,ps55_7_8_9_10a_10b_11a_23,WORLD,,,generic,,,,"ps55:7-8,9-10a,10b-11a,23","Entrust your cares to the Lord, and he will support you.","And I say, ""O that I had wings like a dove! I would fly away and be at rest; yea, I would wander afar, I would lodge in the wilderness, [Selah]

I would haste to find me a shelter from the raging wind and tempest."" Destroy their plans,  O Lord, confuse their tongues; for I see violence and strife in the city.

Destroy their plans,  O Lord, confuse their tongues; for I see violence and strife in the city. Day and night they go around it on its walls; and mischief and trouble are within it,

Cast your burden on the LORD, and he will sustain you; he will never permit the righteous to be moved.",repo://assets/rsvce.db,,580234ee2a552e42fcc7da723b0abd28ac7ce0ac281f862b1d7a31ebeae68f62,47fe6cc876c62aa53b76f143375e47d700de84d9f918ebee7577301f4c339fdf,100
local_rsvce,ps56_10_11_12_13_14,WORLD,,,generic,,,,"ps56:10,11-12,13-14","I will walk in the presence of God, in the light of the living.","Then my enemies will be turned back in the day when I call. This I know, that God is for me.

In God, whose word I praise, in the LORD, whose word I praise, in God I trust without a fear. What can man do to me?

My vows to thee I must perform, O God; I will render thank offerings to thee. For thou hast delivered my soul from death,yea, my feet from falling, that I may walk before God in the light of life.",repo://assets/rsvce.db,,60f18b7c5d924e1e4f5cb3256dc2f511f14f4330d46d7caef660c4c784df4c00,bf3f19b7d86b57b248be464c5d33863560a6b68d28ccfdc479e73be9dc8ee0f4,100
local_rsvce,ps56_1_2_8_9ab_9c_11_12_13,WORLD,,,generic,,,,"ps56:1-2,8-9ab,9c-11,12-13",In God I trust; I am not afraid.,"Be gracious to me, O God, for men trample upon me; all day long foemen oppress me; my enemies trample upon me all day long, for many fight against me proudly.

so recompense them for their crime; in wrath cast down the peoples, O God! Thou hast kept count of my tossings;put thou my tears in thy bottle! Are they not in thy book?

Thou hast kept count of my tossings;put thou my tears in thy bottle! Are they not in thy book? Then my enemies will be turned back in the day when I call. This I know, that God is for me. In God, whose word I praise, in the LORD, whose word I praise,

in God I trust without a fear. What can man do to me? My vows to thee I must perform, O God; I will render thank offerings to thee.",repo://assets/rsvce.db,,17cdab60b0986efc3de82bebf7286ab7c8b6ce2a71b0cd81cc7a8c6193e76b35,bfcc675c4118c1f0f76bc8af7921b57a14f3aad236b2f5c5af1c61f351e4aa5b,100
local_rsvce,ps56_2_3_9_10ab_10c_11_12_13,WORLD,,,generic,,,,"ps56:2-3,9-10ab,10c-11,12-13",In God I trust; I shall not fear.,"Be gracious to me, O God, for men trample upon me; all day long foemen oppress me; my enemies trample upon me all day long, for many fight against me proudly.

Thou hast kept count of my tossings;put thou my tears in thy bottle! Are they not in thy book? Then my enemies will be turned back in the day when I call. This I know, that God is for me.

Then my enemies will be turned back in the day when I call. This I know, that God is for me. In God, whose word I praise, in the LORD, whose word I praise,

in God I trust without a fear. What can man do to me? My vows to thee I must perform, O God; I will render thank offerings to thee.",repo://assets/rsvce.db,,f2791e544473e43d0225d8be76fe2092386544db5d18ec936ded2be839a9cc57,cd228d2457edd48a75be0805548c700d1e780405ae648d9d3c06f7500ca6cc38,100
local_rsvce,ps56_3_4_9b_11_12_13,WORLD,,,generic,,,,"ps56:3-4,9b-11,12-13","I will walk in the presence of God,","my enemies trample upon me all day long, for many fight against me proudly. When I am afraid, I put my trust in thee.

Thou hast kept count of my tossings;put thou my tears in thy bottle! Are they not in thy book? Then my enemies will be turned back in the day when I call. This I know, that God is for me. In God, whose word I praise, in the LORD, whose word I praise,

in God I trust without a fear. What can man do to me? My vows to thee I must perform, O God; I will render thank offerings to thee.",repo://assets/rsvce.db,,b540c9a0e30461688a0c8153777e5c4315032d1a54a49c7d7f7f0927e1f70eeb,489371efa0df8fe35e5c2c7270426a478963cb9e77a7cebc0d3940664c9aef78,100
local_rsvce,ps57_1_2_3_5_10,WORLD,,,generic,,,,"ps57:1,2-3,5+10","Have mercy on me, God, have mercy.","Be merciful to me, O God,be merciful to me, for in thee my soul takes refuge;in the shadow of thy wings I will take refuge, till the storms of destruction pass by.

Be merciful to me, O God,be merciful to me, for in thee my soul takes refuge;in the shadow of thy wings I will take refuge, till the storms of destruction pass by. I cry to God Most High, to God who fulfils his purpose for me.

I lie in the midst of lions that greedily devour the sons of men;their teeth are spears and arrows, their tongues sharp swords. I will give thanks to thee,O Lord, among the peoples; I will sing praises to thee among the nations.",repo://assets/rsvce.db,,d2b2a00af42a893f9651d9f9c0cc9a65f3b83ce2ef572642700f7521ecbb10de,65183652a3b122e92d72d33a0ff44e7db631a1d1983e4d304b69c0d552bb88c9,100
local_rsvce,ps57_2_3_4_6_11,WORLD,,,generic,,,,"ps57:2,3-4,6,11","Have mercy on me, God, have mercy.","Be merciful to me, O God,be merciful to me, for in thee my soul takes refuge;in the shadow of thy wings I will take refuge, till the storms of destruction pass by.

I cry to God Most High, to God who fulfils his purpose for me. He will send from heaven and save me,he will put to shame those who trample upon me. [Selah] God will send forth his steadfast love and his faithfulness!

Be exalted, O God, above the heavens! Let thy glory be over all the earth!

For thy steadfast love is great to the heavens, thy faithfulness to the clouds.",repo://assets/rsvce.db,,be456284f8bd36dd5988675622c4865c48b5d33c3d2e8930fe147d5188d3c99f,9ab16f53cd3b67a626dea42d74852d9778954de8a294f2d4148c1873340f2d8c,100
local_rsvce,ps57_7_8_9_10_11,WORLD,,,generic,,,,"ps57:7,8,9-10,11","I will praise you among the nations, O Lord.","They set a net for my steps; my soul was bowed down. They dug a pit in my way, but they have fallen into it themselves. [Selah]

My heart is steadfast, O God, my heart is steadfast! I will sing and make melody!

Awake, my soul! Awake,O harp and lyre! I will awake the dawn! I will give thanks to thee,O Lord, among the peoples; I will sing praises to thee among the nations.

For thy steadfast love is great to the heavens, thy faithfulness to the clouds.",repo://assets/rsvce.db,,3107430d6f5f1d05c1ec4670e97cca1ba7dc8add82f071f1ef3982ae3a814e1f,97f25a9b1d66ad8a8b49c2338224174cd9689730f4ccc87554bc61bc74aba2b1,100
local_rsvce,ps57_8_9_10_12,WORLD,,,generic,,,,"ps57:8-9,10,12","I will give you thanks among the peoples, O Lord. Or: Alleluia.","My heart is steadfast, O God, my heart is steadfast! I will sing and make melody! Awake, my soul! Awake,O harp and lyre! I will awake the dawn!

I will give thanks to thee,O Lord, among the peoples; I will sing praises to thee among the nations.

Be exalted, O God, above the heavens! Let thy glory be over all the earth!",repo://assets/rsvce.db,,432c54417f504173bc7850c20aa978ce1d86d87cbd96341c46741aa60572c02a,88c95beceafb4f2d3a234573a0592bc56d0df0f69595fd3e87eda5314d1cda16,100
local_rsvce,ps57_8_9_10_12__alias_9ecaa2b907ef,WORLD,,,generic,,,,"ps57:8-9,10-12","I will give you thanks among the peoples, O Lord. Or: Alleluia.","My heart is steadfast, O God, my heart is steadfast! I will sing and make melody! Awake, my soul! Awake,O harp and lyre! I will awake the dawn!

I will give thanks to thee,O Lord, among the peoples; I will sing praises to thee among the nations.

Be exalted, O God, above the heavens! Let thy glory be over all the earth!",repo://assets/rsvce.db,,432c54417f504173bc7850c20aa978ce1d86d87cbd96341c46741aa60572c02a,88c95beceafb4f2d3a234573a0592bc56d0df0f69595fd3e87eda5314d1cda16,100
local_rsvce,ps59_1_2_3_4a_9_10_16_17,WORLD,,,generic,,,,"ps59:1-2,3-4a,9-10,16,17",God is my refuge on the day of distress.,"Deliver me from my enemies, O my God, protect me from those who rise up against me, deliver me from those who work evil, and save me from bloodthirsty men.

deliver me from those who work evil, and save me from bloodthirsty men. For, lo, they lie in wait for my life;fierce men band themselves against me. For no transgression or sin of mine, O LORD,

But thou, O LORD, dost laugh at them; thou dost hold all the nations in derision. O my Strength, I will sing praises to thee;  for thou, O God, art my fortress.

They roam about for food, and growl if they do not get their fill.

But I will sing of thy might;I will sing aloud of thy steadfast love in the morning.For thou hast been to me a fortress and a refuge in the day of my distress.",repo://assets/rsvce.db,,9b24cb203c1f85adb86d8a5d7d3fe63d47f7508d65947878c39ffe07dd47d1fc,958c6a3e080f4a05abe4f3f74a19a33a188271aa4ab42410d258cfc247d6e0c1,100
local_rsvce,ps59_2_3_4_10_11_17_18,WORLD,,,generic,,,,"ps59:2-3,4,10-11,17,18",God is my refuge in the day of my distress.,"Deliver me from my enemies, O my God, protect me from those who rise up against me, deliver me from those who work evil, and save me from bloodthirsty men.

For, lo, they lie in wait for my life;fierce men band themselves against me. For no transgression or sin of mine, O LORD,

O my Strength, I will sing praises to thee;  for thou, O God, art my fortress. My God in his steadfast love will meet me; my God will let me look in triumph on my enemies.

But I will sing of thy might;I will sing aloud of thy steadfast love in the morning.For thou hast been to me a fortress and a refuge in the day of my distress.

O my Strength, I will sing praises to thee,for thou, O God, art my fortress, the God who shows me steadfast love.",repo://assets/rsvce.db,,2206053be1a4fd27eff5fac7874e2417792e88cce16b8244fd4f86f2a2eeb390,b12875029bebbe1a58bb78f3c73db320d04e9195a84e3011d5e49f79f5edf6d7,100
local_rsvce,ps5_1_2_4_5_6_12,WORLD,,,generic,,,,"ps5:1-2,4-5,6+12","Lord, listen to my groaning.","Give ear to my words, O LORD; give heed to my groaning. Hearken to the sound of my cry, my King and my God, for to thee do I pray.

O LORD, in the morning thou dost hear my voice; in the morning I prepare a sacrifice for thee, and watch. For thou art not a God who delights in wickedness; evil may not sojourn with thee.

The boastful may not stand before thy eyes; thou hatest all evildoers. But let all who take refuge in thee rejoice,let them ever sing for joy; and do thou defend them, that those who love thy name may exult in thee.",repo://assets/rsvce.db,,3a0aa1e446ca910f3ff81a35d79ff455aab6814effab87fe7e8bd387a58b3a28,dac0c2d649153472fae3b2e9d907894be5592534d42b671a17c7005603fd2fa7,100
local_rsvce,ps5_1_4_5_6_11,WORLD,,,generic,,,,"ps5:1+4,5-6,11","Lead me in your justice, Lord.","Give ear to my words, O LORD; give heed to my groaning. For thou art not a God who delights in wickedness; evil may not sojourn with thee.

For thou art not a God who delights in wickedness; evil may not sojourn with thee. The boastful may not stand before thy eyes; thou hatest all evildoers.

Make them bear their guilt, O God;let them fall by their own counsels;because of their many transgressions cast them out, for they have rebelled against thee.",repo://assets/rsvce.db,,8739c88dfd60fe4f8b1247fc17d93f9a7c1fc92bae04410c23fd95550e2998f1,f32e1471185172b3b59ea0120c21c8f752b110ab100913b8bb65501f1fe464ec,100
local_rsvce,ps5_2_3_5_6_7,WORLD,,,generic,,,,"ps5:2-3,5-6,7","O Lord, give heed to my sighs.","Give ear to my words, O LORD; give heed to my groaning. Hearken to the sound of my cry, my King and my God, for to thee do I pray.

For thou art not a God who delights in wickedness; evil may not sojourn with thee. The boastful may not stand before thy eyes; thou hatest all evildoers.

Thou destroyest those who speak lies; the LORD abhors bloodthirsty and deceitful men.",repo://assets/rsvce.db,,8f880d40ee72df115e242a139525c7b97870f591c7a9d60e1b0a96752d1960bd,dba7ceff6703a21c6dad87c65d81cc6efa370fcc7b6ba0b2a33b75690eb34d50,100
local_rsvce,ps5_4_5a_5b_6_7,WORLD,,,generic,,,,"ps5:4-5a,5b-6,7","Lead me in your justice, Lord.","O LORD, in the morning thou dost hear my voice; in the morning I prepare a sacrifice for thee, and watch. For thou art not a God who delights in wickedness; evil may not sojourn with thee.

For thou art not a God who delights in wickedness; evil may not sojourn with thee. The boastful may not stand before thy eyes; thou hatest all evildoers.

Thou destroyest those who speak lies; the LORD abhors bloodthirsty and deceitful men.",repo://assets/rsvce.db,,95f7e48e572929070adfd7f0147fbf785fd54eecd31413b08486e8c95fb08427,438b0faba67998bbec859f34da1bb058af84b1e99e07c95b0136ae7aa0036a9c,100
local_rsvce,ps5_5_6_7_12,WORLD,,,generic,,,,"ps5:5-6,7,12","Lead me, Lord, in your justice.","For thou art not a God who delights in wickedness; evil may not sojourn with thee. The boastful may not stand before thy eyes; thou hatest all evildoers.

Thou destroyest those who speak lies; the LORD abhors bloodthirsty and deceitful men.

But let all who take refuge in thee rejoice,let them ever sing for joy; and do thou defend them, that those who love thy name may exult in thee.",repo://assets/rsvce.db,,669f9623fa1a88c79354663f15dc322b19e9683e75e61f8a3e5086328808ac4e,68f5b485d60348ea3bb452caf9ba627ad41f7a0d1d098e3fe026ea3ed96b321e,100
local_rsvce,ps5_5_6_7_8,WORLD,,,generic,,,,"ps5:5-6,7,8","Lead me, Lord, in your justice.","For thou art not a God who delights in wickedness; evil may not sojourn with thee. The boastful may not stand before thy eyes; thou hatest all evildoers.

Thou destroyest those who speak lies; the LORD abhors bloodthirsty and deceitful men.

But I through the abundance of thy steadfast love will enter thy house, I will worship toward thy holy temple in the fear of thee.",repo://assets/rsvce.db,,d50d7e47953e40283f40d233bc221cea37f8827836f454df7231a83d2caa833c,0cb3e80e61f60f28fc7cd22d414b03b5fa7cccd82a0f2df5a4847090a056f0fd,100
local_rsvce,ps60_1_2_3_5_10_11,WORLD,,,generic,,,,"ps60:1-2,3+5,10-11","Help us with your right hand, O Lord, and answer us.","O God, thou hast rejected us, broken our defenses; thou hast been angry; oh, restore us. Thou hast made the land to quake, thou hast rent it open; repair its breaches, for it totters.

O God, thou hast rejected us, broken our defenses; thou hast been angry; oh, restore us. Thou hast made thy people suffer hard things; thou hast given us wine to drink that made us reel.

Moab is my washbasin; upon Edom I cast my shoe; over Philistia I shout in triumph."" Who will bring me to the fortified city? Who will lead me to Edom?",repo://assets/rsvce.db,,4cf7451ad8bcfe62654ad095691100bbe7e30275e69fe9afdfd3dfdb21abd795,63512f7786aae5b7d86da6f4fa417fdfa6c77316f9ec36451b64ec16453eb597,100
local_rsvce,ps60_3_4_5_12_14,WORLD,,,generic,,,,"ps60:3,4-5,12-14","With your right hand, Lord, grant salvation, and give answer.","O God, thou hast rejected us, broken our defenses; thou hast been angry; oh, restore us.

Thou hast made the land to quake, thou hast rent it open; repair its breaches, for it totters. Thou hast made thy people suffer hard things; thou hast given us wine to drink that made us reel.

Hast thou not rejected us, O God? Thou dost not go forth, O God, with our armies. O grant us help against the foe, for vain is the help of man! With God we shall do valiantly; it is he who will tread down our foes.",repo://assets/rsvce.db,,cf07d284e1021005b8b7a682fffd5b42a5a497d60d5853ba522fa70d6e1d9fcf,a8dded07cab5ad8d8b5809cf46fb24246c010e6499aac372c4488fc14eb9bf4b,100
local_rsvce,ps62_1_2_5_7_8,WORLD,,,generic,,,,"ps62:1-2,5+7,8","Lord, you give back to all according to their works.","For God alone my soul waits in silence; from him comes my salvation. He only is my rock and my salvation, my fortress; I shall not be greatly moved.

They only plan to thrust him down from his eminence.They take pleasure in falsehood.They bless with their mouths, but inwardly they curse. [Selah] He only is my rock and my salvation, my fortress; I shall not be shaken.

On God rests my deliverance and my honor;my mighty rock, my refuge is God.",repo://assets/rsvce.db,,db24a14bb620b09171df3c3d7886936ddb193130124d5e697f96c25a74add560,37403acfb1959628404665384087766d9df63f7224f4bdb26e0143aa1489ef89,100
local_rsvce,ps62_2_3_6_7_8_9,WORLD,,,generic,,,,"ps62:2-3,6-7,8-9","(6a) Rest in God alone, my soul.","For God alone my soul waits in silence; from him comes my salvation. He only is my rock and my salvation, my fortress; I shall not be greatly moved.

For God alone my soul waits in silence, for my hope is from him. He only is my rock and my salvation, my fortress; I shall not be shaken.

On God rests my deliverance and my honor;my mighty rock, my refuge is God. Trust in him at all times,O people; pour out your heart before him; God is a refuge for us. [Selah]",repo://assets/rsvce.db,,74f5e7197cb004013fbc3d0921a4656d905fe5159da5f12e1c23ff820e63af5d,fe53995258e38b7570f8349435565046dd82d614b95a7dca86972cd798aa3fa2,100
local_rsvce,ps62_2_3_6_7_9,WORLD,,,generic,,,,"ps62:2-3,6-7,9","O Lord, you repay each man according to his deeds","For God alone my soul waits in silence; from him comes my salvation. He only is my rock and my salvation, my fortress; I shall not be greatly moved.

For God alone my soul waits in silence, for my hope is from him. He only is my rock and my salvation, my fortress; I shall not be shaken.

Trust in him at all times,O people; pour out your heart before him; God is a refuge for us. [Selah]",repo://assets/rsvce.db,,8db28324e82553b32ad0d8ce30903106221bfbf7201493deed4295f769788848,895e591c0a6bf2d1f7fd9ac9eade2bafddabbbbc44f1833db51158df18b8d39f,100
local_rsvce,ps62_5_6_7b_8,WORLD,,,generic,,,,"ps62:5-6,7b-8",In God is my safety and my glory.,"They only plan to thrust him down from his eminence.They take pleasure in falsehood.They bless with their mouths, but inwardly they curse. [Selah] For God alone my soul waits in silence, for my hope is from him.

He only is my rock and my salvation, my fortress; I shall not be shaken. On God rests my deliverance and my honor;my mighty rock, my refuge is God.",repo://assets/rsvce.db,,16bf2ec6af0d7fa6dcdb7524bc8eab6d509fd5daa61bed9b1194500e793f0a80,557d23d466c2a7b9d3d28813cdf21ee7c2fd9972012d1952f745c67ad63137a3,100
local_rsvce,ps63_1_2_3_4_5,WORLD,,,generic,,,,"ps63:1,2-3,4-5","My soul is thirsting for you, O Lord my God.","O God, thou art my God, I seek thee,my soul thirsts for thee; my flesh faints for thee, as in a dry and weary land where no water is.

O God, thou art my God, I seek thee,my soul thirsts for thee; my flesh faints for thee, as in a dry and weary land where no water is. So I have looked upon thee in the sanctuary, beholding thy power and glory.

Because thy steadfast love is better than life, my lips will praise thee. So I will bless thee as long as I live; I will lift up my hands and call on thy name.",repo://assets/rsvce.db,,e5bd53e74d3987cc388fed34a9ab8a77463b00cb7239d58df8d8b49d7eaa61c7,9b0e19ee716ba200ff8d0decfca3d3087514c6a2cac9a21c0c6d00d7029263d0,100
local_rsvce,ps63_2_2_4_5_6_8_9,WORLD,,,generic,,,,"ps63:2,2-4,5-6,8-9","For you my soul is thirsting, O Lord, my God.","O God, thou art my God, I seek thee,my soul thirsts for thee; my flesh faints for thee, as in a dry and weary land where no water is.

O God, thou art my God, I seek thee,my soul thirsts for thee; my flesh faints for thee, as in a dry and weary land where no water is. So I have looked upon thee in the sanctuary, beholding thy power and glory. Because thy steadfast love is better than life, my lips will praise thee.

So I will bless thee as long as I live; I will lift up my hands and call on thy name. My soul is feasted as with marrow and fat, and my mouth praises thee with joyful lips,

for thou hast been my help, and in the shadow of thy wings I sing for joy. My soul clings to thee; thy right hand upholds me.",repo://assets/rsvce.db,,36dd56c1db95afd637a1ee9b229f9b89fc00c1ee3a0600a6ea5830de190b0a3d,c84666361c56fc05611418c5702db56d7dd90f2e5be7dad23f471310661ba205,100
local_rsvce,ps63_2_3_4_5_6,WORLD,,,generic,,,,"ps63:2,3-4,5-6","For you my soul is thirsting, O Lord, my God.","O God, thou art my God, I seek thee,my soul thirsts for thee; my flesh faints for thee, as in a dry and weary land where no water is.

So I have looked upon thee in the sanctuary, beholding thy power and glory. Because thy steadfast love is better than life, my lips will praise thee.

So I will bless thee as long as I live; I will lift up my hands and call on thy name. My soul is feasted as with marrow and fat, and my mouth praises thee with joyful lips,",repo://assets/rsvce.db,,79a350aca523cb1e2a828290a7ecda876bbcc146a824c26fecf6958112dd354d,2e0986151d7791fb6676d91b502b900361ab4f6db3e51c50853f7086034868c8,100
local_rsvce,ps63_2_3_4_5_6_7_8,WORLD,,,generic,,,,"ps63:2,3-4,5-6,7-8","(2b) My soul is thirsting for you, O Lord my God.","O God, thou art my God, I seek thee,my soul thirsts for thee; my flesh faints for thee, as in a dry and weary land where no water is.

So I have looked upon thee in the sanctuary, beholding thy power and glory. Because thy steadfast love is better than life, my lips will praise thee.

So I will bless thee as long as I live; I will lift up my hands and call on thy name. My soul is feasted as with marrow and fat, and my mouth praises thee with joyful lips,

when I think of thee upon my bed, and meditate on thee in the watches of the night; for thou hast been my help, and in the shadow of thy wings I sing for joy.",repo://assets/rsvce.db,,52972dce1d6d1dc19ab159087bef67106f55d8873ef1a719c4fb5928cbd06894,5704abcc43e28327576c45dee85ca8e79e405469e6c3a8b788f6fef973a43b8f,100
local_rsvce,ps63_2_3_4_5_6_8_9,WORLD,,,generic,,,,"ps63:2,3-4,5-6,8-9","(2b) My soul is thirsting for you, O Lord my God.","O God, thou art my God, I seek thee,my soul thirsts for thee; my flesh faints for thee, as in a dry and weary land where no water is.

So I have looked upon thee in the sanctuary, beholding thy power and glory. Because thy steadfast love is better than life, my lips will praise thee.

So I will bless thee as long as I live; I will lift up my hands and call on thy name. My soul is feasted as with marrow and fat, and my mouth praises thee with joyful lips,

for thou hast been my help, and in the shadow of thy wings I sing for joy. My soul clings to thee; thy right hand upholds me.",repo://assets/rsvce.db,,3d6a934712c63b99d9c1af2dd6b9c2a96df3844027caa8367a9abf07d87a1f88,855b625f21decf9d5651c6015a9efcb4e9c77e8d9548817e172add15d2fce3c2,100
local_rsvce,ps65_10_11_12_13,WORLD,,,generic,,,,"ps65:10,11,12-13","Praise is due to you in Sion, O God.","Thou visitest the earth and waterest it,thou greatly enrichest it; the river of God is full of water; thou providest their grain, for so thou hast prepared it.

Thou waterest its furrows abundantly,settling its ridges, softening it with showers, and blessing its growth.

Thou crownest the year with thy bounty; the tracks of thy chariot drip with fatness. The pastures of the wilderness drip, the hills gird themselves with joy,",repo://assets/rsvce.db,,bc776d9eba40c453ac9fa5e774f065fee03575b27b0397d397dd3577941202c2,93df75cf945954f4153d714c4749e5d60010cd2ddee5631919237d74b4fe2b1b,100
local_rsvce,ps65_10_11_12_13_14,WORLD,,,generic,,,,"ps65:10,11,12-13,14",(Luke 8:8) The seed that falls on good ground will yield a fruitful harvest.,"Thou visitest the earth and waterest it,thou greatly enrichest it; the river of God is full of water; thou providest their grain, for so thou hast prepared it.

Thou waterest its furrows abundantly,settling its ridges, softening it with showers, and blessing its growth.

Thou crownest the year with thy bounty; the tracks of thy chariot drip with fatness. The pastures of the wilderness drip, the hills gird themselves with joy,

the meadows clothe themselves with flocks,the valleys deck themselves with grain, they shout and sing together for joy.",repo://assets/rsvce.db,,27d26dcd98cddf37cffbe9540c8101fcad3f5b9dc5a072217fffeceec7d51c20,d34b7b5d7216cc0a2c5c40d0d24e07f239e4b51109cf037f81a2bac37633cf07,100
local_rsvce,ps65_9abcd_9e_10_11_12,WORLD,,,generic,,,,"ps65:9abcd,9e-10,11-12","It is right to praise you in Zion, O God.","so that those who dwell at earth's farthest bounds are afraid at thy signs; thou makest the outgoings of the morning and the evening to shout for joy.

so that those who dwell at earth's farthest bounds are afraid at thy signs; thou makest the outgoings of the morning and the evening to shout for joy. Thou visitest the earth and waterest it,thou greatly enrichest it; the river of God is full of water; thou providest their grain, for so thou hast prepared it.

Thou waterest its furrows abundantly,settling its ridges, softening it with showers, and blessing its growth. Thou crownest the year with thy bounty; the tracks of thy chariot drip with fatness.",repo://assets/rsvce.db,,a6f23bd9adeede9170042ded7ee789360100efe7c16476a3907a12f78269578e,3c5db4c552091ae4cebd0c1ffd4bb67b334dc63449eadbbaf303b14c6699afe1,100
local_rsvce,ps65_9abcd_9e_10_11_12_13,WORLD,,,generic,,,,"ps65:9abcd,9e-10,11-12,13",The seed that fell into good soil yielded a hundredfold.,"so that those who dwell at earth's farthest bounds are afraid at thy signs; thou makest the outgoings of the morning and the evening to shout for joy.

so that those who dwell at earth's farthest bounds are afraid at thy signs; thou makest the outgoings of the morning and the evening to shout for joy. Thou visitest the earth and waterest it,thou greatly enrichest it; the river of God is full of water; thou providest their grain, for so thou hast prepared it.

Thou waterest its furrows abundantly,settling its ridges, softening it with showers, and blessing its growth. Thou crownest the year with thy bounty; the tracks of thy chariot drip with fatness.

The pastures of the wilderness drip, the hills gird themselves with joy,",repo://assets/rsvce.db,,535f0f5b342302d6a14d27e6b7f44ba937a965993b74bcac5511a73f204af72d,168f811f2bba7d3e685ca589b663c0ea05903f36775f90676027633d7c20b85f,100
local_rsvce,ps66_1_3_4_5_6_7_16_20,WORLD,,,generic,,,,"ps66:1-3,4-5,6-7,16,20",(1) Let all the earth cry out to God with joy.,"Make a joyful noise to God, all the earth; sing the glory of his name; give to him glorious praise! Say to God, ""How terrible are thy deeds! So great is thy power that thy enemies cringe before thee.

All the earth worships thee; they sing praises to thee, sing praises to thy name."" [Selah] Come and see what God has done: he is terrible in his deeds among men.

He turned the sea into dry land;men passed through the river on foot. There did we rejoice in him, who rules by his might for ever,whose eyes keep watch on the nations-- let not the rebellious exalt themselves. [Selah]

Come and hear, all you who fear God, and I will tell what he has done for me.

Blessed be God,because he has not rejected my prayer or removed his steadfast love from me!",repo://assets/rsvce.db,,abfe4a5e8287fb8a39bc0c8d89ffc2a2c979fd8bee239a9e1869aa7d8b5c818a,29cbba497ea07790bf19c780378f67b310464190884b2014f7480c8f95bbba35,100
local_rsvce,ps66_1_3a_4_5_6_7a,WORLD,,,generic,,,,"ps66:1-3a,4-5,6-7a",Let all the earth cry out to God with joy.,"Make a joyful noise to God, all the earth; sing the glory of his name; give to him glorious praise! Say to God, ""How terrible are thy deeds! So great is thy power that thy enemies cringe before thee.

All the earth worships thee; they sing praises to thee, sing praises to thy name."" [Selah] Come and see what God has done: he is terrible in his deeds among men.

He turned the sea into dry land;men passed through the river on foot. There did we rejoice in him, who rules by his might for ever,whose eyes keep watch on the nations-- let not the rebellious exalt themselves. [Selah]",repo://assets/rsvce.db,,4dc0e6e9e3b6d33f654250dccb3529b7dd678f4fcc2ffe9c21a8e9c4231fc5cb,fb2028482554e08e08e708631619320c1197de92667291341a5c0eaf75f229f8,100
local_rsvce,ps66_1_3a_4_5_6_7a_16_20,WORLD,,,generic,,,,"ps66:1-3a,4-5,6-7a,16,20","Cry out with joy to God, all the earth.","Make a joyful noise to God, all the earth; sing the glory of his name; give to him glorious praise! Say to God, ""How terrible are thy deeds! So great is thy power that thy enemies cringe before thee.

All the earth worships thee; they sing praises to thee, sing praises to thy name."" [Selah] Come and see what God has done: he is terrible in his deeds among men.

He turned the sea into dry land;men passed through the river on foot. There did we rejoice in him, who rules by his might for ever,whose eyes keep watch on the nations-- let not the rebellious exalt themselves. [Selah]

Come and hear, all you who fear God, and I will tell what he has done for me.

Blessed be God,because he has not rejected my prayer or removed his steadfast love from me!",repo://assets/rsvce.db,,76fdd69ed45508dba7565bacb1a76c58be4f9662a7aa03889648d4d5202bcf6a,df21c0b2f74ad465b45521a7a0d260e68a2a881f2b6796f5a4441e8e12e423c2,100
local_rsvce,ps66_1_3a_5_8_16_17,WORLD,,,generic,,,,"ps66:1-3a,5+8,16-17",Blessed be God who filled my soul with life!,"Make a joyful noise to God, all the earth; sing the glory of his name; give to him glorious praise! Say to God, ""How terrible are thy deeds! So great is thy power that thy enemies cringe before thee.

Come and see what God has done: he is terrible in his deeds among men. Bless our God, O peoples, let the sound of his praise be heard,

Come and hear, all you who fear God, and I will tell what he has done for me. I cried aloud to him, and he was extolled with my tongue.",repo://assets/rsvce.db,,0a6701114ca78e21c7f35f043c7c7449fd9b8d0730494cbcda7975130c27972d,c3f56289c1b01d8affd6f3446e17bb3920cedfd39eebf7bb0ff399d537b96e79,100
local_rsvce,ps66_8_9_16_17_20,WORLD,,,generic,,,,"ps66:8-9,16-17,20",Let all the earth cry out to God with joy.,"Bless our God, O peoples, let the sound of his praise be heard, who has kept us among the living, and has not let our feet slip.

Come and hear, all you who fear God, and I will tell what he has done for me. I cried aloud to him, and he was extolled with my tongue.

Blessed be God,because he has not rejected my prayer or removed his steadfast love from me!",repo://assets/rsvce.db,,b106f804733da15c5278a2b24458bc0d72a0cead6e524c002b67b30721e2666a,694dfdfeb303ab5b73f87df6b98e380e386269aac2e8fa8c67cc1db41fc1215b,100
local_rsvce,ps67_1_2_3a_4_5_7,WORLD,,,generic,,,,"ps67:1-2,3a+4,5+7","O God, let all the nations praise you!","May God be gracious to us and bless us and make his face to shine upon us, [Selah] that thy way may be known upon earth, thy saving power among all nations.

that thy way may be known upon earth, thy saving power among all nations. Let the peoples praise thee, O God; let all the peoples praise thee!

Let the nations be glad and sing for joy,for thou dost judge the peoples with equity and guide the nations upon earth. [Selah] The earth has yielded its increase; God, our God, has blessed us.",repo://assets/rsvce.db,,91e1973b1cec5080ffb11cab2f68cbd966f33c1cfaae371dc9c97850350312ec,810d232d95431ef53e01851e2545ce9319c31214ea61cc3b5083e5b3b779535e,100
local_rsvce,ps67_1_2_3a_4_6_7,WORLD,,,generic,,,,"ps67:1-2,3a+4,6-7","O God, let all the nations praise you!","May God be gracious to us and bless us and make his face to shine upon us, [Selah] that thy way may be known upon earth, thy saving power among all nations.

that thy way may be known upon earth, thy saving power among all nations. Let the peoples praise thee, O God; let all the peoples praise thee!

Let the peoples praise thee, O God; let all the peoples praise thee! The earth has yielded its increase; God, our God, has blessed us.",repo://assets/rsvce.db,,0135b53a55917bb2d875b2c6a45b87b9508cbc88a588845e61e1f8b2f78aad4b,3c6b52d28244837a682a76e7a1b83d0a65ddb495b22c0f799f70e73f2af24d88,100
local_rsvce,ps67_1_2_4_6_7,WORLD,,,generic,,,,"ps67:1-2,4,6-7","O God, let the nations praise you!","May God be gracious to us and bless us and make his face to shine upon us, [Selah] that thy way may be known upon earth, thy saving power among all nations.

Let the peoples praise thee, O God; let all the peoples praise thee!

Let the peoples praise thee, O God; let all the peoples praise thee! The earth has yielded its increase; God, our God, has blessed us.",repo://assets/rsvce.db,,d6a1d0cd80a9c25670592e2205aaaf0d29954303341ac47d24d1788bf6906d43,f112dae10872b0c9c07298ef32ecd2bd282680b0c66368aadaf2a16648af7188,100
local_rsvce,ps67_2_3_5_6_8,WORLD,,,generic,,,,"ps67:2-3,5,6,8","(4) O God, let all the nations praise you!","May God be gracious to us and bless us and make his face to shine upon us, [Selah] that thy way may be known upon earth, thy saving power among all nations.

Let the nations be glad and sing for joy,for thou dost judge the peoples with equity and guide the nations upon earth. [Selah]

Let the peoples praise thee, O God; let all the peoples praise thee!

God has blessed us; let all the ends of the earth fear him!",repo://assets/rsvce.db,,5d25a12e64378b0825d87d1a90b2148e091e77303ec290129c732b194f1af8d8,f64981d644c43f9162554e1b01a2823d5a4e8aca1fb2f1a06c7428bcd2260b0c,100
local_rsvce,ps67_2_3_5_6_8__alias_785640a9e07a,WORLD,,,generic,,,,"ps67:2-3,5-6,8","(4) O God, let all the nations praise you!","May God be gracious to us and bless us and make his face to shine upon us, [Selah] that thy way may be known upon earth, thy saving power among all nations.

Let the nations be glad and sing for joy,for thou dost judge the peoples with equity and guide the nations upon earth. [Selah]

Let the peoples praise thee, O God; let all the peoples praise thee!

God has blessed us; let all the ends of the earth fear him!",repo://assets/rsvce.db,,5d25a12e64378b0825d87d1a90b2148e091e77303ec290129c732b194f1af8d8,f64981d644c43f9162554e1b01a2823d5a4e8aca1fb2f1a06c7428bcd2260b0c,100
local_rsvce,ps67_2_3_5_7_8,WORLD,,,generic,,,,"ps67:2-3,5,7-8",Sing joyfully to God our strength.,"May God be gracious to us and bless us and make his face to shine upon us, [Selah] that thy way may be known upon earth, thy saving power among all nations.

Let the nations be glad and sing for joy,for thou dost judge the peoples with equity and guide the nations upon earth. [Selah]

The earth has yielded its increase; God, our God, has blessed us. God has blessed us; let all the ends of the earth fear him!",repo://assets/rsvce.db,,9e881fa20159210e1f3476424d208949d70e412f8bc92da31b08866f74911eef,ea3d30ed33029fc9e1e972c79488c3674194a8d8993c873095afc3a2a5b9ad4a,100
local_rsvce,ps68_10_11_20_21,WORLD,,,generic,,,,"ps68:10-11,20-21","You kingdoms of the earth, sing to God, sing to God. Or: Alleluia.","Rain in abundance, O God,thou didst shed abroad; thou didst restore thy heritage as it languished; thy flock found a dwelling in it; in thy goodness, O God, thou didst provide for the needy.

Blessed be the Lord, who daily bears us up; God is our salvation. [Selah] Our God is a God of salvation; and to GOD, the Lord, belongs escape from death.",repo://assets/rsvce.db,,0a5a28afb1cf862f5aa7ae0ea0025429a141b690257ca3d792d0103e2032deb0,fd7f866661a945675ae571399227339fd18aad94bc36fd464f3c7aa6f3187802,100
local_rsvce,ps68_1_2_3_4ac_5_6ab,WORLD,,,generic,,,,"ps68:1-2,3,4ac,5-6ab","Sing to God, O kingdoms of the earth.","Let God arise, let his enemies be scattered; let those who hate him flee before him! As smoke is driven away, so drive them away; as wax melts before fire, let the wicked perish before God!

As smoke is driven away, so drive them away; as wax melts before fire, let the wicked perish before God!

But let the righteous be joyful; let them exult before God; let them be jubilant with joy!

Sing to God, sing praises to his name;lift up a song to him who rides upon the clouds;  his name is the LORD, exult before him! Father of the fatherless and protector of widows is God in his holy habitation.",repo://assets/rsvce.db,,8699ba7a02ae3a2adea1a6da9220009121981d9c879c862d9cd16a1e05ae74ed,900b226b463a7d30b904e777dc6bd23dd5d5b85ed4be1385df8a641a60405a4c,100
local_rsvce,ps68_1_3_5_6ab_19_20,WORLD,,,generic,,,,"ps68:1+3,5-6ab,19-20",Our God is the God of salvation.,"Let God arise, let his enemies be scattered; let those who hate him flee before him! But let the righteous be joyful; let them exult before God; let them be jubilant with joy!

Sing to God, sing praises to his name;lift up a song to him who rides upon the clouds;  his name is the LORD, exult before him! Father of the fatherless and protector of widows is God in his holy habitation.

Thou didst ascend the high mount,leading captives in thy train, and receiving gifts among men,even among the rebellious, that the LORD God may dwell there. Blessed be the Lord, who daily bears us up; God is our salvation. [Selah]",repo://assets/rsvce.db,,e7d9af83a3c6452d7c2b94195b2d7fa2554cbee2ccac4fe4512ce4cafde9eff6,c859b92f64072ac8468aa0b7b29f2f41addf60c20b61adff8d356a24f9e1a2df,100
local_rsvce,ps68_28_29_32_33_34_35,WORLD,,,generic,,,,"ps68:28-29,32-33,34,35","Sing to God, O kingdoms of the earth.","There is Benjamin, the least of them,in the lead, the princes of Judah in their throng, the princes of Zebulun, the princes of Naphtali. Summon thy might, O God; show thy strength, O God, thou who hast wrought for us.

Let bronze be brought from Egypt; let Ethiopia hasten to stretch out her hands to God. Sing to God, O kingdoms of the earth; sing praises to the Lord, [Selah]

to him who rides in the heavens,the ancient heavens; lo, he sends forth his voice, his mighty voice.

Ascribe power to God, whose majesty is over Israel, and his power is in the skies.",repo://assets/rsvce.db,,ec09b7b8762ff12d939ef57a345a4d59577e6dc5ba98959c053f4cf163434725,55e3873f0c207ee78deb765b79a0c0cd71bd81534ddffa12cdd7aa703ac273e6,100
local_rsvce,ps68_29_30_33_35a_35bc_36ab,WORLD,,,generic,,,,"ps68:29-30,33-35a,35bc-36ab","You kingdoms of the earth, sing to God, sing to God. Or: Alleluia.","Summon thy might, O God; show thy strength, O God, thou who hast wrought for us. Because of thy temple at Jerusalem kings bear gifts to thee.

Sing to God, O kingdoms of the earth; sing praises to the Lord, [Selah] to him who rides in the heavens,the ancient heavens; lo, he sends forth his voice, his mighty voice. Ascribe power to God, whose majesty is over Israel, and his power is in the skies.

Ascribe power to God, whose majesty is over Israel, and his power is in the skies. Terrible is God in his sanctuary,the God of Israel, he gives power and strength to his people. Blessed be God!",repo://assets/rsvce.db,,03589d798d3f18f5bfc73be91eae65264372e13e48b2230336fd97d6587df9f9,cfcb2bbb0a8734769b6346f4f453451e369037a31e6d76f307dbe9d89c9203d7,100
local_rsvce,ps68_2_3_4_5ac_6_7ab,WORLD,,,generic,,,,"ps68:2-3,4-5ac,6-7ab","You kingdoms of the earth, sing to God.","Let God arise, let his enemies be scattered; let those who hate him flee before him! As smoke is driven away, so drive them away; as wax melts before fire, let the wicked perish before God!

But let the righteous be joyful; let them exult before God; let them be jubilant with joy! Sing to God, sing praises to his name;lift up a song to him who rides upon the clouds;  his name is the LORD, exult before him!

Father of the fatherless and protector of widows is God in his holy habitation. God gives the desolate a home to dwell in;he leads out the prisoners to prosperity; but the rebellious dwell in a parched land.",repo://assets/rsvce.db,,1af7c8282195304d0cae2d5ab008c8b0bf56e09219e41844a0a27368f31e8c0c,29b9eb1cc841c16e557d64df80527deff79024252e6a11936b94ff4e357fe9a3,100
local_rsvce,ps68_2_3ab_4_5acd_6_7ab,WORLD,,,generic,,,,"ps68:2-3ab,4-5acd,6-7ab","You kingdoms of the earth, sing to God. Or: Alleluia.","Let God arise, let his enemies be scattered; let those who hate him flee before him! As smoke is driven away, so drive them away; as wax melts before fire, let the wicked perish before God!

But let the righteous be joyful; let them exult before God; let them be jubilant with joy! Sing to God, sing praises to his name;lift up a song to him who rides upon the clouds;  his name is the LORD, exult before him!

Father of the fatherless and protector of widows is God in his holy habitation. God gives the desolate a home to dwell in;he leads out the prisoners to prosperity; but the rebellious dwell in a parched land.",repo://assets/rsvce.db,,6afdc671a128874e859c95d0360be7b1f85c430864c99fe99cd03e7537fae55a,c34052275a53130b88c048be66f2cc6bcd477a7ede4cb813bd4cc19593def732,100
local_rsvce,ps68_2_4_6_7ab_20_21,WORLD,,,generic,,,,"ps68:2,4,6-7ab,20-21",This God of ours is a God who saves.,"Let God arise, let his enemies be scattered; let those who hate him flee before him!

But let the righteous be joyful; let them exult before God; let them be jubilant with joy!

Father of the fatherless and protector of widows is God in his holy habitation. God gives the desolate a home to dwell in;he leads out the prisoners to prosperity; but the rebellious dwell in a parched land.

Blessed be the Lord, who daily bears us up; God is our salvation. [Selah] Our God is a God of salvation; and to GOD, the Lord, belongs escape from death.",repo://assets/rsvce.db,,9c81c3c6ace14742a2d43629f30d07743e7ca734d587a2d050e7cd5d58b3794f,315bb8a66d5877e78681b7e369cb6c007ec28f86e5f782bddd5fd634de8c6f47,100
local_rsvce,ps68_33_35a_35b_36b,WORLD,,,generic,,,,"ps68:33-35a,35b,36b","You kingdoms of the earth, sing to God.","Sing to God, O kingdoms of the earth; sing praises to the Lord, [Selah] to him who rides in the heavens,the ancient heavens; lo, he sends forth his voice, his mighty voice. Ascribe power to God, whose majesty is over Israel, and his power is in the skies.

Ascribe power to God, whose majesty is over Israel, and his power is in the skies.

Terrible is God in his sanctuary,the God of Israel, he gives power and strength to his people. Blessed be God!",repo://assets/rsvce.db,,d81b9f661288577f1eacc72bc2bdb426b584a32cfc36a465f58cfec0b5f7f3d7,fde6eee99a1bebc9b8bc04af1abc0cdaf35a09c62e5c7cba157672fd8e3a9bcc,100
local_rsvce,ps68_4_5_6_7_10_11,WORLD,,,generic,,,,"ps68:4-5,6-7,10-11","God, in your goodness, you have made a home for the poor.","But let the righteous be joyful; let them exult before God; let them be jubilant with joy! Sing to God, sing praises to his name;lift up a song to him who rides upon the clouds;  his name is the LORD, exult before him!

Father of the fatherless and protector of widows is God in his holy habitation. God gives the desolate a home to dwell in;he leads out the prisoners to prosperity; but the rebellious dwell in a parched land.

Rain in abundance, O God,thou didst shed abroad; thou didst restore thy heritage as it languished; thy flock found a dwelling in it; in thy goodness, O God, thou didst provide for the needy.",repo://assets/rsvce.db,,7cbcaec31bc96deb9e90ada8e0dcdf995140c7cb2f7b865f2ce98aa1a9bcc07e,84feb77977ddbb06d3bf5c8b21dad232a471385b188a69f78b04c9822cd6cc0e,100
local_rsvce,ps68_9_10_19_20,WORLD,,,generic,,,,"ps68:9-10,19-20","Sing to God, O kingdoms of the earth.","the earth quaked, the heavens poured down rain,at the presence of God; yon Sinai quaked at the presence of God, the God of Israel. Rain in abundance, O God,thou didst shed abroad; thou didst restore thy heritage as it languished;

Thou didst ascend the high mount,leading captives in thy train, and receiving gifts among men,even among the rebellious, that the LORD God may dwell there. Blessed be the Lord, who daily bears us up; God is our salvation. [Selah]",repo://assets/rsvce.db,,4324082bfe58593555dd6747016050c52164d1b1871a47297c279d959d5a8141,09cd6fec940f66f168f84838fb6091ac9f2f3fb652be8bfba122a9c068ef5501,100
local_rsvce,ps69_14_15_29_30_32_33,WORLD,,,generic,,,,"ps69:14-15,29-30,32-33","Lord, in your great love, answer me.","But as for me, my prayer is to thee, O LORD.At an acceptable time, O God,in the abundance of thy steadfast love answer me. With thy faithful help rescue me from sinking in the mire;let me be delivered from my enemies and from the deep waters.

Let them be blotted out of the book of the living; let them not be enrolled among the righteous. But I am afflicted and in pain; let thy salvation, O God, set me on high!

This will please the LORD more than an ox or a bull with horns and hoofs. Let the oppressed see it and be glad;you who seek God, let your hearts revive.",repo://assets/rsvce.db,,cebe2881ea8846682accc6c5fe9f39b4500398d881e512555fe65ecbd56ff0c8,3e086b6619b5dd7ee4e4b68f1e6dd2d611f9a0831406dc8b1247829bc0079481,100
local_rsvce,ps69_14_17_30_31_33_34_36_37,WORLD,,,generic,,,,"ps69:14,17,30-31,33-34,36-37","Seek the Lord, you who are poor, and your hearts will revive.","But as for me, my prayer is to thee, O LORD.At an acceptable time, O God,in the abundance of thy steadfast love answer me. With thy faithful help

Answer me, O LORD, for thy steadfast love is good; according to thy abundant mercy, turn to me.

But I am afflicted and in pain; let thy salvation, O God, set me on high! I will praise the name of God with a song; I will magnify him with thanksgiving.

Let the oppressed see it and be glad;you who seek God, let your hearts revive. For the LORD hears the needy, and does not despise his own that are in bonds.

For God will save Zion and rebuild the cities of Judah; and his servants shall dwell there and possess it; the children of his servants shall inherit it, and those who love his name shall dwell in it.",repo://assets/rsvce.db,,c5e15e768d2fc99d31ba959c8d71ba512cecd6390fcbff6188369bc3dcb3b502,aaf076bdf1b6cc2c901a2eb542cb4b5ec4e5b300db633e833177dbcc0c5531cb,100
local_rsvce,ps69_15_16_30_31_33_34,WORLD,,,generic,,,,"ps69:15-16,30-31,33-34","At an acceptable time, O Lord, answer me.","rescue me from sinking in the mire;let me be delivered from my enemies and from the deep waters. Let not the flood sweep over me,or the deep swallow me up, or the pit close its mouth over me.

But I am afflicted and in pain; let thy salvation, O God, set me on high! I will praise the name of God with a song; I will magnify him with thanksgiving.

Let the oppressed see it and be glad;you who seek God, let your hearts revive. For the LORD hears the needy, and does not despise his own that are in bonds.",repo://assets/rsvce.db,,a9bbc33d0ff17bf48871b667d835f13a88b24bba0d246a4d374b5363a58222cd,e1ffd8a9ea0c55b39295b82c2d38552dc0636691c01845cb4995211caf456d8d,100
local_rsvce,ps69_1_4ab_4cd_7_8_9_13,WORLD,,,generic,,,,"ps69:1+4ab,4cd+7,8-9,13","Lord, in your great love, answer me.","Save me, O God! For the waters have come up to my neck. More in number than the hairs of my headare those who hate me without cause;mighty are those who would destroy me,those who attack me with lies. What I did not steal must I now restore?

I am weary with my crying;my throat is parched. My eyes grow dim with waiting for my God. Let not those who hope in theebe put to shame through me, O Lord GOD of hosts;let not those who seek thee be brought to dishonor through me, O God of Israel.

For it is for thy sake that I have borne reproach, that shame has covered my face. I have become a stranger to my brethren, an alien to my mother's sons.

I am the talk of those who sit in the gate, and the drunkards make songs about me.",repo://assets/rsvce.db,,a768b5a42e629c1bf9dbafe35a784961d9e8a13bfda1017e781bdf3ffca924bc,1feed2384f75d639c972737bf8cf9ef21c8a17560853f0fea761ee4ef3faed9e,100
local_rsvce,ps69_29_30_32_33_35_36,WORLD,,,generic,,,,"ps69:29-30,32-33,35-36","Lord, in your great love, answer me.","Let them be blotted out of the book of the living; let them not be enrolled among the righteous. But I am afflicted and in pain; let thy salvation, O God, set me on high!

This will please the LORD more than an ox or a bull with horns and hoofs. Let the oppressed see it and be glad;you who seek God, let your hearts revive.

Let heaven and earth praise him, the seas and everything that moves therein. For God will save Zion and rebuild the cities of Judah; and his servants shall dwell there and possess it;",repo://assets/rsvce.db,,cc2497c4acd6e2d781d120ae498cd2ca9988aeaa097bf5150105ba76b70995dd,4f0586871bcba260cd7e1dbf0b93b2cc706fad2e07e87410480d0a24b70ec913,100
local_rsvce,ps69_29_32_33_34_35_36,WORLD,,,generic,,,,"ps69:29+32,33-34,35-36",The Lord listens to the poor.,"Let them be blotted out of the book of the living; let them not be enrolled among the righteous. This will please the LORD more than an ox or a bull with horns and hoofs.

Let the oppressed see it and be glad;you who seek God, let your hearts revive. For the LORD hears the needy, and does not despise his own that are in bonds.

Let heaven and earth praise him, the seas and everything that moves therein. For God will save Zion and rebuild the cities of Judah; and his servants shall dwell there and possess it;",repo://assets/rsvce.db,,18967c9b5a3a47575c83a2fa6f8ea5d44a0c1a163af750658a005f521819ac0a,4e483f4b2f509e7e01ffe1e35ff332403785bd554e9e42c92e92bee986537d90,100
local_rsvce,ps69_2_13_29_30_32_33,WORLD,,,generic,,,,"ps69:2,13,29-30,32-33","Turn to the Lord in your need, and you will live.","Save me, O God! For the waters have come up to my neck.

I am the talk of those who sit in the gate, and the drunkards make songs about me.

Let them be blotted out of the book of the living; let them not be enrolled among the righteous. But I am afflicted and in pain; let thy salvation, O God, set me on high!

This will please the LORD more than an ox or a bull with horns and hoofs. Let the oppressed see it and be glad;you who seek God, let your hearts revive.",repo://assets/rsvce.db,,465e7574799b017cb8437c4ca203c070cb0b12f37d309b9b5a3a7bd228ee109c,69b4af558abf5e7d2813081d9e09860289d17357c88d3d379239344d87828719,100
local_rsvce,ps69_33_35_36_37,WORLD,,,generic,,,,"ps69:33-35,36-37",The Lord listens to the needy.,"Let the oppressed see it and be glad;you who seek God, let your hearts revive. For the LORD hears the needy, and does not despise his own that are in bonds. Let heaven and earth praise him, the seas and everything that moves therein.

For God will save Zion and rebuild the cities of Judah; and his servants shall dwell there and possess it; the children of his servants shall inherit it, and those who love his name shall dwell in it.",repo://assets/rsvce.db,,0b13c9c6a714ddcddf607a5601da60e911f97aadd03623f5db1a974b3ff9deaf,97677b093fa88fa0ce040d34b8f688f8045cbe0b40970bed5340bfbba11b0bc5,100
local_rsvce,ps69_3_14_30_31_33_34,WORLD,,,generic,,,,"ps69:3,14,30-31,33-34","You who are poor, seek God and your heart will revive.","I sink in deep mire, where there is no foothold;I have come into deep waters, and the flood sweeps over me.

But as for me, my prayer is to thee, O LORD.At an acceptable time, O God,in the abundance of thy steadfast love answer me. With thy faithful help

But I am afflicted and in pain; let thy salvation, O God, set me on high! I will praise the name of God with a song; I will magnify him with thanksgiving.

Let the oppressed see it and be glad;you who seek God, let your hearts revive. For the LORD hears the needy, and does not despise his own that are in bonds.",repo://assets/rsvce.db,,5db5178bbd6a5e5e9196b19459e73b339c76e3cbb634cbd92f4ee5ade293ae71,5f57d4d55439193c323a4e4e0d8d8119d63e6cf799f006a4de7fbdd9c9ed999e,100
local_rsvce,ps69_5_8_10_14,WORLD,,,generic,,,,"ps69:5,8-10,14","In your great mercy, answer me, O Lord.","More in number than the hairs of my headare those who hate me without cause;mighty are those who would destroy me,those who attack me with lies. What I did not steal must I now restore?

For it is for thy sake that I have borne reproach, that shame has covered my face. I have become a stranger to my brethren, an alien to my mother's sons. For zeal for thy house has consumed me, and the insults of those who insult thee have fallen on me.

But as for me, my prayer is to thee, O LORD.At an acceptable time, O God,in the abundance of thy steadfast love answer me. With thy faithful help",repo://assets/rsvce.db,,ac666b055eccf15197faaba600308a837db87c88902174e50960cb6c5357641e,116c3a913242ab21789c521971f17e77b127ca4df80542f8e0df4b421e335c3d,100
local_rsvce,ps69_7_9_13_16_32_34,WORLD,,,generic,,,,"ps69:7-9,13,16,32-34","In your great mercy, answer me, O Lord.","Let not those who hope in theebe put to shame through me, O Lord GOD of hosts;let not those who seek thee be brought to dishonor through me, O God of Israel. For it is for thy sake that I have borne reproach, that shame has covered my face. I have become a stranger to my brethren, an alien to my mother's sons.

I am the talk of those who sit in the gate, and the drunkards make songs about me.

Let not the flood sweep over me,or the deep swallow me up, or the pit close its mouth over me.

This will please the LORD more than an ox or a bull with horns and hoofs. Let the oppressed see it and be glad;you who seek God, let your hearts revive. For the LORD hears the needy, and does not despise his own that are in bonds.",repo://assets/rsvce.db,,7c8bb5779f867bea449b3ab64969a15ca0b852f00faa14576dee5b723d0a08ac,b9de478b0e7e89be734df5bad3d32027bdfec68e8eaecab5871793624ae61026,100
local_rsvce,ps69_7_9_20_21_30_32_33,WORLD,,,generic,,,,"ps69:7-9,20-21,30+32-33","Lord, in your great love, answer me.","Let not those who hope in theebe put to shame through me, O Lord GOD of hosts;let not those who seek thee be brought to dishonor through me, O God of Israel. For it is for thy sake that I have borne reproach, that shame has covered my face. I have become a stranger to my brethren, an alien to my mother's sons.

Thou knowest my reproach,and my shame and my dishonor; my foes are all known to thee. Insults have broken my heart,so that I am in despair.I looked for pity, but there was none; and for comforters, but I found none.

But I am afflicted and in pain; let thy salvation, O God, set me on high! This will please the LORD more than an ox or a bull with horns and hoofs. Let the oppressed see it and be glad;you who seek God, let your hearts revive.",repo://assets/rsvce.db,,082170f3dbe33bb9b607d458d99fe69780945d501d2b8661c418660f568aafc4,ed9a74e56be4737bdff400d4a10e10c94dacb9978bcbb825b26dcdc6b6939c8b,100
local_rsvce,ps69_8_10_14_17_33_35,WORLD,,,generic,,,,"ps69:8-10,14,17,33-35","(14c) Lord, in your great love, answer me.","For it is for thy sake that I have borne reproach, that shame has covered my face. I have become a stranger to my brethren, an alien to my mother's sons. For zeal for thy house has consumed me, and the insults of those who insult thee have fallen on me.

But as for me, my prayer is to thee, O LORD.At an acceptable time, O God,in the abundance of thy steadfast love answer me. With thy faithful help

Answer me, O LORD, for thy steadfast love is good; according to thy abundant mercy, turn to me.

Let the oppressed see it and be glad;you who seek God, let your hearts revive. For the LORD hears the needy, and does not despise his own that are in bonds. Let heaven and earth praise him, the seas and everything that moves therein.",repo://assets/rsvce.db,,2cbffa57ac803d62e3ce20a8a1c20ec80c3945b0e2bb87c69840c3a8873313e4,ce56e5121005d2951604718b2746d740081abd28534f23c52c9436897d6058ff,100
local_rsvce,ps69_8_10_21_22_31_33_34,WORLD,,,generic,,,,"ps69:8-10,21-22,31,33-34","In your great mercy, answer me, O God","For it is for thy sake that I have borne reproach, that shame has covered my face. I have become a stranger to my brethren, an alien to my mother's sons. For zeal for thy house has consumed me, and the insults of those who insult thee have fallen on me.

Insults have broken my heart,so that I am in despair.I looked for pity, but there was none; and for comforters, but I found none. They gave me poison for food, and for my thirst they gave me vinegar to drink.

I will praise the name of God with a song; I will magnify him with thanksgiving.

Let the oppressed see it and be glad;you who seek God, let your hearts revive. For the LORD hears the needy, and does not despise his own that are in bonds.",repo://assets/rsvce.db,,ad6429b598e2f94e65135a2ed0d3207e6ee0146a02267ac63639a62fec163749,235e6a4a02a1116465e0903590e372c24d540f6eb80401d29181c9716bbc12be,100
local_rsvce,ps71_1_2_3_4_5_6_15_17,WORLD,,,generic,,,,"ps71:1-2,3-4,5-6,15-17",I will sing of your salvation.,"In thee, O LORD, do I take refuge; let me never be put to shame! In thy righteousness deliver me and rescue me; incline thy ear to me, and save me!

Be thou to me a rock of refuge, a strong fortress,  to save me, for thou art my rock and my fortress. Rescue me, O my God, from the hand of the wicked, from the grasp of the unjust and cruel man.

For thou, O Lord, art my hope, my trust, O LORD, from my youth. Upon thee I have leaned from my birth;thou art he who took me from my mother's womb. My praise is continually of thee.

My mouth will tell of thy righteous acts,of thy deeds of salvation all the day, for their number is past my knowledge. With the mighty deeds of the Lord GOD I will come, I will praise thy righteousness, thine alone. O God, from my youth thou hast taught me, and I still proclaim thy wondrous deeds.",repo://assets/rsvce.db,,b11b8dd30f13a303d04c67365086c596fccf9356fa7b162f5379fa92e23fedb0,57808ef438659e4a9abe775b32da3e1928d68839860b48293200a213ef219f14,100
local_rsvce,ps71_1_2_3_4a_5_6_15ab_17,WORLD,,,generic,,,,"ps71:1-2,3-4a,5-6,15ab+17",I will sing your salvation.,"In thee, O LORD, do I take refuge; let me never be put to shame! In thy righteousness deliver me and rescue me; incline thy ear to me, and save me!

Be thou to me a rock of refuge, a strong fortress,  to save me, for thou art my rock and my fortress. Rescue me, O my God, from the hand of the wicked, from the grasp of the unjust and cruel man.

For thou, O Lord, art my hope, my trust, O LORD, from my youth. Upon thee I have leaned from my birth;thou art he who took me from my mother's womb. My praise is continually of thee.

My mouth will tell of thy righteous acts,of thy deeds of salvation all the day, for their number is past my knowledge. O God, from my youth thou hast taught me, and I still proclaim thy wondrous deeds.",repo://assets/rsvce.db,,7b779c6873ccb14f56c052c3fdbf560ac2482da0196878d2d74ec279ac2fbe4f,e0e48a81156456409c69ef642a1a11b0b8b84b2f393b1b28e16a0be12913e720,100
local_rsvce,ps71_1_2_3_4a_5_6ab_15_17,WORLD,,,generic,,,,"ps71:1-2,3-4a,5-6ab,15,17","My mouth will tell of your salvation, Lord.","In thee, O LORD, do I take refuge; let me never be put to shame! In thy righteousness deliver me and rescue me; incline thy ear to me, and save me!

Be thou to me a rock of refuge, a strong fortress,  to save me, for thou art my rock and my fortress. Rescue me, O my God, from the hand of the wicked, from the grasp of the unjust and cruel man.

For thou, O Lord, art my hope, my trust, O LORD, from my youth. Upon thee I have leaned from my birth;thou art he who took me from my mother's womb. My praise is continually of thee.

My mouth will tell of thy righteous acts,of thy deeds of salvation all the day, for their number is past my knowledge.

O God, from my youth thou hast taught me, and I still proclaim thy wondrous deeds.",repo://assets/rsvce.db,,e96708e56e8fe802e2b9c2ba4edd4add15ff2cbc91f47464db2ddd83644579c3,99c0389e02d1044c8611f63ad8e7510c4022e3d43d9c16a668301bf85c67c7ab,100
local_rsvce,ps71_1_2_3_4a_5_6ab_15ab_17,WORLD,,,generic,,,,"ps71:1-2,3-4a,5-6ab,15ab,17","(6) Since my mother's womb, you have been my strength.","In thee, O LORD, do I take refuge; let me never be put to shame! In thy righteousness deliver me and rescue me; incline thy ear to me, and save me!

Be thou to me a rock of refuge, a strong fortress,  to save me, for thou art my rock and my fortress. Rescue me, O my God, from the hand of the wicked, from the grasp of the unjust and cruel man.

For thou, O Lord, art my hope, my trust, O LORD, from my youth. Upon thee I have leaned from my birth;thou art he who took me from my mother's womb. My praise is continually of thee.

My mouth will tell of thy righteous acts,of thy deeds of salvation all the day, for their number is past my knowledge.

O God, from my youth thou hast taught me, and I still proclaim thy wondrous deeds.",repo://assets/rsvce.db,,0fd0203398fd7612d51a20342683e2b10e22208742482469d5c083f982878c1f,8df4aad6e76e532d900410ec20380fce671d452dcdd2e2aeacf1977fa27d751c,100
local_rsvce,ps71_1_2_3_4a_5ab_6ab_15_17,WORLD,,,generic,,,,"ps71:1-2,3-4a,5ab-6ab,15,17","My mouth will tell of your salvation, Lord.","In thee, O LORD, do I take refuge; let me never be put to shame! In thy righteousness deliver me and rescue me; incline thy ear to me, and save me!

Be thou to me a rock of refuge, a strong fortress,  to save me, for thou art my rock and my fortress. Rescue me, O my God, from the hand of the wicked, from the grasp of the unjust and cruel man.

For thou, O Lord, art my hope, my trust, O LORD, from my youth. Upon thee I have leaned from my birth;thou art he who took me from my mother's womb. My praise is continually of thee.

My mouth will tell of thy righteous acts,of thy deeds of salvation all the day, for their number is past my knowledge.

O God, from my youth thou hast taught me, and I still proclaim thy wondrous deeds.",repo://assets/rsvce.db,,e96708e56e8fe802e2b9c2ba4edd4add15ff2cbc91f47464db2ddd83644579c3,99c0389e02d1044c8611f63ad8e7510c4022e3d43d9c16a668301bf85c67c7ab,100
local_rsvce,ps71_1_2_3_5_6_15_17,WORLD,,,generic,,,,"ps71:1-2,3,5-6,15+17",I will sing of your salvation.,"In thee, O LORD, do I take refuge; let me never be put to shame! In thy righteousness deliver me and rescue me; incline thy ear to me, and save me!

Be thou to me a rock of refuge, a strong fortress,  to save me, for thou art my rock and my fortress.

For thou, O Lord, art my hope, my trust, O LORD, from my youth. Upon thee I have leaned from my birth;thou art he who took me from my mother's womb. My praise is continually of thee.

My mouth will tell of thy righteous acts,of thy deeds of salvation all the day, for their number is past my knowledge. O God, from my youth thou hast taught me, and I still proclaim thy wondrous deeds.",repo://assets/rsvce.db,,1b27e099468c5680bf9fbbbe89ed06225cdcfa370e0dd15f5df40debefb185ad,59510718982b3595ed8d37adc3990350dad9a26e75fb08b8bc8f6d6113f2ff2f,100
local_rsvce,ps71_3_4a_5_6ab_16_17,WORLD,,,generic,,,,"ps71:3-4a,5-6ab,16-17",Fill me with your praise and I will sing your glory!,"Be thou to me a rock of refuge, a strong fortress,  to save me, for thou art my rock and my fortress. Rescue me, O my God, from the hand of the wicked, from the grasp of the unjust and cruel man.

For thou, O Lord, art my hope, my trust, O LORD, from my youth. Upon thee I have leaned from my birth;thou art he who took me from my mother's womb. My praise is continually of thee.

With the mighty deeds of the Lord GOD I will come, I will praise thy righteousness, thine alone. O God, from my youth thou hast taught me, and I still proclaim thy wondrous deeds.",repo://assets/rsvce.db,,38a351a39a15f2c1b144e5084dfa1c9b276aebe9934fbcd9afb13888d5b75aa0,2d160ec2f23276d0497ec6c833ab7fd4bcbaea1fce6e95007667e4ade3f25e98,100
local_rsvce,ps71_3_4a_5_6ab_16_17__alias_937acea740ff,WORLD,,,generic,,,,"ps71:3-4a,5-6ab:16-17",Fill me with your praise and I will sing your glory!,"Be thou to me a rock of refuge, a strong fortress,  to save me, for thou art my rock and my fortress. Rescue me, O my God, from the hand of the wicked, from the grasp of the unjust and cruel man.

For thou, O Lord, art my hope, my trust, O LORD, from my youth. Upon thee I have leaned from my birth;thou art he who took me from my mother's womb. My praise is continually of thee.

With the mighty deeds of the Lord GOD I will come, I will praise thy righteousness, thine alone. O God, from my youth thou hast taught me, and I still proclaim thy wondrous deeds.",repo://assets/rsvce.db,,38a351a39a15f2c1b144e5084dfa1c9b276aebe9934fbcd9afb13888d5b75aa0,2d160ec2f23276d0497ec6c833ab7fd4bcbaea1fce6e95007667e4ade3f25e98,100
local_rsvce,ps71_8_9_14_15ab_16_17_22,WORLD,,,generic,,,,"ps71:8-9,14-15ab,16-17,22",I will sing of your salvation.,"My mouth is filled with thy praise, and with thy glory all the day. Do not cast me off in the time of old age; forsake me not when my strength is spent.

But I will hope continually, and will praise thee yet more and more. My mouth will tell of thy righteous acts,of thy deeds of salvation all the day, for their number is past my knowledge.

With the mighty deeds of the Lord GOD I will come, I will praise thy righteousness, thine alone. O God, from my youth thou hast taught me, and I still proclaim thy wondrous deeds.

I will also praise thee with the harp for thy faithfulness,O my God; I will sing praises to thee with the lyre, O Holy One of Israel.",repo://assets/rsvce.db,,1deb0b357f3275d9879238b8c85e16efd0d9ba6a7ea0aeb637e0f3e311c75bfb,6ac3440e185209b04fd6a96774568f35900bb203b6806603e5ac5ee7550fb59d,100
local_rsvce,ps72_1_2_10_11_12_13,WORLD,,,generic,,,,"ps72:1-2,10-11,12-13","Lord, every nation on earth will adore you.","Give the king thy justice, O God, and thy righteousness to the royal son! May he judge thy people with righteousness, and thy poor with justice!

May the kings of Tarshish and of the isles render him tribute, may the kings of Sheba and Seba bring gifts! May all kings fall down before him, all nations serve him!

For he delivers the needy when he calls, the poor and him who has no helper. He has pity on the weak and the needy, and saves the lives of the needy.",repo://assets/rsvce.db,,0962d9ac1ff8d5e92a97499929f561bf4228b105943ac072b78abb4cab1b3653,e332a7bc61a26364955e583317113b889ff7247c4a5d721b6b6d5440159b359c,100
local_rsvce,ps72_1_2_10_12_13,WORLD,,,generic,,,,"ps72:1-2,10,12-13","Lord, every nation on earth will adore you.","Give the king thy justice, O God, and thy righteousness to the royal son! May he judge thy people with righteousness, and thy poor with justice!

May the kings of Tarshish and of the isles render him tribute, may the kings of Sheba and Seba bring gifts!

For he delivers the needy when he calls, the poor and him who has no helper. He has pity on the weak and the needy, and saves the lives of the needy.",repo://assets/rsvce.db,,ca2d5ae6de6b70fbd86b6c07e2a60531a930b1172222fb9ee1189e35f67fe3d4,a2c21e6a182471304f04a8df0e127a4f387b826e34ac547f58952c6e95bcb676,100
local_rsvce,ps72_1_2_12_13_18_19,WORLD,,,generic,,,,"ps72:1-2,12-13,18-19",Justice and peace shall flourish for ever.++,"Give the king thy justice, O God, and thy righteousness to the royal son! May he judge thy people with righteousness, and thy poor with justice!

For he delivers the needy when he calls, the poor and him who has no helper. He has pity on the weak and the needy, and saves the lives of the needy.

Blessed be the LORD, the God of Israel, who alone does wondrous things. Blessed be his glorious name for ever; may his glory fill the whole earth! Amen and Amen!",repo://assets/rsvce.db,,78cff05101033a64182d5ceae6b1ffb3e142bb3c4724bce1cfe86af573d4e9cc,bb04841f5303fb5d2fe736b2a699d10013f7c129be165dd7ae566e92eb552ed1,100
local_rsvce,ps72_1_2_14_15bc_17,WORLD,,,generic,,,,"ps72:1-2,14-15bc,17","Lord, every nation on earth will adore you.","Give the king thy justice, O God, and thy righteousness to the royal son! May he judge thy people with righteousness, and thy poor with justice!

From oppression and violence he redeems their life; and precious is their blood in his sight. Long may he live, may gold of Sheba be given to him!May prayer be made for him continually, and blessings invoked for him all the day!

May his name endure for ever,his fame continue as long as the sun!May men bless themselves by him, all nations call him blessed!",repo://assets/rsvce.db,,7250279ae964f3f6d1e4ea7eec64a31b8d6cc4fe49536f0664af6e9e3d123b9e,407ba7d1779e3f3e6c0c0555879ba44476897acb5fa8cfe0763512aa4faa53c3,100
local_rsvce,ps72_1_2_14_15bc_17__alias_f0b43c6efc54,WORLD,,,generic,,,,"ps72:1-2,14,15bc,17","Lord, every nation on earth will adore you.","Give the king thy justice, O God, and thy righteousness to the royal son! May he judge thy people with righteousness, and thy poor with justice!

From oppression and violence he redeems their life; and precious is their blood in his sight. Long may he live, may gold of Sheba be given to him!May prayer be made for him continually, and blessings invoked for him all the day!

May his name endure for ever,his fame continue as long as the sun!May men bless themselves by him, all nations call him blessed!",repo://assets/rsvce.db,,7250279ae964f3f6d1e4ea7eec64a31b8d6cc4fe49536f0664af6e9e3d123b9e,407ba7d1779e3f3e6c0c0555879ba44476897acb5fa8cfe0763512aa4faa53c3,100
local_rsvce,ps72_1_2_14_15cd_17,WORLD,,,generic,,,,"ps72:1-2,14,15cd,17","All nations on earth shall fall prostrate before you, O Lord.","Give the king thy justice, O God, and thy righteousness to the royal son! May he judge thy people with righteousness, and thy poor with justice!

From oppression and violence he redeems their life; and precious is their blood in his sight.

Long may he live, may gold of Sheba be given to him!May prayer be made for him continually, and blessings invoked for him all the day!

May his name endure for ever,his fame continue as long as the sun!May men bless themselves by him, all nations call him blessed!",repo://assets/rsvce.db,,225c9a930ba2225bc373597a42b38ef5a5d85a07ef648240d6d17357b39d405e,128ec282be3d0a07df65099ef7c4cf489259a4d7138197ddca69136faec46046,100
local_rsvce,ps72_1_2_3_4_7_8,WORLD,,,generic,,,,"ps72:1-2,3-4,7-8","Lord, every nation on earth will adore you.","Give the king thy justice, O God, and thy righteousness to the royal son! May he judge thy people with righteousness, and thy poor with justice!

Let the mountains bear prosperity for the people, and the hills, in righteousness! May he defend the cause of the poor of the people,give deliverance to the needy, and crush the oppressor!

In his days may righteousness flourish, and peace abound, till the moon be no more! May he have dominion from sea to sea, and from the River to the ends of the earth!",repo://assets/rsvce.db,,ff432a0bdabf7ab4ebf7b1fe1671732b4f867ad67e107327354fd6b780111dd3,8dec292a7de887ce1b3164507c26959f56cda6d46bff5cc2a09122b98d575724,100
local_rsvce,ps72_1_2_3_4_7_8_17,WORLD,,,generic,,,,"ps72:1-2,3-4,7-8,17",Justice and peace shall flourish for ever.++,"Give the king thy justice, O God, and thy righteousness to the royal son! May he judge thy people with righteousness, and thy poor with justice!

Let the mountains bear prosperity for the people, and the hills, in righteousness! May he defend the cause of the poor of the people,give deliverance to the needy, and crush the oppressor!

In his days may righteousness flourish, and peace abound, till the moon be no more! May he have dominion from sea to sea, and from the River to the ends of the earth!

May his name endure for ever,his fame continue as long as the sun!May men bless themselves by him, all nations call him blessed!",repo://assets/rsvce.db,,1de2463e150015a0d556ed7754d7707ef5fe5408ee696cba955a6758df2d00a4,e01cc01f28d0ca99b2514c3a1c84051dd969d9237657f2da61a2fa6cc0e24d5b,100
local_rsvce,ps72_1_2_3_4ab_7_8,WORLD,,,generic,,,,"ps72:1-2,3-4ab,7-8","Lord, every nation on earth will adore you.","Give the king thy justice, O God, and thy righteousness to the royal son! May he judge thy people with righteousness, and thy poor with justice!

Let the mountains bear prosperity for the people, and the hills, in righteousness! May he defend the cause of the poor of the people,give deliverance to the needy, and crush the oppressor!

In his days may righteousness flourish, and peace abound, till the moon be no more! May he have dominion from sea to sea, and from the River to the ends of the earth!",repo://assets/rsvce.db,,ff432a0bdabf7ab4ebf7b1fe1671732b4f867ad67e107327354fd6b780111dd3,8dec292a7de887ce1b3164507c26959f56cda6d46bff5cc2a09122b98d575724,100
local_rsvce,ps72_1_2_3_4ab_7_8_17,WORLD,,,generic,,,,"ps72:1-2,3-4ab,7-8,17","Justice shall flourish in his time, and fullness of peace for ever.","Give the king thy justice, O God, and thy righteousness to the royal son! May he judge thy people with righteousness, and thy poor with justice!

Let the mountains bear prosperity for the people, and the hills, in righteousness! May he defend the cause of the poor of the people,give deliverance to the needy, and crush the oppressor!

In his days may righteousness flourish, and peace abound, till the moon be no more! May he have dominion from sea to sea, and from the River to the ends of the earth!

May his name endure for ever,his fame continue as long as the sun!May men bless themselves by him, all nations call him blessed!",repo://assets/rsvce.db,,d549a379a8f4dec050d5d89008d7ddd8bcb764264170a8d3725d6f3f7b7d28ec,46a6e36a531e43dc1f86de33161b356d4da3d4464517aa5ef7d28066383b89ec,100
local_rsvce,ps72_1_2_7_8_10_11_12_13,WORLD,,,generic,,,,"ps72:1-2,7-8,10-11,12-13","Lord, every nation on earth will adore you.","Give the king thy justice, O God, and thy righteousness to the royal son! May he judge thy people with righteousness, and thy poor with justice!

In his days may righteousness flourish, and peace abound, till the moon be no more! May he have dominion from sea to sea, and from the River to the ends of the earth!

May the kings of Tarshish and of the isles render him tribute, may the kings of Sheba and Seba bring gifts! May all kings fall down before him, all nations serve him!

For he delivers the needy when he calls, the poor and him who has no helper. He has pity on the weak and the needy, and saves the lives of the needy.",repo://assets/rsvce.db,,746c2296919927ac0982a55526953d35b4c511e91fd37434b2aaf0cfff447b36,ed5a54cd155adaa3389849cd09dd5b985ba6894fd7564c326f138bd9861cbccf,100
local_rsvce,ps72_1_2_7_8_12_13_17,WORLD,,,generic,,,,"ps72:1-2,7-8,12-13,17","Justice shall flourish in his time, and fullness of peace for ever.","Give the king thy justice, O God, and thy righteousness to the royal son! May he judge thy people with righteousness, and thy poor with justice!

In his days may righteousness flourish, and peace abound, till the moon be no more! May he have dominion from sea to sea, and from the River to the ends of the earth!

For he delivers the needy when he calls, the poor and him who has no helper. He has pity on the weak and the needy, and saves the lives of the needy.

May his name endure for ever,his fame continue as long as the sun!May men bless themselves by him, all nations call him blessed!",repo://assets/rsvce.db,,ee12c0dadda8d62bf5a44cc55afb18ff84f76543c51077e3a5c4941603dae1fa,08a5b1b88ed9c1c10bb3aedff59e9c4da45359476315916d3ded85f00406a73b,100
local_rsvce,ps74_1_2_3_4_5_7_20_21,WORLD,,,generic,,,,"ps74:1-2,3-4,5-7,20-21",Do not forget the life of your poor ones forever.,"O God, why dost thou cast us off for ever? Why does thy anger smoke against the sheep of thy pasture? Remember thy congregation, which thou hast gotten of old,which thou hast redeemed to be the tribe of thy heritage! Remember Mount Zion, where thou hast dwelt.

Direct thy steps to the perpetual ruins; the enemy has destroyed everything in the sanctuary! Thy foes have roared in the midst of thy holy place; they set up their own signs for signs.

At the upper entrance they hacked the wooden trellis with axes. And then all its carved wood they broke down with hatchets and hammers. They set thy sanctuary on fire; to the ground they desecrated the dwelling place of thy name.

Have regard for thy covenant;for the dark places of the land are full of the habitations of violence. Let not the downtrodden be put to shame; let the poor and needy praise thy name.",repo://assets/rsvce.db,,bbb731728b160aeb97a855e4fff81f74bf04c17c9664a982cd2918b5c1697ccd,a001400e25852ccb7e64fed4182548c2d994244683ac40c9715b79521205c12f,100
local_rsvce,ps74_1_2_3_5_6_7_20_21,WORLD,,,generic,,,,"ps74:1-2,3-5,6-7,20-21","Lord, forget not the life of your poor ones.","O God, why dost thou cast us off for ever? Why does thy anger smoke against the sheep of thy pasture? Remember thy congregation, which thou hast gotten of old,which thou hast redeemed to be the tribe of thy heritage! Remember Mount Zion, where thou hast dwelt.

Direct thy steps to the perpetual ruins; the enemy has destroyed everything in the sanctuary! Thy foes have roared in the midst of thy holy place; they set up their own signs for signs. At the upper entrance they hacked the wooden trellis with axes.

And then all its carved wood they broke down with hatchets and hammers. They set thy sanctuary on fire; to the ground they desecrated the dwelling place of thy name.

Have regard for thy covenant;for the dark places of the land are full of the habitations of violence. Let not the downtrodden be put to shame; let the poor and needy praise thy name.",repo://assets/rsvce.db,,7e37caaf0657f865d3fcf9f0ebeee64692ac112a4c9a05fd2ca2326d96654d86,b860d41e4852079ca86adbc8fd8a4e45f3751ff2a4d226c0c5e4f207bc59a2a4,100
local_rsvce,ps77_11_12_13_14_15_20,WORLD,,,generic,,,,"ps77:11-12,13-14,15+20",I remember the deeds of the Lord.,"And I say, ""It is my grief that the right hand of the Most High has changed."" I will call to mind the deeds of the LORD; yea, I will remember thy wonders of old.

I will meditate on all thy work, and muse on thy mighty deeds. Thy way, O God, is holy. What god is great like our God?

Thou art the God who workest wonders, who hast manifested thy might among the peoples. Thy way was through the sea,thy path through the great waters; yet thy footprints were unseen.",repo://assets/rsvce.db,,f5646a33f2edc6fd53fe6b51f229277fa35b501ead134c2f387ed985d78b512b,5d71a7b0c3ce047915a238c8d2c97833a7925c2016ffe2ed37ee65dfa4f2a189,100
local_rsvce,ps77_12_13_14_15_16_21,WORLD,,,generic,,,,"ps77:12-13,14-15,16,21",I remember the deeds of the Lord.,"I will call to mind the deeds of the LORD; yea, I will remember thy wonders of old. I will meditate on all thy work, and muse on thy mighty deeds.

Thy way, O God, is holy. What god is great like our God? Thou art the God who workest wonders, who hast manifested thy might among the peoples.

Thou didst with thy arm redeem thy people, the sons of Jacob and Joseph. [Selah]

Thou didst lead thy people like a flock by the hand of Moses and Aaron.",repo://assets/rsvce.db,,ff9fe786a36939d2139e5f5ca0e978ba4702bec2a0ca8cb1d1dff938a804b932,f81c68a79dc1cd533394f6d6b450bbe842df28c6c3a977be26acc0d255fd77b8,100
local_rsvce,ps78_18_19_23_24_25_26_27_28,WORLD,,,generic,,,,"ps78:18-19,23-24,25-26,27-28",The Lord gave them bread from heaven.,"They tested God in their heart by demanding the food they craved. They spoke against God, saying, ""Can God spread a table in the wilderness?

Yet he commanded the skies above, and opened the doors of heaven; and he rained down upon them manna to eat, and gave them the grain of heaven.

Man ate of the bread of the angels; he sent them food in abundance. He caused the east wind to blow in the heavens, and by his power he led out the south wind;

he rained flesh upon them like dust, winged birds like the sand of the seas; he let them fall in the midst of their camp, all around their habitations.",repo://assets/rsvce.db,,7d4dd4bc4f5045c3ed12bbce31f3c2945a7a09d59dc2a63837e55cbf409a69bb,0e44a47dcf4ed07e1a28a3a2a311640c9ecc12b2db0de1462c0a840dd0e22917,100
local_rsvce,ps78_1_2_34_35_36_37_38,WORLD,,,generic,,,,"ps78:1-2,34-35,36-37,38",Do not forget the works of the Lord!,"Give ear, O my people, to my teaching; incline your ears to the words of my mouth! I will open my mouth in a parable; I will utter dark sayings from of old,

When he slew them, they sought for him; they repented and sought God earnestly. They remembered that God was their rock, the Most High God their redeemer.

But they flattered him with their mouths; they lied to him with their tongues. Their heart was not steadfast toward him; they were not true to his covenant.

Yet he, being compassionate,forgave their iniquity, and did not destroy them;he restrained his anger often, and did not stir up all his wrath.",repo://assets/rsvce.db,,983fc50077d43de3b042cf4e129464639bdcbd9f236fa8c6f0641f1f4a62b0c2,56b14a9d42776373d79b24f3e09b23a0612d3e4615d52af78069d8626c8b8a78,100
local_rsvce,ps78_1bc_2_34_35_36_37_38,WORLD,,,generic,,,,"ps78:1bc-2,34-35,36-37,38",(see 7b) Do not forget the works of the Lord!,"Give ear, O my people, to my teaching; incline your ears to the words of my mouth! I will open my mouth in a parable; I will utter dark sayings from of old,

When he slew them, they sought for him; they repented and sought God earnestly. They remembered that God was their rock, the Most High God their redeemer.

But they flattered him with their mouths; they lied to him with their tongues. Their heart was not steadfast toward him; they were not true to his covenant.

Yet he, being compassionate,forgave their iniquity, and did not destroy them;he restrained his anger often, and did not stir up all his wrath.",repo://assets/rsvce.db,,ffdbdcff0a10b997cb9be585f200082cd1829ff7a3c8392fc2b1e58e64bf07cd,41b36cbfc91b90c541ee283ba6f634230ad860dfabd15641f7db8b36a13e9f50,100
local_rsvce,ps78_3_4_23_24_25_54,WORLD,,,generic,,,,"ps78:3-4,23-24,25,54",(24b) The Lord gave them bread from heaven.,"things that we have heard and known, that our fathers have told us. We will not hide them from their children,but tell to the coming generation the glorious deeds of the LORD, and his might, and the wonders which he has wrought.

Yet he commanded the skies above, and opened the doors of heaven; and he rained down upon them manna to eat, and gave them the grain of heaven.

Man ate of the bread of the angels; he sent them food in abundance.

And he brought them to his holy land, to the mountain which his right hand had won.",repo://assets/rsvce.db,,702e9a6ab815ab9df19efc34e4024054c8382afcefa210765e8a0c40c620b132,42f1d10c941c40e89ecbba13d1e93a9a8cd0c6aef3bc3d85eb100bfca8468bba,100
local_rsvce,ps78_3_4bc_6c_7_8,WORLD,,,generic,,,,"ps78:3+4bc,6c-7,8",Do not forget the works of the Lord!,"things that we have heard and known, that our fathers have told us. We will not hide them from their children,but tell to the coming generation the glorious deeds of the LORD, and his might, and the wonders which he has wrought.

that the next generation might know them, the children yet unborn, and arise and tell them to their children, so that they should set their hope in God, and not forget the works of God, but keep his commandments;

and that they should not be like their fathers,a stubborn and rebellious generation,a generation whose heart was not steadfast, whose spirit was not faithful to God.",repo://assets/rsvce.db,,500706028cd489716ccc30499cc82362ba944be736c06210a0e4aa76946e25de,d58675d540d02a229f5b9594e4f1c3084b5fa1a05e04e223d7ef5fe89dec9311,100
local_rsvce,ps78_3_4bc_6c_7_8__alias_ef181da2495e,WORLD,,,generic,,,,"ps78:3,4bc,6c-7,8",Do not forget the works of the Lord!,"things that we have heard and known, that our fathers have told us. We will not hide them from their children,but tell to the coming generation the glorious deeds of the LORD, and his might, and the wonders which he has wrought.

that the next generation might know them, the children yet unborn, and arise and tell them to their children, so that they should set their hope in God, and not forget the works of God, but keep his commandments;

and that they should not be like their fathers,a stubborn and rebellious generation,a generation whose heart was not steadfast, whose spirit was not faithful to God.",repo://assets/rsvce.db,,500706028cd489716ccc30499cc82362ba944be736c06210a0e4aa76946e25de,d58675d540d02a229f5b9594e4f1c3084b5fa1a05e04e223d7ef5fe89dec9311,100
local_rsvce,ps78_56_57_58_59_61_62,WORLD,,,generic,,,,"ps78:56-57,58-59,61-62",Do not forget the works of the Lord!,"Yet they tested and rebelled against the Most High God, and did not observe his testimonies, but turned away and acted treacherously like their fathers; they twisted like a deceitful bow.

For they provoked him to anger with their high places; they moved him to jealousy with their graven images. When God heard, he was full of wrath, and he utterly rejected Israel.

and delivered his power to captivity, his glory to the hand of the foe. He gave his people over to the sword, and vented his wrath on his heritage.",repo://assets/rsvce.db,,eb4478f0f991a55363407feee4227d003b3cc9d62a8ccfd6cd995d5eaab6b005,9020e55eedd206d90bd09d8cebddc0f3f2d3df943b79c08d533f73646b7af8d9,100
local_rsvce,ps79_1_2_3_4_5_8_9,WORLD,,,generic,,,,"ps79:1-2,3-4,5+8,9","For the glory of your name, O Lord, deliver us.","O God, the heathen have come into thy inheritance;they have defiled thy holy temple; they have laid Jerusalem in ruins. They have given the bodies of thy servantsto the birds of the air for food, the flesh of thy saints to the beasts of the earth.

They have poured out their blood like water round about Jerusalem, and there was none to bury them. We have become a taunt to our neighbors, mocked and derided by those round about us.

How long, O LORD? Wilt thou be angry for ever? Will thy jealous wrath burn like fire? Do not remember against us the iniquities of our forefathers;let thy compassion come speedily to meet us, for we are brought very low.

Help us, O God of our salvation,for the glory of thy name; deliver us, and forgive our sins, for thy name's sake!",repo://assets/rsvce.db,,4886add2d17d32353e8304eaa616d837c83800414e2e6d0b47d9a28bc4950ac7,12923b7ea5b77410fc10b5217eda26e78540054647b2cc0e35f4a056d13378f4,100
local_rsvce,ps79_1_2_3_5_8_9,WORLD,,,generic,,,,"ps79:1-2,3-5,8-9","For the glory of your name, O Lord, deliver us.","O God, the heathen have come into thy inheritance;they have defiled thy holy temple; they have laid Jerusalem in ruins. They have given the bodies of thy servantsto the birds of the air for food, the flesh of thy saints to the beasts of the earth.

They have poured out their blood like water round about Jerusalem, and there was none to bury them. We have become a taunt to our neighbors, mocked and derided by those round about us. How long, O LORD? Wilt thou be angry for ever? Will thy jealous wrath burn like fire?

Do not remember against us the iniquities of our forefathers;let thy compassion come speedily to meet us, for we are brought very low. Help us, O God of our salvation,for the glory of thy name; deliver us, and forgive our sins, for thy name's sake!",repo://assets/rsvce.db,,d4a5a5201301e6574f462b2e454ba503939aa9531444d1f08a065396f8447343,12923b7ea5b77410fc10b5217eda26e78540054647b2cc0e35f4a056d13378f4,100
local_rsvce,ps79_1_2_3_5_8_9__alias_628700e5d46d,WORLD,,,generic,,,,"ps79:1-2,3-5,8,9","For the glory of your name, O Lord, deliver us.","O God, the heathen have come into thy inheritance;they have defiled thy holy temple; they have laid Jerusalem in ruins. They have given the bodies of thy servantsto the birds of the air for food, the flesh of thy saints to the beasts of the earth.

They have poured out their blood like water round about Jerusalem, and there was none to bury them. We have become a taunt to our neighbors, mocked and derided by those round about us. How long, O LORD? Wilt thou be angry for ever? Will thy jealous wrath burn like fire?

Do not remember against us the iniquities of our forefathers;let thy compassion come speedily to meet us, for we are brought very low. Help us, O God of our salvation,for the glory of thy name; deliver us, and forgive our sins, for thy name's sake!",repo://assets/rsvce.db,,d4a5a5201301e6574f462b2e454ba503939aa9531444d1f08a065396f8447343,12923b7ea5b77410fc10b5217eda26e78540054647b2cc0e35f4a056d13378f4,100
local_rsvce,ps79_1b_2_3_5_8_9,WORLD,,,generic,,,,"ps79:1b-2,3-5,8,9","For the sake of the glory of your name, free us O Lord.","O God, the heathen have come into thy inheritance;they have defiled thy holy temple; they have laid Jerusalem in ruins. They have given the bodies of thy servantsto the birds of the air for food, the flesh of thy saints to the beasts of the earth.

They have poured out their blood like water round about Jerusalem, and there was none to bury them. We have become a taunt to our neighbors, mocked and derided by those round about us. How long, O LORD? Wilt thou be angry for ever? Will thy jealous wrath burn like fire?

Do not remember against us the iniquities of our forefathers;let thy compassion come speedily to meet us, for we are brought very low.

Help us, O God of our salvation,for the glory of thy name; deliver us, and forgive our sins, for thy name's sake!",repo://assets/rsvce.db,,3de4542be306af125224e87fc85c814a914b0d0f5a389e4819a3fe54e897aec0,5df14a323685630e86ea614e149ca7a61cb2b1f558adc268fac7a136e01ccba5,100
local_rsvce,ps79_5_8_9_11_13,WORLD,,,generic,,,,"ps79:5+8,9+11,13","For the glory of your name, O Lord, deliver us.","How long, O LORD? Wilt thou be angry for ever? Will thy jealous wrath burn like fire? Do not remember against us the iniquities of our forefathers;let thy compassion come speedily to meet us, for we are brought very low.

Help us, O God of our salvation,for the glory of thy name; deliver us, and forgive our sins, for thy name's sake! Let the groans of the prisoners come before thee; according to thy great power preserve those doomed to die!

Then we thy people, the flock of thy pasture,will give thanks to thee for ever; from generation to generation we will recount thy praise.",repo://assets/rsvce.db,,6b8bd92e1b4683ede397d295b0b765943f452450114234dc45713c43181123cd,453a1b1c06654850c47ad9a9e8ed840a79a0049f12ed94c818772a46ee030e03,100
local_rsvce,ps79_8_9_11_13,WORLD,,,generic,,,,"ps79:8,9,11+13","Lord, do not deal with us as our sins deserve.","Do not remember against us the iniquities of our forefathers;let thy compassion come speedily to meet us, for we are brought very low.

Help us, O God of our salvation,for the glory of thy name; deliver us, and forgive our sins, for thy name's sake!

Let the groans of the prisoners come before thee; according to thy great power preserve those doomed to die! Then we thy people, the flock of thy pasture,will give thanks to thee for ever; from generation to generation we will recount thy praise.",repo://assets/rsvce.db,,c3525eadf12ffc67fb5a5ca6242155fb65719fe7f2ad924129e754f11c1fce0c,665419d09a54d3bdb80d9bb213362bb9bee3f242424915e2fb4fd995ac0a3590,100
local_rsvce,ps79_8_9_11_13__alias_f90bbc674414,WORLD,,,generic,,,,"ps79:8,9,11,13","Lord, do not deal with us as our sins deserve.","Do not remember against us the iniquities of our forefathers;let thy compassion come speedily to meet us, for we are brought very low.

Help us, O God of our salvation,for the glory of thy name; deliver us, and forgive our sins, for thy name's sake!

Let the groans of the prisoners come before thee; according to thy great power preserve those doomed to die! Then we thy people, the flock of thy pasture,will give thanks to thee for ever; from generation to generation we will recount thy praise.",repo://assets/rsvce.db,,c3525eadf12ffc67fb5a5ca6242155fb65719fe7f2ad924129e754f11c1fce0c,665419d09a54d3bdb80d9bb213362bb9bee3f242424915e2fb4fd995ac0a3590,100
local_rsvce,ps7_1_2_8bc_9_10_11,WORLD,,,generic,,,,"ps7:1-2,8bc-9,10-11","Lord, my God, I take shelter in you.","O LORD my God, in thee do I take refuge; save me from all my pursuers, and deliver me, lest like a lion they rend me, dragging me away, with none to rescue.

Let the assembly of the peoples be gathered about thee; and over it take thy seat on high. The LORD judges the peoples;judge me, O LORD, according to my righteousness and according to the integrity that is in me.

O let the evil of the wicked come to an end,but establish thou the righteous, thou who triest the minds and hearts, thou righteous God. My shield is with God, who saves the upright in heart.",repo://assets/rsvce.db,,bf4d476b994a5ca47d0e8af1e049fde13bedc1e00353c60a423a2b8176300e4b,5258be0334a35a0c22b59df5827b33ff8d286b0b48db835cc17e720ae7c58c7e,100
local_rsvce,ps7_2_3_9bc_10_11_12,WORLD,,,generic,,,,"ps7:2-3,9bc-10,11-12","O Lord, my God, I take refuge in you","O LORD my God, in thee do I take refuge; save me from all my pursuers, and deliver me, lest like a lion they rend me, dragging me away, with none to rescue.

The LORD judges the peoples;judge me, O LORD, according to my righteousness and according to the integrity that is in me. O let the evil of the wicked come to an end,but establish thou the righteous, thou who triest the minds and hearts, thou righteous God.

My shield is with God, who saves the upright in heart. God is a righteous judge, and a God who has indignation every day.",repo://assets/rsvce.db,,a0c150df2149e05c00235728635d0e4731368f5e2cc2e8673b4474113989ea66,261fd1caea2480ed869afe149c1319d2ed8173de18c119a64c53b4388982c792,100
local_rsvce,ps80_1_2_14_15_18_19,WORLD,,,generic,,,,"ps80:1-2,14-15,18-19","Let us see your face, Lord, and we shall be saved.","Give ear, O Shepherd of Israel,thou who leadest Joseph like a flock! Thou who art enthroned upon the cherubim, shine forth before Ephraim and Benjamin and Manasseh! Stir up thy might, and come to save us!

The boar from the forest ravages it, and all that move in the field feed on it. Turn again, O God of hosts! Look down from heaven, and see; have regard for this vine,

But let thy hand be upon the man of thy right hand, the son of man whom thou hast made strong for thyself! Then we will never turn back from thee; give us life, and we will call on thy name!",repo://assets/rsvce.db,,94aa1c300acdd0a1cfb9d2c659cb0228e128e58f485c7bb56db5e76b417611a0,f5d4b3bda3755d068032f12c4457f46a6c7d6d10efaf06a7921a39bccca8f622,100
local_rsvce,ps80_1_2_4_6,WORLD,,,generic,,,,"ps80:1-2,4-6","O God, let us see your face that we may be saved.","Give ear, O Shepherd of Israel,thou who leadest Joseph like a flock! Thou who art enthroned upon the cherubim, shine forth before Ephraim and Benjamin and Manasseh! Stir up thy might, and come to save us!

Restore us, O God; let thy face shine, that we may be saved! O LORD God of hosts, how long wilt thou be angry with thy people's prayers? Thou hast fed them with the bread of tears, and given them tears to drink in full measure.",repo://assets/rsvce.db,,87d82320d9e9ec277a5780b3e511e60ed17b56ebddf421e5bcae7effcb3d8d11,df6a285ee6ecef2ba6fb5aa35d564243cb49b119caac0e555d5104878609ab9e,100
local_rsvce,ps80_1ac_2b_14_15_17_18,WORLD,,,generic,,,,"ps80:1ac+2b,14-15,17-18","Lord, let us see your face and we shall be saved.++","Give ear, O Shepherd of Israel,thou who leadest Joseph like a flock! Thou who art enthroned upon the cherubim, shine forth before Ephraim and Benjamin and Manasseh! Stir up thy might, and come to save us!

The boar from the forest ravages it, and all that move in the field feed on it. Turn again, O God of hosts! Look down from heaven, and see; have regard for this vine,

They have burned it with fire,they have cut it down; may they perish at the rebuke of thy countenance! But let thy hand be upon the man of thy right hand, the son of man whom thou hast made strong for thyself!",repo://assets/rsvce.db,,3e5557ba051fb1cdd4d91e1935c066b466fbc30f9d7c5ced645c8091a5bb9e22,e5cf4a3a3b6cf70df727af3ed9c63d639a99e970bdf56e6753d1551050526b51,100
local_rsvce,ps80_2_3_15_16_18_19,WORLD,,,generic,,,,"ps80:2-3,15-16,18-19","(4) Lord, make us turn to you;","Give ear, O Shepherd of Israel,thou who leadest Joseph like a flock! Thou who art enthroned upon the cherubim, shine forth before Ephraim and Benjamin and Manasseh! Stir up thy might, and come to save us!

Turn again, O God of hosts! Look down from heaven, and see; have regard for this vine, the stock which thy right hand planted.

But let thy hand be upon the man of thy right hand, the son of man whom thou hast made strong for thyself! Then we will never turn back from thee; give us life, and we will call on thy name!",repo://assets/rsvce.db,,537e94c2e55cbf50f50eb119e9315d13c088dad6c824b3f453a6f579b6ca5b77,4e2af152f5d27777494dec95838f041dc0b20fd7154821e1bd2ad772436e3dc4,100
local_rsvce,ps80_2_3_5_7,WORLD,,,generic,,,,"ps80:2-3,5-7","Let your face shine on us, Lord, and we shall be saved.","Give ear, O Shepherd of Israel,thou who leadest Joseph like a flock! Thou who art enthroned upon the cherubim, shine forth before Ephraim and Benjamin and Manasseh! Stir up thy might, and come to save us!

O LORD God of hosts, how long wilt thou be angry with thy people's prayers? Thou hast fed them with the bread of tears, and given them tears to drink in full measure. Thou dost make us the scorn of our neighbors; and our enemies laugh among themselves.",repo://assets/rsvce.db,,14031f6b98d3630c55b741f9205cb1a89db0e94e55dcbc065fb742a74f281658,47fb4f6963a844f414cc20f7c0f7ba5a0b68afdca607e8500b334434737c1672,100
local_rsvce,ps80_2ac_3b_15_16,WORLD,,,generic,,,,"ps80:2ac,3b,15-16","Let your face shine on us, Lord, and we shall be saved.","Give ear, O Shepherd of Israel,thou who leadest Joseph like a flock! Thou who art enthroned upon the cherubim, shine forth

before Ephraim and Benjamin and Manasseh! Stir up thy might, and come to save us!

Turn again, O God of hosts! Look down from heaven, and see; have regard for this vine, the stock which thy right hand planted.",repo://assets/rsvce.db,,aaacfbb7aedaf2e398fb86181dc007ee69958fc542df1c4a92e1a3ad91e2e56c,5f9cf2dbed4ada590f96d83afdce85169dc581b95a76a75e007036f0910a5a33,100
local_rsvce,ps80_2ac_3b_15_16_18_19,WORLD,,,generic,,,,"ps80:2ac,3b,15-16,18-19","O God, bring us back; let your face shine on us, and we shall be saved","Give ear, O Shepherd of Israel,thou who leadest Joseph like a flock! Thou who art enthroned upon the cherubim, shine forth

before Ephraim and Benjamin and Manasseh! Stir up thy might, and come to save us!

Turn again, O God of hosts! Look down from heaven, and see; have regard for this vine, the stock which thy right hand planted.

But let thy hand be upon the man of thy right hand, the son of man whom thou hast made strong for thyself! Then we will never turn back from thee; give us life, and we will call on thy name!",repo://assets/rsvce.db,,2571ead86e1fa6a31ecefbbadae997b1280fd0cec418f5a6055bd1c00b7d21b3,9b2b7841dcb5a90d0341f91ac257c26c39859c2ce261fa6ed6e526a543bae5ac,100
local_rsvce,ps80_2ac_3b_15_16a_18_19,WORLD,,,generic,,,,"ps80:2ac,3b,15-16a,18-19","O God, bring us back; let your face shine on us, and we shall be shaved.","Give ear, O Shepherd of Israel,thou who leadest Joseph like a flock! Thou who art enthroned upon the cherubim, shine forth

before Ephraim and Benjamin and Manasseh! Stir up thy might, and come to save us!

Turn again, O God of hosts! Look down from heaven, and see; have regard for this vine, the stock which thy right hand planted.

But let thy hand be upon the man of thy right hand, the son of man whom thou hast made strong for thyself! Then we will never turn back from thee; give us life, and we will call on thy name!",repo://assets/rsvce.db,,83af66d91453faee04fe06954e8f2c7ef33f496128332ceffdd45b044a915588,e78a731d71f584a42a5274f0c2d5abb232b0bab36b378edba55f77e1ceae46e1,100
local_rsvce,ps80_8_11_12_13_14_15_17b_18_19,WORLD,,,generic,,,,"ps80:8,11,12-13,14-15,17b,18-19",The vineyard of the Lord of hosts is the house of Israel.,"Restore us, O God of hosts; let thy face shine, that we may be saved!

The mountains were covered with its shade, the mighty cedars with its branches;

it sent out its branches to the sea, and its shoots to the River. Why then hast thou broken down its walls, so that all who pass along the way pluck its fruit?

The boar from the forest ravages it, and all that move in the field feed on it. Turn again, O God of hosts! Look down from heaven, and see; have regard for this vine,

They have burned it with fire,they have cut it down; may they perish at the rebuke of thy countenance!

But let thy hand be upon the man of thy right hand, the son of man whom thou hast made strong for thyself! Then we will never turn back from thee; give us life, and we will call on thy name!",repo://assets/rsvce.db,,c81b2dce9a82bb5139366f61b4d2c4f53248e30fd13d8d236c1e10d66e40ee47,6bb8b95d2faa677530fd61782055e7b52fadb775a4698b4b2ca20da68f26b9d5,100
local_rsvce,ps80_9_12_13_14_15_16_19_20,WORLD,,,generic,,,,"ps80:9,12,13-14,15-16,19-20",(Is 5:7a) The vineyard of the Lord is the house of Israel.,"Thou didst bring a vine out of Egypt; thou didst drive out the nations and plant it.

it sent out its branches to the sea, and its shoots to the River.

Why then hast thou broken down its walls, so that all who pass along the way pluck its fruit? The boar from the forest ravages it, and all that move in the field feed on it.

Turn again, O God of hosts! Look down from heaven, and see; have regard for this vine, the stock which thy right hand planted.

Then we will never turn back from thee; give us life, and we will call on thy name! Restore us, O LORD God of hosts! let thy face shine, that we may be saved!",repo://assets/rsvce.db,,92f1a880d715351793f50661908681ca8e905a12cabd4001026218b7fbbffe84,70cf0744c77ddbb9a17623574eefe665cabca6d66e6b60189d747c6fa4d30ffb,100
local_rsvce,ps81_10_11ab_12_13_14_15,WORLD,,,generic,,,,"ps81:10-11ab,12-13,14-15","I am the Lord, your God: listen to my voice.","There shall be no strange god among you; you shall not bow down to a foreign god. I am the LORD your God,who brought you up out of the land of Egypt. Open your mouth wide, and I will fill it.

""But my people did not listen to my voice; Israel would have none of me. So I gave them over to their stubborn hearts, to follow their own counsels.

O that my people would listen to me, that Israel would walk in my ways! I would soon subdue their enemies, and turn my hand against their foes.",repo://assets/rsvce.db,,170b40d40a2c327d08f7a7efe457b9e150405ccd8b0f06f0a17af8a008b16c5b,9dd70ee521086746f19d6642fbcc7ab289214a2f25d06fc085dfe7aea1478d39,100
local_rsvce,ps81_11_12_13_14_15_16,WORLD,,,generic,,,,"ps81:11-12,13-14,15-16",Sing with joy to God our help.,"I am the LORD your God,who brought you up out of the land of Egypt. Open your mouth wide, and I will fill it. ""But my people did not listen to my voice; Israel would have none of me.

So I gave them over to their stubborn hearts, to follow their own counsels. O that my people would listen to me, that Israel would walk in my ways!

I would soon subdue their enemies, and turn my hand against their foes. Those who hate the LORD would cringe toward him, and their fate would last for ever.",repo://assets/rsvce.db,,8457f8a66ef74d40d66fa49a31b7c0b95314fe7af6f4f5b57505be5b5b40eea0,8c7922d1121e3460268f91229cd7c2b8ea2697fb12f25457f8a905575e98fcf3,100
local_rsvce,ps81_12_13_14_15_16_17,WORLD,,,generic,,,,"ps81:12-13,14-15,16-17",Sing joyfully to God our strength.,"""But my people did not listen to my voice; Israel would have none of me. So I gave them over to their stubborn hearts, to follow their own counsels.

O that my people would listen to me, that Israel would walk in my ways! I would soon subdue their enemies, and turn my hand against their foes.

Those who hate the LORD would cringe toward him, and their fate would last for ever. I would feed you with the finest of the wheat, and with honey from the rock I would satisfy you.""",repo://assets/rsvce.db,,cc8820af57d944265ca3a197b1697af89b7db396def5643df7db904c6f61b1e8,cc496742aa1edc4610e483544eefc1f4d59d0b595bbd6a7c94d27f7d42398a9e,100
local_rsvce,ps81_2_3_4_5_9_10,WORLD,,,generic,,,,"ps81:2-3,4-5,9-10",Sing with joy to God our help.,"Sing aloud to God our strength; shout for joy to the God of Jacob! Raise a song, sound the timbrel, the sweet lyre with the harp.

Blow the trumpet at the new moon, at the full moon, on our feast day. For it is a statute for Israel, an ordinance of the God of Jacob.

Hear, O my people, while I admonish you! O Israel, if you would but listen to me! There shall be no strange god among you; you shall not bow down to a foreign god.",repo://assets/rsvce.db,,ab338b3287d6be63c9b2aa113bd63e56c357ed38d29ad32f2c644789bfd3960a,f3f8e40e51c18980be9647ee4819e80cbd31313343d982be7244415e44ba5bbe,100
local_rsvce,ps81_3_4_5_6_10_11ab,WORLD,,,generic,,,,"ps81:3-4,5-6,10-11ab",Sing joyfully to God our strength.,"Raise a song, sound the timbrel, the sweet lyre with the harp. Blow the trumpet at the new moon, at the full moon, on our feast day.

For it is a statute for Israel, an ordinance of the God of Jacob. He made it a decree in Joseph,when he went out over the land of Egypt. I hear a voice I had not known:

There shall be no strange god among you; you shall not bow down to a foreign god. I am the LORD your God,who brought you up out of the land of Egypt. Open your mouth wide, and I will fill it.",repo://assets/rsvce.db,,4b2fc4a91e89e132c7dfe4b057c0928544c183957064926ada4839694a19d848,a41825354b9c50f38f8f2a43a61e62eeda03cb39141408b1252c78fff1448be7,100
local_rsvce,ps81_3_4_5_6_6_8_10_11,WORLD,,,generic,,,,"ps81:3-4,5-6,6-8,10-11",(2a) Sing with joy to God our help.,"Raise a song, sound the timbrel, the sweet lyre with the harp. Blow the trumpet at the new moon, at the full moon, on our feast day.

For it is a statute for Israel, an ordinance of the God of Jacob. He made it a decree in Joseph,when he went out over the land of Egypt. I hear a voice I had not known:

He made it a decree in Joseph,when he went out over the land of Egypt. I hear a voice I had not known: ""I relieved your shoulder of the burden; your hands were freed from the basket. In distress you called, and I delivered you;I answered you in the secret place of thunder; I tested you at the waters of Meribah. [Selah]

There shall be no strange god among you; you shall not bow down to a foreign god. I am the LORD your God,who brought you up out of the land of Egypt. Open your mouth wide, and I will fill it.",repo://assets/rsvce.db,,01283d3bf67cc6e09c9fb3e39fd6372b046a30870ebc20fa215fa31344babc73,3e08eae700203e5b6437366265f7b28d9c6b451b19b9ff377399c4d287e608ba,100
local_rsvce,ps81_5c_7a_7bc_8_9_10ab_13_16,WORLD,,,generic,,,,"ps81:5c-7a,7bc-8,9-10ab,13+16","I am the Lord, your God: hear my voice.","For it is a statute for Israel, an ordinance of the God of Jacob. He made it a decree in Joseph,when he went out over the land of Egypt. I hear a voice I had not known: ""I relieved your shoulder of the burden; your hands were freed from the basket.

""I relieved your shoulder of the burden; your hands were freed from the basket. In distress you called, and I delivered you;I answered you in the secret place of thunder; I tested you at the waters of Meribah. [Selah]

Hear, O my people, while I admonish you! O Israel, if you would but listen to me! There shall be no strange god among you; you shall not bow down to a foreign god.

So I gave them over to their stubborn hearts, to follow their own counsels. Those who hate the LORD would cringe toward him, and their fate would last for ever.",repo://assets/rsvce.db,,baadc244bf6e7b882c6d9eb42044049e822c30efcb09acbc1ba1c5f9977ad12d,3ee27c516edb6b22194c48235f09d02c35e1906be98e5f1fb6563dc28d7826b6,100
local_rsvce,ps81_6c_8a_8bc_9_10_11ab_14_17,WORLD,,,generic,,,,"ps81:6c-8a,8bc-9,10-11ab,14,17",I am the Lord your God; listen to my voice.,"He made it a decree in Joseph,when he went out over the land of Egypt. I hear a voice I had not known: ""I relieved your shoulder of the burden; your hands were freed from the basket. In distress you called, and I delivered you;I answered you in the secret place of thunder; I tested you at the waters of Meribah. [Selah]

In distress you called, and I delivered you;I answered you in the secret place of thunder; I tested you at the waters of Meribah. [Selah] Hear, O my people, while I admonish you! O Israel, if you would but listen to me!

There shall be no strange god among you; you shall not bow down to a foreign god. I am the LORD your God,who brought you up out of the land of Egypt. Open your mouth wide, and I will fill it.

O that my people would listen to me, that Israel would walk in my ways!

I would feed you with the finest of the wheat, and with honey from the rock I would satisfy you.""",repo://assets/rsvce.db,,e587e7ffb8a8ffb4c865ff9ce8a0edf9d4df3eb7d9fa0ec78f7718d7097d6139,8bceae7e8cf2242abdf282917c0469d1d3b91f7b5350957a010c59dce82d653d,100
local_rsvce,ps81_6c_8a_8bc_9_10_11ab_14and17,WORLD,,,generic,,,,"ps81:6c-8a,8bc-9,10-11ab,14and17",I am the Lord your God: listen to my voice.,"He made it a decree in Joseph,when he went out over the land of Egypt. I hear a voice I had not known: ""I relieved your shoulder of the burden; your hands were freed from the basket. In distress you called, and I delivered you;I answered you in the secret place of thunder; I tested you at the waters of Meribah. [Selah]

In distress you called, and I delivered you;I answered you in the secret place of thunder; I tested you at the waters of Meribah. [Selah] Hear, O my people, while I admonish you! O Israel, if you would but listen to me!

There shall be no strange god among you; you shall not bow down to a foreign god. I am the LORD your God,who brought you up out of the land of Egypt. Open your mouth wide, and I will fill it.

O that my people would listen to me, that Israel would walk in my ways!",repo://assets/rsvce.db,,0c2692b95c1ba94bebc20ac1d727bdb3c1adb51b9188ad2d0fdeeb27fa96cda2,9f35ac55e072c76427ff724bd9c69832f61cc8f0071005a87de9774d2250dcb1,100
local_rsvce,ps81_9_10ab_11_12_13_14,WORLD,,,generic,,,,"ps81:9-10ab,11-12,13-14","I am the Lord, your God; hear my voice.","Hear, O my people, while I admonish you! O Israel, if you would but listen to me! There shall be no strange god among you; you shall not bow down to a foreign god.

I am the LORD your God,who brought you up out of the land of Egypt. Open your mouth wide, and I will fill it. ""But my people did not listen to my voice; Israel would have none of me.

So I gave them over to their stubborn hearts, to follow their own counsels. O that my people would listen to me, that Israel would walk in my ways!",repo://assets/rsvce.db,,2ea90b11eb105db2f5fef54270660b7c1e5e2ada2c856ecad1f06a742d50e7c3,44293bfb3ab1c8a7c21e3687bef92fda19d1bd5d1c2a4ca2bbe1e283f58ae1bd,100
local_rsvce,ps82_3_4_6_7,WORLD,,,generic,,,,"ps82:3-4,6-7","Rise up, O God, bring judgment to the earth.","Give justice to the weak and the fatherless; maintain the right of the afflicted and the destitute. Rescue the weak and the needy; deliver them from the hand of the wicked.""

I say, ""You are gods, sons of the Most High, all of you; nevertheless, you shall die like men, and fall like any prince.""",repo://assets/rsvce.db,,a3d4c611bc42acd8f45a064187e89559a935ce792abd978b8cd9cb3546a7fcb3,ff54cb8610f062be2ad75f805c0dfe2952cab647314440bdb5caf23db4f1a0dd,100
local_rsvce,ps84_1_2_3_4_5_7_10,WORLD,,,generic,,,,"ps84:1-2,3,4-5,7+10",Here God lives among his people.,"How lovely is thy dwelling place, O LORD of hosts! My soul longs, yea, faints for the courts of the LORD; my heart and flesh sing for joy to the living God.

My soul longs, yea, faints for the courts of the LORD; my heart and flesh sing for joy to the living God.

Even the sparrow finds a home,and the swallow a nest for herself,where she may lay her young, at thy altars, O LORD of hosts, my King and my God. Blessed are those who dwell in thy house, ever singing thy praise! [Selah]

As they go through the valley of Baca they make it a place of springs; the early rain also covers it with pools. Behold our shield, O God; look upon the face of thine anointed!",repo://assets/rsvce.db,,60cc1d38412b4f6b7e7212768c3c593175c538b3e48316e5ae4b52f5270912c6,087f18371ab71ada0d53444dc4b445f37b090b346d1cc0bf7f4b46d2f72ea07e,100
local_rsvce,ps84_2_3_4_5_11,WORLD,,,generic,,,,"ps84:2,3,4-5,11","How lovely is your dwelling place, Lord, mighty God!","How lovely is thy dwelling place, O LORD of hosts!

My soul longs, yea, faints for the courts of the LORD; my heart and flesh sing for joy to the living God.

Even the sparrow finds a home,and the swallow a nest for herself,where she may lay her young, at thy altars, O LORD of hosts, my King and my God. Blessed are those who dwell in thy house, ever singing thy praise! [Selah]

For a day in thy courts is better than a thousand elsewhere.I would rather be a doorkeeper in the house of my God than dwell in the tents of wickedness.",repo://assets/rsvce.db,,093c395053391ce2e9ae4df64ce961aaea41000282a23726b4d0ebdf1c89deac,0f8a8b354ac9c7923d76ad8a9ae5b34b6c855cf90878111105ce0131c2cb3156,100
local_rsvce,ps84_2_3_4_5a_7_10,WORLD,,,generic,,,,"ps84:2,3,4-5a+7,10","How lovely is your dwelling place,","How lovely is thy dwelling place, O LORD of hosts!

My soul longs, yea, faints for the courts of the LORD; my heart and flesh sing for joy to the living God.

Even the sparrow finds a home,and the swallow a nest for herself,where she may lay her young, at thy altars, O LORD of hosts, my King and my God. Blessed are those who dwell in thy house, ever singing thy praise! [Selah] As they go through the valley of Baca they make it a place of springs; the early rain also covers it with pools.

Behold our shield, O God; look upon the face of thine anointed!",repo://assets/rsvce.db,,da139f336444673117bc20fda5e67ecd7fdfb87b6b3cb7ffe3c7206682c9c960,f607505ee05cc7132ebd58f902198c0a27ae9b44822fdb6d23b697713bc0034b,100
local_rsvce,ps84_2_3_4_5a_7a_10,WORLD,,,generic,,,,"ps84:2,3,4-5a+7a,10","How lovely is your dwelling place,","How lovely is thy dwelling place, O LORD of hosts!

My soul longs, yea, faints for the courts of the LORD; my heart and flesh sing for joy to the living God.

Even the sparrow finds a home,and the swallow a nest for herself,where she may lay her young, at thy altars, O LORD of hosts, my King and my God. Blessed are those who dwell in thy house, ever singing thy praise! [Selah] As they go through the valley of Baca they make it a place of springs; the early rain also covers it with pools.

Behold our shield, O God; look upon the face of thine anointed!",repo://assets/rsvce.db,,da139f336444673117bc20fda5e67ecd7fdfb87b6b3cb7ffe3c7206682c9c960,f607505ee05cc7132ebd58f902198c0a27ae9b44822fdb6d23b697713bc0034b,100
local_rsvce,ps84_2_3_4_9_10,WORLD,,,generic,,,,"ps84:2,3,4+9,10","How lovely is your dwelling place,","How lovely is thy dwelling place, O LORD of hosts!

My soul longs, yea, faints for the courts of the LORD; my heart and flesh sing for joy to the living God.

Even the sparrow finds a home,and the swallow a nest for herself,where she may lay her young, at thy altars, O LORD of hosts, my King and my God. O LORD God of hosts, hear my prayer; give ear, O God of Jacob! [Selah]

Behold our shield, O God; look upon the face of thine anointed!",repo://assets/rsvce.db,,91dff4e1429154df21c2d00e7a37274a9fa239199a2694dba4c84efc27ef9525,113119623ac442cc21cc4893f0bb3bc99409de22fc146134bdbf626adf423660,100
local_rsvce,ps84_2_3_5_6_9_10,WORLD,,,generic,,,,"ps84:2-3,5-6,9-10","Blessed are they who dwell in your house, O Lord.","How lovely is thy dwelling place, O LORD of hosts! My soul longs, yea, faints for the courts of the LORD; my heart and flesh sing for joy to the living God.

Blessed are those who dwell in thy house, ever singing thy praise! [Selah] Blessed are the men whose strength is in thee, in whose heart are the highways to Zion.

O LORD God of hosts, hear my prayer; give ear, O God of Jacob! [Selah] Behold our shield, O God; look upon the face of thine anointed!",repo://assets/rsvce.db,,adf53bcb7b49d2230c516e7755c69b99f6ddc1edeefb30752bf81eeffe84b94b,6f93bdf8f5294ded50c36934d16c239768da6e50ce90a1965d9f99997b04420a,100
local_rsvce,ps84_3_4_5_10_11,WORLD,,,generic,,,,"ps84:3,4,5,10,11","How lovely is your dwelling place, O Lord of hosts!","My soul longs, yea, faints for the courts of the LORD; my heart and flesh sing for joy to the living God.

Even the sparrow finds a home,and the swallow a nest for herself,where she may lay her young, at thy altars, O LORD of hosts, my King and my God.

Blessed are those who dwell in thy house, ever singing thy praise! [Selah]

Behold our shield, O God; look upon the face of thine anointed!

For a day in thy courts is better than a thousand elsewhere.I would rather be a doorkeeper in the house of my God than dwell in the tents of wickedness.",repo://assets/rsvce.db,,6c930d3ab3fab9f108bab37840a729567ac996dd36885e75b01d1a2481dee26a,57e27e67e7c3efbe0287d11458bd44adddf9b53f52ed2ee6b98ca17bcba7c466,100
local_rsvce,ps84_3_4_5_6_12,WORLD,,,generic,,,,"ps84:3,4,5-6,12","How lovely is your dwelling place, O Lord of hosts!","My soul longs, yea, faints for the courts of the LORD; my heart and flesh sing for joy to the living God.

Even the sparrow finds a home,and the swallow a nest for herself,where she may lay her young, at thy altars, O LORD of hosts, my King and my God.

Blessed are those who dwell in thy house, ever singing thy praise! [Selah] Blessed are the men whose strength is in thee, in whose heart are the highways to Zion.

For the LORD God is a sun and shield;he bestows favor and honor.No good thing does the LORD withhold from those who walk uprightly.",repo://assets/rsvce.db,,c93fa763af1514af49456e29ee9b85378d52633d39ea6e37655bb19df642026b,c66a6286e46540d8905257a2f5244846f02deb99fde3528f3a76f7b13875be69,100
local_rsvce,ps84_3_4_5_6a_8a,WORLD,,,generic,,,,"ps84:3,4,5-6a,8a","Behold, the dwelling of God is with men.","My soul longs, yea, faints for the courts of the LORD; my heart and flesh sing for joy to the living God.

Even the sparrow finds a home,and the swallow a nest for herself,where she may lay her young, at thy altars, O LORD of hosts, my King and my God.

Blessed are those who dwell in thy house, ever singing thy praise! [Selah] Blessed are the men whose strength is in thee, in whose heart are the highways to Zion.

They go from strength to strength; the God of gods will be seen in Zion.",repo://assets/rsvce.db,,42aef0e5abef6f8b75f77ea18e913acab1e78004c30b6208e5ba74af8ebcbd3a,d60b1cfe62f91855e9528e27278b6aece943feb6e3585b1ae00e3fd2a8fa07bf,100
local_rsvce,ps84_3_4_5_6a_8a_11,WORLD,,,generic,,,,"ps84:3,4,5-6a,8a,11","How lovely is your dwelling place, O Lord of hosts!","My soul longs, yea, faints for the courts of the LORD; my heart and flesh sing for joy to the living God.

Even the sparrow finds a home,and the swallow a nest for herself,where she may lay her young, at thy altars, O LORD of hosts, my King and my God.

Blessed are those who dwell in thy house, ever singing thy praise! [Selah] Blessed are the men whose strength is in thee, in whose heart are the highways to Zion.

They go from strength to strength; the God of gods will be seen in Zion.

For a day in thy courts is better than a thousand elsewhere.I would rather be a doorkeeper in the house of my God than dwell in the tents of wickedness.",repo://assets/rsvce.db,,69b8839dfb2435f5a7f72a63a0fd73b6083817ae2067b07793325300f65f8803,b5b0fddc8d218f59a4cff9afe448555b7a0f5895a2ef3ff5ce54ae6355dc306c,100
local_rsvce,ps85_1_3_4_5_6_7,WORLD,,,generic,,,,"ps85:1-3,4-5,6-7","Lord, show us your mercy and love.","LORD, thou wast favorable to thy land; thou didst restore the fortunes of Jacob. Thou didst forgive the iniquity of thy people; thou didst pardon all their sin. [Selah] Thou didst withdraw all thy wrath; thou didst turn from thy hot anger.

Thou didst withdraw all thy wrath; thou didst turn from thy hot anger. Restore us again, O God of our salvation, and put away thy indignation toward us!

Wilt thou be angry with us for ever? Wilt thou prolong thy anger to all generations? Wilt thou not revive us again, that thy people may rejoice in thee?",repo://assets/rsvce.db,,c0c05f5dc05936e46c6776479f5afc4d20f7d715074014dcab9cdd8d31e644b9,44aa810ae93201602b08738bb2128e527fbf4567485be6201c8916f794fb45fc,100
local_rsvce,ps85_2_4_5_6_7_8,WORLD,,,generic,,,,"ps85:2-4,5-6,7-8","Let us see, O Lord, your mercy.","LORD, thou wast favorable to thy land; thou didst restore the fortunes of Jacob. Thou didst forgive the iniquity of thy people; thou didst pardon all their sin. [Selah] Thou didst withdraw all thy wrath; thou didst turn from thy hot anger.

Restore us again, O God of our salvation, and put away thy indignation toward us! Wilt thou be angry with us for ever? Wilt thou prolong thy anger to all generations?

Wilt thou not revive us again, that thy people may rejoice in thee? Show us thy steadfast love, O LORD, and grant us thy salvation.",repo://assets/rsvce.db,,af7f7f4cfd024c0379f97c6d565f173b843c02994a55b654629a65730c658a7c,db1b18f3580e0e7884ff007a9faeb1c72818cc3c84550be235b6daa95d6b0270,100
local_rsvce,ps85_7_9_10_11_12_13,WORLD,,,generic,,,,"ps85:7+9,10-11,12-13",Kindness and truth shall meet.,"Wilt thou not revive us again, that thy people may rejoice in thee? Let me hear what God the LORD will speak,for he will speak peace to his people, to his saints, to those who turn to him in their hearts.

Surely his salvation is at hand for those who fear him, that glory may dwell in our land. Steadfast love and faithfulness will meet; righteousness and peace will kiss each other.

Faithfulness will spring up from the ground, and righteousness will look down from the sky. Yea, the LORD will give what is good, and our land will yield its increase.",repo://assets/rsvce.db,,ea72c1101d85b97bbb5feb91bb8a819c0fb5bde7383094329c826c0505c40076,1747bb4af0c6ac2679813f98b91e8b4a2c6daf2ab8359b7007f0c2029fad063e,100
local_rsvce,ps85_8_10_11_12_13,WORLD,,,generic,,,,"ps85:8,10-11,12-13",The Lord speaks of peace to his people.,"Show us thy steadfast love, O LORD, and grant us thy salvation.

Surely his salvation is at hand for those who fear him, that glory may dwell in our land. Steadfast love and faithfulness will meet; righteousness and peace will kiss each other.

Faithfulness will spring up from the ground, and righteousness will look down from the sky. Yea, the LORD will give what is good, and our land will yield its increase.",repo://assets/rsvce.db,,f724353fc6053c7049aced154355d7ce787f77567eeb88e6cc713868ad02175c,9ee8cbe3191f08fe3ed6ab91acfd22f659b58fd7dfde872dee7d14044e095b8b,100
local_rsvce,ps85_8_10_11_12_13_14,WORLD,,,generic,,,,"ps85:8,10,11-12,13-14",Kindness and truth shall meet.,"Show us thy steadfast love, O LORD, and grant us thy salvation.

Surely his salvation is at hand for those who fear him, that glory may dwell in our land.

Steadfast love and faithfulness will meet; righteousness and peace will kiss each other. Faithfulness will spring up from the ground, and righteousness will look down from the sky.

Yea, the LORD will give what is good, and our land will yield its increase. Righteousness will go before him, and make his footsteps a way.",repo://assets/rsvce.db,,2630597c7015247abf66e8fde53b14b43a7118b67ce0917ef24e695f42dc3283,5144a59aaa640335423523e52a939e9893040d964f7092d276f90a8379b67fa3,100
local_rsvce,ps85_8ab_9_10_11_12_13,WORLD,,,generic,,,,"ps85:8ab-9,10-11,12-13",Our God will come to save us!,"Show us thy steadfast love, O LORD, and grant us thy salvation. Let me hear what God the LORD will speak,for he will speak peace to his people, to his saints, to those who turn to him in their hearts.

Surely his salvation is at hand for those who fear him, that glory may dwell in our land. Steadfast love and faithfulness will meet; righteousness and peace will kiss each other.

Faithfulness will spring up from the ground, and righteousness will look down from the sky. Yea, the LORD will give what is good, and our land will yield its increase.",repo://assets/rsvce.db,,08b86bc0f185218afa373735d70cc505c15af5313542769ea16237406b2a84b7,d1cca0395deb9051b02ca89e0300b229808709205609a12237a88b241948f6c8,100
local_rsvce,ps85_8ab_9_10_11_12_13__alias_0fb7ff6eb2f7,WORLD,,,generic,,,,"ps85:8ab,9,10-11,12-13",Our God will come to save us!,"Show us thy steadfast love, O LORD, and grant us thy salvation. Let me hear what God the LORD will speak,for he will speak peace to his people, to his saints, to those who turn to him in their hearts.

Surely his salvation is at hand for those who fear him, that glory may dwell in our land. Steadfast love and faithfulness will meet; righteousness and peace will kiss each other.

Faithfulness will spring up from the ground, and righteousness will look down from the sky. Yea, the LORD will give what is good, and our land will yield its increase.",repo://assets/rsvce.db,,08b86bc0f185218afa373735d70cc505c15af5313542769ea16237406b2a84b7,d1cca0395deb9051b02ca89e0300b229808709205609a12237a88b241948f6c8,100
local_rsvce,ps85_8ab_9_10_11_12_14,WORLD,,,generic,,,,"ps85:8ab-9,10-11,12-14",Let the clouds rain down the Just One.++,"Show us thy steadfast love, O LORD, and grant us thy salvation. Let me hear what God the LORD will speak,for he will speak peace to his people, to his saints, to those who turn to him in their hearts.

Surely his salvation is at hand for those who fear him, that glory may dwell in our land. Steadfast love and faithfulness will meet; righteousness and peace will kiss each other.

Faithfulness will spring up from the ground, and righteousness will look down from the sky. Yea, the LORD will give what is good, and our land will yield its increase. Righteousness will go before him, and make his footsteps a way.",repo://assets/rsvce.db,,73f76b7fb909afcb35135ea3a06c7dcf447c1e4f621f51521b04f925b4364abd,fb2669b1cb56ae835d61bffc191d4762092e8401601c308cceb516b7ff7fd797,100
local_rsvce,ps85_9_10_11_12_13_14,WORLD,,,generic,,,,"ps85:9-10,11-12,13-14","(8) Lord, let us see your kindness, and grant us your salvation.","Let me hear what God the LORD will speak,for he will speak peace to his people, to his saints, to those who turn to him in their hearts. Surely his salvation is at hand for those who fear him, that glory may dwell in our land.

Steadfast love and faithfulness will meet; righteousness and peace will kiss each other. Faithfulness will spring up from the ground, and righteousness will look down from the sky.

Yea, the LORD will give what is good, and our land will yield its increase. Righteousness will go before him, and make his footsteps a way.",repo://assets/rsvce.db,,262d2a36bc3bffbf86640342e81db2d986f7f4ce20193f48a54b7828465c8730,b5e4feeceb098ddfe62172850db68dca18c6460c4fcdb2383dac36959be8553d,100
local_rsvce,ps85_9_11_12_13_14,WORLD,,,generic,,,,"ps85:9,11-12,13-14",The Lord speaks of peace for his people.,"Let me hear what God the LORD will speak,for he will speak peace to his people, to his saints, to those who turn to him in their hearts.

Steadfast love and faithfulness will meet; righteousness and peace will kiss each other. Faithfulness will spring up from the ground, and righteousness will look down from the sky.

Yea, the LORD will give what is good, and our land will yield its increase. Righteousness will go before him, and make his footsteps a way.",repo://assets/rsvce.db,,62b9d8439ec0461af9ddeb461c65a4bf368ca836228a1afb8178921cdf9b414e,0458322b96a30ecb0141c125e92245a099c54daa03831bbe7b1f220b3212a991,100
local_rsvce,ps85_9ab_10_11_12_13_14,WORLD,,,generic,,,,"ps85:9ab,10,11-12,13-14",The glory of the Lord will dwell in our land.,"Let me hear what God the LORD will speak,for he will speak peace to his people, to his saints, to those who turn to him in their hearts.

Surely his salvation is at hand for those who fear him, that glory may dwell in our land.

Steadfast love and faithfulness will meet; righteousness and peace will kiss each other. Faithfulness will spring up from the ground, and righteousness will look down from the sky.

Yea, the LORD will give what is good, and our land will yield its increase. Righteousness will go before him, and make his footsteps a way.",repo://assets/rsvce.db,,9166517272122232ec2e38b687806497ad174ab696f1448110ebd55c60c62c3a,460f04b302d04c252203eb15981336a81fcd2dc53219727de9b9ad57c69f5905,100
local_rsvce,ps86_1_2_3_4_5_6,WORLD,,,generic,,,,"ps86:1-2,3-4,5-6","Listen, Lord, and answer me.","Incline thy ear, O LORD, and answer me, for I am poor and needy. Preserve my life, for I am godly;save thy servant who trusts in thee. Thou art my God;

be gracious to me, O Lord, for to thee do I cry all the day. Gladden the soul of thy servant, for to thee, O Lord, do I lift up my soul.

For thou, O Lord, art good and forgiving, abounding in steadfast love to all who call on thee. Give ear, O LORD, to my prayer; hearken to my cry of supplication.",repo://assets/rsvce.db,,f03e42f78fbc8cb7474e848082d5e71bbcf9b40569fb05e66637589a3aec7ffe,f0d0cf06e1a0caed0391419f1104ac271c910fb31943c7904e9c689f9a095040,100
local_rsvce,ps86_1_2ab_2c_4_5_6,WORLD,,,generic,,,,"ps86:1-2ab,2c-4,5-6","Teach me your way, O Lord.++","Incline thy ear, O LORD, and answer me, for I am poor and needy. Preserve my life, for I am godly;save thy servant who trusts in thee. Thou art my God;

Preserve my life, for I am godly;save thy servant who trusts in thee. Thou art my God; be gracious to me, O Lord, for to thee do I cry all the day. Gladden the soul of thy servant, for to thee, O Lord, do I lift up my soul.

For thou, O Lord, art good and forgiving, abounding in steadfast love to all who call on thee. Give ear, O LORD, to my prayer; hearken to my cry of supplication.",repo://assets/rsvce.db,,37b995d10f652bf69cfd0148f04718f4915d0470ef217f65d5afe405b88bc468,9e8f4bfbb4e4d8b40303afc726e8d63024377e99eccb0f0deaf35da453a05d06,100
local_rsvce,ps86_2c_4_5_6_9_10,WORLD,,,generic,,,,"ps86:2c-4,5-6,9-10","Lord, you are tender and full of love.","Preserve my life, for I am godly;save thy servant who trusts in thee. Thou art my God; be gracious to me, O Lord, for to thee do I cry all the day. Gladden the soul of thy servant, for to thee, O Lord, do I lift up my soul.

For thou, O Lord, art good and forgiving, abounding in steadfast love to all who call on thee. Give ear, O LORD, to my prayer; hearken to my cry of supplication.

All the nations thou hast made shall come and bow down before thee, O Lord, and shall glorify thy name. For thou art great and doest wondrous things, thou alone art God.",repo://assets/rsvce.db,,2be179741c5e026e4fe6639c260727fba57427d74cad273a40747c6dd513481a,b1301f990325fbe854c5d89aac8a72459ffa44de93116f6cf5ffeb0624838658,100
local_rsvce,ps86_3_4_5_6_9_10,WORLD,,,generic,,,,"ps86:3-4,5-6,9-10","You are slow to anger, O Lord, and abundant in mercy.","be gracious to me, O Lord, for to thee do I cry all the day. Gladden the soul of thy servant, for to thee, O Lord, do I lift up my soul.

For thou, O Lord, art good and forgiving, abounding in steadfast love to all who call on thee. Give ear, O LORD, to my prayer; hearken to my cry of supplication.

All the nations thou hast made shall come and bow down before thee, O Lord, and shall glorify thy name. For thou art great and doest wondrous things, thou alone art God.",repo://assets/rsvce.db,,afc82b5793e2f09ca2870183d3ffb02bf78164432165b5c108b641c7189b86a0,f034eb2d9e4b75c9555c1d4de4c3a9b192a5349820b144e3cbdcae883d1a28e3,100
local_rsvce,ps86_5_6_9_10_15_16,WORLD,,,generic,,,,"ps86:5-6,9-10,15-16","(5a) Lord, you are good and forgiving.","For thou, O Lord, art good and forgiving, abounding in steadfast love to all who call on thee. Give ear, O LORD, to my prayer; hearken to my cry of supplication.

All the nations thou hast made shall come and bow down before thee, O Lord, and shall glorify thy name. For thou art great and doest wondrous things, thou alone art God.

But thou, O Lord,art a God merciful and gracious, slow to anger and abounding in steadfast love and faithfulness. Turn to me and take pity on me;give thy strength to thy servant, and save the son of thy handmaid.",repo://assets/rsvce.db,,8bdfb8aa5aca4e2120086be6dda7e1cff6617cfb1809c70fd929609b39948f4c,0aeb8f289c0f10ec20ceccf34b981c180f561751e00aa6593fd9a0b4a48d3db7,100
local_rsvce,ps86_5_6_9_10_15_16a,WORLD,,,generic,,,,"ps86:5-6,9-10,15-16a","O Lord, you are good and forgiving.","For thou, O Lord, art good and forgiving, abounding in steadfast love to all who call on thee. Give ear, O LORD, to my prayer; hearken to my cry of supplication.

All the nations thou hast made shall come and bow down before thee, O Lord, and shall glorify thy name. For thou art great and doest wondrous things, thou alone art God.

But thou, O Lord,art a God merciful and gracious, slow to anger and abounding in steadfast love and faithfulness. Turn to me and take pity on me;give thy strength to thy servant, and save the son of thy handmaid.",repo://assets/rsvce.db,,d432f32a163d04a3c6a1fa9c3a4394349d57eebe9467ab2eb1a2bf0afc2a1c8f,17284621a87743c73032febba2bd39cac8144a5534d021f17fd5932aec7e68a4,100
local_rsvce,ps87_1_2_3_5_6_7,WORLD,,,generic,,,,"ps87:1-2,3,5,6-7","Of you are told glorious things, O city of God!","On the holy mount stands the city he founded; the LORD loves the gates of Zion more than all the dwelling places of Jacob.

Glorious things are spoken of you, O city of God. [Selah]

And of Zion it shall be said,""This one and that one were born in her""; for the Most High himself will establish her.

The LORD records as he registers the peoples, ""This one was born there."" [Selah] Singers and dancers alike say, ""All my springs are in you.""",repo://assets/rsvce.db,,9d9ecde61a5645d74e96a601d419fdc3ce75ac2ad62380c3e3341a6e2ce5eb54,b9d0a61d2f9356345b55e825dac7bd12c9d0000d2eb7888b87ad77c9ad597c46,100
local_rsvce,ps87_1_3_4_5_6_7,WORLD,,,generic,,,,"ps87:1-3,4-5,6-7","All you nations, praise the Lord.","On the holy mount stands the city he founded; the LORD loves the gates of Zion more than all the dwelling places of Jacob. Glorious things are spoken of you, O city of God. [Selah]

Among those who know me I mention Rahaband Babylon; behold, Philistia and Tyre, with Ethiopia-- ""This one was born there,"" they say. And of Zion it shall be said,""This one and that one were born in her""; for the Most High himself will establish her.

The LORD records as he registers the peoples, ""This one was born there."" [Selah] Singers and dancers alike say, ""All my springs are in you.""",repo://assets/rsvce.db,,21dfdb51c9a9fd0d7b657458c9ebbe256c7b9f7f49bd8da964c1f11ca22dacf0,62c4521f7a48921ae5d13ffee2fc8794873ccababcf292d0aff4e584d660aafa,100
local_rsvce,ps87_1b_3_4_5_6_7,WORLD,,,generic,,,,"ps87:1b-3,4-5,6-7","O praise the Lord, all you nations. Or: Alleluia.","On the holy mount stands the city he founded; the LORD loves the gates of Zion more than all the dwelling places of Jacob. Glorious things are spoken of you, O city of God. [Selah]

Among those who know me I mention Rahaband Babylon; behold, Philistia and Tyre, with Ethiopia-- ""This one was born there,"" they say. And of Zion it shall be said,""This one and that one were born in her""; for the Most High himself will establish her.

The LORD records as he registers the peoples, ""This one was born there."" [Selah] Singers and dancers alike say, ""All my springs are in you.""",repo://assets/rsvce.db,,4669554e67166e7c8413c381aa14afbf4ded5a2016e32a247bb879f1cb3b2300,ed014ac7f811621f6d95c3c15e7d1427220dcc1af46fa535387281a23d1f2a30,100
local_rsvce,ps88_10bc_11_12_13_14_15,WORLD,,,generic,,,,"ps88:10bc-11,12-13,14-15","Let my prayer come into your presence, O Lord.","my eye grows dim through sorrow.Every day I call upon thee, O LORD; I spread out my hands to thee. Dost thou work wonders for the dead? Do the shades rise up to praise thee? [Selah]

Is thy steadfast love declared in the grave, or thy faithfulness in Abaddon? Are thy wonders known in the darkness, or thy saving help in the land of forgetfulness?

But I, O LORD, cry to thee; in the morning my prayer comes before thee. O LORD, why dost thou cast me off? Why dost thou hide thy face from me?",repo://assets/rsvce.db,,b41a1606efe24b77b8bb9a5de31f74e00d305f700de73bb5fa392c8124a7d687,9ebcbaa03f49b95b8330a4912a9149bd019f25c9c3539a5d0c1bdf3cad3688ea,100
local_rsvce,ps88_1_2_3_4_5_6_7,WORLD,,,generic,,,,"ps88:1-2,3-4,5,6-7","Let my prayer come before you, Lord.","O LORD, my God, I call for help by day; I cry out in the night before thee. Let my prayer come before thee, incline thy ear to my cry!

Let my prayer come before thee, incline thy ear to my cry! For my soul is full of troubles, and my life draws near to Sheol.

I am reckoned among those who go down to the Pit; I am a man who has no strength,

like one forsaken among the dead,like the slain that lie in the grave,like those whom thou dost remember no more, for they are cut off from thy hand. Thou hast put me in the depths of the Pit, in the regions dark and deep.",repo://assets/rsvce.db,,087ba216808d19edea4e30c2f4f7564e3dfe7ebf8b9a82b295173f0a5ce571ee,0dccb58f6774e419b87d80a4703b0437c6ca7c114e2ab3d8f6ba4b6152b2da2a,100
local_rsvce,ps88_9bc_10_11_12_13_14,WORLD,,,generic,,,,"ps88:9bc-10,11-12,13-14","Let my prayer come before you, Lord.","Thou hast caused my companions to shun me;thou hast made me a thing of horror to them. I am shut in so that I cannot escape; my eye grows dim through sorrow.Every day I call upon thee, O LORD; I spread out my hands to thee.

Dost thou work wonders for the dead? Do the shades rise up to praise thee? [Selah] Is thy steadfast love declared in the grave, or thy faithfulness in Abaddon?

Are thy wonders known in the darkness, or thy saving help in the land of forgetfulness? But I, O LORD, cry to thee; in the morning my prayer comes before thee.",repo://assets/rsvce.db,,c97bea65c3989da929da658b3f569d1cc439e4ff305ad40b66a88e2912c77114,202f69f34ff6f98309ebf4651a6f773973bd50abf60e1341d3b9bd627f1ff0d1,100
local_rsvce,ps89_15_16_17_18,WORLD,,,generic,,,,"ps89:15-16,17-18",For ever I will sing the goodness of the Lord.,"Righteousness and justice are the foundation of thy throne; steadfast love and faithfulness go before thee. Blessed are the people who know the festal shout, who walk, O LORD, in the light of thy countenance,

who exult in thy name all the day, and extol thy righteousness. For thou art the glory of their strength; by thy favor our horn is exalted.",repo://assets/rsvce.db,,42192a308213d412a8862a3ee6383068b320b4377d6d84ccb9f3c76a1801d25a,6239907fec798a3179dec82ec8f8c26230ce52bb094f191559e3571f6932b4db,100
local_rsvce,ps89_16_17_18_19,WORLD,,,generic,,,,"ps89:16-17,18-19","I will sing forever of your mercies, O Lord.","Blessed are the people who know the festal shout, who walk, O LORD, in the light of thy countenance, who exult in thy name all the day, and extol thy righteousness.

For thou art the glory of their strength; by thy favor our horn is exalted. For our shield belongs to the LORD, our king to the Holy One of Israel.",repo://assets/rsvce.db,,c5ab9651efd08918299f95e69c7c19c73c5c3cf30448ad378f61e2f6f42f0dc2,05b2b371c7653b31d80ed175158e6ef8e47967437ada92fb4abbcca47d76730c,100
local_rsvce,ps89_19_20_21_24_25,WORLD,,,generic,,,,"ps89:19,20-21,24-25",My faithfulness and steadfast love shall be with him.,"For our shield belongs to the LORD, our king to the Holy One of Israel.

Of old thou didst speak in a vision to thy faithful one,and say: ""I have set the crown upon one who is mighty, I have exalted one chosen from the people. I have found David, my servant; with my holy oil I have anointed him;

I will crush his foes before him and strike down those who hate him. My faithfulness and my steadfast love shall be with him, and in my name shall his horn be exalted.",repo://assets/rsvce.db,,9ec56fb95340364e8587e1e27021a3866d66adccc6fad8b9268b7d7ce0efd909,11f8069d7ec0e9162e80c13ad1c0343a7d58313ba01586f7659912c17a9880d2,100
local_rsvce,ps89_19_20_21_26_27,WORLD,,,generic,,,,"ps89:19,20-21,26-27","I have found David, my servant.","For our shield belongs to the LORD, our king to the Holy One of Israel.

Of old thou didst speak in a vision to thy faithful one,and say: ""I have set the crown upon one who is mighty, I have exalted one chosen from the people. I have found David, my servant; with my holy oil I have anointed him;

I will set his hand on the sea and his right hand on the rivers. He shall cry to me, 'Thou art my Father, my God, and the Rock of my salvation.'",repo://assets/rsvce.db,,357aa7ec54bfa94492ce384877f66801d027495386649189e6ab68a1062e3864,f211dfb9b188faaa1c368ae1304764e8cb596e1cfbfa0c7a617be6e2a2f1e023,100
local_rsvce,ps89_1_2_3_4_26_28,WORLD,,,generic,,,,"ps89:1-2,3-4,26+28",For ever I will sing the goodness of the Lord.,"I will sing of thy steadfast love, O LORD, for ever; with my mouth I will proclaim thy faithfulness to all generations. For thy steadfast love was established for ever, thy faithfulness is firm as the heavens.

For thy steadfast love was established for ever, thy faithfulness is firm as the heavens. Thou hast said,""I have made a covenant with my chosen one, I have sworn to David my servant:

I will set his hand on the sea and his right hand on the rivers. And I will make him the first-born, the highest of the kings of the earth.",repo://assets/rsvce.db,,d82f600e71f4f10741e9cf438f23e10e8851e60886335870d90e0bff025114b3,1be4715332aaffa400080b61b8ad23783751a9fa43a2bdaaa61aad69069ee3fb,100
local_rsvce,ps89_20_21_22_27_28,WORLD,,,generic,,,,"ps89:20,21-22,27-28",I have found my servant David,"Of old thou didst speak in a vision to thy faithful one,and say: ""I have set the crown upon one who is mighty, I have exalted one chosen from the people.

I have found David, my servant; with my holy oil I have anointed him; so that my hand shall ever abide with him, my arm also shall strengthen him.

He shall cry to me, 'Thou art my Father, my God, and the Rock of my salvation.' And I will make him the first-born, the highest of the kings of the earth.",repo://assets/rsvce.db,,81764b61a5e81525dafd332789d2be2f85d7f3cb6557912c87119aadafa85918,4898559540110783e378f4e44bdaca4016fe8b931dbbf19182713436f37a6369,100
local_rsvce,ps89_21_22_25_27,WORLD,,,generic,,,,"ps89:21-22,25,27","I will sing forever of your mercies, O Lord.","I have found David, my servant; with my holy oil I have anointed him; so that my hand shall ever abide with him, my arm also shall strengthen him.

My faithfulness and my steadfast love shall be with him, and in my name shall his horn be exalted.

He shall cry to me, 'Thou art my Father, my God, and the Rock of my salvation.'",repo://assets/rsvce.db,,843998cbdaf2f07b98b2a57960e41acdbaaabe52ef1bfa0e18c4dd187929f9c6,90c86bd15e758e40bb32338cd494ca0bc8a6435faf7ed772ea14e5fa324eb31b,100
local_rsvce,ps89_2_3_16_17_18_19,WORLD,,,generic,,,,"ps89:2-3,16-17,18-19",(2a) For ever I will sing the goodness of the Lord.,"I will sing of thy steadfast love, O LORD, for ever; with my mouth I will proclaim thy faithfulness to all generations. For thy steadfast love was established for ever, thy faithfulness is firm as the heavens.

Blessed are the people who know the festal shout, who walk, O LORD, in the light of thy countenance, who exult in thy name all the day, and extol thy righteousness.

For thou art the glory of their strength; by thy favor our horn is exalted. For our shield belongs to the LORD, our king to the Holy One of Israel.",repo://assets/rsvce.db,,4c247264731c8588cfb2515e6c24187e620a1a93def6a1d60f1c0529a8da5eff,612406efdc82d9489478da47e6f54efb96a697587dd180e6783086b0613a4318,100
local_rsvce,ps89_2_3_21_22_25_27,WORLD,,,generic,,,,"ps89:2-3,21-22,25+27",For ever I will sing the goodness of the Lord.,"I will sing of thy steadfast love, O LORD, for ever; with my mouth I will proclaim thy faithfulness to all generations. For thy steadfast love was established for ever, thy faithfulness is firm as the heavens.

I have found David, my servant; with my holy oil I have anointed him; so that my hand shall ever abide with him, my arm also shall strengthen him.

My faithfulness and my steadfast love shall be with him, and in my name shall his horn be exalted. He shall cry to me, 'Thou art my Father, my God, and the Rock of my salvation.'",repo://assets/rsvce.db,,3418815145b2051980774cd30f0c6fa17a0acc1ca97c8587e7202f44d9e740d0,3d584c07cd3d9fac36b3f9a200a5fc95508d6d93cdf5fbe301ab48be32ec90c8,100
local_rsvce,ps89_2_3_21_22_25_27__alias_e81bee9a59c5,WORLD,,,generic,,,,"ps89:2-3,21-22,25,27",For ever I will sing the goodness of the Lord.,"I will sing of thy steadfast love, O LORD, for ever; with my mouth I will proclaim thy faithfulness to all generations. For thy steadfast love was established for ever, thy faithfulness is firm as the heavens.

I have found David, my servant; with my holy oil I have anointed him; so that my hand shall ever abide with him, my arm also shall strengthen him.

My faithfulness and my steadfast love shall be with him, and in my name shall his horn be exalted. He shall cry to me, 'Thou art my Father, my God, and the Rock of my salvation.'",repo://assets/rsvce.db,,3418815145b2051980774cd30f0c6fa17a0acc1ca97c8587e7202f44d9e740d0,3d584c07cd3d9fac36b3f9a200a5fc95508d6d93cdf5fbe301ab48be32ec90c8,100
local_rsvce,ps89_2_3_4_5_27_29,WORLD,,,generic,,,,"ps89:2-3,4-5,27,29",(2a) For ever I will sing the goodness of the Lord.,"I will sing of thy steadfast love, O LORD, for ever; with my mouth I will proclaim thy faithfulness to all generations. For thy steadfast love was established for ever, thy faithfulness is firm as the heavens.

Thou hast said,""I have made a covenant with my chosen one, I have sworn to David my servant: 'I will establish your descendants for ever, and build your throne for all generations.'"" [Selah]

He shall cry to me, 'Thou art my Father, my God, and the Rock of my salvation.'

My steadfast love I will keep for him for ever, and my covenant will stand firm for him.",repo://assets/rsvce.db,,4d84a7311d473ed632b3b306b6641e39f1614680cc9ea4eb6fb88fe66756072b,8cd4fc8ec5aabaf2c7148f1c46a900f164a54199f1b602634c992ba27b86095a,100
local_rsvce,ps89_2_3_6_7_16_17,WORLD,,,generic,,,,"ps89:2-3,6-7,16-17","I will sing for ever of your mercies, O Lord.","I will sing of thy steadfast love, O LORD, for ever; with my mouth I will proclaim thy faithfulness to all generations. For thy steadfast love was established for ever, thy faithfulness is firm as the heavens.

Let the heavens praise thy wonders, O LORD, thy faithfulness in the assembly of the holy ones! For who in the skies can be compared to the LORD? Who among the heavenly beings is like the LORD,

Blessed are the people who know the festal shout, who walk, O LORD, in the light of thy countenance, who exult in thy name all the day, and extol thy righteousness.",repo://assets/rsvce.db,,a8c7026fb44e29fd1795f2d0d60c18a962d2d16b357cd3a1d39efa7e42831f61,1c8e4e46a05815edc9b32ddfdb2beab9d8c3bafd6ea7d2ce8c7ed6f0ce0a37a6,100
local_rsvce,ps89_3_4_26_27_28_29,WORLD,,,generic,,,,"ps89:3-4,26-27,28-29",For ever I will pledge my love for my servant.,"For thy steadfast love was established for ever, thy faithfulness is firm as the heavens. Thou hast said,""I have made a covenant with my chosen one, I have sworn to David my servant:

I will set his hand on the sea and his right hand on the rivers. He shall cry to me, 'Thou art my Father, my God, and the Rock of my salvation.'

And I will make him the first-born, the highest of the kings of the earth. My steadfast love I will keep for him for ever, and my covenant will stand firm for him.",repo://assets/rsvce.db,,c7a359a82399e126c83221847bab26c3aa247f8c7f1600a1f0b872c730c76e5e,18e6a24b947a0b3db70fe77bbe687bd8ab61fd2c84d348dc2fbc24f695f60c62,100
local_rsvce,ps89_3_4_28_29_30_32_33_34,WORLD,,,generic,,,,"ps89:3-4,28-29,30+32,33-34",For ever I will pledge my love for my servant.,"For thy steadfast love was established for ever, thy faithfulness is firm as the heavens. Thou hast said,""I have made a covenant with my chosen one, I have sworn to David my servant:

And I will make him the first-born, the highest of the kings of the earth. My steadfast love I will keep for him for ever, and my covenant will stand firm for him.

I will establish his line for ever and his throne as the days of the heavens. if they violate my statutes and do not keep my commandments,

then I will punish their transgression with the rod and their iniquity with scourges; but I will not remove from him my steadfast love, or be false to my faithfulness.",repo://assets/rsvce.db,,b3187411b30e7358aab647033c82626139cd56661390941a433a28c53b8e869e,a2d7f3fae4185cb13999f5de3c9d36f3fa858e2e2b3dcdd1be501426848ba982,100
local_rsvce,ps89_3_4_5_6_12_13_14_17,WORLD,,,generic,,,,"ps89:3-4,5-6,12-13,14,17","(1) If today you hear his voice, harden not your hearts.","For thy steadfast love was established for ever, thy faithfulness is firm as the heavens. Thou hast said,""I have made a covenant with my chosen one, I have sworn to David my servant:

'I will establish your descendants for ever, and build your throne for all generations.'"" [Selah] Let the heavens praise thy wonders, O LORD, thy faithfulness in the assembly of the holy ones!

The heavens are thine, the earth also is thine; the world and all that is in it, thou hast founded them. The north and the south, thou hast created them; Tabor and Hermon joyously praise thy name.

Thou hast a mighty arm; strong is thy hand, high thy right hand.

who exult in thy name all the day, and extol thy righteousness.",repo://assets/rsvce.db,,4fa8aff1405d9f2b4812260ea965b5d17ee8b68a0b437c62b3477379e40cfae3,c48cd4501deb9250176af3560b3549d967db922e422d4026d64cd272867917ec,100
local_rsvce,ps89_4_5_16_17_27_29,WORLD,,,generic,,,,"ps89:4-5,16-17,27,29",(2a) For ever I will sing the goodness of the Lord.,"Thou hast said,""I have made a covenant with my chosen one, I have sworn to David my servant: 'I will establish your descendants for ever, and build your throne for all generations.'"" [Selah]

Blessed are the people who know the festal shout, who walk, O LORD, in the light of thy countenance, who exult in thy name all the day, and extol thy righteousness.

He shall cry to me, 'Thou art my Father, my God, and the Rock of my salvation.'

My steadfast love I will keep for him for ever, and my covenant will stand firm for him.",repo://assets/rsvce.db,,ccb40fc7d28c9230a03703b361ff10317c4a69ce5dd8f7f4a69caf5052c57bad,8ec9f9dc1c7c4dc1905e9d726be6662a7ca3ea487dca34f93f1246c6b2baa3cf,100
local_rsvce,ps89_4_5_27_28_29_30,WORLD,,,generic,,,,"ps89:4-5,27-28,29-30",I will keep my faithful love for him always.,"Thou hast said,""I have made a covenant with my chosen one, I have sworn to David my servant: 'I will establish your descendants for ever, and build your throne for all generations.'"" [Selah]

He shall cry to me, 'Thou art my Father, my God, and the Rock of my salvation.' And I will make him the first-born, the highest of the kings of the earth.

My steadfast love I will keep for him for ever, and my covenant will stand firm for him. I will establish his line for ever and his throne as the days of the heavens.",repo://assets/rsvce.db,,b941f319adcf4f6c2b7403c9c39d6b3c79062dd57b1bca3e299318c63622e506,2d06a88bf19cf338f4ca14262ea09e7f72d4e048507567af575603f944c06a85,100
local_rsvce,ps89_4_5_29_30_31_32_33_34,WORLD,,,generic,,,,"ps89:4-5,29-30,31-32,33-34",I will keep my faithful love for him always.,"Thou hast said,""I have made a covenant with my chosen one, I have sworn to David my servant: 'I will establish your descendants for ever, and build your throne for all generations.'"" [Selah]

My steadfast love I will keep for him for ever, and my covenant will stand firm for him. I will establish his line for ever and his throne as the days of the heavens.

If his children forsake my law and do not walk according to my ordinances, if they violate my statutes and do not keep my commandments,

then I will punish their transgression with the rod and their iniquity with scourges; but I will not remove from him my steadfast love, or be false to my faithfulness.",repo://assets/rsvce.db,,c1eab0a045f211f89144da554f669b88803ed857c5f1abc614ecc20e3b945b09,04142b291f63c37187b3cc273ba141215223c1fa0f656730d9add0c8c8f0d9c7,100
local_rsvce,ps8_1_2_3_4_5_6ab_6c_8,WORLD,,,generic,,,,"ps8:1-2,3-4,5-6ab,6c-8",You gave your Son authority over all your creation.,"O LORD, our Lord, how majestic is thy name in all the earth! Thou whose glory above the heavens is chanted by the mouth of babes and infants,thou hast founded a bulwark because of thy foes, to still the enemy and the avenger.

by the mouth of babes and infants,thou hast founded a bulwark because of thy foes, to still the enemy and the avenger. When I look at thy heavens,the work of thy fingers, the moon and the stars which thou hast established;

what is man that thou art mindful of him, and the son of man that thou dost care for him? Yet thou hast made him little less than God, and dost crown him with glory and honor.

Yet thou hast made him little less than God, and dost crown him with glory and honor. Thou hast given him dominion over the works of thy hands; thou hast put all things under his feet, all sheep and oxen, and also the beasts of the field,",repo://assets/rsvce.db,,cb10897084e68954a5e1d2c6757562d767ba04fd8ecf0332ae031aa32f1c7f16,dd9af11643162eb917941324af6842c49e63228e584b02e3d7d96e4bf6e8fbbe,100
local_rsvce,ps8_1_2a_3_4_5_6,WORLD,,,generic,,,,"ps8:1-2a,3-4,5-6",You gave your Son authority over all your creation.,"O LORD, our Lord, how majestic is thy name in all the earth! Thou whose glory above the heavens is chanted by the mouth of babes and infants,thou hast founded a bulwark because of thy foes, to still the enemy and the avenger.

by the mouth of babes and infants,thou hast founded a bulwark because of thy foes, to still the enemy and the avenger. When I look at thy heavens,the work of thy fingers, the moon and the stars which thou hast established;

what is man that thou art mindful of him, and the son of man that thou dost care for him? Yet thou hast made him little less than God, and dost crown him with glory and honor.",repo://assets/rsvce.db,,b0a00a4a606ecbc97ce96f3651f84f451117ff1aa76e2f349ddb5aa588336e5d,d488051c464129c703434b04f2d468c44c91407c25bff60afd3b8be5c216b6b2,100
local_rsvce,ps8_2_3a_4_5_6_7,WORLD,,,generic,,,,"ps8:2-3a,4-5,6-7",You have given your Son power over the works of your hands.,"O LORD, our Lord, how majestic is thy name in all the earth! Thou whose glory above the heavens is chanted by the mouth of babes and infants,thou hast founded a bulwark because of thy foes, to still the enemy and the avenger.

When I look at thy heavens,the work of thy fingers, the moon and the stars which thou hast established; what is man that thou art mindful of him, and the son of man that thou dost care for him?

Yet thou hast made him little less than God, and dost crown him with glory and honor. Thou hast given him dominion over the works of thy hands; thou hast put all things under his feet,",repo://assets/rsvce.db,,997e58ec4a67c66632b14ce0a217457a6d41252b322a912511e5ebdbbb147752,cbaefd60688ecf66c3b9f77a1b8130b9372ab94ccdd031fd4f4ee101bac34c5a,100
local_rsvce,ps8_2a_5_6_7_8_9,WORLD,,,generic,,,,"ps8:2a+5,6-7,8-9","O Lord, our God, how wonderful your name in all the earth!","O LORD, our Lord, how majestic is thy name in all the earth! Thou whose glory above the heavens is chanted what is man that thou art mindful of him, and the son of man that thou dost care for him?

Yet thou hast made him little less than God, and dost crown him with glory and honor. Thou hast given him dominion over the works of thy hands; thou hast put all things under his feet,

all sheep and oxen, and also the beasts of the field, the birds of the air,and the fish of the sea, whatever passes along the paths of the sea.",repo://assets/rsvce.db,,f83cad3aed042d8c974504049e8dd1fb21d730041c3f7c8da0ebeb57fdbc353a,3f84eb89b63017c0b827f0312fd67daa11839ca1cb9fefb32033c76764734e89,100
local_rsvce,ps8_2ab_5_6_7_8_9,WORLD,,,generic,,,,"ps8:2ab,5,6-7,8-9","O Lord, our God, how wonderful your name in all the earth!","O LORD, our Lord, how majestic is thy name in all the earth! Thou whose glory above the heavens is chanted

what is man that thou art mindful of him, and the son of man that thou dost care for him?

Yet thou hast made him little less than God, and dost crown him with glory and honor. Thou hast given him dominion over the works of thy hands; thou hast put all things under his feet,

all sheep and oxen, and also the beasts of the field, the birds of the air,and the fish of the sea, whatever passes along the paths of the sea.",repo://assets/rsvce.db,,a4ff3d1e8437be1f01afffc22c055c495fb580f54cf50f4aedd66021c51530c8,3f84eb89b63017c0b827f0312fd67daa11839ca1cb9fefb32033c76764734e89,100
local_rsvce,ps8_2ab_5_6_7a_7b_9,WORLD,,,generic,,,,"ps8:2ab,5,6-7a,7b-9","O Lord, our Lord, how majestic is your name through all the earth!","O LORD, our Lord, how majestic is thy name in all the earth! Thou whose glory above the heavens is chanted

what is man that thou art mindful of him, and the son of man that thou dost care for him?

Yet thou hast made him little less than God, and dost crown him with glory and honor. Thou hast given him dominion over the works of thy hands; thou hast put all things under his feet,

Thou hast given him dominion over the works of thy hands; thou hast put all things under his feet, all sheep and oxen, and also the beasts of the field, the birds of the air,and the fish of the sea, whatever passes along the paths of the sea.",repo://assets/rsvce.db,,0c2067773cc94d9e42ab7c3b1488df1c413a67e59f85925d44efb47855100f5b,92256007eb9c10a4d7485cd7b0f57e4a91d7d6d1bb1104cc9cd742945dbe9cc0,100
local_rsvce,ps8_3_4_5_6_7_8,WORLD,,,generic,,,,"ps8:3-4,5-6,7-8","O Lord our God, how wonderful your name in all the earth!","by the mouth of babes and infants,thou hast founded a bulwark because of thy foes, to still the enemy and the avenger. When I look at thy heavens,the work of thy fingers, the moon and the stars which thou hast established;

what is man that thou art mindful of him, and the son of man that thou dost care for him? Yet thou hast made him little less than God, and dost crown him with glory and honor.

Thou hast given him dominion over the works of thy hands; thou hast put all things under his feet, all sheep and oxen, and also the beasts of the field,",repo://assets/rsvce.db,,b1a52f41fdd71de264c1aa080ff57175d5486f447f0dce52a9d84db301abcf61,2b118196e7f75f1c89cf0bd16144a7641c3e551b58f1a5b5049d0cdc7897f951,100
local_rsvce,ps8_4_5_6_7_8_9,WORLD,,,generic,,,,"ps8:4-5,6-7,8-9","(2a) O Lord, our God, how wonderful your name in all the earth!","When I look at thy heavens,the work of thy fingers, the moon and the stars which thou hast established; what is man that thou art mindful of him, and the son of man that thou dost care for him?

Yet thou hast made him little less than God, and dost crown him with glory and honor. Thou hast given him dominion over the works of thy hands; thou hast put all things under his feet,

all sheep and oxen, and also the beasts of the field, the birds of the air,and the fish of the sea, whatever passes along the paths of the sea.",repo://assets/rsvce.db,,3b08cae77963f3d3a03fc883904fdf589c3842b061edae577ecb6c7e2e514d63,42f0e41920119a7b79e2b34271047fb23c03cb3e6bb51486f39cdc62501bbba0,100
local_rsvce,ps90_12_13_14_15_16_17,WORLD,,,generic,,,,"ps90:12-13,14-15,16-17","(14) Fill us with your love, O Lord, and we will sing for joy!","So teach us to number our days that we may get a heart of wisdom. Return, O LORD! How long? Have pity on thy servants!

Satisfy us in the morning with thy steadfast love, that we may rejoice and be glad all our days. Make us glad as many days as thou hast afflicted us, and as many years as we have seen evil.

Let thy work be manifest to thy servants, and thy glorious power to their children. Let the favor of the Lord our God be upon us,and establish thou the work of our hands upon us, yea, the work of our hands establish thou it.",repo://assets/rsvce.db,,d62d99259bbd0ab731bfde65c784dfd5eca6164ae18a857eda60ce62b13f9751,b163490600039b1a3e1fc0e76be510475f32b46c986ef4f66b4af4980aa94e3b,100
local_rsvce,ps90_1_2_3_4_10_14_16,WORLD,,,generic,,,,"ps90:1-2,3-4,10,14+16","In every age, O Lord, you have been our refuge.","LORD, thou hast been our dwelling place  in all generations. Before the mountains were brought forth,or ever thou hadst formed the earth and the world, from everlasting to everlasting thou art God.

Thou turnest man back to the dust, and sayest, ""Turn back, O children of men!"" For a thousand years in thy sight are but as yesterday when it is past, or as a watch in the night.

The years of our life are threescore and ten,or even by reason of strength fourscore;yet their span is but toil and trouble; they are soon gone, and we fly away.

Satisfy us in the morning with thy steadfast love, that we may rejoice and be glad all our days. Let thy work be manifest to thy servants, and thy glorious power to their children.",repo://assets/rsvce.db,,3e96d956ef7bdd058958d3800fca22c338b80d306ee895b403bba77866b435d6,d50bfdc35757b3a084bfde4bb645f8246d1ff15fdb62c99011b9c5b6eb666686,100
local_rsvce,ps90_2_3_4_10_14_16,WORLD,,,generic,,,,"ps90:2,3-4,10,14+16","In every age, O Lord, you have been our refuge.","Before the mountains were brought forth,or ever thou hadst formed the earth and the world, from everlasting to everlasting thou art God.

Thou turnest man back to the dust, and sayest, ""Turn back, O children of men!"" For a thousand years in thy sight are but as yesterday when it is past, or as a watch in the night.

The years of our life are threescore and ten,or even by reason of strength fourscore;yet their span is but toil and trouble; they are soon gone, and we fly away.

Satisfy us in the morning with thy steadfast love, that we may rejoice and be glad all our days. Let thy work be manifest to thy servants, and thy glorious power to their children.",repo://assets/rsvce.db,,e54122ea620a6b814e478d7c45c3cfcf471bb2ad46ecb9ad09c216e61198384a,d0d806d3d6fd63c5e477a0f7788d33a9e4615c07182bef5c59972283f160446a,100
local_rsvce,ps90_2_3_4_10_14_16__alias_a588aadc7def,WORLD,,,generic,,,,"ps90:2,3-4,10,14,16","In every age, O Lord, you have been our refuge.","Before the mountains were brought forth,or ever thou hadst formed the earth and the world, from everlasting to everlasting thou art God.

Thou turnest man back to the dust, and sayest, ""Turn back, O children of men!"" For a thousand years in thy sight are but as yesterday when it is past, or as a watch in the night.

The years of our life are threescore and ten,or even by reason of strength fourscore;yet their span is but toil and trouble; they are soon gone, and we fly away.

Satisfy us in the morning with thy steadfast love, that we may rejoice and be glad all our days. Let thy work be manifest to thy servants, and thy glorious power to their children.",repo://assets/rsvce.db,,e54122ea620a6b814e478d7c45c3cfcf471bb2ad46ecb9ad09c216e61198384a,d0d806d3d6fd63c5e477a0f7788d33a9e4615c07182bef5c59972283f160446a,100
local_rsvce,ps90_2_3_4_5_6_12_13,WORLD,,,generic,,,,"ps90:2,3-4,5-6,12-13","In every age, O Lord, you have been our refuge.","Before the mountains were brought forth,or ever thou hadst formed the earth and the world, from everlasting to everlasting thou art God.

Thou turnest man back to the dust, and sayest, ""Turn back, O children of men!"" For a thousand years in thy sight are but as yesterday when it is past, or as a watch in the night.

Thou dost sweep men away; they are like a dream, like grass which is renewed in the morning: in the morning it flourishes and is renewed; in the evening it fades and withers.

So teach us to number our days that we may get a heart of wisdom. Return, O LORD! How long? Have pity on thy servants!",repo://assets/rsvce.db,,40d83f73352fe8936c6e5f296940df01b6207bb97852f41708be8489af219ad2,cf3dec4fd421af370972a7682206b4797412dcca776981b6b6445872f76a108b,100
local_rsvce,ps90_2_3_4abc_5_6_12_13,WORLD,,,generic,,,,"ps90:2,3-4abc,5-6,12-13","In every age, O Lord, you have been our refuge.","Before the mountains were brought forth,or ever thou hadst formed the earth and the world, from everlasting to everlasting thou art God.

Thou turnest man back to the dust, and sayest, ""Turn back, O children of men!"" For a thousand years in thy sight are but as yesterday when it is past, or as a watch in the night.

Thou dost sweep men away; they are like a dream, like grass which is renewed in the morning: in the morning it flourishes and is renewed; in the evening it fades and withers.

So teach us to number our days that we may get a heart of wisdom. Return, O LORD! How long? Have pity on thy servants!",repo://assets/rsvce.db,,40d83f73352fe8936c6e5f296940df01b6207bb97852f41708be8489af219ad2,cf3dec4fd421af370972a7682206b4797412dcca776981b6b6445872f76a108b,100
local_rsvce,ps90_3_4_12_13_14_17,WORLD,,,generic,,,,"ps90:3-4,12-13,14+17","Fill us with your love, O Lord,","Thou turnest man back to the dust, and sayest, ""Turn back, O children of men!"" For a thousand years in thy sight are but as yesterday when it is past, or as a watch in the night.

So teach us to number our days that we may get a heart of wisdom. Return, O LORD! How long? Have pity on thy servants!

Satisfy us in the morning with thy steadfast love, that we may rejoice and be glad all our days. Let the favor of the Lord our God be upon us,and establish thou the work of our hands upon us, yea, the work of our hands establish thou it.",repo://assets/rsvce.db,,7d7e214ff76982ca81ec4c471c1d7b9a79fb4c8739ae5d20cc59d1bcd3b20e05,3a43833fb2b6fa4ff24f59fa72d2fef620232b34e91ee12a15bcf5902448445d,100
local_rsvce,ps90_3_4_5_6_12_13_14_17,WORLD,,,generic,,,,"ps90:3-4,5-6,12-13,14-17","(1) In every age, O Lord, you have been our refuge.","Thou turnest man back to the dust, and sayest, ""Turn back, O children of men!"" For a thousand years in thy sight are but as yesterday when it is past, or as a watch in the night.

Thou dost sweep men away; they are like a dream, like grass which is renewed in the morning: in the morning it flourishes and is renewed; in the evening it fades and withers.

So teach us to number our days that we may get a heart of wisdom. Return, O LORD! How long? Have pity on thy servants!

Satisfy us in the morning with thy steadfast love, that we may rejoice and be glad all our days. Make us glad as many days as thou hast afflicted us, and as many years as we have seen evil. Let thy work be manifest to thy servants, and thy glorious power to their children. Let the favor of the Lord our God be upon us,and establish thou the work of our hands upon us, yea, the work of our hands establish thou it.",repo://assets/rsvce.db,,371054bbed005b6d456fb4b96d230efb31d6acfcf50b9d95b7bf02f7e2788551,f6d36790871c5959d1f34b928c47eeda438e02a8627ea37754b7058fb835c94f,100
local_rsvce,ps90_3_4_5_6_12_13_14_17__alias_3ba26131a9d3,WORLD,,,generic,,,,"ps90:3-4,5-6,12-13,14,17","(1) In every age, O Lord, you have been our refuge.","Thou turnest man back to the dust, and sayest, ""Turn back, O children of men!"" For a thousand years in thy sight are but as yesterday when it is past, or as a watch in the night.

Thou dost sweep men away; they are like a dream, like grass which is renewed in the morning: in the morning it flourishes and is renewed; in the evening it fades and withers.

So teach us to number our days that we may get a heart of wisdom. Return, O LORD! How long? Have pity on thy servants!

Satisfy us in the morning with thy steadfast love, that we may rejoice and be glad all our days. Make us glad as many days as thou hast afflicted us, and as many years as we have seen evil. Let thy work be manifest to thy servants, and thy glorious power to their children. Let the favor of the Lord our God be upon us,and establish thou the work of our hands upon us, yea, the work of our hands establish thou it.",repo://assets/rsvce.db,,371054bbed005b6d456fb4b96d230efb31d6acfcf50b9d95b7bf02f7e2788551,f6d36790871c5959d1f34b928c47eeda438e02a8627ea37754b7058fb835c94f,100
local_rsvce,ps90_3_5a_12_13_14_17,WORLD,,,generic,,,,"ps90:3-5a,12-13,14,17","Fill us with your merciful love, O Lord, and we shall exult","Thou turnest man back to the dust, and sayest, ""Turn back, O children of men!"" For a thousand years in thy sight are but as yesterday when it is past, or as a watch in the night. Thou dost sweep men away; they are like a dream, like grass which is renewed in the morning:

So teach us to number our days that we may get a heart of wisdom. Return, O LORD! How long? Have pity on thy servants!

Satisfy us in the morning with thy steadfast love, that we may rejoice and be glad all our days.

Let the favor of the Lord our God be upon us,and establish thou the work of our hands upon us, yea, the work of our hands establish thou it.",repo://assets/rsvce.db,,c9273c4c71d56914c6b8e2a135d2dd9b586a183beb117ca9d1dc2a45badbd7d3,6b20c7116b70073845a2f2268ba4444d332ff66fe1ef0d70158bf5f3d05bfaa0,100
local_rsvce,ps91_1_2_10_11_12_13_14_15,WORLD,,,generic,,,,"ps91:1-2,10-11,12-13,14-15","Be with me, Lord, when I am in trouble.","He who dwells in the shelter of the Most High, who abides in the shadow of the Almighty, will say to the LORD, ""My refuge and my fortress; my God, in whom I trust.""

no evil shall befall you, no scourge come near your tent. For he will give his angels charge of you to guard you in all your ways.

On their hands they will bear you up, lest you dash your foot against a stone. You will tread on the lion and the adder, the young lion and the serpent you will trample under foot.

Because he cleaves to me in love, I will deliver him; I will protect him, because he knows my name. When he calls to me, I will answer him; I will be with him in trouble, I will rescue him and honor him.",repo://assets/rsvce.db,,c83657b47dc44170361e077972478571f1186acc8130cb23625bc1d0ceaf1722,633f322996e65bb3cc1aca4d485165ee5e1017c3b8a6a4d0f1ce9c8fc90897ae,100
local_rsvce,ps91_1_2_14_15ab_15c_16,WORLD,,,generic,,,,"ps91:1-2,14-15ab,15c-16","In you, my God, I place my trust.","He who dwells in the shelter of the Most High, who abides in the shadow of the Almighty, will say to the LORD, ""My refuge and my fortress; my God, in whom I trust.""

Because he cleaves to me in love, I will deliver him; I will protect him, because he knows my name. When he calls to me, I will answer him; I will be with him in trouble, I will rescue him and honor him.

When he calls to me, I will answer him; I will be with him in trouble, I will rescue him and honor him. With long life I will satisfy him, and show him my salvation.",repo://assets/rsvce.db,,71d0597afaffd22f78df38db415d1937c04e5f788c9bcb79fb91b3da49357c21,3ee95649a736695e32960a6d20b6f74197cbf53e5867c1758e630d45151fbb86,100
local_rsvce,ps91_1_2_3_4_14_15ab,WORLD,,,generic,,,,"ps91:1-2,3-4,14-15ab","In you, my God, I place my trust.","He who dwells in the shelter of the Most High, who abides in the shadow of the Almighty, will say to the LORD, ""My refuge and my fortress; my God, in whom I trust.""

For he will deliver you from the snare of the fowler and from the deadly pestilence; he will cover you with his pinions,and under his wings you will find refuge; his faithfulness is a shield and buckler.

Because he cleaves to me in love, I will deliver him; I will protect him, because he knows my name. When he calls to me, I will answer him; I will be with him in trouble, I will rescue him and honor him.",repo://assets/rsvce.db,,dca4a30f2520bf9b77cec1489ee2abfd9f34fc43469e32764c86ab515d0bae3d,623da9ccdb93f5b6a03eec20962fa1e5751e81859cf457f24b1802eae4b2569f,100
local_rsvce,ps92_2_3_13_14_15_16,WORLD,,,generic,,,,"ps92:2-3,13-14,15-16","Lord, it is good to give thanks to you.","It is good to give thanks to the LORD, to sing praises to thy name, O Most High; to declare thy steadfast love in the morning, and thy faithfulness by night,

The righteous flourish like the palm tree, and grow like a cedar in Lebanon. They are planted in the house of the LORD, they flourish in the courts of our God.

They still bring forth fruit in old age, they are ever full of sap and green, to show that the LORD is upright; he is my rock, and there is no unrighteousness in him.",repo://assets/rsvce.db,,bdbb68ac0fe2699fd5f8fae4af8b11ddf8b2658c87b43c7c0d5704576eac009b,84b57ebec407deab682fcc5062463230700f17349f35bb48f9445510b462c8ae,100
local_rsvce,ps93_1_1_2_5,WORLD,,,generic,,,,"ps93:1,1-2,5",(1a) The LORD is king; he is robed in majesty.,"The LORD reigns; he is robed in majesty;the LORD is robed, he is girded with strength. Yea, the world is established; it shall never be moved;

The LORD reigns; he is robed in majesty;the LORD is robed, he is girded with strength. Yea, the world is established; it shall never be moved; thy throne is established from of old; thou art from everlasting.

Thy decrees are very sure; holiness befits thy house, O LORD, for evermore.",repo://assets/rsvce.db,,f241239078e88fa66f8a2cccb362bdeba655a724d48d7f55c76004f52d04cd73,8e06a880109ff93c83cffa426b141161973e5a40d4404185141df119ec92c326,100
local_rsvce,ps93_1ab_1c_2_4c_5,WORLD,,,generic,,,,"ps93:1ab,1c-2,4c-5","The Lord is king, he is robed in majesty.","The LORD reigns; he is robed in majesty;the LORD is robed, he is girded with strength. Yea, the world is established; it shall never be moved;

The LORD reigns; he is robed in majesty;the LORD is robed, he is girded with strength. Yea, the world is established; it shall never be moved; thy throne is established from of old; thou art from everlasting.

Mightier than the thunders of many waters,mightier than the waves of the sea, the LORD on high is mighty! Thy decrees are very sure; holiness befits thy house, O LORD, for evermore.",repo://assets/rsvce.db,,8d45938aba3128d53a4dd03d90c481797387eae09a5830b108713606ce840f84,d8776232bfe9698e166cebae40d76c3e275eb3ee2c946d1fa6dfc3c3b3ffe98a,100
local_rsvce,ps93_1ab_1c_2_5,WORLD,,,generic,,,,"ps93:1ab,1c-2,5",The Lord is king; he is robed in majesty.,"The LORD reigns; he is robed in majesty;the LORD is robed, he is girded with strength. Yea, the world is established; it shall never be moved;

The LORD reigns; he is robed in majesty;the LORD is robed, he is girded with strength. Yea, the world is established; it shall never be moved; thy throne is established from of old; thou art from everlasting.

Thy decrees are very sure; holiness befits thy house, O LORD, for evermore.",repo://assets/rsvce.db,,38a92294e3572842aed0fe4b89c0f345b841cc83179cbe688b6a50e880b8fb7b,3aa472fd19290a8bbafeb222c8edd94bfd5c65821ed73009c9cc77921251a077,100
local_rsvce,ps93_1ab_1cd_2_5,WORLD,,,generic,,,,"ps93:1ab,1cd-2,5","The Lord is king, with majesty enrobed. Or: Alleluia.","The LORD reigns; he is robed in majesty;the LORD is robed, he is girded with strength. Yea, the world is established; it shall never be moved;

The LORD reigns; he is robed in majesty;the LORD is robed, he is girded with strength. Yea, the world is established; it shall never be moved; thy throne is established from of old; thou art from everlasting.

Thy decrees are very sure; holiness befits thy house, O LORD, for evermore.",repo://assets/rsvce.db,,43839ef6539bbf7be59c432a161ea3a00c3cbc66bcc0e38972e822b5e023a94f,1641eec65b373fa8ac97f42a6921e73052f9d4e49cca927754dc2dfef400a560,100
local_rsvce,ps93_1abc_1d_2_5,WORLD,,,generic,,,,"ps93:1abc,1d-2,5","The Lord is king, with majesty enrobed.","The LORD reigns; he is robed in majesty;the LORD is robed, he is girded with strength. Yea, the world is established; it shall never be moved;

The LORD reigns; he is robed in majesty;the LORD is robed, he is girded with strength. Yea, the world is established; it shall never be moved; thy throne is established from of old; thou art from everlasting.

Thy decrees are very sure; holiness befits thy house, O LORD, for evermore.",repo://assets/rsvce.db,,02d776c4f0df3dc4e14510d6b3e9bfd534f15584b662ab724b6947912d6236a1,d93a4bcbcc5b3c3d8ea0aea54c368a270c1743ef34056ca4e0d92fadc49c9b72,100
local_rsvce,ps94_12_13a_14_15_17_18,WORLD,,,generic,,,,"ps94:12-13a,14-15,17-18",The Lord will not abandon his people.,"Blessed is the man whom thou dost chasten, O LORD, and whom thou dost teach out of thy law to give him respite from days of trouble, until a pit is dug for the wicked.

For the LORD will not forsake his people; he will not abandon his heritage; for justice will return to the righteous, and all the upright in heart will follow it.

If the LORD had not been my help, my soul would soon have dwelt in the land of silence. When I thought, ""My foot slips,"" thy steadfast love, O LORD, held me up.",repo://assets/rsvce.db,,ec593786371f96f471788e3d84b3453d45c42365432ba15fdd88dc1341c052b5,aa2b5020b02c6bdac6a0c8b714f0dab4ee79b95b22130842bc0070bd2b6399a4,100
local_rsvce,ps94_12_13a_14_15_18_19,WORLD,,,generic,,,,"ps94:12-13a,14-15,18-19","Happy are those you teach, O Lord.","Blessed is the man whom thou dost chasten, O LORD, and whom thou dost teach out of thy law to give him respite from days of trouble, until a pit is dug for the wicked.

For the LORD will not forsake his people; he will not abandon his heritage; for justice will return to the righteous, and all the upright in heart will follow it.

When I thought, ""My foot slips,"" thy steadfast love, O LORD, held me up. When the cares of my heart are many, thy consolations cheer my soul.",repo://assets/rsvce.db,,192739780dff1f9a2093f3bf3b65ba10a70d43584aede3a7a1e92f789e0426d0,af4019006d922c47d06d2a86272483c150b6aacf6d0501e589dc6e4b601d5944,100
local_rsvce,ps94_5_6_7_8_9_10_14_15,WORLD,,,generic,,,,"ps94:5-6,7-8,9-10,14-15",The Lord will not abandon his people.,"They crush thy people, O LORD, and afflict thy heritage. They slay the widow and the sojourner, and murder the fatherless;

and they say, ""The LORD does not see; the God of Jacob does not perceive."" Understand, O dullest of the people! Fools, when will you be wise?

He who planted the ear, does he not hear? He who formed the eye, does he not see? He who chastens the nations, does he not chastise? He who teaches men knowledge,

For the LORD will not forsake his people; he will not abandon his heritage; for justice will return to the righteous, and all the upright in heart will follow it.",repo://assets/rsvce.db,,0728599588dc48f0331cd7d06f6494693d122cfbe14dd5be78f015fa9ac9e669,9fd7e06cf4e9f4b96118c8425eaec40b562aa634607fb4bdb6ee892da6fed8fd,100
local_rsvce,ps95_1_2_3_5_6_7,WORLD,,,generic,,,,"ps95:1-2,3-5,6-7","Maranatha! Come, Lord Jesus!","O come, let us sing to the LORD; let us make a joyful noise to the rock of our salvation! Let us come into his presence with thanksgiving; let us make a joyful noise to him with songs of praise!

For the LORD is a great God, and a great King above all gods. In his hand are the depths of the earth; the heights of the mountains are his also. The sea is his, for he made it; for his hands formed the dry land.

O come, let us worship and bow down, let us kneel before the LORD, our Maker! For he is our God, and we are the people of his pasture,and the sheep of his hand. O that today you would hearken to his voice!",repo://assets/rsvce.db,,f4f4d903a79951054e2de712377db63201b462ebdf04d9507d4e2f7bd2ffebee,62aea92a0e7f2dcaff03c2dc051394b3dab38d387201a61f988c0ccde4a669b5,100
local_rsvce,ps95_1_2_3_5_6_7abc,WORLD,,,generic,,,,"ps95:1-2,3-5,6-7abc","Maranatha!  Come, Lord Jesus!","O come, let us sing to the LORD; let us make a joyful noise to the rock of our salvation! Let us come into his presence with thanksgiving; let us make a joyful noise to him with songs of praise!

For the LORD is a great God, and a great King above all gods. In his hand are the depths of the earth; the heights of the mountains are his also. The sea is his, for he made it; for his hands formed the dry land.

O come, let us worship and bow down, let us kneel before the LORD, our Maker! For he is our God, and we are the people of his pasture,and the sheep of his hand. O that today you would hearken to his voice!",repo://assets/rsvce.db,,59eb2fdaa702cb2ae3df7920caa643bd6fc0924f099d64fd682392a0b2678452,62aea92a0e7f2dcaff03c2dc051394b3dab38d387201a61f988c0ccde4a669b5,100
local_rsvce,ps95_1_2_6_7_7_9,WORLD,,,generic,,,,"ps95:1-2,6-7,7-9","(8) If today you hear his voice, harden not your hearts.","O come, let us sing to the LORD; let us make a joyful noise to the rock of our salvation! Let us come into his presence with thanksgiving; let us make a joyful noise to him with songs of praise!

O come, let us worship and bow down, let us kneel before the LORD, our Maker! For he is our God, and we are the people of his pasture,and the sheep of his hand. O that today you would hearken to his voice!

For he is our God, and we are the people of his pasture,and the sheep of his hand. O that today you would hearken to his voice! Harden not your hearts, as at Meribah, as on the day at Massah in the wilderness, when your fathers tested me, and put me to the proof, though they had seen my work.",repo://assets/rsvce.db,,b8298298dc97bee080c0aeda6cb5e77945edf876ee6284fa00eb14402956097f,87b553bc7ad64a33b2e609a492b6d0e44f620df583dfa94b17c2aca760f89003,100
local_rsvce,ps95_1_2_6_7_8_9,WORLD,,,generic,,,,"ps95:1-2,6-7,8-9","(8) If today you hear his voice, harden not your hearts.","O come, let us sing to the LORD; let us make a joyful noise to the rock of our salvation! Let us come into his presence with thanksgiving; let us make a joyful noise to him with songs of praise!

O come, let us worship and bow down, let us kneel before the LORD, our Maker! For he is our God, and we are the people of his pasture,and the sheep of his hand. O that today you would hearken to his voice!

Harden not your hearts, as at Meribah, as on the day at Massah in the wilderness, when your fathers tested me, and put me to the proof, though they had seen my work.",repo://assets/rsvce.db,,c13b6da77b4389a36c2828fcad802369c97f90c9b5fdce2108b90aaa01d2c24d,e827611406f3fa4cf4c9168ab2a1ad7bb24a1aae536b039e842dafdcd0170170,100
local_rsvce,ps95_1_2_6_7ab_7c_9,WORLD,,,generic,,,,"ps95:1-2,6-7ab,7c-9","If today you hear God's voice,","O come, let us sing to the LORD; let us make a joyful noise to the rock of our salvation! Let us come into his presence with thanksgiving; let us make a joyful noise to him with songs of praise!

O come, let us worship and bow down, let us kneel before the LORD, our Maker! For he is our God, and we are the people of his pasture,and the sheep of his hand. O that today you would hearken to his voice!

For he is our God, and we are the people of his pasture,and the sheep of his hand. O that today you would hearken to his voice! Harden not your hearts, as at Meribah, as on the day at Massah in the wilderness, when your fathers tested me, and put me to the proof, though they had seen my work.",repo://assets/rsvce.db,,07b0965f0a1c6000d8806a9ffbfd6d6fa86b39ed2d296bb9b914f80e42d48378,f91215845a932159bc793c91f70e0ad70d657cc17f74612033856b17b3849b0b,100
local_rsvce,ps95_1_2_6_7abc_7d_9,WORLD,,,generic,,,,"ps95:1-2,6-7abc,7d-9",O that today you would listen to his voice! Harden not your hearts.,"O come, let us sing to the LORD; let us make a joyful noise to the rock of our salvation! Let us come into his presence with thanksgiving; let us make a joyful noise to him with songs of praise!

O come, let us worship and bow down, let us kneel before the LORD, our Maker! For he is our God, and we are the people of his pasture,and the sheep of his hand. O that today you would hearken to his voice!

For he is our God, and we are the people of his pasture,and the sheep of his hand. O that today you would hearken to his voice! Harden not your hearts, as at Meribah, as on the day at Massah in the wilderness, when your fathers tested me, and put me to the proof, though they had seen my work.",repo://assets/rsvce.db,,75649ebf192f38f0c9842bcfeff984a3fd9cfd513dd21927a1eef568654e967e,9f4c2d89feb87acffc4313d827a307fcc8dd0b4bb6f011dbb7751da162ce2d52,100
local_rsvce,ps95_6_7_8_9_10_11,WORLD,,,generic,,,,"ps95:6-7,8-9,10-11","If today you hear God's voice,","O come, let us worship and bow down, let us kneel before the LORD, our Maker! For he is our God, and we are the people of his pasture,and the sheep of his hand. O that today you would hearken to his voice!

Harden not your hearts, as at Meribah, as on the day at Massah in the wilderness, when your fathers tested me, and put me to the proof, though they had seen my work.

For forty years I loathed that generation and said,""They are a people who err in heart, and they do not regard my ways."" Therefore I swore in my anger that they should not enter my rest.",repo://assets/rsvce.db,,c2cfa278e1580cecd4a01267e69721fa8141d36e367013a5eca80f01a4b05002,79b24ef0709bf8f520751aeac4f46d54ac427da5487b1cee1ac198b9a3981e17,100
local_rsvce,ps95_6_7c_8_9_10_11,WORLD,,,generic,,,,"ps95:6-7c,8-9,10-11","If today you hear his voice, harden not your hearts.","O come, let us worship and bow down, let us kneel before the LORD, our Maker! For he is our God, and we are the people of his pasture,and the sheep of his hand. O that today you would hearken to his voice!

Harden not your hearts, as at Meribah, as on the day at Massah in the wilderness, when your fathers tested me, and put me to the proof, though they had seen my work.

For forty years I loathed that generation and said,""They are a people who err in heart, and they do not regard my ways."" Therefore I swore in my anger that they should not enter my rest.",repo://assets/rsvce.db,,990974d230ae887946827515e1ab6ef96b783a386a5bdbccb9ec60e1825894c3,eb82ff4e4d94b084bb5113ccd888375509bf068aeeda275456e8530e19ef4b8d,100
local_rsvce,ps96_10_11_12_13,WORLD,,,generic,,,,"ps96:10,11-12,13",The Lord comes to judge the earth.,"Say among the nations, ""The LORD reigns!Yea, the world is established, it shall never be moved; he will judge the peoples with equity.""

Let the heavens be glad, and let the earth rejoice; let the sea roar, and all that fills it; let the field exult, and everything in it! Then shall all the trees of the wood sing for joy

before the LORD, for he comes,for he comes to judge the earth.He will judge the world with righteousness, and the peoples with his truth.",repo://assets/rsvce.db,,65951855853ced0228968d04d4df9b93f0f6759a2c268222b847f9b305c6d083,119a448bef913c4d295fcfc55c48a185de512cf3a95cb594760572285f0c4081,100
local_rsvce,ps96_10_11_12a_12b_13,WORLD,,,generic,,,,"ps96:10,11-12a,12b-13",The Lord comes to judge the earth.,"Say among the nations, ""The LORD reigns!Yea, the world is established, it shall never be moved; he will judge the peoples with equity.""

Let the heavens be glad, and let the earth rejoice; let the sea roar, and all that fills it; let the field exult, and everything in it! Then shall all the trees of the wood sing for joy

let the field exult, and everything in it! Then shall all the trees of the wood sing for joy before the LORD, for he comes,for he comes to judge the earth.He will judge the world with righteousness, and the peoples with his truth.",repo://assets/rsvce.db,,3b7ebe9c366fd2674960849441959db344c2732583398b4f98e79d7b86d685ec,edadf8f80b5460963d84777077b8d68ee2a6b31541db4fa9dff93b41c3454fdb,100
local_rsvce,ps96_1_2_11_12_13,WORLD,,,generic,,,,"ps96:1-2,11-12,13",Let heaven and earth exult in joy!,"O sing to the LORD a new song; sing to the LORD, all the earth! Sing to the LORD, bless his name; tell of his salvation from day to day.

Let the heavens be glad, and let the earth rejoice; let the sea roar, and all that fills it; let the field exult, and everything in it! Then shall all the trees of the wood sing for joy

before the LORD, for he comes,for he comes to judge the earth.He will judge the world with righteousness, and the peoples with his truth.",repo://assets/rsvce.db,,d7ffed758bf28eb3030fedddecb3567339f8d33ba598eadb9dae24b5ae78c51a,ddf263852928298e9156427e0ba6dbd508162bfcd4bd269500c43e20cfb5c92c,100
local_rsvce,ps96_1_2_2_3_11_12_13,WORLD,,,generic,,,,"ps96:1-2,2-3,11-12,13","(Luke 2:11) Today is born our Savior, Christ the Lord.","O sing to the LORD a new song; sing to the LORD, all the earth! Sing to the LORD, bless his name; tell of his salvation from day to day.

Sing to the LORD, bless his name; tell of his salvation from day to day. Declare his glory among the nations, his marvelous works among all the peoples!

Let the heavens be glad, and let the earth rejoice; let the sea roar, and all that fills it; let the field exult, and everything in it! Then shall all the trees of the wood sing for joy

before the LORD, for he comes,for he comes to judge the earth.He will judge the world with righteousness, and the peoples with his truth.",repo://assets/rsvce.db,,2d663e12eaaa47222bd17cd89038f435a9edafff6b9f187b891194235e177412,07fb539bc16a9066b75f220cf1f8d2691a45d5ecf6d07547a58c8f04b872a371,100
local_rsvce,ps96_1_2_2_3_7_8_9_10,WORLD,,,generic,,,,"ps96:1-2,2-3,7-8,9-10",(3) Proclaim his marvelous deeds to all the nations.,"O sing to the LORD a new song; sing to the LORD, all the earth! Sing to the LORD, bless his name; tell of his salvation from day to day.

Sing to the LORD, bless his name; tell of his salvation from day to day. Declare his glory among the nations, his marvelous works among all the peoples!

Ascribe to the LORD, O families of the peoples, ascribe to the LORD glory and strength! Ascribe to the LORD the glory due his name; bring an offering, and come into his courts!

Worship the LORD in holy array; tremble before him, all the earth! Say among the nations, ""The LORD reigns!Yea, the world is established, it shall never be moved; he will judge the peoples with equity.""",repo://assets/rsvce.db,,6dc4e785b9c826510ec9ca64154aa4e79fe97ba76f66c661232271e2b6205517,b4f7ee6049d7358ac51f46ec8d8a48aef9e93ce0eda5a3acbf02c8d667101e79,100
local_rsvce,ps96_1_2_3_10ac_11_12_13,WORLD,,,generic,,,,"ps96:1-2,3&10ac,11-12,13",The Lord our God comes in strength.,"O sing to the LORD a new song; sing to the LORD, all the earth! Sing to the LORD, bless his name; tell of his salvation from day to day.

Declare his glory among the nations, his marvelous works among all the peoples!

Let the heavens be glad, and let the earth rejoice; let the sea roar, and all that fills it; let the field exult, and everything in it! Then shall all the trees of the wood sing for joy

before the LORD, for he comes,for he comes to judge the earth.He will judge the world with righteousness, and the peoples with his truth.",repo://assets/rsvce.db,,fc92225d54ca20aa87e0e36b729e713108d761df8c2e5f03842bdea3039d0b7b,483973b946e99cb1a7cbc488d43b3edc2f006a55faeb72ef66922648c662a510,100
local_rsvce,ps96_1_2_3_10ac_11_12_13__alias_ac9fcf8b2437,WORLD,,,generic,,,,"ps96:1-2,3,10ac,11-12,13",The Lord our God comes in strength.,"O sing to the LORD a new song; sing to the LORD, all the earth! Sing to the LORD, bless his name; tell of his salvation from day to day.

Declare his glory among the nations, his marvelous works among all the peoples!

Let the heavens be glad, and let the earth rejoice; let the sea roar, and all that fills it; let the field exult, and everything in it! Then shall all the trees of the wood sing for joy

before the LORD, for he comes,for he comes to judge the earth.He will judge the world with righteousness, and the peoples with his truth.",repo://assets/rsvce.db,,fc92225d54ca20aa87e0e36b729e713108d761df8c2e5f03842bdea3039d0b7b,483973b946e99cb1a7cbc488d43b3edc2f006a55faeb72ef66922648c662a510,100
local_rsvce,ps96_1_2_3_10ac_11_12a_12b_13,WORLD,,,generic,,,,"ps96:1-2,3,10ac,11-12a,12b-13",The Lord our God comes with might.,"O sing to the LORD a new song; sing to the LORD, all the earth! Sing to the LORD, bless his name; tell of his salvation from day to day.

Declare his glory among the nations, his marvelous works among all the peoples!

Say among the nations, ""The LORD reigns!Yea, the world is established, it shall never be moved; he will judge the peoples with equity.""

Let the heavens be glad, and let the earth rejoice; let the sea roar, and all that fills it; let the field exult, and everything in it! Then shall all the trees of the wood sing for joy

let the field exult, and everything in it! Then shall all the trees of the wood sing for joy before the LORD, for he comes,for he comes to judge the earth.He will judge the world with righteousness, and the peoples with his truth.",repo://assets/rsvce.db,,99f89419e26d39209b27cd3074ec17ae60d38095720ea99fe9986d119483e09d,1f320b7b6fb51b5ab4739e6e5ee8029ffe4715342d0d491df8ed154b85603709,100
local_rsvce,ps96_1_2_3_10ac_11_13a,WORLD,,,generic,,,,"ps96:1-2,3+10ac,11+13a",Proclaim God’s marvellous deeds to all the nations.,"O sing to the LORD a new song; sing to the LORD, all the earth! Sing to the LORD, bless his name; tell of his salvation from day to day.

Declare his glory among the nations, his marvelous works among all the peoples! Say among the nations, ""The LORD reigns!Yea, the world is established, it shall never be moved; he will judge the peoples with equity.""

Let the heavens be glad, and let the earth rejoice; let the sea roar, and all that fills it; before the LORD, for he comes,for he comes to judge the earth.He will judge the world with righteousness, and the peoples with his truth.",repo://assets/rsvce.db,,360b3199f28b30fb373080a2ac97ebb20100aeea398515af804c625fa59b0747,2e422ae9819361a2271d6b0200ab5c5b4de9cf8df66bb71ee1772118888557e8,100
local_rsvce,ps96_1_2_3_4_5_6,WORLD,,,generic,,,,"ps96:1-2,3-4,5-6",Let heaven and earth exult in joy!,"O sing to the LORD a new song; sing to the LORD, all the earth! Sing to the LORD, bless his name; tell of his salvation from day to day.

Declare his glory among the nations, his marvelous works among all the peoples! For great is the LORD, and greatly to be praised; he is to be feared above all gods.

For all the gods of the peoples are idols; but the LORD made the heavens. Honor and majesty are before him; strength and beauty are in his sanctuary.",repo://assets/rsvce.db,,5b8c124a987bfd2316871658b1b69ce31ca8583e36bdb1298ef3dc4f0448b3d9,0316af84e80aa97da30efc0c440c65c11fd84fd0633fca7c0e2ad40d00ec977e,100
local_rsvce,ps96_1_2a_2b_3_10,WORLD,,,generic,,,,"ps96:1-2a,2b-3,10",Proclaim God's marvellous deeds to all the nations.,"O sing to the LORD a new song; sing to the LORD, all the earth! Sing to the LORD, bless his name; tell of his salvation from day to day.

Sing to the LORD, bless his name; tell of his salvation from day to day. Declare his glory among the nations, his marvelous works among all the peoples!

Say among the nations, ""The LORD reigns!Yea, the world is established, it shall never be moved; he will judge the peoples with equity.""",repo://assets/rsvce.db,,57e13c9f4fbd8351fdbafe68153fc4a9f77e13c428ef0d0968c9cb1f2676e52b,29c71e7dd801278be61814fb7c42c2cb68bf94b8f0c225560274b9e61ce7f5c1,100
local_rsvce,ps96_1_2a_2b_3_4_5,WORLD,,,generic,,,,"ps96:1-2a,2b-3,4-5",Proclaim God's marvellous deeds to all the nations.,"O sing to the LORD a new song; sing to the LORD, all the earth! Sing to the LORD, bless his name; tell of his salvation from day to day.

Sing to the LORD, bless his name; tell of his salvation from day to day. Declare his glory among the nations, his marvelous works among all the peoples!

For great is the LORD, and greatly to be praised; he is to be feared above all gods. For all the gods of the peoples are idols; but the LORD made the heavens.",repo://assets/rsvce.db,,9cdbc544b006689aa978d336600de6f43c9c2da658a90c5acc6ba70d1aae58c4,b8ceee12a0a507571d5d3dc85f79fcf0ce631b176271a9035d6c3633b4a9b4fe,100
local_rsvce,ps96_1_2a_2b_3_5b_6,WORLD,,,generic,,,,"ps96:1-2a.,2b-3,5b-6",Let the heavens rejoice and earth be glad.,"O sing to the LORD a new song; sing to the LORD, all the earth! Sing to the LORD, bless his name; tell of his salvation from day to day.

Sing to the LORD, bless his name; tell of his salvation from day to day. Declare his glory among the nations, his marvelous works among all the peoples!

For all the gods of the peoples are idols; but the LORD made the heavens. Honor and majesty are before him; strength and beauty are in his sanctuary.",repo://assets/rsvce.db,,ee0a10f8b92f43abd09484d7e9b969fccb5e4e67ebb81e33d7e3a8e5477601a1,1559618ff814f1e8781360ab1a6a9467f03f0aa20955283af9d0b25bcbab833a,100
local_rsvce,ps96_1_2a_2b_3_7_8_9_10,WORLD,,,generic,,,,"ps96:1-2a,2b-3,7-8,9-10",Proclaim his marvellous deeds to all the nations.,"O sing to the LORD a new song; sing to the LORD, all the earth! Sing to the LORD, bless his name; tell of his salvation from day to day.

Sing to the LORD, bless his name; tell of his salvation from day to day. Declare his glory among the nations, his marvelous works among all the peoples!

Ascribe to the LORD, O families of the peoples, ascribe to the LORD glory and strength! Ascribe to the LORD the glory due his name; bring an offering, and come into his courts!

Worship the LORD in holy array; tremble before him, all the earth! Say among the nations, ""The LORD reigns!Yea, the world is established, it shall never be moved; he will judge the peoples with equity.""",repo://assets/rsvce.db,,3d0062b73ae35a1a563d217260641d5b6426754b15872564a15c399b93672edb,543264f21bdf665e4db01e26e6793d6dffefee76a7b779c6354f9e73eddfe418,100
local_rsvce,ps96_1_2a_2b_3_7_8a_10,WORLD,,,generic,,,,"ps96:1-2a,2b-3,7-8a,10",Tell among all the peoples the wonders of the Lord,"O sing to the LORD a new song; sing to the LORD, all the earth! Sing to the LORD, bless his name; tell of his salvation from day to day.

Sing to the LORD, bless his name; tell of his salvation from day to day. Declare his glory among the nations, his marvelous works among all the peoples!

Ascribe to the LORD, O families of the peoples, ascribe to the LORD glory and strength! Ascribe to the LORD the glory due his name; bring an offering, and come into his courts!

Say among the nations, ""The LORD reigns!Yea, the world is established, it shall never be moved; he will judge the peoples with equity.""",repo://assets/rsvce.db,,4b47449bbb94e0402251d3fda259abc6d61aa8d0a02358bda73ca9392c7edc85,2d0efe806e6c268d3a2d6d570b92835a015e974300ff14431cea2f56c63c59cb,100
local_rsvce,ps96_1_2a_2b_3_7_8a_9_10ac,WORLD,,,generic,,,,"ps96:1-2a,2b-3,7-8a,9-10ac",Tell among all the peoples the wonders of the Lord!,"O sing to the LORD a new song; sing to the LORD, all the earth! Sing to the LORD, bless his name; tell of his salvation from day to day.

Sing to the LORD, bless his name; tell of his salvation from day to day. Declare his glory among the nations, his marvelous works among all the peoples!

Ascribe to the LORD, O families of the peoples, ascribe to the LORD glory and strength! Ascribe to the LORD the glory due his name; bring an offering, and come into his courts!

Worship the LORD in holy array; tremble before him, all the earth! Say among the nations, ""The LORD reigns!Yea, the world is established, it shall never be moved; he will judge the peoples with equity.""",repo://assets/rsvce.db,,cddbfeb69d82b81b8f6d8af1ab76726a1bedfbec2ea400c7e61251be6fb62360,5a65986f450659707354f8305caca5f9717f193def08d6067fd34683c755767c,100
local_rsvce,ps96_1_3_4_5_11_12_13,WORLD,,,generic,,,,"ps96:1+3,4-5,11-12,13",The Lord comes to judge the earth.,"O sing to the LORD a new song; sing to the LORD, all the earth! Declare his glory among the nations, his marvelous works among all the peoples!

For great is the LORD, and greatly to be praised; he is to be feared above all gods. For all the gods of the peoples are idols; but the LORD made the heavens.

Let the heavens be glad, and let the earth rejoice; let the sea roar, and all that fills it; let the field exult, and everything in it! Then shall all the trees of the wood sing for joy

before the LORD, for he comes,for he comes to judge the earth.He will judge the world with righteousness, and the peoples with his truth.",repo://assets/rsvce.db,,bd126b19961e170f08a6a10e561b4330927c4fcd42e643319030d8a4f775c833,d2436bfb5af964fd8570f75ab91c38a8dcf5849fe582be74bc34e165e7eaaff5,100
local_rsvce,ps96_1_3_4_5_11_12_13__alias_8796bceb2f85,WORLD,,,generic,,,,"ps96:1,3,4-5,11-12,13",The Lord comes to judge the earth.,"O sing to the LORD a new song; sing to the LORD, all the earth! Declare his glory among the nations, his marvelous works among all the peoples!

For great is the LORD, and greatly to be praised; he is to be feared above all gods. For all the gods of the peoples are idols; but the LORD made the heavens.

Let the heavens be glad, and let the earth rejoice; let the sea roar, and all that fills it; let the field exult, and everything in it! Then shall all the trees of the wood sing for joy

before the LORD, for he comes,for he comes to judge the earth.He will judge the world with righteousness, and the peoples with his truth.",repo://assets/rsvce.db,,bd126b19961e170f08a6a10e561b4330927c4fcd42e643319030d8a4f775c833,d2436bfb5af964fd8570f75ab91c38a8dcf5849fe582be74bc34e165e7eaaff5,100
local_rsvce,ps96_1_3_4_5_7_8_9_10,WORLD,,,generic,,,,"ps96:1,3,4-5,7-8,9-10",(7b) Give the Lord glory and honor.,"O sing to the LORD a new song; sing to the LORD, all the earth!

Declare his glory among the nations, his marvelous works among all the peoples!

For great is the LORD, and greatly to be praised; he is to be feared above all gods. For all the gods of the peoples are idols; but the LORD made the heavens.

Ascribe to the LORD, O families of the peoples, ascribe to the LORD glory and strength! Ascribe to the LORD the glory due his name; bring an offering, and come into his courts!

Worship the LORD in holy array; tremble before him, all the earth! Say among the nations, ""The LORD reigns!Yea, the world is established, it shall never be moved; he will judge the peoples with equity.""",repo://assets/rsvce.db,,c3adb19e49744ad451200dc17a4287569185beb6925ff5146110407a01d63c52,a5261e515fbe213b9dc0fdf8768cc7bd9692858b3cd52a0b114dee607e9122b2,100
local_rsvce,ps96_1_3_4_5_7_8_9_10a,WORLD,,,generic,,,,"ps96:1,3,4-5,7-8,9-10a",Give the Lord glory and power.,"O sing to the LORD a new song; sing to the LORD, all the earth!

Declare his glory among the nations, his marvelous works among all the peoples!

For great is the LORD, and greatly to be praised; he is to be feared above all gods. For all the gods of the peoples are idols; but the LORD made the heavens.

Ascribe to the LORD, O families of the peoples, ascribe to the LORD glory and strength! Ascribe to the LORD the glory due his name; bring an offering, and come into his courts!

Worship the LORD in holy array; tremble before him, all the earth! Say among the nations, ""The LORD reigns!Yea, the world is established, it shall never be moved; he will judge the peoples with equity.""",repo://assets/rsvce.db,,6d81aeef7c22e6adc6aa49b3b6fa02ed1a06f279f30cc2b838ec6ed658bd7347,7700d5176d5ef05427f59906d3278d48773a0c619aeb73156240638e512e2ba7,100
local_rsvce,ps96_7_8_9_10ab_10c_12a,WORLD,,,generic,,,,"ps96:7-8,9-10ab,10c-12a",Let heaven and earth exult in joy!,"Ascribe to the LORD, O families of the peoples, ascribe to the LORD glory and strength! Ascribe to the LORD the glory due his name; bring an offering, and come into his courts!

Worship the LORD in holy array; tremble before him, all the earth! Say among the nations, ""The LORD reigns!Yea, the world is established, it shall never be moved; he will judge the peoples with equity.""

Say among the nations, ""The LORD reigns!Yea, the world is established, it shall never be moved; he will judge the peoples with equity."" Let the heavens be glad, and let the earth rejoice; let the sea roar, and all that fills it; let the field exult, and everything in it! Then shall all the trees of the wood sing for joy",repo://assets/rsvce.db,,4b056d997bcc73b2a9665e9cc68b8fb4334acc27458d8cb4f4d21b52d9afd43a,b0b960009745b9069df59774aaa18e9c4db08d2c8d088164b40abfbdef2dbed5,100
local_rsvce,ps96_7_8a_8b_9_10,WORLD,,,generic,,,,"ps96:7-8a,8b-9,10",Let the heavens be glad and the earth rejoice!,"Ascribe to the LORD, O families of the peoples, ascribe to the LORD glory and strength! Ascribe to the LORD the glory due his name; bring an offering, and come into his courts!

Ascribe to the LORD the glory due his name; bring an offering, and come into his courts! Worship the LORD in holy array; tremble before him, all the earth!

Say among the nations, ""The LORD reigns!Yea, the world is established, it shall never be moved; he will judge the peoples with equity.""",repo://assets/rsvce.db,,e584541b5dcd3413884843407450bd85c1362ac61c4eaba16faf205f42266f46,994641884db95c4ef5007c82811eef01c424656bed4948183401662d4acab77c,100
local_rsvce,ps97_1_2_3_4_5_6_7,WORLD,,,generic,,,,"ps97:1-2,3-4,5-6,7","Rejoice in the Lord, you just.","The LORD reigns; let the earth rejoice; let the many coastlands be glad! Clouds and thick darkness are round about him; righteousness and justice are the foundation of his throne.

Fire goes before him, and burns up his adversaries round about. His lightnings lighten the world; the earth sees and trembles.

The mountains melt like wax before the LORD, before the Lord of all the earth. The heavens proclaim his righteousness; and all the peoples behold his glory.

All worshipers of images are put to shame, who make their boast in worthless idols; all gods bow down before him.",repo://assets/rsvce.db,,a8ba4bbed2b1c90dd1809158d025472188445878e7ce2d7e968fc614a013fdd1,60acb7512ca3b316944a24538a4e01223deaf5976fce097a7b2a8319170bbbd4,100
local_rsvce,ps97_1_2_3_4_5_6_7_8a,WORLD,,,generic,,,,"ps97:1-2,3-4,5-6,7-8a",Let the just rejoice in the Lord.,"The LORD reigns; let the earth rejoice; let the many coastlands be glad! Clouds and thick darkness are round about him; righteousness and justice are the foundation of his throne.

Fire goes before him, and burns up his adversaries round about. His lightnings lighten the world; the earth sees and trembles.

The mountains melt like wax before the LORD, before the Lord of all the earth. The heavens proclaim his righteousness; and all the peoples behold his glory.

All worshipers of images are put to shame, who make their boast in worthless idols; all gods bow down before him. Zion hears and is glad, and the daughters of Judah rejoice, because of thy judgments, O God.",repo://assets/rsvce.db,,bc4815ddce8e320e24ceb836204ba6b47fbb9016e7e59f8664e34fc7c12cf1d0,0b8162bb6d9e4b1d56bfb77c64badb995231fd00abdb5d96084edf7a45d37406,100
local_rsvce,ps97_1_2_5_6_11_12,WORLD,,,generic,,,,"ps97:1-2,5-6,11-12",Let the just rejoice in the Lord.,"The LORD reigns; let the earth rejoice; let the many coastlands be glad! Clouds and thick darkness are round about him; righteousness and justice are the foundation of his throne.

The mountains melt like wax before the LORD, before the Lord of all the earth. The heavens proclaim his righteousness; and all the peoples behold his glory.

Light dawns for the righteous, and joy for the upright in heart. Rejoice in the LORD, O you righteous, and give thanks to his holy name!",repo://assets/rsvce.db,,fe493d9c657cefad7baf1046470d4269a54f86632ddcc9476dc0d872cee2f5a1,b6edab5b941cbaab44497d1975327d424c1c56c3b58f52118dee113b2183dc0b,100
local_rsvce,ps97_1_2_5_6_9,WORLD,,,generic,,,,"ps97:1-2,5-6,9",(5) The angel of the Lord will rescue those who fear him.,"The LORD reigns; let the earth rejoice; let the many coastlands be glad! Clouds and thick darkness are round about him; righteousness and justice are the foundation of his throne.

The mountains melt like wax before the LORD, before the Lord of all the earth. The heavens proclaim his righteousness; and all the peoples behold his glory.

For thou, O LORD, art most high over all the earth; thou art exalted far above all gods.",repo://assets/rsvce.db,,cb304d5adadaa3121747acd4fcd0efec348455ac6e03bef2e26c85881471ed2f,8656878ab05981fd4bdf73accdff6c6c9b69b025f4fa31aa1cc646bb422a51aa,100
local_rsvce,ps97_1_2_5_6_9_11,WORLD,,,generic,,,,"ps97:1-2,5-6,9+11","The Lord is king, the most high over all the earth.","The LORD reigns; let the earth rejoice; let the many coastlands be glad! Clouds and thick darkness are round about him; righteousness and justice are the foundation of his throne.

The mountains melt like wax before the LORD, before the Lord of all the earth. The heavens proclaim his righteousness; and all the peoples behold his glory.

For thou, O LORD, art most high over all the earth; thou art exalted far above all gods. Light dawns for the righteous, and joy for the upright in heart.",repo://assets/rsvce.db,,e0499eba68513a4f4278495f06036a5b9f259fb86abc30cd6cf0d6f7210a8306,b6f4b7a71dc9da67b62d0e2a43125aad3be910060832afd5158e6c06df934007,100
local_rsvce,ps97_1_2_6_7_9,WORLD,,,generic,,,,"ps97:1-2,6-7,9","The Lord is king, most high above all the earth.","The LORD reigns; let the earth rejoice; let the many coastlands be glad! Clouds and thick darkness are round about him; righteousness and justice are the foundation of his throne.

The heavens proclaim his righteousness; and all the peoples behold his glory. All worshipers of images are put to shame, who make their boast in worthless idols; all gods bow down before him.

For thou, O LORD, art most high over all the earth; thou art exalted far above all gods.",repo://assets/rsvce.db,,a538312842c264b7a6adfe6837c701260be17727e2859aced0191367679ebc0a,65de91996780f38ea9ba39cfeadfd737e7c4f0cad98645e1d745d762351a872b,100
local_rsvce,ps97_1_2_6_7ac_8bc_9,WORLD,,,generic,,,,"ps97:1-2,6+7ac,8bc-9","Worship the Lord, all angels of God.","The LORD reigns; let the earth rejoice; let the many coastlands be glad! Clouds and thick darkness are round about him; righteousness and justice are the foundation of his throne.

The heavens proclaim his righteousness; and all the peoples behold his glory. All worshipers of images are put to shame, who make their boast in worthless idols; all gods bow down before him.

Zion hears and is glad, and the daughters of Judah rejoice, because of thy judgments, O God. For thou, O LORD, art most high over all the earth; thou art exalted far above all gods.",repo://assets/rsvce.db,,9fa1e69bc36dbcd6209c37a3f9ff887c683a1f81480699b992eb2f9821572996,96b5b7d4e8a037f8fbecc43b8cc7bd3dbe00db96450bb808c6e5fb24d9076531,100
local_rsvce,ps97_1_2b_5_6_10_11_12,WORLD,,,generic,,,,"ps97:1+2b,5-6,10,11-12",Let the just rejoice in the Lord.,"The LORD reigns; let the earth rejoice; let the many coastlands be glad! Clouds and thick darkness are round about him; righteousness and justice are the foundation of his throne.

The mountains melt like wax before the LORD, before the Lord of all the earth. The heavens proclaim his righteousness; and all the peoples behold his glory.

The LORD loves those who hate evil; he preserves the lives of his saints; he delivers them from the hand of the wicked.

Light dawns for the righteous, and joy for the upright in heart. Rejoice in the LORD, O you righteous, and give thanks to his holy name!",repo://assets/rsvce.db,,da1a9b4642b7b4b2efae7a43228f5f403b8e9fdf9aa06f80ffba91f83960ec2a,e13d5f7e8cbcbce540073c787adfa4c2c2186f6f2c77a5612b67c1250011d87f,100
local_rsvce,ps97_1_2b_6_7c_9,WORLD,,,generic,,,,"ps97:1,2b,6,7c,9",Let all his angels worship him.,"The LORD reigns; let the earth rejoice; let the many coastlands be glad!

Clouds and thick darkness are round about him; righteousness and justice are the foundation of his throne.

The heavens proclaim his righteousness; and all the peoples behold his glory.

All worshipers of images are put to shame, who make their boast in worthless idols; all gods bow down before him.

For thou, O LORD, art most high over all the earth; thou art exalted far above all gods.",repo://assets/rsvce.db,,f8b5e8233ea10501a6ddc91293486ead13b0e2a14ac66789ea7cbfab7327dbef,c8273dbf7511348ede91cd716acaff1bf67eb2afe28664e4bc3e12c7416eca5d,100
local_rsvce,ps97_1_6_11_12,WORLD,,,generic,,,,"ps97:1,6,11-12",A light will shine on us this day: the Lord is born for us.,"The LORD reigns; let the earth rejoice; let the many coastlands be glad!

The heavens proclaim his righteousness; and all the peoples behold his glory.

Light dawns for the righteous, and joy for the upright in heart. Rejoice in the LORD, O you righteous, and give thanks to his holy name!",repo://assets/rsvce.db,,83591bdceaf560067350bc55037ae689515442a5845bc3de38bbe7c49b8bf65e,f9c5bb9c887ca189803e3b78073e796256d015c0a0b3955c8316bd961b1896c9,100
local_rsvce,ps98_1_2_3_3_4,WORLD,,,generic,,,,"ps98:1,2-3,3-4",The Lord has revealed to the nations his saving power.,"O sing to the LORD a new song,for he has done marvelous things! His right hand and his holy arm have gotten him victory.

The LORD has made known his victory, he has revealed his vindication in the sight of the nations. He has remembered his steadfast loveand faithfulness to the house of Israel. All the ends of the earth have seen the victory of our God.

He has remembered his steadfast loveand faithfulness to the house of Israel. All the ends of the earth have seen the victory of our God. Make a joyful noise to the LORD, all the earth; break forth into joyous song and sing praises!",repo://assets/rsvce.db,,7db3ab09e114eaad4440510b06cca5fcf489196d6700340d90dec78e0a60e58a,6e31808d91ee8ae14ab7e802432bdc4c6a6be7e0c8361dc74cd287338f8c337d,100
local_rsvce,ps98_1_2_3_3_4_5_6,WORLD,,,generic,,,,"ps98:1,2-3,3-4,5-6",(3c) All the ends of the earth have seen the saving power of God.,"O sing to the LORD a new song,for he has done marvelous things! His right hand and his holy arm have gotten him victory.

The LORD has made known his victory, he has revealed his vindication in the sight of the nations. He has remembered his steadfast loveand faithfulness to the house of Israel. All the ends of the earth have seen the victory of our God.

He has remembered his steadfast loveand faithfulness to the house of Israel. All the ends of the earth have seen the victory of our God. Make a joyful noise to the LORD, all the earth; break forth into joyous song and sing praises!

Sing praises to the LORD with the lyre, with the lyre and the sound of melody! With trumpets and the sound of the horn make a joyful noise before the King,  the LORD!",repo://assets/rsvce.db,,f6d0daa79d41808f52689a4b49f749778f143e91bf008b4251f346af6214b619,39c67166e8002636c4751f89f46a7f1f8da4d6934f743a7f1f5c7b01671a05fa,100
local_rsvce,ps98_1_2_3a_3b_4_5_6,WORLD,,,generic,,,,"ps98:1,2-3a,3b-4,5-6",The Lord has made known his salvation.,"O sing to the LORD a new song,for he has done marvelous things! His right hand and his holy arm have gotten him victory.

The LORD has made known his victory, he has revealed his vindication in the sight of the nations. He has remembered his steadfast loveand faithfulness to the house of Israel. All the ends of the earth have seen the victory of our God.

He has remembered his steadfast loveand faithfulness to the house of Israel. All the ends of the earth have seen the victory of our God. Make a joyful noise to the LORD, all the earth; break forth into joyous song and sing praises!

Sing praises to the LORD with the lyre, with the lyre and the sound of melody! With trumpets and the sound of the horn make a joyful noise before the King,  the LORD!",repo://assets/rsvce.db,,dd0329b6ba3215fbafa151ec9c3aa22a0d3d9989043d493426ebe7c02e0acb05,ecbf042d784d5491c68f448c11dc4d3c7b256bdde43bf7f5200e3e7b53137fd8,100
local_rsvce,ps98_1_2_3ab_3c_4,WORLD,,,generic,,,,"ps98:1,2-3ab,3c-4",The Lord has made known his salvation.,"O sing to the LORD a new song,for he has done marvelous things! His right hand and his holy arm have gotten him victory.

The LORD has made known his victory, he has revealed his vindication in the sight of the nations. He has remembered his steadfast loveand faithfulness to the house of Israel. All the ends of the earth have seen the victory of our God.

He has remembered his steadfast loveand faithfulness to the house of Israel. All the ends of the earth have seen the victory of our God. Make a joyful noise to the LORD, all the earth; break forth into joyous song and sing praises!",repo://assets/rsvce.db,,b6d920dc67d729788fb263f7b26c0a147ee073643707fc0063896ed3d0591efc,ecfef6e51a55d9a03d37a0ad9c66575d82aff947a3ea91c9b581cc2b636dbeb9,100
local_rsvce,ps98_1_2_3ab_3c_4_5_6,WORLD,,,generic,,,,"ps98:1,2-3ab,3c-4,5-6",The Lord has revealed to the nations his saving power.,"O sing to the LORD a new song,for he has done marvelous things! His right hand and his holy arm have gotten him victory.

The LORD has made known his victory, he has revealed his vindication in the sight of the nations. He has remembered his steadfast loveand faithfulness to the house of Israel. All the ends of the earth have seen the victory of our God.

He has remembered his steadfast loveand faithfulness to the house of Israel. All the ends of the earth have seen the victory of our God. Make a joyful noise to the LORD, all the earth; break forth into joyous song and sing praises!

Sing praises to the LORD with the lyre, with the lyre and the sound of melody! With trumpets and the sound of the horn make a joyful noise before the King,  the LORD!",repo://assets/rsvce.db,,49837984253fff9c5220e0449d3b32aa2da4abf1a6c243a73653a4cf570b9128,7b30e1797d8b1ade6a438e41fc286f638cae0fe7996b29c4c533acc178076815,100
local_rsvce,ps98_1_2_3ab_3cd_4,WORLD,,,generic,,,,"ps98:1,2-3ab,3cd-4","(1) Sing to the Lord a new song, for he has done marvelous deeds.","O sing to the LORD a new song,for he has done marvelous things! His right hand and his holy arm have gotten him victory.

The LORD has made known his victory, he has revealed his vindication in the sight of the nations. He has remembered his steadfast loveand faithfulness to the house of Israel. All the ends of the earth have seen the victory of our God.

He has remembered his steadfast loveand faithfulness to the house of Israel. All the ends of the earth have seen the victory of our God. Make a joyful noise to the LORD, all the earth; break forth into joyous song and sing praises!",repo://assets/rsvce.db,,c8c0b6516813c3ba0cda5d9b02aa63f1d57fdc86a90533321dfbb00c1222c561,024bca2b7ff1a36d527b023222d1d4659c256caea5458de8c94567dec8bc02d5,100
local_rsvce,ps98_1_2_3ab_3cd_4_5_6,WORLD,,,generic,,,,"ps98:1,2-3ab,3cd-4,5-6","Sing to the Lord a new song,","O sing to the LORD a new song,for he has done marvelous things! His right hand and his holy arm have gotten him victory.

The LORD has made known his victory, he has revealed his vindication in the sight of the nations. He has remembered his steadfast loveand faithfulness to the house of Israel. All the ends of the earth have seen the victory of our God.

He has remembered his steadfast loveand faithfulness to the house of Israel. All the ends of the earth have seen the victory of our God. Make a joyful noise to the LORD, all the earth; break forth into joyous song and sing praises!

Sing praises to the LORD with the lyre, with the lyre and the sound of melody! With trumpets and the sound of the horn make a joyful noise before the King,  the LORD!",repo://assets/rsvce.db,,5c8161d2b11fb9a95122b9576123f2a07d4f1716f6e5d41f74a7d87a805ebfbc,5178164c371209785cbe822814076964fbdb6681e31aeb8417f482eb4186eff9,100
local_rsvce,ps98_1_2_3ab_7_8_9,WORLD,,,generic,,,,"ps98:1,2-3ab,7-8,9","Great and wonderful are all your works,","O sing to the LORD a new song,for he has done marvelous things! His right hand and his holy arm have gotten him victory.

The LORD has made known his victory, he has revealed his vindication in the sight of the nations. He has remembered his steadfast loveand faithfulness to the house of Israel. All the ends of the earth have seen the victory of our God.

Let the sea roar, and all that fills it; the world and those who dwell in it! Let the floods clap their hands; let the hills sing for joy together

before the LORD, for he comes to judge the earth.He will judge the world with righteousness, and the peoples with equity.",repo://assets/rsvce.db,,5318eb48afdc7992d121703fac8298784173171753318d089e1a2fdb146599ad,75f59cb1e40ec80dbdf5004c27af50f6df6161bd8b10687ae774f287a457e0fc,100
local_rsvce,ps98_1_2b_3ab_3cd_4,WORLD,,,generic,,,,"ps98:1,2b,3ab,3cd-4",The Lord is compassionate and gracious,"O sing to the LORD a new song,for he has done marvelous things! His right hand and his holy arm have gotten him victory.

The LORD has made known his victory, he has revealed his vindication in the sight of the nations.

He has remembered his steadfast loveand faithfulness to the house of Israel. All the ends of the earth have seen the victory of our God.

He has remembered his steadfast loveand faithfulness to the house of Israel. All the ends of the earth have seen the victory of our God. Make a joyful noise to the LORD, all the earth; break forth into joyous song and sing praises!",repo://assets/rsvce.db,,33a5f6abcc7bd828ca2dfd72b79510054af6cbf741b8f2eaf472e1a7da444d55,5a2d41748b1697f5115def9e60ce88b1cb27271eb88f812f9aa778eba4407a09,100
local_rsvce,ps98_1_3cd_4_5_6,WORLD,,,generic,,,,"ps98:1,3cd-4,5-6",All the ends of the earth have seen,"O sing to the LORD a new song,for he has done marvelous things! His right hand and his holy arm have gotten him victory.

He has remembered his steadfast loveand faithfulness to the house of Israel. All the ends of the earth have seen the victory of our God. Make a joyful noise to the LORD, all the earth; break forth into joyous song and sing praises!

Sing praises to the LORD with the lyre, with the lyre and the sound of melody! With trumpets and the sound of the horn make a joyful noise before the King,  the LORD!",repo://assets/rsvce.db,,994dfb40bd2ced785af046b457e234ae39a502295c32b9dddefe6b4df40850da,716c57f0f70980bd1cbba3ee668b30d130288f3ecea0218ac2f734df52d17c3e,100
local_rsvce,ps98_1_7_8_9,WORLD,,,generic,,,,"ps98:1,7-8,9",All the ends of the earth have seen,"O sing to the LORD a new song,for he has done marvelous things! His right hand and his holy arm have gotten him victory.

Let the sea roar, and all that fills it; the world and those who dwell in it! Let the floods clap their hands; let the hills sing for joy together

before the LORD, for he comes to judge the earth.He will judge the world with righteousness, and the peoples with equity.",repo://assets/rsvce.db,,9678230e23c9ec83006eaa188548e3fc0fb2932f45c26f30df346bcde5fe1f70,a019eeeff4ad695c17fd6b235ad7d6da4d94032e191ad8b48f9ca0a0d6396039,100
local_rsvce,ps98_1bcde_2_3ab_3cd_4,WORLD,,,generic,,,,"ps98:1bcde,2-3ab,3cd-4","O sing a new song to the Lord, for he has worked wonders.","O sing to the LORD a new song,for he has done marvelous things! His right hand and his holy arm have gotten him victory.

The LORD has made known his victory, he has revealed his vindication in the sight of the nations. He has remembered his steadfast loveand faithfulness to the house of Israel. All the ends of the earth have seen the victory of our God.

He has remembered his steadfast loveand faithfulness to the house of Israel. All the ends of the earth have seen the victory of our God. Make a joyful noise to the LORD, all the earth; break forth into joyous song and sing praises!",repo://assets/rsvce.db,,e5c3644deeecae096674871309df973a0409bb95a3b6e4a21230bf2a3aaa1b62,889bb351cae8729192432ba3d0e7a3e97f64e8f3e1a8b97e26c812faa5573725,100
local_rsvce,ps98_2_3ab_3cd_4_5_6,WORLD,,,generic,,,,"ps98:2-3ab,3cd-4,5-6",The Lord has made known his salvation.,"The LORD has made known his victory, he has revealed his vindication in the sight of the nations. He has remembered his steadfast loveand faithfulness to the house of Israel. All the ends of the earth have seen the victory of our God.

He has remembered his steadfast loveand faithfulness to the house of Israel. All the ends of the earth have seen the victory of our God. Make a joyful noise to the LORD, all the earth; break forth into joyous song and sing praises!

Sing praises to the LORD with the lyre, with the lyre and the sound of melody! With trumpets and the sound of the horn make a joyful noise before the King,  the LORD!",repo://assets/rsvce.db,,8725d24d9c44438d89c1081ad38989c863398636c6a43a0e0f24a5a8c6623d3c,295ef05a10be609667a4db64ae413c3de1235da971bad134a8ae0a28b207b5eb,100
local_rsvce,ps98_5_6_7_8_9,WORLD,,,generic,,,,"ps98:5-6,7-8,9",The Lord comes to rule the earth with justice.,"Sing praises to the LORD with the lyre, with the lyre and the sound of melody! With trumpets and the sound of the horn make a joyful noise before the King,  the LORD!

Let the sea roar, and all that fills it; the world and those who dwell in it! Let the floods clap their hands; let the hills sing for joy together

before the LORD, for he comes to judge the earth.He will judge the world with righteousness, and the peoples with equity.",repo://assets/rsvce.db,,0755db54055da384f7c9569ca7601b15a5cad1b6d6927cdb840bc75d55126531,3cd3fe37edb8fed389f34e953e6dbb936ba73619c0ed1599e6bd17431472fc8e,100
local_rsvce,ps99_5_6_7_8_9,WORLD,,,generic,,,,"ps99:5,6,7,8,9",Holy is the Lord our God.,"Extol the LORD our God; worship at his footstool! Holy is he!

Moses and Aaron were among his priests,Samuel also was among those who called on his name. They cried to the LORD, and he answered them.

He spoke to them in the pillar of cloud; they kept his testimonies, and the statutes that he gave them.

O LORD our God, thou didst answer them;thou wast a forgiving God to them, but an avenger of their wrongdoings.

Extol the LORD our God, and worship at his holy mountain; for the LORD our God is holy!",repo://assets/rsvce.db,,2cc364d2e49483df30afb6ea1d7280f69d5899b60395f191c6f605cd2fedf1a8,a3c2e6f78d43b4b59f97c88c6f5db9ff5b8502f4472f2a17c0b372ba2a92f6db,100
local_rsvce,ps99_5_6_7_9,WORLD,,,generic,,,,"ps99:5,6,7,9",Holy is the Lord our God.,"Extol the LORD our God; worship at his footstool! Holy is he!

Moses and Aaron were among his priests,Samuel also was among those who called on his name. They cried to the LORD, and he answered them.

He spoke to them in the pillar of cloud; they kept his testimonies, and the statutes that he gave them.

Extol the LORD our God, and worship at his holy mountain; for the LORD our God is holy!",repo://assets/rsvce.db,,aa1d5bccee6843a415b2d87e66df4f93a937ab3f95530b967f58f30fe3a7d131,dad0f44235c8cda8adaab03d44a980a9b7cd0bafa5615e3ebb6208ec62f5614f,100
local_rsvce,ps9_1_2_3_5_16_18,WORLD,,,generic,,,,"ps9:1-2,3+5,16+18","I will rejoice in your salvation, O Lord.","I will give thanks to the LORD with my whole heart; I will tell of all thy wonderful deeds. I will be glad and exult in thee, I will sing praise to thy name, O Most High.

I will be glad and exult in thee, I will sing praise to thy name, O Most High. For thou hast maintained my just cause; thou hast sat on the throne giving righteous judgment.

The nations have sunk in the pit which they made; in the net which they hid has their own foot been caught. The wicked shall depart to Sheol, all the nations that forget God.",repo://assets/rsvce.db,,5fa2ed088d7ac2a60e00509b3b72f0fc091f4215411d7d358678c641e9865fa9,9391b3ff6c48e41d3e725b309eb7a7ff7ea5f925b5c1021e15c2593311ddb201,100
local_rsvce,ps9_1_2_5_15_7_8,WORLD,,,generic,,,,"ps9:1-2,5+15,7-8",The Lord will judge the world with justice.,"I will give thanks to the LORD with my whole heart; I will tell of all thy wonderful deeds. I will be glad and exult in thee, I will sing praise to thy name, O Most High.

For thou hast maintained my just cause; thou hast sat on the throne giving righteous judgment. that I may recount all thy praises,that in the gates of the daughter of Zion I may rejoice in thy deliverance.

The enemy have vanished in everlasting ruins;their cities thou hast rooted out; the very memory of them has perished. But the LORD sits enthroned for ever, he has established his throne for judgment;",repo://assets/rsvce.db,,bf3782402dd5892a79175db87ec1d79fe46998d21f50482ea5fbf4ff2e499794,72a48bf0e48f279dc2a8e7a0178128826c1e6cf6c0a4611c2fefa971c47d0c70,100
local_rsvce,ps9_2_3_4_6_16_19,WORLD,,,generic,,,,"ps9:2-3,4,6,16,19","I will rejoice in your salvation, O Lord.","I will give thanks to the LORD with my whole heart; I will tell of all thy wonderful deeds. I will be glad and exult in thee, I will sing praise to thy name, O Most High.

When my enemies turned back, they stumbled and perished before thee.

Thou hast rebuked the nations,thou hast destroyed the wicked; thou hast blotted out their name for ever and ever.

The nations have sunk in the pit which they made; in the net which they hid has their own foot been caught.

For the needy shall not always be forgotten, and the hope of the poor shall not perish for ever.",repo://assets/rsvce.db,,30901dc85735550fb9d59ee38a58ecdc0be3ee40acc95a0e2256e8b83a4b35fa,f12a4a120b22ad177b3ae99555119d3087894d2dc1ed9e6721f31db7bf8f1bda,100
local_rsvce,ps9_2_3_6_16_8_9,WORLD,,,generic,,,,"ps9:2-3,6,16,8-9",The Lord will judge the world with justice,"I will give thanks to the LORD with my whole heart; I will tell of all thy wonderful deeds. I will be glad and exult in thee, I will sing praise to thy name, O Most High.

Thou hast rebuked the nations,thou hast destroyed the wicked; thou hast blotted out their name for ever and ever.

The nations have sunk in the pit which they made; in the net which they hid has their own foot been caught.

But the LORD sits enthroned for ever, he has established his throne for judgment; and he judges the world with righteousness, he judges the peoples with equity.",repo://assets/rsvce.db,,c199872db5625eb594b17e0458ae75671fd1ef7b7960a0b55b673a4427ceda55,8e7f070e8216e9ac9ee1d7e7885abf4793397facbbf0179cf7177ee8b03d0c4e,100
local_rsvce,ps9_7_8_9_10_11_12,WORLD,,,generic,,,,"ps9:7-8,9-10,11-12","You will never abandon those who seek you, Lord.","The enemy have vanished in everlasting ruins;their cities thou hast rooted out; the very memory of them has perished. But the LORD sits enthroned for ever, he has established his throne for judgment;

and he judges the world with righteousness, he judges the peoples with equity. The LORD is a stronghold for the oppressed, a stronghold in times of trouble.

And those who know thy name put their trust in thee, for thou, O LORD, hast not forsaken those who seek thee. Sing praises to the LORD, who dwells in Zion! Tell among the peoples his deeds!",repo://assets/rsvce.db,,edd6abd1923b84e72f472066b49f13c47e8c4c720ec13e85db5a69df690a8fbf,dd831016cb792e1085ca6e43ba5a07c76ab28f8f1defe76f9659da28156c41b2,100
local_rsvce,ps9_8_9_10_11_12_13,WORLD,,,generic,,,,"ps9:8-9,10-11,12-13","You will not forsake those who seek you, O Lord.","But the LORD sits enthroned for ever, he has established his throne for judgment; and he judges the world with righteousness, he judges the peoples with equity.

The LORD is a stronghold for the oppressed, a stronghold in times of trouble. And those who know thy name put their trust in thee, for thou, O LORD, hast not forsaken those who seek thee.

Sing praises to the LORD, who dwells in Zion! Tell among the peoples his deeds! For he who avenges blood is mindful of them; he does not forget the cry of the afflicted.",repo://assets/rsvce.db,,1ed3c761bb72428876af3111402a494447708d98561ccdc0ba995248e926c6b1,d8e1ce2d6a8a95121dbd2228895af6bcbb5fdd7d2314ae07c8fd6dc37f28ade6,100
local_rsvce,tob13_2_3_4a_6_8,WORLD,,,generic,,,,"tob13:2,3-4a,6,8","Blessed be God, who lives for ever.","For he afflicts, and he shows mercy; he leads down to Hades, and brings up again, and there is no one who can escape his hand.

Acknowledge him before the nations, O sons of Israel; for he has scattered us among them.4 Make his greatness known there, and exalt him in the presence of all the living; because he is our Lord and God, he is our Father for ever.

If you turn to him with all your heart and with all your soul, to do what is true before him, then he will turn to you and will not hide his face from you. But see what he will do with you; give thanks to him with your full voice. Praise the Lord of righteousness, and exalt the King of the ages. I give him thanks in the land of my captivity, and I show his power and majesty to a nation of sinners. Turn back, you sinners, and do right before him; who knows if he will accept you and have mercy on you?

Let all men speak, and give him thanks in Jerusalem.",repo://assets/rsvce.db,,02c7eed43c7e2dedcd1cd7bfcdc97a8d427f693adb34abf50bff80b331a346d7,aafb8a049f7b4d7ec0cc572c6fcf16f0b38a8060a4bfba8b4e8dcefda89d754e,100
