date,primary_source_status,primary_source_url,catholic_leaf_status,catholic_leaf_url,catholic_gallery_status,catholic_gallery_url,nigeria_calendar_status,nigeria_calendar_title,verification_status,notes
2024-01-01,not_in_current_live_collection,,recovered,https://www.catholicleaf.com/catholic-mass-readings-and-reflection-january-01-2024/,recovered,https://www.catholicgallery.org/mass-reading/010124/,recovered,"Mary, the Holy Mother of God Solemnity",two_secondary_sources,
2024-01-02,not_in_current_live_collection,,recovered,https://www.catholicleaf.com/catholic-mass-readings-and-reflection-january-02-2024/,recovered,https://www.catholicgallery.org/mass-reading/020124/,recovered,"Saints Basil the Great and Gregory Nazianzen, Bishops, Doctors",two_secondary_sources,
2024-01-03,not_in_current_live_collection,,recovered,https://www.catholicleaf.com/catholic-mass-readings-and-reflection-january-03-2024/,recovered,https://www.catholicgallery.org/mass-reading/030124/,recovered,3 January or The Most Holy Name of Jesus,two_secondary_sources,
2024-01-04,not_in_current_live_collection,,recovered,https://www.catholicleaf.com/catholic-mass-readings-and-reflection-january-04-2024/,recovered,https://www.catholicgallery.org/mass-reading/040124/,recovered,4 January,two_secondary_sources,
2024-01-05,not_in_current_live_collection,,recovered,https://www.catholicleaf.com/catholic-mass-readings-and-reflection-january-05-2024/,recovered,https://www.catholicgallery.org/mass-reading/050124/,recovered,5 January,two_secondary_sources,
2024-01-06,not_in_current_live_collection,,recovered,https://www.catholicleaf.com/catholic-mass-readings-and-reflection-january-06-2024/,recovered,https://www.catholicgallery.org/mass-reading/060124/,recovered,6 January (before Epiphany),two_secondary_sources,
2024-01-07,not_in_current_live_collection,,recovered,https://www.catholicleaf.com/mass-readings-and-reflection-january-07-2024/,recovered,https://www.catholicgallery.org/mass-reading/070124/,recovered,The Epiphany of the Lord Solemnity,two_secondary_sources,
2024-01-08,not_in_current_live_collection,,unavailable,,recovered,https://www.catholicgallery.org/mass-reading/080124/,recovered,The Baptism of the Lord Feast,one_secondary_source,
2024-01-09,not_in_current_live_collection,,unavailable,,recovered,https://www.catholicgallery.org/mass-reading/090124/,recovered,Tuesday of week 1 in Ordinary Time,one_secondary_source,
2024-01-10,not_in_current_live_collection,,recovered,https://www.catholicleaf.com/catholic-mass-readings-and-reflection-january-10-2024/,recovered,https://www.catholicgallery.org/mass-reading/100124/,recovered,Wednesday of week 1 in Ordinary Time,two_secondary_sources,
2024-01-11,not_in_current_live_collection,,recovered,https://www.catholicleaf.com/catholic-mass-readings-and-reflection-january-11-2024/,recovered,https://www.catholicgallery.org/mass-reading/110124/,recovered,Thursday of week 1 in Ordinary Time,two_secondary_sources,
2024-01-12,not_in_current_live_collection,,recovered,https://www.catholicleaf.com/mass-readings-and-reflection-january-12-2024/,recovered,https://www.catholicgallery.org/mass-reading/120124/,recovered,Friday of week 1 in Ordinary Time,two_secondary_sources,
2024-01-13,not_in_current_live_collection,,recovered,https://www.catholicleaf.com/catholic-mass-readings-and-reflection-january-13-2024/,recovered,https://www.catholicgallery.org/mass-reading/130124/,recovered,"Saturday of week 1 in Ordinary Time or Saint Hilary, Bishop, Doctor or Saturday memorial of the Blessed Virgin Mary",two_secondary_sources,
2024-01-14,not_in_current_live_collection,,recovered,https://www.catholicleaf.com/mass-readings-and-reflection-january-14-2024/,recovered,https://www.catholicgallery.org/mass-reading/140124/,recovered,2nd Sunday in Ordinary Time,two_secondary_sources,
2024-01-15,not_in_current_live_collection,,recovered,https://www.catholicleaf.com/catholic-mass-readings-and-reflection-january-14-2024/,recovered,https://www.catholicgallery.org/mass-reading/150124/,recovered,Monday of week 2 in Ordinary Time,two_secondary_sources,
2024-01-16,not_in_current_live_collection,,recovered,https://www.catholicleaf.com/mass-readings-and-reflection-january-16-2024/,recovered,https://www.catholicgallery.org/mass-reading/160124/,recovered,Tuesday of week 2 in Ordinary Time,two_secondary_sources,
2024-01-17,not_in_current_live_collection,,recovered,https://www.catholicleaf.com/mass-readings-and-reflection-january-17-2024/,recovered,https://www.catholicgallery.org/mass-reading/170124/,recovered,"Saint Antony, Abbot",two_secondary_sources,
2024-01-18,not_in_current_live_collection,,recovered,https://www.catholicleaf.com/mass-readings-and-reflection-january-18-2024/,recovered,https://www.catholicgallery.org/mass-reading/180124/,recovered,Thursday of week 2 in Ordinary Time,two_secondary_sources,
2024-01-19,not_in_current_live_collection,,recovered,https://www.catholicleaf.com/mass-readings-and-reflection-january-19-2024/,recovered,https://www.catholicgallery.org/mass-reading/190124/,recovered,"Friday of week 2 in Ordinary Time or Saint Fabian, Pope, Martyr or Saint Sebastian, Martyr",two_secondary_sources,
2024-01-20,not_in_current_live_collection,,recovered,https://www.catholicleaf.com/mass-readings-and-reflection-january-20-2024/,recovered,https://www.catholicgallery.org/mass-reading/200124/,recovered,"Blessed Cyprian Michael Iwene Tansi, Priest Feast",two_secondary_sources,
2024-01-21,not_in_current_live_collection,,recovered,https://www.catholicleaf.com/mass-readings-and-reflection-january-21-2024/,recovered,https://www.catholicgallery.org/mass-reading/210124/,recovered,3rd Sunday in Ordinary Time (Sunday of the Word of God),two_secondary_sources,
2024-01-22,not_in_current_live_collection,,recovered,https://www.catholicleaf.com/mass-readings-and-reflection-january-22-2024/,recovered,https://www.catholicgallery.org/mass-reading/220124/,recovered,"Monday of week 3 in Ordinary Time or Saint Vincent, Deacon, Martyr",two_secondary_sources,
2024-01-23,not_in_current_live_collection,,recovered,https://www.catholicleaf.com/mass-readings-and-reflection-january-23-2024/,recovered,https://www.catholicgallery.org/mass-reading/230124/,recovered,Tuesday of week 3 in Ordinary Time,two_secondary_sources,
2024-01-24,not_in_current_live_collection,,recovered,https://www.catholicleaf.com/mass-readings-and-reflection-january-24-2024/,recovered,https://www.catholicgallery.org/mass-reading/240124/,recovered,"Saint Francis de Sales, Bishop, Doctor",two_secondary_sources,
2024-01-25,not_in_current_live_collection,,recovered,https://www.catholicleaf.com/mass-readings-and-reflection-january-25-2024/,recovered,https://www.catholicgallery.org/mass-reading/250124/,recovered,"The Conversion of Saint Paul, Apostle Feast",two_secondary_sources,
2024-01-26,not_in_current_live_collection,,recovered,https://www.catholicleaf.com/mass-readings-and-reflection-january-26-2024/,recovered,https://www.catholicgallery.org/mass-reading/260124/,recovered,"Saints Timothy and Titus, Bishops",two_secondary_sources,
2024-01-27,not_in_current_live_collection,,recovered,https://www.catholicleaf.com/mass-readings-and-reflection-january-27-2024/,recovered,https://www.catholicgallery.org/mass-reading/270124/,recovered,"Saturday of week 3 in Ordinary Time or Saint Angela Merici, Virgin or Saturday memorial of the Blessed Virgin Mary",two_secondary_sources,
2024-01-28,not_in_current_live_collection,,recovered,https://www.catholicleaf.com/mass-readings-and-reflection-january-28-2024/,recovered,https://www.catholicgallery.org/mass-reading/280124/,recovered,4th Sunday in Ordinary Time,two_secondary_sources,
2024-01-29,not_in_current_live_collection,,recovered,https://www.catholicleaf.com/mass-readings-and-reflection-january-29-2024/,recovered,https://www.catholicgallery.org/mass-reading/290124/,recovered,Monday of week 4 in Ordinary Time,two_secondary_sources,
2024-01-30,not_in_current_live_collection,,recovered,https://www.catholicleaf.com/mass-readings-and-reflection-january-30-2024/,recovered,https://www.catholicgallery.org/mass-reading/300124/,recovered,Tuesday of week 4 in Ordinary Time,two_secondary_sources,
2024-01-31,not_in_current_live_collection,,recovered,https://www.catholicleaf.com/mass-readings-and-reflection-january-31-2024/,recovered,https://www.catholicgallery.org/mass-reading/310124/,recovered,"Saint John Bosco, Priest",two_secondary_sources,
2024-02-01,not_in_current_live_collection,,unavailable,,recovered,https://www.catholicgallery.org/mass-reading/010224/,recovered,Thursday of week 4 in Ordinary Time,one_secondary_source,
2024-02-02,not_in_current_live_collection,,recovered,https://www.catholicleaf.com/mass-readings-and-reflection-february-02-2024/,recovered,https://www.catholicgallery.org/mass-reading/020224/,recovered,The Presentation of the Lord Feast,two_secondary_sources,
2024-02-03,not_in_current_live_collection,,recovered,https://www.catholicleaf.com/mass-readings-and-reflection-february-03-2024/,recovered,https://www.catholicgallery.org/mass-reading/030224/,recovered,"Saturday of week 4 in Ordinary Time or Saint Ansgar (Oscar), Bishop or Saint Blaise, Bishop, Martyr or Saturday memorial of the Blessed Virgin Mary",two_secondary_sources,
2024-02-04,not_in_current_live_collection,,recovered,https://www.catholicleaf.com/mass-readings-and-reflection-february-04-2024/,recovered,https://www.catholicgallery.org/mass-reading/040224/,recovered,5th Sunday in Ordinary Time,two_secondary_sources,
2024-02-05,not_in_current_live_collection,,recovered,https://www.catholicleaf.com/mass-readings-and-reflection-february-05-2024/,recovered,https://www.catholicgallery.org/mass-reading/050224/,recovered,"Saint Agatha, Virgin, Martyr",two_secondary_sources,
2024-02-06,not_in_current_live_collection,,recovered,https://www.catholicleaf.com/mass-readings-and-reflection-february-06-2024/,recovered,https://www.catholicgallery.org/mass-reading/060224/,recovered,"Saints Paul Miki and his Companions, Martyrs",two_secondary_sources,
2024-02-07,not_in_current_live_collection,,recovered,https://www.catholicleaf.com/catholic-mass-readings-and-reflection-february-07-2024/,recovered,https://www.catholicgallery.org/mass-reading/070224/,recovered,Wednesday of week 5 in Ordinary Time,two_secondary_sources,
2024-02-08,not_in_current_live_collection,,recovered,https://www.catholicleaf.com/mass-readings-and-reflection-february-08-2024/,recovered,https://www.catholicgallery.org/mass-reading/080224/,recovered,"Thursday of week 5 in Ordinary Time or Saint Jerome Emilian or Saint Josephine Bakhita, Virgin",two_secondary_sources,
2024-02-09,not_in_current_live_collection,,recovered,https://www.catholicleaf.com/mass-readings-and-reflection-february-09-2024/,recovered,https://www.catholicgallery.org/mass-reading/090224/,recovered,Friday of week 5 in Ordinary Time,two_secondary_sources,
2024-02-10,not_in_current_live_collection,,recovered,https://www.catholicleaf.com/mass-readings-and-reflection-february-10-2024/,recovered,https://www.catholicgallery.org/mass-reading/100224/,recovered,"Saint Scholastica, Virgin",two_secondary_sources,
2024-02-11,not_in_current_live_collection,,recovered,https://www.catholicleaf.com/mass-readings-and-reflection-february-11-2024/,recovered,https://www.catholicgallery.org/mass-reading/110224/,recovered,6th Sunday in Ordinary Time,two_secondary_sources,
2024-02-12,not_in_current_live_collection,,recovered,https://www.catholicleaf.com/mass-readings-and-reflection-february-12-2024/,recovered,https://www.catholicgallery.org/mass-reading/120224/,recovered,Monday of week 6 in Ordinary Time,two_secondary_sources,
2024-02-13,not_in_current_live_collection,,recovered,https://www.catholicleaf.com/mass-readings-and-reflection-february-13-2024/,recovered,https://www.catholicgallery.org/mass-reading/130224/,recovered,Tuesday of week 6 in Ordinary Time,two_secondary_sources,
2024-02-14,not_in_current_live_collection,,recovered,https://www.catholicleaf.com/mass-readings-and-reflection-february-14-2024/,recovered,https://www.catholicgallery.org/mass-reading/140224/,recovered,Ash Wednesday,two_secondary_sources,
2024-02-15,not_in_current_live_collection,,recovered,https://www.catholicleaf.com/catholic-mass-readings-and-reflection-february-15-2024/,recovered,https://www.catholicgallery.org/mass-reading/150224/,recovered,Thursday after Ash Wednesday,two_secondary_sources,
2024-02-16,not_in_current_live_collection,,recovered,https://www.catholicleaf.com/mass-readings-and-reflection-february-16-2024/,recovered,https://www.catholicgallery.org/mass-reading/160224/,recovered,Friday after Ash Wednesday,two_secondary_sources,
2024-02-17,not_in_current_live_collection,,recovered,https://www.catholicleaf.com/mass-readings-and-reflection-february-17-2024/,recovered,https://www.catholicgallery.org/mass-reading/170224/,recovered,Saturday after Ash Wednesday (commemoration of The Seven Holy Founders of the Servite Order),two_secondary_sources,
2024-02-18,not_in_current_live_collection,,recovered,https://www.catholicleaf.com/mass-readings-and-reflection-february-18-2024/,recovered,https://www.catholicgallery.org/mass-reading/180224/,recovered,1st Sunday of Lent,two_secondary_sources,
2024-02-19,not_in_current_live_collection,,recovered,https://www.catholicleaf.com/mass-readings-and-reflection-february-19-2024/,recovered,https://www.catholicgallery.org/mass-reading/190224/,recovered,Monday of the 1st week of Lent,two_secondary_sources,
2024-02-20,not_in_current_live_collection,,recovered,https://www.catholicleaf.com/mass-readings-and-reflection-february-20-2024/,recovered,https://www.catholicgallery.org/mass-reading/200224/,recovered,Tuesday of the 1st week of Lent,two_secondary_sources,
2024-02-21,not_in_current_live_collection,,recovered,https://www.catholicleaf.com/mass-readings-and-reflection-february-21-2024/,recovered,https://www.catholicgallery.org/mass-reading/210224/,recovered,"Wednesday of the 1st week of Lent (commemoration of Saint Peter Damian, Bishop, Doctor)",two_secondary_sources,
2024-02-22,not_in_current_live_collection,,recovered,https://www.catholicleaf.com/mass-readings-and-reflection-february-22-2024/,recovered,https://www.catholicgallery.org/mass-reading/220224/,recovered,Saint Peter's Chair Feast,two_secondary_sources,
2024-02-23,not_in_current_live_collection,,recovered,https://www.catholicleaf.com/mass-readings-and-reflection-february-23-2024/,recovered,https://www.catholicgallery.org/mass-reading/230224/,recovered,"Friday of the 1st week of Lent (commemoration of Saint Polycarp, Bishop, Martyr)",two_secondary_sources,
2024-02-24,not_in_current_live_collection,,recovered,https://www.catholicleaf.com/mass-readings-and-reflection-february-24-2024/,recovered,https://www.catholicgallery.org/mass-reading/240224/,recovered,Saturday of the 1st week of Lent,two_secondary_sources,
2024-02-25,not_in_current_live_collection,,recovered,https://www.catholicleaf.com/mass-readings-and-reflection-february-25-2024/,recovered,https://www.catholicgallery.org/mass-reading/250224/,recovered,2nd Sunday of Lent,two_secondary_sources,
2024-02-26,not_in_current_live_collection,,recovered,https://www.catholicleaf.com/mass-readings-and-reflection-february-26-2024/,recovered,https://www.catholicgallery.org/mass-reading/260224/,recovered,Monday of the 2nd week of Lent,two_secondary_sources,
2024-02-27,not_in_current_live_collection,,recovered,https://www.catholicleaf.com/mass-readings-and-reflection-february-27-2024/,recovered,https://www.catholicgallery.org/mass-reading/270224/,recovered,"Tuesday of the 2nd week of Lent (commemoration of Saint Gregory of Narek, Abbot and Doctor of the Church)",two_secondary_sources,
2024-02-28,not_in_current_live_collection,,recovered,https://www.catholicleaf.com/mass-readings-and-reflection-february-28-2024/,recovered,https://www.catholicgallery.org/mass-reading/280224/,recovered,Wednesday of the 2nd week of Lent,two_secondary_sources,
2024-02-29,not_in_current_live_collection,,recovered,https://www.catholicleaf.com/mass-readings-and-reflection-february-29-2024/,recovered,https://www.catholicgallery.org/mass-reading/290224/,recovered,Thursday of the 2nd week of Lent,two_secondary_sources,
2024-03-01,not_in_current_live_collection,,recovered,https://www.catholicleaf.com/mass-readings-and-reflection-march-01-2024/,recovered,https://www.catholicgallery.org/mass-reading/010324/,recovered,Friday of the 2nd week of Lent,two_secondary_sources,
2024-03-02,not_in_current_live_collection,,recovered,https://www.catholicleaf.com/mass-readings-and-reflection-march-02-2024/,recovered,https://www.catholicgallery.org/mass-reading/020324/,recovered,Saturday of the 2nd week of Lent,two_secondary_sources,
2024-03-03,not_in_current_live_collection,,recovered,https://www.catholicleaf.com/mass-readings-and-reflection-march-03-2024/,recovered,https://www.catholicgallery.org/mass-reading/030324/,recovered,3rd Sunday of Lent,two_secondary_sources,
2024-03-04,not_in_current_live_collection,,recovered,https://www.catholicleaf.com/mass-readings-and-reflection-march-04-2024/,recovered,https://www.catholicgallery.org/mass-reading/040324/,recovered,Monday of the 3rd week of Lent (commemoration of Saint Casimir),two_secondary_sources,
2024-03-05,not_in_current_live_collection,,recovered,https://www.catholicleaf.com/mass-readings-and-reflection-march-05-2024/,recovered,https://www.catholicgallery.org/mass-reading/050324/,recovered,Tuesday of the 3rd week of Lent,two_secondary_sources,
2024-03-06,not_in_current_live_collection,,recovered,https://www.catholicleaf.com/mass-readings-and-reflection-march-06-2024/,recovered,https://www.catholicgallery.org/mass-reading/060324/,recovered,Wednesday of the 3rd week of Lent,two_secondary_sources,
2024-03-07,not_in_current_live_collection,,recovered,https://www.catholicleaf.com/mass-readings-and-reflection-march-07-2024/,recovered,https://www.catholicgallery.org/mass-reading/070324/,recovered,"Thursday of the 3rd week of Lent (commemoration of Saints Perpetua and Felicity, Martyrs)",two_secondary_sources,
2024-03-08,not_in_current_live_collection,,recovered,https://www.catholicleaf.com/mass-readings-and-reflection-march-08-2024/,recovered,https://www.catholicgallery.org/mass-reading/080324/,recovered,"Friday of the 3rd week of Lent (commemoration of Saint John of God, Religious)",two_secondary_sources,
2024-03-09,not_in_current_live_collection,,recovered,https://www.catholicleaf.com/mass-readings-and-reflection-march-09-2024/,recovered,https://www.catholicgallery.org/mass-reading/090324/,recovered,"Saturday of the 3rd week of Lent (commemoration of Saint Frances of Rome, Religious)",two_secondary_sources,
2024-03-10,not_in_current_live_collection,,recovered,https://www.catholicleaf.com/mass-readings-and-reflection-march-10-2024/,recovered,https://www.catholicgallery.org/mass-reading/100324/,recovered,4th Sunday of Lent (Laetare Sunday),two_secondary_sources,
2024-03-11,not_in_current_live_collection,,recovered,https://www.catholicleaf.com/mass-readings-and-reflection-march-11-2024/,recovered,https://www.catholicgallery.org/mass-reading/110324/,recovered,Monday of the 4th week of Lent,two_secondary_sources,
2024-03-12,not_in_current_live_collection,,recovered,https://www.catholicleaf.com/mass-readings-and-reflection-march-12-2024/,recovered,https://www.catholicgallery.org/mass-reading/120324/,recovered,Tuesday of the 4th week of Lent,two_secondary_sources,
2024-03-13,not_in_current_live_collection,,recovered,https://www.catholicleaf.com/mass-readings-and-reflection-march-13-2024/,recovered,https://www.catholicgallery.org/mass-reading/130324/,recovered,Wednesday of the 4th week of Lent,two_secondary_sources,
2024-03-14,not_in_current_live_collection,,recovered,https://www.catholicleaf.com/mass-readings-and-reflection-march-14-2024/,recovered,https://www.catholicgallery.org/mass-reading/140324/,recovered,Thursday of the 4th week of Lent,two_secondary_sources,
2024-03-15,not_in_current_live_collection,,recovered,https://www.catholicleaf.com/mass-readings-and-reflection-march-15-2024/,recovered,https://www.catholicgallery.org/mass-reading/150324/,recovered,Friday of the 4th week of Lent,two_secondary_sources,
2024-03-16,not_in_current_live_collection,,recovered,https://www.catholicleaf.com/mass-readings-and-reflection-march-16-2024/,recovered,https://www.catholicgallery.org/mass-reading/160324/,recovered,Saturday of the 4th week of Lent,two_secondary_sources,
2024-03-17,not_in_current_live_collection,,recovered,https://www.catholicleaf.com/mass-readings-and-reflection-march-17-2024/,recovered,https://www.catholicgallery.org/mass-reading/170324/,recovered,5th Sunday of Lent,two_secondary_sources,
2024-03-18,not_in_current_live_collection,,recovered,https://www.catholicleaf.com/catholic-mass-readings-and-reflection-march-18-2024/,recovered,https://www.catholicgallery.org/mass-reading/180324/,recovered,"Monday of the 5th week of Lent (commemoration of Saint Cyril of Jerusalem, Bishop, Doctor)",two_secondary_sources,
2024-03-19,not_in_current_live_collection,,recovered,https://www.catholicleaf.com/catholic-mass-readings-and-reflection-march-19-2024/,recovered,https://www.catholicgallery.org/mass-reading/190324/,recovered,"Saint Joseph, husband of the Blessed Virgin Mary Solemnity",two_secondary_sources,
2024-03-20,not_in_current_live_collection,,unavailable,,recovered,https://www.catholicgallery.org/mass-reading/200324/,recovered,Wednesday of the 5th week of Lent,one_secondary_source,
2024-03-21,not_in_current_live_collection,,recovered,https://www.catholicleaf.com/catholic-mass-readings-and-reflection-march-21-2024/,recovered,https://www.catholicgallery.org/mass-reading/210324/,recovered,Thursday of the 5th week of Lent,two_secondary_sources,
2024-03-22,not_in_current_live_collection,,recovered,https://www.catholicleaf.com/mass-readings-and-reflection-march-22-2024/,recovered,https://www.catholicgallery.org/mass-reading/220324/,recovered,Friday of the 5th week of Lent,two_secondary_sources,
2024-03-23,not_in_current_live_collection,,unavailable,,recovered,https://www.catholicgallery.org/mass-reading/230324/,recovered,"Saturday of the 5th week of Lent (commemoration of Saint Turibius of Mongrovejo, Bishop)",one_secondary_source,
2024-03-24,not_in_current_live_collection,,recovered,https://www.catholicleaf.com/mass-readings-and-reflection-march-24-2024/,recovered,https://www.catholicgallery.org/mass-reading/240324/,recovered,Palm Sunday,two_secondary_sources,
2024-03-25,not_in_current_live_collection,,recovered,https://www.catholicleaf.com/mass-readings-and-reflection-march-25-2024/,recovered,https://www.catholicgallery.org/mass-reading/250324/,recovered,Monday of Holy Week,two_secondary_sources,
2024-03-26,not_in_current_live_collection,,recovered,https://www.catholicleaf.com/mass-readings-and-reflection-march-26-2024/,recovered,https://www.catholicgallery.org/mass-reading/260324/,recovered,Tuesday of Holy Week,two_secondary_sources,
2024-03-27,not_in_current_live_collection,,recovered,https://www.catholicleaf.com/mass-readings-and-reflection-march-27-2024/,recovered,https://www.catholicgallery.org/mass-reading/270324/,recovered,Wednesday of Holy Week,two_secondary_sources,
2024-03-28,not_in_current_live_collection,,recovered,https://www.catholicleaf.com/mass-readings-and-reflection-march-28-2024/,recovered,https://www.catholicgallery.org/mass-reading/280324/,recovered,Maundy Thursday,two_secondary_sources,
2024-03-29,not_in_current_live_collection,,recovered,https://www.catholicleaf.com/mass-readings-and-reflection-march-29-2024/,recovered,https://www.catholicgallery.org/mass-reading/290324/,recovered,Good Friday,two_secondary_sources,
2024-03-30,not_in_current_live_collection,,recovered,https://www.catholicleaf.com/mass-readings-and-reflection-march-30-2024/,recovered,https://www.catholicgallery.org/mass-reading/300324/,recovered,Holy Saturday,two_secondary_sources,
2024-03-31,not_in_current_live_collection,,recovered,https://www.catholicleaf.com/mass-readings-and-reflection-march-31-2024/,recovered,https://www.catholicgallery.org/mass-reading/310324/,recovered,Easter Sunday,two_secondary_sources,
2024-04-01,not_in_current_live_collection,,recovered,https://www.catholicleaf.com/mass-readings-and-reflection-april-01-2024/,recovered,https://www.catholicgallery.org/mass-reading/010424/,recovered,Easter Monday,two_secondary_sources,
2024-04-02,not_in_current_live_collection,,recovered,https://www.catholicleaf.com/mass-readings-and-reflection-april-02-2024/,recovered,https://www.catholicgallery.org/mass-reading/020424/,recovered,Easter Tuesday,two_secondary_sources,
2024-04-03,not_in_current_live_collection,,recovered,https://www.catholicleaf.com/mass-readings-and-reflection-april-03-2024/,recovered,https://www.catholicgallery.org/mass-reading/030424/,recovered,Easter Wednesday,two_secondary_sources,
2024-04-04,not_in_current_live_collection,,recovered,https://www.catholicleaf.com/mass-readings-and-reflection-april-04-2024/,recovered,https://www.catholicgallery.org/mass-reading/040424/,recovered,Easter Thursday,two_secondary_sources,
2024-04-05,not_in_current_live_collection,,recovered,https://www.catholicleaf.com/mass-readings-and-reflection-april-05-2024/,recovered,https://www.catholicgallery.org/mass-reading/050424/,recovered,Easter Friday,two_secondary_sources,
2024-04-06,not_in_current_live_collection,,recovered,https://www.catholicleaf.com/mass-readings-and-reflection-april-06-2024/,recovered,https://www.catholicgallery.org/mass-reading/060424/,recovered,Easter Saturday,two_secondary_sources,
2024-04-07,not_in_current_live_collection,,recovered,https://www.catholicleaf.com/mass-readings-and-reflection-april-07-2024/,recovered,https://www.catholicgallery.org/mass-reading/070424/,recovered,Divine Mercy Sunday (2nd Sunday of Easter),two_secondary_sources,
2024-04-08,not_in_current_live_collection,,recovered,https://www.catholicleaf.com/mass-readings-and-reflection-april-08-2024/,recovered,https://www.catholicgallery.org/mass-reading/080424/,recovered,The Annunciation of the Lord Solemnity,two_secondary_sources,
2024-04-09,not_in_current_live_collection,,recovered,https://www.catholicleaf.com/mass-readings-and-reflection-april-09-2024/,recovered,https://www.catholicgallery.org/mass-reading/090424/,recovered,Tuesday of the 2nd week of Eastertide,two_secondary_sources,
2024-04-10,not_in_current_live_collection,,recovered,https://www.catholicleaf.com/mass-readings-and-reflection-april-10-2024/,recovered,https://www.catholicgallery.org/mass-reading/100424/,recovered,Wednesday of the 2nd week of Eastertide,two_secondary_sources,
2024-04-11,not_in_current_live_collection,,recovered,https://www.catholicleaf.com/mass-readings-and-reflection-april-11-2024/,recovered,https://www.catholicgallery.org/mass-reading/110424/,recovered,"Saint Stanislaus, Bishop, Martyr",two_secondary_sources,
2024-04-12,not_in_current_live_collection,,recovered,https://www.catholicleaf.com/mass-readings-and-reflection-april-12-2024/,recovered,https://www.catholicgallery.org/mass-reading/120424/,recovered,Friday of the 2nd week of Eastertide,two_secondary_sources,
2024-04-13,not_in_current_live_collection,,recovered,https://www.catholicleaf.com/mass-readings-and-reflection-april-13-2024/,recovered,https://www.catholicgallery.org/mass-reading/130424/,recovered,"Saturday of the 2nd week of Eastertide or Saint Martin I, Pope, Martyr",two_secondary_sources,
2024-04-14,not_in_current_live_collection,,recovered,https://www.catholicleaf.com/mass-readings-and-reflection-april-14-2024/,recovered,https://www.catholicgallery.org/mass-reading/140424/,recovered,3rd Sunday of Easter,two_secondary_sources,
2024-04-15,not_in_current_live_collection,,recovered,https://www.catholicleaf.com/mass-readings-and-reflection-april-15-2024/,recovered,https://www.catholicgallery.org/mass-reading/150424/,recovered,Monday of the 3rd week of Eastertide,two_secondary_sources,
2024-04-16,not_in_current_live_collection,,recovered,https://www.catholicleaf.com/mass-readings-and-reflection-april-16-2024/,recovered,https://www.catholicgallery.org/mass-reading/160424/,recovered,Tuesday of the 3rd week of Eastertide,two_secondary_sources,
2024-04-17,not_in_current_live_collection,,recovered,https://www.catholicleaf.com/mass-readings-and-reflection-april-17-2024/,recovered,https://www.catholicgallery.org/mass-reading/170424/,recovered,Wednesday of the 3rd week of Eastertide,two_secondary_sources,
2024-04-18,not_in_current_live_collection,,recovered,https://www.catholicleaf.com/mass-readings-and-reflection-april-18-2024/,recovered,https://www.catholicgallery.org/mass-reading/180424/,recovered,Thursday of the 3rd week of Eastertide,two_secondary_sources,
2024-04-19,not_in_current_live_collection,,recovered,https://www.catholicleaf.com/mass-readings-and-reflection-april-19-2024/,recovered,https://www.catholicgallery.org/mass-reading/190424/,recovered,Friday of the 3rd week of Eastertide,two_secondary_sources,
2024-04-20,not_in_current_live_collection,,recovered,https://www.catholicleaf.com/mass-readings-and-reflection-april-20-2024/,recovered,https://www.catholicgallery.org/mass-reading/200424/,recovered,Saturday of the 3rd week of Eastertide,two_secondary_sources,
2024-04-21,not_in_current_live_collection,,recovered,https://www.catholicleaf.com/mass-readings-and-reflection-april-21-2024/,recovered,https://www.catholicgallery.org/mass-reading/210424/,recovered,4th Sunday of Easter,two_secondary_sources,
2024-04-22,not_in_current_live_collection,,recovered,https://www.catholicleaf.com/mass-readings-and-reflection-april-22-2024/,recovered,https://www.catholicgallery.org/mass-reading/220424/,recovered,Monday of the 4th week of Eastertide,two_secondary_sources,
2024-04-23,not_in_current_live_collection,,recovered,https://www.catholicleaf.com/mass-readings-and-reflection-april-23-2024/,recovered,https://www.catholicgallery.org/mass-reading/230424/,recovered,"Tuesday of the 4th week of Eastertide or Saint George, Martyr or Saint Adalbert of Prague, Bishop, Martyr",two_secondary_sources,
2024-04-24,not_in_current_live_collection,,recovered,https://www.catholicleaf.com/mass-readings-and-reflection-april-24-2024/,recovered,https://www.catholicgallery.org/mass-reading/240424/,recovered,"Wednesday of the 4th week of Eastertide or Saint Fidelis of Sigmaringen, Priest, Martyr",two_secondary_sources,
2024-04-25,not_in_current_live_collection,,recovered,https://www.catholicleaf.com/mass-readings-and-reflection-april-25-2024/,recovered,https://www.catholicgallery.org/mass-reading/250424/,recovered,"Saint Mark, Evangelist Feast",two_secondary_sources,
2024-04-26,not_in_current_live_collection,,recovered,https://www.catholicleaf.com/mass-readings-and-reflection-april-26-2024/,recovered,https://www.catholicgallery.org/mass-reading/260424/,recovered,Friday of the 4th week of Eastertide,two_secondary_sources,
2024-04-27,not_in_current_live_collection,,recovered,https://www.catholicleaf.com/mass-readings-and-reflection-april-27-2024/,recovered,https://www.catholicgallery.org/mass-reading/270424/,recovered,Saturday of the 4th week of Eastertide,two_secondary_sources,
2024-04-28,not_in_current_live_collection,,recovered,https://www.catholicleaf.com/mass-readings-and-reflection-april-28-2024/,recovered,https://www.catholicgallery.org/mass-reading/280424/,recovered,5th Sunday of Easter,two_secondary_sources,
2024-04-29,not_in_current_live_collection,,recovered,https://www.catholicleaf.com/mass-readings-and-reflection-april-29-2024/,recovered,https://www.catholicgallery.org/mass-reading/290424/,recovered,"Saint Catherine of Siena, Virgin, Doctor",two_secondary_sources,
2024-04-30,not_in_current_live_collection,,recovered,https://www.catholicleaf.com/mass-readings-and-reflection-april-30-2024/,recovered,https://www.catholicgallery.org/mass-reading/300424/,recovered,"Our Lady, Mother of Africa Feast",two_secondary_sources,
2024-05-01,not_in_current_live_collection,,recovered,https://www.catholicleaf.com/mass-readings-and-reflection-may-01-2024/,recovered,https://www.catholicgallery.org/mass-reading/010524/,recovered,Wednesday of the 5th week of Eastertide or Saint Joseph the Worker,two_secondary_sources,
2024-05-02,not_in_current_live_collection,,recovered,https://www.catholicleaf.com/mass-readings-and-reflection-may-02-2024/,recovered,https://www.catholicgallery.org/mass-reading/020524/,recovered,"Saint Athanasius, Bishop, Doctor",two_secondary_sources,
2024-05-03,not_in_current_live_collection,,recovered,https://www.catholicleaf.com/mass-readings-and-reflection-may-03-2024/,recovered,https://www.catholicgallery.org/mass-reading/030524/,recovered,"Saints Philip and James, Apostles Feast",two_secondary_sources,
2024-05-04,not_in_current_live_collection,,recovered,https://www.catholicleaf.com/mass-readings-and-reflection-may-04-2024/,recovered,https://www.catholicgallery.org/mass-reading/040524/,recovered,Saturday of the 5th week of Eastertide,two_secondary_sources,
2024-05-05,not_in_current_live_collection,,recovered,https://www.catholicleaf.com/mass-readings-and-reflection-may-05-2024/,recovered,https://www.catholicgallery.org/mass-reading/050524/,recovered,6th Sunday of Easter,two_secondary_sources,
2024-05-06,not_in_current_live_collection,,recovered,https://www.catholicleaf.com/mass-readings-and-reflection-may-06-2024/,recovered,https://www.catholicgallery.org/mass-reading/060524/,recovered,Monday of the 6th week of Eastertide,two_secondary_sources,
2024-05-07,not_in_current_live_collection,,recovered,https://www.catholicleaf.com/mass-readings-and-reflection-may-07-2024/,recovered,https://www.catholicgallery.org/mass-reading/070524/,recovered,Tuesday of the 6th week of Eastertide,two_secondary_sources,
2024-05-08,not_in_current_live_collection,,recovered,https://www.catholicleaf.com/mass-readings-and-reflection-may-08-2024/,recovered,https://www.catholicgallery.org/mass-reading/080524/,recovered,Wednesday of the 6th week of Eastertide,two_secondary_sources,
2024-05-09,not_in_current_live_collection,,recovered,https://www.catholicleaf.com/mass-readings-and-reflection-may-09-2024/,recovered,https://www.catholicgallery.org/mass-reading/090524/,recovered,The Ascension of the Lord Solemnity,two_secondary_sources,
2024-05-10,not_in_current_live_collection,,recovered,https://www.catholicleaf.com/mass-readings-and-reflection-may-10-2024/,recovered,https://www.catholicgallery.org/mass-reading/100524/,recovered,"Friday of the 6th week of Eastertide or Saint John of Ávila, Priest, Doctor",two_secondary_sources,
2024-05-11,not_in_current_live_collection,,recovered,https://www.catholicleaf.com/mass-readings-and-reflection-may-11-2024/,recovered,https://www.catholicgallery.org/mass-reading/110524/,recovered,Saturday of the 6th week of Eastertide,two_secondary_sources,
2024-05-12,not_in_current_live_collection,,unavailable,,recovered,https://www.catholicgallery.org/mass-reading/120524/,recovered,7th Sunday of Easter,one_secondary_source,
2024-05-13,not_in_current_live_collection,,unavailable,,recovered,https://www.catholicgallery.org/mass-reading/130524/,recovered,Monday of the 7th week of Eastertide or Our Lady of Fátima,one_secondary_source,
2024-05-14,not_in_current_live_collection,,unavailable,,recovered,https://www.catholicgallery.org/mass-reading/140524/,recovered,"Saint Matthias, Apostle Feast",one_secondary_source,
2024-05-15,not_in_current_live_collection,,unavailable,,recovered,https://www.catholicgallery.org/mass-reading/150524/,recovered,Wednesday of the 7th week of Eastertide,one_secondary_source,
2024-05-16,not_in_current_live_collection,,unavailable,,recovered,https://www.catholicgallery.org/mass-reading/160524/,recovered,Thursday of the 7th week of Eastertide,one_secondary_source,
2024-05-17,not_in_current_live_collection,,unavailable,,recovered,https://www.catholicgallery.org/mass-reading/170524/,recovered,Friday of the 7th week of Eastertide,one_secondary_source,
2024-05-18,not_in_current_live_collection,,unavailable,,recovered,https://www.catholicgallery.org/mass-reading/180524/,recovered,"Saturday of the 7th week of Eastertide or Saint John I, Pope, Martyr",one_secondary_source,
2024-05-19,not_in_current_live_collection,,unavailable,,recovered,https://www.catholicgallery.org/mass-reading/190524/,recovered,Pentecost,one_secondary_source,
2024-05-20,not_in_current_live_collection,,recovered,https://www.catholicleaf.com/mass-readings-and-reflection-may-20-2024/,recovered,https://www.catholicgallery.org/mass-reading/200524/,recovered,"Mary, Mother of the Church",two_secondary_sources,
2024-05-21,not_in_current_live_collection,,recovered,https://www.catholicleaf.com/mass-readings-and-reflection-may-21-2024/,recovered,https://www.catholicgallery.org/mass-reading/210524/,recovered,"Tuesday of week 7 in Ordinary Time or Saint Christopher Magallanes and his Companions, Martyrs",two_secondary_sources,
2024-05-22,not_in_current_live_collection,,recovered,https://www.catholicleaf.com/mass-readings-and-reflection-may-22-2024/,recovered,https://www.catholicgallery.org/mass-reading/220524/,recovered,Wednesday of week 7 in Ordinary Time or Saint Rita of Cascia,two_secondary_sources,
2024-05-23,not_in_current_live_collection,,recovered,https://www.catholicleaf.com/mass-readings-and-reflection-may-23-2024/,recovered,https://www.catholicgallery.org/mass-reading/230524/,recovered,Thursday of week 7 in Ordinary Time,two_secondary_sources,
2024-05-24,not_in_current_live_collection,,recovered,https://www.catholicleaf.com/mass-readings-and-reflection-may-24-2024/,recovered,https://www.catholicgallery.org/mass-reading/240524/,recovered,Friday of week 7 in Ordinary Time,two_secondary_sources,
2024-05-25,not_in_current_live_collection,,recovered,https://www.catholicleaf.com/mass-readings-and-reflection-may-25-2024/,recovered,https://www.catholicgallery.org/mass-reading/250524/,recovered,"Saturday of week 7 in Ordinary Time or Saint Gregory VII, Pope or Saint Mary Magdalen de’ Pazzi, Virgin or Saint Bede the Venerable, Priest, Doctor or Saturday memorial of the Blessed Virgin Mary",two_secondary_sources,
2024-05-26,not_in_current_live_collection,,recovered,https://www.catholicleaf.com/mass-readings-and-reflection-may-26-2024/,recovered,https://www.catholicgallery.org/mass-reading/260524/,recovered,The Most Holy Trinity Solemnity,two_secondary_sources,
2024-05-27,not_in_current_live_collection,,recovered,https://www.catholicleaf.com/mass-readings-and-reflection-may-27-2024/,recovered,https://www.catholicgallery.org/mass-reading/270524/,recovered,"Monday of week 8 in Ordinary Time or Saint Augustine of Canterbury, Bishop",two_secondary_sources,
2024-05-28,not_in_current_live_collection,,recovered,https://www.catholicleaf.com/mass-readings-and-reflection-may-28-2024/,recovered,https://www.catholicgallery.org/mass-reading/280524/,recovered,Tuesday of week 8 in Ordinary Time,two_secondary_sources,
2024-05-29,not_in_current_live_collection,,recovered,https://www.catholicleaf.com/mass-readings-and-reflection-may-29-2024/,recovered,https://www.catholicgallery.org/mass-reading/290524/,recovered,"Wednesday of week 8 in Ordinary Time or Saint Paul VI, Pope",two_secondary_sources,
2024-05-30,not_in_current_live_collection,,recovered,https://www.catholicleaf.com/mass-readings-and-reflection-may-30-2024/,recovered,https://www.catholicgallery.org/mass-reading/300524/,recovered,Thursday of week 8 in Ordinary Time,two_secondary_sources,
2024-05-31,not_in_current_live_collection,,recovered,https://www.catholicleaf.com/mass-readings-and-reflection-may-31-2024/,recovered,https://www.catholicgallery.org/mass-reading/310524/,recovered,The Visitation of the Blessed Virgin Mary Feast,two_secondary_sources,
2024-06-01,not_in_current_live_collection,,recovered,https://www.catholicleaf.com/mass-readings-and-reflection-june-01-2024/,recovered,https://www.catholicgallery.org/mass-reading/010624/,recovered,"Saint Justin, Martyr",two_secondary_sources,
2024-06-02,not_in_current_live_collection,,recovered,https://www.catholicleaf.com/mass-readings-and-reflection-june-02-2024/,recovered,https://www.catholicgallery.org/mass-reading/020624/,recovered,The Most Holy Body and Blood of Christ Solemnity,two_secondary_sources,
2024-06-03,not_in_current_live_collection,,recovered,https://www.catholicleaf.com/mass-readings-and-reflection-june-03-2024/,recovered,https://www.catholicgallery.org/mass-reading/030624/,recovered,"Saints Charles Lwanga and his Companions, Martyrs",two_secondary_sources,
2024-06-04,not_in_current_live_collection,,recovered,https://www.catholicleaf.com/mass-readings-and-reflection-june-04-2024/,recovered,https://www.catholicgallery.org/mass-reading/040624/,recovered,Tuesday of week 9 in Ordinary Time,two_secondary_sources,
2024-06-05,not_in_current_live_collection,,recovered,https://www.catholicleaf.com/mass-readings-and-reflection-june-05-2024/,recovered,https://www.catholicgallery.org/mass-reading/050624/,recovered,"Saint Boniface, Bishop, Martyr",two_secondary_sources,
2024-06-06,not_in_current_live_collection,,recovered,https://www.catholicleaf.com/mass-readings-and-reflection-june-06-2024/,recovered,https://www.catholicgallery.org/mass-reading/060624/,recovered,"Thursday of week 9 in Ordinary Time or Saint Norbert, Bishop",two_secondary_sources,
2024-06-07,not_in_current_live_collection,,unavailable,,recovered,https://www.catholicgallery.org/mass-reading/070624/,recovered,The Most Sacred Heart of Jesus Solemnity,one_secondary_source,
2024-06-08,not_in_current_live_collection,,recovered,https://www.catholicleaf.com/mass-readings-and-reflection-june-08-2024/,recovered,https://www.catholicgallery.org/mass-reading/080624/,recovered,The Immaculate Heart of Mary,two_secondary_sources,
2024-06-09,not_in_current_live_collection,,recovered,https://www.catholicleaf.com/mass-readings-and-reflection-june-09-2024/,recovered,https://www.catholicgallery.org/mass-reading/090624/,recovered,10th Sunday in Ordinary Time,two_secondary_sources,
2024-06-10,not_in_current_live_collection,,recovered,https://www.catholicleaf.com/catholic-mass-readings-and-reflection-june-10-2024/,recovered,https://www.catholicgallery.org/mass-reading/100624/,recovered,Monday of week 10 in Ordinary Time,two_secondary_sources,
2024-06-11,not_in_current_live_collection,,recovered,https://www.catholicleaf.com/mass-readings-and-reflection-june-11-2024/,recovered,https://www.catholicgallery.org/mass-reading/110624/,recovered,"Saint Barnabas, Apostle",two_secondary_sources,
2024-06-12,not_in_current_live_collection,,recovered,https://www.catholicleaf.com/mass-readings-and-reflection-june-12-2024/,recovered,https://www.catholicgallery.org/mass-reading/120624/,recovered,Wednesday of week 10 in Ordinary Time,two_secondary_sources,
2024-06-13,not_in_current_live_collection,,recovered,https://www.catholicleaf.com/mass-readings-and-reflection-june-13-2024/,recovered,https://www.catholicgallery.org/mass-reading/130624/,recovered,"Saint Antony of Padua, Priest, Doctor",two_secondary_sources,
2024-06-14,not_in_current_live_collection,,recovered,https://www.catholicleaf.com/mass-readings-and-reflection-june-14-2024/,recovered,https://www.catholicgallery.org/mass-reading/140624/,recovered,Friday of week 10 in Ordinary Time,two_secondary_sources,
2024-06-15,not_in_current_live_collection,,recovered,https://www.catholicleaf.com/mass-readings-and-reflection-june-15-2024/,recovered,https://www.catholicgallery.org/mass-reading/150624/,recovered,Saturday of week 10 in Ordinary Time or Saturday memorial of the Blessed Virgin Mary,two_secondary_sources,
2024-06-16,not_in_current_live_collection,,recovered,https://www.catholicleaf.com/mass-readings-and-reflection-june-16-2024/,recovered,https://www.catholicgallery.org/mass-reading/160624/,recovered,11th Sunday in Ordinary Time,two_secondary_sources,
2024-06-17,not_in_current_live_collection,,recovered,https://www.catholicleaf.com/mass-readings-and-reflection-june-17-2024/,recovered,https://www.catholicgallery.org/mass-reading/170624/,recovered,Monday of week 11 in Ordinary Time,two_secondary_sources,
2024-06-18,not_in_current_live_collection,,recovered,https://www.catholicleaf.com/mass-readings-and-reflection-june-18-2024/,recovered,https://www.catholicgallery.org/mass-reading/180624/,recovered,Tuesday of week 11 in Ordinary Time,two_secondary_sources,
2024-06-19,not_in_current_live_collection,,recovered,https://www.catholicleaf.com/mass-readings-and-reflection-june-19-2024/,recovered,https://www.catholicgallery.org/mass-reading/190624/,recovered,"Wednesday of week 11 in Ordinary Time or Saint Romuald, Abbot",two_secondary_sources,
2024-06-20,not_in_current_live_collection,,recovered,https://www.catholicleaf.com/mass-readings-and-reflection-june-20-2024/,recovered,https://www.catholicgallery.org/mass-reading/200624/,recovered,Thursday of week 11 in Ordinary Time,two_secondary_sources,
2024-06-21,not_in_current_live_collection,,recovered,https://www.catholicleaf.com/mass-readings-and-reflection-june-21-2024/,recovered,https://www.catholicgallery.org/mass-reading/210624/,recovered,"Saint Aloysius Gonzaga, Religious",two_secondary_sources,
2024-06-22,not_in_current_live_collection,,recovered,https://www.catholicleaf.com/mass-readings-and-reflection-june-22-2024/,recovered,https://www.catholicgallery.org/mass-reading/220624/,recovered,"Saturday of week 11 in Ordinary Time or Saints John Fisher, Bishop, and Thomas More, Martyrs or Saint Paulinus of Nola, Bishop or Saturday memorial of the Blessed Virgin Mary",two_secondary_sources,
2024-06-23,not_in_current_live_collection,,recovered,https://www.catholicleaf.com/mass-readings-and-reflection-june-23-2024/,recovered,https://www.catholicgallery.org/mass-reading/230624/,recovered,12th Sunday in Ordinary Time,two_secondary_sources,
2024-06-24,not_in_current_live_collection,,recovered,https://www.catholicleaf.com/mass-readings-and-reflection-june-24-2024/,recovered,https://www.catholicgallery.org/mass-reading/240624/,recovered,The Nativity of Saint John the Baptist Solemnity,two_secondary_sources,
2024-06-25,not_in_current_live_collection,,recovered,https://www.catholicleaf.com/mass-readings-and-reflection-june-25-2024/,recovered,https://www.catholicgallery.org/mass-reading/250624/,recovered,Tuesday of week 12 in Ordinary Time,two_secondary_sources,
2024-06-26,not_in_current_live_collection,,recovered,https://www.catholicleaf.com/mass-readings-and-reflection-june-26-2024/,recovered,https://www.catholicgallery.org/mass-reading/260624/,recovered,"Wednesday of week 12 in Ordinary Time or St Josémaria Escrivá de Balaguer, Priest",two_secondary_sources,
2024-06-27,not_in_current_live_collection,,recovered,https://www.catholicleaf.com/mass-readings-and-reflection-june-27-2024/,recovered,https://www.catholicgallery.org/mass-reading/270624/,recovered,"Thursday of week 12 in Ordinary Time or Saint Cyril of Alexandria, Bishop, Doctor",two_secondary_sources,
2024-06-28,not_in_current_live_collection,,recovered,https://www.catholicleaf.com/mass-readings-and-reflection-june-28-2024/,recovered,https://www.catholicgallery.org/mass-reading/280624/,recovered,"Saint Irenaeus, Bishop, Doctor, Martyr",two_secondary_sources,
2024-06-29,not_in_current_live_collection,,recovered,https://www.catholicleaf.com/mass-readings-and-reflection-june-29-2024/,recovered,https://www.catholicgallery.org/mass-reading/290624/,recovered,"Saints Peter and Paul, Apostles Solemnity",two_secondary_sources,
2024-06-30,not_in_current_live_collection,,recovered,https://www.catholicleaf.com/mass-readings-and-reflection-june-30-2024/,recovered,https://www.catholicgallery.org/mass-reading/300624/,recovered,13th Sunday in Ordinary Time,two_secondary_sources,
2024-07-01,not_in_current_live_collection,,recovered,https://www.catholicleaf.com/mass-readings-and-reflection-july-01-2024/,recovered,https://www.catholicgallery.org/mass-reading/010724/,recovered,Monday of week 13 in Ordinary Time,two_secondary_sources,
2024-07-02,not_in_current_live_collection,,recovered,https://www.catholicleaf.com/mass-readings-and-reflection-july-02-2024/,recovered,https://www.catholicgallery.org/mass-reading/020724/,recovered,Tuesday of week 13 in Ordinary Time,two_secondary_sources,
2024-07-03,not_in_current_live_collection,,recovered,https://www.catholicleaf.com/mass-readings-and-reflection-july-03-2024/,recovered,https://www.catholicgallery.org/mass-reading/030724/,recovered,"Saint Thomas, Apostle Feast",two_secondary_sources,
2024-07-04,not_in_current_live_collection,,recovered,https://www.catholicleaf.com/mass-readings-and-reflection-july-04-2024/,recovered,https://www.catholicgallery.org/mass-reading/040724/,recovered,Thursday of week 13 in Ordinary Time or Saint Elizabeth of Portugal,two_secondary_sources,
2024-07-05,not_in_current_live_collection,,recovered,https://www.catholicleaf.com/mass-readings-and-reflection-july-05-2024/,recovered,https://www.catholicgallery.org/mass-reading/050724/,recovered,"Friday of week 13 in Ordinary Time or Saint Antony Mary Zaccaria, Priest",two_secondary_sources,
2024-07-06,not_in_current_live_collection,,recovered,https://www.catholicleaf.com/mass-readings-and-reflection-july-06-2024/,recovered,https://www.catholicgallery.org/mass-reading/060724/,recovered,"Saturday of week 13 in Ordinary Time or Saint Maria Goretti, Virgin, Martyr or Saturday memorial of the Blessed Virgin Mary",two_secondary_sources,
2024-07-07,not_in_current_live_collection,,recovered,https://www.catholicleaf.com/mass-readings-and-reflection-july-07-2024/,recovered,https://www.catholicgallery.org/mass-reading/070724/,recovered,14th Sunday in Ordinary Time,two_secondary_sources,
2024-07-08,not_in_current_live_collection,,recovered,https://www.catholicleaf.com/mass-readings-and-reflection-july-08-2024/,recovered,https://www.catholicgallery.org/mass-reading/080724/,recovered,Monday of week 14 in Ordinary Time,two_secondary_sources,
2024-07-09,not_in_current_live_collection,,recovered,https://www.catholicleaf.com/mass-readings-and-reflection-july-09-2024/,recovered,https://www.catholicgallery.org/mass-reading/090724/,recovered,"Tuesday of week 14 in Ordinary Time or Saint Augustine Zhao Rong and his Companions, Martyrs",two_secondary_sources,
2024-07-10,not_in_current_live_collection,,recovered,https://www.catholicleaf.com/mass-readings-and-reflection-july-10-2024/,recovered,https://www.catholicgallery.org/mass-reading/100724/,recovered,Wednesday of week 14 in Ordinary Time,two_secondary_sources,
2024-07-11,not_in_current_live_collection,,recovered,https://www.catholicleaf.com/mass-readings-and-reflection-for-july-11-2024/,recovered,https://www.catholicgallery.org/mass-reading/110724/,recovered,"Saint Benedict, Abbot",two_secondary_sources,
2024-07-12,not_in_current_live_collection,,recovered,https://www.catholicleaf.com/mass-readings-and-reflection-for-july-12-2024/,recovered,https://www.catholicgallery.org/mass-reading/120724/,recovered,Friday of week 14 in Ordinary Time,two_secondary_sources,
2024-07-13,not_in_current_live_collection,,recovered,https://www.catholicleaf.com/mass-readings-and-reflection-for-july-13-2024/,recovered,https://www.catholicgallery.org/mass-reading/130724/,recovered,Saturday of week 14 in Ordinary Time or Saint Henry or Saturday memorial of the Blessed Virgin Mary,two_secondary_sources,
2024-07-14,not_in_current_live_collection,,recovered,https://www.catholicleaf.com/mass-readings-and-reflections-july-14-2024/,recovered,https://www.catholicgallery.org/mass-reading/140724/,recovered,15th Sunday in Ordinary Time,two_secondary_sources,
2024-07-15,not_in_current_live_collection,,recovered,https://www.catholicleaf.com/mass-readings-and-reflections-july-15-2024/,recovered,https://www.catholicgallery.org/mass-reading/150724/,recovered,"Saint Bonaventure, Bishop, Doctor",two_secondary_sources,
2024-07-16,not_in_current_live_collection,,recovered,https://www.catholicleaf.com/mass-readings-and-reflections-july-16-2024/,recovered,https://www.catholicgallery.org/mass-reading/160724/,recovered,Tuesday of week 15 in Ordinary Time or Our Lady of Mount Carmel,two_secondary_sources,
2024-07-17,not_in_current_live_collection,,recovered,https://www.catholicleaf.com/mass-readings-and-reflections-july-17-2024/,recovered,https://www.catholicgallery.org/mass-reading/170724/,recovered,Wednesday of week 15 in Ordinary Time,two_secondary_sources,
2024-07-18,not_in_current_live_collection,,recovered,https://www.catholicleaf.com/mass-readings-and-reflections-july-18-2024/,recovered,https://www.catholicgallery.org/mass-reading/180724/,recovered,Thursday of week 15 in Ordinary Time,two_secondary_sources,
2024-07-19,not_in_current_live_collection,,unavailable,,recovered,https://www.catholicgallery.org/mass-reading/190724/,recovered,Friday of week 15 in Ordinary Time,one_secondary_source,
2024-07-20,not_in_current_live_collection,,recovered,https://www.catholicleaf.com/mass-readings-and-reflections-july-20-2024/,recovered,https://www.catholicgallery.org/mass-reading/200724/,recovered,"Saturday of week 15 in Ordinary Time or Saint Apollinaris, Bishop, Martyr or Saturday memorial of the Blessed Virgin Mary",two_secondary_sources,
2024-07-21,not_in_current_live_collection,,recovered,https://www.catholicleaf.com/mass-readings-and-reflections-july-21-2024/,recovered,https://www.catholicgallery.org/mass-reading/210724/,recovered,16th Sunday in Ordinary Time,two_secondary_sources,
2024-07-22,not_in_current_live_collection,,recovered,https://www.catholicleaf.com/mass-readings-and-reflections-july-22-2024/,recovered,https://www.catholicgallery.org/mass-reading/220724/,recovered,Saint Mary Magdalen Feast,two_secondary_sources,
2024-07-23,not_in_current_live_collection,,recovered,https://www.catholicleaf.com/mass-readings-and-reflections-july-23-2024/,recovered,https://www.catholicgallery.org/mass-reading/230724/,recovered,"Tuesday of week 16 in Ordinary Time or Saint Bridget of Sweden, Religious",two_secondary_sources,
2024-07-24,not_in_current_live_collection,,recovered,https://www.catholicleaf.com/mass-readings-and-reflections-july-24-2024/,recovered,https://www.catholicgallery.org/mass-reading/240724/,recovered,"Wednesday of week 16 in Ordinary Time or Saint Charbel Makhlouf, Priest",two_secondary_sources,
2024-07-25,not_in_current_live_collection,,recovered,https://www.catholicleaf.com/mass-readings-and-reflections-july-25-2024/,recovered,https://www.catholicgallery.org/mass-reading/250724/,recovered,"Saint James, Apostle Feast",two_secondary_sources,
2024-07-26,not_in_current_live_collection,,unavailable,,recovered,https://www.catholicgallery.org/mass-reading/260724/,recovered,"Saint Joachim and Saint Anne, parents of the Blessed Virgin Mary",one_secondary_source,
2024-07-27,not_in_current_live_collection,,recovered,https://www.catholicleaf.com/mass-readings-and-reflections-july-27-2024/,recovered,https://www.catholicgallery.org/mass-reading/270724/,recovered,Saturday of week 16 in Ordinary Time or Saturday memorial of the Blessed Virgin Mary,two_secondary_sources,
2024-07-28,not_in_current_live_collection,,recovered,https://www.catholicleaf.com/mass-readings-and-reflections-july-28-2024/,recovered,https://www.catholicgallery.org/mass-reading/280724/,recovered,17th Sunday in Ordinary Time,two_secondary_sources,
2024-07-29,not_in_current_live_collection,,unavailable,,recovered,https://www.catholicgallery.org/mass-reading/290724/,recovered,"Saints Martha, Mary and Lazarus",one_secondary_source,
2024-07-30,not_in_current_live_collection,,recovered,https://www.catholicleaf.com/mass-readings-and-reflections-july-30-2024/,recovered,https://www.catholicgallery.org/mass-reading/300724/,recovered,"Tuesday of week 17 in Ordinary Time or Saint Peter Chrysologus, Bishop, Doctor",two_secondary_sources,
2024-07-31,not_in_current_live_collection,,recovered,https://www.catholicleaf.com/mass-readings-and-reflections-july-31-2024/,recovered,https://www.catholicgallery.org/mass-reading/310724/,recovered,"Saint Ignatius Loyola, Priest",two_secondary_sources,
2024-08-01,not_in_current_live_collection,,recovered,https://www.catholicleaf.com/mass-readings-and-reflections-august-01-2024/,recovered,https://www.catholicgallery.org/mass-reading/010824/,recovered,"Saint Alphonsus Mary de' Liguori, Bishop, Doctor",two_secondary_sources,
2024-08-02,not_in_current_live_collection,,recovered,https://www.catholicleaf.com/mass-readings-and-reflections-august-02-2024/,recovered,https://www.catholicgallery.org/mass-reading/020824/,recovered,"Friday of week 17 in Ordinary Time or Saint Eusebius of Vercelli, Bishop or Saint Peter Julian Eymard, Priest",two_secondary_sources,
2024-08-03,not_in_current_live_collection,,recovered,https://www.catholicleaf.com/mass-readings-and-reflections-august-03-2024/,recovered,https://www.catholicgallery.org/mass-reading/030824/,recovered,Saturday of week 17 in Ordinary Time or Saturday memorial of the Blessed Virgin Mary,two_secondary_sources,
2024-08-04,not_in_current_live_collection,,recovered,https://www.catholicleaf.com/mass-readings-and-reflections-august-04-2024/,recovered,https://www.catholicgallery.org/mass-reading/040824/,recovered,18th Sunday in Ordinary Time,two_secondary_sources,
2024-08-05,not_in_current_live_collection,,recovered,https://www.catholicleaf.com/mass-readings-and-reflections-august-05-2024/,recovered,https://www.catholicgallery.org/mass-reading/050824/,recovered,Monday of week 18 in Ordinary Time or Dedication of the Basilica of Saint Mary Major,two_secondary_sources,
2024-08-06,not_in_current_live_collection,,recovered,https://www.catholicleaf.com/mass-readings-and-reflections-august-06-2024/,recovered,https://www.catholicgallery.org/mass-reading/060824/,recovered,The Transfiguration of the Lord Feast,two_secondary_sources,
2024-08-07,not_in_current_live_collection,,unavailable,,recovered,https://www.catholicgallery.org/mass-reading/070824/,recovered,"Wednesday of week 18 in Ordinary Time or Saints Sixtus II, Pope, and his Companions, Martyrs or Saint Cajetan, Priest",one_secondary_source,
2024-08-08,not_in_current_live_collection,,recovered,https://www.catholicleaf.com/mass-readings-and-reflections-august-08-2024/,recovered,https://www.catholicgallery.org/mass-reading/080824/,recovered,"Saint Dominic, Priest",two_secondary_sources,
2024-08-09,not_in_current_live_collection,,unavailable,,recovered,https://www.catholicgallery.org/mass-reading/090824/,recovered,"Friday of week 18 in Ordinary Time or Saint Teresa Benedicta of the Cross (Edith Stein), Virgin, Martyr",one_secondary_source,
2024-08-10,not_in_current_live_collection,,recovered,https://www.catholicleaf.com/mass-readings-and-reflections-august-10-2024/,recovered,https://www.catholicgallery.org/mass-reading/100824/,recovered,"Saint Laurence, Deacon, Martyr Feast",two_secondary_sources,
2024-08-11,not_in_current_live_collection,,recovered,https://www.catholicleaf.com/mass-readings-and-reflections-august-11-2024/,recovered,https://www.catholicgallery.org/mass-reading/110824/,recovered,19th Sunday in Ordinary Time,two_secondary_sources,
2024-08-12,not_in_current_live_collection,,recovered,https://www.catholicleaf.com/mass-readings-and-reflections-august-12-2024/,recovered,https://www.catholicgallery.org/mass-reading/120824/,recovered,"Monday of week 19 in Ordinary Time or Saint Jane Frances de Chantal, Religious or Blessed Isidore Bakanja, Martyr",two_secondary_sources,
2024-08-13,not_in_current_live_collection,,unavailable,,recovered,https://www.catholicgallery.org/mass-reading/130824/,recovered,"Tuesday of week 19 in Ordinary Time or Saints Pontian, Pope, and Hippolytus, Priest, Martyrs",one_secondary_source,
2024-08-14,not_in_current_live_collection,,recovered,https://www.catholicleaf.com/mass-readings-and-reflections-august-14-2024/,recovered,https://www.catholicgallery.org/mass-reading/140824/,recovered,"Saint Maximilian Kolbe, Priest, Martyr",two_secondary_sources,
2024-08-15,not_in_current_live_collection,,recovered,https://www.catholicleaf.com/mass-readings-and-reflections-august-15-2024/,recovered,https://www.catholicgallery.org/mass-reading/150824/,recovered,The Assumption of the Blessed Virgin Mary Solemnity,two_secondary_sources,
2024-08-16,not_in_current_live_collection,,unavailable,,recovered,https://www.catholicgallery.org/mass-reading/160824/,recovered,Friday of week 19 in Ordinary Time or Saint Stephen of Hungary,one_secondary_source,
2024-08-17,not_in_current_live_collection,,recovered,https://www.catholicleaf.com/best-catholic-reflections-august-17-2024/,recovered,https://www.catholicgallery.org/mass-reading/170824/,recovered,Saturday of week 19 in Ordinary Time or Saturday memorial of the Blessed Virgin Mary,two_secondary_sources,
2024-08-18,not_in_current_live_collection,,recovered,https://www.catholicleaf.com/best-catholic-reflections-august-18-2024/,recovered,https://www.catholicgallery.org/mass-reading/180824/,recovered,20th Sunday in Ordinary Time,two_secondary_sources,
2024-08-19,not_in_current_live_collection,,unavailable,,recovered,https://www.catholicgallery.org/mass-reading/190824/,recovered,"Monday of week 20 in Ordinary Time or Saint John Eudes, Priest",one_secondary_source,
2024-08-20,not_in_current_live_collection,,unavailable,,recovered,https://www.catholicgallery.org/mass-reading/200824/,recovered,"Saint Bernard, Abbot, Doctor",one_secondary_source,
2024-08-21,not_in_current_live_collection,,recovered,https://www.catholicleaf.com/best-catholic-reflections-august-21-2024/,recovered,https://www.catholicgallery.org/mass-reading/210824/,recovered,"Saint Pius X, Pope",two_secondary_sources,
2024-08-22,not_in_current_live_collection,,recovered,https://www.catholicleaf.com/best-catholic-reflections-august-22-2024/,recovered,https://www.catholicgallery.org/mass-reading/220824/,recovered,"Our Lady, Mother and Queen",two_secondary_sources,
2024-08-23,not_in_current_live_collection,,recovered,https://www.catholicleaf.com/best-catholic-reflections-august-23-2024/,recovered,https://www.catholicgallery.org/mass-reading/230824/,recovered,"Friday of week 20 in Ordinary Time or Saint Rose of Lima, Virgin",two_secondary_sources,
2024-08-24,not_in_current_live_collection,,recovered,https://www.catholicleaf.com/best-catholic-reflections-august-24-2024/,recovered,https://www.catholicgallery.org/mass-reading/240824/,recovered,"Saint Bartholomew, Apostle Feast",two_secondary_sources,
2024-08-25,not_in_current_live_collection,,recovered,https://www.catholicleaf.com/best-catholic-reflections-august-25-2024/,recovered,https://www.catholicgallery.org/mass-reading/250824/,recovered,21st Sunday in Ordinary Time,two_secondary_sources,
2024-08-26,not_in_current_live_collection,,recovered,https://www.catholicleaf.com/best-catholic-reflections-august-26-2024/,recovered,https://www.catholicgallery.org/mass-reading/260824/,recovered,Monday of week 21 in Ordinary Time,two_secondary_sources,
2024-08-27,not_in_current_live_collection,,recovered,https://www.catholicleaf.com/best-catholic-reflections-august-27-2024/,recovered,https://www.catholicgallery.org/mass-reading/270824/,recovered,Saint Monica,two_secondary_sources,
2024-08-28,not_in_current_live_collection,,recovered,https://www.catholicleaf.com/best-catholic-reflections-august-28-2024/,recovered,https://www.catholicgallery.org/mass-reading/280824/,recovered,"Saint Augustine, Bishop, Doctor",two_secondary_sources,
2024-08-29,not_in_current_live_collection,,recovered,https://www.catholicleaf.com/mass-readings-and-reflection-august-29-2024/,recovered,https://www.catholicgallery.org/mass-reading/290824/,recovered,The Beheading of Saint John the Baptist,two_secondary_sources,
2024-08-30,not_in_current_live_collection,,recovered,https://www.catholicleaf.com/mass-readings-and-reflection-august-30-2024/,recovered,https://www.catholicgallery.org/mass-reading/300824/,recovered,Friday of week 21 in Ordinary Time,two_secondary_sources,
2024-08-31,not_in_current_live_collection,,recovered,https://www.catholicleaf.com/mass-readings-and-reflection-august-31-2024/,recovered,https://www.catholicgallery.org/mass-reading/310824/,recovered,Saturday of week 21 in Ordinary Time or Saturday memorial of the Blessed Virgin Mary,two_secondary_sources,
2024-09-01,not_in_current_live_collection,,recovered,https://www.catholicleaf.com/mass-readings-and-reflections-september-01-24/,recovered,https://www.catholicgallery.org/mass-reading/010924/,recovered,22nd Sunday in Ordinary Time,two_secondary_sources,
2024-09-02,not_in_current_live_collection,,recovered,https://www.catholicleaf.com/mass-readings-and-reflection-sept-02-2024/,recovered,https://www.catholicgallery.org/mass-reading/020924/,recovered,Monday of week 22 in Ordinary Time,two_secondary_sources,
2024-09-03,not_in_current_live_collection,,recovered,https://www.catholicleaf.com/mass-readings-and-reflection-sept-03-2024/,recovered,https://www.catholicgallery.org/mass-reading/030924/,recovered,"Saint Gregory the Great, Pope, Doctor",two_secondary_sources,
2024-09-04,not_in_current_live_collection,,recovered,https://www.catholicleaf.com/mass-readings-and-reflection-sept-04-2024/,recovered,https://www.catholicgallery.org/mass-reading/040924/,recovered,Wednesday of week 22 in Ordinary Time,two_secondary_sources,
2024-09-05,not_in_current_live_collection,,recovered,https://www.catholicleaf.com/mass-readings-and-reflection-sept-05-2024/,recovered,https://www.catholicgallery.org/mass-reading/050924/,recovered,Thursday of week 22 in Ordinary Time or Saint Teresa of Calcutta (Mother Teresa),two_secondary_sources,
2024-09-06,not_in_current_live_collection,,recovered,https://www.catholicleaf.com/mass-readings-and-reflection-sept-06-2024/,recovered,https://www.catholicgallery.org/mass-reading/060924/,recovered,Friday of week 22 in Ordinary Time,two_secondary_sources,
2024-09-07,not_in_current_live_collection,,recovered,https://www.catholicleaf.com/mass-readings-and-reflection-sept-07-2024/,recovered,https://www.catholicgallery.org/mass-reading/070924/,recovered,Saturday of week 22 in Ordinary Time or Saturday memorial of the Blessed Virgin Mary,two_secondary_sources,
2024-09-08,not_in_current_live_collection,,recovered,https://www.catholicleaf.com/mass-readings-and-reflections-sept-08-2024/,recovered,https://www.catholicgallery.org/mass-reading/080924/,recovered,23rd Sunday in Ordinary Time,two_secondary_sources,
2024-09-09,not_in_current_live_collection,,recovered,https://www.catholicleaf.com/mass-readings-and-reflection-sept-09-2024/,recovered,https://www.catholicgallery.org/mass-reading/090924/,recovered,Monday of week 23 in Ordinary Time or Saint Peter Claver,two_secondary_sources,
2024-09-10,not_in_current_live_collection,,recovered,https://www.catholicleaf.com/mass-readings-and-reflection-sept-10-2024/,recovered,https://www.catholicgallery.org/mass-reading/100924/,recovered,Tuesday of week 23 in Ordinary Time,two_secondary_sources,
2024-09-11,not_in_current_live_collection,,recovered,https://www.catholicleaf.com/mass-readings-and-reflection-sept-11-2024/,recovered,https://www.catholicgallery.org/mass-reading/110924/,recovered,Wednesday of week 23 in Ordinary Time,two_secondary_sources,
2024-09-12,not_in_current_live_collection,,recovered,https://www.catholicleaf.com/mass-readings-and-reflection-sept-12-2024/,recovered,https://www.catholicgallery.org/mass-reading/120924/,recovered,Thursday of week 23 in Ordinary Time or The Most Holy Name of Mary,two_secondary_sources,
2024-09-13,not_in_current_live_collection,,recovered,https://www.catholicleaf.com/mass-readings-and-reflection-sept-13-2024/,recovered,https://www.catholicgallery.org/mass-reading/130924/,recovered,"Saint John Chrysostom, Bishop, Doctor",two_secondary_sources,
2024-09-14,not_in_current_live_collection,,recovered,https://www.catholicleaf.com/mass-readings-and-reflection-sept-14-2024/,recovered,https://www.catholicgallery.org/mass-reading/140924/,recovered,The Exaltation of the Holy Cross Feast,two_secondary_sources,
2024-09-15,not_in_current_live_collection,,recovered,https://www.catholicleaf.com/mass-readings-and-reflections-sept-15-2024/,recovered,https://www.catholicgallery.org/mass-reading/150924/,recovered,24th Sunday in Ordinary Time,two_secondary_sources,
2024-09-16,not_in_current_live_collection,,recovered,https://www.catholicleaf.com/mass-readings-and-reflection-sept-16-2024/,recovered,https://www.catholicgallery.org/mass-reading/160924/,recovered,"Saints Cornelius, Pope, and Cyprian, Bishop, Martyrs",two_secondary_sources,
2024-09-17,not_in_current_live_collection,,recovered,https://www.catholicleaf.com/mass-readings-and-reflection-sept-17-2024/,recovered,https://www.catholicgallery.org/mass-reading/170924/,recovered,"Tuesday of week 24 in Ordinary Time or Saint Robert Bellarmine, Bishop, Doctor or Saint Hildegard of Bingen, Virgin, Doctor",two_secondary_sources,
2024-09-18,not_in_current_live_collection,,recovered,https://www.catholicleaf.com/mass-readings-and-reflection-sept-18-2024/,recovered,https://www.catholicgallery.org/mass-reading/180924/,recovered,Wednesday of week 24 in Ordinary Time,two_secondary_sources,
2024-09-19,not_in_current_live_collection,,recovered,https://www.catholicleaf.com/mass-readings-and-reflection-sept-19-2024/,recovered,https://www.catholicgallery.org/mass-reading/190924/,recovered,"Thursday of week 24 in Ordinary Time or Saint Januarius, Bishop, Martyr",two_secondary_sources,
2024-09-20,not_in_current_live_collection,,recovered,https://www.catholicleaf.com/mass-readings-and-reflection-sept-20-2024/,recovered,https://www.catholicgallery.org/mass-reading/200924/,recovered,"Saints Andrew Kim Taegon, Priest, and Paul Chong Hasang, and their Companions, Martyrs",two_secondary_sources,
2024-09-21,not_in_current_live_collection,,recovered,https://www.catholicleaf.com/mass-readings-and-reflection-sept-21-2024/,recovered,https://www.catholicgallery.org/mass-reading/210924/,recovered,"Saint Matthew, Apostle, Evangelist Feast",two_secondary_sources,
2024-09-22,not_in_current_live_collection,,recovered,https://www.catholicleaf.com/mass-readings-and-reflections-sept-22-2024/,recovered,https://www.catholicgallery.org/mass-reading/220924/,recovered,25th Sunday in Ordinary Time,two_secondary_sources,
2024-09-23,not_in_current_live_collection,,recovered,https://www.catholicleaf.com/mass-readings-and-reflection-sept-23-2024/,recovered,https://www.catholicgallery.org/mass-reading/230924/,recovered,"Saint Pius of Pietrelcina (Padre Pio), Priest",two_secondary_sources,
2024-09-24,not_in_current_live_collection,,recovered,https://www.catholicleaf.com/mass-readings-and-reflection-sept-24-2024/,recovered,https://www.catholicgallery.org/mass-reading/240924/,recovered,Tuesday of week 25 in Ordinary Time,two_secondary_sources,
2024-09-25,not_in_current_live_collection,,recovered,https://www.catholicleaf.com/mass-readings-and-reflection-sept-25-2024/,recovered,https://www.catholicgallery.org/mass-reading/250924/,recovered,Wednesday of week 25 in Ordinary Time,two_secondary_sources,
2024-09-26,not_in_current_live_collection,,recovered,https://www.catholicleaf.com/mass-readings-and-reflection-sept-26-2024/,recovered,https://www.catholicgallery.org/mass-reading/260924/,recovered,"Thursday of week 25 in Ordinary Time or Saints Cosmas and Damian, Martyrs",two_secondary_sources,
2024-09-27,not_in_current_live_collection,,recovered,https://www.catholicleaf.com/mass-readings-and-reflection-sept-27-2024/,recovered,https://www.catholicgallery.org/mass-reading/270924/,recovered,"Saint Vincent de Paul, Priest",two_secondary_sources,
2024-09-28,not_in_current_live_collection,,recovered,https://www.catholicleaf.com/mass-readings-and-reflection-sept-28-2024/,recovered,https://www.catholicgallery.org/mass-reading/280924/,recovered,"Saturday of week 25 in Ordinary Time or Saint Wenceslaus, Martyr or Saints Laurence Ruiz and his Companions, Martyrs or Saturday memorial of the Blessed Virgin Mary",two_secondary_sources,
2024-09-29,not_in_current_live_collection,,recovered,https://www.catholicleaf.com/mass-readings-and-reflections-sept-29-2024/,recovered,https://www.catholicgallery.org/mass-reading/290924/,recovered,26th Sunday in Ordinary Time,two_secondary_sources,
2024-09-30,not_in_current_live_collection,,recovered,https://www.catholicleaf.com/mass-readings-and-reflection-sept-30-2024/,recovered,https://www.catholicgallery.org/mass-reading/300924/,recovered,"Saint Jerome, Priest, Doctor",two_secondary_sources,
2024-10-01,not_in_current_live_collection,,recovered,https://www.catholicleaf.com/mass-readings-and-reflection-oct-01-2024/,recovered,https://www.catholicgallery.org/mass-reading/011024/,recovered,"Our Lady, Queen and Patroness of Nigeria Solemnity",two_secondary_sources,
2024-10-02,not_in_current_live_collection,,recovered,https://www.catholicleaf.com/mass-readings-and-reflection-oct-02-2024/,recovered,https://www.catholicgallery.org/mass-reading/021024/,recovered,The Holy Guardian Angels,two_secondary_sources,
2024-10-03,not_in_current_live_collection,,recovered,https://www.catholicleaf.com/mass-readings-and-reflection-oct-03-2024/,recovered,https://www.catholicgallery.org/mass-reading/031024/,recovered,"Saint Thérèse of the Child Jesus, Virgin, Doctor",two_secondary_sources,
2024-10-04,not_in_current_live_collection,,recovered,https://www.catholicleaf.com/mass-readings-and-reflection-oct-04-2024/,recovered,https://www.catholicgallery.org/mass-reading/041024/,recovered,Saint Francis of Assisi,two_secondary_sources,
2024-10-05,not_in_current_live_collection,,recovered,https://www.catholicleaf.com/mass-readings-and-reflection-oct-05-2024/,recovered,https://www.catholicgallery.org/mass-reading/051024/,recovered,"Saturday of week 26 in Ordinary Time or Saint Faustina Kowalska, Religious or Saturday memorial of the Blessed Virgin Mary",two_secondary_sources,
2024-10-06,not_in_current_live_collection,,recovered,https://www.catholicleaf.com/mass-readings-and-reflections-october-06-2024/,recovered,https://www.catholicgallery.org/mass-reading/061024/,recovered,27th Sunday in Ordinary Time,two_secondary_sources,
2024-10-07,not_in_current_live_collection,,recovered,https://www.catholicleaf.com/mass-readings-and-reflection-oct-07-2024/,recovered,https://www.catholicgallery.org/mass-reading/071024/,recovered,Our Lady of the Rosary,two_secondary_sources,
2024-10-08,not_in_current_live_collection,,recovered,https://www.catholicleaf.com/mass-readings-and-reflection-oct-08-2024/,recovered,https://www.catholicgallery.org/mass-reading/081024/,recovered,Tuesday of week 27 in Ordinary Time,two_secondary_sources,
2024-10-09,not_in_current_live_collection,,recovered,https://www.catholicleaf.com/mass-readings-and-reflection-oct-09-2024/,recovered,https://www.catholicgallery.org/mass-reading/091024/,recovered,"Wednesday of week 27 in Ordinary Time or Saints Denis, Bishop, and his Companions, Martyrs or Saint John Leonardi, Priest",two_secondary_sources,
2024-10-10,not_in_current_live_collection,,unavailable,,recovered,https://www.catholicgallery.org/mass-reading/101024/,recovered,Thursday of week 27 in Ordinary Time,one_secondary_source,
2024-10-11,not_in_current_live_collection,,recovered,https://www.catholicleaf.com/mass-readings-and-reflection-oct-11-2024/,recovered,https://www.catholicgallery.org/mass-reading/111024/,recovered,"Friday of week 27 in Ordinary Time or Saint John XXIII, Pope",two_secondary_sources,
2024-10-12,not_in_current_live_collection,,recovered,https://www.catholicleaf.com/mass-readings-and-reflection-oct-12-2024/,recovered,https://www.catholicgallery.org/mass-reading/121024/,recovered,Saturday of week 27 in Ordinary Time or Saturday memorial of the Blessed Virgin Mary,two_secondary_sources,
2024-10-13,not_in_current_live_collection,,recovered,https://www.catholicleaf.com/mass-readings-and-reflections-october-13-2024/,recovered,https://www.catholicgallery.org/mass-reading/131024/,recovered,28th Sunday in Ordinary Time,two_secondary_sources,
2024-10-14,not_in_current_live_collection,,recovered,https://www.catholicleaf.com/mass-readings-and-reflection-oct-14-2024/,recovered,https://www.catholicgallery.org/mass-reading/141024/,recovered,"Monday of week 28 in Ordinary Time or Saint Callistus, Pope, Martyr",two_secondary_sources,
2024-10-15,not_in_current_live_collection,,recovered,https://www.catholicleaf.com/mass-readings-and-reflection-oct-15-2024/,recovered,https://www.catholicgallery.org/mass-reading/151024/,recovered,"Saint Teresa of Ávila, Virgin, Doctor",two_secondary_sources,
2024-10-16,not_in_current_live_collection,,recovered,https://www.catholicleaf.com/mass-readings-and-reflection-oct-16-2024/,recovered,https://www.catholicgallery.org/mass-reading/161024/,recovered,"Wednesday of week 28 in Ordinary Time or Saint Hedwig, Religious or Saint Margaret Mary Alacoque, Virgin",two_secondary_sources,
2024-10-17,not_in_current_live_collection,,recovered,https://www.catholicleaf.com/mass-readings-and-reflection-oct-17-2024/,recovered,https://www.catholicgallery.org/mass-reading/171024/,recovered,"Saint Ignatius of Antioch, Bishop, Martyr",two_secondary_sources,
2024-10-18,not_in_current_live_collection,,recovered,https://www.catholicleaf.com/mass-readings-and-reflection-oct-18-2024/,recovered,https://www.catholicgallery.org/mass-reading/181024/,recovered,"Saint Luke, Evangelist Feast",two_secondary_sources,
2024-10-19,not_in_current_live_collection,,recovered,https://www.catholicleaf.com/mass-readings-and-reflection-oct-19-2024/,recovered,https://www.catholicgallery.org/mass-reading/191024/,recovered,"Saturday of week 28 in Ordinary Time or Saints John de Brébeuf and Isaac Jogues, priests, and their Companions, Martyrs or Saint Paul of the Cross, Priest or Saturday memorial of the Blessed Virgin Mary",two_secondary_sources,
2024-10-20,not_in_current_live_collection,,recovered,https://www.catholicleaf.com/mass-readings-and-reflections-october-20-2024/,recovered,https://www.catholicgallery.org/mass-reading/201024/,recovered,29th Sunday in Ordinary Time,two_secondary_sources,
2024-10-21,not_in_current_live_collection,,recovered,https://www.catholicleaf.com/mass-readings-and-reflection-oct-21-2024/,recovered,https://www.catholicgallery.org/mass-reading/211024/,recovered,Monday of week 29 in Ordinary Time,two_secondary_sources,
2024-10-22,not_in_current_live_collection,,recovered,https://www.catholicleaf.com/mass-readings-and-reflection-oct-22-2024/,recovered,https://www.catholicgallery.org/mass-reading/221024/,recovered,"Tuesday of week 29 in Ordinary Time or Saint John Paul II, Pope",two_secondary_sources,
2024-10-23,not_in_current_live_collection,,unavailable,,recovered,https://www.catholicgallery.org/mass-reading/231024/,recovered,"Wednesday of week 29 in Ordinary Time or Saint John of Capistrano, Priest",one_secondary_source,
2024-10-24,not_in_current_live_collection,,recovered,https://www.catholicleaf.com/mass-readings-and-reflection-oct-24-2024/,recovered,https://www.catholicgallery.org/mass-reading/241024/,recovered,"Thursday of week 29 in Ordinary Time or Saint Antony Mary Claret, Bishop",two_secondary_sources,
2024-10-25,not_in_current_live_collection,,recovered,https://www.catholicleaf.com/mass-readings-and-reflection-oct-25-2024/,recovered,https://www.catholicgallery.org/mass-reading/251024/,recovered,Friday of week 29 in Ordinary Time,two_secondary_sources,
2024-10-26,not_in_current_live_collection,,recovered,https://www.catholicleaf.com/mass-readings-and-reflection-oct-26-2024/,recovered,https://www.catholicgallery.org/mass-reading/261024/,recovered,Saturday of week 29 in Ordinary Time or Saturday memorial of the Blessed Virgin Mary,two_secondary_sources,
2024-10-27,not_in_current_live_collection,,recovered,https://www.catholicleaf.com/mass-readings-and-reflections-october-27-2024/,recovered,https://www.catholicgallery.org/mass-reading/271024/,recovered,30th Sunday in Ordinary Time,two_secondary_sources,
2024-10-28,not_in_current_live_collection,,recovered,https://www.catholicleaf.com/mass-readings-and-reflection-oct-28-2024/,recovered,https://www.catholicgallery.org/mass-reading/281024/,recovered,"Saints Simon and Jude, Apostles Feast",two_secondary_sources,
2024-10-29,not_in_current_live_collection,,recovered,https://www.catholicleaf.com/mass-readings-and-reflection-oct-29-2024/,recovered,https://www.catholicgallery.org/mass-reading/291024/,recovered,Tuesday of week 30 in Ordinary Time,two_secondary_sources,
2024-10-30,not_in_current_live_collection,,recovered,https://www.catholicleaf.com/mass-readings-and-reflection-oct-30-2024/,recovered,https://www.catholicgallery.org/mass-reading/301024/,recovered,Wednesday of week 30 in Ordinary Time,two_secondary_sources,
2024-10-31,not_in_current_live_collection,,recovered,https://www.catholicleaf.com/mass-readings-and-reflection-oct-31-2024/,recovered,https://www.catholicgallery.org/mass-reading/311024/,recovered,Thursday of week 30 in Ordinary Time,two_secondary_sources,
2024-11-01,not_in_current_live_collection,,recovered,https://www.catholicleaf.com/mass-readings-and-reflections-nov-01-2024/,recovered,https://www.catholicgallery.org/mass-reading/011124/,recovered,All Saints Solemnity,two_secondary_sources,
2024-11-02,not_in_current_live_collection,,recovered,https://www.catholicleaf.com/mass-readings-and-reflections-nov-02-2024/,recovered,https://www.catholicgallery.org/mass-reading/021124/,recovered,All Souls,two_secondary_sources,
2024-11-03,not_in_current_live_collection,,recovered,https://www.catholicleaf.com/mass-readings-and-reflections-nov-03-2024/,recovered,https://www.catholicgallery.org/mass-reading/031124/,recovered,31st Sunday in Ordinary Time,two_secondary_sources,
2024-11-04,not_in_current_live_collection,,recovered,https://www.catholicleaf.com/mass-readings-and-reflection-nov-04-2024/,recovered,https://www.catholicgallery.org/mass-reading/041124/,recovered,"Saint Charles Borromeo, Bishop",two_secondary_sources,
2024-11-05,not_in_current_live_collection,,recovered,https://www.catholicleaf.com/mass-readings-and-reflection-nov-05-2024/,recovered,https://www.catholicgallery.org/mass-reading/051124/,recovered,Tuesday of week 31 in Ordinary Time,two_secondary_sources,
2024-11-06,not_in_current_live_collection,,recovered,https://www.catholicleaf.com/mass-readings-and-reflection-nov-06-2024/,recovered,https://www.catholicgallery.org/mass-reading/061124/,recovered,Wednesday of week 31 in Ordinary Time,two_secondary_sources,
2024-11-07,not_in_current_live_collection,,recovered,https://www.catholicleaf.com/mass-readings-and-reflection-nov-07-2024/,recovered,https://www.catholicgallery.org/mass-reading/071124/,recovered,Thursday of week 31 in Ordinary Time,two_secondary_sources,
2024-11-08,not_in_current_live_collection,,recovered,https://www.catholicleaf.com/mass-readings-and-reflection-nov-08-2024/,recovered,https://www.catholicgallery.org/mass-reading/081124/,recovered,Friday of week 31 in Ordinary Time,two_secondary_sources,
2024-11-09,not_in_current_live_collection,,recovered,https://www.catholicleaf.com/mass-readings-and-reflections-nov-09-2024/,recovered,https://www.catholicgallery.org/mass-reading/091124/,recovered,Dedication of the Lateran Basilica Feast,two_secondary_sources,
2024-11-10,not_in_current_live_collection,,recovered,https://www.catholicleaf.com/mass-readings-and-reflections-nov-10-2024/,recovered,https://www.catholicgallery.org/mass-reading/101124/,recovered,32nd Sunday in Ordinary Time,two_secondary_sources,
2024-11-11,not_in_current_live_collection,,recovered,https://www.catholicleaf.com/mass-readings-and-reflection-nov-11-2024/,recovered,https://www.catholicgallery.org/mass-reading/111124/,recovered,"Saint Martin of Tours, Bishop",two_secondary_sources,
2024-11-12,not_in_current_live_collection,,recovered,https://www.catholicleaf.com/mass-readings-and-reflection-nov-12-2024/,recovered,https://www.catholicgallery.org/mass-reading/121124/,recovered,"Saint Josaphat, Bishop, Martyr",two_secondary_sources,
2024-11-13,not_in_current_live_collection,,recovered,https://www.catholicleaf.com/mass-readings-and-reflection-nov-13-2024/,recovered,https://www.catholicgallery.org/mass-reading/131124/,recovered,Wednesday of week 32 in Ordinary Time,two_secondary_sources,
2024-11-14,not_in_current_live_collection,,recovered,https://www.catholicleaf.com/mass-readings-and-reflection-nov-14-2024/,recovered,https://www.catholicgallery.org/mass-reading/141124/,recovered,Thursday of week 32 in Ordinary Time,two_secondary_sources,
2024-11-15,not_in_current_live_collection,,recovered,https://www.catholicleaf.com/mass-readings-and-reflection-nov-15-2024/,recovered,https://www.catholicgallery.org/mass-reading/151124/,recovered,"Friday of week 32 in Ordinary Time or Saint Albert the Great, Bishop, Doctor",two_secondary_sources,
2024-11-16,not_in_current_live_collection,,recovered,https://www.catholicleaf.com/mass-readings-and-reflection-nov-16-2024/,recovered,https://www.catholicgallery.org/mass-reading/161124/,recovered,"Saturday of week 32 in Ordinary Time or Saint Margaret of Scotland or Saint Gertrude, Virgin or Saturday memorial of the Blessed Virgin Mary",two_secondary_sources,
2024-11-17,not_in_current_live_collection,,recovered,https://www.catholicleaf.com/mass-readings-and-reflections-nov-17-2024/,recovered,https://www.catholicgallery.org/mass-reading/171124/,recovered,33rd Sunday in Ordinary Time,two_secondary_sources,
2024-11-18,not_in_current_live_collection,,recovered,https://www.catholicleaf.com/mass-readings-and-reflection-nov-18-2024/,recovered,https://www.catholicgallery.org/mass-reading/181124/,recovered,"Monday of week 33 in Ordinary Time or Dedication of the Basilicas of Saints Peter and Paul, Apostles",two_secondary_sources,
2024-11-19,not_in_current_live_collection,,recovered,https://www.catholicleaf.com/mass-readings-and-reflection-nov-19-2024/,recovered,https://www.catholicgallery.org/mass-reading/191124/,recovered,Tuesday of week 33 in Ordinary Time,two_secondary_sources,
2024-11-20,not_in_current_live_collection,,recovered,https://www.catholicleaf.com/mass-readings-and-reflection-nov-20-2024/,recovered,https://www.catholicgallery.org/mass-reading/201124/,recovered,Wednesday of week 33 in Ordinary Time,two_secondary_sources,
2024-11-21,not_in_current_live_collection,,recovered,https://www.catholicleaf.com/mass-readings-and-reflection-nov-21-2024/,recovered,https://www.catholicgallery.org/mass-reading/211124/,recovered,The Presentation of the Blessed Virgin Mary,two_secondary_sources,
2024-11-22,not_in_current_live_collection,,recovered,https://www.catholicleaf.com/mass-readings-and-reflection-nov-22-2024/,recovered,https://www.catholicgallery.org/mass-reading/221124/,recovered,"Saint Cecilia, Virgin, Martyr",two_secondary_sources,
2024-11-23,not_in_current_live_collection,,recovered,https://www.catholicleaf.com/mass-readings-and-reflection-nov-23-2024/,recovered,https://www.catholicgallery.org/mass-reading/231124/,recovered,"Saturday of week 33 in Ordinary Time or Saint Clement I, Pope, Martyr or Saint Columbanus, Abbot and Missionary or Saturday memorial of the Blessed Virgin Mary",two_secondary_sources,
2024-11-24,not_in_current_live_collection,,recovered,https://www.catholicleaf.com/mass-readings-and-reflections-nov-24-2024/,recovered,https://www.catholicgallery.org/mass-reading/241124/,recovered,Christ the King Solemnity,two_secondary_sources,
2024-11-25,not_in_current_live_collection,,recovered,https://www.catholicleaf.com/mass-readings-and-reflection-nov-25-2024/,recovered,https://www.catholicgallery.org/mass-reading/251124/,recovered,"Monday of week 34 in Ordinary Time or Saint Catherine of Alexandria, Virgin, Martyr",two_secondary_sources,
2024-11-26,not_in_current_live_collection,,recovered,https://www.catholicleaf.com/mass-readings-and-reflection-nov-26-2024/,recovered,https://www.catholicgallery.org/mass-reading/261124/,recovered,Tuesday of week 34 in Ordinary Time,two_secondary_sources,
2024-11-27,not_in_current_live_collection,,recovered,https://www.catholicleaf.com/mass-readings-and-reflection-nov-27-2024/,recovered,https://www.catholicgallery.org/mass-reading/271124/,recovered,Wednesday of week 34 in Ordinary Time,two_secondary_sources,
2024-11-28,not_in_current_live_collection,,recovered,https://www.catholicleaf.com/mass-readings-and-reflection-nov-28-2024/,recovered,https://www.catholicgallery.org/mass-reading/281124/,recovered,Thursday of week 34 in Ordinary Time,two_secondary_sources,
2024-11-29,not_in_current_live_collection,,recovered,https://www.catholicleaf.com/mass-readings-and-reflection-nov-29-2024/,recovered,https://www.catholicgallery.org/mass-reading/291124/,recovered,Friday of week 34 in Ordinary Time,two_secondary_sources,
2024-11-30,not_in_current_live_collection,,recovered,https://www.catholicleaf.com/mass-readings-and-reflection-nov-30-2024/,recovered,https://www.catholicgallery.org/mass-reading/301124/,recovered,"Saint Andrew, Apostle Feast",two_secondary_sources,
2024-12-01,not_in_current_live_collection,,recovered,https://www.catholicleaf.com/mass-readings-and-reflections-dec-01-2024/,recovered,https://www.catholicgallery.org/mass-reading/011224/,recovered,1st Sunday of Advent,two_secondary_sources,
2024-12-02,not_in_current_live_collection,,recovered,https://www.catholicleaf.com/mass-readings-and-reflection-dec-02-2024/,recovered,https://www.catholicgallery.org/mass-reading/021224/,recovered,Monday of the 1st week of Advent,two_secondary_sources,
2024-12-03,not_in_current_live_collection,,recovered,https://www.catholicleaf.com/mass-readings-and-reflection-dec-03-2024/,recovered,https://www.catholicgallery.org/mass-reading/031224/,recovered,"Saint Francis Xavier, Priest",two_secondary_sources,
2024-12-04,not_in_current_live_collection,,recovered,https://www.catholicleaf.com/mass-readings-and-reflection-dec-04-2024/,recovered,https://www.catholicgallery.org/mass-reading/041224/,recovered,"Wednesday of the 1st week of Advent or Saint John Damascene, Priest, Doctor",two_secondary_sources,
2024-12-05,not_in_current_live_collection,,recovered,https://www.catholicleaf.com/mass-readings-and-reflection-dec-05-2024/,recovered,https://www.catholicgallery.org/mass-reading/051224/,recovered,Thursday of the 1st week of Advent,two_secondary_sources,
2024-12-06,not_in_current_live_collection,,recovered,https://www.catholicleaf.com/mass-readings-and-reflection-dec-06-2024/,recovered,https://www.catholicgallery.org/mass-reading/061224/,recovered,"Friday of the 1st week of Advent or Saint Nicholas, Bishop",two_secondary_sources,
2024-12-07,not_in_current_live_collection,,recovered,https://www.catholicleaf.com/mass-readings-and-reflection-dec-07-2024/,recovered,https://www.catholicgallery.org/mass-reading/071224/,recovered,"Saint Ambrose, Bishop, Doctor",two_secondary_sources,
2024-12-08,not_in_current_live_collection,,recovered,https://www.catholicleaf.com/mass-readings-and-reflections-dec-08-2024/,recovered,https://www.catholicgallery.org/mass-reading/081224/,recovered,2nd Sunday of Advent,two_secondary_sources,
2024-12-09,not_in_current_live_collection,,recovered,https://www.catholicleaf.com/mass-readings-and-reflection-dec-09-2024/,recovered,https://www.catholicgallery.org/mass-reading/091224/,recovered,The Immaculate Conception of the Blessed Virgin Mary Solemnity,two_secondary_sources,
2024-12-10,not_in_current_live_collection,,recovered,https://www.catholicleaf.com/mass-readings-and-reflection-dec-10-2024/,recovered,https://www.catholicgallery.org/mass-reading/101224/,recovered,Tuesday of the 2nd week of Advent or Our Lady of Loreto,two_secondary_sources,
2024-12-11,not_in_current_live_collection,,recovered,https://www.catholicleaf.com/mass-readings-and-reflection-dec-11-2024/,recovered,https://www.catholicgallery.org/mass-reading/111224/,recovered,"Wednesday of the 2nd week of Advent or Saint Damasus I, Pope",two_secondary_sources,
2024-12-12,not_in_current_live_collection,,recovered,https://www.catholicleaf.com/mass-readings-and-reflection-dec-12-2024/,recovered,https://www.catholicgallery.org/mass-reading/121224/,recovered,Thursday of the 2nd week of Advent or Our Lady of Guadalupe,two_secondary_sources,
2024-12-13,not_in_current_live_collection,,recovered,https://www.catholicleaf.com/mass-readings-and-reflection-dec-13-2024/,recovered,https://www.catholicgallery.org/mass-reading/131224/,recovered,"Saint Lucy, Virgin, Martyr",two_secondary_sources,
2024-12-14,not_in_current_live_collection,,recovered,https://www.catholicleaf.com/mass-readings-and-reflection-dec-14-2024/,recovered,https://www.catholicgallery.org/mass-reading/141224/,recovered,"Saint John of the Cross, Priest, Doctor",two_secondary_sources,
2024-12-15,not_in_current_live_collection,,unavailable,,recovered,https://www.catholicgallery.org/mass-reading/151224/,recovered,3rd Sunday of Advent,one_secondary_source,
2024-12-16,not_in_current_live_collection,,recovered,https://www.catholicleaf.com/mass-readings-and-reflection-dec-16-2024/,recovered,https://www.catholicgallery.org/mass-reading/161224/,recovered,Monday of the 3rd week of Advent,two_secondary_sources,
2024-12-17,not_in_current_live_collection,,recovered,https://www.catholicleaf.com/mass-readings-and-reflection-dec-17-2024/,recovered,https://www.catholicgallery.org/mass-reading/171224/,recovered,17 December,two_secondary_sources,
2024-12-18,not_in_current_live_collection,,recovered,https://www.catholicleaf.com/mass-readings-and-reflection-dec-18-2024/,recovered,https://www.catholicgallery.org/mass-reading/181224/,recovered,18 December,two_secondary_sources,
2024-12-19,not_in_current_live_collection,,recovered,https://www.catholicleaf.com/mass-readings-and-reflection-dec-19-2024/,recovered,https://www.catholicgallery.org/mass-reading/191224/,recovered,19 December,two_secondary_sources,
2024-12-20,not_in_current_live_collection,,recovered,https://www.catholicleaf.com/mass-readings-and-reflection-dec-20-2024/,recovered,https://www.catholicgallery.org/mass-reading/201224/,recovered,20 December,two_secondary_sources,
2024-12-21,not_in_current_live_collection,,recovered,https://www.catholicleaf.com/mass-readings-and-reflection-dec-21-2024/,recovered,https://www.catholicgallery.org/mass-reading/211224/,recovered,"21 December (commemoration of Saint Peter Canisius, Priest, Doctor)",two_secondary_sources,
2024-12-22,not_in_current_live_collection,,recovered,https://www.catholicleaf.com/mass-readings-and-reflections-dec-22-2024/,recovered,https://www.catholicgallery.org/mass-reading/221224/,recovered,4th Sunday of Advent,two_secondary_sources,
2024-12-23,not_in_current_live_collection,,recovered,https://www.catholicleaf.com/mass-readings-and-reflection-dec-23-2024/,recovered,https://www.catholicgallery.org/mass-reading/231224/,recovered,"23 December (commemoration of Saint John of Kęty, Priest)",two_secondary_sources,
2024-12-24,not_in_current_live_collection,,recovered,https://www.catholicleaf.com/mass-readings-and-reflection-dec-24-2024/,recovered,https://www.catholicgallery.org/mass-reading/241224/,recovered,24 December,two_secondary_sources,
2024-12-25,not_in_current_live_collection,,recovered,https://www.catholicleaf.com/mass-readings-and-reflection-dec-25-2024/,recovered,https://www.catholicgallery.org/mass-reading/251224/,recovered,Christmas Day Solemnity,two_secondary_sources,
2024-12-26,not_in_current_live_collection,,recovered,https://www.catholicleaf.com/mass-readings-and-reflection-dec-26-2024/,recovered,https://www.catholicgallery.org/mass-reading/261224/,recovered,"Saint Stephen, the first Martyr Feast",two_secondary_sources,
2024-12-27,not_in_current_live_collection,,recovered,https://www.catholicleaf.com/mass-readings-and-reflection-dec-27-2024/,recovered,https://www.catholicgallery.org/mass-reading/271224/,recovered,"Saint John, Apostle, Evangelist Feast",two_secondary_sources,
2024-12-28,not_in_current_live_collection,,recovered,https://www.catholicleaf.com/mass-readings-and-reflection-dec-28-2024/,recovered,https://www.catholicgallery.org/mass-reading/281224/,recovered,"The Holy Innocents, Martyrs Feast",two_secondary_sources,
2024-12-29,not_in_current_live_collection,,recovered,https://www.catholicleaf.com/mass-readings-and-reflection-dec-29-2024/,recovered,https://www.catholicgallery.org/mass-reading/291224/,recovered,The Holy Family,two_secondary_sources,
2024-12-30,not_in_current_live_collection,,recovered,https://www.catholicleaf.com/mass-readings-and-reflection-dec-30-2024/,recovered,https://www.catholicgallery.org/mass-reading/301224/,recovered,6th day within the octave of Christmas,two_secondary_sources,
2024-12-31,not_in_current_live_collection,,recovered,https://www.catholicleaf.com/mass-readings-and-reflection-dec-31-2024/,recovered,https://www.catholicgallery.org/mass-reading/311224/,recovered,"7th day within the octave of Christmas (commemoration of Saint Silvester I, Pope)",two_secondary_sources,
2025-01-01,not_in_current_live_collection,,recovered,https://www.catholicleaf.com/mass-readings-and-reflections-jan-01-2025/,recovered,https://www.catholicgallery.org/mass-reading/010125/,recovered,"Mary, the Holy Mother of God Solemnity",two_secondary_sources,
2025-01-02,not_in_current_live_collection,,recovered,https://www.catholicleaf.com/mass-readings-and-reflection-jan-02-2025/,recovered,https://www.catholicgallery.org/mass-reading/020125/,recovered,"Saints Basil the Great and Gregory Nazianzen, Bishops, Doctors",two_secondary_sources,
2025-01-03,not_in_current_live_collection,,recovered,https://www.catholicleaf.com/mass-readings-and-reflection-jan-03-2025/,recovered,https://www.catholicgallery.org/mass-reading/030125/,recovered,3 January or The Most Holy Name of Jesus,two_secondary_sources,
2025-01-04,not_in_current_live_collection,,recovered,https://www.catholicleaf.com/mass-readings-and-reflection-jan-04-2025/,recovered,https://www.catholicgallery.org/mass-reading/040125/,recovered,4 January,two_secondary_sources,
2025-01-05,not_in_current_live_collection,,recovered,https://www.catholicleaf.com/mass-readings-and-reflections-jan-05-2025/,recovered,https://www.catholicgallery.org/mass-reading/050125/,recovered,The Epiphany of the Lord Solemnity,two_secondary_sources,
2025-01-06,not_in_current_live_collection,,recovered,https://www.catholicleaf.com/mass-readings-and-reflection-jan-06-2025/,recovered,https://www.catholicgallery.org/mass-reading/060125/,recovered,Monday after Epiphany Sunday,two_secondary_sources,
2025-01-07,not_in_current_live_collection,,recovered,https://www.catholicleaf.com/mass-readings-and-reflection-jan-07-2025/,recovered,https://www.catholicgallery.org/mass-reading/070125/,recovered,"Tuesday after Epiphany Sunday or Saint Raymond of Penyafort, Priest",two_secondary_sources,
2025-01-08,not_in_current_live_collection,,recovered,https://www.catholicleaf.com/mass-readings-and-reflection-jan-08-2025/,recovered,https://www.catholicgallery.org/mass-reading/080125/,recovered,Wednesday after Epiphany Sunday,two_secondary_sources,
2025-01-09,not_in_current_live_collection,,recovered,https://www.catholicleaf.com/mass-readings-and-reflection-jan-09-2025/,recovered,https://www.catholicgallery.org/mass-reading/090125/,recovered,Thursday after Epiphany Sunday,two_secondary_sources,
2025-01-10,not_in_current_live_collection,,recovered,https://www.catholicleaf.com/mass-readings-and-reflection-jan-10-2025/,recovered,https://www.catholicgallery.org/mass-reading/100125/,recovered,Friday after Epiphany Sunday,two_secondary_sources,
2025-01-11,not_in_current_live_collection,,recovered,https://www.catholicleaf.com/mass-readings-and-reflection-jan-11-2025/,recovered,https://www.catholicgallery.org/mass-reading/110125/,recovered,Saturday after Epiphany Sunday,two_secondary_sources,
2025-01-12,not_in_current_live_collection,,recovered,https://www.catholicleaf.com/mass-readings-and-reflection-jan-12-2025/,recovered,https://www.catholicgallery.org/mass-reading/120125/,recovered,The Baptism of the Lord Feast,two_secondary_sources,
2025-01-13,not_in_current_live_collection,,recovered,https://www.catholicleaf.com/mass-readings-and-reflection-jan-13-2025/,recovered,https://www.catholicgallery.org/mass-reading/130125/,recovered,"Monday of week 1 in Ordinary Time or Saint Hilary, Bishop, Doctor",two_secondary_sources,
2025-01-14,not_in_current_live_collection,,recovered,https://www.catholicleaf.com/mass-readings-and-reflection-jan-14-2025/,recovered,https://www.catholicgallery.org/mass-reading/140125/,recovered,Tuesday of week 1 in Ordinary Time,two_secondary_sources,
2025-01-15,not_in_current_live_collection,,recovered,https://www.catholicleaf.com/mass-readings-and-reflection-jan-15-2025/,recovered,https://www.catholicgallery.org/mass-reading/150125/,recovered,Wednesday of week 1 in Ordinary Time,two_secondary_sources,
2025-01-16,not_in_current_live_collection,,recovered,https://www.catholicleaf.com/mass-readings-and-reflection-jan-16-2025/,recovered,https://www.catholicgallery.org/mass-reading/160125/,recovered,Thursday of week 1 in Ordinary Time,two_secondary_sources,
2025-01-17,not_in_current_live_collection,,recovered,https://www.catholicleaf.com/mass-readings-and-reflection-jan-17-2025/,recovered,https://www.catholicgallery.org/mass-reading/170125/,recovered,"Saint Antony, Abbot",two_secondary_sources,
2025-01-18,not_in_current_live_collection,,recovered,https://www.catholicleaf.com/mass-readings-and-reflection-jan-18-2025/,recovered,https://www.catholicgallery.org/mass-reading/180125/,recovered,Saturday of week 1 in Ordinary Time or Saturday memorial of the Blessed Virgin Mary,two_secondary_sources,
2025-01-19,not_in_current_live_collection,,recovered,https://www.catholicleaf.com/mass-readings-and-reflection-jan-19-2025/,recovered,https://www.catholicgallery.org/mass-reading/190125/,recovered,2nd Sunday in Ordinary Time,two_secondary_sources,
2025-01-20,not_in_current_live_collection,,recovered,https://www.catholicleaf.com/mass-readings-and-reflection-jan-20-2025/,recovered,https://www.catholicgallery.org/mass-reading/200125/,recovered,"Blessed Cyprian Michael Iwene Tansi, Priest Feast",two_secondary_sources,
2025-01-21,not_in_current_live_collection,,recovered,https://www.catholicleaf.com/mass-readings-and-reflection-jan-21-2025/,recovered,https://www.catholicgallery.org/mass-reading/210125/,recovered,"Saint Agnes, Virgin, Martyr",two_secondary_sources,
2025-01-22,not_in_current_live_collection,,recovered,https://www.catholicleaf.com/mass-readings-and-reflection-jan-22-2025/,recovered,https://www.catholicgallery.org/mass-reading/220125/,recovered,"Wednesday of week 2 in Ordinary Time or Saint Vincent, Deacon, Martyr",two_secondary_sources,
2025-01-23,not_in_current_live_collection,,recovered,https://www.catholicleaf.com/mass-readings-and-reflection-jan-23-2025/,recovered,https://www.catholicgallery.org/mass-reading/230125/,recovered,Thursday of week 2 in Ordinary Time,two_secondary_sources,
2025-01-24,not_in_current_live_collection,,recovered,https://www.catholicleaf.com/mass-readings-and-reflection-jan-24-2025/,recovered,https://www.catholicgallery.org/mass-reading/240125/,recovered,"Saint Francis de Sales, Bishop, Doctor",two_secondary_sources,
2025-01-25,not_in_current_live_collection,,recovered,https://www.catholicleaf.com/mass-readings-and-reflection-jan-25-2025/,recovered,https://www.catholicgallery.org/mass-reading/250125/,recovered,"The Conversion of Saint Paul, Apostle Feast",two_secondary_sources,
2025-01-26,not_in_current_live_collection,,recovered,https://www.catholicleaf.com/mass-readings-and-reflection-jan-26-2025/,recovered,https://www.catholicgallery.org/mass-reading/260125/,recovered,3rd Sunday in Ordinary Time (Sunday of the Word of God),two_secondary_sources,
2025-01-27,not_in_current_live_collection,,recovered,https://www.catholicleaf.com/mass-readings-and-reflection-jan-27-2025/,recovered,https://www.catholicgallery.org/mass-reading/270125/,recovered,"Monday of week 3 in Ordinary Time or Saint Angela Merici, Virgin",two_secondary_sources,
2025-01-28,not_in_current_live_collection,,recovered,https://www.catholicleaf.com/mass-readings-and-reflection-jan-28-2025/,recovered,https://www.catholicgallery.org/mass-reading/280125/,recovered,"Saint Thomas Aquinas, Priest, Doctor",two_secondary_sources,
2025-01-29,not_in_current_live_collection,,recovered,https://www.catholicleaf.com/mass-readings-and-reflection-jan-29-2025/,recovered,https://www.catholicgallery.org/mass-reading/290125/,recovered,Wednesday of week 3 in Ordinary Time,two_secondary_sources,
2025-01-30,not_in_current_live_collection,,recovered,https://www.catholicleaf.com/mass-readings-and-reflection-jan-30-2025/,recovered,https://www.catholicgallery.org/mass-reading/300125/,recovered,Thursday of week 3 in Ordinary Time,two_secondary_sources,
2025-01-31,not_in_current_live_collection,,recovered,https://www.catholicleaf.com/mass-readings-and-reflection-jan-31-2025/,recovered,https://www.catholicgallery.org/mass-reading/310125/,recovered,"Saint John Bosco, Priest",two_secondary_sources,
2025-02-01,not_in_current_live_collection,,unavailable,,recovered,https://www.catholicgallery.org/mass-reading/010225/,recovered,Saturday of week 3 in Ordinary Time or Saturday memorial of the Blessed Virgin Mary,one_secondary_source,
2025-02-02,not_in_current_live_collection,,recovered,https://www.catholicleaf.com/mass-readings-and-reflection-jan-02-2025-2/,recovered,https://www.catholicgallery.org/mass-reading/020225/,recovered,The Presentation of the Lord Feast,two_secondary_sources,
2025-02-03,not_in_current_live_collection,,recovered,https://www.catholicleaf.com/mass-readings-and-reflection-feb-03-2025/,recovered,https://www.catholicgallery.org/mass-reading/030225/,recovered,"Monday of week 4 in Ordinary Time or Saint Ansgar (Oscar), Bishop or Saint Blaise, Bishop, Martyr",two_secondary_sources,
2025-02-04,not_in_current_live_collection,,recovered,https://www.catholicleaf.com/mass-readings-and-reflection-feb-04-2025/,recovered,https://www.catholicgallery.org/mass-reading/040225/,recovered,Tuesday of week 4 in Ordinary Time,two_secondary_sources,
2025-02-05,not_in_current_live_collection,,recovered,https://www.catholicleaf.com/mass-readings-and-reflection-feb-05-2025/,recovered,https://www.catholicgallery.org/mass-reading/050225/,recovered,"Saint Agatha, Virgin, Martyr",two_secondary_sources,
2025-02-06,not_in_current_live_collection,,recovered,https://www.catholicleaf.com/mass-readings-and-reflection-feb-06-2025/,recovered,https://www.catholicgallery.org/mass-reading/060225/,recovered,"Saints Paul Miki and his Companions, Martyrs",two_secondary_sources,
2025-02-07,not_in_current_live_collection,,recovered,https://www.catholicleaf.com/mass-readings-and-reflection-feb-07-2025/,recovered,https://www.catholicgallery.org/mass-reading/070225/,recovered,Friday of week 4 in Ordinary Time,two_secondary_sources,
2025-02-08,not_in_current_live_collection,,recovered,https://www.catholicleaf.com/mass-readings-and-reflection-feb-08-2025/,recovered,https://www.catholicgallery.org/mass-reading/080225/,recovered,"Saturday of week 4 in Ordinary Time or Saint Jerome Emilian or Saint Josephine Bakhita, Virgin or Saturday memorial of the Blessed Virgin Mary",two_secondary_sources,
2025-02-09,not_in_current_live_collection,,recovered,https://www.catholicleaf.com/mass-readings-and-reflection-feb-09-2025/,recovered,https://www.catholicgallery.org/mass-reading/090225/,recovered,5th Sunday in Ordinary Time,two_secondary_sources,
2025-02-10,not_in_current_live_collection,,unavailable,,recovered,https://www.catholicgallery.org/mass-reading/100225/,recovered,"Saint Scholastica, Virgin",one_secondary_source,
2025-02-11,not_in_current_live_collection,,unavailable,,recovered,https://www.catholicgallery.org/mass-reading/110225/,recovered,Tuesday of week 5 in Ordinary Time or Our Lady of Lourdes,one_secondary_source,
2025-02-12,not_in_current_live_collection,,unavailable,,recovered,https://www.catholicgallery.org/mass-reading/120225/,recovered,Wednesday of week 5 in Ordinary Time,one_secondary_source,
2025-02-13,not_in_current_live_collection,,unavailable,,recovered,https://www.catholicgallery.org/mass-reading/130225/,recovered,Thursday of week 5 in Ordinary Time,one_secondary_source,
2025-02-14,not_in_current_live_collection,,unavailable,,recovered,https://www.catholicgallery.org/mass-reading/140225/,recovered,"Saints Cyril, monk, and Methodius, Bishop",one_secondary_source,
2025-02-15,not_in_current_live_collection,,unavailable,,recovered,https://www.catholicgallery.org/mass-reading/150225/,recovered,Saturday of week 5 in Ordinary Time or Saturday memorial of the Blessed Virgin Mary,one_secondary_source,
2025-02-16,not_in_current_live_collection,,recovered,https://www.catholicleaf.com/mass-readings-and-reflection-feb-16-2025/,recovered,https://www.catholicgallery.org/mass-reading/160225/,recovered,6th Sunday in Ordinary Time,two_secondary_sources,
2025-02-17,not_in_current_live_collection,,recovered,https://www.catholicleaf.com/mass-readings-and-reflection-feb-17-2025/,recovered,https://www.catholicgallery.org/mass-reading/170225/,recovered,Monday of week 6 in Ordinary Time or The Seven Holy Founders of the Servite Order,two_secondary_sources,
2025-02-18,not_in_current_live_collection,,recovered,https://www.catholicleaf.com/mass-readings-and-reflection-feb-18-2025/,recovered,https://www.catholicgallery.org/mass-reading/180225/,recovered,Tuesday of week 6 in Ordinary Time,two_secondary_sources,
2025-02-19,not_in_current_live_collection,,recovered,https://www.catholicleaf.com/mass-readings-and-reflection-feb-19-2025/,recovered,https://www.catholicgallery.org/mass-reading/190225/,recovered,Wednesday of week 6 in Ordinary Time,two_secondary_sources,
2025-02-20,not_in_current_live_collection,,recovered,https://www.catholicleaf.com/mass-readings-and-reflection-feb-20-2025/,recovered,https://www.catholicgallery.org/mass-reading/200225/,recovered,Thursday of week 6 in Ordinary Time,two_secondary_sources,
2025-02-21,not_in_current_live_collection,,recovered,https://www.catholicleaf.com/mass-readings-and-reflection-feb-21-2025/,recovered,https://www.catholicgallery.org/mass-reading/210225/,recovered,"Friday of week 6 in Ordinary Time or Saint Peter Damian, Bishop, Doctor",two_secondary_sources,
2025-02-22,not_in_current_live_collection,,recovered,https://www.catholicleaf.com/mass-readings-and-reflection-feb-22-2025/,recovered,https://www.catholicgallery.org/mass-reading/220225/,recovered,Saint Peter's Chair Feast,two_secondary_sources,
2025-02-23,not_in_current_live_collection,,recovered,https://www.catholicleaf.com/mass-readings-and-reflection-feb-23-2025/,recovered,https://www.catholicgallery.org/mass-reading/230225/,recovered,7th Sunday in Ordinary Time,two_secondary_sources,
2025-02-24,not_in_current_live_collection,,recovered,https://www.catholicleaf.com/mass-readings-and-reflection-feb-24-2025/,recovered,https://www.catholicgallery.org/mass-reading/240225/,recovered,Monday of week 7 in Ordinary Time,two_secondary_sources,
2025-02-25,not_in_current_live_collection,,recovered,https://www.catholicleaf.com/mass-readings-and-reflection-feb-25-2025/,recovered,https://www.catholicgallery.org/mass-reading/250225/,recovered,Tuesday of week 7 in Ordinary Time,two_secondary_sources,
2025-02-26,not_in_current_live_collection,,recovered,https://www.catholicleaf.com/mass-readings-and-reflection-feb-26-2025/,recovered,https://www.catholicgallery.org/mass-reading/260225/,recovered,Wednesday of week 7 in Ordinary Time,two_secondary_sources,
2025-02-27,not_in_current_live_collection,,recovered,https://www.catholicleaf.com/mass-readings-and-reflection-feb-27-2025/,recovered,https://www.catholicgallery.org/mass-reading/270225/,recovered,"Thursday of week 7 in Ordinary Time or Saint Gregory of Narek, Abbot and Doctor of the Church",two_secondary_sources,
2025-02-28,not_in_current_live_collection,,recovered,https://www.catholicleaf.com/mass-readings-and-reflection-feb-28-2025/,recovered,https://www.catholicgallery.org/mass-reading/280225/,recovered,Friday of week 7 in Ordinary Time,two_secondary_sources,
2025-03-01,not_in_current_live_collection,,recovered,https://www.catholicleaf.com/mass-readings-and-reflection-mar-01-2025/,recovered,https://www.catholicgallery.org/mass-reading/010325/,recovered,Saturday of week 7 in Ordinary Time or Saturday memorial of the Blessed Virgin Mary,two_secondary_sources,
2025-03-02,not_in_current_live_collection,,recovered,https://www.catholicleaf.com/mass-readings-and-reflection-mar-02-2025/,recovered,https://www.catholicgallery.org/mass-reading/020325/,recovered,8th Sunday in Ordinary Time,two_secondary_sources,
2025-03-03,not_in_current_live_collection,,recovered,https://www.catholicleaf.com/mass-readings-and-reflection-mar-03-2025/,recovered,https://www.catholicgallery.org/mass-reading/030325/,recovered,Monday of week 8 in Ordinary Time,two_secondary_sources,
2025-03-04,not_in_current_live_collection,,recovered,https://www.catholicleaf.com/mass-readings-and-reflection-mar-04-2025/,recovered,https://www.catholicgallery.org/mass-reading/040325/,recovered,Tuesday of week 8 in Ordinary Time or Saint Casimir,two_secondary_sources,
2025-03-05,not_in_current_live_collection,,recovered,https://www.catholicleaf.com/mass-readings-and-reflection-mar-05-2025/,recovered,https://www.catholicgallery.org/mass-reading/050325/,recovered,Ash Wednesday,two_secondary_sources,
2025-03-06,not_in_current_live_collection,,recovered,https://www.catholicleaf.com/mass-readings-and-reflection-mar-06-2025/,recovered,https://www.catholicgallery.org/mass-reading/060325/,recovered,Thursday after Ash Wednesday,two_secondary_sources,
2025-03-07,not_in_current_live_collection,,recovered,https://www.catholicleaf.com/mass-readings-and-reflection-mar-07-2025/,recovered,https://www.catholicgallery.org/mass-reading/070325/,recovered,"Friday after Ash Wednesday (commemoration of Saints Perpetua and Felicity, Martyrs)",two_secondary_sources,
2025-03-08,not_in_current_live_collection,,recovered,https://www.catholicleaf.com/mass-readings-and-reflection-mar-08-2025/,recovered,https://www.catholicgallery.org/mass-reading/080325/,recovered,"Saturday after Ash Wednesday (commemoration of Saint John of God, Religious)",two_secondary_sources,
2025-03-09,not_in_current_live_collection,,recovered,https://www.catholicleaf.com/mass-readings-and-reflection-mar-09-2025/,recovered,https://www.catholicgallery.org/mass-reading/090325/,recovered,1st Sunday of Lent,two_secondary_sources,
2025-03-10,not_in_current_live_collection,,recovered,https://www.catholicleaf.com/mass-readings-and-reflection-mar-10-2025/,recovered,https://www.catholicgallery.org/mass-reading/100325/,recovered,Monday of the 1st week of Lent,two_secondary_sources,
2025-03-11,not_in_current_live_collection,,recovered,https://www.catholicleaf.com/mass-readings-and-reflection-mar-11-2025/,recovered,https://www.catholicgallery.org/mass-reading/110325/,recovered,Tuesday of the 1st week of Lent,two_secondary_sources,
2025-03-12,not_in_current_live_collection,,recovered,https://www.catholicleaf.com/mass-readings-and-reflection-mar-12-2025/,recovered,https://www.catholicgallery.org/mass-reading/120325/,recovered,Wednesday of the 1st week of Lent,two_secondary_sources,
2025-03-13,not_in_current_live_collection,,recovered,https://www.catholicleaf.com/mass-readings-and-reflection-mar-13-2025/,recovered,https://www.catholicgallery.org/mass-reading/130325/,recovered,Thursday of the 1st week of Lent,two_secondary_sources,
2025-03-14,not_in_current_live_collection,,recovered,https://www.catholicleaf.com/mass-readings-and-reflection-mar-14-2025/,recovered,https://www.catholicgallery.org/mass-reading/140325/,recovered,Friday of the 1st week of Lent,two_secondary_sources,
2025-03-15,not_in_current_live_collection,,recovered,https://www.catholicleaf.com/mass-readings-and-reflection-mar-15-2025/,recovered,https://www.catholicgallery.org/mass-reading/150325/,recovered,Saturday of the 1st week of Lent,two_secondary_sources,
2025-03-16,not_in_current_live_collection,,recovered,https://www.catholicleaf.com/mass-readings-and-reflection-mar-16-2025/,recovered,https://www.catholicgallery.org/mass-reading/160325/,recovered,2nd Sunday of Lent,two_secondary_sources,
2025-03-17,not_in_current_live_collection,,recovered,https://www.catholicleaf.com/mass-readings-and-reflection-mar-17-2025/,recovered,https://www.catholicgallery.org/mass-reading/170325/,recovered,"St Patrick, Bishop: Secondary Patron of Nigeria Feast",two_secondary_sources,
2025-03-18,not_in_current_live_collection,,recovered,https://www.catholicleaf.com/mass-readings-and-reflection-mar-18-2025/,recovered,https://www.catholicgallery.org/mass-reading/180325/,recovered,"Tuesday of the 2nd week of Lent (commemoration of Saint Cyril of Jerusalem, Bishop, Doctor)",two_secondary_sources,
2025-03-19,not_in_current_live_collection,,recovered,https://www.catholicleaf.com/mass-readings-and-reflection-mar-19-2025/,recovered,https://www.catholicgallery.org/mass-reading/190325/,recovered,"Saint Joseph, husband of the Blessed Virgin Mary Solemnity",two_secondary_sources,
2025-03-20,not_in_current_live_collection,,recovered,https://www.catholicleaf.com/mass-readings-and-reflection-mar-20-2025/,recovered,https://www.catholicgallery.org/mass-reading/200325/,recovered,Thursday of the 2nd week of Lent,two_secondary_sources,
2025-03-21,not_in_current_live_collection,,recovered,https://www.catholicleaf.com/mass-readings-and-reflection-mar-21-2025/,recovered,https://www.catholicgallery.org/mass-reading/210325/,recovered,Friday of the 2nd week of Lent,two_secondary_sources,
2025-03-22,not_in_current_live_collection,,recovered,https://www.catholicleaf.com/mass-readings-and-reflection-mar-22-2025/,recovered,https://www.catholicgallery.org/mass-reading/220325/,recovered,Saturday of the 2nd week of Lent,two_secondary_sources,
2025-03-23,not_in_current_live_collection,,recovered,https://www.catholicleaf.com/mass-readings-and-reflection-mar-23-2025/,recovered,https://www.catholicgallery.org/mass-reading/230325/,recovered,3rd Sunday of Lent,two_secondary_sources,
2025-03-24,not_in_current_live_collection,,recovered,https://www.catholicleaf.com/mass-readings-and-reflection-mar-24-2025/,recovered,https://www.catholicgallery.org/mass-reading/240325/,recovered,Monday of the 3rd week of Lent,two_secondary_sources,
2025-03-25,not_in_current_live_collection,,recovered,https://www.catholicleaf.com/mass-readings-and-reflection-mar-25-2025/,recovered,https://www.catholicgallery.org/mass-reading/250325/,recovered,The Annunciation of the Lord Solemnity,two_secondary_sources,
2025-03-26,not_in_current_live_collection,,recovered,https://www.catholicleaf.com/mass-readings-and-reflection-mar-26-2025/,recovered,https://www.catholicgallery.org/mass-reading/260325/,recovered,Wednesday of the 3rd week of Lent,two_secondary_sources,
2025-03-27,not_in_current_live_collection,,recovered,https://www.catholicleaf.com/mass-readings-and-reflection-mar-27-2025/,recovered,https://www.catholicgallery.org/mass-reading/270325/,recovered,Thursday of the 3rd week of Lent,two_secondary_sources,
2025-03-28,not_in_current_live_collection,,recovered,https://www.catholicleaf.com/mass-readings-and-reflection-mar-28-2025/,recovered,https://www.catholicgallery.org/mass-reading/280325/,recovered,Friday of the 3rd week of Lent,two_secondary_sources,
2025-03-29,not_in_current_live_collection,,recovered,https://www.catholicleaf.com/mass-readings-and-reflection-mar-29-2025/,recovered,https://www.catholicgallery.org/mass-reading/290325/,recovered,Saturday of the 3rd week of Lent,two_secondary_sources,
2025-03-30,not_in_current_live_collection,,recovered,https://www.catholicleaf.com/mass-readings-and-reflection-mar-30-2025/,recovered,https://www.catholicgallery.org/mass-reading/300325/,recovered,4th Sunday of Lent (Laetare Sunday),two_secondary_sources,
2025-03-31,not_in_current_live_collection,,recovered,https://www.catholicleaf.com/mass-readings-and-reflection-mar-31-2025/,recovered,https://www.catholicgallery.org/mass-reading/310325/,recovered,Monday of the 4th week of Lent,two_secondary_sources,
2025-04-01,not_in_current_live_collection,,recovered,https://www.catholicleaf.com/mass-readings-and-reflection-apr-01-2025/,recovered,https://www.catholicgallery.org/mass-reading/010425/,recovered,Tuesday of the 4th week of Lent,two_secondary_sources,
2025-04-02,not_in_current_live_collection,,recovered,https://www.catholicleaf.com/mass-readings-and-reflection-apr-02-2025/,recovered,https://www.catholicgallery.org/mass-reading/020425/,recovered,"Wednesday of the 4th week of Lent (commemoration of Saint Francis of Paola, hermit)",two_secondary_sources,
2025-04-03,not_in_current_live_collection,,recovered,https://www.catholicleaf.com/mass-readings-and-reflection-apr-03-2025/,recovered,https://www.catholicgallery.org/mass-reading/030425/,recovered,Thursday of the 4th week of Lent,two_secondary_sources,
2025-04-04,not_in_current_live_collection,,recovered,https://www.catholicleaf.com/mass-readings-and-reflection-apr-04-2025/,recovered,https://www.catholicgallery.org/mass-reading/040425/,recovered,"Friday of the 4th week of Lent (commemoration of Saint Isidore, Bishop, Doctor)",two_secondary_sources,
2025-04-05,not_in_current_live_collection,,recovered,https://www.catholicleaf.com/mass-readings-and-reflection-apr-05-2025/,recovered,https://www.catholicgallery.org/mass-reading/050425/,recovered,"Saturday of the 4th week of Lent (commemoration of Saint Vincent Ferrer, Priest)",two_secondary_sources,
2025-04-06,not_in_current_live_collection,,recovered,https://www.catholicleaf.com/mass-readings-and-reflection-apr-06-2025/,recovered,https://www.catholicgallery.org/mass-reading/060425/,recovered,5th Sunday of Lent,two_secondary_sources,
2025-04-07,not_in_current_live_collection,,recovered,https://www.catholicleaf.com/mass-readings-and-reflection-apr-07-2025/,recovered,https://www.catholicgallery.org/mass-reading/070425/,recovered,"Monday of the 5th week of Lent (commemoration of Saint John Baptist de la Salle, Priest)",two_secondary_sources,
2025-04-08,not_in_current_live_collection,,recovered,https://www.catholicleaf.com/mass-readings-and-reflection-apr-08-2025/,recovered,https://www.catholicgallery.org/mass-reading/080425/,recovered,Tuesday of the 5th week of Lent,two_secondary_sources,
2025-04-09,not_in_current_live_collection,,unavailable,,recovered,https://www.catholicgallery.org/mass-reading/090425/,recovered,Wednesday of the 5th week of Lent,one_secondary_source,
2025-04-10,not_in_current_live_collection,,recovered,https://www.catholicleaf.com/mass-readings-and-reflection-apr-10-2025/,recovered,https://www.catholicgallery.org/mass-reading/100425/,recovered,Thursday of the 5th week of Lent,two_secondary_sources,
2025-04-11,not_in_current_live_collection,,recovered,https://www.catholicleaf.com/mass-readings-and-reflection-apr-11-2025/,recovered,https://www.catholicgallery.org/mass-reading/110425/,recovered,"Friday of the 5th week of Lent (commemoration of Saint Stanislaus, Bishop, Martyr)",two_secondary_sources,
2025-04-12,not_in_current_live_collection,,unavailable,,recovered,https://www.catholicgallery.org/mass-reading/120425/,recovered,Saturday of the 5th week of Lent,one_secondary_source,
2025-04-13,not_in_current_live_collection,,recovered,https://www.catholicleaf.com/mass-readings-and-reflection-apr-13-2025/,recovered,https://www.catholicgallery.org/mass-reading/130425/,recovered,Palm Sunday,two_secondary_sources,
2025-04-14,not_in_current_live_collection,,recovered,https://www.catholicleaf.com/mass-readings-and-reflection-april-14-2025/,recovered,https://www.catholicgallery.org/mass-reading/140425/,recovered,Monday of Holy Week,two_secondary_sources,
2025-04-15,not_in_current_live_collection,,recovered,https://www.catholicleaf.com/mass-readings-and-reflection-april-15-2025/,recovered,https://www.catholicgallery.org/mass-reading/150425/,recovered,Tuesday of Holy Week,two_secondary_sources,
2025-04-16,not_in_current_live_collection,,recovered,https://www.catholicleaf.com/mass-readings-and-reflection-april-16-2025/,recovered,https://www.catholicgallery.org/mass-reading/160425/,recovered,Wednesday of Holy Week,two_secondary_sources,
2025-04-17,not_in_current_live_collection,,recovered,https://www.catholicleaf.com/mass-readings-and-reflection-apr-17-2025/,recovered,https://www.catholicgallery.org/mass-reading/170425/,recovered,Maundy Thursday,two_secondary_sources,
2025-04-18,not_in_current_live_collection,,recovered,https://www.catholicleaf.com/mass-readings-and-reflection-apr-18-2025/,recovered,https://www.catholicgallery.org/mass-reading/180425/,recovered,Good Friday,two_secondary_sources,
2025-04-19,not_in_current_live_collection,,recovered,https://www.catholicleaf.com/mass-readings-and-reflection-apr-19-2025/,recovered,https://www.catholicgallery.org/mass-reading/190425/,recovered,Holy Saturday,two_secondary_sources,
2025-04-20,not_in_current_live_collection,,recovered,https://www.catholicleaf.com/mass-readings-and-reflection-apr-20-2025/,recovered,https://www.catholicgallery.org/mass-reading/200425/,recovered,Easter Sunday,two_secondary_sources,
2025-04-21,not_in_current_live_collection,,unavailable,,recovered,https://www.catholicgallery.org/mass-reading/210425/,recovered,Easter Monday,one_secondary_source,
2025-04-22,not_in_current_live_collection,,unavailable,,recovered,https://www.catholicgallery.org/mass-reading/220425/,recovered,Easter Tuesday,one_secondary_source,
2025-04-23,not_in_current_live_collection,,unavailable,,recovered,https://www.catholicgallery.org/mass-reading/230425/,recovered,Easter Wednesday,one_secondary_source,
2025-04-24,not_in_current_live_collection,,unavailable,,recovered,https://www.catholicgallery.org/mass-reading/240425/,recovered,Easter Thursday,one_secondary_source,
2025-04-25,not_in_current_live_collection,,unavailable,,recovered,https://www.catholicgallery.org/mass-reading/250425/,recovered,Easter Friday,one_secondary_source,
2025-04-26,not_in_current_live_collection,,unavailable,,recovered,https://www.catholicgallery.org/mass-reading/260425/,recovered,Easter Saturday,one_secondary_source,
2025-04-27,not_in_current_live_collection,,unavailable,,recovered,https://www.catholicgallery.org/mass-reading/270425/,recovered,Divine Mercy Sunday (2nd Sunday of Easter),one_secondary_source,
2025-04-28,not_in_current_live_collection,,recovered,https://www.catholicleaf.com/mass-readings-and-reflection-april-28-2025/,recovered,https://www.catholicgallery.org/mass-reading/280425/,recovered,"Monday of the 2nd week of Eastertide or Saint Peter Chanel, Priest, Martyr or Saint Louis Marie Grignion de Montfort, Priest",two_secondary_sources,
2025-04-29,not_in_current_live_collection,,recovered,https://www.catholicleaf.com/mass-readings-and-reflection-april-29-2025/,recovered,https://www.catholicgallery.org/mass-reading/290425/,recovered,"Saint Catherine of Siena, Virgin, Doctor",two_secondary_sources,
2025-04-30,not_in_current_live_collection,,recovered,https://www.catholicleaf.com/mass-readings-and-reflection-april-30-2025/,recovered,https://www.catholicgallery.org/mass-reading/300425/,recovered,"Our Lady, Mother of Africa Feast",two_secondary_sources,
2025-05-01,not_in_current_live_collection,,recovered,https://www.catholicleaf.com/mass-readings-and-reflection-may-01-2025/,recovered,https://www.catholicgallery.org/mass-reading/010525/,recovered,Thursday of the 2nd week of Eastertide or Saint Joseph the Worker,two_secondary_sources,
2025-05-02,not_in_current_live_collection,,recovered,https://www.catholicleaf.com/mass-readings-and-reflection-may-02-2025/,recovered,https://www.catholicgallery.org/mass-reading/020525/,recovered,"Saint Athanasius, Bishop, Doctor",two_secondary_sources,
2025-05-03,not_in_current_live_collection,,recovered,https://www.catholicleaf.com/mass-readings-and-reflection-may-03-2025/,recovered,https://www.catholicgallery.org/mass-reading/030525/,recovered,"Saints Philip and James, Apostles Feast",two_secondary_sources,
2025-05-04,not_in_current_live_collection,,unavailable,,recovered,https://www.catholicgallery.org/mass-reading/040525/,recovered,3rd Sunday of Easter,one_secondary_source,
2025-05-05,not_in_current_live_collection,,recovered,https://www.catholicleaf.com/mass-readings-and-reflection-may-05-2025/,recovered,https://www.catholicgallery.org/mass-reading/050525/,recovered,Monday of the 3rd week of Eastertide,two_secondary_sources,
2025-05-06,not_in_current_live_collection,,recovered,https://www.catholicleaf.com/mass-readings-and-reflection-may-06-2025/,recovered,https://www.catholicgallery.org/mass-reading/060525/,recovered,Tuesday of the 3rd week of Eastertide,two_secondary_sources,
2025-05-07,not_in_current_live_collection,,recovered,https://www.catholicleaf.com/mass-readings-and-reflection-may-07-2025/,recovered,https://www.catholicgallery.org/mass-reading/070525/,recovered,Wednesday of the 3rd week of Eastertide,two_secondary_sources,
2025-05-08,not_in_current_live_collection,,recovered,https://www.catholicleaf.com/mass-readings-and-reflection-may-08-2025/,recovered,https://www.catholicgallery.org/mass-reading/080525/,recovered,Thursday of the 3rd week of Eastertide,two_secondary_sources,
2025-05-09,not_in_current_live_collection,,recovered,https://www.catholicleaf.com/mass-readings-and-reflection-may-09-2025/,recovered,https://www.catholicgallery.org/mass-reading/090525/,recovered,Friday of the 3rd week of Eastertide,two_secondary_sources,
2025-05-10,not_in_current_live_collection,,recovered,https://www.catholicleaf.com/mass-readings-and-reflection-may-10-2025/,recovered,https://www.catholicgallery.org/mass-reading/100525/,recovered,"Saturday of the 3rd week of Eastertide or Saint John of Ávila, Priest, Doctor",two_secondary_sources,
2025-05-11,not_in_current_live_collection,,recovered,https://www.catholicleaf.com/mass-readings-and-reflection-apr-11-2025-2/,recovered,https://www.catholicgallery.org/mass-reading/110525/,recovered,4th Sunday of Easter,two_secondary_sources,
2025-05-12,not_in_current_live_collection,,recovered,https://www.catholicleaf.com/mass-readings-and-reflection-may-12-2025/,recovered,https://www.catholicgallery.org/mass-reading/120525/,recovered,"Monday of the 4th week of Eastertide or Saints Nereus and Achilleus, Martyrs or Saint Pancras, Martyr",two_secondary_sources,
2025-05-13,not_in_current_live_collection,,recovered,https://www.catholicleaf.com/mass-readings-and-reflection-may-13-2025/,recovered,https://www.catholicgallery.org/mass-reading/130525/,recovered,Tuesday of the 4th week of Eastertide or Our Lady of Fátima,two_secondary_sources,
2025-05-14,not_in_current_live_collection,,recovered,https://www.catholicleaf.com/mass-readings-and-reflection-may-14-2025/,recovered,https://www.catholicgallery.org/mass-reading/140525/,recovered,"Saint Matthias, Apostle Feast",two_secondary_sources,
2025-05-15,not_in_current_live_collection,,recovered,https://www.catholicleaf.com/mass-readings-and-reflection-may-15-2025/,recovered,https://www.catholicgallery.org/mass-reading/150525/,recovered,Thursday of the 4th week of Eastertide,two_secondary_sources,
2025-05-16,not_in_current_live_collection,,recovered,https://www.catholicleaf.com/mass-readings-and-reflection-may-16-2025/,recovered,https://www.catholicgallery.org/mass-reading/160525/,recovered,Friday of the 4th week of Eastertide,two_secondary_sources,
2025-05-17,not_in_current_live_collection,,recovered,https://www.catholicleaf.com/mass-readings-and-reflection-may-17-2025/,recovered,https://www.catholicgallery.org/mass-reading/170525/,recovered,Saturday of the 4th week of Eastertide,two_secondary_sources,
2025-05-18,not_in_current_live_collection,,recovered,https://www.catholicleaf.com/mass-readings-and-reflection-may-18-2025/,recovered,https://www.catholicgallery.org/mass-reading/180525/,recovered,5th Sunday of Easter,two_secondary_sources,
2025-05-19,not_in_current_live_collection,,recovered,https://www.catholicleaf.com/mass-readings-and-reflection-may-19-2025/,recovered,https://www.catholicgallery.org/mass-reading/190525/,recovered,Monday of the 5th week of Eastertide,two_secondary_sources,
2025-05-20,not_in_current_live_collection,,recovered,https://www.catholicleaf.com/mass-readings-and-reflection-may-20-2025/,recovered,https://www.catholicgallery.org/mass-reading/200525/,recovered,"Tuesday of the 5th week of Eastertide or Saint Bernardine of Siena, Priest",two_secondary_sources,
2025-05-21,not_in_current_live_collection,,recovered,https://www.catholicleaf.com/mass-readings-and-reflection-may-21-2025/,recovered,https://www.catholicgallery.org/mass-reading/210525/,recovered,"Wednesday of the 5th week of Eastertide or Saint Christopher Magallanes and his Companions, Martyrs",two_secondary_sources,
2025-05-22,not_in_current_live_collection,,recovered,https://www.catholicleaf.com/mass-readings-and-reflection-may-22-2025/,recovered,https://www.catholicgallery.org/mass-reading/220525/,recovered,Thursday of the 5th week of Eastertide or Saint Rita of Cascia,two_secondary_sources,
2025-05-23,not_in_current_live_collection,,recovered,https://www.catholicleaf.com/mass-readings-and-reflection-may-23-2025/,recovered,https://www.catholicgallery.org/mass-reading/230525/,recovered,Friday of the 5th week of Eastertide,two_secondary_sources,
2025-05-24,not_in_current_live_collection,,recovered,https://www.catholicleaf.com/mass-readings-and-reflection-may-24-2025/,recovered,https://www.catholicgallery.org/mass-reading/240525/,recovered,Saturday of the 5th week of Eastertide,two_secondary_sources,
2025-05-25,not_in_current_live_collection,,recovered,https://www.catholicleaf.com/mass-readings-and-reflection-may-25-2025/,recovered,https://www.catholicgallery.org/mass-reading/250525/,recovered,6th Sunday of Easter,two_secondary_sources,
2025-05-26,not_in_current_live_collection,,recovered,https://www.catholicleaf.com/mass-readings-and-reflection-may-26-2025/,recovered,https://www.catholicgallery.org/mass-reading/260525/,recovered,"Saint Philip Neri, Priest",two_secondary_sources,
2025-05-27,not_in_current_live_collection,,recovered,https://www.catholicleaf.com/mass-readings-and-reflection-may-27-2025/,recovered,https://www.catholicgallery.org/mass-reading/270525/,recovered,"Tuesday of the 6th week of Eastertide or Saint Augustine of Canterbury, Bishop",two_secondary_sources,
2025-05-28,not_in_current_live_collection,,recovered,https://www.catholicleaf.com/mass-readings-and-reflection-may-28-2025/,recovered,https://www.catholicgallery.org/mass-reading/280525/,recovered,Wednesday of the 6th week of Eastertide,two_secondary_sources,
2025-05-29,not_in_current_live_collection,,recovered,https://www.catholicleaf.com/mass-readings-and-reflection-may-29-2025/,recovered,https://www.catholicgallery.org/mass-reading/290525/,recovered,The Ascension of the Lord Solemnity,two_secondary_sources,
2025-05-30,not_in_current_live_collection,,recovered,https://www.catholicleaf.com/mass-readings-and-reflection-may-30-2025/,recovered,https://www.catholicgallery.org/mass-reading/300525/,recovered,Friday of the 6th week of Eastertide,two_secondary_sources,
2025-05-31,not_in_current_live_collection,,unavailable,,recovered,https://www.catholicgallery.org/mass-reading/310525/,recovered,The Visitation of the Blessed Virgin Mary Feast,one_secondary_source,
2025-06-01,not_in_current_live_collection,,recovered,https://www.catholicleaf.com/mass-readings-and-reflection-june-01-2025/,recovered,https://www.catholicgallery.org/mass-reading/010625/,recovered,7th Sunday of Easter,two_secondary_sources,
2025-06-02,not_in_current_live_collection,,recovered,https://www.catholicleaf.com/mass-readings-and-reflection-june-02-2025/,recovered,https://www.catholicgallery.org/mass-reading/020625/,recovered,"Monday of the 7th week of Eastertide or Saints Marcellinus and Peter, Martyrs",two_secondary_sources,
2025-06-03,not_in_current_live_collection,,recovered,https://www.catholicleaf.com/mass-readings-and-reflection-june-03-2025/,recovered,https://www.catholicgallery.org/mass-reading/030625/,recovered,"Saints Charles Lwanga and his Companions, Martyrs",two_secondary_sources,
2025-06-04,not_in_current_live_collection,,recovered,https://www.catholicleaf.com/mass-readings-and-reflection-june-04-2025/,recovered,https://www.catholicgallery.org/mass-reading/040625/,recovered,Wednesday of the 7th week of Eastertide,two_secondary_sources,
2025-06-05,not_in_current_live_collection,,recovered,https://www.catholicleaf.com/mass-readings-and-reflection-june-05-2025/,recovered,https://www.catholicgallery.org/mass-reading/050625/,recovered,"Saint Boniface, Bishop, Martyr",two_secondary_sources,
2025-06-06,not_in_current_live_collection,,recovered,https://www.catholicleaf.com/mass-readings-and-reflection-june-06-2025/,recovered,https://www.catholicgallery.org/mass-reading/060625/,recovered,"Friday of the 7th week of Eastertide or Saint Norbert, Bishop",two_secondary_sources,
2025-06-07,not_in_current_live_collection,,recovered,https://www.catholicleaf.com/mass-readings-and-reflection-june-07-2025/,recovered,https://www.catholicgallery.org/mass-reading/070625/,recovered,Saturday of the 7th week of Eastertide,two_secondary_sources,
2025-06-08,not_in_current_live_collection,,recovered,https://www.catholicleaf.com/mass-readings-and-reflection-june-08-2025/,recovered,https://www.catholicgallery.org/mass-reading/080625/,recovered,Pentecost,two_secondary_sources,
2025-06-09,not_in_current_live_collection,,recovered,https://www.catholicleaf.com/mass-readings-and-reflection-june-09-2025/,recovered,https://www.catholicgallery.org/mass-reading/090625/,recovered,"Mary, Mother of the Church",two_secondary_sources,
2025-06-10,not_in_current_live_collection,,recovered,https://www.catholicleaf.com/mass-readings-and-reflection-june-10-2025/,recovered,https://www.catholicgallery.org/mass-reading/100625/,recovered,Tuesday of week 10 in Ordinary Time,two_secondary_sources,
2025-06-11,not_in_current_live_collection,,recovered,https://www.catholicleaf.com/mass-readings-and-reflection-june-11-2025/,recovered,https://www.catholicgallery.org/mass-reading/110625/,recovered,"Saint Barnabas, Apostle",two_secondary_sources,
2025-06-12,not_in_current_live_collection,,unavailable,,recovered,https://www.catholicgallery.org/mass-reading/120625/,recovered,Thursday of week 10 in Ordinary Time,one_secondary_source,
2025-06-13,not_in_current_live_collection,,unavailable,,recovered,https://www.catholicgallery.org/mass-reading/130625/,recovered,"Saint Antony of Padua, Priest, Doctor",one_secondary_source,
2025-06-14,not_in_current_live_collection,,unavailable,,recovered,https://www.catholicgallery.org/mass-reading/140625/,recovered,Saturday of week 10 in Ordinary Time or Saturday memorial of the Blessed Virgin Mary,one_secondary_source,
2025-06-15,not_in_current_live_collection,,recovered,https://www.catholicleaf.com/mass-readings-and-reflection-june-15-2025/,recovered,https://www.catholicgallery.org/mass-reading/150625/,recovered,The Most Holy Trinity Solemnity,two_secondary_sources,
2025-06-16,not_in_current_live_collection,,recovered,https://www.catholicleaf.com/mass-readings-and-reflection-june-16-2025/,recovered,https://www.catholicgallery.org/mass-reading/160625/,recovered,Monday of week 11 in Ordinary Time,two_secondary_sources,
2025-06-17,not_in_current_live_collection,,unavailable,,recovered,https://www.catholicgallery.org/mass-reading/170625/,recovered,Tuesday of week 11 in Ordinary Time,one_secondary_source,
2025-06-18,not_in_current_live_collection,,unavailable,,recovered,https://www.catholicgallery.org/mass-reading/180625/,recovered,Wednesday of week 11 in Ordinary Time,one_secondary_source,
2025-06-19,not_in_current_live_collection,,recovered,https://www.catholicleaf.com/mass-readings-and-reflection-june-19-2025/,recovered,https://www.catholicgallery.org/mass-reading/190625/,recovered,"Thursday of week 11 in Ordinary Time or Saint Romuald, Abbot",two_secondary_sources,
2025-06-20,not_in_current_live_collection,,recovered,https://www.catholicleaf.com/mass-readings-and-reflection-june-20-2025/,recovered,https://www.catholicgallery.org/mass-reading/200625/,recovered,Friday of week 11 in Ordinary Time,two_secondary_sources,
2025-06-21,not_in_current_live_collection,,recovered,https://www.catholicleaf.com/mass-readings-and-reflection-june-21-2025/,recovered,https://www.catholicgallery.org/mass-reading/210625/,recovered,"Saint Aloysius Gonzaga, Religious",two_secondary_sources,
2025-06-22,not_in_current_live_collection,,recovered,https://www.catholicleaf.com/mass-readings-and-reflection-june-22-2025/,recovered,https://www.catholicgallery.org/mass-reading/220625/,recovered,The Most Holy Body and Blood of Christ Solemnity,two_secondary_sources,
2025-06-23,not_in_current_live_collection,,unavailable,,recovered,https://www.catholicgallery.org/mass-reading/230625/,recovered,Monday of week 12 in Ordinary Time,one_secondary_source,
2025-06-24,not_in_current_live_collection,,recovered,https://www.catholicleaf.com/mass-readings-and-reflection-june-24-2025/,recovered,https://www.catholicgallery.org/mass-reading/240625/,recovered,The Nativity of Saint John the Baptist Solemnity,two_secondary_sources,
2025-06-25,not_in_current_live_collection,,unavailable,,recovered,https://www.catholicgallery.org/mass-reading/250625/,recovered,Wednesday of week 12 in Ordinary Time,one_secondary_source,
2025-06-26,not_in_current_live_collection,,recovered,https://www.catholicleaf.com/mass-readings-and-reflection-june-26-2025/,recovered,https://www.catholicgallery.org/mass-reading/260625/,recovered,"Thursday of week 12 in Ordinary Time or St Josémaria Escrivá de Balaguer, Priest",two_secondary_sources,
2025-06-27,not_in_current_live_collection,,recovered,https://www.catholicleaf.com/mass-readings-and-reflection-june-27-2025/,recovered,https://www.catholicgallery.org/mass-reading/270625/,recovered,The Most Sacred Heart of Jesus Solemnity,two_secondary_sources,
2025-06-28,not_in_current_live_collection,,unavailable,,recovered,https://www.catholicgallery.org/mass-reading/280625/,recovered,The Immaculate Heart of Mary,one_secondary_source,
2025-06-29,not_in_current_live_collection,,recovered,https://www.catholicleaf.com/mass-readings-and-reflection-june-29-2025/,recovered,https://www.catholicgallery.org/mass-reading/290625/,recovered,"Saints Peter and Paul, Apostles Solemnity",two_secondary_sources,
2025-06-30,not_in_current_live_collection,,recovered,https://www.catholicleaf.com/mass-readings-and-reflection-june-30-2025/,recovered,https://www.catholicgallery.org/mass-reading/300625/,recovered,Monday of week 13 in Ordinary Time or The First Martyrs of the See of Rome,two_secondary_sources,
2025-07-01,not_in_current_live_collection,,recovered,https://www.catholicleaf.com/mass-readings-and-reflection-july-01-2025/,recovered,https://www.catholicgallery.org/mass-reading/010725/,recovered,Tuesday of week 13 in Ordinary Time,two_secondary_sources,
2025-07-02,not_in_current_live_collection,,recovered,https://www.catholicleaf.com/mass-readings-and-reflection-july-02-2025/,recovered,https://www.catholicgallery.org/mass-reading/020725/,recovered,Wednesday of week 13 in Ordinary Time,two_secondary_sources,
2025-07-03,not_in_current_live_collection,,recovered,https://www.catholicleaf.com/mass-readings-and-reflection-july-03-2025/,recovered,https://www.catholicgallery.org/mass-reading/030725/,recovered,"Saint Thomas, Apostle Feast",two_secondary_sources,
2025-07-04,not_in_current_live_collection,,recovered,https://www.catholicleaf.com/mass-readings-and-reflection-july-04-2025/,recovered,https://www.catholicgallery.org/mass-reading/040725/,recovered,Friday of week 13 in Ordinary Time or Saint Elizabeth of Portugal,two_secondary_sources,
2025-07-05,not_in_current_live_collection,,recovered,https://www.catholicleaf.com/mass-readings-and-reflection-july-05-2025/,recovered,https://www.catholicgallery.org/mass-reading/050725/,recovered,"Saturday of week 13 in Ordinary Time or Saint Antony Mary Zaccaria, Priest or Saturday memorial of the Blessed Virgin Mary",two_secondary_sources,
2025-07-06,not_in_current_live_collection,,recovered,https://www.catholicleaf.com/mass-readings-and-reflection-july-06-2025/,recovered,https://www.catholicgallery.org/mass-reading/060725/,recovered,14th Sunday in Ordinary Time,two_secondary_sources,
2025-07-07,not_in_current_live_collection,,recovered,https://www.catholicleaf.com/mass-readings-and-reflection-july-07-2025/,recovered,https://www.catholicgallery.org/mass-reading/070725/,recovered,Monday of week 14 in Ordinary Time,two_secondary_sources,
2025-07-08,not_in_current_live_collection,,recovered,https://www.catholicleaf.com/mass-readings-and-reflection-july-08-2025/,recovered,https://www.catholicgallery.org/mass-reading/080725/,recovered,Tuesday of week 14 in Ordinary Time,two_secondary_sources,
2025-07-09,not_in_current_live_collection,,recovered,https://www.catholicleaf.com/mass-readings-and-reflection-july-09-2025/,recovered,https://www.catholicgallery.org/mass-reading/090725/,recovered,"Wednesday of week 14 in Ordinary Time or Saint Augustine Zhao Rong and his Companions, Martyrs",two_secondary_sources,
2025-07-10,not_in_current_live_collection,,recovered,https://www.catholicleaf.com/mass-readings-and-reflection-july-10-2025/,recovered,https://www.catholicgallery.org/mass-reading/100725/,recovered,Thursday of week 14 in Ordinary Time,two_secondary_sources,
2025-07-11,not_in_current_live_collection,,recovered,https://www.catholicleaf.com/mass-readings-and-reflection-july-11-2025/,recovered,https://www.catholicgallery.org/mass-reading/110725/,recovered,"Saint Benedict, Abbot",two_secondary_sources,
2025-07-12,not_in_current_live_collection,,recovered,https://www.catholicleaf.com/mass-readings-and-reflection-july-12-2025/,recovered,https://www.catholicgallery.org/mass-reading/120725/,recovered,Saturday of week 14 in Ordinary Time or Saturday memorial of the Blessed Virgin Mary,two_secondary_sources,
2025-07-13,not_in_current_live_collection,,recovered,https://www.catholicleaf.com/mass-readings-and-reflection-july-13-2025/,recovered,https://www.catholicgallery.org/mass-reading/130725/,recovered,15th Sunday in Ordinary Time,two_secondary_sources,
2025-07-14,not_in_current_live_collection,,recovered,https://www.catholicleaf.com/mass-readings-and-reflection-july-14-2025/,recovered,https://www.catholicgallery.org/mass-reading/140725/,recovered,"Monday of week 15 in Ordinary Time or Saint Camillus of Lellis, Priest",two_secondary_sources,
2025-07-15,not_in_current_live_collection,,recovered,https://www.catholicleaf.com/mass-readings-and-reflection-july-15-2025/,recovered,https://www.catholicgallery.org/mass-reading/150725/,recovered,"Saint Bonaventure, Bishop, Doctor",two_secondary_sources,
2025-07-16,not_in_current_live_collection,,recovered,https://www.catholicleaf.com/mass-readings-and-reflection-july-16-2025/,recovered,https://www.catholicgallery.org/mass-reading/160725/,recovered,Wednesday of week 15 in Ordinary Time or Our Lady of Mount Carmel,two_secondary_sources,
2025-07-17,not_in_current_live_collection,,recovered,https://www.catholicleaf.com/mass-readings-and-reflection-july-17-2025/,recovered,https://www.catholicgallery.org/mass-reading/170725/,recovered,Thursday of week 15 in Ordinary Time,two_secondary_sources,
2025-07-18,not_in_current_live_collection,,recovered,https://www.catholicleaf.com/mass-readings-and-reflection-july-18-2025/,recovered,https://www.catholicgallery.org/mass-reading/180725/,recovered,Friday of week 15 in Ordinary Time,two_secondary_sources,
2025-07-19,not_in_current_live_collection,,recovered,https://www.catholicleaf.com/mass-readings-and-reflection-july-19-2025/,recovered,https://www.catholicgallery.org/mass-reading/190725/,recovered,Saturday of week 15 in Ordinary Time or Saturday memorial of the Blessed Virgin Mary,two_secondary_sources,
2025-07-20,not_in_current_live_collection,,recovered,https://www.catholicleaf.com/mass-readings-and-reflection-july-20-2025/,recovered,https://www.catholicgallery.org/mass-reading/200725/,recovered,16th Sunday in Ordinary Time,two_secondary_sources,
2025-07-21,not_in_current_live_collection,,unavailable,,recovered,https://www.catholicgallery.org/mass-reading/210725/,recovered,"Monday of week 16 in Ordinary Time or Saint Laurence of Brindisi, Priest, Doctor",one_secondary_source,
2025-07-22,not_in_current_live_collection,,recovered,https://www.catholicleaf.com/mass-readings-and-reflection-july-22-2025/,recovered,https://www.catholicgallery.org/mass-reading/220725/,recovered,Saint Mary Magdalen Feast,two_secondary_sources,
2025-07-23,not_in_current_live_collection,,recovered,https://www.catholicleaf.com/mass-readings-and-reflection-july-23-2025/,recovered,https://www.catholicgallery.org/mass-reading/230725/,recovered,"Wednesday of week 16 in Ordinary Time or Saint Bridget of Sweden, Religious",two_secondary_sources,
2025-07-24,not_in_current_live_collection,,unavailable,,recovered,https://www.catholicgallery.org/mass-reading/240725/,recovered,"Thursday of week 16 in Ordinary Time or Saint Charbel Makhlouf, Priest",one_secondary_source,
2025-07-25,not_in_current_live_collection,,recovered,https://www.catholicleaf.com/mass-readings-and-reflection-july-25-2025/,recovered,https://www.catholicgallery.org/mass-reading/250725/,recovered,"Saint James, Apostle Feast",two_secondary_sources,
2025-07-26,not_in_current_live_collection,,recovered,https://www.catholicleaf.com/mass-readings-and-reflection-july-26-2025/,recovered,https://www.catholicgallery.org/mass-reading/260725/,recovered,"Saint Joachim and Saint Anne, parents of the Blessed Virgin Mary",two_secondary_sources,
2025-07-27,not_in_current_live_collection,,recovered,https://www.catholicleaf.com/mass-readings-and-reflection-july-27-2025/,recovered,https://www.catholicgallery.org/mass-reading/270725/,recovered,17th Sunday in Ordinary Time,two_secondary_sources,
2025-07-28,not_in_current_live_collection,,recovered,https://www.catholicleaf.com/mass-readings-and-reflection-july-28-2025/,recovered,https://www.catholicgallery.org/mass-reading/280725/,recovered,Monday of week 17 in Ordinary Time,two_secondary_sources,
2025-07-29,not_in_current_live_collection,,recovered,https://www.catholicleaf.com/mass-readings-and-reflection-july-29-2025/,recovered,https://www.catholicgallery.org/mass-reading/290725/,recovered,"Saints Martha, Mary and Lazarus",two_secondary_sources,
2025-07-30,not_in_current_live_collection,,recovered,https://www.catholicleaf.com/mass-readings-and-reflection-july-30-2025/,recovered,https://www.catholicgallery.org/mass-reading/300725/,recovered,"Wednesday of week 17 in Ordinary Time or Saint Peter Chrysologus, Bishop, Doctor",two_secondary_sources,
2025-07-31,not_in_current_live_collection,,recovered,https://www.catholicleaf.com/mass-readings-and-reflection-july-31-2025/,recovered,https://www.catholicgallery.org/mass-reading/310725/,recovered,"Saint Ignatius Loyola, Priest",two_secondary_sources,
2025-08-01,not_in_current_live_collection,,recovered,https://www.catholicleaf.com/mass-readings-and-reflection-august-01-2025/,recovered,https://www.catholicgallery.org/mass-reading/010825/,recovered,"Saint Alphonsus Mary de' Liguori, Bishop, Doctor",two_secondary_sources,
2025-08-02,not_in_current_live_collection,,recovered,https://www.catholicleaf.com/mass-readings-and-reflection-august-02-2025/,recovered,https://www.catholicgallery.org/mass-reading/020825/,recovered,"Saturday of week 17 in Ordinary Time or Saint Eusebius of Vercelli, Bishop or Saint Peter Julian Eymard, Priest or Saturday memorial of the Blessed Virgin Mary",two_secondary_sources,
2025-08-03,not_in_current_live_collection,,recovered,https://www.catholicleaf.com/mass-readings-and-reflection-august-03-2025/,recovered,https://www.catholicgallery.org/mass-reading/030825/,recovered,18th Sunday in Ordinary Time,two_secondary_sources,
2025-08-04,not_in_current_live_collection,,recovered,https://www.catholicleaf.com/mass-readings-and-reflection-august-04-2025/,recovered,https://www.catholicgallery.org/mass-reading/040825/,recovered,"Saint John Mary Vianney, Priest",two_secondary_sources,
2025-08-05,not_in_current_live_collection,,recovered,https://www.catholicleaf.com/mass-readings-and-reflection-august-05-2025/,recovered,https://www.catholicgallery.org/mass-reading/050825/,recovered,Tuesday of week 18 in Ordinary Time or Dedication of the Basilica of Saint Mary Major,two_secondary_sources,
2025-08-06,not_in_current_live_collection,,recovered,https://www.catholicleaf.com/mass-readings-and-reflection-august-06-2025/,recovered,https://www.catholicgallery.org/mass-reading/060825/,recovered,The Transfiguration of the Lord Feast,two_secondary_sources,
2025-08-07,not_in_current_live_collection,,unavailable,,recovered,https://www.catholicgallery.org/mass-reading/070825/,recovered,"Thursday of week 18 in Ordinary Time or Saints Sixtus II, Pope, and his Companions, Martyrs or Saint Cajetan, Priest",one_secondary_source,
2025-08-08,not_in_current_live_collection,,recovered,https://www.catholicleaf.com/mass-readings-and-reflection-august-08-2025/,recovered,https://www.catholicgallery.org/mass-reading/080825/,recovered,"Saint Dominic, Priest",two_secondary_sources,
2025-08-09,not_in_current_live_collection,,recovered,https://www.catholicleaf.com/mass-readings-and-reflection-august-09-2025/,recovered,https://www.catholicgallery.org/mass-reading/090825/,recovered,"Saturday of week 18 in Ordinary Time or Saint Teresa Benedicta of the Cross (Edith Stein), Virgin, Martyr or Saturday memorial of the Blessed Virgin Mary",two_secondary_sources,
2025-08-10,not_in_current_live_collection,,recovered,https://www.catholicleaf.com/mass-readings-and-reflection-august-10-2025/,recovered,https://www.catholicgallery.org/mass-reading/100825/,recovered,19th Sunday in Ordinary Time,two_secondary_sources,
2025-08-11,not_in_current_live_collection,,recovered,https://www.catholicleaf.com/mass-readings-and-reflection-august-11-2025/,recovered,https://www.catholicgallery.org/mass-reading/110825/,recovered,"Saint Clare, Virgin",two_secondary_sources,
2025-08-12,not_in_current_live_collection,,unavailable,,recovered,https://www.catholicgallery.org/mass-reading/120825/,recovered,"Tuesday of week 19 in Ordinary Time or Saint Jane Frances de Chantal, Religious or Blessed Isidore Bakanja, Martyr",one_secondary_source,
2025-08-13,not_in_current_live_collection,,recovered,https://www.catholicleaf.com/mass-readings-and-reflection-august-13-2025/,recovered,https://www.catholicgallery.org/mass-reading/130825/,recovered,"Wednesday of week 19 in Ordinary Time or Saints Pontian, Pope, and Hippolytus, Priest, Martyrs",two_secondary_sources,
2025-08-14,not_in_current_live_collection,,recovered,https://www.catholicleaf.com/mass-readings-and-reflection-august-14-2025/,recovered,https://www.catholicgallery.org/mass-reading/140825/,recovered,"Saint Maximilian Kolbe, Priest, Martyr",two_secondary_sources,
2025-08-15,not_in_current_live_collection,,recovered,https://www.catholicleaf.com/mass-readings-and-reflection-august-15-2025/,recovered,https://www.catholicgallery.org/mass-reading/150825/,recovered,The Assumption of the Blessed Virgin Mary Solemnity,two_secondary_sources,
2025-08-16,not_in_current_live_collection,,recovered,https://www.catholicleaf.com/mass-readings-and-reflection-august-16-2025/,recovered,https://www.catholicgallery.org/mass-reading/160825/,recovered,Saturday of week 19 in Ordinary Time or Saint Stephen of Hungary or Saturday memorial of the Blessed Virgin Mary,two_secondary_sources,
2025-08-17,not_in_current_live_collection,,recovered,https://www.catholicleaf.com/mass-readings-and-reflection-august-17-2025/,recovered,https://www.catholicgallery.org/mass-reading/170825/,recovered,20th Sunday in Ordinary Time,two_secondary_sources,
2025-08-18,not_in_current_live_collection,,recovered,https://www.catholicleaf.com/mass-readings-and-reflection-august-18-2025/,recovered,https://www.catholicgallery.org/mass-reading/180825/,recovered,Monday of week 20 in Ordinary Time,two_secondary_sources,
2025-08-19,not_in_current_live_collection,,recovered,https://www.catholicleaf.com/mass-readings-and-reflection-august-19-2025/,recovered,https://www.catholicgallery.org/mass-reading/190825/,recovered,"Tuesday of week 20 in Ordinary Time or Saint John Eudes, Priest",two_secondary_sources,
2025-08-20,not_in_current_live_collection,,recovered,https://www.catholicleaf.com/mass-readings-and-reflection-august-20-2025/,recovered,https://www.catholicgallery.org/mass-reading/200825/,recovered,"Saint Bernard, Abbot, Doctor",two_secondary_sources,
2025-08-21,not_in_current_live_collection,,recovered,https://www.catholicleaf.com/mass-readings-and-reflection-august-21-2025/,recovered,https://www.catholicgallery.org/mass-reading/210825/,recovered,"Saint Pius X, Pope",two_secondary_sources,
2025-08-22,not_in_current_live_collection,,recovered,https://www.catholicleaf.com/mass-readings-and-reflection-august-22-2025/,recovered,https://www.catholicgallery.org/mass-reading/220825/,recovered,"Our Lady, Mother and Queen",two_secondary_sources,
2025-08-23,not_in_current_live_collection,,recovered,https://www.catholicleaf.com/mass-readings-and-reflection-august-23-2025/,recovered,https://www.catholicgallery.org/mass-reading/230825/,recovered,"Saturday of week 20 in Ordinary Time or Saint Rose of Lima, Virgin or Saturday memorial of the Blessed Virgin Mary",two_secondary_sources,
2025-08-24,not_in_current_live_collection,,recovered,https://www.catholicleaf.com/mass-readings-and-reflection-august-24-2025/,recovered,https://www.catholicgallery.org/mass-reading/240825/,recovered,21st Sunday in Ordinary Time,two_secondary_sources,
2025-08-25,not_in_current_live_collection,,unavailable,,recovered,https://www.catholicgallery.org/mass-reading/250825/,recovered,"Monday of week 21 in Ordinary Time or Saint Louis or Saint Joseph of Calasanz, Priest",one_secondary_source,
2025-08-26,not_in_current_live_collection,,recovered,https://www.catholicleaf.com/mass-readings-and-reflection-august-26-2025/,recovered,https://www.catholicgallery.org/mass-reading/260825/,recovered,Tuesday of week 21 in Ordinary Time,two_secondary_sources,
2025-08-27,not_in_current_live_collection,,recovered,https://www.catholicleaf.com/mass-readings-and-reflection-august-27-2025/,recovered,https://www.catholicgallery.org/mass-reading/270825/,recovered,Saint Monica,two_secondary_sources,
2025-08-28,not_in_current_live_collection,,recovered,https://www.catholicleaf.com/mass-readings-and-reflection-august-28-2025/,recovered,https://www.catholicgallery.org/mass-reading/280825/,recovered,"Saint Augustine, Bishop, Doctor",two_secondary_sources,
2025-08-29,not_in_current_live_collection,,recovered,https://www.catholicleaf.com/mass-readings-and-reflection-august-29-2025/,recovered,https://www.catholicgallery.org/mass-reading/290825/,recovered,The Beheading of Saint John the Baptist,two_secondary_sources,
2025-08-30,not_in_current_live_collection,,recovered,https://www.catholicleaf.com/mass-readings-and-reflection-august-30-2025/,recovered,https://www.catholicgallery.org/mass-reading/300825/,recovered,Saturday of week 21 in Ordinary Time or Saturday memorial of the Blessed Virgin Mary,two_secondary_sources,
2025-08-31,not_in_current_live_collection,,recovered,https://www.catholicleaf.com/mass-readings-and-reflection-august-31-2025/,recovered,https://www.catholicgallery.org/mass-reading/310825/,recovered,22nd Sunday in Ordinary Time,two_secondary_sources,
2025-09-01,not_in_current_live_collection,,recovered,https://www.catholicleaf.com/mass-readings-and-reflection-sept-01-2025/,recovered,https://www.catholicgallery.org/mass-reading/010925/,recovered,Monday of week 22 in Ordinary Time,two_secondary_sources,
2025-09-02,not_in_current_live_collection,,recovered,https://www.catholicleaf.com/mass-readings-and-reflection-sept-02-2025/,recovered,https://www.catholicgallery.org/mass-reading/020925/,recovered,Tuesday of week 22 in Ordinary Time,two_secondary_sources,
2025-09-03,not_in_current_live_collection,,recovered,https://www.catholicleaf.com/mass-readings-and-reflection-sept-03-2025/,recovered,https://www.catholicgallery.org/mass-reading/030925/,recovered,"Saint Gregory the Great, Pope, Doctor",two_secondary_sources,
2025-09-04,not_in_current_live_collection,,recovered,https://www.catholicleaf.com/mass-readings-and-reflection-sept-04-2025/,recovered,https://www.catholicgallery.org/mass-reading/040925/,recovered,Thursday of week 22 in Ordinary Time,two_secondary_sources,
2025-09-05,not_in_current_live_collection,,recovered,https://www.catholicleaf.com/mass-readings-and-reflection-sept-05-2025/,recovered,https://www.catholicgallery.org/mass-reading/050925/,recovered,Friday of week 22 in Ordinary Time or Saint Teresa of Calcutta (Mother Teresa),two_secondary_sources,
2025-09-06,not_in_current_live_collection,,recovered,https://www.catholicleaf.com/mass-readings-and-reflection-sept-06-2025/,recovered,https://www.catholicgallery.org/mass-reading/060925/,recovered,Saturday of week 22 in Ordinary Time or Saturday memorial of the Blessed Virgin Mary,two_secondary_sources,
2025-09-07,not_in_current_live_collection,,recovered,https://www.catholicleaf.com/mass-readings-and-reflection-sept-07-2025/,recovered,https://www.catholicgallery.org/mass-reading/070925/,recovered,23rd Sunday in Ordinary Time,two_secondary_sources,
2025-09-08,not_in_current_live_collection,,recovered,https://www.catholicleaf.com/mass-readings-and-reflection-sept-08-2025/,recovered,https://www.catholicgallery.org/mass-reading/080925/,recovered,The Birthday of the Blessed Virgin Mary Feast,two_secondary_sources,
2025-09-09,not_in_current_live_collection,,recovered,https://www.catholicleaf.com/mass-readings-and-reflection-sept-09-2025/,recovered,https://www.catholicgallery.org/mass-reading/090925/,recovered,Tuesday of week 23 in Ordinary Time or Saint Peter Claver,two_secondary_sources,
2025-09-10,not_in_current_live_collection,,recovered,https://www.catholicleaf.com/mass-readings-and-reflection-sept-10-2025/,recovered,https://www.catholicgallery.org/mass-reading/100925/,recovered,Wednesday of week 23 in Ordinary Time,two_secondary_sources,
2025-09-11,not_in_current_live_collection,,recovered,https://www.catholicleaf.com/mass-readings-and-reflection-sept-11-2025/,recovered,https://www.catholicgallery.org/mass-reading/110925/,recovered,Thursday of week 23 in Ordinary Time,two_secondary_sources,
2025-09-12,not_in_current_live_collection,,recovered,https://www.catholicleaf.com/mass-readings-and-reflection-sept-12-2025/,recovered,https://www.catholicgallery.org/mass-reading/120925/,recovered,Friday of week 23 in Ordinary Time or The Most Holy Name of Mary,two_secondary_sources,
2025-09-13,not_in_current_live_collection,,recovered,https://www.catholicleaf.com/mass-readings-and-reflection-sept-13-2025/,recovered,https://www.catholicgallery.org/mass-reading/130925/,recovered,"Saint John Chrysostom, Bishop, Doctor",two_secondary_sources,
2025-09-14,not_in_current_live_collection,,recovered,https://www.catholicleaf.com/mass-readings-and-reflection-sept-14-2025/,recovered,https://www.catholicgallery.org/mass-reading/140925/,recovered,The Exaltation of the Holy Cross Feast,two_secondary_sources,
2025-09-15,not_in_current_live_collection,,recovered,https://www.catholicleaf.com/mass-readings-and-reflection-sept-15-2025/,recovered,https://www.catholicgallery.org/mass-reading/150925/,recovered,Our Lady of Sorrows,two_secondary_sources,
2025-09-16,not_in_current_live_collection,,recovered,https://www.catholicleaf.com/mass-readings-and-reflection-sept-16-2025/,recovered,https://www.catholicgallery.org/mass-reading/160925/,recovered,"Saints Cornelius, Pope, and Cyprian, Bishop, Martyrs",two_secondary_sources,
2025-09-17,not_in_current_live_collection,,recovered,https://www.catholicleaf.com/mass-readings-and-reflection-sept-17-2025/,recovered,https://www.catholicgallery.org/mass-reading/170925/,recovered,"Wednesday of week 24 in Ordinary Time or Saint Robert Bellarmine, Bishop, Doctor or Saint Hildegard of Bingen, Virgin, Doctor",two_secondary_sources,
2025-09-18,not_in_current_live_collection,,recovered,https://www.catholicleaf.com/mass-readings-and-reflection-sept-18-2025/,recovered,https://www.catholicgallery.org/mass-reading/180925/,recovered,Thursday of week 24 in Ordinary Time,two_secondary_sources,
2025-09-19,not_in_current_live_collection,,recovered,https://www.catholicleaf.com/mass-readings-and-reflection-sept-19-2025/,recovered,https://www.catholicgallery.org/mass-reading/190925/,recovered,"Friday of week 24 in Ordinary Time or Saint Januarius, Bishop, Martyr",two_secondary_sources,
2025-09-20,not_in_current_live_collection,,recovered,https://www.catholicleaf.com/mass-readings-and-reflection-sept-20-2025/,recovered,https://www.catholicgallery.org/mass-reading/200925/,recovered,"Saints Andrew Kim Taegon, Priest, and Paul Chong Hasang, and their Companions, Martyrs",two_secondary_sources,
2025-09-21,not_in_current_live_collection,,recovered,https://www.catholicleaf.com/mass-readings-and-reflection-sept-21-2025/,recovered,https://www.catholicgallery.org/mass-reading/210925/,recovered,25th Sunday in Ordinary Time,two_secondary_sources,
2025-09-22,not_in_current_live_collection,,recovered,https://www.catholicleaf.com/mass-readings-and-reflection-sept-22-2025/,recovered,https://www.catholicgallery.org/mass-reading/220925/,recovered,Monday of week 25 in Ordinary Time,two_secondary_sources,
2025-09-23,not_in_current_live_collection,,recovered,https://www.catholicleaf.com/mass-readings-and-reflection-sept-23-2025/,recovered,https://www.catholicgallery.org/mass-reading/230925/,recovered,"Saint Pius of Pietrelcina (Padre Pio), Priest",two_secondary_sources,
2025-09-24,not_in_current_live_collection,,unavailable,,recovered,https://www.catholicgallery.org/mass-reading/240925/,recovered,Wednesday of week 25 in Ordinary Time,one_secondary_source,
2025-09-25,not_in_current_live_collection,,recovered,https://www.catholicleaf.com/mass-readings-and-reflection-sept-25-2025/,recovered,https://www.catholicgallery.org/mass-reading/250925/,recovered,Thursday of week 25 in Ordinary Time,two_secondary_sources,
2025-09-26,not_in_current_live_collection,,recovered,https://www.catholicleaf.com/mass-readings-and-reflection-sept-26-2025/,recovered,https://www.catholicgallery.org/mass-reading/260925/,recovered,"Friday of week 25 in Ordinary Time or Saints Cosmas and Damian, Martyrs",two_secondary_sources,
2025-09-27,not_in_current_live_collection,,unavailable,,recovered,https://www.catholicgallery.org/mass-reading/270925/,recovered,"Saint Vincent de Paul, Priest",one_secondary_source,
2025-09-28,not_in_current_live_collection,,recovered,https://www.catholicleaf.com/mass-readings-and-reflection-sept-28-2025/,recovered,https://www.catholicgallery.org/mass-reading/280925/,recovered,26th Sunday in Ordinary Time,two_secondary_sources,
2025-09-29,not_in_current_live_collection,,recovered,https://www.catholicleaf.com/mass-readings-and-reflection-sept-29-2025/,recovered,https://www.catholicgallery.org/mass-reading/290925/,recovered,"Saints Michael, Gabriel and Raphael, Archangels Feast",two_secondary_sources,
2025-09-30,not_in_current_live_collection,,recovered,https://www.catholicleaf.com/mass-readings-and-reflection-sept-30-2025/,recovered,https://www.catholicgallery.org/mass-reading/300925/,recovered,"Saint Jerome, Priest, Doctor",two_secondary_sources,
2025-10-01,not_in_current_live_collection,,recovered,https://www.catholicleaf.com/mass-readings-and-reflection-october-01-2025/,recovered,https://www.catholicgallery.org/mass-reading/011025/,recovered,"Our Lady, Queen and Patroness of Nigeria Solemnity",two_secondary_sources,
2025-10-02,not_in_current_live_collection,,recovered,https://www.catholicleaf.com/mass-readings-and-reflection-october-02-2025/,recovered,https://www.catholicgallery.org/mass-reading/021025/,recovered,The Holy Guardian Angels,two_secondary_sources,
2025-10-03,not_in_current_live_collection,,recovered,https://www.catholicleaf.com/mass-readings-and-reflection-october-03-2025/,recovered,https://www.catholicgallery.org/mass-reading/031025/,recovered,"Saint Thérèse of the Child Jesus, Virgin, Doctor",two_secondary_sources,
2025-10-04,not_in_current_live_collection,,recovered,https://www.catholicleaf.com/mass-readings-and-reflection-october-04-2025/,recovered,https://www.catholicgallery.org/mass-reading/041025/,recovered,Saint Francis of Assisi,two_secondary_sources,
2025-10-05,not_in_current_live_collection,,recovered,https://www.catholicleaf.com/mass-readings-and-reflection-october-05-2025/,recovered,https://www.catholicgallery.org/mass-reading/051025/,recovered,27th Sunday in Ordinary Time,two_secondary_sources,
2025-10-06,not_in_current_live_collection,,unavailable,,recovered,https://www.catholicgallery.org/mass-reading/061025/,recovered,"Monday of week 27 in Ordinary Time or Saint Bruno, Priest",one_secondary_source,
2025-10-07,not_in_current_live_collection,,recovered,https://www.catholicleaf.com/mass-readings-and-reflection-october-07-2025/,recovered,https://www.catholicgallery.org/mass-reading/071025/,recovered,Our Lady of the Rosary,two_secondary_sources,
2025-10-08,not_in_current_live_collection,,recovered,https://www.catholicleaf.com/mass-readings-and-reflection-october-08-2025/,recovered,https://www.catholicgallery.org/mass-reading/081025/,recovered,Wednesday of week 27 in Ordinary Time,two_secondary_sources,
2025-10-09,not_in_current_live_collection,,recovered,https://www.catholicleaf.com/mass-readings-and-reflection-october-09-2025/,recovered,https://www.catholicgallery.org/mass-reading/091025/,recovered,"Thursday of week 27 in Ordinary Time or Saints Denis, Bishop, and his Companions, Martyrs or Saint John Leonardi, Priest",two_secondary_sources,
2025-10-10,not_in_current_live_collection,,recovered,https://www.catholicleaf.com/mass-readings-and-reflection-october-10-2025/,recovered,https://www.catholicgallery.org/mass-reading/101025/,recovered,Friday of week 27 in Ordinary Time,two_secondary_sources,
2025-10-11,not_in_current_live_collection,,recovered,https://www.catholicleaf.com/mass-readings-and-reflection-october-11-2025/,recovered,https://www.catholicgallery.org/mass-reading/111025/,recovered,"Saturday of week 27 in Ordinary Time or Saint John XXIII, Pope or Saturday memorial of the Blessed Virgin Mary",two_secondary_sources,
2025-10-12,not_in_current_live_collection,,recovered,https://www.catholicleaf.com/mass-readings-and-reflection-october-12-2025/,recovered,https://www.catholicgallery.org/mass-reading/121025/,recovered,28th Sunday in Ordinary Time,two_secondary_sources,
2025-10-13,not_in_current_live_collection,,recovered,https://www.catholicleaf.com/mass-readings-and-reflection-october-13-2025/,recovered,https://www.catholicgallery.org/mass-reading/131025/,recovered,Monday of week 28 in Ordinary Time,two_secondary_sources,
2025-10-14,not_in_current_live_collection,,recovered,https://www.catholicleaf.com/mass-readings-and-reflection-october-14-2025/,recovered,https://www.catholicgallery.org/mass-reading/141025/,recovered,"Tuesday of week 28 in Ordinary Time or Saint Callistus, Pope, Martyr",two_secondary_sources,
2025-10-15,not_in_current_live_collection,,recovered,https://www.catholicleaf.com/mass-readings-and-reflection-october-15-2025/,recovered,https://www.catholicgallery.org/mass-reading/151025/,recovered,"Saint Teresa of Ávila, Virgin, Doctor",two_secondary_sources,
2025-10-16,not_in_current_live_collection,,recovered,https://www.catholicleaf.com/mass-readings-and-reflection-october-16-2025/,recovered,https://www.catholicgallery.org/mass-reading/161025/,recovered,"Thursday of week 28 in Ordinary Time or Saint Hedwig, Religious or Saint Margaret Mary Alacoque, Virgin",two_secondary_sources,
2025-10-17,not_in_current_live_collection,,recovered,https://www.catholicleaf.com/mass-readings-and-reflection-october-17-2025/,recovered,https://www.catholicgallery.org/mass-reading/171025/,recovered,"Saint Ignatius of Antioch, Bishop, Martyr",two_secondary_sources,
2025-10-18,not_in_current_live_collection,,recovered,https://www.catholicleaf.com/mass-readings-and-reflection-october-18-2025/,recovered,https://www.catholicgallery.org/mass-reading/181025/,recovered,"Saint Luke, Evangelist Feast",two_secondary_sources,
2025-10-19,not_in_current_live_collection,,recovered,https://www.catholicleaf.com/mass-readings-and-reflection-october-19-2025/,recovered,https://www.catholicgallery.org/mass-reading/191025/,recovered,29th Sunday in Ordinary Time,two_secondary_sources,
2025-10-20,not_in_current_live_collection,,unavailable,,recovered,https://www.catholicgallery.org/mass-reading/201025/,recovered,Monday of week 29 in Ordinary Time,one_secondary_source,
2025-10-21,not_in_current_live_collection,,recovered,https://www.catholicleaf.com/mass-readings-and-reflection-october-21-2025/,recovered,https://www.catholicgallery.org/mass-reading/211025/,recovered,Tuesday of week 29 in Ordinary Time,two_secondary_sources,
2025-10-22,not_in_current_live_collection,,recovered,https://www.catholicleaf.com/mass-readings-and-reflection-october-22-2025/,recovered,https://www.catholicgallery.org/mass-reading/221025/,recovered,"Wednesday of week 29 in Ordinary Time or Saint John Paul II, Pope",two_secondary_sources,
2025-10-23,not_in_current_live_collection,,recovered,https://www.catholicleaf.com/mass-readings-and-reflection-october-23-2025/,recovered,https://www.catholicgallery.org/mass-reading/231025/,recovered,"Thursday of week 29 in Ordinary Time or Saint John of Capistrano, Priest",two_secondary_sources,
2025-10-24,not_in_current_live_collection,,recovered,https://www.catholicleaf.com/mass-readings-and-reflection-october-24-2025/,recovered,https://www.catholicgallery.org/mass-reading/241025/,recovered,"Friday of week 29 in Ordinary Time or Saint Antony Mary Claret, Bishop",two_secondary_sources,
2025-10-25,not_in_current_live_collection,,recovered,https://www.catholicleaf.com/mass-readings-and-reflection-october-25-2025/,recovered,https://www.catholicgallery.org/mass-reading/251025/,recovered,Saturday of week 29 in Ordinary Time or Saturday memorial of the Blessed Virgin Mary,two_secondary_sources,
2025-10-26,not_in_current_live_collection,,recovered,https://www.catholicleaf.com/mass-readings-and-reflection-october-26-2025/,recovered,https://www.catholicgallery.org/mass-reading/261025/,recovered,30th Sunday in Ordinary Time,two_secondary_sources,
2025-10-27,not_in_current_live_collection,,recovered,https://www.catholicleaf.com/mass-readings-and-reflection-october-27-2025/,recovered,https://www.catholicgallery.org/mass-reading/271025/,recovered,Monday of week 30 in Ordinary Time,two_secondary_sources,
2025-10-28,not_in_current_live_collection,,recovered,https://www.catholicleaf.com/mass-readings-and-reflection-october-28-2025/,recovered,https://www.catholicgallery.org/mass-reading/281025/,recovered,"Saints Simon and Jude, Apostles Feast",two_secondary_sources,
2025-10-29,not_in_current_live_collection,,recovered,https://www.catholicleaf.com/mass-readings-and-reflection-october-29-2025/,recovered,https://www.catholicgallery.org/mass-reading/291025/,recovered,Wednesday of week 30 in Ordinary Time,two_secondary_sources,
2025-10-30,not_in_current_live_collection,,recovered,https://www.catholicleaf.com/mass-readings-and-reflection-october-30-2025/,recovered,https://www.catholicgallery.org/mass-reading/301025/,recovered,Thursday of week 30 in Ordinary Time,two_secondary_sources,
2025-10-31,not_in_current_live_collection,,recovered,https://www.catholicleaf.com/mass-readings-and-reflection-october-31-2025/,recovered,https://www.catholicgallery.org/mass-reading/311025/,recovered,Friday of week 30 in Ordinary Time,two_secondary_sources,
2025-11-01,not_in_current_live_collection,,recovered,https://www.catholicleaf.com/mass-readings-and-reflection-november-01-2025/,recovered,https://www.catholicgallery.org/mass-reading/011125/,recovered,All Saints Solemnity,two_secondary_sources,
2025-11-02,not_in_current_live_collection,,recovered,https://www.catholicleaf.com/mass-readings-and-reflection-november-02-2025/,recovered,https://www.catholicgallery.org/mass-reading/021125/,recovered,All Souls,two_secondary_sources,
2025-11-03,not_in_current_live_collection,,recovered,https://www.catholicleaf.com/mass-readings-and-reflection-november-03-2025/,recovered,https://www.catholicgallery.org/mass-reading/031125/,recovered,"Monday of week 31 in Ordinary Time or Saint Martin de Porres, Religious",two_secondary_sources,
2025-11-04,not_in_current_live_collection,,recovered,https://www.catholicleaf.com/mass-readings-and-reflection-november-04-2025/,recovered,https://www.catholicgallery.org/mass-reading/041125/,recovered,"Saint Charles Borromeo, Bishop",two_secondary_sources,
2025-11-05,not_in_current_live_collection,,recovered,https://www.catholicleaf.com/mass-readings-and-reflection-november-05-2025/,recovered,https://www.catholicgallery.org/mass-reading/051125/,recovered,Wednesday of week 31 in Ordinary Time,two_secondary_sources,
2025-11-06,not_in_current_live_collection,,recovered,https://www.catholicleaf.com/mass-readings-and-reflection-november-06-2025/,recovered,https://www.catholicgallery.org/mass-reading/061125/,recovered,Thursday of week 31 in Ordinary Time,two_secondary_sources,
2025-11-07,not_in_current_live_collection,,recovered,https://www.catholicleaf.com/mass-readings-and-reflection-november-07-2025/,recovered,https://www.catholicgallery.org/mass-reading/071125/,recovered,Friday of week 31 in Ordinary Time,two_secondary_sources,
2025-11-08,not_in_current_live_collection,,recovered,https://www.catholicleaf.com/mass-readings-and-reflection-november-08-2025/,recovered,https://www.catholicgallery.org/mass-reading/081125/,recovered,Saturday of week 31 in Ordinary Time or Saturday memorial of the Blessed Virgin Mary,two_secondary_sources,
2025-11-09,not_in_current_live_collection,,recovered,https://www.catholicleaf.com/mass-readings-and-reflection-november-09-2025/,recovered,https://www.catholicgallery.org/mass-reading/091125/,recovered,Dedication of the Lateran Basilica Feast,two_secondary_sources,
2025-11-10,not_in_current_live_collection,,recovered,https://www.catholicleaf.com/mass-readings-and-reflection-november-10-2025/,recovered,https://www.catholicgallery.org/mass-reading/101125/,recovered,"Saint Leo the Great, Pope, Doctor",two_secondary_sources,
2025-11-11,not_in_current_live_collection,,recovered,https://www.catholicleaf.com/mass-readings-and-reflection-november-11-2025/,recovered,https://www.catholicgallery.org/mass-reading/111125/,recovered,"Saint Martin of Tours, Bishop",two_secondary_sources,
2025-11-12,not_in_current_live_collection,,recovered,https://www.catholicleaf.com/mass-readings-and-reflection-november-12-2025/,recovered,https://www.catholicgallery.org/mass-reading/121125/,recovered,"Saint Josaphat, Bishop, Martyr",two_secondary_sources,
2025-11-13,not_in_current_live_collection,,recovered,https://www.catholicleaf.com/mass-readings-and-reflection-november-13-2025/,recovered,https://www.catholicgallery.org/mass-reading/131125/,recovered,Thursday of week 32 in Ordinary Time,two_secondary_sources,
2025-11-14,not_in_current_live_collection,,recovered,https://www.catholicleaf.com/mass-readings-and-reflection-november-14-2025/,recovered,https://www.catholicgallery.org/mass-reading/141125/,recovered,Friday of week 32 in Ordinary Time,two_secondary_sources,
2025-11-15,not_in_current_live_collection,,recovered,https://www.catholicleaf.com/mass-readings-and-reflection-november-15-2025/,recovered,https://www.catholicgallery.org/mass-reading/151125/,recovered,"Saturday of week 32 in Ordinary Time or Saint Albert the Great, Bishop, Doctor or Saturday memorial of the Blessed Virgin Mary",two_secondary_sources,
2025-11-16,not_in_current_live_collection,,recovered,https://www.catholicleaf.com/mass-readings-and-reflection-november-16-2025/,recovered,https://www.catholicgallery.org/mass-reading/161125/,recovered,33rd Sunday in Ordinary Time,two_secondary_sources,
2025-11-17,not_in_current_live_collection,,recovered,https://www.catholicleaf.com/mass-readings-and-reflection-november-17-2025/,recovered,https://www.catholicgallery.org/mass-reading/171125/,recovered,"Saint Elizabeth of Hungary, Religious",two_secondary_sources,
2025-11-18,not_in_current_live_collection,,recovered,https://www.catholicleaf.com/mass-readings-and-reflection-november-18-2025/,recovered,https://www.catholicgallery.org/mass-reading/181125/,recovered,"Tuesday of week 33 in Ordinary Time or Dedication of the Basilicas of Saints Peter and Paul, Apostles",two_secondary_sources,
2025-11-19,not_in_current_live_collection,,recovered,https://www.catholicleaf.com/mass-readings-and-reflection-november-19-2025/,recovered,https://www.catholicgallery.org/mass-reading/191125/,recovered,Wednesday of week 33 in Ordinary Time,two_secondary_sources,
2025-11-20,not_in_current_live_collection,,recovered,https://www.catholicleaf.com/mass-readings-and-reflection-november-20-2025/,recovered,https://www.catholicgallery.org/mass-reading/201125/,recovered,Thursday of week 33 in Ordinary Time,two_secondary_sources,
2025-11-21,not_in_current_live_collection,,unavailable,,recovered,https://www.catholicgallery.org/mass-reading/211125/,recovered,The Presentation of the Blessed Virgin Mary,one_secondary_source,
2025-11-22,not_in_current_live_collection,,recovered,https://www.catholicleaf.com/mass-readings-and-reflection-november-22-2025/,recovered,https://www.catholicgallery.org/mass-reading/221125/,recovered,"Saint Cecilia, Virgin, Martyr",two_secondary_sources,
2025-11-23,not_in_current_live_collection,,recovered,https://www.catholicleaf.com/mass-readings-and-reflection-november-23-2025/,recovered,https://www.catholicgallery.org/mass-reading/231125/,recovered,Christ the King Solemnity,two_secondary_sources,
2025-11-24,not_in_current_live_collection,,unavailable,,recovered,https://www.catholicgallery.org/mass-reading/241125/,recovered,"Saints Andrew Dũng-Lạc and his Companions, Martyrs",one_secondary_source,
2025-11-25,not_in_current_live_collection,,unavailable,,recovered,https://www.catholicgallery.org/mass-reading/251125/,recovered,"Tuesday of week 34 in Ordinary Time or Saint Catherine of Alexandria, Virgin, Martyr",one_secondary_source,
2025-11-26,not_in_current_live_collection,,unavailable,,recovered,https://www.catholicgallery.org/mass-reading/261125/,recovered,Wednesday of week 34 in Ordinary Time,one_secondary_source,
2025-11-27,not_in_current_live_collection,,unavailable,,recovered,https://www.catholicgallery.org/mass-reading/271125/,recovered,Thursday of week 34 in Ordinary Time,one_secondary_source,
2025-11-28,not_in_current_live_collection,,unavailable,,recovered,https://www.catholicgallery.org/mass-reading/281125/,recovered,Friday of week 34 in Ordinary Time,one_secondary_source,
2025-11-29,not_in_current_live_collection,,unavailable,,recovered,https://www.catholicgallery.org/mass-reading/291125/,recovered,Saturday of week 34 in Ordinary Time or Saturday memorial of the Blessed Virgin Mary,one_secondary_source,
2025-11-30,not_in_current_live_collection,,recovered,https://www.catholicleaf.com/mass-readings-and-reflection-november-30-2025/,recovered,https://www.catholicgallery.org/mass-reading/301125/,recovered,1st Sunday of Advent,two_secondary_sources,
