source_date,reference_source_id,response_source_id,source_selection_id,stable_usage_key,kind,celebration_id,mass_form,season,week,weekday,special_day,sunday_cycle,weekday_cycle,selected_reference,selected_response,comparison_status,key_status,reconciliation_status
2024-01-01,catholic_gallery_douay_archive,catholic_leaf_archive,history:reconciled:2024-01-01:1,NG|celebration|mary_mother_of_god|day||,celebration,mary_mother_of_god,day,,,,,,,"ps67:2-3,5,6,8","O God, be gracious and bless us.",reference_match_translation_response,existing_runtime_key,corroborates_runtime_key
2024-01-02,catholic_gallery_douay_archive,catholic_leaf_archive,history:reconciled:2024-01-02:1,NG|special-period|christmas-january-2|||II,special-period,,,,,,christmas-january-2,,II,"ps98:1,2-3ab,3cd-4",All the ends of the earth have seen the salvation of our God.,reference_match_translation_response,existing_runtime_key,corroborates_runtime_key
2024-01-03,catholic_gallery_douay_archive,catholic_leaf_archive,history:reconciled:2024-01-03:1,NG|special-period|christmas-january-3|||II,special-period,,,,,,christmas-january-3,,II,"ps98:1,3cd-4,5-6",All the ends of the earth have seen the salvation of our God.,reference_match_translation_response,existing_runtime_key,corroborates_runtime_key
2024-01-04,catholic_gallery_douay_archive,catholic_leaf_archive,history:reconciled:2024-01-04:1,NG|special-period|christmas-january-4|||II,special-period,,,,,,christmas-january-4,,II,"ps98:1,7-8,9",All the ends of the earth have seen the salvation of our God.,same_numbered_verses_reference_variant,existing_runtime_key,corroborates_runtime_key
2024-01-05,catholic_gallery_douay_archive,catholic_leaf_archive,history:reconciled:2024-01-05:1,NG|special-period|christmas-january-5|||II,special-period,,,,,,christmas-january-5,,II,"ps100:1b-2,3,4,5","Cry out with joy to the Lord, all the earth.",same_numbered_verses_reference_variant,existing_runtime_key,corroborates_runtime_key
2024-01-06,catholic_gallery_douay_archive,catholic_leaf_archive,history:reconciled:2024-01-06:1,NG|special-period|christmas-january-6|||II,special-period,,,,,,christmas-january-6,,II,"ps147:12-13,14-15,19-20","O Jerusalem, glorify the Lord! or Alleluia.",reference_match_translation_response,existing_runtime_key,corroborates_runtime_key
2024-01-07,catholic_gallery_douay_archive,catholic_leaf_archive,history:reconciled:2024-01-07:1,NG|celebration|epiphany_of_the_lord|day|B|,celebration,epiphany_of_the_lord,day,,,,,B,,"ps72:1-2,7-8,10-11,12-13","All nations on the earth shall fall prostrate before you, O Lord.",reference_match_translation_response,existing_runtime_key,corroborates_runtime_key
2024-01-08,catholic_gallery_douay_archive,catholic_gallery_douay_archive,history:reconciled:2024-01-08:1,NG|celebration|baptism_of_the_lord|day||,celebration,baptism_of_the_lord,day,,,,,,,"isaiah12:2-3,4bcd,5-6",You will draw water joyfully from the springs of salvation.,reference_and_response_match,existing_runtime_key,corroborates_runtime_key
2024-01-09,catholic_gallery_douay_archive,catholic_gallery_douay_archive,history:reconciled:2024-01-09:1,NG|temporal|ordinary-time|1|tuesday||II,temporal,,,ordinary-time,1,tuesday,,,II,"firstsamuel2:1,4-5,6-7,8abcd","My heart exults in the Lord, my Savior.",reference_and_response_match,existing_runtime_key,corroborates_runtime_key
2024-01-10,catholic_gallery_douay_archive,catholic_leaf_archive,history:reconciled:2024-01-10:1,NG|temporal|ordinary-time|1|wednesday||II,temporal,,,ordinary-time,1,wednesday,,,II,"ps40:2,5,7-8a,8b-9,10","See, I have come, Lord, to do your will",reference_match_translation_response,existing_runtime_key,corroborates_runtime_key
2024-01-11,catholic_gallery_douay_archive,catholic_leaf_archive,history:reconciled:2024-01-11:1,NG|temporal|ordinary-time|1|thursday||II,temporal,,,ordinary-time,1,thursday,,,II,"ps44:10-11,14-15,24-25","Redeem us, O Lord, with your merciful love!",reference_match_translation_response,existing_runtime_key,corroborates_runtime_key
2024-01-12,catholic_gallery_douay_archive,catholic_leaf_archive,history:reconciled:2024-01-12:1,NG|temporal|ordinary-time|1|friday||II,temporal,,,ordinary-time,1,friday,,,II,"ps89:16-17,18-19","I will sing forever of your mercies, O Lord.",reference_match_translation_response,existing_runtime_key,corroborates_runtime_key
2024-01-13,catholic_gallery_douay_archive,catholic_leaf_archive,history:reconciled:2024-01-13:1,NG|temporal|ordinary-time|1|saturday||II,temporal,,,ordinary-time,1,saturday,,,II,"ps21:2-3,4-5,6-7","In your strength, O Lord, the king rejoices.",reference_match_translation_response,existing_runtime_key,corroborates_runtime_key
2024-01-14,catholic_gallery_douay_archive,catholic_leaf_archive,history:reconciled:2024-01-14:1,NG|temporal|ordinary-time|2|sunday|B|,temporal,,,ordinary-time,2,sunday,,B,,"ps40:2,4ab,7-8a,8b-9,10","See, I have come, Lord, to do your will",reference_match_translation_response,existing_runtime_key,corroborates_runtime_key
2024-01-15,catholic_gallery_douay_archive,catholic_leaf_archive,history:reconciled:2024-01-15:1,NG|temporal|ordinary-time|1|monday||II,temporal,,,ordinary-time,1,monday,,,II,"ps50:8-9,16bc-17,21,23","To one whose way is blameless, I will show the salvation of God.",reference_match_translation_response,existing_runtime_key,corroborates_runtime_key
2024-01-16,catholic_gallery_douay_archive,catholic_leaf_archive,history:reconciled:2024-01-16:1,NG|temporal|ordinary-time|2|tuesday||II,temporal,,,ordinary-time,2,tuesday,,,II,"ps89:20,21-22,27-28",I have found my servant David,reference_match_translation_response,existing_runtime_key,corroborates_runtime_key
2024-01-17,catholic_gallery_douay_archive,catholic_leaf_archive,history:reconciled:2024-01-17:1,NG|temporal|ordinary-time|2|wednesday||II,temporal,,,ordinary-time,2,wednesday,,,II,"ps144:1b,2,9-10","Blest be the Lord, my rock.",same_numbered_verses_reference_variant,existing_runtime_key,corroborates_runtime_key
2024-01-18,catholic_gallery_douay_archive,catholic_leaf_archive,history:reconciled:2024-01-18:1,NG|temporal|ordinary-time|2|thursday||II,temporal,,,ordinary-time,2,thursday,,,II,"ps56:2-3,9-10a,10b-12,13-14",In God I trust; I shall not fear.,reference_conflict,existing_runtime_key,conflict_review_required
2024-01-19,catholic_gallery_douay_archive,catholic_leaf_archive,history:reconciled:2024-01-19:1,NG|temporal|ordinary-time|2|friday||II,temporal,,,ordinary-time,2,friday,,,II,"ps57:2,3-4,6,11","Have mercy on me, God, have mercy.",reference_and_response_match,existing_runtime_key,corroborates_runtime_key
2024-01-20,catholic_gallery_douay_archive,catholic_leaf_archive,history:reconciled:2024-01-20:1,NG|celebration|cyprian_michael_iwene_tansi|day||,celebration,cyprian_michael_iwene_tansi,day,,,,,,,"ps80:2-3,5-7","Let your face shine on us, Lord, and we shall be saved.",reference_conflict,existing_runtime_key,conflict_review_required
2024-01-21,catholic_gallery_douay_archive,catholic_leaf_archive,history:reconciled:2024-01-21:1,NG|temporal|ordinary-time|3|sunday|B|,temporal,,,ordinary-time,3,sunday,,B,,"ps25:4-5,6-7,8-9","O Lord, make me know your ways.",same_numbered_verses_reference_variant,existing_runtime_key,corroborates_runtime_key
2024-01-22,catholic_gallery_douay_archive,catholic_leaf_archive,history:reconciled:2024-01-22:1,NG|temporal|ordinary-time|2|monday||II,temporal,,,ordinary-time,2,monday,,,II,"ps89:20,21-22,25-26",My mercy and my faithfulness shall be with him.,reference_match_translation_response,existing_runtime_key,corroborates_runtime_key
2024-01-23,catholic_gallery_douay_archive,catholic_leaf_archive,history:reconciled:2024-01-23:1,NG|temporal|ordinary-time|3|tuesday||II,temporal,,,ordinary-time,3,tuesday,,,II,"ps24:7,8,9,10",Who is the king of glory? It is the Lord!,reference_match_translation_response,existing_runtime_key,corroborates_runtime_key
2024-01-24,catholic_gallery_douay_archive,catholic_leaf_archive,history:reconciled:2024-01-24:1,NG|temporal|ordinary-time|3|wednesday||II,temporal,,,ordinary-time,3,wednesday,,,II,"ps89:4-5,27-28,29-30",I will keep my faithful love for him always.,reference_match_translation_response,existing_runtime_key,corroborates_runtime_key
2024-01-25,catholic_gallery_douay_archive,catholic_leaf_archive,history:reconciled:2024-01-25:1,NG|temporal|ordinary-time|3|thursday||II,temporal,,,ordinary-time,3,thursday,,,II,"ps117:1bc,2",Go into all the world and proclaim the gospel.,same_numbered_verses_reference_variant,existing_runtime_key,corroborates_runtime_key
2024-01-26,catholic_gallery_douay_archive,catholic_leaf_archive,history:reconciled:2024-01-26:1,NG|temporal|ordinary-time|3|friday||II,temporal,,,ordinary-time,3,friday,,,II,"ps96:1-2a,2b-3,7-8a,10",Tell among all the peoples the wonders of the Lord.,reference_match_translation_response,existing_runtime_key,corroborates_runtime_key
2024-01-27,catholic_gallery_douay_archive,catholic_leaf_archive,history:reconciled:2024-01-27:1,NG|temporal|ordinary-time|3|saturday||II,temporal,,,ordinary-time,3,saturday,,,II,"ps51:12-13,14-15,16-17","Create a pure heart for me, O God.",reference_match_translation_response,existing_runtime_key,corroborates_runtime_key
2024-01-28,catholic_gallery_douay_archive,catholic_leaf_archive,history:reconciled:2024-01-28:1,NG|temporal|ordinary-time|4|sunday|B|,temporal,,,ordinary-time,4,sunday,,B,,"ps95:1-2,6-7,8-9",O that today you would listen to his voice! Harden not your hearts.,same_numbered_verses_reference_variant,existing_runtime_key,corroborates_runtime_key
2024-01-29,catholic_gallery_douay_archive,catholic_leaf_archive,history:reconciled:2024-01-29:1,NG|temporal|ordinary-time|3|monday||II,temporal,,,ordinary-time,3,monday,,,II,"ps3:2-3,4-5,6-7","Arise, Lord, save me.",reference_match_translation_response,existing_runtime_key,corroborates_runtime_key
2024-01-30,catholic_gallery_douay_archive,catholic_leaf_archive,history:reconciled:2024-01-30:1,NG|temporal|ordinary-time|4|tuesday||II,temporal,,,ordinary-time,4,tuesday,,,II,"ps86:1-2,3-4,5-6","Turn your ear, O Lord, and answer me.",reference_match_translation_response,existing_runtime_key,corroborates_runtime_key
2024-01-31,catholic_gallery_douay_archive,catholic_leaf_archive,history:reconciled:2024-01-31:1,NG|temporal|ordinary-time|4|wednesday||II,temporal,,,ordinary-time,4,wednesday,,,II,"ps32:1-2,5,6,7","O Lord, forgive the guilt of my sin.",reference_match_translation_response,existing_runtime_key,corroborates_runtime_key
2024-02-01,catholic_gallery_douay_archive,catholic_gallery_douay_archive,history:reconciled:2024-02-01:1,NG|temporal|ordinary-time|4|thursday||II,temporal,,,ordinary-time,4,thursday,,,II,"firstchronicles29:10,11ab,11d-12a,12bcd","Lord, you are exalted over all.",reference_and_response_match,existing_runtime_key,corroborates_runtime_key
2024-02-02,catholic_gallery_douay_archive,catholic_leaf_archive,history:reconciled:2024-02-02:1,NG|celebration|presentation_of_the_lord|day||,celebration,presentation_of_the_lord,day,,,,,,,"ps24:7,8,9,10","The Lord of hosts, he is the King of Glory!",reference_match_translation_response,existing_runtime_key,corroborates_runtime_key
2024-02-03,catholic_gallery_douay_archive,catholic_leaf_archive,history:reconciled:2024-02-03:1,NG|temporal|ordinary-time|4|saturday||II,temporal,,,ordinary-time,4,saturday,,,II,"ps119:9,10,11,12,13,14","O Lord, teach me your statutes.",reference_match_translation_response,existing_runtime_key,corroborates_runtime_key
2024-02-04,catholic_gallery_douay_archive,catholic_leaf_archive,history:reconciled:2024-02-04:1,NG|temporal|ordinary-time|5|sunday|B|,temporal,,,ordinary-time,5,sunday,,B,,"ps147:1-2,3-4,5-6",Praise the Lord who heals the brokenhearted.,reference_and_response_match,existing_runtime_key,corroborates_runtime_key
2024-02-05,catholic_gallery_douay_archive,catholic_leaf_archive,history:reconciled:2024-02-05:1,NG|temporal|ordinary-time|4|monday||II,temporal,,,ordinary-time,4,monday,,,II,"ps132:6-7,8-10","Go up, Lord, to the place of your rest.",reference_match_translation_response,existing_runtime_key,corroborates_runtime_key
2024-02-06,catholic_gallery_douay_archive,catholic_leaf_archive,history:reconciled:2024-02-06:1,NG|temporal|ordinary-time|5|tuesday||II,temporal,,,ordinary-time,5,tuesday,,,II,"ps84:3,4,5,10,11","How lovely is your dwelling place, O Lord of hosts!",reference_match_translation_response,existing_runtime_key,corroborates_runtime_key
2024-02-07,catholic_gallery_douay_archive,catholic_leaf_archive,history:reconciled:2024-02-07:1,NG|temporal|ordinary-time|5|wednesday||II,temporal,,,ordinary-time,5,wednesday,,,II,"ps37:5-6,30-31,39-40",The mouth of the just man utters wisdom.,reference_match_translation_response,existing_runtime_key,corroborates_runtime_key
2024-02-08,catholic_gallery_douay_archive,catholic_leaf_archive,history:reconciled:2024-02-08:1,NG|temporal|ordinary-time|5|thursday||II,temporal,,,ordinary-time,5,thursday,,,II,"ps106:3-4,35-36,37,40","O Lord, remember us with the favour you show to your people.",reference_match_translation_response,existing_runtime_key,corroborates_runtime_key
2024-02-09,catholic_gallery_douay_archive,catholic_leaf_archive,history:reconciled:2024-02-09:1,NG|temporal|ordinary-time|5|friday||II,temporal,,,ordinary-time,5,friday,,,II,"ps81:10-11ab,12-13,14-15",I am the Lord your God: listen to my voice.,reference_match_translation_response,existing_runtime_key,corroborates_runtime_key
2024-02-10,catholic_gallery_douay_archive,catholic_leaf_archive,history:reconciled:2024-02-10:1,NG|temporal|ordinary-time|5|saturday||II,temporal,,,ordinary-time,5,saturday,,,II,"ps106:6-7ab,19-20,21-22","O Lord, remember me with the favour you show to your people..",reference_match_translation_response,existing_runtime_key,corroborates_runtime_key
2024-02-11,catholic_gallery_douay_archive,catholic_leaf_archive,history:reconciled:2024-02-11:1,NG|temporal|ordinary-time|6|sunday|B|,temporal,,,ordinary-time,6,sunday,,B,,"ps32:1-2,5,11",You are a hiding place for me; you surround me with cries of deliverance.,reference_match_translation_response,existing_runtime_key,corroborates_runtime_key
2024-02-12,catholic_gallery_douay_archive,catholic_leaf_archive,history:reconciled:2024-02-12:1,NG|temporal|ordinary-time|5|monday||II,temporal,,,ordinary-time,5,monday,,,II,"ps119:67,68,71,72,75,76","Show me compassion, that I may live.",reference_match_translation_response,existing_runtime_key,corroborates_runtime_key
2024-02-13,catholic_gallery_douay_archive,catholic_leaf_archive,history:reconciled:2024-02-13:1,NG|temporal|ordinary-time|6|tuesday||II,temporal,,,ordinary-time,6,tuesday,,,II,"ps94:12-13a,14-15,18-19","Blessed the man whom you discipline, O Lord.",reference_match_translation_response,existing_runtime_key,corroborates_runtime_key
2024-02-14,catholic_gallery_douay_archive,catholic_leaf_archive,history:reconciled:2024-02-14:1,NG|special-period|ash-wednesday|||II,special-period,,,,,,ash-wednesday,,II,"ps51:3-4,5-6ab,12-13,14,17","Have mercy, O Lord, for we have sinned.",reference_match_translation_response,existing_runtime_key,corroborates_runtime_key
2024-02-15,catholic_gallery_douay_archive,catholic_leaf_archive,history:reconciled:2024-02-15:1,NG|special-period|after-ash-wednesday-thursday|||II,special-period,,,,,,after-ash-wednesday-thursday,,II,"ps1:1-2,3,4,6",Blessed the man who has placed his trust in the Lord.,reference_match_translation_response,existing_runtime_key,corroborates_runtime_key
2024-02-16,catholic_gallery_douay_archive,catholic_leaf_archive,history:reconciled:2024-02-16:1,NG|special-period|after-ash-wednesday-friday|||II,special-period,,,,,,after-ash-wednesday-friday,,II,"ps51:3-4,5-6ab,18-19","A broken and humbled heart, O God, you will not spurn.",reference_match_translation_response,existing_runtime_key,corroborates_runtime_key
2024-02-17,catholic_gallery_douay_archive,catholic_leaf_archive,history:reconciled:2024-02-17:1,NG|special-period|after-ash-wednesday-saturday|||II,special-period,,,,,,after-ash-wednesday-saturday,,II,"ps86:1-2,3-4,5-6","Teach me, O Lord, your way, so that I may walk in your truth",reference_match_translation_response,existing_runtime_key,corroborates_runtime_key
2024-02-18,catholic_gallery_douay_archive,catholic_leaf_archive,history:reconciled:2024-02-18:1,NG|temporal|lent|1|sunday|B|,temporal,,,lent,1,sunday,,B,,"ps25:4-5,6-7,8-9","All your paths, O Lord, are mercy and faithfulness, for those who keep your covenant.",same_numbered_verses_reference_variant,existing_runtime_key,corroborates_runtime_key
2024-02-19,catholic_gallery_douay_archive,catholic_leaf_archive,history:reconciled:2024-02-19:1,NG|temporal|lent|1|monday||II,temporal,,,lent,1,monday,,,II,"ps19:8,9,10,15","Your words, O Lord, are Spirit and life.",reference_match_translation_response,existing_runtime_key,corroborates_runtime_key
2024-02-20,catholic_gallery_douay_archive,catholic_leaf_archive,history:reconciled:2024-02-20:1,NG|temporal|lent|1|tuesday||II,temporal,,,lent,1,tuesday,,,II,"ps34:4-5,6-7,16-17,18-19",The Lord rescues them in all their distress.,reference_match_translation_response,existing_runtime_key,corroborates_runtime_key
2024-02-21,catholic_gallery_douay_archive,catholic_leaf_archive,history:reconciled:2024-02-21:1,NG|temporal|lent|1|wednesday||II,temporal,,,lent,1,wednesday,,,II,"ps51:3-4,12-13,18-19","A broken and humbled heart, O God you will not spurn.",reference_match_translation_response,existing_runtime_key,corroborates_runtime_key
2024-02-22,catholic_gallery_douay_archive,catholic_leaf_archive,history:reconciled:2024-02-22:1,NG|temporal|lent|1|thursday||II,temporal,,,lent,1,thursday,,,II,"ps23:1-3a,4,5,6",The Lord is my shepherd; there is nothing I shall want.,same_numbered_verses_reference_variant,existing_runtime_key,corroborates_runtime_key
2024-02-23,catholic_gallery_douay_archive,catholic_leaf_archive,history:reconciled:2024-02-23:1,NG|temporal|lent|1|friday||II,temporal,,,lent,1,friday,,,II,"ps130:1-2,3-4,5-6,7-8","If you, O Lord, should mark iniquities, Lord, who could stand?",same_numbered_verses_reference_variant,existing_runtime_key,corroborates_runtime_key
2024-02-24,catholic_gallery_douay_archive,catholic_leaf_archive,history:reconciled:2024-02-24:1,NG|temporal|lent|1|saturday||II,temporal,,,lent,1,saturday,,,II,"ps119:1-2,4-5,7-8",Blessed are those who walk in the law of the Lord,reference_match_translation_response,existing_runtime_key,corroborates_runtime_key
2024-02-25,catholic_gallery_douay_archive,catholic_leaf_archive,history:reconciled:2024-02-25:1,NG|temporal|lent|2|sunday|B|,temporal,,,lent,2,sunday,,B,,"ps116:10,15,16-17,18-19",I will walk in the presence of the Lord in the Land of the living.,reference_match_translation_response,existing_runtime_key,corroborates_runtime_key
2024-02-26,catholic_gallery_douay_archive,catholic_leaf_archive,history:reconciled:2024-02-26:1,NG|temporal|lent|2|monday||II,temporal,,,lent,2,monday,,,II,"ps79:8,9,11,13","O Lord, do not treat us according to our sins.",reference_match_translation_response,existing_runtime_key,corroborates_runtime_key
2024-02-27,catholic_gallery_douay_archive,catholic_leaf_archive,history:reconciled:2024-02-27:1,NG|temporal|lent|2|tuesday||II,temporal,,,lent,2,tuesday,,,II,"ps50:8-9,16bc-17,21,23","To one whose way is blameless, I will show the salvation of God.",reference_match_translation_response,existing_runtime_key,corroborates_runtime_key
2024-02-28,catholic_gallery_douay_archive,catholic_leaf_archive,history:reconciled:2024-02-28:1,NG|temporal|lent|2|wednesday||II,temporal,,,lent,2,wednesday,,,II,"ps31:5-6,14,15-16","Save me, O Lord, in your merciful love",reference_match_translation_response,existing_runtime_key,corroborates_runtime_key
2024-02-29,catholic_gallery_douay_archive,catholic_leaf_archive,history:reconciled:2024-02-29:1,NG|temporal|lent|2|thursday||II,temporal,,,lent,2,thursday,,,II,"ps1:1-2,3,4,6",Blessed the man who has placed his trust in the Lord.,reference_match_translation_response,existing_runtime_key,corroborates_runtime_key
2024-03-01,catholic_gallery_douay_archive,catholic_leaf_archive,history:reconciled:2024-03-01:1,NG|temporal|lent|2|friday||II,temporal,,,lent,2,friday,,,II,"ps105:16-17,18-19,20-21",Remember the wonders the Lord has done.,reference_match_translation_response,existing_runtime_key,corroborates_runtime_key
2024-03-02,catholic_gallery_douay_archive,catholic_leaf_archive,history:reconciled:2024-03-02:1,NG|temporal|lent|2|saturday||II,temporal,,,lent,2,saturday,,,II,"ps103:1-2,3-4,9-10,11-12",The Lord is compassionate and gracious.,reference_match_translation_response,existing_runtime_key,corroborates_runtime_key
2024-03-03,catholic_gallery_douay_archive,catholic_leaf_archive,history:reconciled:2024-03-03:1,NG|temporal|lent|3|sunday|B|,temporal,,,lent,3,sunday,,B,,"ps19:8,9,10,11","Lord, you have the words of eternal life.",reference_match_translation_response,existing_runtime_key,corroborates_runtime_key
2024-03-04,catholic_gallery_douay_archive,catholic_leaf_archive,history:reconciled:2024-03-04:1,NG|temporal|lent|3|monday||II,temporal,,,lent,3,monday,,,II,"ps42:2,3,43:3,4","My soul is thirsting for God, the living God. When can I enter and appear before the face of God?",reference_match_translation_response,existing_runtime_key,corroborates_runtime_key
2024-03-05,catholic_gallery_douay_archive,catholic_leaf_archive,history:reconciled:2024-03-05:1,NG|temporal|lent|3|tuesday||II,temporal,,,lent,3,tuesday,,,II,"ps25:4-5ab,6,7bc,8-9","Remember your compassion, O Lord.",same_numbered_verses_reference_variant,existing_runtime_key,corroborates_runtime_key
2024-03-06,catholic_gallery_douay_archive,catholic_leaf_archive,history:reconciled:2024-03-06:1,NG|temporal|lent|3|wednesday||II,temporal,,,lent,3,wednesday,,,II,"ps147:12-13,15-16,19-20","O Jerusalem, glorify the Lord!",reference_match_translation_response,existing_runtime_key,corroborates_runtime_key
2024-03-07,catholic_gallery_douay_archive,catholic_leaf_archive,history:reconciled:2024-03-07:1,NG|temporal|lent|3|thursday||II,temporal,,,lent,3,thursday,,,II,"ps95:1-2,6-7,8-9",O that today you would listen to his voice! Harden not your hearts.,same_numbered_verses_reference_variant,existing_runtime_key,corroborates_runtime_key
2024-03-08,catholic_gallery_douay_archive,catholic_leaf_archive,history:reconciled:2024-03-08:1,NG|temporal|lent|3|friday||II,temporal,,,lent,3,friday,,,II,"ps81:6c-8a,8bc-9,10-11ab,14,17",I am the Lord your God: listen to my voice.,reference_match_translation_response,existing_runtime_key,corroborates_runtime_key
2024-03-09,catholic_gallery_douay_archive,catholic_leaf_archive,history:reconciled:2024-03-09:1,NG|temporal|lent|3|saturday||II,temporal,,,lent,3,saturday,,,II,"ps51:3-4,18-19,20-21ab","I desire steadfast love, and not sacrifice",reference_match_translation_response,existing_runtime_key,corroborates_runtime_key
2024-03-10,catholic_gallery_douay_archive,catholic_leaf_archive,history:reconciled:2024-03-10:1,NG|temporal|lent|4|sunday|B|,temporal,,,lent,4,sunday,,B,,"ps137:1-2,3,4-5,6",O let my tongue cleave to my palate if I remember you not.,reference_match_translation_response,existing_runtime_key,corroborates_runtime_key
2024-03-11,catholic_gallery_douay_archive,catholic_leaf_archive,history:reconciled:2024-03-11:1,NG|temporal|lent|4|monday||II,temporal,,,lent,4,monday,,,II,"ps30:2,4,5-6,11-12a,13b","I will extol you, Lord, for you have raised me up",reference_match_translation_response,existing_runtime_key,corroborates_runtime_key
2024-03-12,catholic_gallery_douay_archive,catholic_leaf_archive,history:reconciled:2024-03-12:1,NG|temporal|lent|4|tuesday||II,temporal,,,lent,4,tuesday,,,II,"ps46:2-3,5-6,8-9",The Lord of hosts is with us; the God of Jacob is our stronghold.,reference_match_translation_response,existing_runtime_key,corroborates_runtime_key
2024-03-13,catholic_gallery_douay_archive,catholic_leaf_archive,history:reconciled:2024-03-13:1,NG|temporal|lent|4|wednesday||II,temporal,,,lent,4,wednesday,,,II,"ps145:8-9,13cd-14,17-18",The Lord is kind and full of compassion.,reference_match_translation_response,existing_runtime_key,corroborates_runtime_key
2024-03-14,catholic_gallery_douay_archive,catholic_leaf_archive,history:reconciled:2024-03-14:1,NG|temporal|lent|4|thursday||II,temporal,,,lent,4,thursday,,,II,"ps106:19-20,21-22,23","O Lord, remember us with the favour you show to your people.",reference_match_translation_response,existing_runtime_key,corroborates_runtime_key
2024-03-15,catholic_gallery_douay_archive,catholic_leaf_archive,history:reconciled:2024-03-15:1,NG|temporal|lent|4|friday||II,temporal,,,lent,4,friday,,,II,"ps34:17-18,19-20,21,23",The Lord is close to the broken-hearted.,reference_match_translation_response,existing_runtime_key,corroborates_runtime_key
2024-03-16,catholic_gallery_douay_archive,catholic_leaf_archive,history:reconciled:2024-03-16:1,NG|temporal|lent|4|saturday||II,temporal,,,lent,4,saturday,,,II,"ps7:2-3,9bc-10,11-12","O Lord, my God, I take refuge in you",same_numbered_verses_reference_variant,existing_runtime_key,corroborates_runtime_key
2024-03-17,catholic_gallery_douay_archive,catholic_leaf_archive,history:reconciled:2024-03-17:1,NG|temporal|lent|5|sunday|B|,temporal,,,lent,5,sunday,,B,,"ps51:3-4,12-13,14-15","Create a pure heart for me, O God.",reference_match_translation_response,existing_runtime_key,corroborates_runtime_key
2024-03-18,catholic_gallery_douay_archive,catholic_leaf_archive,history:reconciled:2024-03-18:1,NG|temporal|lent|5|monday||II,temporal,,,lent,5,monday,,,II,"ps23:1-3a,3b-4,5,6","Though I should walk in the valley of the shadow of death, no evil would I fear, for you are with me.",reference_match_translation_response,existing_runtime_key,corroborates_runtime_key
2024-03-19,catholic_gallery_douay_archive,catholic_leaf_archive,history:reconciled:2024-03-19:1,NG|celebration|saint_joseph_spouse_of_blessed_virgin_mary|day||,celebration,saint_joseph_spouse_of_blessed_virgin_mary,day,,,,,,,"ps89:2-3,4-5,27,29",His descendants shall continue forever,reference_match_translation_response,existing_runtime_key,corroborates_runtime_key
2024-03-20,catholic_gallery_douay_archive,catholic_gallery_douay_archive,history:reconciled:2024-03-20:1,NG|temporal|lent|5|wednesday||II,temporal,,,lent,5,wednesday,,,II,"daniel3:52,53,54,55,56",Glory and praise for ever!,reference_and_response_match,existing_runtime_key,corroborates_runtime_key
2024-03-21,catholic_gallery_douay_archive,catholic_leaf_archive,history:reconciled:2024-03-21:1,NG|temporal|lent|5|thursday||II,temporal,,,lent,5,thursday,,,II,"ps105:4-5,6-7,8-9",The Lord remembers his covenant forever.,reference_match_translation_response,existing_runtime_key,corroborates_runtime_key
2024-03-22,catholic_gallery_douay_archive,catholic_leaf_archive,history:reconciled:2024-03-22:1,NG|temporal|lent|5|friday||II,temporal,,,lent,5,friday,,,II,"ps18:2-3a,3bc-4,5-6,7","In my anguish I called to the Lord, and he heard me",reference_match_translation_response,existing_runtime_key,corroborates_runtime_key
2024-03-23,catholic_gallery_douay_archive,catholic_gallery_douay_archive,history:reconciled:2024-03-23:1,NG|temporal|lent|5|saturday||II,temporal,,,lent,5,saturday,,,II,"jeremiah31:10,11-12,13","The Lord will guard us, as a shepherd guards his flock.",reference_and_response_match,existing_runtime_key,corroborates_runtime_key
2024-03-24,catholic_gallery_douay_archive,catholic_leaf_archive,history:reconciled:2024-03-24:1,NG|special-period|palm-sunday||B|,special-period,,,,,,palm-sunday,B,,"ps22:8-9,17-18,19-20,23-24","My God, my God, Why have you forsaken me?",same_numbered_verses_reference_variant,existing_runtime_key,corroborates_runtime_key
2024-03-25,catholic_gallery_douay_archive,catholic_leaf_archive,history:reconciled:2024-03-25:1,NG|special-period|holy-week-monday|||II,special-period,,,,,,holy-week-monday,,II,"ps27:1,2,3,13-14",The Lord is my light and my salvation.,reference_and_response_match,existing_runtime_key,corroborates_runtime_key
2024-03-26,catholic_gallery_douay_archive,catholic_leaf_archive,history:reconciled:2024-03-26:1,NG|special-period|holy-week-tuesday|||II,special-period,,,,,,holy-week-tuesday,,II,"ps71:1-2,3-4a,5ab-6ab,15,17","My mouth will tell of your salvation, Lord.",same_numbered_verses_reference_variant,existing_runtime_key,corroborates_runtime_key
2024-03-27,catholic_gallery_douay_archive,catholic_leaf_archive,history:reconciled:2024-03-27:1,NG|special-period|holy-week-wednesday|||II,special-period,,,,,,holy-week-wednesday,,II,"ps69:8-10,21-22,31,33-34","In your great mercy, answer me, O Lord, for a time of your favour.",reference_match_translation_response,existing_runtime_key,corroborates_runtime_key
2024-03-28,catholic_gallery_douay_archive,catholic_leaf_archive,history:reconciled:2024-03-28:1,NG|temporal|lent|6|thursday||II,temporal,,,lent,6,thursday,,,II,"ps116:12-13,15-16bc,17-18",The cup of blessing is a participation in the blood of Christ.,same_numbered_verses_reference_variant,existing_runtime_key,corroborates_runtime_key
2024-03-29,catholic_gallery_douay_archive,catholic_leaf_archive,history:reconciled:2024-03-29:1,NG|special-period|good-friday|||II,special-period,,,,,,good-friday,,II,"ps31:2,6,12-13,15-16,17,25","Father, into your hands I commend my spirit!",reference_and_response_match,existing_runtime_key,corroborates_runtime_key
2024-03-30,catholic_gallery_douay_archive,catholic_leaf_archive,history:reconciled:2024-03-30:1,NG|temporal|lent|6|saturday||II,temporal,,,lent,6,saturday,,,II,"ps118:1-2,16-17,22-23","Lord, send forth your Spirit, and renew the face of the earth.",reference_conflict,new_runtime_key,conflict_review_required
2024-03-31,catholic_gallery_douay_archive,catholic_leaf_archive,history:reconciled:2024-03-31:1,NG|celebration|easter_sunday|day|B|,celebration,easter_sunday,day,,,,,B,,"ps118:1-2,16-17,22-23",This is the day the Lord has made; let us rejoice in it and be glad.,same_numbered_verses_reference_variant,existing_runtime_key,corroborates_runtime_key
2024-04-01,catholic_gallery_douay_archive,catholic_leaf_archive,history:reconciled:2024-04-01:1,NG|special-period|easter-octave-monday|||II,special-period,,,,,,easter-octave-monday,,II,"ps16:1-2a,5,7-8,9-10,11","Preserve me, O God, for in you I take refuge. Or Alleluia",reference_match_translation_response,existing_runtime_key,corroborates_runtime_key
2024-04-02,catholic_gallery_douay_archive,catholic_leaf_archive,history:reconciled:2024-04-02:1,NG|special-period|easter-octave-tuesday|||II,special-period,,,,,,easter-octave-tuesday,,II,"ps33:4-5,18-19,20,22",His merciful love fills the earth. Or Alleluia !,reference_match_translation_response,existing_runtime_key,corroborates_runtime_key
2024-04-03,catholic_gallery_douay_archive,catholic_leaf_archive,history:reconciled:2024-04-03:1,NG|special-period|easter-octave-wednesday|||II,special-period,,,,,,easter-octave-wednesday,,II,"ps105:1-2,3-4,6-7,8-9",Let the hearts that seek the Lord rejoice. Or: Alleluia.,reference_match_translation_response,existing_runtime_key,corroborates_runtime_key
2024-04-04,catholic_gallery_douay_archive,catholic_leaf_archive,history:reconciled:2024-04-04:1,NG|special-period|easter-octave-thursday|||II,special-period,,,,,,easter-octave-thursday,,II,"ps8:2ab,5,6-7,8-9","O Lord, our Lord, how majestic is your name through all the earth! Or: Alleluia.",same_numbered_verses_reference_variant,existing_runtime_key,corroborates_runtime_key
2024-04-05,catholic_gallery_douay_archive,catholic_leaf_archive,history:reconciled:2024-04-05:1,NG|special-period|easter-octave-friday|||II,special-period,,,,,,easter-octave-friday,,II,"ps118:1-2,4,22-24,25-27a","O Lord, our Lord, how majestic is your name through all the earth! Or: Alleluia.",reference_conflict,existing_runtime_key,conflict_review_required
2024-04-06,catholic_gallery_douay_archive,catholic_leaf_archive,history:reconciled:2024-04-06:1,NG|special-period|easter-octave-saturday|||II,special-period,,,,,,easter-octave-saturday,,II,"ps118:1,14-15ab,16-18,19-21","I will thank you, Lord, for you have answered me Or: Alleluia.",reference_match_translation_response,existing_runtime_key,corroborates_runtime_key
2024-04-07,catholic_gallery_douay_archive,catholic_leaf_archive,history:reconciled:2024-04-07:1,NG|temporal|easter|2|sunday|B|,temporal,,,easter,2,sunday,,B,,"ps118:2-4,13-15,22-24","Give praise to the Lord, for he is good; his mercy endures forever.",reference_conflict,existing_runtime_key,conflict_review_required
2024-04-08,catholic_gallery_douay_archive,catholic_leaf_archive,history:reconciled:2024-04-08:1,NG|celebration|annunciation_of_the_lord|day||,celebration,annunciation_of_the_lord,day,,,,,,,"ps40:7-8a,8b-9,10,11","See, I have come, Lord, to do your will",reference_match_translation_response,existing_runtime_key,corroborates_runtime_key
2024-04-09,catholic_gallery_douay_archive,catholic_leaf_archive,history:reconciled:2024-04-09:1,NG|temporal|easter|2|tuesday||II,temporal,,,easter,2,tuesday,,,II,"ps93:1ab,1cd-2,5","The Lord is king, with majesty enrobed.",same_numbered_verses_reference_variant,existing_runtime_key,corroborates_runtime_key
2024-04-10,catholic_gallery_douay_archive,catholic_leaf_archive,history:reconciled:2024-04-10:1,NG|temporal|easter|2|wednesday||II,temporal,,,easter,2,wednesday,,,II,"ps34:2-3,4-5,6-7,8-9","The lowly one called, and the Lord heard him.",reference_match_translation_response,existing_runtime_key,corroborates_runtime_key
2024-04-11,catholic_gallery_douay_archive,catholic_leaf_archive,history:reconciled:2024-04-11:1,NG|temporal|easter|2|thursday||II,temporal,,,easter,2,thursday,,,II,"ps34:2,9,17-18,19-20","The lowly one called, and the Lord heard him",reference_match_translation_response,existing_runtime_key,corroborates_runtime_key
2024-04-12,catholic_gallery_douay_archive,catholic_leaf_archive,history:reconciled:2024-04-12:1,NG|temporal|easter|2|friday||II,temporal,,,easter,2,friday,,,II,"ps27:1,4,13-14","There is one thing I ask of the Lord, to live in the house of the Lord",reference_match_translation_response,existing_runtime_key,corroborates_runtime_key
2024-04-13,catholic_gallery_douay_archive,catholic_leaf_archive,history:reconciled:2024-04-13:1,NG|temporal|easter|2|saturday||II,temporal,,,easter,2,saturday,,,II,"ps33:1-2,4-5,18-19","May your merciful love be upon us, as we hope in you, O Lord. Or Alleluia",reference_match_translation_response,existing_runtime_key,corroborates_runtime_key
2024-04-14,catholic_gallery_douay_archive,catholic_leaf_archive,history:reconciled:2024-04-14:1,NG|temporal|easter|3|sunday|B|,temporal,,,easter,3,sunday,,B,,"ps4:2,4,7-8,9","Lift up the light of your face on us, O Lord.",reference_conflict,existing_runtime_key,conflict_review_required
2024-04-15,catholic_gallery_douay_archive,catholic_leaf_archive,history:reconciled:2024-04-15:1,NG|temporal|easter|3|monday||II,temporal,,,easter,3,monday,,,II,"ps119:23-24,26-27,29-30",Blessed are those walk in the law of the Lord.,reference_match_translation_response,existing_runtime_key,corroborates_runtime_key
2024-04-16,catholic_gallery_douay_archive,catholic_leaf_archive,history:reconciled:2024-04-16:1,NG|temporal|easter|3|tuesday||II,temporal,,,easter,3,tuesday,,,II,"ps31:3cd-4,6,7b,8a,17,21ab","Into your hands, O Lord, I commend my spirit.",same_numbered_verses_reference_variant,existing_runtime_key,corroborates_runtime_key
2024-04-17,catholic_gallery_douay_archive,catholic_leaf_archive,history:reconciled:2024-04-17:1,NG|temporal|easter|3|wednesday||II,temporal,,,easter,3,wednesday,,,II,"ps66:1-3a,4-5,6-7a","Cry out with joy to God, all the earth.",reference_match_translation_response,existing_runtime_key,corroborates_runtime_key
2024-04-18,catholic_gallery_douay_archive,catholic_leaf_archive,history:reconciled:2024-04-18:1,NG|temporal|easter|3|thursday||II,temporal,,,easter,3,thursday,,,II,"ps66:8-9,16-17,20","Cry out with joy to God, all the earth.",reference_match_translation_response,existing_runtime_key,corroborates_runtime_key
2024-04-19,catholic_gallery_douay_archive,catholic_leaf_archive,history:reconciled:2024-04-19:1,NG|temporal|easter|3|friday||II,temporal,,,easter,3,friday,,,II,"ps117:1,2","Go into all the world, and proclaim the Gospel.",reference_match_translation_response,existing_runtime_key,corroborates_runtime_key
2024-04-20,catholic_gallery_douay_archive,catholic_leaf_archive,history:reconciled:2024-04-20:1,NG|temporal|easter|3|saturday||II,temporal,,,easter,3,saturday,,,II,"ps116:12-13,14-15,16-17",How can I repay the Lord for all his goodness to me,reference_match_translation_response,existing_runtime_key,corroborates_runtime_key
2024-04-21,catholic_gallery_douay_archive,catholic_leaf_archive,history:reconciled:2024-04-21:1,NG|temporal|easter|4|sunday|B|,temporal,,,easter,4,sunday,,B,,"ps118:1,8-9,21-23,26,28,29",The stone that the builders rejected has become the cornerstone.,same_numbered_verses_reference_variant,existing_runtime_key,corroborates_runtime_key
2024-04-22,catholic_gallery_douay_archive,catholic_leaf_archive,history:reconciled:2024-04-22:1,NG|temporal|easter|4|monday||II,temporal,,,easter,4,monday,,,II,"ps42:2-3,43:3-4","My soul is thirsting for you, the living God.",same_numbered_verses_reference_variant,existing_runtime_key,corroborates_runtime_key
2024-04-23,catholic_gallery_douay_archive,catholic_leaf_archive,history:reconciled:2024-04-23:1,NG|temporal|easter|4|tuesday||II,temporal,,,easter,4,tuesday,,,II,"ps87:1b-3,4-5,6-7","O praise the Lord, all you nations",same_numbered_verses_reference_variant,existing_runtime_key,corroborates_runtime_key
2024-04-24,catholic_gallery_douay_archive,catholic_leaf_archive,history:reconciled:2024-04-24:1,NG|temporal|easter|4|wednesday||II,temporal,,,easter,4,wednesday,,,II,"ps67:2-3,5,6,8","Let the peoples praise you, O God; let all the peoples praise you!",reference_match_translation_response,existing_runtime_key,corroborates_runtime_key
2024-04-25,catholic_gallery_douay_archive,catholic_leaf_archive,history:reconciled:2024-04-25:1,NG|celebration|mark_evangelist|day||,celebration,mark_evangelist,day,,,,,,,"ps89:2-3,6-7,16-17","I will sing forever of your mercies, O Lord.",reference_match_translation_response,existing_runtime_key,corroborates_runtime_key
2024-04-26,catholic_gallery_douay_archive,catholic_leaf_archive,history:reconciled:2024-04-26:1,NG|temporal|easter|4|friday||II,temporal,,,easter,4,friday,,,II,"ps2:6-7,8-9,10-11ab",You are my son. It is I who have begotten you this day.,same_numbered_verses_reference_variant,existing_runtime_key,corroborates_runtime_key
2024-04-27,catholic_gallery_douay_archive,catholic_leaf_archive,history:reconciled:2024-04-27:1,NG|temporal|easter|4|saturday||II,temporal,,,easter,4,saturday,,,II,"ps98:1,2-3ab,3cd-4",All the ends of the earth have seen the salvation of our God,reference_match_translation_response,existing_runtime_key,corroborates_runtime_key
2024-04-28,catholic_gallery_douay_archive,catholic_leaf_archive,history:reconciled:2024-04-28:1,NG|temporal|easter|5|sunday|B|,temporal,,,easter,5,sunday,,B,,"ps22:26-27,28,30,31-32","You are my praise, Lord, in the great assembly.",same_numbered_verses_reference_variant,existing_runtime_key,corroborates_runtime_key
2024-04-29,catholic_gallery_douay_archive,catholic_leaf_archive,history:reconciled:2024-04-29:1,NG|temporal|easter|5|monday||II,temporal,,,easter,5,monday,,,II,"ps115:1-2,3-4,15-16","Not to us, O Lord, but to your name give the glory",reference_and_response_match,existing_runtime_key,corroborates_runtime_key
2024-04-30,catholic_gallery_douay_archive,catholic_leaf_archive,history:reconciled:2024-04-30:1,NG|celebration|our_lady_mother_of_africa|day||,celebration,our_lady_mother_of_africa,day,,,,,,,"ps145:10-11,12-13ab,21","Your friends make known, O Lord, the glory of your reign.",reference_match_translation_response,existing_runtime_key,corroborates_runtime_key
2024-05-01,catholic_gallery_douay_archive,catholic_leaf_archive,history:reconciled:2024-05-01:1,NG|temporal|easter|5|wednesday||II,temporal,,,easter,5,wednesday,,,II,"ps122:1-2,3-4ab,4cd-5",Let us go rejoicing to the house of the Lord.,reference_and_response_match,existing_runtime_key,corroborates_runtime_key
2024-05-02,catholic_gallery_douay_archive,catholic_leaf_archive,history:reconciled:2024-05-02:1,NG|temporal|easter|5|thursday||II,temporal,,,easter,5,thursday,,,II,"ps96:1-2a,2b-3,10",Tell among all the peoples the wonders of the Lord.,reference_match_translation_response,existing_runtime_key,corroborates_runtime_key
2024-05-03,catholic_gallery_douay_archive,catholic_leaf_archive,history:reconciled:2024-05-03:1,NG|temporal|easter|5|friday||II,temporal,,,easter,5,friday,,,II,"ps19:2-3,4-5",Their sound goes forth through all the earth.,reference_match_translation_response,existing_runtime_key,corroborates_runtime_key
2024-05-04,catholic_gallery_douay_archive,catholic_leaf_archive,history:reconciled:2024-05-04:1,NG|temporal|easter|5|saturday||II,temporal,,,easter,5,saturday,,,II,"ps100:2,3,5",Cry out with joy to the Lord all the earth..,reference_conflict,existing_runtime_key,conflict_review_required
2024-05-05,catholic_gallery_douay_archive,catholic_leaf_archive,history:reconciled:2024-05-05:1,NG|temporal|easter|6|sunday|B|,temporal,,,easter,6,sunday,,B,,"ps98:1,2-3,3-4",The Lord has shown his deliverance to the nations..,same_numbered_verses_reference_variant,existing_runtime_key,corroborates_runtime_key
2024-05-06,catholic_gallery_douay_archive,catholic_leaf_archive,history:reconciled:2024-05-06:1,NG|temporal|easter|6|monday||II,temporal,,,easter,6,monday,,,II,"ps149:1b-2,3-4,5-6a,9b",The Lord takes delight in his people.,same_numbered_verses_reference_variant,existing_runtime_key,corroborates_runtime_key
2024-05-07,catholic_gallery_douay_archive,catholic_leaf_archive,history:reconciled:2024-05-07:1,NG|temporal|easter|6|tuesday||II,temporal,,,easter,6,tuesday,,,II,"ps138:1-2ab,2cde-3,7c-8","With your right hand you save me, O Lord.",same_numbered_verses_reference_variant,existing_runtime_key,corroborates_runtime_key
2024-05-08,catholic_gallery_douay_archive,catholic_leaf_archive,history:reconciled:2024-05-08:1,NG|temporal|easter|6|wednesday||II,temporal,,,easter,6,wednesday,,,II,"ps148:1-2,11-12,13,14",Heaven and earth are full of your glory,reference_and_response_match,existing_runtime_key,corroborates_runtime_key
2024-05-09,catholic_gallery_douay_archive,catholic_leaf_archive,history:reconciled:2024-05-09:1,NG|celebration|ascension_of_the_lord|day||,celebration,ascension_of_the_lord,day,,,,,,,"ps98:1,2-3ab,3cd-4",The Lord has shown his deliverance to the nations.,reference_match_translation_response,existing_runtime_key,corroborates_runtime_key
2024-05-10,catholic_gallery_douay_archive,catholic_leaf_archive,history:reconciled:2024-05-10:1,NG|temporal|easter|6|friday||II,temporal,,,easter,6,friday,,,II,"ps47:2-3,4-5,6-7",God is king of all the earth.,reference_and_response_match,existing_runtime_key,corroborates_runtime_key
2024-05-11,catholic_gallery_douay_archive,catholic_leaf_archive,history:reconciled:2024-05-11:1,NG|temporal|easter|6|saturday||II,temporal,,,easter,6,saturday,,,II,"ps47:2-3,8-9,10",God is king of all the earth.,reference_and_response_match,existing_runtime_key,corroborates_runtime_key
2024-05-12,catholic_gallery_douay_archive,catholic_gallery_douay_archive,history:reconciled:2024-05-12:1,NG|temporal|easter|7|sunday|B|,temporal,,,easter,7,sunday,,B,,"ps47:2-3,6-7,8-9",God mounts his throne to shouts of joy: a blare of trumpets for the Lord.,reference_and_response_match,existing_runtime_key,corroborates_runtime_key
2024-05-13,catholic_gallery_douay_archive,catholic_gallery_douay_archive,history:reconciled:2024-05-13:1,NG|temporal|easter|7|monday||II,temporal,,,easter,7,monday,,,II,"ps68:2-3ab,4-5acd,6-7ab","Sing to God, O kingdoms of the earth.",reference_and_response_match,existing_runtime_key,corroborates_runtime_key
2024-05-14,catholic_gallery_douay_archive,catholic_gallery_douay_archive,history:reconciled:2024-05-14:1,NG|temporal|easter|7|tuesday||II,temporal,,,easter,7,tuesday,,,II,"ps113:1-2,3-4,5-6,7-8",The Lord will give him a seat with the leaders of his people.,reference_and_response_match,existing_runtime_key,corroborates_runtime_key
2024-05-15,catholic_gallery_douay_archive,catholic_gallery_douay_archive,history:reconciled:2024-05-15:1,NG|temporal|easter|7|wednesday||II,temporal,,,easter,7,wednesday,,,II,"ps68:29-30,33-35a,35bc-36ab","Sing to God, O kingdoms of the earth.",reference_and_response_match,existing_runtime_key,corroborates_runtime_key
2024-05-16,catholic_gallery_douay_archive,catholic_gallery_douay_archive,history:reconciled:2024-05-16:1,NG|temporal|easter|7|thursday||II,temporal,,,easter,7,thursday,,,II,"ps16:1-2a,5,7-8,9-10,11","Preserve me, O Lord, for I have put trust in thee.",reference_and_response_match,existing_runtime_key,corroborates_runtime_key
2024-05-17,catholic_gallery_douay_archive,catholic_gallery_douay_archive,history:reconciled:2024-05-17:1,NG|temporal|easter|7|friday||II,temporal,,,easter,7,friday,,,II,"ps103:1-2,11-12,19-20ab",The Lord has established his throne in heaven.,reference_and_response_match,existing_runtime_key,corroborates_runtime_key
2024-05-18,catholic_gallery_douay_archive,catholic_gallery_douay_archive,history:reconciled:2024-05-18:1,NG|temporal|easter|7|saturday||II,temporal,,,easter,7,saturday,,,II,"ps11:4,5,7","The just will gaze on your face, O Lord.",reference_and_response_match,existing_runtime_key,corroborates_runtime_key
2024-05-19,catholic_gallery_douay_archive,catholic_gallery_douay_archive,history:reconciled:2024-05-19:1,NG|celebration|pentecost_sunday|day|B|,celebration,pentecost_sunday,day,,,,,B,,"ps104:1,24,29-30,31,34","Lord, send out your Spirit, and renew the face of the earth.",reference_and_response_match,existing_runtime_key,corroborates_runtime_key
2024-05-20,catholic_gallery_douay_archive,catholic_leaf_archive,history:reconciled:2024-05-20:1,NG|celebration|mary_mother_of_the_church|day||,celebration,mary_mother_of_the_church,day,,,,,,,"ps87:1-2,3,5,6-7","Of you are told glorious things, O city of God!.",reference_match_translation_response,existing_runtime_key,corroborates_runtime_key
2024-05-21,catholic_gallery_douay_archive,catholic_leaf_archive,history:reconciled:2024-05-21:1,NG|temporal|ordinary-time|7|tuesday||II,temporal,,,ordinary-time,7,tuesday,,,II,"ps55:7-8,9-10a,10b-11a,23","Entrust your cares to the Lord, and he will support you.",same_numbered_verses_reference_variant,existing_runtime_key,corroborates_runtime_key
2024-05-22,catholic_gallery_douay_archive,catholic_leaf_archive,history:reconciled:2024-05-22:1,NG|temporal|ordinary-time|7|wednesday||II,temporal,,,ordinary-time,7,wednesday,,,II,"ps49:2-3,6-7,8-10,11","Blessed are the poor in spirit, for theirs is the kingdom of heaven.",reference_match_translation_response,existing_runtime_key,corroborates_runtime_key
2024-05-23,catholic_gallery_douay_archive,catholic_leaf_archive,history:reconciled:2024-05-23:1,NG|temporal|ordinary-time|7|thursday||II,temporal,,,ordinary-time,7,thursday,,,II,"ps49:14-15ab,15cd-16,17-18,19-20","Blessed are the poor in spirit, for theirs is the kingdom of heaven.",same_numbered_verses_reference_variant,existing_runtime_key,corroborates_runtime_key
2024-05-24,catholic_gallery_douay_archive,catholic_leaf_archive,history:reconciled:2024-05-24:1,NG|temporal|ordinary-time|7|friday||II,temporal,,,ordinary-time,7,friday,,,II,"ps103:1-2,3-4,8-9,11-12",The Lord is compassionate and gracious.,reference_match_translation_response,existing_runtime_key,corroborates_runtime_key
2024-05-25,catholic_gallery_douay_archive,catholic_leaf_archive,history:reconciled:2024-05-25:1,NG|temporal|ordinary-time|7|saturday||II,temporal,,,ordinary-time,7,saturday,,,II,"ps141:1-2,3,8",Let my prayer be accepted as incense before you.,reference_match_translation_response,existing_runtime_key,corroborates_runtime_key
2024-05-26,catholic_gallery_douay_archive,catholic_leaf_archive,history:reconciled:2024-05-26:1,NG|celebration|most_holy_trinity|day|B|,celebration,most_holy_trinity,day,,,,,B,,"ps33:4-5,6,9,18-19,20,22",Blessed the people the Lord has chosen as his heritage.,reference_match_translation_response,existing_runtime_key,corroborates_runtime_key
2024-05-27,catholic_gallery_douay_archive,catholic_leaf_archive,history:reconciled:2024-05-27:1,NG|temporal|ordinary-time|8|monday||II,temporal,,,ordinary-time,8,monday,,,II,"ps111:1-2,5-6,9,10c",The Lord keeps his covenant ever in mind.,same_numbered_verses_reference_variant,existing_runtime_key,corroborates_runtime_key
2024-05-28,catholic_gallery_douay_archive,catholic_leaf_archive,history:reconciled:2024-05-28:1,NG|temporal|ordinary-time|8|tuesday||II,temporal,,,ordinary-time,8,tuesday,,,II,"ps98:1,2-3ab,3cd-4",The Lord has made known his salvation.,reference_and_response_match,existing_runtime_key,corroborates_runtime_key
2024-05-29,catholic_gallery_douay_archive,catholic_leaf_archive,history:reconciled:2024-05-29:1,NG|temporal|ordinary-time|8|wednesday||II,temporal,,,ordinary-time,8,wednesday,,,II,"ps147:12-13,14-15,19-20","O Jerusalem, glorify the Lord.",reference_match_translation_response,existing_runtime_key,corroborates_runtime_key
2024-05-30,catholic_gallery_douay_archive,catholic_leaf_archive,history:reconciled:2024-05-30:1,NG|temporal|ordinary-time|8|thursday||II,temporal,,,ordinary-time,8,thursday,,,II,"ps100:2,3,4,5","Come before him, singing for joy.",reference_conflict,existing_runtime_key,conflict_review_required
2024-05-31,catholic_gallery_douay_archive,catholic_leaf_archive,history:reconciled:2024-05-31:1,NG|temporal|ordinary-time|8|friday||II,temporal,,,ordinary-time,8,friday,,,II,"isaiah12:2-3,4bcd,5-6",Great in your midst is the Holy One of Israel.,reference_conflict,existing_runtime_key,conflict_review_required
2024-06-01,catholic_gallery_douay_archive,catholic_leaf_archive,history:reconciled:2024-06-01:1,NG|temporal|ordinary-time|8|saturday||II,temporal,,,ordinary-time,8,saturday,,,II,"ps63:2,3-4,5-6","For you my soul is thirsting, O Lord, my God.",reference_match_translation_response,existing_runtime_key,corroborates_runtime_key
2024-06-02,catholic_gallery_douay_archive,catholic_leaf_archive,history:reconciled:2024-06-02:1,NG|celebration|body_and_blood_of_christ|day|B|,celebration,body_and_blood_of_christ,day,,,,,B,,"ps116:12-13,15-16,17-18",The cup of salvation I will raise; I will call on the name of the Lord.,same_numbered_verses_reference_variant,existing_runtime_key,corroborates_runtime_key
2024-06-03,catholic_gallery_douay_archive,catholic_leaf_archive,history:reconciled:2024-06-03:1,NG|temporal|ordinary-time|9|monday||II,temporal,,,ordinary-time,9,monday,,,II,"ps91:1-2,14-15b,15c-16","O my God, I trust in you",same_numbered_verses_reference_variant,existing_runtime_key,corroborates_runtime_key
2024-06-04,catholic_gallery_douay_archive,catholic_leaf_archive,history:reconciled:2024-06-04:1,NG|temporal|ordinary-time|9|tuesday||II,temporal,,,ordinary-time,9,tuesday,,,II,"ps90:2,3-4,10,14,16","O Lord, you have been our refuge, from generation to generation",reference_match_translation_response,existing_runtime_key,corroborates_runtime_key
2024-06-05,catholic_gallery_douay_archive,catholic_leaf_archive,history:reconciled:2024-06-05:1,NG|temporal|ordinary-time|9|wednesday||II,temporal,,,ordinary-time,9,wednesday,,,II,"ps123:1b-2ab,2cdef","To you, O Lord, have I lifted up my eyes.",same_numbered_verses_reference_variant,existing_runtime_key,corroborates_runtime_key
2024-06-06,catholic_gallery_douay_archive,catholic_leaf_archive,history:reconciled:2024-06-06:1,NG|temporal|ordinary-time|9|thursday||II,temporal,,,ordinary-time,9,thursday,,,II,"ps25:4-5ab,8-9,10,14","O Lord, make me know your ways.",reference_match_translation_response,existing_runtime_key,corroborates_runtime_key
2024-06-07,catholic_gallery_douay_archive,catholic_gallery_douay_archive,history:reconciled:2024-06-07:1,NG|celebration|most_sacred_heart_of_jesus|day||,celebration,most_sacred_heart_of_jesus,day,,,,,,,"isaiah12:2-3,4,5-6",You will draw water joyfully from the springs of salvation.,reference_and_response_match,existing_runtime_key,corroborates_runtime_key
2024-06-08,catholic_gallery_douay_archive,catholic_leaf_archive,history:reconciled:2024-06-08:1,NG|celebration|immaculate_heart_of_mary|day||,celebration,immaculate_heart_of_mary,day,,,,,,,"ps71:8-9,14-15ab,16-17,22","My heart exults in the Lord, my Saviour.",reference_conflict,existing_runtime_key,conflict_review_required
2024-06-09,catholic_gallery_douay_archive,catholic_leaf_archive,history:reconciled:2024-06-09:1,NG|temporal|ordinary-time|10|sunday|B|,temporal,,,ordinary-time,10,sunday,,B,,"ps130:1-2,3-4,5-6,7-8","With the Lord there is mercy, in him is plentiful redemption.",reference_match_translation_response,existing_runtime_key,corroborates_runtime_key
2024-06-10,catholic_gallery_douay_archive,catholic_leaf_archive,history:reconciled:2024-06-10:1,NG|temporal|ordinary-time|10|monday||II,temporal,,,ordinary-time,10,monday,,,II,"ps121:1bc-2,3-4,5-6,7-8","Our help shall come from the Lord, who made heaven and earth.",same_numbered_verses_reference_variant,existing_runtime_key,corroborates_runtime_key
2024-06-11,catholic_gallery_douay_archive,catholic_leaf_archive,history:reconciled:2024-06-11:1,NG|celebration|saint_barnabas_apostle|day||,celebration,saint_barnabas_apostle,day,,,,,,,"ps98:1,2-3ab,3cd-4,5-6",The Lord has shown his deliverance to the nations.,reference_match_translation_response,existing_runtime_key,corroborates_runtime_key
2024-06-12,catholic_gallery_douay_archive,catholic_leaf_archive,history:reconciled:2024-06-12:1,NG|temporal|ordinary-time|10|wednesday||II,temporal,,,ordinary-time,10,wednesday,,,II,"ps16:1b-2ab,4,5ab,8,11","Preserve me, O God, for in you I take refuge.",same_numbered_verses_reference_variant,existing_runtime_key,corroborates_runtime_key
2024-06-13,catholic_gallery_douay_archive,catholic_leaf_archive,history:reconciled:2024-06-13:1,NG|temporal|ordinary-time|10|thursday||II,temporal,,,ordinary-time,10,thursday,,,II,"ps65:10,11,12-13","Praise is due to you in Sion, O God.",same_numbered_verses_reference_variant,existing_runtime_key,corroborates_runtime_key
2024-06-14,catholic_gallery_douay_archive,catholic_leaf_archive,history:reconciled:2024-06-14:1,NG|temporal|ordinary-time|10|friday||II,temporal,,,ordinary-time,10,friday,,,II,"ps27:7-8a,8b-9abc,13-14","It is your face, O Lord, that I seek.",same_numbered_verses_reference_variant,existing_runtime_key,corroborates_runtime_key
2024-06-15,catholic_gallery_douay_archive,catholic_leaf_archive,history:reconciled:2024-06-15:1,NG|temporal|ordinary-time|10|saturday||II,temporal,,,ordinary-time,10,saturday,,,II,"ps16:1b-2a,5,7-8,9-10","It is you, O Lord, who are my portion.",reference_match_translation_response,existing_runtime_key,corroborates_runtime_key
2024-06-16,catholic_gallery_douay_archive,catholic_leaf_archive,history:reconciled:2024-06-16:1,NG|temporal|ordinary-time|11|sunday|B|,temporal,,,ordinary-time,11,sunday,,B,,"ps92:2-3,13-14,15-16","It is good to give thanks to you, O Lord.",reference_match_translation_response,existing_runtime_key,corroborates_runtime_key
2024-06-17,catholic_gallery_douay_archive,catholic_leaf_archive,history:reconciled:2024-06-17:1,NG|temporal|ordinary-time|11|monday||II,temporal,,,ordinary-time,11,monday,,,II,"ps5:2-3ab,4b-6,7","O Lord, give heed to my sighs",reference_conflict,existing_runtime_key,conflict_review_required
2024-06-18,catholic_gallery_douay_archive,catholic_leaf_archive,history:reconciled:2024-06-18:1,NG|temporal|ordinary-time|11|tuesday||II,temporal,,,ordinary-time,11,tuesday,,,II,"ps51:3-4,5-6ab,11,16","Have mercy, O Lord, for we have sinned.",reference_match_translation_response,existing_runtime_key,corroborates_runtime_key
2024-06-19,catholic_gallery_douay_archive,catholic_leaf_archive,history:reconciled:2024-06-19:1,NG|temporal|ordinary-time|11|wednesday||II,temporal,,,ordinary-time,11,wednesday,,,II,"ps31:20,21,24","Be strong, let your heart take courage, all who hope in the Lord.",reference_match_translation_response,existing_runtime_key,corroborates_runtime_key
2024-06-20,catholic_gallery_douay_archive,catholic_leaf_archive,history:reconciled:2024-06-20:1,NG|temporal|ordinary-time|11|thursday||II,temporal,,,ordinary-time,11,thursday,,,II,"ps97:1-2,3-4,5-6,7","Rejoice in the Lord, you just.",reference_and_response_match,existing_runtime_key,corroborates_runtime_key
2024-06-21,catholic_gallery_douay_archive,catholic_leaf_archive,history:reconciled:2024-06-21:1,NG|temporal|ordinary-time|11|friday||II,temporal,,,ordinary-time,11,friday,,,II,"ps132:11,12,13-14,17-18",The Lord has chosen Sion; he has desired it for his dwelling.,reference_match_translation_response,existing_runtime_key,corroborates_runtime_key
2024-06-22,catholic_gallery_douay_archive,catholic_leaf_archive,history:reconciled:2024-06-22:1,NG|temporal|ordinary-time|11|saturday||II,temporal,,,ordinary-time,11,saturday,,,II,"ps89:4-5,29-30,31-32,33-34",I will keep my faithful love for him always.,reference_match_translation_response,existing_runtime_key,corroborates_runtime_key
2024-06-23,catholic_gallery_douay_archive,catholic_leaf_archive,history:reconciled:2024-06-23:1,NG|temporal|ordinary-time|12|sunday|B|,temporal,,,ordinary-time,12,sunday,,B,,"ps107:23-24,25-26,28-29,30-31",. O give thanks to the Lord for he is good; for his mercy endures forever!,reference_match_translation_response,existing_runtime_key,corroborates_runtime_key
2024-06-24,catholic_gallery_douay_archive,catholic_leaf_archive,history:reconciled:2024-06-24:1,NG|celebration|nativity_of_saint_john_the_baptist|day||,celebration,nativity_of_saint_john_the_baptist,day,,,,,,,"ps139:1b-3,13-14ab,14c-15",I thank you who wonderfully made me.,same_numbered_verses_reference_variant,existing_runtime_key,corroborates_runtime_key
2024-06-25,catholic_gallery_douay_archive,catholic_leaf_archive,history:reconciled:2024-06-25:1,NG|temporal|ordinary-time|12|tuesday||II,temporal,,,ordinary-time,12,tuesday,,,II,"ps48:2-3ab,3cd-4,10-11",God establishes his city forever.,reference_match_translation_response,existing_runtime_key,corroborates_runtime_key
2024-06-26,catholic_gallery_douay_archive,catholic_leaf_archive,history:reconciled:2024-06-26:1,NG|temporal|ordinary-time|12|wednesday||II,temporal,,,ordinary-time,12,wednesday,,,II,"ps119:33,34,36,37,40","Lord, teach me the way of your statutes.",reference_conflict,existing_runtime_key,conflict_review_required
2024-06-27,catholic_gallery_douay_archive,catholic_leaf_archive,history:reconciled:2024-06-27:1,NG|temporal|ordinary-time|12|thursday||II,temporal,,,ordinary-time,12,thursday,,,II,"ps79:1b-2,3-5,8,9","For the sake of the glory of your name, free us O Lord.",same_numbered_verses_reference_variant,existing_runtime_key,corroborates_runtime_key
2024-06-28,catholic_gallery_douay_archive,catholic_leaf_archive,history:reconciled:2024-06-28:1,NG|temporal|ordinary-time|12|friday||II,temporal,,,ordinary-time,12,friday,,,II,"ps137:1-2,3,4-5,6",O let my tongue cleave to my palate if I remember you not!,reference_match_translation_response,existing_runtime_key,corroborates_runtime_key
2024-06-29,catholic_gallery_douay_archive,catholic_leaf_archive,history:reconciled:2024-06-29:1,NG|celebration|saints_peter_and_paul_apostles|day||,celebration,saints_peter_and_paul_apostles,day,,,,,,,"ps34:2-3,4-5,6-7,8-9",From all my terrors he set me free,reference_match_translation_response,existing_runtime_key,corroborates_runtime_key
2024-06-30,catholic_gallery_douay_archive,catholic_leaf_archive,history:reconciled:2024-06-30:1,NG|temporal|ordinary-time|13|sunday|B|,temporal,,,ordinary-time,13,sunday,,B,,"ps30:2,4,5-6,11,12,13","I will extol you, O Lord, for you have raised me up",same_numbered_verses_reference_variant,existing_runtime_key,corroborates_runtime_key
2024-07-01,catholic_gallery_douay_archive,catholic_leaf_archive,history:reconciled:2024-07-01:1,NG|temporal|ordinary-time|13|monday||II,temporal,,,ordinary-time,13,monday,,,II,"ps50:16bc-17,18-19,20-21,22-23","Mark this, you who are forgetful of God",same_numbered_verses_reference_variant,existing_runtime_key,corroborates_runtime_key
2024-07-02,catholic_gallery_douay_archive,catholic_leaf_archive,history:reconciled:2024-07-02:1,NG|temporal|ordinary-time|13|tuesday||II,temporal,,,ordinary-time,13,tuesday,,,II,"ps5:4b-6,7,8","Lead me, Lord, in your justice.",reference_conflict,existing_runtime_key,conflict_review_required
2024-07-03,catholic_gallery_douay_archive,catholic_leaf_archive,history:reconciled:2024-07-03:1,NG|celebration|thomas_apostle|day||,celebration,thomas_apostle,day,,,,,,,"ps117:1bc,2",I will walk in the presence of the Lord in the land of the living.,reference_conflict,existing_runtime_key,conflict_review_required
2024-07-04,catholic_gallery_douay_archive,catholic_leaf_archive,history:reconciled:2024-07-04:1,NG|temporal|ordinary-time|13|thursday||II,temporal,,,ordinary-time,13,thursday,,,II,"ps19:8,9,10,11",". The judgments of the Lord are true; they are, all of them, just",reference_match_translation_response,existing_runtime_key,corroborates_runtime_key
2024-07-05,catholic_gallery_douay_archive,catholic_leaf_archive,history:reconciled:2024-07-05:1,NG|temporal|ordinary-time|13|friday||II,temporal,,,ordinary-time,13,friday,,,II,"ps119:2,10,20,30,40,131","Man shall not live by bread alone, but by every word that comes from the mouth of God.",reference_match_translation_response,existing_runtime_key,corroborates_runtime_key
2024-07-06,catholic_gallery_douay_archive,catholic_leaf_archive,history:reconciled:2024-07-06:1,NG|temporal|ordinary-time|13|saturday||II,temporal,,,ordinary-time,13,saturday,,,II,"ps85:9ab,10,11-12,13-14",The Lord speaks of peace for his people.,reference_conflict,existing_runtime_key,conflict_review_required
2024-07-07,catholic_gallery_douay_archive,catholic_leaf_archive,history:reconciled:2024-07-07:1,NG|temporal|ordinary-time|14|sunday|B|,temporal,,,ordinary-time,14,sunday,,B,,"ps123:1-2,2,3-4","Our eyes are on the Lord our God, till he show us his mercy.",same_numbered_verses_reference_variant,existing_runtime_key,corroborates_runtime_key
2024-07-08,catholic_gallery_douay_archive,catholic_leaf_archive,history:reconciled:2024-07-08:1,NG|temporal|ordinary-time|14|monday||II,temporal,,,ordinary-time,14,monday,,,II,"ps145:2-3,4-5,6-7,8-9",The Lord is kind and full of compassion,reference_match_translation_response,existing_runtime_key,corroborates_runtime_key
2024-07-09,catholic_gallery_douay_archive,catholic_leaf_archive,history:reconciled:2024-07-09:1,NG|temporal|ordinary-time|14|tuesday||II,temporal,,,ordinary-time,14,tuesday,,,II,"ps115:3-4,5-6,7ab-8,9-10","House of Israel, trust in the Lord",same_numbered_verses_reference_variant,existing_runtime_key,corroborates_runtime_key
2024-07-10,catholic_gallery_douay_archive,catholic_leaf_archive,history:reconciled:2024-07-10:1,NG|temporal|ordinary-time|14|wednesday||II,temporal,,,ordinary-time,14,wednesday,,,II,"ps105:2-3,4-5,6-7",Constantly seek the Lord’s face.,reference_match_translation_response,existing_runtime_key,corroborates_runtime_key
2024-07-11,catholic_gallery_douay_archive,catholic_leaf_archive,history:reconciled:2024-07-11:1,NG|temporal|ordinary-time|14|thursday||II,temporal,,,ordinary-time,14,thursday,,,II,"ps80:2ac,3b,15-16","Let your face shine on us, Lord, and we shall be saved.",reference_match_translation_response,existing_runtime_key,corroborates_runtime_key
2024-07-12,catholic_gallery_douay_archive,catholic_leaf_archive,history:reconciled:2024-07-12:1,NG|temporal|ordinary-time|14|friday||II,temporal,,,ordinary-time,14,friday,,,II,"ps51:3-4,8-9,12-13,14,17",My mouth shall proclaim your praise,reference_match_translation_response,existing_runtime_key,corroborates_runtime_key
2024-07-13,catholic_gallery_douay_archive,catholic_leaf_archive,history:reconciled:2024-07-13:1,NG|temporal|ordinary-time|14|saturday||II,temporal,,,ordinary-time,14,saturday,,,II,"ps93:1ab,1cd-2,5","The Lord is king, with majesty enrobed",reference_match_translation_response,existing_runtime_key,corroborates_runtime_key
2024-07-14,catholic_gallery_douay_archive,catholic_leaf_archive,history:reconciled:2024-07-14:1,NG|temporal|ordinary-time|15|sunday|B|,temporal,,,ordinary-time,15,sunday,,B,,"ps85:9-10,11-12,13-14","Let us see, O Lord, your mercy, and grant us your salvation.",same_numbered_verses_reference_variant,existing_runtime_key,corroborates_runtime_key
2024-07-15,catholic_gallery_douay_archive,catholic_leaf_archive,history:reconciled:2024-07-15:1,NG|temporal|ordinary-time|15|monday||II,temporal,,,ordinary-time,15,monday,,,II,"ps50:8-9,16bc-17,21,23","To one whose way is blameless, I will show the salvation of God.",reference_match_translation_response,existing_runtime_key,corroborates_runtime_key
2024-07-16,catholic_gallery_douay_archive,catholic_leaf_archive,history:reconciled:2024-07-16:1,NG|temporal|ordinary-time|15|tuesday||II,temporal,,,ordinary-time,15,tuesday,,,II,"ps48:2-3a,3b-4,5-6,7-8",God establishes his city forever.,same_numbered_verses_reference_variant,existing_runtime_key,corroborates_runtime_key
2024-07-17,catholic_gallery_douay_archive,catholic_leaf_archive,history:reconciled:2024-07-17:1,NG|temporal|ordinary-time|15|wednesday||II,temporal,,,ordinary-time,15,wednesday,,,II,"ps94:5-6,7-8,9-10,14-15",The Lord will not abandon his people.,reference_and_response_match,existing_runtime_key,corroborates_runtime_key
2024-07-18,catholic_gallery_douay_archive,catholic_leaf_archive,history:reconciled:2024-07-18:1,NG|temporal|ordinary-time|15|thursday||II,temporal,,,ordinary-time,15,thursday,,,II,"ps102:13-14ab,15,16-18,19-21",The Lord looked down from heaven to the earth.,reference_match_translation_response,existing_runtime_key,corroborates_runtime_key
2024-07-19,catholic_gallery_douay_archive,catholic_gallery_douay_archive,history:reconciled:2024-07-19:1,NG|temporal|ordinary-time|15|friday||II,temporal,,,ordinary-time,15,friday,,,II,"isaiah38:10,11,12abcd,16","You saved my life, O Lord; I shall not die.",reference_and_response_match,existing_runtime_key,corroborates_runtime_key
2024-07-20,catholic_gallery_douay_archive,catholic_leaf_archive,history:reconciled:2024-07-20:1,NG|temporal|ordinary-time|15|saturday||II,temporal,,,ordinary-time,15,saturday,,,II,"ps10:1-2,3-4,7-8,14","Do not forget the poor, O Lord",reference_and_response_match,existing_runtime_key,corroborates_runtime_key
2024-07-21,catholic_gallery_douay_archive,catholic_leaf_archive,history:reconciled:2024-07-21:1,NG|temporal|ordinary-time|16|sunday|B|,temporal,,,ordinary-time,16,sunday,,B,,"ps23:1-3,3-4,5,6",The Lord is my shepherd; there is nothing I shall want,same_numbered_verses_reference_variant,existing_runtime_key,corroborates_runtime_key
2024-07-22,catholic_gallery_douay_archive,catholic_leaf_archive,history:reconciled:2024-07-22:1,NG|celebration|mary_magdalene|day||,celebration,mary_magdalene,day,,,,,,,"ps63:2,3-4,5-6,8-9","For you my soul is thirsting, O Lord, my God.",reference_match_translation_response,existing_runtime_key,corroborates_runtime_key
2024-07-23,catholic_gallery_douay_archive,catholic_leaf_archive,history:reconciled:2024-07-23:1,NG|temporal|ordinary-time|16|tuesday||II,temporal,,,ordinary-time,16,tuesday,,,II,"ps85:2-4,5-6,7-8","Let us see, O Lord, your mercy.",reference_match_translation_response,existing_runtime_key,corroborates_runtime_key
2024-07-24,catholic_gallery_douay_archive,catholic_leaf_archive,history:reconciled:2024-07-24:1,NG|temporal|ordinary-time|16|wednesday||II,temporal,,,ordinary-time,16,wednesday,,,II,"ps71:1-2,3-4a,5-6ab,15,17","My mouth will tell of your salvation, Lord.",same_numbered_verses_reference_variant,existing_runtime_key,corroborates_runtime_key
2024-07-25,catholic_gallery_douay_archive,catholic_leaf_archive,history:reconciled:2024-07-25:1,NG|celebration|james_apostle|day||,celebration,james_apostle,day,,,,,,,"ps126:1bc-2ab,2cd-3,4-5,6",Those who are sowing in tears will sing when they reap.,same_numbered_verses_reference_variant,existing_runtime_key,corroborates_runtime_key
2024-07-26,catholic_gallery_douay_archive,catholic_gallery_douay_archive,history:reconciled:2024-07-26:1,NG|temporal|ordinary-time|16|friday||II,temporal,,,ordinary-time,16,friday,,,II,"jeremiah31:10,11-12abcd,13",The Lord will guard us as a shepherd guards his flock.,reference_and_response_match,existing_runtime_key,corroborates_runtime_key
2024-07-27,catholic_gallery_douay_archive,catholic_leaf_archive,history:reconciled:2024-07-27:1,NG|temporal|ordinary-time|16|saturday||II,temporal,,,ordinary-time,16,saturday,,,II,"ps84:3,4,5-6a,8a,11","How lovely is your dwelling place, O Lord of hosts!",reference_match_translation_response,existing_runtime_key,corroborates_runtime_key
2024-07-28,catholic_gallery_douay_archive,catholic_leaf_archive,history:reconciled:2024-07-28:1,NG|temporal|ordinary-time|17|sunday|B|,temporal,,,ordinary-time,17,sunday,,B,,"ps145:10-11,15-16,17-18","You open your hand, Lord, and you satisfy us",reference_match_translation_response,existing_runtime_key,corroborates_runtime_key
2024-07-29,catholic_gallery_douay_archive,catholic_gallery_douay_archive,history:reconciled:2024-07-29:1,NG|temporal|ordinary-time|17|monday||II,temporal,,,ordinary-time,17,monday,,,II,"deuteronomy32:18-19,20,21",You have forgotten God who gave you birth.,reference_and_response_match,existing_runtime_key,corroborates_runtime_key
2024-07-30,catholic_gallery_douay_archive,catholic_leaf_archive,history:reconciled:2024-07-30:1,NG|temporal|ordinary-time|17|tuesday||II,temporal,,,ordinary-time,17,tuesday,,,II,"ps79:8,9,11,13","For the sake of the glory of your name, free us O Lord.",reference_match_translation_response,existing_runtime_key,corroborates_runtime_key
2024-07-31,catholic_gallery_douay_archive,catholic_leaf_archive,history:reconciled:2024-07-31:1,NG|temporal|ordinary-time|17|wednesday||II,temporal,,,ordinary-time,17,wednesday,,,II,"ps59:2-3,4,10-11,17,18",God is my refuge in the day of my distress.,reference_conflict,existing_runtime_key,conflict_review_required
2024-08-01,catholic_gallery_douay_archive,catholic_leaf_archive,history:reconciled:2024-08-01:1,NG|temporal|ordinary-time|17|thursday||II,temporal,,,ordinary-time,17,thursday,,,II,"ps146:1b-2,3-4,5-6ab",Blessed is he who is helped by Jacob’s God.,reference_match_translation_response,existing_runtime_key,corroborates_runtime_key
2024-08-02,catholic_gallery_douay_archive,catholic_leaf_archive,history:reconciled:2024-08-02:1,NG|temporal|ordinary-time|17|friday||II,temporal,,,ordinary-time,17,friday,,,II,"ps69:5,8-10,14","In your great mercy, answer me, O Lord",reference_match_translation_response,existing_runtime_key,corroborates_runtime_key
2024-08-03,catholic_gallery_douay_archive,catholic_leaf_archive,history:reconciled:2024-08-03:1,NG|temporal|ordinary-time|17|saturday||II,temporal,,,ordinary-time,17,saturday,,,II,"ps69:15-16,30-31,33-34","At an acceptable time, O Lord, answer me",reference_match_translation_response,existing_runtime_key,corroborates_runtime_key
2024-08-04,catholic_gallery_douay_archive,catholic_leaf_archive,history:reconciled:2024-08-04:1,NG|temporal|ordinary-time|18|sunday|B|,temporal,,,ordinary-time,18,sunday,,B,,"ps78:3-4,23-24,25,54",The Lord gave them bread from heaven,same_numbered_verses_reference_variant,existing_runtime_key,corroborates_runtime_key
2024-08-05,catholic_gallery_douay_archive,catholic_leaf_archive,history:reconciled:2024-08-05:1,NG|temporal|ordinary-time|18|monday||II,temporal,,,ordinary-time,18,monday,,,II,"ps119:29,43,79,80,95,102","Teach me your statutes, O Lord.",reference_match_translation_response,existing_runtime_key,corroborates_runtime_key
2024-08-06,catholic_gallery_douay_archive,catholic_leaf_archive,history:reconciled:2024-08-06:1,NG|celebration|transfiguration_of_the_lord|day||,celebration,transfiguration_of_the_lord,day,,,,,,,"ps97:1-2,5-6,9","The Lord is king, most high above all the earth.",reference_match_translation_response,existing_runtime_key,corroborates_runtime_key
2024-08-07,catholic_gallery_douay_archive,catholic_gallery_douay_archive,history:reconciled:2024-08-07:1,NG|temporal|ordinary-time|18|wednesday||II,temporal,,,ordinary-time,18,wednesday,,,II,"jeremiah31:10,11-12ab,13",The Lord will guard us as a shepherd guards his flock.,reference_and_response_match,existing_runtime_key,corroborates_runtime_key
2024-08-08,catholic_gallery_douay_archive,catholic_leaf_archive,history:reconciled:2024-08-08:1,NG|temporal|ordinary-time|18|thursday||II,temporal,,,ordinary-time,18,thursday,,,II,"ps51:12-13,14-15,18-19","Create a pure heart for me, O God.",reference_match_translation_response,existing_runtime_key,corroborates_runtime_key
2024-08-09,catholic_gallery_douay_archive,catholic_gallery_douay_archive,history:reconciled:2024-08-09:1,NG|temporal|ordinary-time|18|friday||II,temporal,,,ordinary-time,18,friday,,,II,"deuteronomy32:35cd-36ab,39abcd,41",It is I who deal death and give life.,reference_and_response_match,existing_runtime_key,corroborates_runtime_key
2024-08-10,catholic_gallery_douay_archive,catholic_leaf_archive,history:reconciled:2024-08-10:1,NG|celebration|lawrence_of_rome_deacon|day||,celebration,lawrence_of_rome_deacon,day,,,,,,,"ps112:1-2,5-6,7-8,9",It goes well for the man who deals generously and lends.,same_numbered_verses_reference_variant,existing_runtime_key,corroborates_runtime_key
2024-08-11,catholic_gallery_douay_archive,catholic_leaf_archive,history:reconciled:2024-08-11:1,NG|temporal|ordinary-time|19|sunday|B|,temporal,,,ordinary-time,19,sunday,,B,,"ps34:2-3,4-5,6-7,8-9",Taste and see that the Lord is good,reference_match_translation_response,existing_runtime_key,corroborates_runtime_key
2024-08-12,catholic_gallery_douay_archive,catholic_leaf_archive,history:reconciled:2024-08-12:1,NG|temporal|ordinary-time|19|monday||II,temporal,,,ordinary-time,19,monday,,,II,"ps148:1-2,11-12,13,14",Heaven and earth are full of your glory,reference_match_translation_response,existing_runtime_key,corroborates_runtime_key
2024-08-13,catholic_gallery_douay_archive,catholic_gallery_douay_archive,history:reconciled:2024-08-13:1,NG|temporal|ordinary-time|19|tuesday||II,temporal,,,ordinary-time,19,tuesday,,,II,"ps119:14,24,72,103,111,131",How sweet to my taste is your promise!,reference_and_response_match,existing_runtime_key,corroborates_runtime_key
2024-08-14,catholic_gallery_douay_archive,catholic_leaf_archive,history:reconciled:2024-08-14:1,NG|temporal|ordinary-time|19|wednesday||II,temporal,,,ordinary-time,19,wednesday,,,II,"ps113:1-2,3-4,5-6",The glory of the Lord is above the heaven,same_numbered_verses_reference_variant,existing_runtime_key,corroborates_runtime_key
2024-08-15,catholic_gallery_douay_archive,catholic_leaf_archive,history:reconciled:2024-08-15:1,NG|celebration|the_assumption_of_the_blessed_virgin_mary|day||,celebration,the_assumption_of_the_blessed_virgin_mary,day,,,,,,,"ps45:10,11,12,16",On your right stands the queen in gold of Ophir.,reference_match_translation_response,existing_runtime_key,corroborates_runtime_key
2024-08-16,catholic_gallery_douay_archive,catholic_gallery_douay_archive,history:reconciled:2024-08-16:1,NG|temporal|ordinary-time|19|friday||II,temporal,,,ordinary-time,19,friday,,,II,"isaiah12:2-3,4bcd,5-6",You have turned from your anger.,reference_and_response_match,existing_runtime_key,corroborates_runtime_key
2024-08-17,catholic_gallery_douay_archive,catholic_leaf_archive,history:reconciled:2024-08-17:1,NG|temporal|ordinary-time|19|saturday||II,temporal,,,ordinary-time,19,saturday,,,II,"ps51:12-13,14-15,18-19","Create a pure heart for me, O God",reference_match_translation_response,existing_runtime_key,corroborates_runtime_key
2024-08-18,catholic_gallery_douay_archive,catholic_leaf_archive,history:reconciled:2024-08-18:1,NG|temporal|ordinary-time|20|sunday|B|,temporal,,,ordinary-time,20,sunday,,B,,"ps34:2-3,10-11,12-13,14-15",Taste and see that the Lord is good,reference_match_translation_response,existing_runtime_key,corroborates_runtime_key
2024-08-19,catholic_gallery_douay_archive,catholic_gallery_douay_archive,history:reconciled:2024-08-19:1,NG|temporal|ordinary-time|20|monday||II,temporal,,,ordinary-time,20,monday,,,II,"deuteronomy32:18-19,20,21",You have forgotten God who gave you birth.,reference_and_response_match,existing_runtime_key,corroborates_runtime_key
2024-08-20,catholic_gallery_douay_archive,catholic_gallery_douay_archive,history:reconciled:2024-08-20:1,NG|temporal|ordinary-time|20|tuesday||II,temporal,,,ordinary-time,20,tuesday,,,II,"deuteronomy32:26-27ab,27cd-28,30,35cd-36ab",It is I who deal death and give life.,reference_and_response_match,existing_runtime_key,corroborates_runtime_key
2024-08-21,catholic_gallery_douay_archive,catholic_leaf_archive,history:reconciled:2024-08-21:1,NG|temporal|ordinary-time|20|wednesday||II,temporal,,,ordinary-time,20,wednesday,,,II,"ps23:1-3a,3b-4,5,6",The Lord is my shepherd; there is nothing I shall want.,reference_and_response_match,existing_runtime_key,corroborates_runtime_key
2024-08-22,catholic_gallery_douay_archive,catholic_leaf_archive,history:reconciled:2024-08-22:1,NG|temporal|ordinary-time|20|thursday||II,temporal,,,ordinary-time,20,thursday,,,II,"ps51:12-13,14-15,18-19","I will sprinkle clean water on you, and you shall be clean from all your uncleannesses.",reference_match_translation_response,existing_runtime_key,corroborates_runtime_key
2024-08-23,catholic_gallery_douay_archive,catholic_leaf_archive,history:reconciled:2024-08-23:1,NG|temporal|ordinary-time|20|friday||II,temporal,,,ordinary-time,20,friday,,,II,"ps107:2-3,4-5,6-7,8-9",O give thanks to the Lord for he is good; for his mercy endures forever!,reference_match_translation_response,existing_runtime_key,corroborates_runtime_key
2024-08-24,catholic_gallery_douay_archive,catholic_leaf_archive,history:reconciled:2024-08-24:1,NG|celebration|bartholomew_apostle|day||,celebration,bartholomew_apostle,day,,,,,,,"ps145:10-11,12-13,17-18","Your saints, O Lord, make known the glory of your reign",same_numbered_verses_reference_variant,existing_runtime_key,corroborates_runtime_key
2024-08-25,catholic_gallery_douay_archive,catholic_leaf_archive,history:reconciled:2024-08-25:1,NG|temporal|ordinary-time|21|sunday|B|,temporal,,,ordinary-time,21,sunday,,B,,"ps34:2-3,16-17,18-19,20-21,22-23",Taste and see that the Lord is good,reference_match_translation_response,existing_runtime_key,corroborates_runtime_key
2024-08-26,catholic_gallery_douay_archive,catholic_leaf_archive,history:reconciled:2024-08-26:1,NG|temporal|ordinary-time|21|monday||II,temporal,,,ordinary-time,21,monday,,,II,"ps96:1-2a,2b-3,4-5",Tell among all the people the wonders of the Lord,reference_match_translation_response,existing_runtime_key,corroborates_runtime_key
2024-08-27,catholic_gallery_douay_archive,catholic_leaf_archive,history:reconciled:2024-08-27:1,NG|temporal|ordinary-time|21|tuesday||II,temporal,,,ordinary-time,21,tuesday,,,II,"ps96:10,11-12,13",The Lord comes to judge the earth,same_numbered_verses_reference_variant,existing_runtime_key,corroborates_runtime_key
2024-08-28,catholic_gallery_douay_archive,catholic_leaf_archive,history:reconciled:2024-08-28:1,NG|temporal|ordinary-time|21|wednesday||II,temporal,,,ordinary-time,21,wednesday,,,II,"ps128:1-2,4-5",Blessed are all who fear the Lord,reference_match_translation_response,existing_runtime_key,corroborates_runtime_key
2024-08-29,catholic_gallery_douay_archive,catholic_leaf_archive,history:reconciled:2024-08-29:1,NG|celebration|passion_of_john_the_baptist|day||,celebration,passion_of_john_the_baptist,day,,,,,,,"ps145:2-3,4-5,6-7","My mouth will tell of your salvation, Lord",reference_conflict,existing_runtime_key,conflict_review_required
2024-08-30,catholic_gallery_douay_archive,catholic_leaf_archive,history:reconciled:2024-08-30:1,NG|temporal|ordinary-time|21|friday||II,temporal,,,ordinary-time,21,friday,,,II,"ps33:1-2,4-5,10-11",The Lord’s merciful love fills the earth,reference_match_translation_response,existing_runtime_key,corroborates_runtime_key
2024-08-31,catholic_gallery_douay_archive,catholic_leaf_archive,history:reconciled:2024-08-31:1,NG|temporal|ordinary-time|21|saturday||II,temporal,,,ordinary-time,21,saturday,,,II,"ps33:12-13,18-19,20-21",Blessed the people the Lord has chosen as his heritage,reference_match_translation_response,existing_runtime_key,corroborates_runtime_key
2024-09-01,catholic_gallery_douay_archive,catholic_leaf_archive,history:reconciled:2024-09-01:1,NG|temporal|ordinary-time|22|sunday|B|,temporal,,,ordinary-time,22,sunday,,B,,"ps15:2-3,3-4,4-5","O Lord, who may abide in your tent?",same_numbered_verses_reference_variant,existing_runtime_key,corroborates_runtime_key
2024-09-02,catholic_gallery_douay_archive,catholic_leaf_archive,history:reconciled:2024-09-02:1,NG|temporal|ordinary-time|22|monday||II,temporal,,,ordinary-time,22,monday,,,II,"ps119:97,98,99,100,101,102","O Lord, how I love your Law!",reference_match_translation_response,existing_runtime_key,corroborates_runtime_key
2024-09-03,catholic_gallery_douay_archive,catholic_leaf_archive,history:reconciled:2024-09-03:1,NG|temporal|ordinary-time|22|tuesday||II,temporal,,,ordinary-time,22,tuesday,,,II,"ps145:8-9,10-11,12-13ab,13cd-14",The Lord is just in all his ways.,reference_and_response_match,existing_runtime_key,corroborates_runtime_key
2024-09-04,catholic_gallery_douay_archive,catholic_leaf_archive,history:reconciled:2024-09-04:1,NG|temporal|ordinary-time|22|wednesday||II,temporal,,,ordinary-time,22,wednesday,,,II,"ps33:12-13,14-15,20-21",Blessed the people the Lord has chosen for his heritage.,reference_match_translation_response,existing_runtime_key,corroborates_runtime_key
2024-09-05,catholic_gallery_douay_archive,catholic_leaf_archive,history:reconciled:2024-09-05:1,NG|temporal|ordinary-time|22|thursday||II,temporal,,,ordinary-time,22,thursday,,,II,"ps24:1bc-2,3-4ab,5-6",The Lord’s is the earth and its fullness.,same_numbered_verses_reference_variant,existing_runtime_key,corroborates_runtime_key
2024-09-06,catholic_gallery_douay_archive,catholic_leaf_archive,history:reconciled:2024-09-06:1,NG|temporal|ordinary-time|22|friday||II,temporal,,,ordinary-time,22,friday,,,II,"ps37:3-4,5-6,27-28,39-40",From the Lord comes the salvation of the just.,reference_match_translation_response,existing_runtime_key,corroborates_runtime_key
2024-09-07,catholic_gallery_douay_archive,catholic_leaf_archive,history:reconciled:2024-09-07:1,NG|temporal|ordinary-time|22|saturday||II,temporal,,,ordinary-time,22,saturday,,,II,"ps145:17-18,19-20,21",The Lord is close to all who call him,reference_match_translation_response,existing_runtime_key,corroborates_runtime_key
2024-09-08,catholic_gallery_douay_archive,catholic_leaf_archive,history:reconciled:2024-09-08:1,NG|temporal|ordinary-time|23|sunday|B|,temporal,,,ordinary-time,23,sunday,,B,,"ps146:7,8-9,9-10","My soul, give praise to the Lord",reference_conflict,existing_runtime_key,conflict_review_required
2024-09-09,catholic_gallery_douay_archive,catholic_leaf_archive,history:reconciled:2024-09-09:1,NG|temporal|ordinary-time|23|monday||II,temporal,,,ordinary-time,23,monday,,,II,"ps5:5-6,7,12","Lead me, Lord, in your justice.",reference_match_translation_response,existing_runtime_key,corroborates_runtime_key
2024-09-10,catholic_gallery_douay_archive,catholic_leaf_archive,history:reconciled:2024-09-10:1,NG|temporal|ordinary-time|23|tuesday||II,temporal,,,ordinary-time,23,tuesday,,,II,"ps149:1b-2,3-4,5-6a,9b",The Lord takes delight in his people,reference_and_response_match,existing_runtime_key,corroborates_runtime_key
2024-09-11,catholic_gallery_douay_archive,catholic_leaf_archive,history:reconciled:2024-09-11:1,NG|temporal|ordinary-time|23|wednesday||II,temporal,,,ordinary-time,23,wednesday,,,II,"ps45:11-12,14-15,16-17","Listen, O daughter; pay heed and give ear",reference_match_translation_response,existing_runtime_key,corroborates_runtime_key
2024-09-12,catholic_gallery_douay_archive,catholic_leaf_archive,history:reconciled:2024-09-12:1,NG|temporal|ordinary-time|23|thursday||II,temporal,,,ordinary-time,23,thursday,,,II,"ps139:1b-3,13-14ab,23-24","Lead me, Lord, in the way everlasting.",same_numbered_verses_reference_variant,existing_runtime_key,corroborates_runtime_key
2024-09-13,catholic_gallery_douay_archive,catholic_leaf_archive,history:reconciled:2024-09-13:1,NG|temporal|ordinary-time|23|friday||II,temporal,,,ordinary-time,23,friday,,,II,"ps84:3,4,5-6,12","How lovely is your dwelling place, O Lord of hosts!",reference_match_translation_response,existing_runtime_key,corroborates_runtime_key
2024-09-14,catholic_gallery_douay_archive,catholic_leaf_archive,history:reconciled:2024-09-14:1,NG|celebration|exaltation_of_holy_cross|day||,celebration,exaltation_of_holy_cross,day,,,,,,,"ps78:1bc-2,34-35,36-37,38",Never forget the deeds of the Lord!,reference_match_translation_response,existing_runtime_key,corroborates_runtime_key
2024-09-15,catholic_gallery_douay_archive,catholic_leaf_archive,history:reconciled:2024-09-15:1,NG|temporal|ordinary-time|24|sunday|B|,temporal,,,ordinary-time,24,sunday,,B,,"ps116:1-2,3-4,5-6,8-9",I will walk in the presence of the Lord in the land of the living.,reference_match_translation_response,existing_runtime_key,corroborates_runtime_key
2024-09-16,catholic_gallery_douay_archive,catholic_leaf_archive,history:reconciled:2024-09-16:1,NG|temporal|ordinary-time|24|monday||II,temporal,,,ordinary-time,24,monday,,,II,"ps40:7-8a,8b-9,10,17",Proclaim the Lord’s death until he comes.,reference_match_translation_response,existing_runtime_key,corroborates_runtime_key
2024-09-17,catholic_gallery_douay_archive,catholic_leaf_archive,history:reconciled:2024-09-17:1,NG|temporal|ordinary-time|24|tuesday||II,temporal,,,ordinary-time,24,tuesday,,,II,"ps100:1b-2,3,4,5","We are his people, the sheep of his flock.",same_numbered_verses_reference_variant,existing_runtime_key,corroborates_runtime_key
2024-09-18,catholic_gallery_douay_archive,catholic_leaf_archive,history:reconciled:2024-09-18:1,NG|temporal|ordinary-time|24|wednesday||II,temporal,,,ordinary-time,24,wednesday,,,II,"ps33:2-3,4-5,12,22",Blessed the people the Lord has chosen as his heritage.,reference_match_translation_response,existing_runtime_key,corroborates_runtime_key
2024-09-19,catholic_gallery_douay_archive,catholic_leaf_archive,history:reconciled:2024-09-19:1,NG|temporal|ordinary-time|24|thursday||II,temporal,,,ordinary-time,24,thursday,,,II,"ps118:1b-2,16ab-17,28","Give praise to the Lord, for he is good",reference_conflict,existing_runtime_key,conflict_review_required
2024-09-20,catholic_gallery_douay_archive,catholic_leaf_archive,history:reconciled:2024-09-20:1,NG|temporal|ordinary-time|24|friday||II,temporal,,,ordinary-time,24,friday,,,II,"ps17:1bcd,6-7,8b,15","When I awake, O Lord, I shall be filled with the vision of your presence",same_numbered_verses_reference_variant,existing_runtime_key,corroborates_runtime_key
2024-09-21,catholic_gallery_douay_archive,catholic_leaf_archive,history:reconciled:2024-09-21:1,NG|celebration|matthew_apostle|day||,celebration,matthew_apostle,day,,,,,,,"ps19:2-3,4-5",Their sound goes forth through all the earth,reference_match_translation_response,existing_runtime_key,corroborates_runtime_key
2024-09-22,catholic_gallery_douay_archive,catholic_leaf_archive,history:reconciled:2024-09-22:1,NG|temporal|ordinary-time|25|sunday|B|,temporal,,,ordinary-time,25,sunday,,B,,"ps54:3-4,5,6,8","Behold, the Lord is the upholder of my life.",reference_match_translation_response,existing_runtime_key,corroborates_runtime_key
2024-09-23,catholic_gallery_douay_archive,catholic_leaf_archive,history:reconciled:2024-09-23:1,NG|temporal|ordinary-time|25|monday||II,temporal,,,ordinary-time,25,monday,,,II,"ps15:2-3a,3bc-4ab,5","Who shall dwell on your holy mountain, O Lord?",reference_match_translation_response,existing_runtime_key,corroborates_runtime_key
2024-09-24,catholic_gallery_douay_archive,catholic_leaf_archive,history:reconciled:2024-09-24:1,NG|temporal|ordinary-time|25|tuesday||II,temporal,,,ordinary-time,25,tuesday,,,II,"ps119:1,27,30,34,35,44","Guide me, Lord, in the path of your commands.",reference_match_translation_response,existing_runtime_key,corroborates_runtime_key
2024-09-25,catholic_gallery_douay_archive,catholic_leaf_archive,history:reconciled:2024-09-25:1,NG|temporal|ordinary-time|25|wednesday||II,temporal,,,ordinary-time,25,wednesday,,,II,"ps119:29,72,89,101,104,163","Your word is lamp for my feet, Lord.",reference_match_translation_response,existing_runtime_key,corroborates_runtime_key
2024-09-26,catholic_gallery_douay_archive,catholic_leaf_archive,history:reconciled:2024-09-26:1,NG|temporal|ordinary-time|25|thursday||II,temporal,,,ordinary-time,25,thursday,,,II,"ps90:3-4,5-6,12-13,14,17bc","O Lord, you have been our refuge, from generation to generation.",same_numbered_verses_reference_variant,existing_runtime_key,corroborates_runtime_key
2024-09-27,catholic_gallery_douay_archive,catholic_leaf_archive,history:reconciled:2024-09-27:1,NG|temporal|ordinary-time|25|friday||II,temporal,,,ordinary-time,25,friday,,,II,"ps144:1b,2abc,3-4","Blest be the Lord, my rock.",same_numbered_verses_reference_variant,existing_runtime_key,corroborates_runtime_key
2024-09-28,catholic_gallery_douay_archive,catholic_leaf_archive,history:reconciled:2024-09-28:1,NG|temporal|ordinary-time|25|saturday||II,temporal,,,ordinary-time,25,saturday,,,II,"ps90:3-4,5-6,12-13,14,17","O Lord you have been our refuge, from generation to generation",reference_match_translation_response,existing_runtime_key,corroborates_runtime_key
2024-09-29,catholic_gallery_douay_archive,catholic_leaf_archive,history:reconciled:2024-09-29:1,NG|temporal|ordinary-time|26|sunday|B|,temporal,,,ordinary-time,26,sunday,,B,,"ps19:8,10,12-13,14",The precepts of the Lord are right; they gladden the heart.,reference_match_translation_response,existing_runtime_key,corroborates_runtime_key
2024-09-30,catholic_gallery_douay_archive,catholic_leaf_archive,history:reconciled:2024-09-30:1,NG|temporal|ordinary-time|26|monday||II,temporal,,,ordinary-time,26,monday,,,II,"ps17:1bcd,2-3,6-7","Lord, turn your ear to me; hear my words.",same_numbered_verses_reference_variant,existing_runtime_key,corroborates_runtime_key
2024-10-01,catholic_gallery_douay_archive,catholic_leaf_archive,history:reconciled:2024-10-01:1,NG|celebration|our_lady_queen_of_nigeria|day||,celebration,our_lady_queen_of_nigeria,day,,,,,,,"ps88:2-3,4-5,6,7-8","Let my prayer come into your presence, O Lord.",same_numbered_verses_reference_variant,existing_runtime_key,corroborates_runtime_key
2024-10-02,catholic_gallery_douay_archive,catholic_leaf_archive,history:reconciled:2024-10-02:1,NG|celebration|guardian_angels|day||,celebration,guardian_angels,day,,,,,,,"ps88:10bc-11,12-13,14-15","Let my prayer come into your presence, O Lord.",reference_match_translation_response,existing_runtime_key,corroborates_runtime_key
2024-10-03,catholic_gallery_douay_archive,catholic_leaf_archive,history:reconciled:2024-10-03:1,NG|temporal|ordinary-time|26|thursday||II,temporal,,,ordinary-time,26,thursday,,,II,"ps27:7-8a,8b-9abc,13-14",I believe I shall see the Lord’s goodness in the land of the living,same_numbered_verses_reference_variant,existing_runtime_key,corroborates_runtime_key
2024-10-04,catholic_gallery_douay_archive,catholic_leaf_archive,history:reconciled:2024-10-04:1,NG|temporal|ordinary-time|26|friday||II,temporal,,,ordinary-time,26,friday,,,II,"ps139:1-3,7-8,9-10,13-14ab","Lead me, Lord, in the way everlasting",reference_match_translation_response,existing_runtime_key,corroborates_runtime_key
2024-10-05,catholic_gallery_douay_archive,catholic_leaf_archive,history:reconciled:2024-10-05:1,NG|temporal|ordinary-time|26|saturday||II,temporal,,,ordinary-time,26,saturday,,,II,"ps119:66,71,75,91,125,130","O Lord, let your face shine forth on your servant.",reference_match_translation_response,existing_runtime_key,corroborates_runtime_key
2024-10-06,catholic_gallery_douay_archive,catholic_leaf_archive,history:reconciled:2024-10-06:1,NG|temporal|ordinary-time|27|sunday|B|,temporal,,,ordinary-time,27,sunday,,B,,"ps128:1-2,3,4-5,6",May the Lord bless us all the days of our lives.,reference_and_response_match,existing_runtime_key,corroborates_runtime_key
2024-10-07,catholic_gallery_douay_archive,catholic_leaf_archive,history:reconciled:2024-10-07:1,NG|temporal|ordinary-time|27|monday||II,temporal,,,ordinary-time,27,monday,,,II,"ps111:1b-2,7-8,9,10c",The Lord keeps his covenant ever in mind.,reference_match_translation_response,existing_runtime_key,corroborates_runtime_key
2024-10-08,catholic_gallery_douay_archive,catholic_leaf_archive,history:reconciled:2024-10-08:1,NG|temporal|ordinary-time|27|tuesday||II,temporal,,,ordinary-time,27,tuesday,,,II,"ps139:1b-3,13-14ab,14c-15","Lead me, Lord, in the way everlasting.",same_numbered_verses_reference_variant,existing_runtime_key,corroborates_runtime_key
2024-10-09,catholic_gallery_douay_archive,catholic_leaf_archive,history:reconciled:2024-10-09:1,NG|temporal|ordinary-time|27|wednesday||II,temporal,,,ordinary-time,27,wednesday,,,II,"ps117:1bc,2",Go into all the world and proclaim the gospel.,same_numbered_verses_reference_variant,existing_runtime_key,corroborates_runtime_key
2024-10-10,catholic_gallery_douay_archive,catholic_gallery_douay_archive,history:reconciled:2024-10-10:1,NG|temporal|ordinary-time|27|thursday||II,temporal,,,ordinary-time,27,thursday,,,II,"luke1:69,70-71,72,73-75","Blessed be the Lord, the God of Israel; he has come to his people.",reference_and_response_match,existing_runtime_key,corroborates_runtime_key
2024-10-11,catholic_gallery_douay_archive,catholic_leaf_archive,history:reconciled:2024-10-11:1,NG|temporal|ordinary-time|27|friday||II,temporal,,,ordinary-time,27,friday,,,II,"ps111:1b-2,3-4,5-6",The Lord keeps his covenant ever in mind.,reference_match_translation_response,existing_runtime_key,corroborates_runtime_key
2024-10-12,catholic_gallery_douay_archive,catholic_leaf_archive,history:reconciled:2024-10-12:1,NG|temporal|ordinary-time|27|saturday||II,temporal,,,ordinary-time,27,saturday,,,II,"ps105:2-3,4-5,6-7",The Lord remembers his covenant forever. or: Alleluia.,reference_match_translation_response,existing_runtime_key,corroborates_runtime_key
2024-10-13,catholic_gallery_douay_archive,catholic_leaf_archive,history:reconciled:2024-10-13:1,NG|temporal|ordinary-time|28|sunday|B|,temporal,,,ordinary-time,28,sunday,,B,,"ps90:12-13,14-15,16-17","Fill us with your merciful love, O Lord, and we shall exult.",reference_match_translation_response,existing_runtime_key,corroborates_runtime_key
2024-10-14,catholic_gallery_douay_archive,catholic_leaf_archive,history:reconciled:2024-10-14:1,NG|temporal|ordinary-time|28|monday||II,temporal,,,ordinary-time,28,monday,,,II,"ps113:1b-2,3-4,5a,6-7",May the name of the Lord be blest for evermore.,reference_match_translation_response,existing_runtime_key,corroborates_runtime_key
2024-10-15,catholic_gallery_douay_archive,catholic_leaf_archive,history:reconciled:2024-10-15:1,NG|temporal|ordinary-time|28|tuesday||II,temporal,,,ordinary-time,28,tuesday,,,II,"ps119:41,43,44,45,47,48","Lord, let your mercy come upon me",reference_match_translation_response,existing_runtime_key,corroborates_runtime_key
2024-10-16,catholic_gallery_douay_archive,catholic_leaf_archive,history:reconciled:2024-10-16:1,NG|temporal|ordinary-time|28|wednesday||II,temporal,,,ordinary-time,28,wednesday,,,II,"ps1:1-2,3,4,6","Whoever follows you, Lord, will have the light of life.",reference_match_translation_response,existing_runtime_key,corroborates_runtime_key
2024-10-17,catholic_gallery_douay_archive,catholic_leaf_archive,history:reconciled:2024-10-17:1,NG|temporal|ordinary-time|28|thursday||II,temporal,,,ordinary-time,28,thursday,,,II,"ps98:1,2-3ab,3cd-4,5-6",The Lord has made known his salvation.,reference_and_response_match,existing_runtime_key,corroborates_runtime_key
2024-10-18,catholic_gallery_douay_archive,catholic_leaf_archive,history:reconciled:2024-10-18:1,NG|temporal|ordinary-time|28|friday||II,temporal,,,ordinary-time,28,friday,,,II,"ps145:10-11,12-13,17-18","Your saints, O Lord, make known the glory of your reign.",same_numbered_verses_reference_variant,existing_runtime_key,corroborates_runtime_key
2024-10-19,catholic_gallery_douay_archive,catholic_leaf_archive,history:reconciled:2024-10-19:1,NG|temporal|ordinary-time|28|saturday||II,temporal,,,ordinary-time,28,saturday,,,II,"ps8:2-3ab,4-5,6-7",You have given your Son power over the works of your hands.,same_numbered_verses_reference_variant,existing_runtime_key,corroborates_runtime_key
2024-10-20,catholic_gallery_douay_archive,catholic_leaf_archive,history:reconciled:2024-10-20:1,NG|temporal|ordinary-time|29|sunday|B|,temporal,,,ordinary-time,29,sunday,,B,,"ps33:4-5,18-19,20,22","May your merciful love be upon us, as we hope in you, O Lord.",reference_match_translation_response,existing_runtime_key,corroborates_runtime_key
2024-10-21,catholic_gallery_douay_archive,catholic_leaf_archive,history:reconciled:2024-10-21:1,NG|temporal|ordinary-time|29|monday||II,temporal,,,ordinary-time,29,monday,,,II,"ps100:2,3,4ab,4c-5",The Lord made us; we belong to him.,reference_conflict,existing_runtime_key,conflict_review_required
2024-10-22,catholic_gallery_douay_archive,catholic_leaf_archive,history:reconciled:2024-10-22:1,NG|temporal|ordinary-time|29|tuesday||II,temporal,,,ordinary-time,29,tuesday,,,II,"ps85:9ab-10,11-12,13-14",The Lord speaks of peace for his people.,same_numbered_verses_reference_variant,existing_runtime_key,corroborates_runtime_key
2024-10-23,catholic_gallery_douay_archive,catholic_gallery_douay_archive,history:reconciled:2024-10-23:1,NG|temporal|ordinary-time|29|wednesday||II,temporal,,,ordinary-time,29,wednesday,,,II,"isaiah12:2-3,4bcd,5-6",You will draw water joyfully from the springs of salvation.,reference_and_response_match,existing_runtime_key,corroborates_runtime_key
2024-10-24,catholic_gallery_douay_archive,catholic_leaf_archive,history:reconciled:2024-10-24:1,NG|temporal|ordinary-time|29|thursday||II,temporal,,,ordinary-time,29,thursday,,,II,"ps33:1-2,4-5,11-12,18-19",The Lord’s merciful love fills the earth.,reference_match_translation_response,existing_runtime_key,corroborates_runtime_key
2024-10-25,catholic_gallery_douay_archive,catholic_leaf_archive,history:reconciled:2024-10-25:1,NG|temporal|ordinary-time|29|friday||II,temporal,,,ordinary-time,29,friday,,,II,"ps24:1-2,3-4ab,5-6","These are the people who seek your face, O Lord.",reference_match_translation_response,existing_runtime_key,corroborates_runtime_key
2024-10-26,catholic_gallery_douay_archive,catholic_leaf_archive,history:reconciled:2024-10-26:1,NG|temporal|ordinary-time|29|saturday||II,temporal,,,ordinary-time,29,saturday,,,II,"ps122:1-2,3-4ab,4cd-5",Let us go rejoicing to the house of the Lord.,reference_and_response_match,existing_runtime_key,corroborates_runtime_key
2024-10-27,catholic_gallery_douay_archive,catholic_leaf_archive,history:reconciled:2024-10-27:1,NG|temporal|ordinary-time|30|sunday|B|,temporal,,,ordinary-time,30,sunday,,B,,"ps126:1-2,2-3,4-5,6","What great deeds the Lord worked for us! Indeed, we were glad.",same_numbered_verses_reference_variant,existing_runtime_key,corroborates_runtime_key
2024-10-28,catholic_gallery_douay_archive,catholic_leaf_archive,history:reconciled:2024-10-28:1,NG|celebration|simon_and_jude_apostles|day||,celebration,simon_and_jude_apostles,day,,,,,,,"ps19:2-3,4-5",Their sound goes forth through all the earth.,reference_match_translation_response,existing_runtime_key,corroborates_runtime_key
2024-10-29,catholic_gallery_douay_archive,catholic_leaf_archive,history:reconciled:2024-10-29:1,NG|temporal|ordinary-time|30|tuesday||II,temporal,,,ordinary-time,30,tuesday,,,II,"ps128:1-2,3,4-5",Blessed are all who fear the Lord.,reference_match_translation_response,existing_runtime_key,corroborates_runtime_key
2024-10-30,catholic_gallery_douay_archive,catholic_leaf_archive,history:reconciled:2024-10-30:1,NG|temporal|ordinary-time|30|wednesday||II,temporal,,,ordinary-time,30,wednesday,,,II,"ps145:10-11,12-13ab,13cd-14",The Lord is faithful in all his words.,reference_and_response_match,existing_runtime_key,corroborates_runtime_key
2024-10-31,catholic_gallery_douay_archive,catholic_leaf_archive,history:reconciled:2024-10-31:1,NG|temporal|ordinary-time|30|thursday||II,temporal,,,ordinary-time,30,thursday,,,II,"ps144:1b,2,9-10","Blest be the Lord, my rock.",same_numbered_verses_reference_variant,existing_runtime_key,corroborates_runtime_key
2024-11-01,catholic_gallery_douay_archive,catholic_leaf_archive,history:reconciled:2024-11-01:1,NG|celebration|all_saints|day||,celebration,all_saints,day,,,,,,,"ps24:1b-2,3-4ab,5-6","These are the people who seek your face, O Lord.",same_numbered_verses_reference_variant,existing_runtime_key,corroborates_runtime_key
2024-11-02,catholic_gallery_douay_archive,catholic_leaf_archive,history:reconciled:2024-11-02:1,NG|celebration|all_souls|day||,celebration,all_souls,day,,,,,,,"ps23:1-3a,3b-4,5,6",The Lord is my shepherd; there is nothing I shall want.,same_numbered_verses_reference_variant,existing_runtime_key,corroborates_runtime_key
2024-11-03,catholic_gallery_douay_archive,catholic_leaf_archive,history:reconciled:2024-11-03:1,NG|temporal|ordinary-time|31|sunday|B|,temporal,,,ordinary-time,31,sunday,,B,,"ps18:2-3,3-4,47,51","I love you, Lord, my strength",same_numbered_verses_reference_variant,existing_runtime_key,corroborates_runtime_key
2024-11-04,catholic_gallery_douay_archive,catholic_leaf_archive,history:reconciled:2024-11-04:1,NG|temporal|ordinary-time|31|monday||II,temporal,,,ordinary-time,31,monday,,,II,"ps131:1bcde,2,3","Keep my soul in peace at your side, O Lord.",same_numbered_verses_reference_variant,existing_runtime_key,corroborates_runtime_key
2024-11-05,catholic_gallery_douay_archive,catholic_leaf_archive,history:reconciled:2024-11-05:1,NG|temporal|ordinary-time|31|tuesday||II,temporal,,,ordinary-time,31,tuesday,,,II,"ps22:26b-27,28,29-30,31-32","You are my praise, Lord, in the great assembly",reference_match_translation_response,existing_runtime_key,corroborates_runtime_key
2024-11-06,catholic_gallery_douay_archive,catholic_leaf_archive,history:reconciled:2024-11-06:1,NG|temporal|ordinary-time|31|wednesday||II,temporal,,,ordinary-time,31,wednesday,,,II,"ps27:1,4,13-14",The Lord is my light and my salvation.,reference_and_response_match,existing_runtime_key,corroborates_runtime_key
2024-11-07,catholic_gallery_douay_archive,catholic_leaf_archive,history:reconciled:2024-11-07:1,NG|temporal|ordinary-time|31|thursday||II,temporal,,,ordinary-time,31,thursday,,,II,"ps105:2-3,4-5,6-7",Let the hearts that seek the Lord rejoice.,reference_match_translation_response,existing_runtime_key,corroborates_runtime_key
2024-11-08,catholic_gallery_douay_archive,catholic_leaf_archive,history:reconciled:2024-11-08:1,NG|temporal|ordinary-time|31|friday||II,temporal,,,ordinary-time,31,friday,,,II,"ps122:1-2,3-4ab,4cd-5",Let us go rejoicing to the house of the Lord,reference_and_response_match,existing_runtime_key,corroborates_runtime_key
2024-11-09,catholic_gallery_douay_archive,catholic_leaf_archive,history:reconciled:2024-11-09:1,NG|celebration|dedication_of_lateran_basilica|day||,celebration,dedication_of_lateran_basilica,day,,,,,,,"ps46:2-3,5-6,8-9","The waters of a river give joy to God’s city, the holy place, the dwelling of the Most High.",reference_match_translation_response,existing_runtime_key,corroborates_runtime_key
2024-11-10,catholic_gallery_douay_archive,catholic_leaf_archive,history:reconciled:2024-11-10:1,NG|temporal|ordinary-time|32|sunday|B|,temporal,,,ordinary-time,32,sunday,,B,,"ps146:7,8-9,9-10","My soul, give praise to the Lord",reference_conflict,existing_runtime_key,conflict_review_required
2024-11-11,catholic_gallery_douay_archive,catholic_leaf_archive,history:reconciled:2024-11-11:1,NG|temporal|ordinary-time|32|monday||II,temporal,,,ordinary-time,32,monday,,,II,"ps24:1b-2,3-4ab,5-6","These are the people who seek your face, O Lord",same_numbered_verses_reference_variant,existing_runtime_key,corroborates_runtime_key
2024-11-12,catholic_gallery_douay_archive,catholic_leaf_archive,history:reconciled:2024-11-12:1,NG|temporal|ordinary-time|32|tuesday||II,temporal,,,ordinary-time,32,tuesday,,,II,"ps37:3-4,18,23,27,29",From the Lord comes the salvation of the just,reference_match_translation_response,existing_runtime_key,corroborates_runtime_key
2024-11-13,catholic_gallery_douay_archive,catholic_leaf_archive,history:reconciled:2024-11-13:1,NG|temporal|ordinary-time|32|wednesday||II,temporal,,,ordinary-time,32,wednesday,,,II,"ps23:1b-3a,3bc-4,5,6",The Lord is my shepherd; there is nothing I shall want,same_numbered_verses_reference_variant,existing_runtime_key,corroborates_runtime_key
2024-11-14,catholic_gallery_douay_archive,catholic_leaf_archive,history:reconciled:2024-11-14:1,NG|temporal|ordinary-time|32|thursday||II,temporal,,,ordinary-time,32,thursday,,,II,"ps146:7,8-9a,9bc-10",Blessed is he who is helped by Jacob’s God,reference_conflict,existing_runtime_key,conflict_review_required
2024-11-15,catholic_gallery_douay_archive,catholic_leaf_archive,history:reconciled:2024-11-15:1,NG|temporal|ordinary-time|32|friday||II,temporal,,,ordinary-time,32,friday,,,II,"ps119:1,2,10,11,17,18",Blessed are those who walk in the law of the Lord!,reference_match_translation_response,existing_runtime_key,corroborates_runtime_key
2024-11-16,catholic_gallery_douay_archive,catholic_leaf_archive,history:reconciled:2024-11-16:1,NG|temporal|ordinary-time|32|saturday||II,temporal,,,ordinary-time,32,saturday,,,II,"ps112:1-2,3-4,5-6",Blessed the man who fears the Lord. or: Alleluia,same_numbered_verses_reference_variant,existing_runtime_key,corroborates_runtime_key
2024-11-17,catholic_gallery_douay_archive,catholic_leaf_archive,history:reconciled:2024-11-17:1,NG|temporal|ordinary-time|33|sunday|B|,temporal,,,ordinary-time,33,sunday,,B,,"ps16:5,8,9-10,11","Preserve me, O God, for in you I take refuge.",reference_match_translation_response,existing_runtime_key,corroborates_runtime_key
2024-11-18,catholic_gallery_douay_archive,catholic_leaf_archive,history:reconciled:2024-11-18:1,NG|temporal|ordinary-time|33|monday||II,temporal,,,ordinary-time,33,monday,,,II,"ps1:1-2,3,4,6","To the one who conquers, I will grant to eat of the tree of life.",reference_match_translation_response,existing_runtime_key,corroborates_runtime_key
2024-11-19,catholic_gallery_douay_archive,catholic_leaf_archive,history:reconciled:2024-11-19:1,NG|temporal|ordinary-time|33|tuesday||II,temporal,,,ordinary-time,33,tuesday,,,II,"ps15:2-3a,3bc-4ab,5","The one who conquers, I will grant him to sit with me one my throne.",reference_match_translation_response,existing_runtime_key,corroborates_runtime_key
2024-11-20,catholic_gallery_douay_archive,catholic_leaf_archive,history:reconciled:2024-11-20:1,NG|temporal|ordinary-time|33|wednesday||II,temporal,,,ordinary-time,33,wednesday,,,II,"ps150:1b-2,3-4,5-6","Holy, holy, holy is the Lord God Almighty",reference_match_translation_response,existing_runtime_key,corroborates_runtime_key
2024-11-21,catholic_gallery_douay_archive,catholic_leaf_archive,history:reconciled:2024-11-21:1,NG|temporal|ordinary-time|33|thursday||II,temporal,,,ordinary-time,33,thursday,,,II,"ps149:1b-2,3-4,5-6a,9b",You have made us a kingdom and priests to our God.,same_numbered_verses_reference_variant,existing_runtime_key,corroborates_runtime_key
2024-11-22,catholic_gallery_douay_archive,catholic_leaf_archive,history:reconciled:2024-11-22:1,NG|temporal|ordinary-time|33|friday||II,temporal,,,ordinary-time,33,friday,,,II,"ps119:14,24,72,103,111,131","How sweet is your promise to my tongue, O Lord!",reference_match_translation_response,existing_runtime_key,corroborates_runtime_key
2024-11-23,catholic_gallery_douay_archive,catholic_leaf_archive,history:reconciled:2024-11-23:1,NG|temporal|ordinary-time|33|saturday||II,temporal,,,ordinary-time,33,saturday,,,II,"ps144:1,2,9-10","Blest be the Lord, my rock!",reference_match_translation_response,existing_runtime_key,corroborates_runtime_key
2024-11-24,catholic_gallery_douay_archive,catholic_leaf_archive,history:reconciled:2024-11-24:1,NG|celebration|christ_the_king|day|B|,celebration,christ_the_king,day,,,,,B,,"ps93:1abc,1d-2,5","The Lord is king, with majesty enrobed.",reference_match_translation_response,existing_runtime_key,corroborates_runtime_key
2024-11-25,catholic_gallery_douay_archive,catholic_leaf_archive,history:reconciled:2024-11-25:1,NG|temporal|ordinary-time|34|monday||II,temporal,,,ordinary-time,34,monday,,,II,"ps24:1bc-2,3-4ab,5-6","These are the people who seek your face, O Lord.",same_numbered_verses_reference_variant,existing_runtime_key,corroborates_runtime_key
2024-11-26,catholic_gallery_douay_archive,catholic_leaf_archive,history:reconciled:2024-11-26:1,NG|temporal|ordinary-time|34|tuesday||II,temporal,,,ordinary-time,34,tuesday,,,II,"ps96:10,11-12,13",The Lord comes to judge the earth.,reference_and_response_match,existing_runtime_key,corroborates_runtime_key
2024-11-27,catholic_gallery_douay_archive,catholic_leaf_archive,history:reconciled:2024-11-27:1,NG|temporal|ordinary-time|34|wednesday||II,temporal,,,ordinary-time,34,wednesday,,,II,"ps98:1,2-3ab,7-8,9","Great and amazing are your deeds, O Lord God Almighty!",reference_match_translation_response,existing_runtime_key,corroborates_runtime_key
2024-11-28,catholic_gallery_douay_archive,catholic_leaf_archive,history:reconciled:2024-11-28:1,NG|temporal|ordinary-time|34|thursday||II,temporal,,,ordinary-time,34,thursday,,,II,"ps100:2,3,4,5",Blessed are those who are invited to the marriage supper of the Lamb.,reference_conflict,existing_runtime_key,conflict_review_required
2024-11-29,catholic_gallery_douay_archive,catholic_leaf_archive,history:reconciled:2024-11-29:1,NG|temporal|ordinary-time|34|friday||II,temporal,,,ordinary-time,34,friday,,,II,"ps84:3,4,5-6a,8a","Behold, the dwelling of God is with men.",reference_match_translation_response,existing_runtime_key,corroborates_runtime_key
2024-11-30,catholic_gallery_douay_archive,catholic_leaf_archive,history:reconciled:2024-11-30:1,NG|celebration|andrew_apostle|day||,celebration,andrew_apostle,day,,,,,,,"ps19:8,9,10,11",Their sound goes forth through all the earth,reference_conflict,existing_runtime_key,conflict_review_required
2024-12-01,catholic_gallery_douay_archive,catholic_leaf_archive,history:reconciled:2024-12-01:1,NG|temporal|advent|1|sunday|C|,temporal,,,advent,1,sunday,,C,,"ps25:4-5,8-9,10,14","To you, O Lord, I lift my soul.",reference_and_response_match,existing_runtime_key,corroborates_runtime_key
2024-12-02,catholic_gallery_douay_archive,catholic_leaf_archive,history:reconciled:2024-12-02:1,NG|temporal|advent|1|monday||I,temporal,,,advent,1,monday,,,I,"ps122:1-2,3-4b,4cd-5,6-7,8-9",Let us go rejoicing to the house of the Lord.,reference_and_response_match,existing_runtime_key,corroborates_runtime_key
2024-12-03,catholic_gallery_douay_archive,catholic_leaf_archive,history:reconciled:2024-12-03:1,NG|temporal|advent|1|tuesday||I,temporal,,,advent,1,tuesday,,,I,"ps72:1-2,7-8,12-13,17","Justice shall flourish in his time, and fullness of peace for ever.",reference_and_response_match,existing_runtime_key,corroborates_runtime_key
2024-12-04,catholic_gallery_douay_archive,catholic_leaf_archive,history:reconciled:2024-12-04:1,NG|temporal|advent|1|wednesday||I,temporal,,,advent,1,wednesday,,,I,"ps23:1-3a,3b-4,5,6",I shall live in the house of the Lord all the days of my life.,reference_and_response_match,existing_runtime_key,corroborates_runtime_key
2024-12-05,catholic_gallery_douay_archive,catholic_leaf_archive,history:reconciled:2024-12-05:1,NG|temporal|advent|1|thursday||I,temporal,,,advent,1,thursday,,,I,"ps118:1,8-9,19-21,25-27a",Blessed is he who comes in the name of the Lord.,reference_and_response_match,existing_runtime_key,corroborates_runtime_key
2024-12-06,catholic_gallery_douay_archive,catholic_leaf_archive,history:reconciled:2024-12-06:1,NG|temporal|advent|1|friday||I,temporal,,,advent,1,friday,,,I,"ps27:1,4,13-14",The Lord is my light and my salvation.,reference_and_response_match,existing_runtime_key,corroborates_runtime_key
2024-12-07,catholic_gallery_douay_archive,catholic_leaf_archive,history:reconciled:2024-12-07:1,NG|temporal|advent|1|saturday||I,temporal,,,advent,1,saturday,,,I,"ps147:1-2,3-4,5-6",Blessed are all those who wait for the Lord.,reference_match_translation_response,existing_runtime_key,corroborates_runtime_key
2024-12-08,catholic_gallery_douay_archive,catholic_leaf_archive,history:reconciled:2024-12-08:1,NG|celebration|immaculate_conception_of_blessed_virgin_mary|day||,celebration,immaculate_conception_of_blessed_virgin_mary,day,,,,,,,"ps126:1-2,2-3,4-5,6",The Lord has done great things for us; we are filled with joy.,reference_and_response_match,existing_runtime_key,corroborates_runtime_key
2024-12-09,catholic_gallery_douay_archive,catholic_leaf_archive,history:reconciled:2024-12-09:1,NG|temporal|advent|2|monday||I,temporal,,,advent,2,monday,,,I,"ps98:1,2-3ab,3cd-4","Sing to the Lord a new song, for he has done marvellous deeds.",reference_match_translation_response,existing_runtime_key,corroborates_runtime_key
2024-12-10,catholic_gallery_douay_archive,catholic_leaf_archive,history:reconciled:2024-12-10:1,NG|temporal|advent|2|tuesday||I,temporal,,,advent,2,tuesday,,,I,"ps96:1-2,3,10ac,11-12,13",The Lord our God comes with power.,reference_and_response_match,existing_runtime_key,corroborates_runtime_key
2024-12-11,catholic_gallery_douay_archive,catholic_leaf_archive,history:reconciled:2024-12-11:1,NG|temporal|advent|2|wednesday||I,temporal,,,advent,2,wednesday,,,I,"ps103:1-2,3-4,8,10","O bless the Lord, my soul!",reference_and_response_match,existing_runtime_key,corroborates_runtime_key
2024-12-12,catholic_gallery_douay_archive,catholic_leaf_archive,history:reconciled:2024-12-12:1,NG|temporal|advent|2|thursday||I,temporal,,,advent,2,thursday,,,I,"judith13:18bcde,19","The Lord is gracious and merciful; slow to anger, and of great kindness.",reference_conflict,existing_runtime_key,conflict_review_required
2024-12-13,catholic_gallery_douay_archive,catholic_leaf_archive,history:reconciled:2024-12-13:1,NG|temporal|advent|2|friday||I,temporal,,,advent,2,friday,,,I,"ps1:1-2,3,4,6","Those who follow you, Lord, will have the light of life.",reference_and_response_match,existing_runtime_key,corroborates_runtime_key
2024-12-14,catholic_gallery_douay_archive,catholic_leaf_archive,history:reconciled:2024-12-14:1,NG|temporal|advent|2|saturday||I,temporal,,,advent,2,saturday,,,I,"ps80:2ac,3b,15-16,18-19","O God, bring us back; let your face shine on us, and we shall be saved",same_numbered_verses_reference_variant,existing_runtime_key,corroborates_runtime_key
2024-12-15,catholic_gallery_douay_archive,catholic_gallery_douay_archive,history:reconciled:2024-12-15:1,NG|temporal|advent|3|sunday|C|,temporal,,,advent,3,sunday,,C,,"isaiah12:2-3,4,5-6",Cry out with joy and gladness: for among you is the great and Holy One of Israel.,reference_and_response_match,existing_runtime_key,corroborates_runtime_key
2024-12-16,catholic_gallery_douay_archive,catholic_leaf_archive,history:reconciled:2024-12-16:1,NG|temporal|advent|3|monday||I,temporal,,,advent,3,monday,,,I,"ps25:4-5ab,6,7bc,8-9","Teach me your ways, O Lord.",reference_and_response_match,existing_runtime_key,corroborates_runtime_key
2024-12-17,catholic_gallery_douay_archive,catholic_leaf_archive,history:reconciled:2024-12-17:1,NG|special-period|advent-december-17|||I,special-period,,,,,,advent-december-17,,I,"ps72:1-2,3-4ab,7-8,17","Justice shall flourish in his time, and fullness of peace for ever.",reference_and_response_match,existing_runtime_key,corroborates_runtime_key
2024-12-18,catholic_gallery_douay_archive,catholic_leaf_archive,history:reconciled:2024-12-18:1,NG|special-period|advent-december-18|||I,special-period,,,,,,advent-december-18,,I,"ps72:1-2,12-13,18-19","Justice shall flourish in his time, and fullness of peace for ever.",reference_and_response_match,existing_runtime_key,corroborates_runtime_key
2024-12-19,catholic_gallery_douay_archive,catholic_leaf_archive,history:reconciled:2024-12-19:1,NG|special-period|advent-december-19|||I,special-period,,,,,,advent-december-19,,I,"ps71:3-4a,5-6ab,16-17","My mouth shall be filled with your praise, and I will sing your glory!",reference_and_response_match,existing_runtime_key,corroborates_runtime_key
2024-12-20,catholic_gallery_douay_archive,catholic_leaf_archive,history:reconciled:2024-12-20:1,NG|special-period|advent-december-20|||I,special-period,,,,,,advent-december-20,,I,"ps24:1-2,3-4ab,5-6",Let the Lord enter; he is the king of glory!,reference_and_response_match,existing_runtime_key,corroborates_runtime_key
2024-12-21,catholic_gallery_douay_archive,catholic_leaf_archive,history:reconciled:2024-12-21:1,NG|special-period|advent-december-21|||I,special-period,,,,,,advent-december-21,,I,"ps33:2-3,11-12,20-21","Ring out your joy to the Lord, O you just; O Sing him a song that is new",reference_match_translation_response,existing_runtime_key,corroborates_runtime_key
2024-12-22,catholic_gallery_douay_archive,catholic_leaf_archive,history:reconciled:2024-12-22:1,NG|special-period|advent-december-22||C|,special-period,,,,,,advent-december-22,C,,"ps80:2-3,15-16,18-19","Lord, make us turn to you; let us see your face and we shall be saved.",reference_and_response_match,existing_runtime_key,corroborates_runtime_key
2024-12-23,catholic_gallery_douay_archive,catholic_leaf_archive,history:reconciled:2024-12-23:1,NG|special-period|advent-december-23|||I,special-period,,,,,,advent-december-23,,I,"ps25:4-5ab,8-9,10,14",Lift up your heads and see; your redemption is near at hand.,reference_and_response_match,existing_runtime_key,corroborates_runtime_key
2024-12-24,catholic_gallery_douay_archive,catholic_leaf_archive,history:reconciled:2024-12-24:1,NG|special-period|advent-december-24|||I,special-period,,,,,,advent-december-24,,I,"ps89:2-3,4-5,27,29",For ever I will sing the goodness of the Lord,reference_and_response_match,existing_runtime_key,corroborates_runtime_key
2024-12-25,catholic_gallery_douay_archive,catholic_leaf_archive,history:reconciled:2024-12-25:1,NG|celebration|nativity_of_the_lord|day||,celebration,nativity_of_the_lord,day,,,,,,,"ps98:1,2-3,3-4,5-6",All the ends of the earth have seen the saving power of God,reference_and_response_match,existing_runtime_key,corroborates_runtime_key
2024-12-26,catholic_gallery_douay_archive,catholic_leaf_archive,history:reconciled:2024-12-26:1,NG|celebration|stephen_first_martyr|day||,celebration,stephen_first_martyr,day,,,,,,,"ps31:3cd-4,6,8ab,16bc,17","Into your hands, O Lord, I commend my spirit.",reference_and_response_match,existing_runtime_key,corroborates_runtime_key
2024-12-27,catholic_gallery_douay_archive,catholic_leaf_archive,history:reconciled:2024-12-27:1,NG|celebration|john_apostle|day||,celebration,john_apostle,day,,,,,,,"ps97:1-2,5-6,11-12","Rejoice in the Lord, you just!",reference_and_response_match,existing_runtime_key,corroborates_runtime_key
2024-12-28,catholic_gallery_douay_archive,catholic_leaf_archive,history:reconciled:2024-12-28:1,NG|special-period|christmas-december-28|||I,special-period,,,,,,christmas-december-28,,I,"ps124:2-3,4-5,7b-8",Our soul has been rescued like a bird from the fowler’s snare.,same_numbered_verses_reference_variant,existing_runtime_key,corroborates_runtime_key
2024-12-29,catholic_gallery_douay_archive,catholic_leaf_archive,history:reconciled:2024-12-29:1,NG|celebration|holy_family|day||,celebration,holy_family,day,,,,,,,"ps84:2-3,5-6,9-10orpsalms128:1-2,3,4-5","Blessed are they who dwell in your house, O Lord.",reference_conflict,existing_runtime_key,conflict_review_required
2024-12-30,catholic_gallery_douay_archive,catholic_leaf_archive,history:reconciled:2024-12-30:1,NG|special-period|christmas-december-30|||I,special-period,,,,,,christmas-december-30,,I,"ps96:7-8a,8b-9,10",Let the heavens be glad and the earth rejoice!,reference_and_response_match,existing_runtime_key,corroborates_runtime_key
2024-12-31,catholic_gallery_douay_archive,catholic_leaf_archive,history:reconciled:2024-12-31:1,NG|special-period|christmas-december-31|||I,special-period,,,,,,christmas-december-31,,I,"ps96:1-2,11-12,13",Let the heavens be glad and the earth rejoice!,reference_and_response_match,existing_runtime_key,corroborates_runtime_key
2025-01-01,catholic_gallery_douay_archive,catholic_leaf_archive,history:reconciled:2025-01-01:1,NG|celebration|mary_mother_of_god|day||,celebration,mary_mother_of_god,day,,,,,,,"ps67:2-3,5,6,8",May God bless us in his mercy.,reference_and_response_match,existing_runtime_key,corroborates_runtime_key
2025-01-02,catholic_gallery_douay_archive,catholic_leaf_archive,history:reconciled:2025-01-02:1,NG|special-period|christmas-january-2|||I,special-period,,,,,,christmas-january-2,,I,"ps98:1,2-3ab,3cd-4",All the ends of the earth have seen the saving power of God.,reference_and_response_match,existing_runtime_key,corroborates_runtime_key
2025-01-03,catholic_gallery_douay_archive,catholic_leaf_archive,history:reconciled:2025-01-03:1,NG|special-period|christmas-january-3|||I,special-period,,,,,,christmas-january-3,,I,"ps98:1,3cd-4,5-6",All the ends of the earth have seen the saving power of God.,reference_and_response_match,existing_runtime_key,corroborates_runtime_key
2025-01-04,catholic_gallery_douay_archive,catholic_leaf_archive,history:reconciled:2025-01-04:1,NG|special-period|christmas-january-4|||I,special-period,,,,,,christmas-january-4,,I,"ps98:1,7-8,9",All the ends of the earth have seen the saving power of God.,same_numbered_verses_reference_variant,existing_runtime_key,corroborates_runtime_key
2025-01-05,catholic_gallery_douay_archive,catholic_leaf_archive,history:reconciled:2025-01-05:1,NG|celebration|epiphany_of_the_lord|day|C|,celebration,epiphany_of_the_lord,day,,,,,C,,"ps72:1-2,7-8,10-11,12-13","Lord, every nation on earth will adore you.",reference_and_response_match,existing_runtime_key,corroborates_runtime_key
2025-01-06,catholic_gallery_douay_archive,catholic_leaf_archive,history:reconciled:2025-01-06:1,NG|special-period|christmas-january-6|||I,special-period,,,,,,christmas-january-6,,I,"ps2:7bc-8,10-11",I will give you all the nations for an inheritance.,reference_conflict,existing_runtime_key,conflict_review_required
2025-01-07,catholic_gallery_douay_archive,catholic_leaf_archive,history:reconciled:2025-01-07:1,NG|special-period|christmas-january-7|||I,special-period,,,,,,christmas-january-7,,I,"ps72:1-2,3-4,7-8","Lord, every nation on earth will adore you.",reference_and_response_match,existing_runtime_key,corroborates_runtime_key
2025-01-08,catholic_gallery_douay_archive,catholic_leaf_archive,history:reconciled:2025-01-08:1,NG|special-period|after-epiphany-wednesday|||I,special-period,,,,,,after-epiphany-wednesday,,I,"ps72:1-2,10,12-13","Lord, every nation on earth will adore you.",reference_and_response_match,existing_runtime_key,corroborates_runtime_key
2025-01-09,catholic_gallery_douay_archive,catholic_leaf_archive,history:reconciled:2025-01-09:1,NG|special-period|after-epiphany-thursday|||I,special-period,,,,,,after-epiphany-thursday,,I,"ps72:1-2,14,15bc,17","Lord, every nation on earth will adore you.",reference_and_response_match,existing_runtime_key,corroborates_runtime_key
2025-01-10,catholic_gallery_douay_archive,catholic_leaf_archive,history:reconciled:2025-01-10:1,NG|special-period|after-epiphany-friday|||I,special-period,,,,,,after-epiphany-friday,,I,"ps147:12-13,14-15,19-20","Praise the Lord, Jerusalem.",reference_and_response_match,existing_runtime_key,corroborates_runtime_key
2025-01-11,catholic_gallery_douay_archive,catholic_leaf_archive,history:reconciled:2025-01-11:1,NG|special-period|after-epiphany-saturday|||I,special-period,,,,,,after-epiphany-saturday,,I,"ps149:1-2,3-4,5,6a,9b",The Lord takes delight in his people or Alleluia,same_numbered_verses_reference_variant,existing_runtime_key,corroborates_runtime_key
2025-01-12,catholic_gallery_douay_archive,catholic_leaf_archive,history:reconciled:2025-01-12:1,NG|celebration|baptism_of_the_lord|day|C|,celebration,baptism_of_the_lord,day,,,,,C,,"ps104:1b-2,3-4,24-25,27-28,29-30","O bless the Lord, my soul",reference_and_response_match,existing_runtime_key,corroborates_runtime_key
2025-01-13,catholic_gallery_douay_archive,catholic_leaf_archive,history:reconciled:2025-01-13:1,NG|temporal|ordinary-time|1|monday||I,temporal,,,ordinary-time,1,monday,,,I,"ps97:1,2b,6,7c,9",Let all his angels worship him.,reference_and_response_match,existing_runtime_key,corroborates_runtime_key
2025-01-14,catholic_gallery_douay_archive,catholic_leaf_archive,history:reconciled:2025-01-14:1,NG|temporal|ordinary-time|1|tuesday||I,temporal,,,ordinary-time,1,tuesday,,,I,"ps8:2ab,5,6-7,8-9",You have given your Son rule over the works of your hands.,reference_and_response_match,existing_runtime_key,corroborates_runtime_key
2025-01-15,catholic_gallery_douay_archive,catholic_leaf_archive,history:reconciled:2025-01-15:1,NG|temporal|ordinary-time|1|wednesday||I,temporal,,,ordinary-time,1,wednesday,,,I,"ps105:1-2,3-4,6-7,8-9",The Lord remembers his covenant for ever.,reference_and_response_match,existing_runtime_key,corroborates_runtime_key
2025-01-16,catholic_gallery_douay_archive,catholic_leaf_archive,history:reconciled:2025-01-16:1,NG|temporal|ordinary-time|1|thursday||I,temporal,,,ordinary-time,1,thursday,,,I,"ps95:6-7c,8-9,10-11","If today you hear his voice, harden not your hearts.",reference_and_response_match,existing_runtime_key,corroborates_runtime_key
2025-01-17,catholic_gallery_douay_archive,catholic_leaf_archive,history:reconciled:2025-01-17:1,NG|temporal|ordinary-time|1|friday||I,temporal,,,ordinary-time,1,friday,,,I,"ps78:3,4bc,6c-7,8",Do not forget the works of the Lord!,reference_and_response_match,existing_runtime_key,corroborates_runtime_key
2025-01-18,catholic_gallery_douay_archive,catholic_leaf_archive,history:reconciled:2025-01-18:1,NG|temporal|ordinary-time|1|saturday||I,temporal,,,ordinary-time,1,saturday,,,I,"ps19:8,9,10,15","Your words, O Lord, are spirit and life",reference_match_translation_response,existing_runtime_key,corroborates_runtime_key
2025-01-19,catholic_gallery_douay_archive,catholic_leaf_archive,history:reconciled:2025-01-19:1,NG|temporal|ordinary-time|2|sunday|C|,temporal,,,ordinary-time,2,sunday,,C,,"ps96:1-2a,2b-3,7-8,9-10",Proclaim his marvellous deeds to all the nations.,same_numbered_verses_reference_variant,existing_runtime_key,corroborates_runtime_key
2025-01-20,catholic_gallery_douay_archive,catholic_leaf_archive,history:reconciled:2025-01-20:1,NG|temporal|ordinary-time|2|monday||I,temporal,,,ordinary-time,2,monday,,,I,"ps110:1,2,3,4","You are a priest for ever, in the line of Melchizedek.",reference_and_response_match,existing_runtime_key,corroborates_runtime_key
2025-01-21,catholic_gallery_douay_archive,catholic_leaf_archive,history:reconciled:2025-01-21:1,NG|temporal|ordinary-time|2|tuesday||I,temporal,,,ordinary-time,2,tuesday,,,I,"ps111:1-2,4-5,9,10c",The Lord will remember his covenant for ever.,reference_and_response_match,existing_runtime_key,corroborates_runtime_key
2025-01-22,catholic_gallery_douay_archive,catholic_leaf_archive,history:reconciled:2025-01-22:1,NG|temporal|ordinary-time|2|wednesday||I,temporal,,,ordinary-time,2,wednesday,,,I,"ps110:1,2,3,4","You are a priest for ever, in the line of Melchizedek.",reference_and_response_match,existing_runtime_key,corroborates_runtime_key
2025-01-23,catholic_gallery_douay_archive,catholic_leaf_archive,history:reconciled:2025-01-23:1,NG|temporal|ordinary-time|2|thursday||I,temporal,,,ordinary-time,2,thursday,,,I,"ps40:7-8a,8b-9,10,17","Here am I, Lord; I come to do your will.",reference_and_response_match,existing_runtime_key,corroborates_runtime_key
2025-01-24,catholic_gallery_douay_archive,catholic_leaf_archive,history:reconciled:2025-01-24:1,NG|temporal|ordinary-time|2|friday||I,temporal,,,ordinary-time,2,friday,,,I,"ps85:8,10,11-12,13-14",Kindness and truth shall meet.,reference_and_response_match,existing_runtime_key,corroborates_runtime_key
2025-01-25,catholic_gallery_douay_archive,catholic_leaf_archive,history:reconciled:2025-01-25:1,NG|temporal|ordinary-time|2|saturday||I,temporal,,,ordinary-time,2,saturday,,,I,"ps117:1bc,2",Go into all the world and proclaim the gospel.,same_numbered_verses_reference_variant,existing_runtime_key,corroborates_runtime_key
2025-01-26,catholic_gallery_douay_archive,catholic_leaf_archive,history:reconciled:2025-01-26:1,NG|temporal|ordinary-time|3|sunday|C|,temporal,,,ordinary-time,3,sunday,,C,,"ps19:8,9,10,15","Your words, Lord, are Spirit and life.",reference_and_response_match,existing_runtime_key,corroborates_runtime_key
2025-01-27,catholic_gallery_douay_archive,catholic_leaf_archive,history:reconciled:2025-01-27:1,NG|temporal|ordinary-time|3|monday||I,temporal,,,ordinary-time,3,monday,,,I,"ps98:1,2-3ab,3cd-4,5-6","Sing to the Lord a new song, for he has done marvellous deeds.",reference_match_translation_response,existing_runtime_key,corroborates_runtime_key
2025-01-28,catholic_gallery_douay_archive,catholic_leaf_archive,history:reconciled:2025-01-28:1,NG|temporal|ordinary-time|3|tuesday||I,temporal,,,ordinary-time,3,tuesday,,,I,"ps40:2,4ab,7-8a,10,11",Here am I Lord; I come to do your will.,reference_and_response_match,existing_runtime_key,corroborates_runtime_key
2025-01-29,catholic_gallery_douay_archive,catholic_leaf_archive,history:reconciled:2025-01-29:1,NG|temporal|ordinary-time|3|wednesday||I,temporal,,,ordinary-time,3,wednesday,,,I,"ps110:1,2,3,4","You are a priest for ever, in the line of Melchizedek.",reference_and_response_match,existing_runtime_key,corroborates_runtime_key
2025-01-30,catholic_gallery_douay_archive,catholic_leaf_archive,history:reconciled:2025-01-30:1,NG|temporal|ordinary-time|3|thursday||I,temporal,,,ordinary-time,3,thursday,,,I,"ps24:1-2,3-4ab,5-6","Lord, this is the people that longs to see your face.",reference_and_response_match,existing_runtime_key,corroborates_runtime_key
2025-01-31,catholic_gallery_douay_archive,catholic_leaf_archive,history:reconciled:2025-01-31:1,NG|temporal|ordinary-time|3|friday||I,temporal,,,ordinary-time,3,friday,,,I,"ps37:3-4,5-6,23-24,39-40",The salvation of the just comes from the Lord.,reference_and_response_match,existing_runtime_key,corroborates_runtime_key
2025-02-01,catholic_gallery_douay_archive,catholic_gallery_douay_archive,history:reconciled:2025-02-01:1,NG|temporal|ordinary-time|3|saturday||I,temporal,,,ordinary-time,3,saturday,,,I,"luke1:69,70-72,73-75",Blessed be the Lord the God of Israel; he has come to his people.,reference_and_response_match,existing_runtime_key,corroborates_runtime_key
2025-02-02,catholic_gallery_douay_archive,catholic_leaf_archive,history:reconciled:2025-02-02:1,NG|celebration|presentation_of_the_lord|day||,celebration,presentation_of_the_lord,day,,,,,,,"ps24:7,8,9,10",Who is this king of glory? It is the Lord!,reference_and_response_match,existing_runtime_key,corroborates_runtime_key
2025-02-03,catholic_gallery_douay_archive,catholic_leaf_archive,history:reconciled:2025-02-03:1,NG|temporal|ordinary-time|4|monday||I,temporal,,,ordinary-time,4,monday,,,I,"ps31:20,21,22,23,24","Let your hearts take comfort, all who hope in the Lord.",reference_and_response_match,existing_runtime_key,corroborates_runtime_key
2025-02-04,catholic_gallery_douay_archive,catholic_leaf_archive,history:reconciled:2025-02-04:1,NG|temporal|ordinary-time|4|tuesday||I,temporal,,,ordinary-time,4,tuesday,,,I,"ps22:26b-27,28,30,31-32","They will praise you, Lord, who long for you.",reference_and_response_match,existing_runtime_key,corroborates_runtime_key
2025-02-05,catholic_gallery_douay_archive,catholic_leaf_archive,history:reconciled:2025-02-05:1,NG|temporal|ordinary-time|4|wednesday||I,temporal,,,ordinary-time,4,wednesday,,,I,"ps103:1-2,13-14,17-18a",The Lord’s kindness is everlasting to those who fear him.,reference_and_response_match,existing_runtime_key,corroborates_runtime_key
2025-02-06,catholic_gallery_douay_archive,catholic_leaf_archive,history:reconciled:2025-02-06:1,NG|temporal|ordinary-time|4|thursday||I,temporal,,,ordinary-time,4,thursday,,,I,"ps48:2-3ab,3cd-4,9,10-11","O God, we ponder your mercy within your temple.",reference_and_response_match,existing_runtime_key,corroborates_runtime_key
2025-02-07,catholic_gallery_douay_archive,catholic_leaf_archive,history:reconciled:2025-02-07:1,NG|temporal|ordinary-time|4|friday||I,temporal,,,ordinary-time,4,friday,,,I,"ps27:1,3,5,8b-9abc",The Lord is my light and my salvation.,reference_and_response_match,existing_runtime_key,corroborates_runtime_key
2025-02-08,catholic_gallery_douay_archive,catholic_leaf_archive,history:reconciled:2025-02-08:1,NG|temporal|ordinary-time|4|saturday||I,temporal,,,ordinary-time,4,saturday,,,I,"ps23:1-3a,3b-4,5,6",The Lord is my shepherd; there is nothing I shall want.,reference_and_response_match,existing_runtime_key,corroborates_runtime_key
2025-02-09,catholic_gallery_douay_archive,catholic_leaf_archive,history:reconciled:2025-02-09:1,NG|temporal|ordinary-time|5|sunday|C|,temporal,,,ordinary-time,5,sunday,,C,,"ps138:1-2ab,2cd-3,4-5,7c-8","In the sight of the angels I will sing your praises, Lord.",same_numbered_verses_reference_variant,existing_runtime_key,corroborates_runtime_key
2025-02-10,catholic_gallery_douay_archive,catholic_gallery_douay_archive,history:reconciled:2025-02-10:1,NG|temporal|ordinary-time|5|monday||I,temporal,,,ordinary-time,5,monday,,,I,"ps104:1-2a,5-6,10,12,24,35c",May the Lord be glad in his works.,reference_and_response_match,existing_runtime_key,corroborates_runtime_key
2025-02-11,catholic_gallery_douay_archive,catholic_gallery_douay_archive,history:reconciled:2025-02-11:1,NG|temporal|ordinary-time|5|tuesday||I,temporal,,,ordinary-time,5,tuesday,,,I,"ps8:4-5,6-7,8-9","O Lord, our God, how wonderful your name in all the earth!",reference_and_response_match,existing_runtime_key,corroborates_runtime_key
2025-02-12,catholic_gallery_douay_archive,catholic_gallery_douay_archive,history:reconciled:2025-02-12:1,NG|temporal|ordinary-time|5|wednesday||I,temporal,,,ordinary-time,5,wednesday,,,I,"ps104:1-2a,27-28,29bc-30","O bless the Lord, my soul!",reference_and_response_match,existing_runtime_key,corroborates_runtime_key
2025-02-13,catholic_gallery_douay_archive,catholic_gallery_douay_archive,history:reconciled:2025-02-13:1,NG|temporal|ordinary-time|5|thursday||I,temporal,,,ordinary-time,5,thursday,,,I,"ps128:1-2,3,4-5",Blessed are those who fear the Lord.,reference_and_response_match,existing_runtime_key,corroborates_runtime_key
2025-02-14,catholic_gallery_douay_archive,catholic_gallery_douay_archive,history:reconciled:2025-02-14:1,NG|temporal|ordinary-time|5|friday||I,temporal,,,ordinary-time,5,friday,,,I,"ps32:1-2,5,6,7",Blessed are those whose sins are forgiven.,reference_and_response_match,existing_runtime_key,corroborates_runtime_key
2025-02-15,catholic_gallery_douay_archive,catholic_gallery_douay_archive,history:reconciled:2025-02-15:1,NG|temporal|ordinary-time|5|saturday||I,temporal,,,ordinary-time,5,saturday,,,I,"ps90:2,3-4abc,5-6,12-13","In every age, O Lord, you have been our refuge.",reference_and_response_match,existing_runtime_key,corroborates_runtime_key
2025-02-16,catholic_gallery_douay_archive,catholic_leaf_archive,history:reconciled:2025-02-16:1,NG|temporal|ordinary-time|6|sunday|C|,temporal,,,ordinary-time,6,sunday,,C,,"ps1:1-2,3,4,6",Blessed the man who has placed his trust in the Lord.,reference_match_translation_response,existing_runtime_key,corroborates_runtime_key
2025-02-17,catholic_gallery_douay_archive,catholic_leaf_archive,history:reconciled:2025-02-17:1,NG|temporal|ordinary-time|6|monday||I,temporal,,,ordinary-time,6,monday,,,I,"ps50:1,8,16bc-17,20-21",Offer to God a sacrifice of praise.,reference_and_response_match,existing_runtime_key,corroborates_runtime_key
2025-02-18,catholic_gallery_douay_archive,catholic_leaf_archive,history:reconciled:2025-02-18:1,NG|temporal|ordinary-time|6|tuesday||I,temporal,,,ordinary-time,6,tuesday,,,I,"ps29:1a,2,3ac-4,3b,9c-10",The Lord will bless his people with peace.,reference_and_response_match,existing_runtime_key,corroborates_runtime_key
2025-02-19,catholic_gallery_douay_archive,catholic_leaf_archive,history:reconciled:2025-02-19:1,NG|temporal|ordinary-time|6|wednesday||I,temporal,,,ordinary-time,6,wednesday,,,I,"ps116:12-13,14-15,18-19","To you, Lord, I will offer a sacrifice of praise.",reference_and_response_match,existing_runtime_key,corroborates_runtime_key
2025-02-20,catholic_gallery_douay_archive,catholic_leaf_archive,history:reconciled:2025-02-20:1,NG|temporal|ordinary-time|6|thursday||I,temporal,,,ordinary-time,6,thursday,,,I,"ps102:16-18,19-21,29,22-23","To you, Lord, I will offer a sacrifice of praise.",reference_match_translation_response,existing_runtime_key,corroborates_runtime_key
2025-02-21,catholic_gallery_douay_archive,catholic_leaf_archive,history:reconciled:2025-02-21:1,NG|temporal|ordinary-time|6|friday||I,temporal,,,ordinary-time,6,friday,,,I,"ps33:10-11,12-13,14-15",Blessed the people the Lord has chosen to be his own.,reference_and_response_match,existing_runtime_key,corroborates_runtime_key
2025-02-22,catholic_gallery_douay_archive,catholic_leaf_archive,history:reconciled:2025-02-22:1,NG|temporal|ordinary-time|6|saturday||I,temporal,,,ordinary-time,6,saturday,,,I,"ps23:1-3a,4,5,6",The Lord is my shepherd; there is nothing I shall want.,reference_and_response_match,existing_runtime_key,corroborates_runtime_key
2025-02-23,catholic_gallery_douay_archive,catholic_leaf_archive,history:reconciled:2025-02-23:1,NG|temporal|ordinary-time|7|sunday|C|,temporal,,,ordinary-time,7,sunday,,C,,"ps103:1-2,3-4,8,10,12-13",The Lord is kind and merciful.,reference_and_response_match,existing_runtime_key,corroborates_runtime_key
2025-02-24,catholic_gallery_douay_archive,catholic_leaf_archive,history:reconciled:2025-02-24:1,NG|temporal|ordinary-time|7|monday||I,temporal,,,ordinary-time,7,monday,,,I,"ps93:1ab,1cd-2,5",The Lord is King; he is robed in majesty.,reference_and_response_match,existing_runtime_key,corroborates_runtime_key
2025-02-25,catholic_gallery_douay_archive,catholic_leaf_archive,history:reconciled:2025-02-25:1,NG|temporal|ordinary-time|7|tuesday||I,temporal,,,ordinary-time,7,tuesday,,,I,"ps37:3-4,18-19,27-28,39-40","How lovely is your dwelling-place, Lord, mighty God!",reference_conflict,existing_runtime_key,conflict_review_required
2025-02-26,catholic_gallery_douay_archive,catholic_leaf_archive,history:reconciled:2025-02-26:1,NG|temporal|ordinary-time|7|wednesday||I,temporal,,,ordinary-time,7,wednesday,,,I,"ps119:165,168,171,172,174,175","O Lord, great peace have they who love your law.",reference_and_response_match,existing_runtime_key,corroborates_runtime_key
2025-02-27,catholic_gallery_douay_archive,catholic_leaf_archive,history:reconciled:2025-02-27:1,NG|temporal|ordinary-time|7|thursday||I,temporal,,,ordinary-time,7,thursday,,,I,"ps1:1-2,3,4,6",Blessed are they who hope in the Lord.,reference_and_response_match,existing_runtime_key,corroborates_runtime_key
2025-02-28,catholic_gallery_douay_archive,catholic_leaf_archive,history:reconciled:2025-02-28:1,NG|temporal|ordinary-time|7|friday||I,temporal,,,ordinary-time,7,friday,,,I,"ps119:12,16,18,27,34,35","Guide me, Lord, in the way of your commands.",reference_and_response_match,existing_runtime_key,corroborates_runtime_key
2025-03-01,catholic_gallery_douay_archive,catholic_leaf_archive,history:reconciled:2025-03-01:1,NG|temporal|ordinary-time|7|saturday||I,temporal,,,ordinary-time,7,saturday,,,I,"ps103:13-14,15-16,17-18",The mercy of the Lord is everlasting upon those who hold him in fear.,same_numbered_verses_reference_variant,existing_runtime_key,corroborates_runtime_key
2025-03-02,catholic_gallery_douay_archive,catholic_leaf_archive,history:reconciled:2025-03-02:1,NG|temporal|ordinary-time|8|sunday|C|,temporal,,,ordinary-time,8,sunday,,C,,"ps92:2-3,13-14,15-16","Lord, it is good to give thanks to you",reference_and_response_match,existing_runtime_key,corroborates_runtime_key
2025-03-03,catholic_gallery_douay_archive,catholic_leaf_archive,history:reconciled:2025-03-03:1,NG|temporal|ordinary-time|8|monday||I,temporal,,,ordinary-time,8,monday,,,I,"ps32:1-2,5,6,7",Let the just exult and rejoice in the Lord.,reference_and_response_match,existing_runtime_key,corroborates_runtime_key
2025-03-04,catholic_gallery_douay_archive,catholic_leaf_archive,history:reconciled:2025-03-04:1,NG|temporal|ordinary-time|8|tuesday||I,temporal,,,ordinary-time,8,tuesday,,,I,"ps50:5-6,7-8,14,23",To the upright I will show the saving power of God.,reference_and_response_match,existing_runtime_key,corroborates_runtime_key
2025-03-05,catholic_gallery_douay_archive,catholic_leaf_archive,history:reconciled:2025-03-05:1,NG|special-period|ash-wednesday|||I,special-period,,,,,,ash-wednesday,,I,"ps51:3-4,5-6ab,12-13,14,17","Be merciful, O Lord, for we have sinned.",reference_and_response_match,existing_runtime_key,corroborates_runtime_key
2025-03-06,catholic_gallery_douay_archive,catholic_leaf_archive,history:reconciled:2025-03-06:1,NG|special-period|after-ash-wednesday-thursday|||I,special-period,,,,,,after-ash-wednesday-thursday,,I,"ps1:1-2,3,4,6",Blessed are they who hope in the Lord.,reference_and_response_match,existing_runtime_key,corroborates_runtime_key
2025-03-07,catholic_gallery_douay_archive,catholic_leaf_archive,history:reconciled:2025-03-07:1,NG|special-period|after-ash-wednesday-friday|||I,special-period,,,,,,after-ash-wednesday-friday,,I,"ps51:3-4,5-6ab,18-19","A heart contrite and humbled, O God, you will not spurn.",reference_and_response_match,existing_runtime_key,corroborates_runtime_key
2025-03-08,catholic_gallery_douay_archive,catholic_leaf_archive,history:reconciled:2025-03-08:1,NG|special-period|after-ash-wednesday-saturday|||I,special-period,,,,,,after-ash-wednesday-saturday,,I,"ps86:1-2,3-4,5-6","Teach me, O Lord, your way, so that I may walk in your truth.",reference_match_translation_response,existing_runtime_key,corroborates_runtime_key
2025-03-09,catholic_gallery_douay_archive,catholic_leaf_archive,history:reconciled:2025-03-09:1,NG|temporal|lent|1|sunday|C|,temporal,,,lent,1,sunday,,C,,"ps91:1-2,10-11,12-13,14-15","Be with me, Lord, when I am in trouble.",reference_and_response_match,existing_runtime_key,corroborates_runtime_key
2025-03-10,catholic_gallery_douay_archive,catholic_leaf_archive,history:reconciled:2025-03-10:1,NG|temporal|lent|1|monday||I,temporal,,,lent,1,monday,,,I,"ps19:8,9,10,15","Your words, Lord, are Spirit and life",reference_and_response_match,existing_runtime_key,corroborates_runtime_key
2025-03-11,catholic_gallery_douay_archive,catholic_leaf_archive,history:reconciled:2025-03-11:1,NG|temporal|lent|1|tuesday||I,temporal,,,lent,1,tuesday,,,I,"ps34:4-5,6-7,16-17,18-19",From all their distress God rescues the just.,reference_and_response_match,existing_runtime_key,corroborates_runtime_key
2025-03-12,catholic_gallery_douay_archive,catholic_leaf_archive,history:reconciled:2025-03-12:1,NG|temporal|lent|1|wednesday||I,temporal,,,lent,1,wednesday,,,I,"ps51:3-4,12-13,18-19","A heart contrite and humbled, O God, you will not spurn",reference_and_response_match,existing_runtime_key,corroborates_runtime_key
2025-03-13,catholic_gallery_douay_archive,catholic_leaf_archive,history:reconciled:2025-03-13:1,NG|temporal|lent|1|thursday||I,temporal,,,lent,1,thursday,,,I,"ps138:1-2ab,2cde-3,7c-8","Lord, on the day I called for help, you answered me.",reference_and_response_match,existing_runtime_key,corroborates_runtime_key
2025-03-14,catholic_gallery_douay_archive,catholic_leaf_archive,history:reconciled:2025-03-14:1,NG|temporal|lent|1|friday||I,temporal,,,lent,1,friday,,,I,"ps130:1-2,3-4,5-6,7-8","If you, O Lord, mark iniquities, who can stand?",same_numbered_verses_reference_variant,existing_runtime_key,corroborates_runtime_key
2025-03-15,catholic_gallery_douay_archive,catholic_leaf_archive,history:reconciled:2025-03-15:1,NG|temporal|lent|1|saturday||I,temporal,,,lent,1,saturday,,,I,"ps119:1-2,4-5,7-8",Blessed are those who walk in the law of the Lord!,reference_match_translation_response,existing_runtime_key,corroborates_runtime_key
2025-03-16,catholic_gallery_douay_archive,catholic_leaf_archive,history:reconciled:2025-03-16:1,NG|temporal|lent|2|sunday|C|,temporal,,,lent,2,sunday,,C,,"ps27:1,7-8,8-9,13-14",The Lord is my light and my salvation.,reference_and_response_match,existing_runtime_key,corroborates_runtime_key
2025-03-17,catholic_gallery_douay_archive,catholic_leaf_archive,history:reconciled:2025-03-17:1,NG|temporal|lent|2|monday||I,temporal,,,lent,2,monday,,,I,"ps79:8,9,11,13","Lord, do not deal with us according to our sins.",reference_and_response_match,existing_runtime_key,corroborates_runtime_key
2025-03-18,catholic_gallery_douay_archive,catholic_leaf_archive,history:reconciled:2025-03-18:1,NG|temporal|lent|2|tuesday||I,temporal,,,lent,2,tuesday,,,I,"ps50:8-9,16bc-17,21,23",To the upright I will show the saving power of God.,reference_and_response_match,existing_runtime_key,corroborates_runtime_key
2025-03-19,catholic_gallery_douay_archive,catholic_leaf_archive,history:reconciled:2025-03-19:1,NG|celebration|saint_joseph_spouse_of_blessed_virgin_mary|day||,celebration,saint_joseph_spouse_of_blessed_virgin_mary,day,,,,,,,"ps89:2-3,4-5,27,29",The son of David will live for ever.,reference_and_response_match,existing_runtime_key,corroborates_runtime_key
2025-03-20,catholic_gallery_douay_archive,catholic_leaf_archive,history:reconciled:2025-03-20:1,NG|temporal|lent|2|thursday||I,temporal,,,lent,2,thursday,,,I,"ps1:1-2,3,4,6",Blessed are they who hope in the Lord.,reference_match_translation_response,existing_runtime_key,corroborates_runtime_key
2025-03-21,catholic_gallery_douay_archive,catholic_leaf_archive,history:reconciled:2025-03-21:1,NG|temporal|lent|2|friday||I,temporal,,,lent,2,friday,,,I,"ps105:16-17,18-19,20-21",Remember the marvels the Lord has done.,reference_and_response_match,existing_runtime_key,corroborates_runtime_key
2025-03-22,catholic_gallery_douay_archive,catholic_leaf_archive,history:reconciled:2025-03-22:1,NG|temporal|lent|2|saturday||I,temporal,,,lent,2,saturday,,,I,"ps103:1-2,3-4,9-10,11-12",The Lord is compassionate and gracious.,reference_match_translation_response,existing_runtime_key,corroborates_runtime_key
2025-03-23,catholic_gallery_douay_archive,catholic_leaf_archive,history:reconciled:2025-03-23:1,NG|temporal|lent|3|sunday|C|,temporal,,,lent,3,sunday,,C,,"ps103:1-2,3-4,6-7,8,11",The Lord is kind and merciful.,reference_and_response_match,existing_runtime_key,corroborates_runtime_key
2025-03-24,catholic_gallery_douay_archive,catholic_leaf_archive,history:reconciled:2025-03-24:1,NG|temporal|lent|3|monday||I,temporal,,,lent,3,monday,,,I,"ps42:2,3,43:3,4","My soul is thirsting for God, the living God. When can I enter and appear before the face of God?",reference_match_translation_response,existing_runtime_key,corroborates_runtime_key
2025-03-25,catholic_gallery_douay_archive,catholic_leaf_archive,history:reconciled:2025-03-25:1,NG|celebration|annunciation_of_the_lord|day||,celebration,annunciation_of_the_lord,day,,,,,,,"ps40:7-8a,8b-9,10,11","See, I have come, Lord, to do your will",reference_match_translation_response,existing_runtime_key,corroborates_runtime_key
2025-03-26,catholic_gallery_douay_archive,catholic_leaf_archive,history:reconciled:2025-03-26:1,NG|temporal|lent|3|wednesday||I,temporal,,,lent,3,wednesday,,,I,"ps147:12-13,15-16,19-20","O Jerusalem, glorify the Lord!",reference_match_translation_response,existing_runtime_key,corroborates_runtime_key
2025-03-27,catholic_gallery_douay_archive,catholic_leaf_archive,history:reconciled:2025-03-27:1,NG|temporal|lent|3|thursday||I,temporal,,,lent,3,thursday,,,I,"ps95:1-2,6-7,8-9",O that today you would listen to his voice! Harden not your hearts.,reference_match_translation_response,existing_runtime_key,corroborates_runtime_key
2025-03-28,catholic_gallery_douay_archive,catholic_leaf_archive,history:reconciled:2025-03-28:1,NG|temporal|lent|3|friday||I,temporal,,,lent,3,friday,,,I,"ps81:6c-8a,8bc-9,10-11ab,14,17",I am the Lord your God; listen to my voice.,reference_match_translation_response,existing_runtime_key,corroborates_runtime_key
2025-03-29,catholic_gallery_douay_archive,catholic_leaf_archive,history:reconciled:2025-03-29:1,NG|temporal|lent|3|saturday||I,temporal,,,lent,3,saturday,,,I,"ps51:3-4,18-19,20-21ab","I desire steadfast love, and not sacrifice.",reference_match_translation_response,existing_runtime_key,corroborates_runtime_key
2025-03-30,catholic_gallery_douay_archive,catholic_leaf_archive,history:reconciled:2025-03-30:1,NG|temporal|lent|4|sunday|C|,temporal,,,lent,4,sunday,,C,,"ps34:2-3,4-5,6-7",Taste and see that the Lord is good,reference_conflict,existing_runtime_key,conflict_review_required
2025-03-31,catholic_gallery_douay_archive,catholic_leaf_archive,history:reconciled:2025-03-31:1,NG|temporal|lent|4|monday||I,temporal,,,lent,4,monday,,,I,"ps30:2,4,5-6,11-12a,13b","I will extol you, Lord, for you have raised me up",reference_match_translation_response,existing_runtime_key,corroborates_runtime_key
2025-04-01,catholic_gallery_douay_archive,catholic_leaf_archive,history:reconciled:2025-04-01:1,NG|temporal|lent|4|tuesday||I,temporal,,,lent,4,tuesday,,,I,"ps46:2-3,5-6,8-9",The Lord of hosts is with us; the God of Jacob is our stronghold.,reference_match_translation_response,existing_runtime_key,corroborates_runtime_key
2025-04-02,catholic_gallery_douay_archive,catholic_leaf_archive,history:reconciled:2025-04-02:1,NG|temporal|lent|4|wednesday||I,temporal,,,lent,4,wednesday,,,I,"ps145:8-9,13cd-14,17-18",The Lord is kind and full of compassion,reference_match_translation_response,existing_runtime_key,corroborates_runtime_key
2025-04-03,catholic_gallery_douay_archive,catholic_leaf_archive,history:reconciled:2025-04-03:1,NG|temporal|lent|4|thursday||I,temporal,,,lent,4,thursday,,,I,"ps106:19-20,21-22,23","O Lord, remember us with the favour you show to your people",reference_match_translation_response,existing_runtime_key,corroborates_runtime_key
2025-04-04,catholic_gallery_douay_archive,catholic_leaf_archive,history:reconciled:2025-04-04:1,NG|temporal|lent|4|friday||I,temporal,,,lent,4,friday,,,I,"ps34:17-18,19-20,21,23",The Lord is close to the broken-hearted.,reference_match_translation_response,existing_runtime_key,corroborates_runtime_key
2025-04-05,catholic_gallery_douay_archive,catholic_leaf_archive,history:reconciled:2025-04-05:1,NG|temporal|lent|4|saturday||I,temporal,,,lent,4,saturday,,,I,"ps7:2-3,9bc-10,11-12","O Lord, my God, I take refuge in you",reference_match_translation_response,existing_runtime_key,corroborates_runtime_key
2025-04-06,catholic_gallery_douay_archive,catholic_leaf_archive,history:reconciled:2025-04-06:1,NG|temporal|lent|5|sunday|C|,temporal,,,lent,5,sunday,,C,,"ps126:1-2ab,2cd-3,4-5,6","What great deeds the Lord worked for us! Indeed, we were glad.",reference_match_translation_response,existing_runtime_key,corroborates_runtime_key
2025-04-07,catholic_gallery_douay_archive,catholic_leaf_archive,history:reconciled:2025-04-07:1,NG|temporal|lent|5|monday||I,temporal,,,lent,5,monday,,,I,"ps23:1-3a,3b-4,5,6","Though I should walk in the valley of the shadow of death, no evil would I fear, for you are with me.",reference_match_translation_response,existing_runtime_key,corroborates_runtime_key
2025-04-08,catholic_gallery_douay_archive,catholic_leaf_archive,history:reconciled:2025-04-08:1,NG|temporal|lent|5|tuesday||I,temporal,,,lent,5,tuesday,,,I,"ps102:2-3,16-18,19-21","O Lord, hear my prayer, and let my cry come to you.",reference_and_response_match,existing_runtime_key,corroborates_runtime_key
2025-04-09,catholic_gallery_douay_archive,catholic_gallery_douay_archive,history:reconciled:2025-04-09:1,NG|temporal|lent|5|wednesday||I,temporal,,,lent,5,wednesday,,,I,"daniel3:52,53,54,55,56",Glory and praise for ever!,reference_and_response_match,existing_runtime_key,corroborates_runtime_key
2025-04-10,catholic_gallery_douay_archive,catholic_leaf_archive,history:reconciled:2025-04-10:1,NG|temporal|lent|5|thursday||I,temporal,,,lent,5,thursday,,,I,"ps105:4-5,6-7,8-9",The Lord remembers his covenant forever.,reference_match_translation_response,existing_runtime_key,corroborates_runtime_key
2025-04-11,catholic_gallery_douay_archive,catholic_leaf_archive,history:reconciled:2025-04-11:1,NG|temporal|lent|5|friday||I,temporal,,,lent,5,friday,,,I,"ps18:2-3a,3bc-4,5-6,7","In my anguish I called to the Lord, and he heard me.",reference_match_translation_response,existing_runtime_key,corroborates_runtime_key
2025-04-12,catholic_gallery_douay_archive,catholic_gallery_douay_archive,history:reconciled:2025-04-12:1,NG|temporal|lent|5|saturday||I,temporal,,,lent,5,saturday,,,I,"jeremiah31:10,11-12,13","The Lord will guard us, as a shepherd guards his flock.",reference_and_response_match,existing_runtime_key,corroborates_runtime_key
2025-04-13,catholic_gallery_douay_archive,catholic_leaf_archive,history:reconciled:2025-04-13:1,NG|special-period|palm-sunday||C|,special-period,,,,,,palm-sunday,C,,"ps22:8-9,17-18,19-20,23-24","My God, my God, why have you forsaken me?",same_numbered_verses_reference_variant,existing_runtime_key,corroborates_runtime_key
2025-04-14,catholic_gallery_douay_archive,catholic_leaf_archive,history:reconciled:2025-04-14:1,NG|special-period|holy-week-monday|||I,special-period,,,,,,holy-week-monday,,I,"ps27:1,2,3,13-14",The Lord is my light and my salvation.,reference_and_response_match,existing_runtime_key,corroborates_runtime_key
2025-04-15,catholic_gallery_douay_archive,catholic_leaf_archive,history:reconciled:2025-04-15:1,NG|special-period|holy-week-tuesday|||I,special-period,,,,,,holy-week-tuesday,,I,"ps71:1-2,3-4a,5ab-6ab,15,17","My mouth will tell of your salvation, Lord.",same_numbered_verses_reference_variant,existing_runtime_key,corroborates_runtime_key
2025-04-16,catholic_gallery_douay_archive,catholic_leaf_archive,history:reconciled:2025-04-16:1,NG|special-period|holy-week-wednesday|||I,special-period,,,,,,holy-week-wednesday,,I,"ps69:8-10,21-22,31,33-34","In your great mercy, answer me, O Lord, for a time of your favour.",reference_conflict,existing_runtime_key,conflict_review_required
2025-04-17,catholic_gallery_douay_archive,catholic_leaf_archive,history:reconciled:2025-04-17:1,NG|temporal|lent|6|thursday||I,temporal,,,lent,6,thursday,,,I,"ps116:12-13,15-16bc,17-18",The cup of blessing is a participation in the blood of Christ.,same_numbered_verses_reference_variant,existing_runtime_key,corroborates_runtime_key
2025-04-18,catholic_gallery_douay_archive,catholic_leaf_archive,history:reconciled:2025-04-18:1,NG|special-period|good-friday|||I,special-period,,,,,,good-friday,,I,"ps31:2,6,12-13,15-16,17,25","Father, into your hands I commend my spirit!",reference_and_response_match,existing_runtime_key,corroborates_runtime_key
2025-04-19,catholic_gallery_douay_archive,catholic_leaf_archive,history:reconciled:2025-04-19:1,NG|temporal|lent|6|saturday||I,temporal,,,lent,6,saturday,,,I,"ps118:1-2,16-17,22-23",This is the day the Lord has made; let us rejoice in it and be glad. Or: Alleluia.,reference_conflict,new_runtime_key,conflict_review_required
2025-04-20,catholic_gallery_douay_archive,catholic_leaf_archive,history:reconciled:2025-04-20:1,NG|celebration|easter_sunday|day|C|,celebration,easter_sunday,day,,,,,C,,"ps118:1-2,16-17,22-23",This is the day the Lord has made; let us rejoice in it and be glad. Or: Alleluia.,reference_conflict,new_runtime_key,conflict_review_required
2025-04-21,catholic_gallery_douay_archive,catholic_gallery_douay_archive,history:reconciled:2025-04-21:1,NG|special-period|easter-octave-monday|||I,special-period,,,,,,easter-octave-monday,,I,"ps16:1-2a,5,7-8,9-10,11","Keep me safe, O God; you are my hope.",reference_and_response_match,existing_runtime_key,corroborates_runtime_key
2025-04-22,catholic_gallery_douay_archive,catholic_gallery_douay_archive,history:reconciled:2025-04-22:1,NG|special-period|easter-octave-tuesday|||I,special-period,,,,,,easter-octave-tuesday,,I,"ps33:4-5,18-19,20,22",The earth is full of the goodness of the Lord.,reference_and_response_match,existing_runtime_key,corroborates_runtime_key
2025-04-23,catholic_gallery_douay_archive,catholic_gallery_douay_archive,history:reconciled:2025-04-23:1,NG|special-period|easter-octave-wednesday|||I,special-period,,,,,,easter-octave-wednesday,,I,"ps105:1-2,3-4,6-7,8-9","Rejoice, O hearts that seek the Lord.",reference_and_response_match,existing_runtime_key,corroborates_runtime_key
2025-04-24,catholic_gallery_douay_archive,catholic_gallery_douay_archive,history:reconciled:2025-04-24:1,NG|special-period|easter-octave-thursday|||I,special-period,,,,,,easter-octave-thursday,,I,"ps8:2ab,5,6-7,8-9","O Lord, our God, how wonderful your name in all the earth!",reference_and_response_match,existing_runtime_key,corroborates_runtime_key
2025-04-25,catholic_gallery_douay_archive,catholic_gallery_douay_archive,history:reconciled:2025-04-25:1,NG|temporal|easter|1|friday||I,temporal,,,easter,1,friday,,,I,"ps118:1-2,4,22-24,25-27a",The stone rejected by the builders has become the cornerstone.,reference_and_response_match,existing_runtime_key,corroborates_runtime_key
2025-04-26,catholic_gallery_douay_archive,catholic_gallery_douay_archive,history:reconciled:2025-04-26:1,NG|special-period|easter-octave-saturday|||I,special-period,,,,,,easter-octave-saturday,,I,"ps118:1,14-15ab,16-18,19-21","I will give thanks to you, for you have answered me.",reference_and_response_match,existing_runtime_key,corroborates_runtime_key
2025-04-27,catholic_gallery_douay_archive,catholic_gallery_douay_archive,history:reconciled:2025-04-27:1,NG|temporal|easter|2|sunday|C|,temporal,,,easter,2,sunday,,C,,"ps118:2-4,13-15,22-24","Give thanks to the Lord for he is good, his love is everlasting.",reference_and_response_match,existing_runtime_key,corroborates_runtime_key
2025-04-28,catholic_gallery_douay_archive,catholic_leaf_archive,history:reconciled:2025-04-28:1,NG|temporal|easter|2|monday||I,temporal,,,easter,2,monday,,,I,"ps2:1-3,4-6,7-9",Blessed are all who take refuge in the Lord. Or: Alleluia.,same_numbered_verses_reference_variant,existing_runtime_key,corroborates_runtime_key
2025-04-29,catholic_gallery_douay_archive,catholic_leaf_archive,history:reconciled:2025-04-29:1,NG|temporal|easter|2|tuesday||I,temporal,,,easter,2,tuesday,,,I,"ps93:1ab,1cd-2,5","The Lord is king, with majesty enrobed. Or: Alleluia.",reference_match_translation_response,existing_runtime_key,corroborates_runtime_key
2025-04-30,catholic_gallery_douay_archive,catholic_leaf_archive,history:reconciled:2025-04-30:1,NG|celebration|our_lady_mother_of_africa|day||,celebration,our_lady_mother_of_africa,day,,,,,,,"ps34:2-3,4-5,6-7,8-9","The Lowly one called, and the Lord heard him Or: Alleluia.",reference_match_translation_response,existing_runtime_key,corroborates_runtime_key
2025-05-01,catholic_gallery_douay_archive,catholic_leaf_archive,history:reconciled:2025-05-01:1,NG|temporal|easter|2|thursday||I,temporal,,,easter,2,thursday,,,I,"ps34:2,9,17-18,19-20","Give success to the work of our hands, O Lord. Or: Alleluia.",reference_conflict,existing_runtime_key,conflict_review_required
2025-05-02,catholic_gallery_douay_archive,catholic_leaf_archive,history:reconciled:2025-05-02:1,NG|temporal|easter|2|friday||I,temporal,,,easter,2,friday,,,I,"ps27:1,4,13-14","There is one thing I ask of the Lord, to live in the house of the Lord Or: Alleluia.",reference_match_translation_response,existing_runtime_key,corroborates_runtime_key
2025-05-03,catholic_gallery_douay_archive,catholic_leaf_archive,history:reconciled:2025-05-03:1,NG|temporal|easter|2|saturday||I,temporal,,,easter,2,saturday,,,I,"ps19:2-3,4-5",Their Sound goes forth through all the earth Or: Alleluia.,reference_match_translation_response,existing_runtime_key,corroborates_runtime_key
2025-05-04,catholic_gallery_douay_archive,catholic_gallery_douay_archive,history:reconciled:2025-05-04:1,NG|temporal|easter|3|sunday|C|,temporal,,,easter,3,sunday,,C,,"ps30:2,4,5-6,11-12,13","I will praise you, Lord, for you have rescued me.",reference_and_response_match,existing_runtime_key,corroborates_runtime_key
2025-05-05,catholic_gallery_douay_archive,catholic_leaf_archive,history:reconciled:2025-05-05:1,NG|temporal|easter|3|monday||I,temporal,,,easter,3,monday,,,I,"ps119:23-24,26-27,29-30",Blessed are those who walk in the law of the Lord. Or: Alleluia.,reference_match_translation_response,existing_runtime_key,corroborates_runtime_key
2025-05-06,catholic_gallery_douay_archive,catholic_leaf_archive,history:reconciled:2025-05-06:1,NG|temporal|easter|3|tuesday||I,temporal,,,easter,3,tuesday,,,I,"ps31:3cd-4,6,7b,8a,17,21ab","Into your hands, O Lord, I commend my spirit. Or: Alleluia.",reference_match_translation_response,existing_runtime_key,corroborates_runtime_key
2025-05-07,catholic_gallery_douay_archive,catholic_leaf_archive,history:reconciled:2025-05-07:1,NG|temporal|easter|3|wednesday||I,temporal,,,easter,3,wednesday,,,I,"ps66:1-3a,4-5,6-7a","Cry out with joy to God, all the earth. Or: Alleluia.",reference_match_translation_response,existing_runtime_key,corroborates_runtime_key
2025-05-08,catholic_gallery_douay_archive,catholic_leaf_archive,history:reconciled:2025-05-08:1,NG|temporal|easter|3|thursday||I,temporal,,,easter,3,thursday,,,I,"ps66:8-9,16-17,20","Cry out with joy to God, all the earth. Or: Alleluia.",reference_match_translation_response,existing_runtime_key,corroborates_runtime_key
2025-05-09,catholic_gallery_douay_archive,catholic_leaf_archive,history:reconciled:2025-05-09:1,NG|temporal|easter|3|friday||I,temporal,,,easter,3,friday,,,I,"ps117:1,2","Go into all the world, and proclaim the Gospel Or: Alleluia.",same_numbered_verses_reference_variant,existing_runtime_key,corroborates_runtime_key
2025-05-10,catholic_gallery_douay_archive,catholic_leaf_archive,history:reconciled:2025-05-10:1,NG|temporal|easter|3|saturday||I,temporal,,,easter,3,saturday,,,I,"ps116:12-13,14-15,16-17",How can I repay the Lord for all his goodness to me? Or: Alleluia.,reference_match_translation_response,existing_runtime_key,corroborates_runtime_key
2025-05-11,catholic_gallery_douay_archive,catholic_leaf_archive,history:reconciled:2025-05-11:1,NG|temporal|easter|4|sunday|C|,temporal,,,easter,4,sunday,,C,,"ps100:1-2,3,5","We are his people, the sheep of his flock. Or: Alleluia.",reference_match_translation_response,existing_runtime_key,corroborates_runtime_key
2025-05-12,catholic_gallery_douay_archive,catholic_leaf_archive,history:reconciled:2025-05-12:1,NG|temporal|easter|4|monday||I,temporal,,,easter,4,monday,,,I,"ps42:2-3,43:3-4","My soul is thirsting for you, the living God. Or: Alleluia.",same_numbered_verses_reference_variant,existing_runtime_key,corroborates_runtime_key
2025-05-13,catholic_gallery_douay_archive,catholic_leaf_archive,history:reconciled:2025-05-13:1,NG|temporal|easter|4|tuesday||I,temporal,,,easter,4,tuesday,,,I,"ps87:1b-3,4-5,6-7","O praise the Lord, all you nations. Or: Alleluia.",reference_match_translation_response,existing_runtime_key,corroborates_runtime_key
2025-05-14,catholic_gallery_douay_archive,catholic_leaf_archive,history:reconciled:2025-05-14:1,NG|temporal|easter|4|wednesday||I,temporal,,,easter,4,wednesday,,,I,"ps113:1-2,3-4,5-6,7-8",The Lord set them with the princes of his people. Or: Alleluia.,reference_match_translation_response,existing_runtime_key,corroborates_runtime_key
2025-05-15,catholic_gallery_douay_archive,catholic_leaf_archive,history:reconciled:2025-05-15:1,NG|temporal|easter|4|thursday||I,temporal,,,easter,4,thursday,,,I,"ps89:2-3,21-22,25,27","I will sing forever of your mercies, O Lord. Or: Alleluia.",reference_match_translation_response,existing_runtime_key,corroborates_runtime_key
2025-05-16,catholic_gallery_douay_archive,catholic_leaf_archive,history:reconciled:2025-05-16:1,NG|temporal|easter|4|friday||I,temporal,,,easter,4,friday,,,I,"ps2:6-7,8-9,10-11ab",You are my son. It is I who have begotten you this day. Or: Alleluia.,reference_conflict,existing_runtime_key,conflict_review_required
2025-05-17,catholic_gallery_douay_archive,catholic_leaf_archive,history:reconciled:2025-05-17:1,NG|temporal|easter|4|saturday||I,temporal,,,easter,4,saturday,,,I,"ps98:1,2-3ab,3cd-4",All the ends of the earth have seen the salvation of our God. Or: Alleluia.,reference_match_translation_response,existing_runtime_key,corroborates_runtime_key
2025-05-18,catholic_gallery_douay_archive,catholic_leaf_archive,history:reconciled:2025-05-18:1,NG|temporal|easter|5|sunday|C|,temporal,,,easter,5,sunday,,C,,"ps145:8-9,10-11,12-13","I will bless you name forever, my king and my God. Or: Alleluia.",reference_match_translation_response,existing_runtime_key,corroborates_runtime_key
2025-05-19,catholic_gallery_douay_archive,catholic_leaf_archive,history:reconciled:2025-05-19:1,NG|temporal|easter|5|monday||I,temporal,,,easter,5,monday,,,I,"ps115:1-2,3-4,15-16","Not to us, O Lord, but to your name give the glory. Or: Alleluia.",reference_match_translation_response,existing_runtime_key,corroborates_runtime_key
2025-05-20,catholic_gallery_douay_archive,catholic_leaf_archive,history:reconciled:2025-05-20:1,NG|temporal|easter|5|tuesday||I,temporal,,,easter,5,tuesday,,,I,"ps145:10-11,12-13ab,21","Your friends make known, O Lord, the glory of your reign. Or: Alleluia.",reference_match_translation_response,existing_runtime_key,corroborates_runtime_key
2025-05-21,catholic_gallery_douay_archive,catholic_leaf_archive,history:reconciled:2025-05-21:1,NG|temporal|easter|5|wednesday||I,temporal,,,easter,5,wednesday,,,I,"ps122:1-2,3-4ab,4cd-5",Let us go rejoicing to the house of the Lord. Or: Alleluia.,reference_match_translation_response,existing_runtime_key,corroborates_runtime_key
2025-05-22,catholic_gallery_douay_archive,catholic_leaf_archive,history:reconciled:2025-05-22:1,NG|temporal|easter|5|thursday||I,temporal,,,easter,5,thursday,,,I,"ps96:1-2a,2b-3,10",Tell among all the peoples the wonders of the Lord. Or: Alleluia.,reference_match_translation_response,existing_runtime_key,corroborates_runtime_key
2025-05-23,catholic_gallery_douay_archive,catholic_leaf_archive,history:reconciled:2025-05-23:1,NG|temporal|easter|5|friday||I,temporal,,,easter,5,friday,,,I,"ps57:8-9,10,12","I will give you thanks among the peoples, O Lord. Or: Alleluia.",reference_match_translation_response,existing_runtime_key,corroborates_runtime_key
2025-05-24,catholic_gallery_douay_archive,catholic_leaf_archive,history:reconciled:2025-05-24:1,NG|temporal|easter|5|saturday||I,temporal,,,easter,5,saturday,,,I,"ps100:2,3,5",Cry out with joy to the Lord all the earth. Or: Alleluia.,reference_conflict,existing_runtime_key,conflict_review_required
2025-05-25,catholic_gallery_douay_archive,catholic_leaf_archive,history:reconciled:2025-05-25:1,NG|temporal|easter|6|sunday|C|,temporal,,,easter,6,sunday,,C,,"ps67:2-3,5,6,8","Let the peoples praise you, O God; let all the peoples praise you!. Or: Alleluia.",reference_match_translation_response,existing_runtime_key,corroborates_runtime_key
2025-05-26,catholic_gallery_douay_archive,catholic_leaf_archive,history:reconciled:2025-05-26:1,NG|temporal|easter|6|monday||I,temporal,,,easter,6,monday,,,I,"ps149:1b-2,3-4,5-6a,9b",The Lord takes delight in his people. Or: Alleluia.,same_numbered_verses_reference_variant,existing_runtime_key,corroborates_runtime_key
2025-05-27,catholic_gallery_douay_archive,catholic_leaf_archive,history:reconciled:2025-05-27:1,NG|temporal|easter|6|tuesday||I,temporal,,,easter,6,tuesday,,,I,"ps138:1-2ab,2cde-3,7c-8","With your right hand you save me, O Lord. Or: Alleluia.",reference_match_translation_response,existing_runtime_key,corroborates_runtime_key
2025-05-28,catholic_gallery_douay_archive,catholic_leaf_archive,history:reconciled:2025-05-28:1,NG|temporal|easter|6|wednesday||I,temporal,,,easter,6,wednesday,,,I,"ps148:1-2,11-12,13,14",Heaven and earth are full of your glory. Or: Alleluia.,reference_match_translation_response,existing_runtime_key,corroborates_runtime_key
2025-05-29,catholic_gallery_douay_archive,catholic_leaf_archive,history:reconciled:2025-05-29:1,NG|celebration|ascension_of_the_lord|day||,celebration,ascension_of_the_lord,day,,,,,,,"ps98:1,2-3ab,3cd-4",The Lord has shown his deliverance to the nations. Or: Alleluia.,reference_match_translation_response,existing_runtime_key,corroborates_runtime_key
2025-05-30,catholic_gallery_douay_archive,catholic_leaf_archive,history:reconciled:2025-05-30:1,NG|temporal|easter|6|friday||I,temporal,,,easter,6,friday,,,I,"ps47:2-3,4-5,6-7",God is king of all the earth. Or: Alleluia.,reference_match_translation_response,existing_runtime_key,corroborates_runtime_key
2025-05-31,catholic_gallery_douay_archive,catholic_gallery_douay_archive,history:reconciled:2025-05-31:1,NG|temporal|easter|6|saturday||I,temporal,,,easter,6,saturday,,,I,"isaiah12:2-3,4bcd,5-6",Among you is the great and Holy One of Israel.,reference_and_response_match,existing_runtime_key,corroborates_runtime_key
2025-06-01,catholic_gallery_douay_archive,catholic_leaf_archive,history:reconciled:2025-06-01:1,NG|temporal|easter|7|sunday|C|,temporal,,,easter,7,sunday,,C,,"ps47:2-3,6-7,8-9",God goes up with shouts of joy. The Lord goes up with trumpet blast. Or: Alleluia.,reference_match_translation_response,existing_runtime_key,corroborates_runtime_key
2025-06-02,catholic_gallery_douay_archive,catholic_leaf_archive,history:reconciled:2025-06-02:1,NG|temporal|easter|7|monday||I,temporal,,,easter,7,monday,,,I,"ps68:2-3ab,4-5acd,6-7ab","You kingdoms of the earth, sing to God. Or: Alleluia.",reference_match_translation_response,existing_runtime_key,corroborates_runtime_key
2025-06-03,catholic_gallery_douay_archive,catholic_leaf_archive,history:reconciled:2025-06-03:1,NG|temporal|easter|7|tuesday||I,temporal,,,easter,7,tuesday,,,I,"ps68:10-11,20-21","You kingdoms of the earth, sing to God, sing to God. Or: Alleluia.",reference_match_translation_response,existing_runtime_key,corroborates_runtime_key
2025-06-04,catholic_gallery_douay_archive,catholic_leaf_archive,history:reconciled:2025-06-04:1,NG|temporal|easter|7|wednesday||I,temporal,,,easter,7,wednesday,,,I,"ps68:29-30,33-35a,35bc-36ab","You kingdoms of the earth, sing to God, sing to God. Or: Alleluia.",reference_match_translation_response,existing_runtime_key,corroborates_runtime_key
2025-06-05,catholic_gallery_douay_archive,catholic_leaf_archive,history:reconciled:2025-06-05:1,NG|temporal|easter|7|thursday||I,temporal,,,easter,7,thursday,,,I,"ps16:1-2a,5,7-8,9-10,11","Preserve me, O God, for in you I take refuge. Or: Alleluia.",reference_match_translation_response,existing_runtime_key,corroborates_runtime_key
2025-06-06,catholic_gallery_douay_archive,catholic_leaf_archive,history:reconciled:2025-06-06:1,NG|temporal|easter|7|friday||I,temporal,,,easter,7,friday,,,I,"ps103:1-2,11-12,19-20ab",The Lord has fixed his throne in heaven. Or: Alleluia.,reference_match_translation_response,existing_runtime_key,corroborates_runtime_key
2025-06-07,catholic_gallery_douay_archive,catholic_leaf_archive,history:reconciled:2025-06-07:1,NG|temporal|easter|7|saturday||I,temporal,,,easter,7,saturday,,,I,"ps11:4,5,7","The upright shall behold your face, O Lord. Or: Alleluia.",reference_match_translation_response,existing_runtime_key,corroborates_runtime_key
2025-06-08,catholic_gallery_douay_archive,catholic_leaf_archive,history:reconciled:2025-06-08:1,NG|celebration|pentecost_sunday|day|C|,celebration,pentecost_sunday,day,,,,,C,,"ps104:1,24,29-30,31,34","Lord, send froth your spirit, and renew the face of the earth. Or: Alleluia.",reference_match_translation_response,existing_runtime_key,corroborates_runtime_key
2025-06-09,catholic_gallery_douay_archive,catholic_leaf_archive,history:reconciled:2025-06-09:1,NG|celebration|mary_mother_of_the_church|day||,celebration,mary_mother_of_the_church,day,,,,,,,"ps87:1-2,3,5,6-7",Taste and see that the Lord is good.,reference_conflict,existing_runtime_key,conflict_review_required
2025-06-10,catholic_gallery_douay_archive,catholic_leaf_archive,history:reconciled:2025-06-10:1,NG|temporal|ordinary-time|10|tuesday||I,temporal,,,ordinary-time,10,tuesday,,,I,"ps119:129,130,131,132,133,135",Let your face shine forth on your servant,reference_match_translation_response,existing_runtime_key,corroborates_runtime_key
2025-06-11,catholic_gallery_douay_archive,catholic_leaf_archive,history:reconciled:2025-06-11:1,NG|celebration|saint_barnabas_apostle|day||,celebration,saint_barnabas_apostle,day,,,,,,,"ps98:1,2-3ab,3cd-4,5-6",The Lord has shown his deliverance to the nations,reference_match_translation_response,existing_runtime_key,corroborates_runtime_key
2025-06-12,catholic_gallery_douay_archive,catholic_gallery_douay_archive,history:reconciled:2025-06-12:1,NG|temporal|ordinary-time|10|thursday||I,temporal,,,ordinary-time,10,thursday,,,I,"ps85:9ab,10,11-12,13-14",The glory of the Lord will dwell in our land.,reference_and_response_match,existing_runtime_key,corroborates_runtime_key
2025-06-13,catholic_gallery_douay_archive,catholic_gallery_douay_archive,history:reconciled:2025-06-13:1,NG|temporal|ordinary-time|10|friday||I,temporal,,,ordinary-time,10,friday,,,I,"ps116:10-11,15-16,17-18","To you, Lord, I will offer a sacrifice of praise.",reference_and_response_match,existing_runtime_key,corroborates_runtime_key
2025-06-14,catholic_gallery_douay_archive,catholic_gallery_douay_archive,history:reconciled:2025-06-14:1,NG|temporal|ordinary-time|10|saturday||I,temporal,,,ordinary-time,10,saturday,,,I,"ps103:1-2,3-4,9-10,11-12",The Lord is kind and merciful.,reference_and_response_match,existing_runtime_key,corroborates_runtime_key
2025-06-15,catholic_gallery_douay_archive,catholic_leaf_archive,history:reconciled:2025-06-15:1,NG|celebration|most_holy_trinity|day|C|,celebration,most_holy_trinity,day,,,,,C,,"ps8:4-5,6-7,8-9","O Lord, our Lord, how majestic is your name through all the earth!",reference_match_translation_response,existing_runtime_key,corroborates_runtime_key
2025-06-16,catholic_gallery_douay_archive,catholic_leaf_archive,history:reconciled:2025-06-16:1,NG|temporal|ordinary-time|11|monday||I,temporal,,,ordinary-time,11,monday,,,I,"ps98:1,2b,3ab,3cd-4",The Lord is compassionate and gracious,reference_match_translation_response,existing_runtime_key,corroborates_runtime_key
2025-06-17,catholic_gallery_douay_archive,catholic_gallery_douay_archive,history:reconciled:2025-06-17:1,NG|temporal|ordinary-time|11|tuesday||I,temporal,,,ordinary-time,11,tuesday,,,I,"ps146:2,5-6ab,6c-7,8-9a","Praise the Lord, my soul!",reference_and_response_match,existing_runtime_key,corroborates_runtime_key
2025-06-18,catholic_gallery_douay_archive,catholic_gallery_douay_archive,history:reconciled:2025-06-18:1,NG|temporal|ordinary-time|11|wednesday||I,temporal,,,ordinary-time,11,wednesday,,,I,"ps112:1bc-2,3-4,9",Blessed the man who fears the Lord.,reference_and_response_match,existing_runtime_key,corroborates_runtime_key
2025-06-19,catholic_gallery_douay_archive,catholic_leaf_archive,history:reconciled:2025-06-19:1,NG|temporal|ordinary-time|11|thursday||I,temporal,,,ordinary-time,11,thursday,,,I,"ps111:1b-2,3-4,7-8",The Lord’s handiwork is justice and truth,reference_match_translation_response,existing_runtime_key,corroborates_runtime_key
2025-06-20,catholic_gallery_douay_archive,catholic_leaf_archive,history:reconciled:2025-06-20:1,NG|temporal|ordinary-time|11|friday||I,temporal,,,ordinary-time,11,friday,,,I,"ps34:2-3,4-5,6-7",The Lord rescues them in all their distress,reference_match_translation_response,existing_runtime_key,corroborates_runtime_key
2025-06-21,catholic_gallery_douay_archive,catholic_leaf_archive,history:reconciled:2025-06-21:1,NG|temporal|ordinary-time|11|saturday||I,temporal,,,ordinary-time,11,saturday,,,I,"ps34:8-9,10-11,12-13",Taste and see that the Lord is good,reference_match_translation_response,existing_runtime_key,corroborates_runtime_key
2025-06-22,catholic_gallery_douay_archive,catholic_leaf_archive,history:reconciled:2025-06-22:1,NG|celebration|body_and_blood_of_christ|day|C|,celebration,body_and_blood_of_christ,day,,,,,C,,"ps110:1,2,3,4","You are a priest forever, in the line of Melchizedek",reference_conflict,existing_runtime_key,conflict_review_required
2025-06-23,catholic_gallery_douay_archive,catholic_gallery_douay_archive,history:reconciled:2025-06-23:1,NG|temporal|ordinary-time|12|monday||I,temporal,,,ordinary-time,12,monday,,,I,"ps33:12-13,18-19,20,22",Blessed the people the Lord has chosen to be his own.,reference_and_response_match,existing_runtime_key,corroborates_runtime_key
2025-06-24,catholic_gallery_douay_archive,catholic_leaf_archive,history:reconciled:2025-06-24:1,NG|celebration|nativity_of_saint_john_the_baptist|day||,celebration,nativity_of_saint_john_the_baptist,day,,,,,,,"ps139:1b-3,13-14ab,14c-15",I thank you who wonderfully made me.,reference_match_translation_response,existing_runtime_key,corroborates_runtime_key
2025-06-25,catholic_gallery_douay_archive,catholic_gallery_douay_archive,history:reconciled:2025-06-25:1,NG|temporal|ordinary-time|12|wednesday||I,temporal,,,ordinary-time,12,wednesday,,,I,"ps105:1-2,3-4,6-7,8-9",The Lord remembers his covenant for ever.,reference_and_response_match,existing_runtime_key,corroborates_runtime_key
2025-06-26,catholic_gallery_douay_archive,catholic_leaf_archive,history:reconciled:2025-06-26:1,NG|temporal|ordinary-time|12|thursday||I,temporal,,,ordinary-time,12,thursday,,,I,"ps106:1b-2,3-4a,4b-5","O give thanks to the Lord, for he is good.",reference_match_translation_response,existing_runtime_key,corroborates_runtime_key
2025-06-27,catholic_gallery_douay_archive,catholic_leaf_archive,history:reconciled:2025-06-27:1,NG|celebration|most_sacred_heart_of_jesus|day||,celebration,most_sacred_heart_of_jesus,day,,,,,,,"ps23:1-3a,3b-4,5,6",The Lord is my shepherd; there is nothing I shall want.,reference_and_response_match,existing_runtime_key,corroborates_runtime_key
2025-06-28,catholic_gallery_douay_archive,catholic_gallery_douay_archive,history:reconciled:2025-06-28:1,NG|celebration|immaculate_heart_of_mary|day||,celebration,immaculate_heart_of_mary,day,,,,,,,"luke1:46-47,48-49,50,53,54-55",The Lord has remembered his mercy.,reference_and_response_match,existing_runtime_key,corroborates_runtime_key
2025-06-29,catholic_gallery_douay_archive,catholic_leaf_archive,history:reconciled:2025-06-29:1,NG|celebration|saints_peter_and_paul_apostles|day||,celebration,saints_peter_and_paul_apostles,day,,,,,,,"ps34:2-3,4-5,6-7,8-9",From all my terrors he set me free.,reference_match_translation_response,existing_runtime_key,corroborates_runtime_key
2025-06-30,catholic_gallery_douay_archive,catholic_leaf_archive,history:reconciled:2025-06-30:1,NG|temporal|ordinary-time|13|monday||I,temporal,,,ordinary-time,13,monday,,,I,"ps103:1b-2,3-4,8-9,10-11",The Lord is compassionate and gracious,reference_match_translation_response,existing_runtime_key,corroborates_runtime_key
2025-07-01,catholic_gallery_douay_archive,catholic_leaf_archive,history:reconciled:2025-07-01:1,NG|temporal|ordinary-time|13|tuesday||I,temporal,,,ordinary-time,13,tuesday,,,I,"ps26:2-3,9-10,11-12","O Lord, you mercy is before my eyes.",reference_match_translation_response,existing_runtime_key,corroborates_runtime_key
2025-07-02,catholic_gallery_douay_archive,catholic_leaf_archive,history:reconciled:2025-07-02:1,NG|temporal|ordinary-time|13|wednesday||I,temporal,,,ordinary-time,13,wednesday,,,I,"ps34:7-8,10-11,12-13","The lowly one called, and the Lord heard him",reference_match_translation_response,existing_runtime_key,corroborates_runtime_key
2025-07-03,catholic_gallery_douay_archive,catholic_leaf_archive,history:reconciled:2025-07-03:1,NG|celebration|thomas_apostle|day||,celebration,thomas_apostle,day,,,,,,,"ps117:1bc,2",Go into all the world and proclaim the gospel,reference_match_translation_response,existing_runtime_key,corroborates_runtime_key
2025-07-04,catholic_gallery_douay_archive,catholic_leaf_archive,history:reconciled:2025-07-04:1,NG|temporal|ordinary-time|13|friday||I,temporal,,,ordinary-time,13,friday,,,I,"ps106:1b-2,3-4a,4b-5","O give thanks to the Lord, for he is good",reference_match_translation_response,existing_runtime_key,corroborates_runtime_key
2025-07-05,catholic_gallery_douay_archive,catholic_leaf_archive,history:reconciled:2025-07-05:1,NG|temporal|ordinary-time|13|saturday||I,temporal,,,ordinary-time,13,saturday,,,I,"ps135:1b-2,3-4,5-6","Praise the Lord, for the Lord is good.",reference_and_response_match,existing_runtime_key,corroborates_runtime_key
2025-07-06,catholic_gallery_douay_archive,catholic_leaf_archive,history:reconciled:2025-07-06:1,NG|temporal|ordinary-time|14|sunday|C|,temporal,,,ordinary-time,14,sunday,,C,,"ps66:1-3,4-5,6-7,16,20",From all my terrors he set me free.,reference_match_translation_response,existing_runtime_key,corroborates_runtime_key
2025-07-07,catholic_gallery_douay_archive,catholic_leaf_archive,history:reconciled:2025-07-07:1,NG|temporal|ordinary-time|14|monday||I,temporal,,,ordinary-time,14,monday,,,I,"ps91:1-2,3-4,14-15ab","O my God, I trust in you.",reference_match_translation_response,existing_runtime_key,corroborates_runtime_key
2025-07-08,catholic_gallery_douay_archive,catholic_leaf_archive,history:reconciled:2025-07-08:1,NG|temporal|ordinary-time|14|tuesday||I,temporal,,,ordinary-time,14,tuesday,,,I,"ps17:1b,2-3,6-7ab,8b,15",In justice I shall behold your face,reference_match_translation_response,existing_runtime_key,corroborates_runtime_key
2025-07-09,catholic_gallery_douay_archive,catholic_leaf_archive,history:reconciled:2025-07-09:1,NG|temporal|ordinary-time|14|wednesday||I,temporal,,,ordinary-time,14,wednesday,,,I,"ps33:2-3,10-11,18-19","May your merciful love be upon us as we hope in you, O Lord.",reference_match_translation_response,existing_runtime_key,corroborates_runtime_key
2025-07-10,catholic_gallery_douay_archive,catholic_leaf_archive,history:reconciled:2025-07-10:1,NG|temporal|ordinary-time|14|thursday||I,temporal,,,ordinary-time,14,thursday,,,I,"ps105:16-17,18-19,20-21",Remember the wonders the Lord has done.,reference_match_translation_response,existing_runtime_key,corroborates_runtime_key
2025-07-11,catholic_gallery_douay_archive,catholic_leaf_archive,history:reconciled:2025-07-11:1,NG|temporal|ordinary-time|14|friday||I,temporal,,,ordinary-time,14,friday,,,I,"ps37:3-4,18-19,27-28,39-40",From the Lord comes the salvation of the just.,reference_match_translation_response,existing_runtime_key,corroborates_runtime_key
2025-07-12,catholic_gallery_douay_archive,catholic_leaf_archive,history:reconciled:2025-07-12:1,NG|temporal|ordinary-time|14|saturday||I,temporal,,,ordinary-time,14,saturday,,,I,"ps105:1-2,3-4,6-7","You who are poor seek God, and your hearts will revive.",reference_match_translation_response,existing_runtime_key,corroborates_runtime_key
2025-07-13,catholic_gallery_douay_archive,catholic_leaf_archive,history:reconciled:2025-07-13:1,NG|temporal|ordinary-time|15|sunday|C|,temporal,,,ordinary-time,15,sunday,,C,,"ps69:14,17,30-31,33-34,36,37orpsalms19:8,9,10,11","You who are poor, seek God and your hearts will revive",reference_conflict,new_runtime_key,conflict_review_required
2025-07-14,catholic_gallery_douay_archive,catholic_leaf_archive,history:reconciled:2025-07-14:1,NG|temporal|ordinary-time|15|monday||I,temporal,,,ordinary-time,15,monday,,,I,"ps124:1b-3,4-6,7-8",Our help is in the name of the Lord.,same_numbered_verses_reference_variant,existing_runtime_key,corroborates_runtime_key
2025-07-15,catholic_gallery_douay_archive,catholic_leaf_archive,history:reconciled:2025-07-15:1,NG|temporal|ordinary-time|15|tuesday||I,temporal,,,ordinary-time,15,tuesday,,,I,"ps69:3,14,30-31,33-34","You who are poor, seek God and your heart will revive.",reference_match_translation_response,existing_runtime_key,corroborates_runtime_key
2025-07-16,catholic_gallery_douay_archive,catholic_leaf_archive,history:reconciled:2025-07-16:1,NG|temporal|ordinary-time|15|wednesday||I,temporal,,,ordinary-time,15,wednesday,,,I,"ps103:1b-2,3-4,6-7",The Lord is compassionate and gracious.,same_numbered_verses_reference_variant,existing_runtime_key,corroborates_runtime_key
2025-07-17,catholic_gallery_douay_archive,catholic_leaf_archive,history:reconciled:2025-07-17:1,NG|temporal|ordinary-time|15|thursday||I,temporal,,,ordinary-time,15,thursday,,,I,"ps105:1,5,8-9,24-25,26-27",The Lord remembers his covenant forever.,reference_match_translation_response,existing_runtime_key,corroborates_runtime_key
2025-07-18,catholic_gallery_douay_archive,catholic_leaf_archive,history:reconciled:2025-07-18:1,NG|temporal|ordinary-time|15|friday||I,temporal,,,ordinary-time,15,friday,,,I,"ps116:12-13,15,16bc,17-18",The cup of salvation I will raise; I will call on the name of the Lord.,same_numbered_verses_reference_variant,existing_runtime_key,corroborates_runtime_key
2025-07-19,catholic_gallery_douay_archive,catholic_leaf_archive,history:reconciled:2025-07-19:1,NG|temporal|ordinary-time|15|saturday||I,temporal,,,ordinary-time,15,saturday,,,I,"ps136:1,23-24,10-12,13-15",For his mercy endures forever,reference_match_translation_response,existing_runtime_key,corroborates_runtime_key
2025-07-20,catholic_gallery_douay_archive,catholic_leaf_archive,history:reconciled:2025-07-20:1,NG|temporal|ordinary-time|16|sunday|C|,temporal,,,ordinary-time,16,sunday,,C,,"ps15:2-3ab,3cd-4,5","O Lord, who may abide in your tent?",same_numbered_verses_reference_variant,existing_runtime_key,corroborates_runtime_key
2025-07-21,catholic_gallery_douay_archive,catholic_gallery_douay_archive,history:reconciled:2025-07-21:1,NG|temporal|ordinary-time|16|monday||I,temporal,,,ordinary-time,16,monday,,,I,"exodus15:1bc-2,3-4,5-6",Let us sing to the Lord; he has covered himself in glory.,reference_and_response_match,existing_runtime_key,corroborates_runtime_key
2025-07-22,catholic_gallery_douay_archive,catholic_leaf_archive,history:reconciled:2025-07-22:1,NG|celebration|mary_magdalene|day||,celebration,mary_magdalene,day,,,,,,,"ps63:2,3-4,5-6,8-9","For you my soul is thirsting, O Lord, my God.",reference_match_translation_response,existing_runtime_key,corroborates_runtime_key
2025-07-23,catholic_gallery_douay_archive,catholic_leaf_archive,history:reconciled:2025-07-23:1,NG|temporal|ordinary-time|16|wednesday||I,temporal,,,ordinary-time,16,wednesday,,,I,"ps78:18-19,23-24,25-26,27-28",The Lord gave them bread from heaven.,reference_and_response_match,existing_runtime_key,corroborates_runtime_key
2025-07-24,catholic_gallery_douay_archive,catholic_gallery_douay_archive,history:reconciled:2025-07-24:1,NG|temporal|ordinary-time|16|thursday||I,temporal,,,ordinary-time,16,thursday,,,I,"daniel3:52,53,54,55,56",Glory and praise for ever!,reference_and_response_match,existing_runtime_key,corroborates_runtime_key
2025-07-25,catholic_gallery_douay_archive,catholic_leaf_archive,history:reconciled:2025-07-25:1,NG|celebration|james_apostle|day||,celebration,james_apostle,day,,,,,,,"ps126:1bc-2ab,2cd-3,4-5,6",Those who are sowing in tears will sing when they reap.,same_numbered_verses_reference_variant,existing_runtime_key,corroborates_runtime_key
2025-07-26,catholic_gallery_douay_archive,catholic_leaf_archive,history:reconciled:2025-07-26:1,NG|temporal|ordinary-time|16|saturday||I,temporal,,,ordinary-time,16,saturday,,,I,"ps50:1b-2,5-6,14-15",Give your praise as a sacrifice to God,same_numbered_verses_reference_variant,existing_runtime_key,corroborates_runtime_key
2025-07-27,catholic_gallery_douay_archive,catholic_leaf_archive,history:reconciled:2025-07-27:1,NG|temporal|ordinary-time|17|sunday|C|,temporal,,,ordinary-time,17,sunday,,C,,"ps138:1-2,2-3,6-7,7-8","On the day I called, you answered me, O Lord",reference_match_translation_response,existing_runtime_key,corroborates_runtime_key
2025-07-28,catholic_gallery_douay_archive,catholic_leaf_archive,history:reconciled:2025-07-28:1,NG|temporal|ordinary-time|17|monday||I,temporal,,,ordinary-time,17,monday,,,I,"ps106:19-20,21-22,23",O give thanks to the Lord for he is good.,reference_match_translation_response,existing_runtime_key,corroborates_runtime_key
2025-07-29,catholic_gallery_douay_archive,catholic_leaf_archive,history:reconciled:2025-07-29:1,NG|temporal|ordinary-time|17|tuesday||I,temporal,,,ordinary-time,17,tuesday,,,I,"ps103:6-7,8-9,10-11,12-13",The Lord is compassionate and gracious.,reference_match_translation_response,existing_runtime_key,corroborates_runtime_key
2025-07-30,catholic_gallery_douay_archive,catholic_leaf_archive,history:reconciled:2025-07-30:1,NG|temporal|ordinary-time|17|wednesday||I,temporal,,,ordinary-time,17,wednesday,,,I,"ps99:5,6,7,9","You are holy, O Lord our God.",reference_match_translation_response,existing_runtime_key,corroborates_runtime_key
2025-07-31,catholic_gallery_douay_archive,catholic_leaf_archive,history:reconciled:2025-07-31:1,NG|temporal|ordinary-time|17|thursday||I,temporal,,,ordinary-time,17,thursday,,,I,"ps84:3,4,5-6a,8a,11","How lovely is your dwelling place, O Lord of hosts.",reference_match_translation_response,existing_runtime_key,corroborates_runtime_key
2025-08-01,catholic_gallery_douay_archive,catholic_leaf_archive,history:reconciled:2025-08-01:1,NG|temporal|ordinary-time|17|friday||I,temporal,,,ordinary-time,17,friday,,,I,"ps81:3-4,5-6,10-11ab",Sing joyfully to God our strength.,same_numbered_verses_reference_variant,existing_runtime_key,corroborates_runtime_key
2025-08-02,catholic_gallery_douay_archive,catholic_leaf_archive,history:reconciled:2025-08-02:1,NG|temporal|ordinary-time|17|saturday||I,temporal,,,ordinary-time,17,saturday,,,I,"ps67:2-3,5,7-8",Sing joyfully to God our strength.,reference_match_translation_response,existing_runtime_key,corroborates_runtime_key
2025-08-03,catholic_gallery_douay_archive,catholic_leaf_archive,history:reconciled:2025-08-03:1,NG|temporal|ordinary-time|18|sunday|C|,temporal,,,ordinary-time,18,sunday,,C,,"ps90:3-4,5-6,12-13,14,17","O Lord, you have been our refuge, from generation to generation",reference_match_translation_response,existing_runtime_key,corroborates_runtime_key
2025-08-04,catholic_gallery_douay_archive,catholic_leaf_archive,history:reconciled:2025-08-04:1,NG|temporal|ordinary-time|18|monday||I,temporal,,,ordinary-time,18,monday,,,I,"ps81:12-13,14-15,16-17",Sing joyfully to God our strength.,reference_match_translation_response,existing_runtime_key,corroborates_runtime_key
2025-08-05,catholic_gallery_douay_archive,catholic_leaf_archive,history:reconciled:2025-08-05:1,NG|temporal|ordinary-time|18|tuesday||I,temporal,,,ordinary-time,18,tuesday,,,I,"ps51:3-4,5-6ab,6cd-7,12-13","Have mercy, O Lord, for we have sinned.",reference_match_translation_response,existing_runtime_key,corroborates_runtime_key
2025-08-06,catholic_gallery_douay_archive,catholic_leaf_archive,history:reconciled:2025-08-06:1,NG|celebration|transfiguration_of_the_lord|day||,celebration,transfiguration_of_the_lord,day,,,,,,,"ps97:1-2,5-6,9","The Lord is king, most high above all the earth.",reference_match_translation_response,existing_runtime_key,corroborates_runtime_key
2025-08-07,catholic_gallery_douay_archive,catholic_gallery_douay_archive,history:reconciled:2025-08-07:1,NG|temporal|ordinary-time|18|thursday||I,temporal,,,ordinary-time,18,thursday,,,I,"ps95:1-2,6-7,8-9","If today you hear his voice, harden not your hearts.",reference_and_response_match,existing_runtime_key,corroborates_runtime_key
2025-08-08,catholic_gallery_douay_archive,catholic_leaf_archive,history:reconciled:2025-08-08:1,NG|temporal|ordinary-time|18|friday||I,temporal,,,ordinary-time,18,friday,,,I,"ps77:12-13,14-15,16,21",I remember the deeds of the Lord.,reference_and_response_match,existing_runtime_key,corroborates_runtime_key
2025-08-09,catholic_gallery_douay_archive,catholic_leaf_archive,history:reconciled:2025-08-09:1,NG|temporal|ordinary-time|18|saturday||I,temporal,,,ordinary-time,18,saturday,,,I,"ps18:2-3a,3c-4,47,51","I love you, Lord, my strength.",reference_conflict,existing_runtime_key,conflict_review_required
2025-08-10,catholic_gallery_douay_archive,catholic_leaf_archive,history:reconciled:2025-08-10:1,NG|temporal|ordinary-time|19|sunday|C|,temporal,,,ordinary-time,19,sunday,,C,,"ps33:1,12,18-19,20-22",Blessed the people the Lord has chosen as his heritage,reference_match_translation_response,existing_runtime_key,corroborates_runtime_key
2025-08-11,catholic_gallery_douay_archive,catholic_leaf_archive,history:reconciled:2025-08-11:1,NG|temporal|ordinary-time|19|monday||I,temporal,,,ordinary-time,19,monday,,,I,"ps147:12-13,14-15,19-20","O Jerusalem, glorify the Lord!",reference_match_translation_response,existing_runtime_key,corroborates_runtime_key
2025-08-12,catholic_gallery_douay_archive,catholic_gallery_douay_archive,history:reconciled:2025-08-12:1,NG|temporal|ordinary-time|19|tuesday||I,temporal,,,ordinary-time,19,tuesday,,,I,"deuteronomy32:3-4ab,7,8,9,12",The portion of the Lord is his people.,reference_and_response_match,existing_runtime_key,corroborates_runtime_key
2025-08-13,catholic_gallery_douay_archive,catholic_leaf_archive,history:reconciled:2025-08-13:1,NG|temporal|ordinary-time|19|wednesday||I,temporal,,,ordinary-time,19,wednesday,,,I,"ps66:1-3a,5,8,16-17","Blest be God, who gave life to my soul.",reference_conflict,existing_runtime_key,conflict_review_required
2025-08-14,catholic_gallery_douay_archive,catholic_leaf_archive,history:reconciled:2025-08-14:1,NG|temporal|ordinary-time|19|thursday||I,temporal,,,ordinary-time,19,thursday,,,I,"ps114:1-2,3-4,5-6",Alleluia,reference_and_response_match,existing_runtime_key,corroborates_runtime_key
2025-08-15,catholic_gallery_douay_archive,catholic_leaf_archive,history:reconciled:2025-08-15:1,NG|celebration|the_assumption_of_the_blessed_virgin_mary|day||,celebration,the_assumption_of_the_blessed_virgin_mary,day,,,,,,,"ps45:10,11,12,16",On your right stands the queen in gold of Ophir.,reference_match_translation_response,existing_runtime_key,corroborates_runtime_key
2025-08-16,catholic_gallery_douay_archive,catholic_leaf_archive,history:reconciled:2025-08-16:1,NG|temporal|ordinary-time|19|saturday||I,temporal,,,ordinary-time,19,saturday,,,I,"ps16:1-2a,5,7-8,11","It is you, O Lord, who are my portion.",reference_match_translation_response,existing_runtime_key,corroborates_runtime_key
2025-08-17,catholic_gallery_douay_archive,catholic_leaf_archive,history:reconciled:2025-08-17:1,NG|temporal|ordinary-time|20|sunday|C|,temporal,,,ordinary-time,20,sunday,,C,,"ps40:2,3,4,18","Lord, make haste to help me!",reference_match_translation_response,existing_runtime_key,corroborates_runtime_key
2025-08-18,catholic_gallery_douay_archive,catholic_leaf_archive,history:reconciled:2025-08-18:1,NG|temporal|ordinary-time|20|monday||I,temporal,,,ordinary-time,20,monday,,,I,"ps106:34-35,36-37,39-40,43ab,44","O Lord, remember us with the favour you show to your people.",reference_match_translation_response,existing_runtime_key,corroborates_runtime_key
2025-08-19,catholic_gallery_douay_archive,catholic_leaf_archive,history:reconciled:2025-08-19:1,NG|temporal|ordinary-time|20|tuesday||I,temporal,,,ordinary-time,20,tuesday,,,I,"ps85:9,11-12,13-14",The Lord speaks of peace for his people.,reference_match_translation_response,existing_runtime_key,corroborates_runtime_key
2025-08-20,catholic_gallery_douay_archive,catholic_leaf_archive,history:reconciled:2025-08-20:1,NG|temporal|ordinary-time|20|wednesday||I,temporal,,,ordinary-time,20,wednesday,,,I,"ps21:2-3,4-5,6-7","In your strength, O Lord, the king rejoices.",reference_match_translation_response,existing_runtime_key,corroborates_runtime_key
2025-08-21,catholic_gallery_douay_archive,catholic_leaf_archive,history:reconciled:2025-08-21:1,NG|temporal|ordinary-time|20|thursday||I,temporal,,,ordinary-time,20,thursday,,,I,"ps40:5,7-8a,8b-9,10","See, I have come, Lord, to do your will",reference_match_translation_response,existing_runtime_key,corroborates_runtime_key
2025-08-22,catholic_gallery_douay_archive,catholic_leaf_archive,history:reconciled:2025-08-22:1,NG|temporal|ordinary-time|20|friday||I,temporal,,,ordinary-time,20,friday,,,I,"ps146:5-6ab,6c-7,8-9a,9bc-10","My soul, give praise to the Lord!",reference_match_translation_response,existing_runtime_key,corroborates_runtime_key
2025-08-23,catholic_gallery_douay_archive,catholic_leaf_archive,history:reconciled:2025-08-23:1,NG|temporal|ordinary-time|20|saturday||I,temporal,,,ordinary-time,20,saturday,,,I,"ps128:1b-2,3,4,5",Indeed thus shall be blessed the man who fears the Lord.,same_numbered_verses_reference_variant,existing_runtime_key,corroborates_runtime_key
2025-08-24,catholic_gallery_douay_archive,catholic_leaf_archive,history:reconciled:2025-08-24:1,NG|temporal|ordinary-time|21|sunday|C|,temporal,,,ordinary-time,21,sunday,,C,,"ps117:1,2",Go into all the world and proclaim the gospel.,reference_match_translation_response,existing_runtime_key,corroborates_runtime_key
2025-08-25,catholic_gallery_douay_archive,catholic_gallery_douay_archive,history:reconciled:2025-08-25:1,NG|temporal|ordinary-time|21|monday||I,temporal,,,ordinary-time,21,monday,,,I,"ps149:1b-2,3-4,5-6a,9b",The Lord takes delight in his people.,reference_and_response_match,existing_runtime_key,corroborates_runtime_key
2025-08-26,catholic_gallery_douay_archive,catholic_leaf_archive,history:reconciled:2025-08-26:1,NG|temporal|ordinary-time|21|tuesday||I,temporal,,,ordinary-time,21,tuesday,,,I,"ps139:1-3,4-6","O Lord, you search me and you know me.",reference_match_translation_response,existing_runtime_key,corroborates_runtime_key
2025-08-27,catholic_gallery_douay_archive,catholic_leaf_archive,history:reconciled:2025-08-27:1,NG|temporal|ordinary-time|21|wednesday||I,temporal,,,ordinary-time,21,wednesday,,,I,"ps139:7-8,9-10,11-12ab","O Lord, you search me and you know me.",reference_match_translation_response,existing_runtime_key,corroborates_runtime_key
2025-08-28,catholic_gallery_douay_archive,catholic_leaf_archive,history:reconciled:2025-08-28:1,NG|temporal|ordinary-time|21|thursday||I,temporal,,,ordinary-time,21,thursday,,,I,"ps90:3-5a,12-13,14,17","Fill us with your merciful love, O Lord, and we shall exult",reference_match_translation_response,existing_runtime_key,corroborates_runtime_key
2025-08-29,catholic_gallery_douay_archive,catholic_leaf_archive,history:reconciled:2025-08-29:1,NG|celebration|passion_of_john_the_baptist|day||,celebration,passion_of_john_the_baptist,day,,,,,,,"ps97:1,2b,5-6,10,11-12","My mouth will tell of your salvation, Lord",reference_conflict,existing_runtime_key,conflict_review_required
2025-08-30,catholic_gallery_douay_archive,catholic_leaf_archive,history:reconciled:2025-08-30:1,NG|temporal|ordinary-time|21|saturday||I,temporal,,,ordinary-time,21,saturday,,,I,"ps98:1,7-8,9",The Lord comes to judge the people with fairness,reference_match_translation_response,existing_runtime_key,corroborates_runtime_key
2025-08-31,catholic_gallery_douay_archive,catholic_leaf_archive,history:reconciled:2025-08-31:1,NG|temporal|ordinary-time|22|sunday|C|,temporal,,,ordinary-time,22,sunday,,C,,"ps68:4-5,6-7,10-11","In your goodness, O God, you provided for the poor.",reference_match_translation_response,existing_runtime_key,corroborates_runtime_key
2025-09-01,catholic_gallery_douay_archive,catholic_leaf_archive,history:reconciled:2025-09-01:1,NG|temporal|ordinary-time|22|monday||I,temporal,,,ordinary-time,22,monday,,,I,"ps96:1,3,4-5,11-12,13",The Lord comes to judge the earth,reference_and_response_match,existing_runtime_key,corroborates_runtime_key
2025-09-02,catholic_gallery_douay_archive,catholic_leaf_archive,history:reconciled:2025-09-02:1,NG|temporal|ordinary-time|22|tuesday||I,temporal,,,ordinary-time,22,tuesday,,,I,"ps27:1,4,13-14",I believe I shall see the Lord’s goodness in the land of the living.,reference_match_translation_response,existing_runtime_key,corroborates_runtime_key
2025-09-03,catholic_gallery_douay_archive,catholic_leaf_archive,history:reconciled:2025-09-03:1,NG|temporal|ordinary-time|22|wednesday||I,temporal,,,ordinary-time,22,wednesday,,,I,"ps52:10,11","I trust in the mercy of God, forever and ever.",reference_match_translation_response,existing_runtime_key,corroborates_runtime_key
2025-09-04,catholic_gallery_douay_archive,catholic_leaf_archive,history:reconciled:2025-09-04:1,NG|temporal|ordinary-time|22|thursday||I,temporal,,,ordinary-time,22,thursday,,,I,"ps98:2-3ab,3cd-4,5-6",The Lord has made known his salvation.,reference_and_response_match,existing_runtime_key,corroborates_runtime_key
2025-09-05,catholic_gallery_douay_archive,catholic_leaf_archive,history:reconciled:2025-09-05:1,NG|temporal|ordinary-time|22|friday||I,temporal,,,ordinary-time,22,friday,,,I,"ps100:1b-2,3,4,5","Come before the Lord, singing for joy",reference_match_translation_response,existing_runtime_key,corroborates_runtime_key
2025-09-06,catholic_gallery_douay_archive,catholic_leaf_archive,history:reconciled:2025-09-06:1,NG|temporal|ordinary-time|22|saturday||I,temporal,,,ordinary-time,22,saturday,,,I,"ps54:3-4,6,8","See, I have God for my help.",reference_match_translation_response,existing_runtime_key,corroborates_runtime_key
2025-09-07,catholic_gallery_douay_archive,catholic_leaf_archive,history:reconciled:2025-09-07:1,NG|temporal|ordinary-time|23|sunday|C|,temporal,,,ordinary-time,23,sunday,,C,,"ps90:3-4,5-6,12-13,14,17","O Lord, you have been our refuge, from generation to generation.",reference_match_translation_response,existing_runtime_key,corroborates_runtime_key
2025-09-08,catholic_gallery_douay_archive,catholic_leaf_archive,history:reconciled:2025-09-08:1,NG|celebration|nativity_of_blessed_virgin_mary|day||,celebration,nativity_of_blessed_virgin_mary,day,,,,,,,"ps13:6ab,6c",I will greatly rejoice in the Lord.,reference_conflict,existing_runtime_key,conflict_review_required
2025-09-09,catholic_gallery_douay_archive,catholic_leaf_archive,history:reconciled:2025-09-09:1,NG|temporal|ordinary-time|23|tuesday||I,temporal,,,ordinary-time,23,tuesday,,,I,"ps145:1b-2,8-9,10-11",How good is the Lord to all.,same_numbered_verses_reference_variant,existing_runtime_key,corroborates_runtime_key
2025-09-10,catholic_gallery_douay_archive,catholic_leaf_archive,history:reconciled:2025-09-10:1,NG|temporal|ordinary-time|23|wednesday||I,temporal,,,ordinary-time,23,wednesday,,,I,"ps145:2-3,10-11,12-13ab",How good is the Lord to all.,reference_match_translation_response,existing_runtime_key,corroborates_runtime_key
2025-09-11,catholic_gallery_douay_archive,catholic_leaf_archive,history:reconciled:2025-09-11:1,NG|temporal|ordinary-time|23|thursday||I,temporal,,,ordinary-time,23,thursday,,,I,"ps150:1b-2,3-4,5-6",Let everything that breathes praise the Lord!,reference_and_response_match,existing_runtime_key,corroborates_runtime_key
2025-09-12,catholic_gallery_douay_archive,catholic_leaf_archive,history:reconciled:2025-09-12:1,NG|temporal|ordinary-time|23|friday||I,temporal,,,ordinary-time,23,friday,,,I,"ps16:1b-2a,5,7-8,11","It is you, O Lord, who are my portion.",same_numbered_verses_reference_variant,existing_runtime_key,corroborates_runtime_key
2025-09-13,catholic_gallery_douay_archive,catholic_leaf_archive,history:reconciled:2025-09-13:1,NG|temporal|ordinary-time|23|saturday||I,temporal,,,ordinary-time,23,saturday,,,I,"ps113:1b-2,3-4,5a,6-7",May the name of the Lord be blest for evermore.,same_numbered_verses_reference_variant,existing_runtime_key,corroborates_runtime_key
2025-09-14,catholic_gallery_douay_archive,catholic_leaf_archive,history:reconciled:2025-09-14:1,NG|celebration|exaltation_of_holy_cross|day||,celebration,exaltation_of_holy_cross,day,,,,,,,"ps78:1bc-2,34-35,36-37,38",Never forget the deeds of the Lord,reference_match_translation_response,existing_runtime_key,corroborates_runtime_key
2025-09-15,catholic_gallery_douay_archive,catholic_leaf_archive,history:reconciled:2025-09-15:1,NG|temporal|ordinary-time|24|monday||I,temporal,,,ordinary-time,24,monday,,,I,"ps28:2,7,8-9","Blest be the Lord, for he has heard the sound of my appeal.",reference_match_translation_response,existing_runtime_key,corroborates_runtime_key
2025-09-16,catholic_gallery_douay_archive,catholic_leaf_archive,history:reconciled:2025-09-16:1,NG|temporal|ordinary-time|24|tuesday||I,temporal,,,ordinary-time,24,tuesday,,,I,"ps101:1b-2ab,2cd-3ab,5,6",I will walk with blameless heart.,same_numbered_verses_reference_variant,existing_runtime_key,corroborates_runtime_key
2025-09-17,catholic_gallery_douay_archive,catholic_leaf_archive,history:reconciled:2025-09-17:1,NG|temporal|ordinary-time|24|wednesday||I,temporal,,,ordinary-time,24,wednesday,,,I,"ps111:1-2,3-4,5-6",Great are the works of the Lord.,same_numbered_verses_reference_variant,existing_runtime_key,corroborates_runtime_key
2025-09-18,catholic_gallery_douay_archive,catholic_leaf_archive,history:reconciled:2025-09-18:1,NG|temporal|ordinary-time|24|thursday||I,temporal,,,ordinary-time,24,thursday,,,I,"ps111:7-8,9,10",Great are the works of the Lord.,reference_match_translation_response,existing_runtime_key,corroborates_runtime_key
2025-09-19,catholic_gallery_douay_archive,catholic_leaf_archive,history:reconciled:2025-09-19:1,NG|temporal|ordinary-time|24|friday||I,temporal,,,ordinary-time,24,friday,,,I,"ps49:6-7,8-10,17-18,19-20","Blessed are the poor in spirit, for theirs is the kingdom of heaven.",reference_match_translation_response,existing_runtime_key,corroborates_runtime_key
2025-09-20,catholic_gallery_douay_archive,catholic_leaf_archive,history:reconciled:2025-09-20:1,NG|temporal|ordinary-time|24|saturday||I,temporal,,,ordinary-time,24,saturday,,,I,"ps100:1b-2,3,4,5","Come before the Lord, Singing for Joy.",reference_match_translation_response,existing_runtime_key,corroborates_runtime_key
2025-09-21,catholic_gallery_douay_archive,catholic_leaf_archive,history:reconciled:2025-09-21:1,NG|temporal|ordinary-time|25|sunday|C|,temporal,,,ordinary-time,25,sunday,,C,,"ps113:1-2,4-6,7-8","Praise the Lord, who raises the poor from the dust",reference_match_translation_response,existing_runtime_key,corroborates_runtime_key
2025-09-22,catholic_gallery_douay_archive,catholic_leaf_archive,history:reconciled:2025-09-22:1,NG|temporal|ordinary-time|25|monday||I,temporal,,,ordinary-time,25,monday,,,I,"ps126:1b-2ab,2cd-3,4-5,6",What great deeds the Lord worked for us!,same_numbered_verses_reference_variant,existing_runtime_key,corroborates_runtime_key
2025-09-23,catholic_gallery_douay_archive,catholic_leaf_archive,history:reconciled:2025-09-23:1,NG|temporal|ordinary-time|25|tuesday||I,temporal,,,ordinary-time,25,tuesday,,,I,"ps122:1-2,3-4ab,4cd-5",Let us go rejoicing to the house of the Lord.,reference_and_response_match,existing_runtime_key,corroborates_runtime_key
2025-09-24,catholic_gallery_douay_archive,catholic_gallery_douay_archive,history:reconciled:2025-09-24:1,NG|temporal|ordinary-time|25|wednesday||I,temporal,,,ordinary-time,25,wednesday,,,I,"tobit13:2,3-4a,6,8","Blessed be God, who lives for ever.",reference_and_response_match,existing_runtime_key,corroborates_runtime_key
2025-09-25,catholic_gallery_douay_archive,catholic_leaf_archive,history:reconciled:2025-09-25:1,NG|temporal|ordinary-time|25|thursday||I,temporal,,,ordinary-time,25,thursday,,,I,"ps149:1b-2,3-4,5-6a,9b",The Lord takes delight in his people.,reference_and_response_match,existing_runtime_key,corroborates_runtime_key
2025-09-26,catholic_gallery_douay_archive,catholic_leaf_archive,history:reconciled:2025-09-26:1,NG|temporal|ordinary-time|25|friday||I,temporal,,,ordinary-time,25,friday,,,I,"ps43:1,2,3,4","Hope in God; I will praise him yet again, my saving presence and my God",reference_match_translation_response,existing_runtime_key,corroborates_runtime_key
2025-09-27,catholic_gallery_douay_archive,catholic_gallery_douay_archive,history:reconciled:2025-09-27:1,NG|temporal|ordinary-time|25|saturday||I,temporal,,,ordinary-time,25,saturday,,,I,"jeremiah31:10,11-12ab,13",The Lord will guard us as a shepherd guards his flock.,reference_and_response_match,existing_runtime_key,corroborates_runtime_key
2025-09-28,catholic_gallery_douay_archive,catholic_leaf_archive,history:reconciled:2025-09-28:1,NG|temporal|ordinary-time|26|sunday|C|,temporal,,,ordinary-time,26,sunday,,C,,"ps146:7,8-9,9-10","Come, Lord and save us",reference_match_translation_response,existing_runtime_key,corroborates_runtime_key
2025-09-29,catholic_gallery_douay_archive,catholic_leaf_archive,history:reconciled:2025-09-29:1,NG|celebration|michael_gabriel_raphael_archangels|day||,celebration,michael_gabriel_raphael_archangels,day,,,,,,,"ps138:1-2ab,2cde-3,4-5","In the presence of the angels I praise you, O Lord.",same_numbered_verses_reference_variant,existing_runtime_key,corroborates_runtime_key
2025-09-30,catholic_gallery_douay_archive,catholic_leaf_archive,history:reconciled:2025-09-30:1,NG|temporal|ordinary-time|26|tuesday||I,temporal,,,ordinary-time,26,tuesday,,,I,"ps87:1b-3,4-5,6-7",God is with us.,same_numbered_verses_reference_variant,existing_runtime_key,corroborates_runtime_key
2025-10-01,catholic_gallery_douay_archive,catholic_leaf_archive,history:reconciled:2025-10-01:1,NG|celebration|our_lady_queen_of_nigeria|day||,celebration,our_lady_queen_of_nigeria,day,,,,,,,"ps137:1-2,3,4-5,6",O let my tongue cleave to my palate if I remember you not,reference_match_translation_response,existing_runtime_key,corroborates_runtime_key
2025-10-02,catholic_gallery_douay_archive,catholic_leaf_archive,history:reconciled:2025-10-02:1,NG|celebration|guardian_angels|day||,celebration,guardian_angels,day,,,,,,,"ps19:8,9,10,11",The precepts of the Lord are right; they gladden the heart.,reference_match_translation_response,existing_runtime_key,corroborates_runtime_key
2025-10-03,catholic_gallery_douay_archive,catholic_leaf_archive,history:reconciled:2025-10-03:1,NG|temporal|ordinary-time|26|friday||I,temporal,,,ordinary-time,26,friday,,,I,"ps79:1b-2,3-5,8,9","For the sake of the glory of your name, free us O Lord.",same_numbered_verses_reference_variant,existing_runtime_key,corroborates_runtime_key
2025-10-04,catholic_gallery_douay_archive,catholic_leaf_archive,history:reconciled:2025-10-04:1,NG|temporal|ordinary-time|26|saturday||I,temporal,,,ordinary-time,26,saturday,,,I,"ps69:33-35,36-37",The Lord listens to the needy.,reference_match_translation_response,existing_runtime_key,corroborates_runtime_key
2025-10-05,catholic_gallery_douay_archive,catholic_leaf_archive,history:reconciled:2025-10-05:1,NG|temporal|ordinary-time|27|sunday|C|,temporal,,,ordinary-time,27,sunday,,C,,"ps95:1-2,6-7,8-9",O that today you would listen to his voice! Harden not your hearts,reference_match_translation_response,existing_runtime_key,corroborates_runtime_key
2025-10-06,catholic_gallery_douay_archive,catholic_gallery_douay_archive,history:reconciled:2025-10-06:1,NG|temporal|ordinary-time|27|monday||I,temporal,,,ordinary-time,27,monday,,,I,"jonah2:3,4,5,8","You will rescue my life from the pit, O Lord.",reference_and_response_match,existing_runtime_key,corroborates_runtime_key
2025-10-07,catholic_gallery_douay_archive,catholic_leaf_archive,history:reconciled:2025-10-07:1,NG|temporal|ordinary-time|27|tuesday||I,temporal,,,ordinary-time,27,tuesday,,,I,"ps130:1b-2,3-4ab,7-8","If you, O Lord, should mark iniquities, Lord, who could stand?",same_numbered_verses_reference_variant,existing_runtime_key,corroborates_runtime_key
2025-10-08,catholic_gallery_douay_archive,catholic_leaf_archive,history:reconciled:2025-10-08:1,NG|temporal|ordinary-time|27|wednesday||I,temporal,,,ordinary-time,27,wednesday,,,I,"ps86:3-4,5-6,9-10","You are slow to anger, O Lord, and abundant in mercy.",reference_match_translation_response,existing_runtime_key,corroborates_runtime_key
2025-10-09,catholic_gallery_douay_archive,catholic_leaf_archive,history:reconciled:2025-10-09:1,NG|temporal|ordinary-time|27|thursday||I,temporal,,,ordinary-time,27,thursday,,,I,"ps1:1-2,3,4,6",Blessed the man who has placed his trust in the Lord.,reference_match_translation_response,existing_runtime_key,corroborates_runtime_key
2025-10-10,catholic_gallery_douay_archive,catholic_leaf_archive,history:reconciled:2025-10-10:1,NG|temporal|ordinary-time|27|friday||I,temporal,,,ordinary-time,27,friday,,,I,"ps9:2-3,6,16,8-9",The Lord will judge the world with justice,reference_and_response_match,existing_runtime_key,corroborates_runtime_key
2025-10-11,catholic_gallery_douay_archive,catholic_leaf_archive,history:reconciled:2025-10-11:1,NG|temporal|ordinary-time|27|saturday||I,temporal,,,ordinary-time,27,saturday,,,I,"ps97:1-2,5-6,11-12","Rejoice in the Lord, you just.",reference_and_response_match,existing_runtime_key,corroborates_runtime_key
2025-10-12,catholic_gallery_douay_archive,catholic_leaf_archive,history:reconciled:2025-10-12:1,NG|temporal|ordinary-time|28|sunday|C|,temporal,,,ordinary-time,28,sunday,,C,,"ps98:1,2-3ab,3c-4",The Lord has revealed to the nations his saving power,same_numbered_verses_reference_variant,existing_runtime_key,corroborates_runtime_key
2025-10-13,catholic_gallery_douay_archive,catholic_leaf_archive,history:reconciled:2025-10-13:1,NG|temporal|ordinary-time|28|monday||I,temporal,,,ordinary-time,28,monday,,,I,"ps98:1,2-3ab,3cd-4",The Lord has made known his salvation.,reference_and_response_match,existing_runtime_key,corroborates_runtime_key
2025-10-14,catholic_gallery_douay_archive,catholic_leaf_archive,history:reconciled:2025-10-14:1,NG|temporal|ordinary-time|28|tuesday||I,temporal,,,ordinary-time,28,tuesday,,,I,"ps19:2-3,4-5",The heavens declare the glory of God.,reference_match_translation_response,existing_runtime_key,corroborates_runtime_key
2025-10-15,catholic_gallery_douay_archive,catholic_leaf_archive,history:reconciled:2025-10-15:1,NG|temporal|ordinary-time|28|wednesday||I,temporal,,,ordinary-time,28,wednesday,,,I,"ps62:2-3,6-7,9","O Lord, you repay each man according to his deeds",reference_match_translation_response,existing_runtime_key,corroborates_runtime_key
2025-10-16,catholic_gallery_douay_archive,catholic_leaf_archive,history:reconciled:2025-10-16:1,NG|temporal|ordinary-time|28|thursday||I,temporal,,,ordinary-time,28,thursday,,,I,"ps130:1b-2,3-4,5-6ab","For with the Lord there is mercy, in him is plentiful redemption.",same_numbered_verses_reference_variant,existing_runtime_key,corroborates_runtime_key
2025-10-17,catholic_gallery_douay_archive,catholic_leaf_archive,history:reconciled:2025-10-17:1,NG|temporal|ordinary-time|28|friday||I,temporal,,,ordinary-time,28,friday,,,I,"ps32:1b-2,5,11",You are a hiding place for me; you surround me with cries of deliverance,same_numbered_verses_reference_variant,existing_runtime_key,corroborates_runtime_key
2025-10-18,catholic_gallery_douay_archive,catholic_leaf_archive,history:reconciled:2025-10-18:1,NG|temporal|ordinary-time|28|saturday||I,temporal,,,ordinary-time,28,saturday,,,I,"ps145:10-11,12-13,17-18","Your saints, O Lord, make known the glory of your reign.",same_numbered_verses_reference_variant,existing_runtime_key,corroborates_runtime_key
2025-10-19,catholic_gallery_douay_archive,catholic_leaf_archive,history:reconciled:2025-10-19:1,NG|temporal|ordinary-time|29|sunday|C|,temporal,,,ordinary-time,29,sunday,,C,,"ps121:1-2,3-4,5-6,7-8","Our help comes from the Lord, who made heaven and earth",reference_match_translation_response,existing_runtime_key,corroborates_runtime_key
2025-10-20,catholic_gallery_douay_archive,catholic_gallery_douay_archive,history:reconciled:2025-10-20:1,NG|temporal|ordinary-time|29|monday||I,temporal,,,ordinary-time,29,monday,,,I,"luke1:69-70,71-72,73-75","Blessed be the Lord, the God of Israel; he has come to his people.",reference_and_response_match,existing_runtime_key,corroborates_runtime_key
2025-10-21,catholic_gallery_douay_archive,catholic_leaf_archive,history:reconciled:2025-10-21:1,NG|temporal|ordinary-time|29|tuesday||I,temporal,,,ordinary-time,29,tuesday,,,I,"ps40:7-8a,8b-9,10,17","See, I have come, Lord, to do your will.",reference_match_translation_response,existing_runtime_key,corroborates_runtime_key
2025-10-22,catholic_gallery_douay_archive,catholic_leaf_archive,history:reconciled:2025-10-22:1,NG|temporal|ordinary-time|29|wednesday||I,temporal,,,ordinary-time,29,wednesday,,,I,"ps124:1b-3,4-6,7-8",Our help is in the name of the Lord.,same_numbered_verses_reference_variant,existing_runtime_key,corroborates_runtime_key
2025-10-23,catholic_gallery_douay_archive,catholic_leaf_archive,history:reconciled:2025-10-23:1,NG|temporal|ordinary-time|29|thursday||I,temporal,,,ordinary-time,29,thursday,,,I,"ps1:1-2,3,4,6",Blessed the man who has placed his trust in the Lord.,reference_match_translation_response,existing_runtime_key,corroborates_runtime_key
2025-10-24,catholic_gallery_douay_archive,catholic_leaf_archive,history:reconciled:2025-10-24:1,NG|temporal|ordinary-time|29|friday||I,temporal,,,ordinary-time,29,friday,,,I,"ps119:66,68,76,77,93,94","Teach me your statutes, O Lord.",reference_match_translation_response,existing_runtime_key,corroborates_runtime_key
2025-10-25,catholic_gallery_douay_archive,catholic_leaf_archive,history:reconciled:2025-10-25:1,NG|temporal|ordinary-time|29|saturday||I,temporal,,,ordinary-time,29,saturday,,,I,"ps24:1b-2,3-4ab,5-6","These are the people who seek your face, O Lord.",reference_match_translation_response,existing_runtime_key,corroborates_runtime_key
2025-10-26,catholic_gallery_douay_archive,catholic_leaf_archive,history:reconciled:2025-10-26:1,NG|temporal|ordinary-time|30|sunday|C|,temporal,,,ordinary-time,30,sunday,,C,,"ps34:2-3,17-18,19,23","The lowly one called, and the Lord heard him",reference_match_translation_response,existing_runtime_key,corroborates_runtime_key
2025-10-27,catholic_gallery_douay_archive,catholic_leaf_archive,history:reconciled:2025-10-27:1,NG|temporal|ordinary-time|30|monday||I,temporal,,,ordinary-time,30,monday,,,I,"ps68:2,4,6-7ab,20-21",This God of ours is a God who saves.,reference_match_translation_response,existing_runtime_key,corroborates_runtime_key
2025-10-28,catholic_gallery_douay_archive,catholic_leaf_archive,history:reconciled:2025-10-28:1,NG|celebration|simon_and_jude_apostles|day||,celebration,simon_and_jude_apostles,day,,,,,,,"ps19:2-3,4-5",Their sound goes forth through all the earth.,reference_match_translation_response,existing_runtime_key,corroborates_runtime_key
2025-10-29,catholic_gallery_douay_archive,catholic_leaf_archive,history:reconciled:2025-10-29:1,NG|temporal|ordinary-time|30|wednesday||I,temporal,,,ordinary-time,30,wednesday,,,I,"ps13:4-5,6","I trust in your merciful love, O Lord.",reference_conflict,existing_runtime_key,conflict_review_required
2025-10-30,catholic_gallery_douay_archive,catholic_leaf_archive,history:reconciled:2025-10-30:1,NG|temporal|ordinary-time|30|thursday||I,temporal,,,ordinary-time,30,thursday,,,I,"ps109:21-22,26-27,30-31","Save me, Lord, with your merciful love.",reference_match_translation_response,existing_runtime_key,corroborates_runtime_key
2025-10-31,catholic_gallery_douay_archive,catholic_leaf_archive,history:reconciled:2025-10-31:1,NG|temporal|ordinary-time|30|friday||I,temporal,,,ordinary-time,30,friday,,,I,"ps147:12-13,14-15,19-20","Save me, Lord, with your merciful love.",reference_match_translation_response,existing_runtime_key,corroborates_runtime_key
2025-11-01,catholic_gallery_douay_archive,catholic_leaf_archive,history:reconciled:2025-11-01:1,NG|celebration|all_saints|day||,celebration,all_saints,day,,,,,,,"ps24:1b-2,3-4ab,5-6","These are the people who seek your face, O Lord.",same_numbered_verses_reference_variant,existing_runtime_key,corroborates_runtime_key
2025-11-02,catholic_gallery_douay_archive,catholic_leaf_archive,history:reconciled:2025-11-02:1,NG|celebration|all_souls|day||,celebration,all_souls,day,,,,,,,"ps23:1-3a,3b-4,5,6",The Lord is my shepherd; there is nothing I shall want.,same_numbered_verses_reference_variant,existing_runtime_key,corroborates_runtime_key
2025-11-03,catholic_gallery_douay_archive,catholic_leaf_archive,history:reconciled:2025-11-03:1,NG|temporal|ordinary-time|31|monday||I,temporal,,,ordinary-time,31,monday,,,I,"ps69:30-31,33-34,36","In your great mercy, answer me, O Lord.",reference_conflict,existing_runtime_key,conflict_review_required
2025-11-04,catholic_gallery_douay_archive,catholic_leaf_archive,history:reconciled:2025-11-04:1,NG|temporal|ordinary-time|31|tuesday||I,temporal,,,ordinary-time,31,tuesday,,,I,"ps131:1bcde,2,3","Keep my soul in peace at your side, O Lord",same_numbered_verses_reference_variant,existing_runtime_key,corroborates_runtime_key
2025-11-05,catholic_gallery_douay_archive,catholic_leaf_archive,history:reconciled:2025-11-05:1,NG|temporal|ordinary-time|31|wednesday||I,temporal,,,ordinary-time,31,wednesday,,,I,"ps112:1b-2,4-5,9",It goes well for the man who deals generously and lends.,reference_match_translation_response,existing_runtime_key,corroborates_runtime_key
2025-11-06,catholic_gallery_douay_archive,catholic_leaf_archive,history:reconciled:2025-11-06:1,NG|temporal|ordinary-time|31|thursday||I,temporal,,,ordinary-time,31,thursday,,,I,"ps27:1bcde,4,13-14",I believe I shall see the Lord’s goodness in the land of the living,reference_match_translation_response,existing_runtime_key,corroborates_runtime_key
2025-11-07,catholic_gallery_douay_archive,catholic_leaf_archive,history:reconciled:2025-11-07:1,NG|temporal|ordinary-time|31|friday||I,temporal,,,ordinary-time,31,friday,,,I,"ps98:1,2-3ab,3cd-4",The Lord has shown his deliverance to the nations,reference_match_translation_response,existing_runtime_key,corroborates_runtime_key
2025-11-08,catholic_gallery_douay_archive,catholic_leaf_archive,history:reconciled:2025-11-08:1,NG|temporal|ordinary-time|31|saturday||I,temporal,,,ordinary-time,31,saturday,,,I,"ps145:2-3,4-5,10-11","I will bless your name forever, my king and my God.",reference_match_translation_response,existing_runtime_key,corroborates_runtime_key
2025-11-09,catholic_gallery_douay_archive,catholic_leaf_archive,history:reconciled:2025-11-09:1,NG|temporal|ordinary-time|32|sunday|C|,temporal,,,ordinary-time,32,sunday,,C,,"ps46:2-3,5-6,8-9","The waters of a river give joy to God’s city, the holy place, the dwelling of the Most High.",reference_match_translation_response,existing_runtime_key,corroborates_runtime_key
2025-11-10,catholic_gallery_douay_archive,catholic_leaf_archive,history:reconciled:2025-11-10:1,NG|temporal|ordinary-time|32|monday||I,temporal,,,ordinary-time,32,monday,,,I,"ps139:1b-3,4-6,7-8,9-10","Lead me, Lord, in the way everlasting.",same_numbered_verses_reference_variant,existing_runtime_key,corroborates_runtime_key
2025-11-11,catholic_gallery_douay_archive,catholic_leaf_archive,history:reconciled:2025-11-11:1,NG|temporal|ordinary-time|32|tuesday||I,temporal,,,ordinary-time,32,tuesday,,,I,"ps34:2-3,16-17,18-19",I will bless the Lord at all times.,reference_and_response_match,existing_runtime_key,corroborates_runtime_key
2025-11-12,catholic_gallery_douay_archive,catholic_leaf_archive,history:reconciled:2025-11-12:1,NG|temporal|ordinary-time|32|wednesday||I,temporal,,,ordinary-time,32,wednesday,,,I,"ps82:3-4,6-7","Arise, O God; judge the earth!",reference_match_translation_response,existing_runtime_key,corroborates_runtime_key
2025-11-13,catholic_gallery_douay_archive,catholic_leaf_archive,history:reconciled:2025-11-13:1,NG|temporal|ordinary-time|32|thursday||I,temporal,,,ordinary-time,32,thursday,,,I,"ps119:89,90,91,130,135,175","Forever is your word, O Lord.",reference_match_translation_response,existing_runtime_key,corroborates_runtime_key
2025-11-14,catholic_gallery_douay_archive,catholic_leaf_archive,history:reconciled:2025-11-14:1,NG|temporal|ordinary-time|32|friday||I,temporal,,,ordinary-time,32,friday,,,I,"ps19:2-3,4-5ab",The heavens declare the glory of God.,same_numbered_verses_reference_variant,existing_runtime_key,corroborates_runtime_key
2025-11-15,catholic_gallery_douay_archive,catholic_leaf_archive,history:reconciled:2025-11-15:1,NG|temporal|ordinary-time|32|saturday||I,temporal,,,ordinary-time,32,saturday,,,I,"ps105:2-3,36-37,42-43",Remember the wonders the Lord has done.,reference_match_translation_response,existing_runtime_key,corroborates_runtime_key
2025-11-16,catholic_gallery_douay_archive,catholic_leaf_archive,history:reconciled:2025-11-16:1,NG|temporal|ordinary-time|33|sunday|C|,temporal,,,ordinary-time,33,sunday,,C,,"ps98:5-6,7-8,9",The Lord comes to judge the peoples with fairness.,same_numbered_verses_reference_variant,existing_runtime_key,corroborates_runtime_key
2025-11-17,catholic_gallery_douay_archive,catholic_leaf_archive,history:reconciled:2025-11-17:1,NG|temporal|ordinary-time|33|monday||I,temporal,,,ordinary-time,33,monday,,,I,"ps119:53,61,134,150,155,158","Give me life, O Lord, and I will keep your commands.",reference_match_translation_response,existing_runtime_key,corroborates_runtime_key
2025-11-18,catholic_gallery_douay_archive,catholic_leaf_archive,history:reconciled:2025-11-18:1,NG|temporal|ordinary-time|33|tuesday||I,temporal,,,ordinary-time,33,tuesday,,,I,"ps3:2-3,4-5,6-7",The Lord upholds me.,reference_and_response_match,existing_runtime_key,corroborates_runtime_key
2025-11-19,catholic_gallery_douay_archive,catholic_leaf_archive,history:reconciled:2025-11-19:1,NG|temporal|ordinary-time|33|wednesday||I,temporal,,,ordinary-time,33,wednesday,,,I,"ps17:1bcd,5-6,8b,15","When I awake, O Lord, I shall be filled with the vision of your presence.",same_numbered_verses_reference_variant,existing_runtime_key,corroborates_runtime_key
2025-11-20,catholic_gallery_douay_archive,catholic_leaf_archive,history:reconciled:2025-11-20:1,NG|temporal|ordinary-time|33|thursday||I,temporal,,,ordinary-time,33,thursday,,,I,"ps50:1b-2,5-6,14-15","To one whose way is blameless, I will show the salvation of God.",same_numbered_verses_reference_variant,existing_runtime_key,corroborates_runtime_key
2025-11-21,catholic_gallery_douay_archive,catholic_gallery_douay_archive,history:reconciled:2025-11-21:1,NG|temporal|ordinary-time|33|friday||I,temporal,,,ordinary-time,33,friday,,,I,"firstchronicles29:10bcd,11abc,11d-12a,12bcd","We praise your glorious name, O mighty God.",reference_and_response_match,existing_runtime_key,corroborates_runtime_key
2025-11-22,catholic_gallery_douay_archive,catholic_leaf_archive,history:reconciled:2025-11-22:1,NG|temporal|ordinary-time|33|saturday||I,temporal,,,ordinary-time,33,saturday,,,I,"ps9:2-3,4,6,16,19","I will rejoice in your salvation, O Lord.",reference_and_response_match,existing_runtime_key,corroborates_runtime_key
2025-11-23,catholic_gallery_douay_archive,catholic_leaf_archive,history:reconciled:2025-11-23:1,NG|celebration|christ_the_king|day|C|,celebration,christ_the_king,day,,,,,C,,"ps122:1-2,3-4ab,4cd-5",Let us go rejoicing to the house of the Lord.,same_numbered_verses_reference_variant,existing_runtime_key,corroborates_runtime_key
2025-11-24,catholic_gallery_douay_archive,catholic_gallery_douay_archive,history:reconciled:2025-11-24:1,NG|temporal|ordinary-time|34|monday||I,temporal,,,ordinary-time,34,monday,,,I,"daniel3:52,53,54,55,56",Glory and praise for ever!,reference_and_response_match,existing_runtime_key,corroborates_runtime_key
2025-11-25,catholic_gallery_douay_archive,catholic_gallery_douay_archive,history:reconciled:2025-11-25:1,NG|temporal|ordinary-time|34|tuesday||I,temporal,,,ordinary-time,34,tuesday,,,I,"daniel3:57,58,59,60,61",Give glory and eternal praise to him.,reference_and_response_match,existing_runtime_key,corroborates_runtime_key
2025-11-26,catholic_gallery_douay_archive,catholic_gallery_douay_archive,history:reconciled:2025-11-26:1,NG|temporal|ordinary-time|34|wednesday||I,temporal,,,ordinary-time,34,wednesday,,,I,"daniel3:62,63,64,65,66,67",Give glory and eternal praise to him.,reference_and_response_match,existing_runtime_key,corroborates_runtime_key
2025-11-27,catholic_gallery_douay_archive,catholic_gallery_douay_archive,history:reconciled:2025-11-27:1,NG|temporal|ordinary-time|34|thursday||I,temporal,,,ordinary-time,34,thursday,,,I,"daniel3:68,69,70,71,72,73,74",Give glory and eternal praise to him.,reference_and_response_match,existing_runtime_key,corroborates_runtime_key
2025-11-28,catholic_gallery_douay_archive,catholic_gallery_douay_archive,history:reconciled:2025-11-28:1,NG|temporal|ordinary-time|34|friday||I,temporal,,,ordinary-time,34,friday,,,I,"daniel3:75,76,77,78,79,80,81",Give glory and eternal praise to him!,reference_and_response_match,existing_runtime_key,corroborates_runtime_key
2025-11-29,catholic_gallery_douay_archive,catholic_gallery_douay_archive,history:reconciled:2025-11-29:1,NG|temporal|ordinary-time|34|saturday||I,temporal,,,ordinary-time,34,saturday,,,I,"daniel3:82,83,84,85,86,87",Give glory and eternal praise to him.,reference_and_response_match,existing_runtime_key,corroborates_runtime_key
2025-11-30,catholic_gallery_douay_archive,catholic_leaf_archive,history:reconciled:2025-11-30:1,NG|temporal|advent|1|sunday|A|,temporal,,,advent,1,sunday,,A,,"ps122:1-2,3-4ab,4cd-5,6-7,8-9",We shall go rejoicing to the house of the Lord,same_numbered_verses_reference_variant,existing_runtime_key,corroborates_runtime_key
