source_date,source_id,source_edition,source_url,reference_raw,reference_normalized,response_text,stanzas_text
2024-01-01,catholic_gallery_douay_archive,Douay-Rheims dated Mass-reading archive,https://www.catholicgallery.org/mass-reading/010124/,"Psalms 67: 2-3, 5, 6, 8","ps67:2-3,5,6,8",May God bless us in his mercy.,"2 May God have mercy on us, and bless us: may he cause the light of his countenance to shine upon us, and may he have mercy on us.
3 That we may know thy way upon earth: thy salvation in all nations.
5 Let the nations be glad and rejoice: for thou judgest the people with justice, and directest the nations upon earth.
6 Let the people, O God, confess to thee: let all the people give praise to thee:
8 May God bless us: and all the ends of the earth fear him."
2024-01-01,catholic_leaf_archive,dated Catholic lectionary response archive,https://www.catholicleaf.com/catholic-mass-readings-and-reflection-january-01-2024/,"Psalm 67:2-3, 5, 6 and 8 (R. 2a)","ps67:2-3,5,6,8(r.2a)","O God, be gracious and bless us.",
2024-01-02,catholic_gallery_douay_archive,Douay-Rheims dated Mass-reading archive,https://www.catholicgallery.org/mass-reading/020124/,"Psalms 98: 1, 2-3ab, 3cd-4","ps98:1,2-3ab,3cd-4",All the ends of the earth have seen the saving power of God.,"1 Sing ye to the Lord anew canticle: because he hath done wonderful things. His right hand hath wrought for him salvation, and his arm is holy.
2 The Lord hath made known his salvation: he hath revealed his justice in the sight of the Gentiles.
3ab He hath remembered his mercy his truth toward the house of Israel.
3cd All the ends of the earth have seen the salvation of our God.
4 Sing joyfully to God, all the earth; make melody, rejoice and sing."
2024-01-02,catholic_leaf_archive,dated Catholic lectionary response archive,https://www.catholicleaf.com/catholic-mass-readings-and-reflection-january-02-2024/,"Psalm 98:1, 2-3ab, 3cd-4 (R. 3cd)","ps98:1,2-3ab,3cd-4(r.3cd)",All the ends of the earth have seen the salvation of our God.,
2024-01-03,catholic_gallery_douay_archive,Douay-Rheims dated Mass-reading archive,https://www.catholicgallery.org/mass-reading/030124/,"Psalms 98: 1, 3cd-4, 5-6","ps98:1,3cd-4,5-6",All the ends of the earth have seen the saving power of God.,"1 Sing ye to the Lord anew canticle: because he hath done wonderful things. His right hand hath wrought for him salvation, and his arm is holy.
3cd All the ends of the earth have seen the salvation of our God.
4 Sing joyfully to God, all the earth; make melody, rejoice and sing.
5 Sing praise to the Lord on the harp, on the harp, and with the voice of a psalm:
6 With long trumpets, and sound of comet. Make a joyful noise before the Lord our king:"
2024-01-03,catholic_leaf_archive,dated Catholic lectionary response archive,https://www.catholicleaf.com/catholic-mass-readings-and-reflection-january-03-2024/,"Psalm 98:1, 3cd-4, 5-6 (R. 3cd)","ps98:1,3cd-4,5-6(r.3cd)",All the ends of the earth have seen the salvation of our God.,
2024-01-04,catholic_gallery_douay_archive,Douay-Rheims dated Mass-reading archive,https://www.catholicgallery.org/mass-reading/040124/,"Psalms 98: 1, 7-8, 9","ps98:1,7-8,9",All the ends of the earth have seen the saving power of God.,"1 Sing ye to the Lord anew canticle: because he hath done wonderful things. His right hand hath wrought for him salvation, and his arm is holy.
7 Let the sea be moved and the fulness thereof: the world and they that dwell therein.
8 The rivers shall clap their hands, the mountains shall rejoice together
9 At the presence of the Lord: because he cometh to judge the earth. He shall judge the world with justice, and the people with equity."
2024-01-04,catholic_leaf_archive,dated Catholic lectionary response archive,https://www.catholicleaf.com/catholic-mass-readings-and-reflection-january-04-2024/,"Psalm 98:1, 7-9ab, 9cd (R. 3cd)","ps98:1,7-9ab,9cd(r.3cd)",All the ends of the earth have seen the salvation of our God.,
2024-01-05,catholic_gallery_douay_archive,Douay-Rheims dated Mass-reading archive,https://www.catholicgallery.org/mass-reading/050124/,"Psalms 100: 1b-2, 3, 4, 5","ps100:1b-2,3,4,5",Let all the earth cry out to God with joy.,"1b-2 Sing joyfully to God, all the earth: serve ye the Lord with gladness. Come in before his presence with exceeding great joy.
3 Know ye that the Lord he is God: he made us, and not we ourselves. We are his people and the sheep of his pasture.
4 Go ye into his gates with praise, into his courts with hymns: and give glory to him. Praise ye his name:
5 For the Lord is sweet, his mercy endureth for ever, and his truth to generation and generation."
2024-01-05,catholic_leaf_archive,dated Catholic lectionary response archive,https://www.catholicleaf.com/catholic-mass-readings-and-reflection-january-05-2024/,"Psalm 100:1-2, 3, 4, 5 (R. 1)","ps100:1-2,3,4,5(r.1)","Cry out with joy to the Lord, all the earth.",
2024-01-06,catholic_gallery_douay_archive,Douay-Rheims dated Mass-reading archive,https://www.catholicgallery.org/mass-reading/060124/,"Psalms 147: 12-13, 14-15, 19-20","ps147:12-13,14-15,19-20","Praise the Lord, Jerusalem.","or
12 Praise the Lord, O Jerusalem: praise thy God, O Sion.
13 Because he hath strengthened the bolts of thy gates, he hath blessed thy children within thee.
or
14 Who hath placed peace in thy borders: and filleth thee with the fat of corn.
15 Who sendeth forth his speech to the earth: his word runneth swiftly.
or
19 Who declareth his word to Jacob: his justices and his judgments to Israel.
20 He hath not done in like manner to every nation: and his judgments he hath not made manifest to them. Alleluia.
or"
2024-01-06,catholic_leaf_archive,dated Catholic lectionary response archive,https://www.catholicleaf.com/catholic-mass-readings-and-reflection-january-06-2024/,"Psalm 147:12-13, 14-15, 19-20 (R. 12a)","ps147:12-13,14-15,19-20(r.12a)","O Jerusalem, glorify the Lord! or Alleluia.",
2024-01-07,catholic_gallery_douay_archive,Douay-Rheims dated Mass-reading archive,https://www.catholicgallery.org/mass-reading/070124/,"Psalms 72: 1-2, 7-8, 10-11, 12-13","ps72:1-2,7-8,10-11,12-13","Lord, every nation on earth will adore you.","1-2 Give to the king thy judgment, O God: and to the king’s son thy justice: To judge thy people with justice, and thy poor with judgment.
7 In his days shall justice spring up, and abundance of peace, till the moon be taken sway.
8 And he shall rule from sea to sea, and from the river unto the ends of the earth.
10 The kings of Tharsis and the islands shall offer presents: the kings of the Arabians and of Saba shall bring gifts:
11 And all kings of the earth shall adore him: all nations shall serve him.
12 For he shall deliver the poor from the mighty: and the needy that had no helper.
13 He shall spare the poor and needy: and he shall save the souls of the poor."
2024-01-07,catholic_leaf_archive,dated Catholic lectionary response archive,https://www.catholicleaf.com/mass-readings-and-reflection-january-07-2024/,"Psalm 72:1-2, 7-8, 10-11, 12-13 (R. See 11)","ps72:1-2,7-8,10-11,12-13(r.11)","All nations on the earth shall fall prostrate before you, O Lord.",
2024-01-08,catholic_gallery_douay_archive,Douay-Rheims dated Mass-reading archive,https://www.catholicgallery.org/mass-reading/080124/,"Isaiah 12: 2-3, 4bcd, 5-6","isaiah12:2-3,4bcd,5-6",You will draw water joyfully from the springs of salvation.,"2 Behold, God is my saviour, I will deal confidently, and will not fear: O because the Lord is my strength, and my praise, and he is become my salvation.
3 You shall draw waters with joy out of the saviour’s fountains:
4bcd Praise ye the Lord, and call upon his name: make his works known among the people: remember that his name is high.
5 Sing ye to the Lord, for he hath done great things: shew this forth in all the earth.
6 Rejoice, and praise, O thou habitation of Sion: for great is he that is in the midst of thee, the Holy One of Israel."
2024-01-09,catholic_gallery_douay_archive,Douay-Rheims dated Mass-reading archive,https://www.catholicgallery.org/mass-reading/090124/,"First Samuel 2: 1, 4-5, 6-7, 8abcd","firstsamuel2:1,4-5,6-7,8abcd","My heart exults in the Lord, my Savior.","1 My heart hath rejoiced in the Lord, and my horn is exalted in my God: my mouth is enlarged over my enemies: because I have joyed in thy salvation.
4 The bow of the mighty is overcome, and the weak are girt with strength.
5 They that were full before have hired out themselves for bread: and the hungry are filled, so that the barren hath borne many: and she that had many children is weakened.
6 The Lord killeth and maketh alive, he bringeth down to hell and bringeth back again.
7 The Lord maketh poor and maketh rich, he humbleth and he exalteth.
8abcd He raiseth up the needy from the dust, and lifteth up the poor from the dunghill: that he may sit with princes, and hold the throne of glory."
2024-01-10,catholic_gallery_douay_archive,Douay-Rheims dated Mass-reading archive,https://www.catholicgallery.org/mass-reading/100124/,"Psalms 40: 2 and 5, 7-8a, 8b-9, 10","ps40:2,5,7-8a,8b-9,10","Here am I, Lord; I come to do your will.","2 With expectation I have waited for the Lord, and he was attentive to me.
5 Blessed is the man whose trust is in the name of the Lord; and who hath not had regard to vanities, and lying follies.
7 Sacrifice and oblation thou didst not desire; but thou hast pierced ears for me. Burnt offering and sin offering thou didst not require:
8a Then said I, Behold I come.
8b In the head of the book it is written of me
9 That I should do thy will: O my God, I have desired it, and thy law in the midst of my heart.
10 I have declared thy justice in a great church, lo, I will not restrain my lips: O Lord, thou knowest it."
2024-01-10,catholic_leaf_archive,dated Catholic lectionary response archive,https://www.catholicleaf.com/catholic-mass-readings-and-reflection-january-10-2024/,"Psalm 40:2 and 5, 7-8a, 8b-9, 10 (R. see 8a, 9a)","ps40:2,5,7-8a,8b-9,10(r.8a,9a)","See, I have come, Lord, to do your will",
2024-01-11,catholic_gallery_douay_archive,Douay-Rheims dated Mass-reading archive,https://www.catholicgallery.org/mass-reading/110124/,"Psalms 44: 10-11, 14-15, 24-25","ps44:10-11,14-15,24-25","Redeem us, Lord, because of your mercy.","10 But now thou hast cast us off, and put us to shame: and thou, O God, wilt not go out with our armies.
11 Thou hast made us turn our back to our enemies: and they that hated us plundered for themselves.
14 Thou hast made us a reproach to our neighbours, a scoff and derision to them that are round about us.
15 Thou hast made us a byword among the Gentiles: a shaking of the head among the people.
24-25 Why turnest thou face away? and forgettest our want and our trouble? For our soul is humbled down to the dust: our belly cleaveth to the earth."
2024-01-11,catholic_leaf_archive,dated Catholic lectionary response archive,https://www.catholicleaf.com/catholic-mass-readings-and-reflection-january-11-2024/,"Psalm 44:10-11, 14-15, 24-25 (R. 27b)","ps44:10-11,14-15,24-25(r.27b)","Redeem us, O Lord, with your merciful love!",
2024-01-12,catholic_gallery_douay_archive,Douay-Rheims dated Mass-reading archive,https://www.catholicgallery.org/mass-reading/120124/,"Psalms 89: 16-17, 18-19","ps89:16-17,18-19",For ever I will sing the goodness of the Lord.,"16 Blessed is the people that knoweth jubilation. They shall walk, O Lord, in the light of thy countenance:
17 And in thy name they shall rejoice all the day, and in thy justice they shall be exalted.
18 For thou art the glory of their strength: and in thy good pleasure shall our horn be exalted.
19 For our protection is of the Lord, and of our king the holy one of Israel."
2024-01-12,catholic_leaf_archive,dated Catholic lectionary response archive,https://www.catholicleaf.com/mass-readings-and-reflection-january-12-2024/,"Psalm 89:16-17, 18-19 (R. 2a)","ps89:16-17,18-19(r.2a)","I will sing forever of your mercies, O Lord.",
2024-01-13,catholic_gallery_douay_archive,Douay-Rheims dated Mass-reading archive,https://www.catholicgallery.org/mass-reading/130124/,"Psalms 21: 2-3, 4-5, 6-7","ps21:2-3,4-5,6-7","Lord, in your strength the king is glad.","2 In thy strength, O Lord, the king shall joy; and in thy salvation he shall rejoice exceedingly.
3 Thou hast given him his heart’s desire: and hast not withholden from him the will of his lips.
4 For thou hast prevented him with blessings of sweetness: thou hast set on his head a crown of precious stones.
5 He asked life of thee: and thou hast given him length of days for ever and ever.
6 His glory is great in thy salvation: glory and great beauty shalt thou lay upon him.
7 For thou shalt give him to be a blessing for ever and ever: thou shalt make him joyful in gladness with thy countenance."
2024-01-13,catholic_leaf_archive,dated Catholic lectionary response archive,https://www.catholicleaf.com/catholic-mass-readings-and-reflection-january-13-2024/,"Psalm 21:2-3, 4-5, 6-7 (R. 2a)","ps21:2-3,4-5,6-7(r.2a)","In your strength, O Lord, the king rejoices.",
2024-01-14,catholic_gallery_douay_archive,Douay-Rheims dated Mass-reading archive,https://www.catholicgallery.org/mass-reading/140124/,"Psalms 40: 2, 4ab, 7-8a, 8b-9, 10","ps40:2,4ab,7-8a,8b-9,10","Here am I, Lord; I come to do your will.","2 With expectation I have waited for the Lord, and he was attentive to me.
4ab And he put a new canticle into my mouth, a song to our God.
7 Sacrifice and oblation thou didst not desire; but thou hast pierced ears for me. Burnt offering and sin offering thou didst not require:
8a Then said I, Behold I come.
8b In the head of the book it is written of me
9 That I should do thy will: O my God, I have desired it, and thy law in the midst of my heart.
10 I have declared thy justice in a great church, lo, I will not restrain my lips: O Lord, thou knowest it."
2024-01-14,catholic_leaf_archive,dated Catholic lectionary response archive,https://www.catholicleaf.com/mass-readings-and-reflection-january-14-2024/,"Psalm 40:2 and 4ab, 7-8a, 8b-9, 10 (R. 8a and 9a)","ps40:2,4ab,7-8a,8b-9,10(r.8a,9a)","See, I have come, Lord, to do your will",
2024-01-15,catholic_gallery_douay_archive,Douay-Rheims dated Mass-reading archive,https://www.catholicgallery.org/mass-reading/150124/,"Psalms 50: 8-9, 16bc-17, 21 and 23","ps50:8-9,16bc-17,21,23",To the upright I will show the saving power of God.,"8 I will not reprove thee for thy sacrifices: and thy burnt offerings are always in my sight.
9 I will not take calves out of thy house: nor he goats out of thy flocks.
16bc Why dost thou declare my justices, and take my covenant in thy mouth?
17 Seeing thou hast hated discipline: and hast cast my words behind thee.
21 These things hast thou done, and I was silent. Thou thoughtest unjustly that I should be like to thee: but I will reprove thee, and set before thy face.
23 The sacrifice of praise shall glorify me: and there is the way by which I will shew him the salvation of God."
2024-01-15,catholic_leaf_archive,dated Catholic lectionary response archive,https://www.catholicleaf.com/catholic-mass-readings-and-reflection-january-14-2024/,"Psalm 50:8-9, 16bc-17, 21 and 23 (R. 23bc)","ps50:8-9,16bc-17,21,23(r.23bc)","To one whose way is blameless, I will show the salvation of God.",
2024-01-16,catholic_gallery_douay_archive,Douay-Rheims dated Mass-reading archive,https://www.catholicgallery.org/mass-reading/160124/,"Psalms 89: 20, 21-22, 27-28","ps89:20,21-22,27-28","I have found David, my servant.","20 Then thou spokest in a vision to thy saints, and saidst: I have laid help upon one that is mighty, and have exalted one chosen out of my people.
21 I have found David my servant: with my holy oil I have anointed him.
22 For my hand shall help him: and my arm shall strengthen him.
27 He shall cry out to me: Thou art my father: my God, and the support of my salvation.
28 And I will make him my firstborn, high above the kings of the earth."
2024-01-16,catholic_leaf_archive,dated Catholic lectionary response archive,https://www.catholicleaf.com/mass-readings-and-reflection-january-16-2024/,"Psalm 89:20, 21-22, 27-28 (R. 21a)","ps89:20,21-22,27-28(r.21a)",I have found my servant David,
2024-01-17,catholic_gallery_douay_archive,Douay-Rheims dated Mass-reading archive,https://www.catholicgallery.org/mass-reading/170124/,"Psalms 144: 1b, 2, 9-10","ps144:1b,2,9-10","Blessed be the Lord, my Rock!","1 Blessed be the Lord my God, who teacheth my hands to fight, and my fingers to war.
2 My mercy, and my refuge: my support, and my deliverer: My protector, and I have hoped in him: who subdueth my people under me.
9 To thee, O God, I will sing a new canticle: on the psaltery and an instrument of ten strings I will sing praises to thee.
10 Who givest salvation to kings: who hast redeemed thy servant David from the malicious sword."
2024-01-17,catholic_leaf_archive,dated Catholic lectionary response archive,https://www.catholicleaf.com/mass-readings-and-reflection-january-17-2024/,"Psalm 144:1, 2, 9-10 (R. 1a)","ps144:1,2,9-10(r.1a)","Blest be the Lord, my rock.",
2024-01-18,catholic_gallery_douay_archive,Douay-Rheims dated Mass-reading archive,https://www.catholicgallery.org/mass-reading/180124/,"Psalms 56: 2-3, 9-10a, 10b-12, 13-14","ps56:2-3,9-10a,10b-12,13-14",In God I trust; I shall not fear.,"2 Have mercy on me, O God, for man hath trodden me under foot; all the day long he hath afflicted me fighting against me.
3 My enemies have trodden on me all the day long; for they are many that make war against me.
9 I have declared to thee my life: thou hast set my tears in thy sight, As also in thy promise.
10a Then shall my enemies be turned back. In what day soever I shall call upon thee.
10b Behold I know thou art my God.
11 In God will I praise the word, in the Lord will I praise his speech.
12 In God have I hoped, I will not fear what man can do to me.
13 In me, O God, are vows to thee, which I will pay, praises to thee:
14 Because thou hast delivered my soul from death, my feet from falling: that I may please in the sight of God, in the light of the living."
2024-01-18,catholic_leaf_archive,dated Catholic lectionary response archive,https://www.catholicleaf.com/mass-readings-and-reflection-january-18-2024/,"Psalm 56:2-3, 9-10ab, 10c-11, 12-13 (R. 5b)","ps56:2-3,9-10ab,10c-11,12-13(r.5b)",In God I trust; I shall not fear.,
2024-01-19,catholic_gallery_douay_archive,Douay-Rheims dated Mass-reading archive,https://www.catholicgallery.org/mass-reading/190124/,"Psalms 57: 2, 3-4, 6 and 11","ps57:2,3-4,6,11","Have mercy on me, God, have mercy.","2 Have mercy on me, O God, have mercy on me: for my soul trusteth in thee. And in the shadow of thy wings will I hope, until iniquity pass away.
3 I will cry to God the most High; to God who hath done good to me.
4 He hath sent from heaven and delivered me: he hath made them a reproach that trod upon me. God hath sent his mercy and his truth,
6 Be thou exalted, O God, above the heavens, and thy glory above all the earth.
11 For thy mercy is magnified even to the heavens: and thy truth unto the clouds."
2024-01-19,catholic_leaf_archive,dated Catholic lectionary response archive,https://www.catholicleaf.com/mass-readings-and-reflection-january-19-2024/,"Psalm 57:2, 3-4, 6 and 11 (R. 2a)","ps57:2,3-4,6,11(r.2a)","Have mercy on me, God, have mercy.",
2024-01-20,catholic_gallery_douay_archive,Douay-Rheims dated Mass-reading archive,https://www.catholicgallery.org/mass-reading/200124/,"Psalms 80: 2-3, 5-7","ps80:2-3,5-7","Let us see your face, Lord, and we shall be saved.","2 Give ear, O thou that rulest Israel: thou that leadest Joseph like a sheep. Thou that sittest upon the cherubims, shine forth
3 Before Ephraim, Benjamin, and Manasses. Stir up thy might, and come to save us.
5 O Lord God of hosts, how long wilt thou be angry against the prayer of thy servant?
6 How long wilt thou feed us with the bread of tears: and give us for our drink tears in measure?
7 Thou hast made us to be a contradiction to our neighbours: and our enemies have scoffed at us."
2024-01-20,catholic_leaf_archive,dated Catholic lectionary response archive,https://www.catholicleaf.com/mass-readings-and-reflection-january-20-2024/,"Psalm 57:2, 3-4, 6 and 11 (R. 2a)","ps57:2,3-4,6,11(r.2a)","Let your face shine on us, Lord, and we shall be saved.",
2024-01-21,catholic_gallery_douay_archive,Douay-Rheims dated Mass-reading archive,https://www.catholicgallery.org/mass-reading/210124/,"Psalms 25: 4-5, 6-7, 8-9","ps25:4-5,6-7,8-9","Teach me your ways, O Lord.","4 Let all them be confounded that act unjust things without cause. shew, O Lord, thy ways to me, and teach me thy paths.
5 Direct me in thy truth, and teach me; for thou art God my Saviour; and on thee have I waited all the day long.
6 Remember, O Lord, thy bowels of compassion; and thy mercies that are from the beginning of the world.
7 The sins of my youth and my ignorances do not remember. According to thy mercy remember thou me: for thy goodness’ sake, O Lord.
8 The Lord is sweet and righteous: therefore he will give a law to sinners in the way.
9 He will guide the mild in judgment: he will teach the meek his ways."
2024-01-21,catholic_leaf_archive,dated Catholic lectionary response archive,https://www.catholicleaf.com/mass-readings-and-reflection-january-21-2024/,"Psalm 25:4-5ab, 6 and 7bc, 8-9 (R. 4a)","ps25:4-5ab,6,7bc,8-9(r.4a)","O Lord, make me know your ways.",
2024-01-22,catholic_gallery_douay_archive,Douay-Rheims dated Mass-reading archive,https://www.catholicgallery.org/mass-reading/220124/,"Psalms 89: 20, 21-22, 25-26","ps89:20,21-22,25-26",My faithfulness and my mercy shall be with him.,"20 Then thou spokest in a vision to thy saints, and saidst: I have laid help upon one that is mighty, and have exalted one chosen out of my people.
21 I have found David my servant: with my holy oil I have anointed him.
22 For my hand shall help him: and my arm shall strengthen him.
25 And my truth and my mercy shall be with him: and in my name shall his horn be exalted.
26 And I will set his hand in the sea; and his right hand in the rivers."
2024-01-22,catholic_leaf_archive,dated Catholic lectionary response archive,https://www.catholicleaf.com/mass-readings-and-reflection-january-22-2024/,"Psalm 89:20, 21-22, 25-26 (R. 25a)","ps89:20,21-22,25-26(r.25a)",My mercy and my faithfulness shall be with him.,
2024-01-23,catholic_gallery_douay_archive,Douay-Rheims dated Mass-reading archive,https://www.catholicgallery.org/mass-reading/230124/,"Psalms 24: 7, 8, 9, 10","ps24:7,8,9,10",Who is this king of glory? It is the Lord!,"7 Lift up your gates, O ye princes, and be ye lifted up, O eternal gates: and the King of Glory shall enter in.
8 Who is this King of Glory? the Lord who is strong and mighty: the Lord mighty in battle.
9 Lift up your gates, O ye princes, and be ye lifted up, O eternal gates: and the King of Glory shall enter in.
10 Who is this King of Glory? the Lord of hosts, he is the King of Glory."
2024-01-23,catholic_leaf_archive,dated Catholic lectionary response archive,https://www.catholicleaf.com/mass-readings-and-reflection-january-23-2024/,"Psalm 24:7, 8, 9, 10 (R. see 8ab)","ps24:7,8,9,10(r.8ab)",Who is the king of glory? It is the Lord!,
2024-01-24,catholic_gallery_douay_archive,Douay-Rheims dated Mass-reading archive,https://www.catholicgallery.org/mass-reading/240124/,"Psalms 89: 4-5, 27-28, 29-30","ps89:4-5,27-28,29-30",For ever I will maintain my love for my servant.,"4 I have made a covenant with my elect: I have sworn to David my servant:
5 Thy seed will I settle for ever. And I will build up thy throne unto generation and generation.
27 He shall cry out to me: Thou art my father: my God, and the support of my salvation.
28 And I will make him my firstborn, high above the kings of the earth.
29 I will keep my mercy for him for ever: and my covenant faithful to him.
30 And I will make his seed to endure for evermore: and his throne as the days of heaven."
2024-01-24,catholic_leaf_archive,dated Catholic lectionary response archive,https://www.catholicleaf.com/mass-readings-and-reflection-january-24-2024/,"Psalm 89:4-5, 27-28, 29-30 (R. see 29a)","ps89:4-5,27-28,29-30(r.29a)",I will keep my faithful love for him always.,
2024-01-25,catholic_gallery_douay_archive,Douay-Rheims dated Mass-reading archive,https://www.catholicgallery.org/mass-reading/250124/,"Psalms 117: 1bc, 2","ps117:1bc,2","Go out to all the world, and tell the Good News.","or
1bc O praise the Lord, all ye nations: praise him, all ye people.
or
2 For his mercy is confirmed upon us: and the truth of the Lord remaineth for ever.
or"
2024-01-25,catholic_leaf_archive,dated Catholic lectionary response archive,https://www.catholicleaf.com/mass-readings-and-reflection-january-25-2024/,"Psalm 117:1, 2 (R. Mark 16:15)","ps117:1,2(r.mark16:15)",Go into all the world and proclaim the gospel.,
2024-01-26,catholic_gallery_douay_archive,Douay-Rheims dated Mass-reading archive,https://www.catholicgallery.org/mass-reading/260124/,"Psalms 96: 1-2a, 2b-3, 7-8a, 10","ps96:1-2a,2b-3,7-8a,10",Proclaim God’s marvelous deeds to all the nations.,"1 Sing ye to the Lord a new canticle: sing to the Lord, all the earth.
2a Sing ye to the Lord and bless his name.
2b Shew forth his salvation from day to day.
3 Declare his glory among the Gentiles: his wonders among all people.
7 Bring ye to the Lord, O ye kindreds of the Gentiles, bring ye to the Lord glory and honour:
8a Bring to the Lord glory unto his name.
10 Say ye among the Gentiles, the Lord hath reigned. For he hath corrected the world, which shall not be moved: he will judge the people with justice."
2024-01-26,catholic_leaf_archive,dated Catholic lectionary response archive,https://www.catholicleaf.com/mass-readings-and-reflection-january-26-2024/,"Psalm 96:1-2a, 2b-3, 7-8a, 10 (R. see 3)","ps96:1-2a,2b-3,7-8a,10(r.3)",Tell among all the peoples the wonders of the Lord.,
2024-01-27,catholic_gallery_douay_archive,Douay-Rheims dated Mass-reading archive,https://www.catholicgallery.org/mass-reading/270124/,"Psalms 51: 12-13, 14-15, 16-17","ps51:12-13,14-15,16-17","Create a clean heart in me, O God.","12 Create a clean heart in me, O God: and renew a right spirit within my bowels.
13 Cast me not away from thy face; and take not thy holy spirit from me.
14 Restore unto me the joy of thy salvation, and strengthen me with a perfect spirit.
15 I will teach the unjust thy ways: and the wicked shall be converted to thee.
16 Deliver me from blood, O God, thou God of my salvation: and my tongue shall extol thy justice.
17 O Lord, thou wilt open my lips: and my mouth shall declare thy praise."
2024-01-27,catholic_leaf_archive,dated Catholic lectionary response archive,https://www.catholicleaf.com/mass-readings-and-reflection-january-27-2024/,"Psalm 51:12-13, 14-15, 16-17 (R. 12a)","ps51:12-13,14-15,16-17(r.12a)","Create a pure heart for me, O God.",
2024-01-28,catholic_gallery_douay_archive,Douay-Rheims dated Mass-reading archive,https://www.catholicgallery.org/mass-reading/280124/,"Psalms 95: 1-2, 6-7, 8-9","ps95:1-2,6-7,8-9","If today you hear his voice, harden not your hearts.","1 Come let us praise the Lord with joy: let us joyfully sing to God our saviour.
2 Let us come before his presence with thanksgiving; and make a joyful noise to him with psalms.
6 Come let us adore and fall down: and weep before the Lord that made us.
7 For he is the Lord our God: and we are the people of his pasture and the sheep of his hand.
8 Today if you shall hear his voice, harden not your hearts:
9 As in the provocation, according to the day of temptation in the wilderness: where your fathers tempted me, they proved me, and saw my works."
2024-01-28,catholic_leaf_archive,dated Catholic lectionary response archive,https://www.catholicleaf.com/mass-readings-and-reflection-january-28-2024/,"Psalm 95:1-2, 6-7abc, 7d-9 (R. see 7d, 8a)","ps95:1-2,6-7abc,7d-9(r.7d,8a)",O that today you would listen to his voice! Harden not your hearts.,
2024-01-29,catholic_gallery_douay_archive,Douay-Rheims dated Mass-reading archive,https://www.catholicgallery.org/mass-reading/290124/,"Psalms 3: 2-3, 4-5, 6-7","ps3:2-3,4-5,6-7","Lord, rise up and save me.","2 Why, O Lord, are they multiplied that afflict me? many are they who rise up against me.
3 Many say to my soul: There is no salvation for him in his God.
4 But thou, O Lord art my protector, my glory, and the lifter up of my head.
5 I have cried to the Lord with my voice: and he hath heard me from his holy hill.
6 I have slept and taken my rest: and I have risen up, because the Lord hath protected me.
7 I will not fear thousands of the people, surrounding me: arise, O Lord; save me, O my God."
2024-01-29,catholic_leaf_archive,dated Catholic lectionary response archive,https://www.catholicleaf.com/mass-readings-and-reflection-january-29-2024/,"Psalm 3:2-3, 4-5, 6-7 (R. 7c)","ps3:2-3,4-5,6-7(r.7c)","Arise, Lord, save me.",
2024-01-30,catholic_gallery_douay_archive,Douay-Rheims dated Mass-reading archive,https://www.catholicgallery.org/mass-reading/300124/,"Psalms 86: 1-2, 3-4, 5-6","ps86:1-2,3-4,5-6","91a Listen, Lord, and answer me.","1 Incline thy ear, O Lord, and hear me: for I am needy and poor.
2 Preserve my soul, for I am holy: save thy servant, O my God, that trusteth in thee.
3 Have mercy on me, O Lord, for I have cried to thee all the day.
4 Give joy to the soul of thy servant, for to thee, O Lord, I have lifted up my soul.
5 For thou, O Lord, art sweet and mild: and plenteous in mercy to all that call upon thee.
6 Give ear, O Lord, to my prayer: and attend to the voice of my petition."
2024-01-30,catholic_leaf_archive,dated Catholic lectionary response archive,https://www.catholicleaf.com/mass-readings-and-reflection-january-30-2024/,"Psalm 86:1-2, 3-4, 5-6 (R. 1a)","ps86:1-2,3-4,5-6(r.1a)","Turn your ear, O Lord, and answer me.",
2024-01-31,catholic_gallery_douay_archive,Douay-Rheims dated Mass-reading archive,https://www.catholicgallery.org/mass-reading/310124/,"Psalms 32: 1-2, 5, 6, 7","ps32:1-2,5,6,7","Lord, forgive the wrong I have done.","1 Blessed are they whose iniquities are forgiven, and whose sins are covered.
2 Blessed is the man to whom the Lord hath not imputed sin, and in whose spirit there is no guile.
5 I have acknowledged my sin to thee, and my injustice I have not concealed. I said I will confess against myself my injustice to the Lord: and thou hast forgiven the wickedness of my sin.
6 For this shall every one that is holy pray to thee in a seasonable time. And yet in a flood of many waters, they shall not come nigh unto him.
7 Thou art my refuge from the trouble which hath encompassed me: my joy, deliver me from them that surround me."
2024-01-31,catholic_leaf_archive,dated Catholic lectionary response archive,https://www.catholicleaf.com/mass-readings-and-reflection-january-31-2024/,"Psalm 32:1-2, 5, 6, 7 (R. see 5d)","ps32:1-2,5,6,7(r.5d)","O Lord, forgive the guilt of my sin.",
2024-02-01,catholic_gallery_douay_archive,Douay-Rheims dated Mass-reading archive,https://www.catholicgallery.org/mass-reading/010224/,"First Chronicles 29: 10, 11ab, 11d-12a, 12bcd","firstchronicles29:10,11ab,11d-12a,12bcd","Lord, you are exalted over all.","10 Blessed art thou, O Lord the God of Israel, our father from eternity to eternity.
11ab Thine, O Lord, is magnificence, and power, and glory, and victory.
11d O Lord, and thou art above all princes.
12a Thine are riches, and thine is glory, thou hast dominion over all.
12bcd In thy hand is power and might: in thy hand greatness, and the empire of all things."
2024-02-02,catholic_gallery_douay_archive,Douay-Rheims dated Mass-reading archive,https://www.catholicgallery.org/mass-reading/020224/,"Psalms 24: 7, 8, 9, 10","ps24:7,8,9,10",Who is this king of glory? It is the Lord!,"7 Lift up your gates, O ye princes, and be ye lifted up, O eternal gates: and the King of Glory shall enter in.
8 Who is this King of Glory? the Lord who is strong and mighty: the Lord mighty in battle.
9 Lift up your gates, O ye princes, and be ye lifted up, O eternal gates: and the King of Glory shall enter in.
10 Who is this King of Glory? the Lord of hosts, he is the King of Glory."
2024-02-02,catholic_leaf_archive,dated Catholic lectionary response archive,https://www.catholicleaf.com/mass-readings-and-reflection-february-02-2024/,"Psalm 24:7, 8, 9, 10 (R. 10bc)","ps24:7,8,9,10(r.10bc)","The Lord of hosts, he is the King of Glory!",
2024-02-03,catholic_gallery_douay_archive,Douay-Rheims dated Mass-reading archive,https://www.catholicgallery.org/mass-reading/030224/,"Psalms 119: 9, 10, 11, 12, 13, 14","ps119:9,10,11,12,13,14","Lord, teach me your statutes.","9 By what doth a young man correct his way? by observing thy words.
10 With my whole heart have I sought after thee: let me not stray from thy commandments.
11 Thy words have I hidden in my heart, that I may not sin against thee.
12 Blessed art thou, O Lord: teach me thy justifications.
13 With my lips I have pronounced all the judgments of thy mouth.
14 I have been delighted in the way of thy testimonies, as in all riches."
2024-02-03,catholic_leaf_archive,dated Catholic lectionary response archive,https://www.catholicleaf.com/mass-readings-and-reflection-february-03-2024/,"Psalm 119:9, 10, 11, 12, 13, 14 (R.12b)","ps119:9,10,11,12,13,14(r.12b)","O Lord, teach me your statutes.",
2024-02-04,catholic_gallery_douay_archive,Douay-Rheims dated Mass-reading archive,https://www.catholicgallery.org/mass-reading/040224/,"Psalms 147: 1-2, 3-4, 5-6","ps147:1-2,3-4,5-6","Praise the Lord, who heals the brokenhearted.","or
1 Praise ye the Lord, because psalm is good: to our God be joyful and comely praise.
2 The Lord buildeth up Jerusalem: he will gather together the dispersed of Israel.
or
3 Who healeth the broken of heart, and bindeth up their bruises.
4 Who telleth the number of the stars: and calleth them all by their names.
or
5 Great is our Lord, and great is his power: and of his wisdom there is no number.
6 The Lord lifteth up the meek, and bringeth the wicked down even to the ground.
or"
2024-02-04,catholic_leaf_archive,dated Catholic lectionary response archive,https://www.catholicleaf.com/mass-readings-and-reflection-february-04-2024/,"Psalm 147:1-2, 3-4, 5-6 (R. see 3a)","ps147:1-2,3-4,5-6(r.3a)",Praise the Lord who heals the brokenhearted.,
2024-02-05,catholic_gallery_douay_archive,Douay-Rheims dated Mass-reading archive,https://www.catholicgallery.org/mass-reading/050224/,"Psalms 132: 6-7, 8-10","ps132:6-7,8-10","Lord, go up to the place of your rest!","6 Behold we have heard of it in Ephrata: we have found it in the fields of the wood.
7 We will go into his tabernacle: We will adore in the place where his feet stood.
8 Arise, O Lord, into thy resting place: thou and the ark, which thou hast sanctified.
9 Let thy priests be clothed with justice: and let thy saints rejoice.
10 For thy servant David’s sake, turn not away the face of thy anointed."
2024-02-05,catholic_leaf_archive,dated Catholic lectionary response archive,https://www.catholicleaf.com/mass-readings-and-reflection-february-05-2024/,"Psalm 132:6-7, 8-10 (R. 8a)","ps132:6-7,8-10(r.8a)","Go up, Lord, to the place of your rest.",
2024-02-06,catholic_gallery_douay_archive,Douay-Rheims dated Mass-reading archive,https://www.catholicgallery.org/mass-reading/060224/,"Psalms 84: 3, 4, 5 and 10, 11","ps84:3,4,5,10,11","How lovely is your dwelling place, Lord, mighty God!","3 My soul longeth and fainteth for the courts of the Lord. My heart and my flesh have rejoiced in the living God.
4 For the sparrow hath found herself a house, and the turtle a nest for herself where she may lay her young ones: Thy altars, O Lord of hosts, my king and my God.
5 Blessed are they that dwell in thy house, O Lord: they shall praise thee for ever and ever.
10 Behold, O God our protector: and look on the face of thy Christ.
11 For better is one day in thy courts above thousands. I have chosen to be an abject in the house of my God, rather than to dwell in the tabernacles of sinners."
2024-02-06,catholic_leaf_archive,dated Catholic lectionary response archive,https://www.catholicleaf.com/mass-readings-and-reflection-february-06-2024/,"Psalm 84:3, 4, 5, and 10, 11 (R. 2)","ps84:3,4,5,10,11(r.2)","How lovely is your dwelling place, O Lord of hosts!",
2024-02-07,catholic_gallery_douay_archive,Douay-Rheims dated Mass-reading archive,https://www.catholicgallery.org/mass-reading/070224/,"Psalms 37: 5-6, 30-31, 39-40","ps37:5-6,30-31,39-40",The mouth of the just murmurs wisdom.,"5 Commit thy way to the Lord, and trust in him, and he will do it.
6 And he will bring forth thy justice as the light, and thy judgment as the noonday.
30 The mouth of the just shall meditate wisdom: and his tongue shall speak judgment.
31 The law of his God is in his heart, and his steps shall not be supplanted.
39 But the salvation of the just is from the Lord, and he is their protector in the time of trouble.
40 And the Lord will help them and deliver them: and he will rescue them from the wicked, and save them, because they have hoped in him."
2024-02-07,catholic_leaf_archive,dated Catholic lectionary response archive,https://www.catholicleaf.com/catholic-mass-readings-and-reflection-february-07-2024/,"Psalm 37:5-6, 30-31, 39-40 (R. 30a)","ps37:5-6,30-31,39-40(r.30a)",The mouth of the just man utters wisdom.,
2024-02-08,catholic_gallery_douay_archive,Douay-Rheims dated Mass-reading archive,https://www.catholicgallery.org/mass-reading/080224/,"Psalms 106: 3-4, 35-36, 37 and 40","ps106:3-4,35-36,37,40","Remember us, O Lord, as you favor your people.","3 Blessed are they that keep judgment, and do justice at all times.
4 Remember us, O Lord, in the favour of thy people: visit us with thy salvation.
35 And they were mingled among the heathens, and learned their works:
36 And served their idols, and it became a stumblingblock to them.
37 And they sacrificed their sons, and their daughters to devils.
40 And the Lord was exceedingly angry with his people: and he abhorred his inheritance."
2024-02-08,catholic_leaf_archive,dated Catholic lectionary response archive,https://www.catholicleaf.com/mass-readings-and-reflection-february-08-2024/,"Psalm 106:3-4, 35-36, 37 and 40 (R. see 4ab)","ps106:3-4,35-36,37,40(r.4ab)","O Lord, remember us with the favour you show to your people.",
2024-02-09,catholic_gallery_douay_archive,Douay-Rheims dated Mass-reading archive,https://www.catholicgallery.org/mass-reading/090224/,"Psalms 81: 10-11ab, 12-13, 14-15","ps81:10-11ab,12-13,14-15","I am the Lord, your God: hear my voice.","10 There shall be no new god in thee: neither shalt thou adore a strange god.
11ab For I am the Lord thy God, who brought thee out of the land of Egypt.
12 But my people heard not my voice: and Israel hearkened not to me.
13 So I let them go according to the desires of their heart: they shall walk in their own inventions.
14 If my people had heard me: if Israel had walked in my ways:
15 I should soon have humbled their enemies, and laid my hand on them that troubled them."
2024-02-09,catholic_leaf_archive,dated Catholic lectionary response archive,https://www.catholicleaf.com/mass-readings-and-reflection-february-09-2024/,"Psalm 81:10-11ab, 12-13, 14-15 (R. see 11a, 9a)","ps81:10-11ab,12-13,14-15(r.11a,9a)",I am the Lord your God: listen to my voice.,
2024-02-10,catholic_gallery_douay_archive,Douay-Rheims dated Mass-reading archive,https://www.catholicgallery.org/mass-reading/100224/,"Psalms 106: 6-7ab, 19-20, 21-22","ps106:6-7ab,19-20,21-22","Remember us, O Lord, as you favor your people.","6 We have sinned with our fathers: we have acted unjustly, we have wrought iniquity.
7ab Our fathers understood not thy wonders in Egypt.
19 They made also a calf in Horeb: and they adored the graven thing.
20 And they changed their glory into the likeness of a calf that eateth grass.
21 They forgot God, who saved them, who had done great things in Egypt,
22 Wondrous works in the land of Cham: terrible things in the Red Sea."
2024-02-10,catholic_leaf_archive,dated Catholic lectionary response archive,https://www.catholicleaf.com/mass-readings-and-reflection-february-10-2024/,"Psalm 106:6-7ab, 19-20, 21-22","ps106:6-7ab,19-20,21-22","O Lord, remember me with the favour you show to your people..",
2024-02-11,catholic_gallery_douay_archive,Douay-Rheims dated Mass-reading archive,https://www.catholicgallery.org/mass-reading/110224/,"Psalms 32: 1-2, 5, 11","ps32:1-2,5,11","I turn to you, Lord, in time of trouble, and you fill me with the joy of salvation.","1 To David himself, understanding. Blessed are they whose iniquities are forgiven, and whose sins are covered.
2 Blessed is the man to whom the Lord hath not imputed sin, and in whose spirit there is no guile.
5 I have acknowledged my sin to thee, and my injustice I have not concealed. I said I will confess against myself my injustice to the Lord: and thou hast forgiven the wickedness of my sin.
11 Be glad in the Lord, and rejoice, ye just, and glory, all ye right of heart."
2024-02-11,catholic_leaf_archive,dated Catholic lectionary response archive,https://www.catholicleaf.com/mass-readings-and-reflection-february-11-2024/,"Psalm 32:1-2, 5, 11 (R. see 7)","ps32:1-2,5,11(r.7)",You are a hiding place for me; you surround me with cries of deliverance.,
2024-02-12,catholic_gallery_douay_archive,Douay-Rheims dated Mass-reading archive,https://www.catholicgallery.org/mass-reading/120224/,"Psalms 119: 67, 68, 71, 72, 75, 76","ps119:67,68,71,72,75,76","Be kind to me, Lord, and I shall live.","67 Before I was humbled I offended; therefore have I kept thy word.
68 Thou art good; and in thy goodness teach me thy justifications.
71 It is good for me that thou hast humbled me, that I may learn thy justifications.
72 The law of thy mouth is good to me, above thousands of gold and silver.
75 I know, O Lord, that thy judgments are equity: and in thy truth thou hast humbled me.
76 O! let thy mercy be for my comfort, according to thy word unto thy servant."
2024-02-12,catholic_leaf_archive,dated Catholic lectionary response archive,https://www.catholicleaf.com/mass-readings-and-reflection-february-12-2024/,"Psalm 119:67, 68, 71, 72, 75, 76 (R. 77a)","ps119:67,68,71,72,75,76(r.77a)","Show me compassion, that I may live.",
2024-02-13,catholic_gallery_douay_archive,Douay-Rheims dated Mass-reading archive,https://www.catholicgallery.org/mass-reading/130224/,"Psalms 94: 12-13a, 14-15, 18-19","ps94:12-13a,14-15,18-19","Blessed the man you instruct, O Lord.","12 Blessed is the man whom thou shalt instruct, O Lord: and shalt teach him out of thy law.
13a That thou mayst give him rest from the evil days.
14 For the Lord will not cast off his people: neither will he forsake his own inheritance.
15 Until justice be turned into judgment: and they that are near it are all the upright in heart.
18 If I said: My foot is moved: thy mercy, O Lord, assisted me.
19 According to the multitude of my sorrows in my heart, thy comforts have given joy to my soul."
2024-02-13,catholic_leaf_archive,dated Catholic lectionary response archive,https://www.catholicleaf.com/mass-readings-and-reflection-february-13-2024/,"Psalm 94:12-13a, 14-15, 18-19 (R. 12a)","ps94:12-13a,14-15,18-19(r.12a)","Blessed the man whom you discipline, O Lord.",
2024-02-14,catholic_gallery_douay_archive,Douay-Rheims dated Mass-reading archive,https://www.catholicgallery.org/mass-reading/140224/,"Psalms 51: 3-4, 5-6ab, 12-13, 14 and 17","ps51:3-4,5-6ab,12-13,14,17","Be merciful, O Lord, for we have sinned.","3 Have mercy on me, O God, according to thy great mercy. And according to the multitude of thy tender mercies blot out my iniquity.
4 Wash me yet more from my iniquity, and cleanse me from my sin.
5 For I know my iniquity, and my sin is always before me.
6ab To thee only have I sinned, and have done evil before thee.
12 Create a clean heart in me, O God: and renew a right spirit within my bowels.
13 Cast me not away from thy face; and take not thy holy spirit from me.
14 Restore unto me the joy of thy salvation, and strengthen me with a perfect spirit.
17 O Lord, thou wilt open my lips: and my mouth shall declare thy praise."
2024-02-14,catholic_leaf_archive,dated Catholic lectionary response archive,https://www.catholicleaf.com/mass-readings-and-reflection-february-14-2024/,"Psalm 51:3-4, 5-6ab, 12-13, 14 and 17 (R. see 3a)","ps51:3-4,5-6ab,12-13,14,17(r.3a)","Have mercy, O Lord, for we have sinned.",
2024-02-15,catholic_gallery_douay_archive,Douay-Rheims dated Mass-reading archive,https://www.catholicgallery.org/mass-reading/150224/,"Psalms 1: 1-2, 3, 4 and 6","ps1:1-2,3,4,6",Blessed are they who hope in the Lord.,"1 Blessed is the man who hath not walked in the counsel of the ungodly, nor stood in the way of sinners, nor sat in the chair of pestilence.
2 But his will is in the law of the Lord, and on his law he shall meditate day and night.
3 And he shall be like a tree which is planted near the running waters, which shall bring forth its fruit, in due season. And his leaf shall not fall off: and all whatsoever he shall do shall prosper.
4 Not so the wicked, not so: but like the dust, which the wind driveth from the face of the earth.
6 For the Lord knoweth the way of the just: and the way of the wicked shall perish.
Verse Before the Gospel: Matthew 4: 17
17 Repent, says the Lord; the Kingdom of heaven is at hand."
2024-02-15,catholic_leaf_archive,dated Catholic lectionary response archive,https://www.catholicleaf.com/catholic-mass-readings-and-reflection-february-15-2024/,"Psalm 1:1-2, 3, 4 and 6 (R. 40:5ab)","ps1:1-2,3,4,6(r.40:5ab)",Blessed the man who has placed his trust in the Lord.,
2024-02-16,catholic_gallery_douay_archive,Douay-Rheims dated Mass-reading archive,https://www.catholicgallery.org/mass-reading/160224/,"Psalms 51: 3-4, 5-6ab, 18-19","ps51:3-4,5-6ab,18-19","A heart contrite and humbled, O God, you will not spurn.","3 Have mercy on me, O God, according to thy great mercy. And according to the multitude of thy tender mercies blot out my iniquity.
4 Wash me yet more from my iniquity, and cleanse me from my sin.
5 For I know my iniquity, and my sin is always before me.
6ab To thee only have I sinned, and have done evil before thee.
18 For if thou hadst desired sacrifice, I would indeed have given it: with burnt offerings thou wilt not be delighted.
19 A sacrifice to God is an afflicted spirit: a contrite and humbled heart, O God, thou wilt not despise.
Verse Before the Gospel: Amos 5: 14
14 Seek good and not evil so that you may live, and the Lord will be with you."
2024-02-16,catholic_leaf_archive,dated Catholic lectionary response archive,https://www.catholicleaf.com/mass-readings-and-reflection-february-16-2024/,"Psalm 51:3-4, 5-6ab, 18-19 (R. 19bc)","ps51:3-4,5-6ab,18-19(r.19bc)","A broken and humbled heart, O God, you will not spurn.",
2024-02-17,catholic_gallery_douay_archive,Douay-Rheims dated Mass-reading archive,https://www.catholicgallery.org/mass-reading/170224/,"Psalms 86: 1-2, 3-4, 5-6","ps86:1-2,3-4,5-6","Teach me your way, O Lord, that I may walk in your truth.","1 A prayer for David himself. Incline thy ear, O Lord, and hear me: for I am needy and poor.
2 Preserve my soul, for I am holy: save thy servant, O my God, that trusteth in thee.
3 Have mercy on me, O Lord, for I have cried to thee all the day.
4 Give joy to the soul of thy servant, for to thee, O Lord, I have lifted up my soul.
5 For thou, O Lord, art sweet and mild: and plenteous in mercy to all that call upon thee.
6 Give ear, O Lord, to my prayer: and attend to the voice of my petition.
Verse Before the Gospel: Ezekiel 33: 11
11 I take no pleasure in the death of the wicked man, says the Lord, but rather in his conversion, that he may live."
2024-02-17,catholic_leaf_archive,dated Catholic lectionary response archive,https://www.catholicleaf.com/mass-readings-and-reflection-february-17-2024/,"Psalm 86: 1-2, 3-4, 5-6 (R. 11ab)","ps86:1-2,3-4,5-6(r.11ab)","Teach me, O Lord, your way, so that I may walk in your truth",
2024-02-18,catholic_gallery_douay_archive,Douay-Rheims dated Mass-reading archive,https://www.catholicgallery.org/mass-reading/180224/,"Psalms 25: 4-5, 6-7, 8-9","ps25:4-5,6-7,8-9","Your ways, O Lord, are love and truth to those who keep your covenant.","4 Let all them be confounded that act unjust things without cause. shew, O Lord, thy ways to me, and teach me thy paths.
5 Direct me in thy truth, and teach me; for thou art God my Saviour; and on thee have I waited all the day long.
6 Remember, O Lord, thy bowels of compassion; and thy mercies that are from the beginning of the world.
7 The sins of my youth and my ignorances do not remember. According to thy mercy remember thou me: for thy goodness’ sake, O Lord.
8 The Lord is sweet and righteous: therefore he will give a law to sinners in the way.
9 He will guide the mild in judgment: he will teach the meek his ways."
2024-02-18,catholic_leaf_archive,dated Catholic lectionary response archive,https://www.catholicleaf.com/mass-readings-and-reflection-february-18-2024/,"Psalm 25:4-5ab, 6 and 7bc, 8-9 (R. see 10)","ps25:4-5ab,6,7bc,8-9(r.10)","All your paths, O Lord, are mercy and faithfulness, for those who keep your covenant.",
2024-02-19,catholic_gallery_douay_archive,Douay-Rheims dated Mass-reading archive,https://www.catholicgallery.org/mass-reading/190224/,"Psalms 19: 8, 9, 10, 15","ps19:8,9,10,15","Your words, Lord, are Spirit and life.","8 The law of the Lord is unspotted, converting souls: the testimony of the Lord is faithful, giving wisdom to little ones.
9 The justices of the Lord are right, rejoicing hearts: the commandment of the Lord is lightsome, enlightening the eyes.
10 The fear of the Lord is holy, enduring for ever and ever: the judgments of the Lord are true, justified in themselves.
15 And the words of my mouth shall be such as may please: and the meditation of my heart always in thy sight. O Lord, my helper, and my redeemer.
Verse Before the Gospel: Second Corinthians 6: 2b
2b Behold, now is a very acceptable time; behold, now is the day of salvation."
2024-02-19,catholic_leaf_archive,dated Catholic lectionary response archive,https://www.catholicleaf.com/mass-readings-and-reflection-february-19-2024/,"Psalm 19:8, 9, 10, 15 (R. see John 6:63c)","ps19:8,9,10,15(r.john6:63c)","Your words, O Lord, are Spirit and life.",
2024-02-20,catholic_gallery_douay_archive,Douay-Rheims dated Mass-reading archive,https://www.catholicgallery.org/mass-reading/200224/,"Psalms 34: 4-5, 6-7, 16-17, 18-19","ps34:4-5,6-7,16-17,18-19",From all their distress God rescues the just.,"4 O magnify the Lord with me; and let us extol his name together.
5 I sought the Lord, and he heard me; and he delivered me from all my troubles.
6 Come ye to him and be enlightened: and your faces shall not be confounded.
7 This poor man cried, and the Lord heard him: and saved him out of all his troubles.
16 The eyes of the Lord are upon the just: and his ears unto their prayers.
17 But the countenance of the Lord is against them that do evil things: to cut off the remembrance of them from the earth.
18 The just cried, and the Lord heard them: and delivered them out of all their troubles.
19 The Lord is nigh unto them that are of a contrite heart: and he will save the humble of spirit.
Verse Before the Gospel: Matthew 4: 4b
4b One does not live on bread alone, but on every word that comes forth from the mouth of God."
2024-02-20,catholic_leaf_archive,dated Catholic lectionary response archive,https://www.catholicleaf.com/mass-readings-and-reflection-february-20-2024/,"Psalm 34:4-5, 6-7, 16-17, 18-19, (R. see 18b)","ps34:4-5,6-7,16-17,18-19(r.18b)",The Lord rescues them in all their distress.,
2024-02-21,catholic_gallery_douay_archive,Douay-Rheims dated Mass-reading archive,https://www.catholicgallery.org/mass-reading/210224/,"Psalms 51: 3-4, 12-13, 18-19","ps51:3-4,12-13,18-19","A heart contrite and humbled, O God, you will not spurn.","3 Have mercy on me, O God, according to thy great mercy. And according to the multitude of thy tender mercies blot out my iniquity.
4 Wash me yet more from my iniquity, and cleanse me from my sin.
12 Create a clean heart in me, O God: and renew a right spirit within my bowels.
13 Cast me not away from thy face; and take not thy holy spirit from me.
18 For if thou hadst desired sacrifice, I would indeed have given it: with burnt offerings thou wilt not be delighted.
19 A sacrifice to God is an afflicted spirit: a contrite and humbled heart, O God, thou wilt not despise.
Verse Before the Gospel: Joel 2: 12-13
12-13 Even now, says the LORD, return to me with your whole heart for I am gracious and merciful."
2024-02-21,catholic_leaf_archive,dated Catholic lectionary response archive,https://www.catholicleaf.com/mass-readings-and-reflection-february-21-2024/,"Psalm 51:3-4, 12-13, 18-19 (R. 19b)","ps51:3-4,12-13,18-19(r.19b)","A broken and humbled heart, O God you will not spurn.",
2024-02-22,catholic_gallery_douay_archive,Douay-Rheims dated Mass-reading archive,https://www.catholicgallery.org/mass-reading/220224/,"Psalms 23: 1-3a, 4, 5, 6","ps23:1-3a,4,5,6",The Lord is my shepherd; there is nothing I shall want.,"1 The Lord ruleth me: and I shall want nothing.
2 He hath set me in a place of pasture. He hath brought me up, on the water of refreshment:
3a He hath converted my soul.
4 For though I should walk in the midst of the shadow of death, I will fear no evils, for thou art with me. Thy rod and thy staff, they have comforted me.
5 Thou hast prepared a table before me against them that afflict me. Thou hast anointed my head with oil; and my chalice which inebriateth me, how goodly is it!
6 And thy mercy will follow me all the days of my life. And that I may dwell in the house of the Lord unto length of days.
Verse Before the Gospel: Matthew 16: 18
18 You are Peter, and upon this rock I will build my Church; the gates of the netherworld shall not prevail against it."
2024-02-22,catholic_leaf_archive,dated Catholic lectionary response archive,https://www.catholicleaf.com/mass-readings-and-reflection-february-22-2024/,"Psalm 23:1-3a, 3b-4, 5, 6 (R. 1)","ps23:1-3a,3b-4,5,6(r.1)",The Lord is my shepherd; there is nothing I shall want.,
2024-02-23,catholic_gallery_douay_archive,Douay-Rheims dated Mass-reading archive,https://www.catholicgallery.org/mass-reading/230224/,"Psalms 130: 1-2, 3-4, 5-6, 7-8","ps130:1-2,3-4,5-6,7-8","If you, O Lord, mark iniquities, who can stand?","1 Out of the depths I have cried to thee, O Lord:
2 Lord, hear my voice. Let thy ears be attentive to the voice of my supplication.
3 If thou, O Lord, wilt mark iniquities: Lord, who shall stand it.
4 For with thee there is merciful forgiveness: and by reason of thy law, I have waited for thee, O Lord. My soul hath relied on his word:
5 My soul hath hoped in the Lord.
6 From the morning watch even until night, let Israel hope in the Lord.
7 Because with the Lord there is mercy: and with him plentiful redemption.
8 And he shall redeem Israel from all his iniquities.
Verse Before the Gospel: Ezekiel 18: 31
31 Cast away from you all the crimes you have committed, says the LORD, and make for yourselves a new heart and a new spirit."
2024-02-23,catholic_leaf_archive,dated Catholic lectionary response archive,https://www.catholicleaf.com/mass-readings-and-reflection-february-23-2024/,"Psalm 130:1-2, 3-4, 5-6ab, 6c-8 (R. 3)","ps130:1-2,3-4,5-6ab,6c-8(r.3)","If you, O Lord, should mark iniquities, Lord, who could stand?",
2024-02-24,catholic_gallery_douay_archive,Douay-Rheims dated Mass-reading archive,https://www.catholicgallery.org/mass-reading/240224/,"Psalms 119: 1-2, 4-5, 7-8","ps119:1-2,4-5,7-8",Blessed are they who follow the law of the Lord!,"1 Blessed are the undefiled in the way, who walk in the law of the Lord.
2 Blessed are they who search his testimonies: that seek him with their whole heart.
4 Thou hast commanded thy commandments to be kept most diligently.
5 O! that my ways may be directed to keep thy justifications.
7 I will praise thee with uprightness of heart, when I shall have learned the judgments of thy justice.
8 I will keep thy justifications: O! do not thou utterly forsake me.
Verse Before the Gospel: Second Corinthians 6: 2b
2b Behold, now is a very acceptable time; behold, now is the day of salvation."
2024-02-24,catholic_leaf_archive,dated Catholic lectionary response archive,https://www.catholicleaf.com/mass-readings-and-reflection-february-24-2024/,"Psalm 119:1-2, 4-5, 7-8 (R.1b)","ps119:1-2,4-5,7-8(r.1b)",Blessed are those who walk in the law of the Lord,
2024-02-25,catholic_gallery_douay_archive,Douay-Rheims dated Mass-reading archive,https://www.catholicgallery.org/mass-reading/250224/,"Psalms 116: 10, 15, 16-17, 18-19","ps116:10,15,16-17,18-19","I will walk before the Lord, in the land of the living.","10 I have believed, therefore have I spoken; but I have been humbled exceedingly.
15 Precious in the sight of the Lord is the death of his saints.
16 O Lord, for I am thy servant: I am thy servant, and the son of thy handmaid. Thou hast broken my bonds:
17 I will sacrifice to thee the sacrifice of praise, and I will call upon the name of the Lord.
18 I will pay my vows to the Lord in the sight of all his people:
19 In the courts of the house of the Lord, in the midst of thee, O Jerusalem."
2024-02-25,catholic_leaf_archive,dated Catholic lectionary response archive,https://www.catholicleaf.com/mass-readings-and-reflection-february-25-2024/,"Psalm 116:10 and 15, 16-17, 18-19 (R. 9)","ps116:10,15,16-17,18-19(r.9)",I will walk in the presence of the Lord in the Land of the living.,
2024-02-26,catholic_gallery_douay_archive,Douay-Rheims dated Mass-reading archive,https://www.catholicgallery.org/mass-reading/260224/,"Psalms 79: 8, 9, 11 and 13","ps79:8,9,11,13","Lord, do not deal with us according to our sins.","8 Remember not our former iniquities: let thy mercies speedily prevent us, for we are become exceeding poor.
9 Help us, O God, our saviour: and for the glory of thy name, O Lord, deliver us: and forgive us our sins for thy name’s sake:
11 Let the sighing of the prisoners come in before thee. According to the greatness of thy arm, take possession of the children of them that have been put to death.
13 But we thy people, and the sheep of thy pasture, will give thanks to thee for ever. We will shew forth thy praise, unto generation and generation.
Verse Before the Gospel: John 6: 63c, 68c
63c, 68cYour words, Lord, are Spirit and life; you have the words of everlasting life."
2024-02-26,catholic_leaf_archive,dated Catholic lectionary response archive,https://www.catholicleaf.com/mass-readings-and-reflection-february-26-2024/,"Psalm 79:8, 9, 11, 13 (R. see Psalm 103:10a)","ps79:8,9,11,13(r.psalm103:10a)","O Lord, do not treat us according to our sins.",
2024-02-27,catholic_gallery_douay_archive,Douay-Rheims dated Mass-reading archive,https://www.catholicgallery.org/mass-reading/270224/,"Psalms 50: 8-9, 16bc-17, 21 and 23","ps50:8-9,16bc-17,21,23",To the upright I will show the saving power of God.,"8 I will not reprove thee for thy sacrifices: and thy burnt offerings are always in my sight.
9 I will not take calves out of thy house: nor he goats out of thy flocks.
16bc Why dost thou declare my justices, and take my covenant in thy mouth?
17 Seeing thou hast hated discipline: and hast cast my words behind thee.
21 These things hast thou done, and I was silent. Thou thoughtest unjustly that I should be like to thee: but I will reprove thee, and set before thy face.
23 The sacrifice of praise shall glorify me: and there is the way by which I will shew him the salvation of God.
Verse Before the Gospel: Ezekiel 18: 31
31 Cast away from you all the crimes you have committed, says the LORD, and make for yourselves a new heart and a new spirit."
2024-02-27,catholic_leaf_archive,dated Catholic lectionary response archive,https://www.catholicleaf.com/mass-readings-and-reflection-february-27-2024/,"Psalm 50:8-9, 16bc-17, 21 and 23 (R. 23bc)","ps50:8-9,16bc-17,21,23(r.23bc)","To one whose way is blameless, I will show the salvation of God.",
2024-02-28,catholic_gallery_douay_archive,Douay-Rheims dated Mass-reading archive,https://www.catholicgallery.org/mass-reading/280224/,"Psalms 31: 5-6, 14, 15-16","ps31:5-6,14,15-16","Save me, O Lord, in your kindness.","5 Thou wilt bring me out of this snare, which they have hidden for me: for thou art my protector.
6 Into thy hands I commend my spirit: thou hast redeemed me, O Lord, the God of truth.
14 For I have heard the blame of many that dwell round about. While they assembled together against me, they consulted to take away my life.
15 But I have put my trust in thee, O Lord: I said: Thou art my God.
16 My lots are in thy hands. Deliver me out of the hands of my enemies; and from them that persecute me.
Verse Before the Gospel: John 8: 12
12 I am the light of the world, says the Lord; whoever follows me will have the light of life."
2024-02-28,catholic_leaf_archive,dated Catholic lectionary response archive,https://www.catholicleaf.com/mass-readings-and-reflection-february-28-2024/,"Psalm 31:5-6, 14, 15-16 (R. see 17b)","ps31:5-6,14,15-16(r.17b)","Save me, O Lord, in your merciful love",
2024-02-29,catholic_gallery_douay_archive,Douay-Rheims dated Mass-reading archive,https://www.catholicgallery.org/mass-reading/290224/,"Psalms 1: 1-2, 3, 4 and 6","ps1:1-2,3,4,6",Blessed is the man whose trust is in the name of the Lord.,"1 Blessed is the man who hath not walked in the counsel of the ungodly, nor stood in the way of sinners, nor sat in the chair of pestilence.
2 But his will is in the law of the Lord, and on his law he shall meditate day and night.
3 And he shall be like a tree which is planted near the running waters, which shall bring forth its fruit, in due season. And his leaf shall not fall off: and all whatsoever he shall do shall prosper.
4 Not so the wicked, not so: but like the dust, which the wind driveth from the face of the earth.
6 For the Lord knoweth the way of the just: and the way of the wicked shall perish.
Verse Before the Gospel: Luke 8: 15
15 Blessed are they who in a good and perfect heart, hearing the word, keep it, and bring forth fruit in patience."
2024-02-29,catholic_leaf_archive,dated Catholic lectionary response archive,https://www.catholicleaf.com/mass-readings-and-reflection-february-29-2024/,"Psalm 1:1-2, 3, 4 and 6 (R. Psalm 40:5ab)","ps1:1-2,3,4,6(r.psalm40:5ab)",Blessed the man who has placed his trust in the Lord.,
2024-03-01,catholic_gallery_douay_archive,Douay-Rheims dated Mass-reading archive,https://www.catholicgallery.org/mass-reading/010324/,"Psalms 105: 16-17, 18-19, 20-21","ps105:16-17,18-19,20-21",Remember the marvels the Lord has done.,"16 And he called a famine upon the land: and he broke in pieces all the support of bread.
17 He sent a man before them: Joseph, who was sold for a slave.
18 They humbled his feet in fetters: the iron pierced his soul,
19 Until his word came. The word of the Lord inflamed him.
20 The king sent, and he released him: the ruler of the people, and he set him at liberty.
21 He made him master of his house, and ruler of all his possession.
Verse Before the Gospel: John 3: 16
16 God so loved the world that he gave his only-begotten Son; so that everyone who believes in him might have eternal life."
2024-03-01,catholic_leaf_archive,dated Catholic lectionary response archive,https://www.catholicleaf.com/mass-readings-and-reflection-march-01-2024/,"Psalm 105:16-17, 18-19, 20-21 (R. see 5a)","ps105:16-17,18-19,20-21(r.5a)",Remember the wonders the Lord has done.,
2024-03-02,catholic_gallery_douay_archive,Douay-Rheims dated Mass-reading archive,https://www.catholicgallery.org/mass-reading/020324/,"Psalms 103: 1-2, 3-4, 9-10, 11-12","ps103:1-2,3-4,9-10,11-12",The Lord is kind and merciful.,"1 For David himself. Bless the Lord, O my soul: and let all that is within me bless his holy name.
2 Bless the Lord, O my soul, and never forget all he hath done for thee.
3 Who forgiveth all thy iniquities: who healeth all thy diseases.
4 Who redeemeth thy life from destruction: who crowneth thee with mercy and compassion.
9 He will not always be angry: nor will he threaten for ever.
10 He hath not dealt with us according to our sins: nor rewarded us according to our iniquities.
11 For according to the height of the heaven above the earth: he hath strengthened his mercy towards them that fear him.
12 As far as the east is from the west, so far hath he removed our iniquities from us.
Verse Before the Gospel: Luke 15: 18
18 I will get up and go to my father and shall say to him, Father, I have sinned against heaven and against you."
2024-03-02,catholic_leaf_archive,dated Catholic lectionary response archive,https://www.catholicleaf.com/mass-readings-and-reflection-march-02-2024/,"Psalm 103:1-2, 3-4, 9-10, 11-12 (R. 8a)","ps103:1-2,3-4,9-10,11-12(r.8a)",The Lord is compassionate and gracious.,
2024-03-03,catholic_gallery_douay_archive,Douay-Rheims dated Mass-reading archive,https://www.catholicgallery.org/mass-reading/030324/,"Psalms 19: 8, 9, 10, 11","ps19:8,9,10,11","Lord, you have the words of everlasting life.","8 The law of the Lord is unspotted, converting souls: the testimony of the Lord is faithful, giving wisdom to little ones.
9 The justices of the Lord are right, rejoicing hearts: the commandment of the Lord is lightsome, enlightening the eyes.
10 The fear of the Lord is holy, enduring for ever and ever: the judgments of the Lord are true, justified in themselves.
11 More to be desired than gold and many precious stones: and sweeter than honey and the honeycomb."
2024-03-03,catholic_leaf_archive,dated Catholic lectionary response archive,https://www.catholicleaf.com/mass-readings-and-reflection-march-03-2024/,"Psalm 19:8, 9, 10, 11 (R. see John 6:68c)","ps19:8,9,10,11(r.john6:68c)","Lord, you have the words of eternal life.",
2024-03-04,catholic_gallery_douay_archive,Douay-Rheims dated Mass-reading archive,https://www.catholicgallery.org/mass-reading/040324/,"Psalms 42: 2, 3; 43: 3, 4","ps42:2,3,43:3,4",Athirst is my soul for the living God. When shall I go and behold the face of God?,"2 As the hart panteth after the fountains of water; so my soul panteth after thee, O God.
3 My soul hath thirsted after the strong living God; when shall I come and appear before the face of God?
43:3 Send forth thy light and thy truth: they have conducted me, and brought me unto thy holy hill, and into thy tabernacles.
4 And I will go in to the altar of God: to God who giveth joy to my youth. To thee, O God my God, I will give praise upon the harp: why art thou sad, O my soul?
Verse Before the Gospel: Psalms 130: 5, 7
5, 7 I hope in the LORD, I trust in his word; with him there is kindness and plenteous redemption."
2024-03-04,catholic_leaf_archive,dated Catholic lectionary response archive,https://www.catholicleaf.com/mass-readings-and-reflection-march-04-2024/,"Psalm 42:2, 3; 43:3, 4 (R. 42:3)","ps42:2,3,43:3,4(r.42:3)","My soul is thirsting for God, the living God. When can I enter and appear before the face of God?",
2024-03-05,catholic_gallery_douay_archive,Douay-Rheims dated Mass-reading archive,https://www.catholicgallery.org/mass-reading/050324/,"Psalms 25: 4-5ab, 6 and 7bc, 8-9","ps25:4-5ab,6,7bc,8-9","Remember your mercies, O Lord.","4 Let all them be confounded that act unjust things without cause. shew, O Lord, thy ways to me, and teach me thy paths.
5ab Direct me in thy truth, and teach me; for thou art God my Saviour.
6 Remember, O Lord, thy bowels of compassion; and thy mercies that are from the beginning of the world.
7bc According to thy mercy remember thou me: for thy goodness’ sake, O Lord.
8 The Lord is sweet and righteous: therefore he will give a law to sinners in the way.
9 He will guide the mild in judgment: he will teach the meek his ways.
Verse Before the Gospel: Joel 2: 12-13
12-13 Even now, says the LORD, return to me with your whole heart; for I am gracious and merciful."
2024-03-05,catholic_leaf_archive,dated Catholic lectionary response archive,https://www.catholicleaf.com/mass-readings-and-reflection-march-05-2024/,"Psalm 25:4-5ab, 6 and 7cd, 8-9 (R. 6a)","ps25:4-5ab,6,7cd,8-9(r.6a)","Remember your compassion, O Lord.",
2024-03-06,catholic_gallery_douay_archive,Douay-Rheims dated Mass-reading archive,https://www.catholicgallery.org/mass-reading/060324/,"Psalms 147: 12-13, 15-16, 19-20","ps147:12-13,15-16,19-20","Praise the Lord, Jerusalem.","12 Praise the Lord, O Jerusalem: praise thy God, O Sion.
13 Because he hath strengthened the bolts of thy gates, he hath blessed thy children within thee.
15 Who sendeth forth his speech to the earth: his word runneth swiftly.
16 Who giveth snow like wool: scattereth mists like ashes.
19 Who declareth his word to Jacob: his justices and his judgments to Israel.
20 He hath not done in like manner to every nation: and his judgments he hath not made manifest to them. Alleluia.
Verse Before the Gospel: John 6: 63c, 68c
63c, 68c Your words, Lord, are Spirit and life; you have the words of everlasting life."
2024-03-06,catholic_leaf_archive,dated Catholic lectionary response archive,https://www.catholicleaf.com/mass-readings-and-reflection-march-06-2024/,"Psalm 147:12-13, 15-16, 19-20 (R. 12a)","ps147:12-13,15-16,19-20(r.12a)","O Jerusalem, glorify the Lord!",
2024-03-07,catholic_gallery_douay_archive,Douay-Rheims dated Mass-reading archive,https://www.catholicgallery.org/mass-reading/070324/,"Psalms 95: 1-2, 6-7, 8-9","ps95:1-2,6-7,8-9","If today you hear his voice, harden not your hearts.","1 Come let us praise the Lord with joy: let us joyfully sing to God our saviour.
2 Let us come before his presence with thanksgiving; and make a joyful noise to him with psalms.
6 Come let us adore and fall down: and weep before the Lord that made us.
7 For he is the Lord our God: and we are the people of his pasture and the sheep of his hand.
8 Today if you shall hear his voice, harden not your hearts:
9 As in the provocation, according to the day of temptation in the wilderness: where your fathers tempted me, they proved me, and saw my works.
Verse Before the Gospel: Joel 2: 12-13
12-13 Even now, says the LORD, return to me with your whole heart, for I am gracious and merciful."
2024-03-07,catholic_leaf_archive,dated Catholic lectionary response archive,https://www.catholicleaf.com/mass-readings-and-reflection-march-07-2024/,"Psalm 95:1-2, 6-7abc, 7d-9 (R. 7d-8a)","ps95:1-2,6-7abc,7d-9(r.7d-8a)",O that today you would listen to his voice! Harden not your hearts.,
2024-03-08,catholic_gallery_douay_archive,Douay-Rheims dated Mass-reading archive,https://www.catholicgallery.org/mass-reading/080324/,"Psalms 81: 6c-8a, 8bc-9, 10-11ab, 14 and 17","ps81:6c-8a,8bc-9,10-11ab,14,17",I am the Lord your God: hear my voice.,"6c He heard a tongue which he knew not.
7 He removed his back from the burdens: his hands had served in baskets.
8a Thou calledst upon me in affliction, and I delivered thee.
8bc I heard thee in the secret place of tempest: I proved thee at the waters of contradiction.
9 Hear, O my people, and I will testify to thee: O Israel, if thou wilt hearken to me,
10 There shall be no new god in thee: neither shalt thou adore a strange god.
11ab For I am the Lord thy God, who brought thee out of the land of Egypt.
14 If my people had heard me: if Israel had walked in my ways:
17 And he fed them with the fat of wheat, and filled them with honey out of the rock.
Verse Before the Gospel: Matthew 4: 17
17 Repent, says the Lord; the Kingdom of heaven is at hand."
2024-03-08,catholic_leaf_archive,dated Catholic lectionary response archive,https://www.catholicleaf.com/mass-readings-and-reflection-march-08-2024/,"Psalm 81:6c-8a, 8bc-9, 10-11ab, 14 and 17 (R. see 11a, 9b)","ps81:6c-8a,8bc-9,10-11ab,14,17(r.11a,9b)",I am the Lord your God: listen to my voice.,
2024-03-09,catholic_gallery_douay_archive,Douay-Rheims dated Mass-reading archive,https://www.catholicgallery.org/mass-reading/090324/,"Psalms 51: 3-4, 18-19, 20-21ab","ps51:3-4,18-19,20-21ab","It is mercy I desire, and not sacrifice.","3 Have mercy on me, O God, according to thy great mercy. And according to the multitude of thy tender mercies blot out my iniquity.
4 Wash me yet more from my iniquity, and cleanse me from my sin.
18 For if thou hadst desired sacrifice, I would indeed have given it: with burnt offerings thou wilt not be delighted.
19 A sacrifice to God is an afflicted spirit: a contrite and humbled heart, O God, thou wilt not despise.
20 Deal favourably, O Lord, in thy good will with Sion; that the walls of Jerusalem may be built up.
21ab Then shalt thou accept the sacrifice of justice, oblations and whole burnt offerings.
Verse Before the Gospel: Psalms 95: 8
8 If today you hear his voice, harden not your hearts."
2024-03-09,catholic_leaf_archive,dated Catholic lectionary response archive,https://www.catholicleaf.com/mass-readings-and-reflection-march-09-2024/,"Psalm 51:3-4, 18-19, 20-21ab","ps51:3-4,18-19,20-21ab","I desire steadfast love, and not sacrifice",
2024-03-10,catholic_gallery_douay_archive,Douay-Rheims dated Mass-reading archive,https://www.catholicgallery.org/mass-reading/100324/,"Psalms 137: 1-2, 3, 4-5, 6","ps137:1-2,3,4-5,6","Let my tongue be silenced, if I ever forget you!","1 Upon the rivers of Babylon, there we sat and wept: when we remembered Sion:
2 On the willows in the midst thereof we hung up our instruments.
3 For there they that led us into captivity required of us the words of songs. And they that carried us away, said: Sing ye to us a hymn of the songs of Sion.
4 How shall we sing the song of the Lord in a strange land?
5 If I forget thee, O Jerusalem, let my right hand be forgotten.
6 Let my tongue cleave to my jaws, if I do not remember thee: If I make not Jerusalem the beginning of my joy."
2024-03-10,catholic_leaf_archive,dated Catholic lectionary response archive,https://www.catholicleaf.com/mass-readings-and-reflection-march-10-2024/,"Psalm 137:1-2, 3, 4-5, 6 (R. 6ab)","ps137:1-2,3,4-5,6(r.6ab)",O let my tongue cleave to my palate if I remember you not.,
2024-03-11,catholic_gallery_douay_archive,Douay-Rheims dated Mass-reading archive,https://www.catholicgallery.org/mass-reading/110324/,"Psalms 30: 2 and 4, 5-6, 11-12a and 13b","ps30:2,4,5-6,11-12a,13b","I will praise you, Lord, for you have rescued me.","2 I will extol thee, O Lord, for thou hast upheld me: and hast not made my enemies to rejoice over me.
4 Thou hast brought forth, O Lord, my soul from hell: thou hast saved me from them that go down into the pit.
5 Sing to the Lord, O ye his saints: and give praise to the memory of his holiness.
6 For wrath is in his indignation; and life in his good will. In the evening weeping shall have place, and in the morning gladness.
11 The Lord hath heard, and hath had mercy on me: the Lord became my helper.
12 Thou hast turned for me my mourning into joy:
13b O Lord my God, I will give praise to thee for ever.
Verse Before the Gospel: Amos 5: 14
14 Seek good and not evil so that you may live, and the LORD will be with you."
2024-03-11,catholic_leaf_archive,dated Catholic lectionary response archive,https://www.catholicleaf.com/mass-readings-and-reflection-march-11-2024/,"Psalm 30:2 and 4, 5-6, 11-12a and 13b (R. 2a)","ps30:2,4,5-6,11-12a,13b(r.2a)","I will extol you, Lord, for you have raised me up",
2024-03-12,catholic_gallery_douay_archive,Douay-Rheims dated Mass-reading archive,https://www.catholicgallery.org/mass-reading/120324/,"Psalms 46: 2-3, 5-6, 8-9","ps46:2-3,5-6,8-9",The Lord of hosts is with us; our stronghold is the God of Jacob.,"2 Our God is our refuge and strength: a helper in troubles, which have found us exceedingly.
3 Therefore we will not fear, when the earth shall be troubled; and the mountains shall be removed into the heart of the sea.
5 The stream of the river maketh the city of God joyful: the most High hath sanctified his own tabernacle.
6 God is in the midst thereof, it shall not be moved: God will help it in the morning early.
8 The Lord of armies is with us: the God of Jacob is our protector.
9 Come and behold ye the works of the Lord: what wonders he hath done upon earth,
Verse Before the Gospel: Psalms 51: 12a, 14a
12a, 14a A clean heart create for me, O God; give me back the joy of your salvation."
2024-03-12,catholic_leaf_archive,dated Catholic lectionary response archive,https://www.catholicleaf.com/mass-readings-and-reflection-march-12-2024/,"Psalm 46:2-3, 5-6, 8-9 (R. 8)","ps46:2-3,5-6,8-9(r.8)",The Lord of hosts is with us; the God of Jacob is our stronghold.,
2024-03-13,catholic_gallery_douay_archive,Douay-Rheims dated Mass-reading archive,https://www.catholicgallery.org/mass-reading/130324/,"Psalms 145: 8-9, 13cd-14, 17-18","ps145:8-9,13cd-14,17-18",The Lord is gracious and merciful.,"8 The Lord is gracious and merciful: patient and plenteous in mercy.
9 The Lord is sweet to all: and his tender mercies are over all his works.
13cd The Lord is faithful in all his words: and holy in all his works.
14 The Lord lifteth up all that fall: and setteth up all that are cast down.
17 The Lord is just in all his ways: and holy in all his works.
18 The Lord is nigh unto all them that call upon him: to all that call upon him in truth.
Verse Before the Gospel: John 11: 25a, 26
25a, 26 I am the resurrection and the life, says the Lord; whoever believes in me will never die."
2024-03-13,catholic_leaf_archive,dated Catholic lectionary response archive,https://www.catholicleaf.com/mass-readings-and-reflection-march-13-2024/,"Psalm 145:8-9, 13cd-14, 17-18 (R. 8a)","ps145:8-9,13cd-14,17-18(r.8a)",The Lord is kind and full of compassion.,
2024-03-14,catholic_gallery_douay_archive,Douay-Rheims dated Mass-reading archive,https://www.catholicgallery.org/mass-reading/140324/,"Psalms 106: 19-20, 21-22, 23","ps106:19-20,21-22,23","Remember us, O Lord, as you favor your people.","19 They made also a calf in Horeb: and they adored the graven thing.
20 And they changed their glory into the likeness of a calf that eateth grass.
21 They forgot God, who saved them, who had done great things in Egypt,
22 Wondrous works in the land of Cham: terrible things in the Red Sea.
23 And he said that he would destroy them: had not Moses his chosen stood before him in the breach: To turn away his wrath, lest he should destroy them.
Verse Before the Gospel: John 3: 16
16 God so loved the world that he gave his only-begotten Son, so that everyone who believes in him might have eternal life."
2024-03-14,catholic_leaf_archive,dated Catholic lectionary response archive,https://www.catholicleaf.com/mass-readings-and-reflection-march-14-2024/,"Psalm 106:19-20, 21-22, 23 (R. see 4ab)","ps106:19-20,21-22,23(r.4ab)","O Lord, remember us with the favour you show to your people.",
2024-03-15,catholic_gallery_douay_archive,Douay-Rheims dated Mass-reading archive,https://www.catholicgallery.org/mass-reading/150324/,"Psalms 34: 17-18, 19-20, 21 and 23","ps34:17-18,19-20,21,23",The Lord is close to the brokenhearted.,"17 But the countenance of the Lord is against them that do evil things: to cut off the remembrance of them from the earth.
18 The just cried, and the Lord heard them: and delivered them out of all their troubles.
19 The Lord is nigh unto them that are of a contrite heart: and he will save the humble of spirit.
20 Many are the afflictions of the just; but out of them all will the Lord deliver them.
21 The Lord keepeth all their bones, not one of them shall be broken.
23 The Lord will redeem the souls of his servants: and none of them that trust in him shall offend.
Verse Before the Gospel: Matthew 4: 4b
4b One does not live on bread alone, but on every word that comes forth from the mouth of God."
2024-03-15,catholic_leaf_archive,dated Catholic lectionary response archive,https://www.catholicleaf.com/mass-readings-and-reflection-march-15-2024/,"Psalm 34:17-18, 19-20, 21 and 23 (R. 19a)","ps34:17-18,19-20,21,23(r.19a)",The Lord is close to the broken-hearted.,
2024-03-16,catholic_gallery_douay_archive,Douay-Rheims dated Mass-reading archive,https://www.catholicgallery.org/mass-reading/160324/,"Psalms 7: 2-3, 9bc-10, 11-12","ps7:2-3,9bc-10,11-12","O Lord, my God, in you I take refuge.","2 O Lord my God, in thee have I put my trust: save me from all them that persecute me, and deliver me.
3 Lest at any time he seize upon my soul like a lion, while there is no one to redeem me, nor to save.
9bc Judge me, O Lord, according to my justice, and according to my innocence in me.
10 The wickedness of sinners shall be brought to nought: and thou shalt direct the just: the searcher of hearts and reins is God.
11 Just is my help from the Lord: who saveth the upright of heart.
12 God is a just judge, strong and patient: is he angry every day?
Verse Before the Gospel: Luke 8: 15
15 Blessed are they who have kept the word with a generous heart and yield a harvest through perseverance."
2024-03-16,catholic_leaf_archive,dated Catholic lectionary response archive,https://www.catholicleaf.com/mass-readings-and-reflection-march-16-2024/,"Psalm 7: 2-3, 9bd-10, 11-12 (R. 2a)","ps7:2-3,9bd-10,11-12(r.2a)","O Lord, my God, I take refuge in you",
2024-03-17,catholic_gallery_douay_archive,Douay-Rheims dated Mass-reading archive,https://www.catholicgallery.org/mass-reading/170324/,"Psalms 51: 3-4, 12-13, 14-15","ps51:3-4,12-13,14-15","Create a clean heart in me, O God.","3 Have mercy on me, O God, according to thy great mercy. And according to the multitude of thy tender mercies blot out my iniquity.
4 Wash me yet more from my iniquity, and cleanse me from my sin.
12 Create a clean heart in me, O God: and renew a right spirit within my bowels.
13 Cast me not away from thy face; and take not thy holy spirit from me.
14 Restore unto me the joy of thy salvation, and strengthen me with a perfect spirit.
15 I will teach the unjust thy ways: and the wicked shall be converted to thee."
2024-03-17,catholic_leaf_archive,dated Catholic lectionary response archive,https://www.catholicleaf.com/mass-readings-and-reflection-march-17-2024/,"Psalm 51:3-4, 12-13, 14-15 (R. 12a)","ps51:3-4,12-13,14-15(r.12a)","Create a pure heart for me, O God.",
2024-03-18,catholic_gallery_douay_archive,Douay-Rheims dated Mass-reading archive,https://www.catholicgallery.org/mass-reading/180324/,"Psalms 23: 1-3a, 3b-4, 5, 6","ps23:1-3a,3b-4,5,6",Even though I walk in the dark valley I fear no evil; for you are at my side.,"1 A psalm for David. The Lord ruleth me: and I shall want nothing.
2 He hath set me in a place of pasture. He hath brought me up, on the water of refreshment:
3a He hath converted my soul.
3b He hath led me on the paths of justice, for his own name’s sake.
4 For though I should walk in the midst of the shadow of death, I will fear no evils, for thou art with me. Thy rod and thy staff, they have comforted me.
5 Thou hast prepared a table before me against them that afflict me. Thou hast anointed my head with oil; and my chalice which inebriateth me, how goodly is it!
6 And thy mercy will follow me all the days of my life. And that I may dwell in the house of the Lord unto length of days.
Verse Before the Gospel: Ezekiel 33: 11
11 I take no pleasure in the death of the wicked man, says the Lord, but rather in his conversion, that he may live."
2024-03-18,catholic_leaf_archive,dated Catholic lectionary response archive,https://www.catholicleaf.com/catholic-mass-readings-and-reflection-march-18-2024/,"Psalm 23:1-3a, 3b-4, 5, 6 (R. 4ab)","ps23:1-3a,3b-4,5,6(r.4ab)","Though I should walk in the valley of the shadow of death, no evil would I fear, for you are with me.",
2024-03-19,catholic_gallery_douay_archive,Douay-Rheims dated Mass-reading archive,https://www.catholicgallery.org/mass-reading/190324/,"Psalms 89: 2-3, 4-5, 27 and 29","ps89:2-3,4-5,27,29",The son of David will live for ever.,"2 The mercies of the Lord I will sing for ever. I will shew forth thy truth with my mouth to generation and generation.
3 For thou hast said: Mercy shall be built up for ever in the heavens: thy truth shall be prepared in them.
4 I have made a covenant with my elect: I have sworn to David my servant:
5 Thy seed will I settle for ever. And I will build up thy throne unto generation and generation.
27 He shall cry out to me: Thou art my father: my God, and the support of my salvation.
29 I will keep my mercy for him for ever: and my covenant faithful to him."
2024-03-19,catholic_leaf_archive,dated Catholic lectionary response archive,https://www.catholicleaf.com/catholic-mass-readings-and-reflection-march-19-2024/,"Psalm 89:2-3, 4-5, 27 and 29 (R. 37a)","ps89:2-3,4-5,27,29(r.37a)",His descendants shall continue forever,
2024-03-20,catholic_gallery_douay_archive,Douay-Rheims dated Mass-reading archive,https://www.catholicgallery.org/mass-reading/200324/,"Daniel 3: 52, 53, 54, 55, 56","daniel3:52,53,54,55,56",Glory and praise for ever!,"52 Blessed art thou, O Lord the God of our fathers: and worthy to be praised, and glorified, and exalted above all for ever: and blessed is the holy name of thy glory: and worthy to be praised, and exalted above all in all ages.
53 Blessed art thou in the holy temple of thy glory: and exceedingly to be praised, and exceeding glorious for ever.
54 Blessed art thou on the throne of thy kingdom, and exceedingly to be praised, and exalted above all for ever.
55 Blessed art thou, that beholdest the depths, and sittest upon the cherubims: and worthy to be praised and exalted above all for ever.
56 Blessed art thou in the firmament of heaven: and worthy of praise, and glorious for ever.
Verse Before the Gospel: Luke 8: 15
15 Blessed are they who have kept the word with a generous heart and yield a harvest through perseverance."
2024-03-21,catholic_gallery_douay_archive,Douay-Rheims dated Mass-reading archive,https://www.catholicgallery.org/mass-reading/210324/,"Psalms 105: 4-5, 6-7, 8-9","ps105:4-5,6-7,8-9",The Lord remembers his covenant for ever.,"4 Seek ye the Lord, and be strengthened: seek his face evermore.
5 Remember his marvellous works which he hath done; his wonders, and the judgments of his mouth.
6 O ye seed of Abraham his servant; ye sons of Jacob his chosen.
7 He is the Lord our God: his judgments are in all the earth.
8 He hath remembered his covenant for ever: the word which he commanded to a thousand generations.
9 Which he made to Abraham; and his oath to Isaac:
Verse Before the Gospel: Psalms 95: 8
8 If today you hear his voice, harden not your hearts."
2024-03-21,catholic_leaf_archive,dated Catholic lectionary response archive,https://www.catholicleaf.com/catholic-mass-readings-and-reflection-march-21-2024/,"Psalm 105:4-5, 6-7, 8-9 (R. 8a)","ps105:4-5,6-7,8-9(r.8a)",The Lord remembers his covenant forever.,
2024-03-22,catholic_gallery_douay_archive,Douay-Rheims dated Mass-reading archive,https://www.catholicgallery.org/mass-reading/220324/,"Psalms 18: 2-3a, 3bc-4, 5-6, 7","ps18:2-3a,3bc-4,5-6,7","In my distress I called upon the Lord, and he heard my voice.","2 I will love thee, O Lord, my strength:
3a The Lord is my firmament, my refuge, and my deliverer.
3bc My God is my helper, and in him will I put my trust. My protector and the horn of my salvation, and my support.
4 Praising I will call upon the Lord: and I shall be saved from my enemies.
5 The sorrows of death surrounded me: and the torrents of iniquity troubled me.
6 The sorrows of hell encompassed me: and the snares of death prevented me.
7 In my affliction I called upon the Lord, and I cried to my God: And he heard my voice from his holy temple: and my cry before him came into his ears.
Verse Before the Gospel: John 6: 63c, 68c
63c, 68cYour words, Lord, are Spirit and life; you have the words of everlasting life."
2024-03-22,catholic_leaf_archive,dated Catholic lectionary response archive,https://www.catholicleaf.com/mass-readings-and-reflection-march-22-2024/,"Psalm 18:2-3a, 3bc-4, 5-6, 7 (R. see 7)","ps18:2-3a,3bc-4,5-6,7(r.7)","In my anguish I called to the Lord, and he heard me",
2024-03-23,catholic_gallery_douay_archive,Douay-Rheims dated Mass-reading archive,https://www.catholicgallery.org/mass-reading/230324/,"Jeremiah 31: 10, 11-12, 13","jeremiah31:10,11-12,13","The Lord will guard us, as a shepherd guards his flock.","10 Hear the word of the Lord, O ye nations, and declare it in the islands that are afar off, and say: He that scattered Israel will gather him: and he will keep him as the shepherd doth his flock.
11 For the Lord hath redeemed Jacob, and delivered him out of the hand of one that was mightier than he.
12 And they shall come, and shall give praise in mount Sion: and they shall flow together to the good things of the Lord, for the corn, and wine, and oil, and the increase of cattle and herds.
13 Then shall the virgin rejoice in the dance, the young men and old men together: and I will turn their mourning into joy, and will comfort them, and make them joyful after their sorrow.
Verse Before the Gospel: Ezekiel 18: 31
31 Cast away from you all the crimes you have committed, says the LORD, and make for yourselves a new heart and a new spirit."
2024-03-24,catholic_gallery_douay_archive,Douay-Rheims dated Mass-reading archive,https://www.catholicgallery.org/mass-reading/240324/,"Psalms 22: 8-9, 17-18, 19-20, 23-24","ps22:8-9,17-18,19-20,23-24","My God, my God, why have you abandoned me?","8 All they that saw me have laughed me to scorn: they have spoken with the lips, and wagged the head.
9 He hoped in the Lord, let him deliver him: let him save him, seeing he delighteth in him.
17 For many dogs have encompassed me: the council of the malignant hath besieged me. They have dug my hands and feet.
18 They have numbered all my bones. And they have looked and stared upon me.
19 They parted my garments amongst them; and upon my vesture they cast lots.
20 But thou, O Lord, remove not thy help to a distance from me; look towards my defence.
23 I will declare thy name to my brethren: in the midst of the church will I praise thee.
24 Ye that fear the Lord, praise him: all ye the seed of Jacob, glorify him."
2024-03-24,catholic_leaf_archive,dated Catholic lectionary response archive,https://www.catholicleaf.com/mass-readings-and-reflection-march-24-2024/,"Psalm 22:8-9, 17-18a, 19-20, 23-24 (R. 2a)","ps22:8-9,17-18a,19-20,23-24(r.2a)","My God, my God, Why have you forsaken me?",
2024-03-25,catholic_gallery_douay_archive,Douay-Rheims dated Mass-reading archive,https://www.catholicgallery.org/mass-reading/250324/,"Psalms 27: 1, 2, 3, 13-14","ps27:1,2,3,13-14",The Lord is my light and my salvation.,"1 The psalm of David before he was anointed. The Lord is my light and my salvation, whom shall I fear? The Lord is the protector of my life: of whom shall I be afraid?
2 Whilst the wicked draw near against me, to eat my flesh. My enemies that trouble me, have themselves been weakened, and have fallen.
3 If armies in camp should stand together against me, my heart shall not fear. If a battle should rise up against me, in this will I be confident.
13 I believe to see the good things of the Lord in the land of the living.
14 Expect the Lord, do manfully, and let thy heart take courage, and wait thou for the Lord.
Verse Before the Gospel
Hail to you, our King; you alone are compassionate with our faults."
2024-03-25,catholic_leaf_archive,dated Catholic lectionary response archive,https://www.catholicleaf.com/mass-readings-and-reflection-march-25-2024/,"Psalm 27:1, 2, 3, 13-14 (R. 1a)","ps27:1,2,3,13-14(r.1a)",The Lord is my light and my salvation.,
2024-03-26,catholic_gallery_douay_archive,Douay-Rheims dated Mass-reading archive,https://www.catholicgallery.org/mass-reading/260324/,"Psalms 71: 1-2, 3-4a, 5ab-6ab, 15 and 17","ps71:1-2,3-4a,5ab-6ab,15,17",I will sing of your salvation.,"1 A psalm for David. Of the sons of Jonadab, and the former captives. In thee, O Lord, I have hoped, let me never be put to confusion:
2 Deliver me in thy justice, and rescue me. Incline thy ear unto me, and save me.
3 Be thou unto me a God, a protector, and a place of strength: that thou mayst make me safe. For thou art my firmament and my refuge.
4a Deliver me, O my God, out of the hand of the sinner.
5ab For thou art my patience, O Lord: my hope, O Lord, from my youth;
6ab By thee have I been confirmed from the womb: from my mother’s womb thou art my protector.
15 My mouth shall shew forth thy justice; thy salvation all the day long. Because I have not known learning,
17 Thou hast taught me, O God, from my youth: and till now I will declare thy wonderful works.
Verse Before the Gospel
Hail to you, our King, obedient to the Father; you were led to your crucifixion like a gentle lamb to the slaughter."
2024-03-26,catholic_leaf_archive,dated Catholic lectionary response archive,https://www.catholicleaf.com/mass-readings-and-reflection-march-26-2024/,"Psalm 71:1-2, 3-4a, 5-6ab, 15ab and 17 (R. see 15ab)","ps71:1-2,3-4a,5-6ab,15ab,17(r.15ab)","My mouth will tell of your salvation, Lord.",
2024-03-27,catholic_gallery_douay_archive,Douay-Rheims dated Mass-reading archive,https://www.catholicgallery.org/mass-reading/270324/,"Psalms 69: 8-10, 21-22, 31 and 33-34","ps69:8-10,21-22,31,33-34","Lord, in your great love, answer me.","8 Because for thy sake I have borne reproach; shame hath covered my face.
9 I am become a stranger to my brethren, and an alien to the sons of my mother.
10 For the zeal of thy house hath eaten me up: and the reproaches of them that reproached thee are fallen upon me.
21 In thy sight are all they that afflict me; my heart hath expected reproach and misery. And I looked for one that would grieve together with me, but there was none: and for one that would comfort me, and I found none.
22 And they gave me gall for my food, and in my thirst they gave me vinegar to drink.
31 I will praise the name of God with a canticle: and I will magnify him with praise.
33 Let the poor see and rejoice: seek ye God, and your soul shall live.
34 For the Lord hath heard the poor: and hath not despised his prisoners.
Verse Before the Gospel
Hail to you, our King; you alone are compassionate with our errors.
Or
Hail to you, our King, obedient to the Father; you were led to your crucifixion like a gentle lamb to the slaughter."
2024-03-27,catholic_leaf_archive,dated Catholic lectionary response archive,https://www.catholicleaf.com/mass-readings-and-reflection-march-27-2024/,"Psalm 69:8-10, 21-22, 31 and 33-34 (R. 14c, b)","ps69:8-10,21-22,31,33-34(r.14c,b)","In your great mercy, answer me, O Lord, for a time of your favour.",
2024-03-28,catholic_gallery_douay_archive,Douay-Rheims dated Mass-reading archive,https://www.catholicgallery.org/mass-reading/280324/,"Psalms 116: 12-13, 15-16bc, 17-18","ps116:12-13,15-16bc,17-18",Our blessing-cup is a communion with the Blood of Christ.,"12 What shall I render to the Lord, for all the things he hath rendered unto me?
13 I will take the chalice of salvation; and I will call upon the name of the Lord.
15 Precious in the sight of the Lord is the death of his saints.
16bc I am thy servant: I am thy servant, and the son of thy handmaid. Thou hast broken my bonds:
17 I will sacrifice to thee the sacrifice of praise, and I will call upon the name of the Lord.
18 I will pay my vows to the Lord in the sight of all his people:"
2024-03-28,catholic_leaf_archive,dated Catholic lectionary response archive,https://www.catholicleaf.com/mass-readings-and-reflection-march-28-2024/,"Psalm 116:12-13, 15 and 16bc, 17-18 (R. see 1 Corinthians 10:16)","ps116:12-13,15,16bc,17-18(r.1corinthians10:16)",The cup of blessing is a participation in the blood of Christ.,
2024-03-29,catholic_gallery_douay_archive,Douay-Rheims dated Mass-reading archive,https://www.catholicgallery.org/mass-reading/290324/,"Psalms 31: 2, 6, 12-13, 15-16, 17, 25","ps31:2,6,12-13,15-16,17,25","Father, into your hands I commend my spirit.","2 In thee, O Lord, have I hoped, let me never be confounded: deliver me in thy justice.
6 Into thy hands I commend my spirit: thou hast redeemed me, O Lord, the God of truth.
12 I am become a reproach among all my enemies, and very much to my neighbours; and a fear to my acquaintance. They that saw me without fled from me.
13 I am forgotten as one dead from the heart. I am become as a vessel that is destroyed.
15 But I have put my trust in thee, O Lord: I said: Thou art my God.
16 My lots are in thy hands. Deliver me out of the hands of my enemies; and from them that persecute me.
17 Make thy face to shine upon thy servant; save me in thy mercy.
25 Do ye manfully, and let your heart be strengthened, all ye that hope in the Lord."
2024-03-29,catholic_leaf_archive,dated Catholic lectionary response archive,https://www.catholicleaf.com/mass-readings-and-reflection-march-29-2024/,"Psalm 31:2 and 6, 12-13, 15-16, 17 and 25 (R. Luke 23:46b)","ps31:2,6,12-13,15-16,17,25(r.luke23:46b)","Father, into your hands I commend my spirit!",
2024-03-30,catholic_gallery_douay_archive,Douay-Rheims dated Mass-reading archive,https://www.catholicgallery.org/mass-reading/300324/,"Psalms 118: 1-2, 16-17, 22-23","ps118:1-2,16-17,22-23","Alleluia, alleluia, alleluia.","1 Give praise to Lord, for he is good: for his mercy endureth for ever.
2 Let Israel now say that he is good: that his mercy endureth for ever.
16 The right hand of the Lord hath wrought strength: the right hand of the Lord hath exulted me: the right hand of the Lord hath wrought strength.
17 I shall not die, but live: and shall declare the works of the Lord.
22 The stone which the builders rejected; the same is become the head of the corner.
23 This is the Lord’s doing: and it is wonderful in our eyes."
2024-03-30,catholic_leaf_archive,dated Catholic lectionary response archive,https://www.catholicleaf.com/mass-readings-and-reflection-march-30-2024/,"Psalm 104:1-2a, 5-6, 10 and 12, 13-14, 24 and 35c (R. see 30)","ps104:1-2a,5-6,10,12,13-14,24,35c(r.30)","Lord, send forth your Spirit, and renew the face of the earth.",
2024-03-31,catholic_gallery_douay_archive,Douay-Rheims dated Mass-reading archive,https://www.catholicgallery.org/mass-reading/310324/,"Psalms 118: 1-2, 16-17, 22-23","ps118:1-2,16-17,22-23",This is the day the Lord has made; let us rejoice and be glad.,"or
1 Give praise to Lord, for he is good: for his mercy endureth for ever.
2 Let Israel now say that he is good: that his mercy endureth for ever.
or
16 The right hand of the Lord hath wrought strength: the right hand of the Lord hath exulted me: the right hand of the Lord hath wrought strength.
17 I shall not die, but live: and shall declare the works of the Lord.
or
22 The stone which the builders rejected; the same is become the head of the corner.
23 This is the Lord’s doing: and it is wonderful in our eyes.
or"
2024-03-31,catholic_leaf_archive,dated Catholic lectionary response archive,https://www.catholicleaf.com/mass-readings-and-reflection-march-31-2024/,"Psalm 118:1-2, 16ab-17, 22-23 (R. 24)","ps118:1-2,16ab-17,22-23(r.24)",This is the day the Lord has made; let us rejoice in it and be glad.,
2024-04-01,catholic_gallery_douay_archive,Douay-Rheims dated Mass-reading archive,https://www.catholicgallery.org/mass-reading/010424/,"Psalms 16: 1-2a and 5, 7-8, 9-10, 11","ps16:1-2a,5,7-8,9-10,11","Keep me safe, O God; you are my hope.","or
1 Preserve me, O Lord, for I have put trust in thee.
2a I have said to the Lord, thou art my God.
5 The Lord is the portion of my inheritance and of my cup: it is thou that wilt restore my inheritance to me.
or
7 I will bless the Lord, who hath given me understanding: moreover my reins also have corrected me even till night.
8 I set the Lord always in my sight: for he is at my right hand, that I be not moved.
or
9 Therefore my heart hath been glad, and my tongue hath rejoiced: moreover my flesh also shall rest in hope.
10 Because thou wilt not leave my soul in hell; nor wilt then give thy holy one to see corruption.
or
11 Thou hast made known to me the ways of life, thou shalt fill me with joy with thy countenance: at thy right hand are delights even to the end.
or"
2024-04-01,catholic_leaf_archive,dated Catholic lectionary response archive,https://www.catholicleaf.com/mass-readings-and-reflection-april-01-2024/,"Psalm 16:1-2a and 5, 7-8, 9-10, 11)","ps16:1-2a,5,7-8,9-10,11)","Preserve me, O God, for in you I take refuge. Or Alleluia",
2024-04-02,catholic_gallery_douay_archive,Douay-Rheims dated Mass-reading archive,https://www.catholicgallery.org/mass-reading/020424/,"Psalms 33: 4-5, 18-19, 20 and 22","ps33:4-5,18-19,20,22",The earth is full of the goodness of the Lord.,"or
4 For the word of the Lord is right, and all his works are done with faithfulness.
5 He loveth mercy and judgment; the earth is full of the mercy of the Lord.
or
18 Behold the eyes of the Lord are on them that fear him: and on them that hope in his mercy.
19 To deliver their souls from death; and feed them in famine.
or
20 Our soul waiteth for the Lord: for he is our helper and protector.
22 Let thy mercy, O Lord, be upon us, as we have hoped in thee.
or"
2024-04-02,catholic_leaf_archive,dated Catholic lectionary response archive,https://www.catholicleaf.com/mass-readings-and-reflection-april-02-2024/,"Psalm 33:4-5, 18-19, 20 and 22 (R. 5b)","ps33:4-5,18-19,20,22(r.5b)",His merciful love fills the earth. Or Alleluia !,
2024-04-03,catholic_gallery_douay_archive,Douay-Rheims dated Mass-reading archive,https://www.catholicgallery.org/mass-reading/030424/,"Psalms 105: 1-2, 3-4, 6-7, 8-9","ps105:1-2,3-4,6-7,8-9","Rejoice, O hearts that seek the Lord.","or
1 Alleluia. Give glory to the Lord, and call upon his name: declare his deeds among the Gentiles.
2 Sing to him, yea sing praises to him: relate all his wondrous works.
or
3 Glory ye in his holy name: let the heart of them rejoice that seek the Lord.
4 Seek ye the Lord, and be strengthened: seek his face evermore.
or
6 O ye seed of Abraham his servant; ye sons of Jacob his chosen.
7 He is the Lord our God: his judgments are in all the earth.
or
8 He hath remembered his covenant for ever: the word which he commanded to a thousand generations.
9 Which he made to Abraham; and his oath to Isaac:
or"
2024-04-03,catholic_leaf_archive,dated Catholic lectionary response archive,https://www.catholicleaf.com/mass-readings-and-reflection-april-03-2024/,"Psalm 105:1-2, 3-4, 6-7, 8-9 (R. 3b)","ps105:1-2,3-4,6-7,8-9(r.3b)",Let the hearts that seek the Lord rejoice. Or: Alleluia.,
2024-04-04,catholic_gallery_douay_archive,Douay-Rheims dated Mass-reading archive,https://www.catholicgallery.org/mass-reading/040424/,"Psalms 8: 2ab and 5, 6-7, 8-9","ps8:2ab,5,6-7,8-9","O Lord, our God, how wonderful your name in all the earth!","or
2ab O Lord our Lord, how admirable is thy name in the whole earth!
5 What is man that thou art mindful of him? or the son of man that thou visitest him?
or
6 Thou hast made him a little less than the angels, thou hast crowned him with glory and honour:
7 And hast set him over the works of thy hands.
or
8 Thou hast subjected all things under his feet, all sheep and oxen: moreover the beasts also of the fields.
9 The birds of the air, and the fishes of the sea, that pass through the paths of the sea.
or"
2024-04-04,catholic_leaf_archive,dated Catholic lectionary response archive,https://www.catholicleaf.com/mass-readings-and-reflection-april-04-2024/,"Psalm 8:2ab and 5, 6-7a, 7b-9 (R. 2ab)","ps8:2ab,5,6-7a,7b-9(r.2ab)","O Lord, our Lord, how majestic is your name through all the earth! Or: Alleluia.",
2024-04-05,catholic_gallery_douay_archive,Douay-Rheims dated Mass-reading archive,https://www.catholicgallery.org/mass-reading/050424/,"Psalms 118: 1-2 and 4, 22-24, 25-27a","ps118:1-2,4,22-24,25-27a",The stone rejected by the builders has become the cornerstone.,"or
1 Give praise to Lord, for he is good: for his mercy endureth for ever.
2 Let Israel now say that he is good: that his mercy endureth for ever.
4 Let them that fear the Lord now say, that his mercy endureth for ever.
or
22 The stone which the builders rejected; the same is become the head of the corner.
23 This is the Lord’s doing: and it is wonderful in our eyes.
24 This is the day which the Lord hath made: let us be glad and rejoice therein.
or
25 O Lord, save me: O Lord, give good success.
26 Blessed be he that cometh in the name Lord. We have blessed you out of the house of the Lord.
27a The Lord is God, and he hath shone upon us.
or"
2024-04-05,catholic_leaf_archive,dated Catholic lectionary response archive,https://www.catholicleaf.com/mass-readings-and-reflection-april-05-2024/,"Psalm 8:2ab and 5, 6-7a, 7b-9 (R. 2ab)","ps8:2ab,5,6-7a,7b-9(r.2ab)","O Lord, our Lord, how majestic is your name through all the earth! Or: Alleluia.",
2024-04-06,catholic_gallery_douay_archive,Douay-Rheims dated Mass-reading archive,https://www.catholicgallery.org/mass-reading/060424/,"Psalms 118: 1 and 14-15ab, 16-18, 19-21","ps118:1,14-15ab,16-18,19-21","I will give thanks to you, for you have answered me.","or
1 Give praise to Lord, for he is good: for his mercy endureth for ever.
14 The Lord is my strength and my praise: and he is become my salvation.
15ab The voice of rejoicing and of salvation is in the tabernacles of the just.
or
16 The right hand of the Lord hath wrought strength: the right hand of the Lord hath exulted me: the right hand of the Lord hath wrought strength.
17 I shall not die, but live: and shall declare the works of the Lord.
18 The Lord chastising hath chastised me: but he hath not delivered me over to death.
or
19 Open ye to me the gates of justice: I will go into them, and give praise to the Lord.
20 This is the gate of the Lord, the just shall enter into it.
21 I will give glory to thee because thou hast heard me: and art become my salvation.
or"
2024-04-06,catholic_leaf_archive,dated Catholic lectionary response archive,https://www.catholicleaf.com/mass-readings-and-reflection-april-06-2024/,"Psalm 118:1 and 14-15ab, 16-18, 19-21","ps118:1,14-15ab,16-18,19-21","I will thank you, Lord, for you have answered me Or: Alleluia.",
2024-04-07,catholic_gallery_douay_archive,Douay-Rheims dated Mass-reading archive,https://www.catholicgallery.org/mass-reading/070424/,"Psalms 118: 2-4, 13-15, 22-24","ps118:2-4,13-15,22-24","Give thanks to the Lord for he is good, his love is everlasting.","or
2 Let Israel now say that he is good: that his mercy endureth for ever.
3 Let the house of Aaron now say, that his mercy endureth for ever.
4 Let them that fear the Lord now say, that his mercy endureth for ever.
or
13 Being pushed I was overturned that I might fall: but the Lord supported me.
14 The Lord is my strength and my praise: and he is become my salvation.
15 The voice of rejoicing and of salvation is in the tabernacles of the just.
or
22 The stone which the builders rejected; the same is become the head of the corner.
23 This is the Lord’s doing: and it is wonderful in our eyes.
24 This is the day which the Lord hath made: let us be glad and rejoice therein.
or"
2024-04-07,catholic_leaf_archive,dated Catholic lectionary response archive,https://www.catholicleaf.com/mass-readings-and-reflection-april-07-2024/,"Psalm 118:2-4, 16b-18, 22-24 (R. 1)","ps118:2-4,16b-18,22-24(r.1)","Give praise to the Lord, for he is good; his mercy endures forever.",
2024-04-08,catholic_gallery_douay_archive,Douay-Rheims dated Mass-reading archive,https://www.catholicgallery.org/mass-reading/080424/,"Psalms 40: 7-8a, 8b-9, 10, 11","ps40:7-8a,8b-9,10,11","Here I am, Lord; I come to do your will.","7 Sacrifice and oblation thou didst not desire; but thou hast pierced ears for me. Burnt offering and sin offering thou didst not require:
8a Then said I, Behold I come.
8 In the head of the book it is written of me
9 That I should do thy will: O my God, I have desired it, and thy law in the midst of my heart.
10 I have declared thy justice in a great church, lo, I will not restrain my lips: O Lord, thou knowest it.
11 I have not hid thy justice within my heart: I have declared thy truth and thy salvation. I have not concealed thy mercy and thy truth from a great council."
2024-04-08,catholic_leaf_archive,dated Catholic lectionary response archive,https://www.catholicleaf.com/mass-readings-and-reflection-april-08-2024/,"Psalm 40:7-8a, 8b-9, 10, 11 (R. See 8a 9a)","ps40:7-8a,8b-9,10,11(r.8a9a)","See, I have come, Lord, to do your will",
2024-04-09,catholic_gallery_douay_archive,Douay-Rheims dated Mass-reading archive,https://www.catholicgallery.org/mass-reading/090424/,"Psalms 93: 1ab, 1cd-2, 5","ps93:1ab,1cd-2,5",The Lord is king; he is robed in majesty.,"or
1ab The Lord hath reigned, he is clothed with beauty: the Lord is clothed with strength, and hath girded himself.
or
1cd For he hath established the world which shall not be moved.
2 Thy throne is prepared from of old: thou art from everlasting.
or
5 Thy testimonies are become exceedingly credible: holiness becometh thy house, O Lord, unto length of days.
or"
2024-04-09,catholic_leaf_archive,dated Catholic lectionary response archive,https://www.catholicleaf.com/mass-readings-and-reflection-april-09-2024/,"Psalm 93:1abc, 1d-2, 5 (R. 1a)","ps93:1abc,1d-2,5(r.1a)","The Lord is king, with majesty enrobed.",
2024-04-10,catholic_gallery_douay_archive,Douay-Rheims dated Mass-reading archive,https://www.catholicgallery.org/mass-reading/100424/,"Psalms 34: 2-3, 4-5, 6-7, 8-9","ps34:2-3,4-5,6-7,8-9",The Lord hears the cry of the poor.,"or
2 I will bless the Lord at all times, his praise shall be always in my mouth.
3 In the Lord shall my soul be praised: let the meek hear and rejoice.
or
4 O magnify the Lord with me; and let us extol his name together.
5 I sought the Lord, and he heard me; and he delivered me from all my troubles.
or
6 Come ye to him and be enlightened: and your faces shall not be confounded.
7 This poor man cried, and the Lord heard him: and saved him out of all his troubles.
or
8 The angel of the Lord shall encamp round about them that fear him: and shall deliver them.
9 O taste, and see that the Lord is sweet: blessed is the man that hopeth in him.
or"
2024-04-10,catholic_leaf_archive,dated Catholic lectionary response archive,https://www.catholicleaf.com/mass-readings-and-reflection-april-10-2024/,"Psalm 34:2-3, 4-5, 6-7, 8-9 (R. 7a)","ps34:2-3,4-5,6-7,8-9(r.7a)","The lowly one called, and the Lord heard him.",
2024-04-11,catholic_gallery_douay_archive,Douay-Rheims dated Mass-reading archive,https://www.catholicgallery.org/mass-reading/110424/,"Psalms 34: 2 and 9, 17-18, 19-20","ps34:2,9,17-18,19-20",The Lord hears the cry of the poor.,"or
2 I will bless the Lord at all times, his praise shall be always in my mouth.
9 O taste, and see that the Lord is sweet: blessed is the man that hopeth in him.
or
17 But the countenance of the Lord is against them that do evil things: to cut off the remembrance of them from the earth.
18 The just cried, and the Lord heard them: and delivered them out of all their troubles.
or
19 The Lord is nigh unto them that are of a contrite heart: and he will save the humble of spirit.
20 Many are the afflictions of the just; but out of them all will the Lord deliver them.
or"
2024-04-11,catholic_leaf_archive,dated Catholic lectionary response archive,https://www.catholicleaf.com/mass-readings-and-reflection-april-11-2024/,"Psalm 34:2 and 9, 17-18, 19-20 (R. see 7a)","ps34:2,9,17-18,19-20(r.7a)","The lowly one called, and the Lord heard him",
2024-04-12,catholic_gallery_douay_archive,Douay-Rheims dated Mass-reading archive,https://www.catholicgallery.org/mass-reading/120424/,"Psalms 27: 1, 4, 13-14","ps27:1,4,13-14",One thing I seek: to dwell in the house of the Lord.,"or
1 The psalm of David before he was anointed. The Lord is my light and my salvation, whom shall I fear? The Lord is the protector of my life: of whom shall I be afraid?
or
4 One thing I have asked of the Lord, this will I seek after; that I may dwell in the house of the Lord all the days of my life. That I may see the delight of the Lord, and may visit his temple.
or
13 I believe to see the good things of the Lord in the land of the living.
14 Expect the Lord, do manfully, and let thy heart take courage, and wait thou for the Lord.
or"
2024-04-12,catholic_leaf_archive,dated Catholic lectionary response archive,https://www.catholicleaf.com/mass-readings-and-reflection-april-12-2024/,"Psalm 27:1, 4, 13-14 (R. 4ac)","ps27:1,4,13-14(r.4ac)","There is one thing I ask of the Lord, to live in the house of the Lord",
2024-04-13,catholic_gallery_douay_archive,Douay-Rheims dated Mass-reading archive,https://www.catholicgallery.org/mass-reading/130424/,"Psalms 33: 1-2, 4-5, 18-19","ps33:1-2,4-5,18-19","Lord, let your mercy be on us, as we place our trust in you.","or
1 A psalm for David. Rejoice in the Lord, O ye just: praise becometh the upright.
2 Give praise to the Lord on the harp; sing to him with the psaltery, the instrument of ten strings.
or
4 For the word of the Lord is right, and all his works are done with faithfulness.
5 He loveth mercy and judgment; the earth is full of the mercy of the Lord.
or
18 Behold the eyes of the Lord are on them that fear him: and on them that hope in his mercy.
19 To deliver their souls from death; and feed them in famine.
or"
2024-04-13,catholic_leaf_archive,dated Catholic lectionary response archive,https://www.catholicleaf.com/mass-readings-and-reflection-april-13-2024/,"Psalm 33:1-2, 4-5, 18-19","ps33:1-2,4-5,18-19","May your merciful love be upon us, as we hope in you, O Lord. Or Alleluia",
2024-04-14,catholic_gallery_douay_archive,Douay-Rheims dated Mass-reading archive,https://www.catholicgallery.org/mass-reading/140424/,"Psalms 4: 2, 4, 7-8, 9","ps4:2,4,7-8,9","Lord, let your face shine on us.","or
2 When I called upon him, the God of my justice heard me: when I was in distress, thou hast enlarged me. Have mercy on me: and hear my prayer.
or
4 Know ye also that the Lord hath made his holy one wonderful: the Lord will hear me when I shall cry unto him.
or
7 The light of thy countenance O Lord, is signed upon us: thou hast given gladness in my heart.
8 By the fruit of their corn, their wine and oil, they are multiplied.
or
9 In peace in the selfsame I will sleep, and I will rest: For thou, O Lord, singularly hast settled me in hope.
or"
2024-04-14,catholic_leaf_archive,dated Catholic lectionary response archive,https://www.catholicleaf.com/mass-readings-and-reflection-april-14-2024/,"Psalm 4:2, 4, 7, 9 (R. 7b)","ps4:2,4,7,9(r.7b)","Lift up the light of your face on us, O Lord.",
2024-04-15,catholic_gallery_douay_archive,Douay-Rheims dated Mass-reading archive,https://www.catholicgallery.org/mass-reading/150424/,"Psalms 119: 23-24, 26-27, 29-30","ps119:23-24,26-27,29-30",Blessed are they who follow the law of the Lord!,"or
23 For princes sat, and spoke against me: but thy servant was employed in thy justifications.
24 For thy testimonies are my meditation: and thy justifications my counsel.
or
26 I have declared my ways, and thou hast heard me: teach me thy justifications.
27 Make me to understand the way of thy justifications: and I shall be exercised in thy wondrous works.
or
29 Remove from me the way of iniquity: and out of thy law have mercy on me.
30 I have chosen the way of truth: thy judgments I have not forgotten.
or"
2024-04-15,catholic_leaf_archive,dated Catholic lectionary response archive,https://www.catholicleaf.com/mass-readings-and-reflection-april-15-2024/,"Psalm 119:23-24, 26-27, 29-30 (R. 1b)","ps119:23-24,26-27,29-30(r.1b)",Blessed are those walk in the law of the Lord.,
2024-04-16,catholic_gallery_douay_archive,Douay-Rheims dated Mass-reading archive,https://www.catholicgallery.org/mass-reading/160424/,"Psalms 31: 3cd-4, 6 and 7b and 8a, 17 and 21ab","ps31:3cd-4,6,7b,8a,17,21ab","Into your hands, O Lord, I commend my spirit.","or
3cd Be thou unto me a God, a protector, and a house of refuge, to save me.
4 For thou art my strength and my refuge; and for thy name’s sake thou wilt lead me, and nourish me.
or
6 Into thy hands I commend my spirit: thou hast redeemed me, O Lord, the God of truth.
7b But I have hoped in the Lord:
8a I will be glad and rejoice in thy mercy.
or
17 Make thy face to shine upon thy servant; save me in thy mercy.
21ab Thou shalt hide them in the secret of thy face, from the disturbance of men.
or"
2024-04-16,catholic_leaf_archive,dated Catholic lectionary response archive,https://www.catholicleaf.com/mass-readings-and-reflection-april-16-2024/,"Psalm 31:3bc-4, 6 and 7b-8a, 17 and 21ab (R. 6a)","ps31:3bc-4,6,7b-8a,17,21ab(r.6a)","Into your hands, O Lord, I commend my spirit.",
2024-04-17,catholic_gallery_douay_archive,Douay-Rheims dated Mass-reading archive,https://www.catholicgallery.org/mass-reading/170424/,"Psalms 66: 1-3a, 4-5, 6-7a","ps66:1-3a,4-5,6-7a",Let all the earth cry out to God with joy.,"or
1 Shout with joy to God, all the earth,
2 Sing ye a psalm to his name; give glory to his praise.
3a Say unto God, How terrible are thy works, O Lord!
or
4 Let all the earth adore thee, and sing to thee: let it sing a psalm to thy name.
5 Come and see the works of God; who is terrible in his counsels over the sons of men.
or
6 Who turneth the sea into dry land, in the river they shall pass on foot: there shall we rejoice in him.
7a Who by his power ruleth for ever.
or"
2024-04-17,catholic_leaf_archive,dated Catholic lectionary response archive,https://www.catholicleaf.com/mass-readings-and-reflection-april-17-2024/,"Psalm 66:1-3a, 4-5, 6-7a (R. 1)","ps66:1-3a,4-5,6-7a(r.1)","Cry out with joy to God, all the earth.",
2024-04-18,catholic_gallery_douay_archive,Douay-Rheims dated Mass-reading archive,https://www.catholicgallery.org/mass-reading/180424/,"Psalms 66: 8-9, 16-17, 20","ps66:8-9,16-17,20",Let all the earth cry out to God with joy.,"or
8 O bless our God, ye Gentiles: and make the voice of his praise to be heard.
9 Who hath set my soul to live: and hath not suffered my feet to be moved:
or
16 Come and hear, all ye that fear God, and I will tell you what great things he hath done for my soul.
17 I cried to him with my mouth: and I extolled him with my tongue.
or
20 Blessed be God, who hath not turned away my prayer, nor his mercy from me.
or"
2024-04-18,catholic_leaf_archive,dated Catholic lectionary response archive,https://www.catholicleaf.com/mass-readings-and-reflection-april-18-2024/,"Psalm 66:8-9, 16-17, 20 (R. 1)","ps66:8-9,16-17,20(r.1)","Cry out with joy to God, all the earth.",
2024-04-19,catholic_gallery_douay_archive,Douay-Rheims dated Mass-reading archive,https://www.catholicgallery.org/mass-reading/190424/,"Psalms 117: 1, 2","ps117:1,2",Go out to all the world and tell the Good News.,"or
1 O praise the Lord, all ye nations: praise him, all ye people.
or
2 For his mercy is confirmed upon us: and the truth of the Lord remaineth for ever.
or"
2024-04-19,catholic_leaf_archive,dated Catholic lectionary response archive,https://www.catholicleaf.com/mass-readings-and-reflection-april-19-2024/,"Psalm 117:1, 2 (R. see Mark 16:15)","ps117:1,2(r.mark16:15)","Go into all the world, and proclaim the Gospel.",
2024-04-20,catholic_gallery_douay_archive,Douay-Rheims dated Mass-reading archive,https://www.catholicgallery.org/mass-reading/200424/,"Psalms 116: 12-13, 14-15, 16-17","ps116:12-13,14-15,16-17",How shall I make a return to the Lord for all the good he has done for me?,"or
12 What shall I render to the Lord, for all the things he hath rendered unto me?
13 I will take the chalice of salvation; and I will call upon the name of the Lord.
or
14 I will pay my vows to the Lord before all his people:
15 Precious in the sight of the Lord is the death of his saints.
or
16 O Lord, for I am thy servant: I am thy servant, and the son of thy handmaid. Thou hast broken my bonds:
17 I will sacrifice to thee the sacrifice of praise, and I will call upon the name of the Lord.
or"
2024-04-20,catholic_leaf_archive,dated Catholic lectionary response archive,https://www.catholicleaf.com/mass-readings-and-reflection-april-20-2024/,"Psalm 116: 12-13, 14-15, 16-17","ps116:12-13,14-15,16-17",How can I repay the Lord for all his goodness to me,
2024-04-21,catholic_gallery_douay_archive,Douay-Rheims dated Mass-reading archive,https://www.catholicgallery.org/mass-reading/210424/,"Psalms 118: 1, 8-9, 21-23, 26, 28, 29","ps118:1,8-9,21-23,26,28,29",The stone rejected by the builders has become the cornerstone.,"or
1 Give praise to Lord, for he is good: for his mercy endureth for ever.
8 It is good to confide in the Lord, rather than to have confidence in man.
9 It is good to trust in the Lord, rather than to trust in princes.
or
21 I will give glory to thee because thou hast heard me: and art become my salvation.
22 The stone which the builders rejected; the same is become the head of the corner.
23 This is the Lord’s doing: and it is wonderful in our eyes.
or
26 Blessed be he that cometh in the name Lord. We have blessed you out of the house of the Lord.
28 Thou art my God, and I will praise thee: thou art my God, and I will exalt thee. I will praise thee, because thou hast heard me, and art become my salvation.
29 O praise ye the Lord, for he is good: for his mercy endureth for ever.
or"
2024-04-21,catholic_leaf_archive,dated Catholic lectionary response archive,https://www.catholicleaf.com/mass-readings-and-reflection-april-21-2024/,"Psalm 118:1 and 8-9, 21-23, 26 and 28-29 (R. 22)","ps118:1,8-9,21-23,26,28-29(r.22)",The stone that the builders rejected has become the cornerstone.,
2024-04-22,catholic_gallery_douay_archive,Douay-Rheims dated Mass-reading archive,https://www.catholicgallery.org/mass-reading/220424/,Psalms 42: 2-3; 43: 3-4,"ps42:2-3,43:3-4",Athirst is my soul for the living God.,"or
2 As the hart panteth after the fountains of water; so my soul panteth after thee, O God.
3 My soul hath thirsted after the strong living God; when shall I come and appear before the face of God?
or
43:3 Send forth thy light and thy truth: they have conducted me, and brought me unto thy holy hill, and into thy tabernacles.
or
4 And I will go in to the altar of God: to God who giveth joy to my youth. To thee, O God my God, I will give praise upon the harp: why art thou sad, O my soul?
or"
2024-04-22,catholic_leaf_archive,dated Catholic lectionary response archive,https://www.catholicleaf.com/mass-readings-and-reflection-april-22-2024/,"Psalm 42:2-3; 43:3, 4 (R. see 42:3ab)","ps42:2-3,43:3,4(r.42:3ab)","My soul is thirsting for you, the living God.",
2024-04-23,catholic_gallery_douay_archive,Douay-Rheims dated Mass-reading archive,https://www.catholicgallery.org/mass-reading/230424/,"Psalms 87: 1b-3, 4-5, 6-7","ps87:1b-3,4-5,6-7","All you nations, praise the Lord.","or
1b His foundations thereof are in the holy mountains:
2 The Lord loveth the gates of Sion above all the tabernacles of Jacob.
3 Glorious things are said of thee, O city of God.
or
4 I will be mindful of Rahab and of Babylon knowing me. Behold the foreigners, and Tyre, and the people of the Ethiopians, these were there.
5 Shall not Sion say: This man and that man is born in her? and the Highest himself hath founded her.
or
6 The Lord shall tell in his writings of peoples and of princes, of them that have been in her.
7 The dwelling in thee is as it were of all rejoicing.
or"
2024-04-23,catholic_leaf_archive,dated Catholic lectionary response archive,https://www.catholicleaf.com/mass-readings-and-reflection-april-23-2024/,"Psalm 87:1-3, 4-5, 6-7 (Psalm 117:1a)","ps87:1-3,4-5,6-7(psalm117:1a)","O praise the Lord, all you nations",
2024-04-24,catholic_gallery_douay_archive,Douay-Rheims dated Mass-reading archive,https://www.catholicgallery.org/mass-reading/240424/,"Psalms 67: 2-3, 5, 6 and 8","ps67:2-3,5,6,8","O God, let all the nations praise you!","or
2 May God have mercy on us, and bless us: may he cause the light of his countenance to shine upon us, and may he have mercy on us.
3 That we may know thy way upon earth: thy salvation in all nations.
or
5 Let the nations be glad and rejoice: for thou judgest the people with justice, and directest the nations upon earth.
or
6 Let the people, O God, confess to thee: let all the people give praise to thee:
8 May God bless us: and all the ends of the earth fear him.
or"
2024-04-24,catholic_leaf_archive,dated Catholic lectionary response archive,https://www.catholicleaf.com/mass-readings-and-reflection-april-24-2024/,"Psalm 67:2-3, 5, 6 and 8 (R. 4)","ps67:2-3,5,6,8(r.4)","Let the peoples praise you, O God; let all the peoples praise you!",
2024-04-25,catholic_gallery_douay_archive,Douay-Rheims dated Mass-reading archive,https://www.catholicgallery.org/mass-reading/250424/,"Psalms 89: 2-3, 6-7, 16-17","ps89:2-3,6-7,16-17",For ever I will sing the goodness of the Lord.,"or
2 The mercies of the Lord I will sing for ever. I will shew forth thy truth with my mouth to generation and generation.
3 For thou hast said: Mercy shall be built up for ever in the heavens: thy truth shall be prepared in them.
or
6 The heavens shall confess thy wonders, O Lord: and thy truth in the church of the saints.
7 For who in the clouds can be compared to the Lord: or who among the sons of God shall be like to God?
or
16 Blessed is the people that knoweth jubilation. They shall walk, O Lord, in the light of thy countenance:
17 And in thy name they shall rejoice all the day, and in thy justice they shall be exalted.
or"
2024-04-25,catholic_leaf_archive,dated Catholic lectionary response archive,https://www.catholicleaf.com/mass-readings-and-reflection-april-25-2024/,"Psalm 89:2-3, 6-7, 16-17 (R. See 2a)","ps89:2-3,6-7,16-17(r.2a)","I will sing forever of your mercies, O Lord.",
2024-04-26,catholic_gallery_douay_archive,Douay-Rheims dated Mass-reading archive,https://www.catholicgallery.org/mass-reading/260424/,"Psalms 2: 6-7, 8-9, 10-11ab","ps2:6-7,8-9,10-11ab",You are my Son; this day I have begotten you.,"or
6 But I am appointed king by him over Sion his holy mountain, preaching his commandment.
7 The Lord hath said to me: Thou art my son, this day have I begotten thee.
or
8 Ask of me, and I will give thee the Gentiles for thy inheritance, and the utmost parts of the earth for thy possession.
9 Thou shalt rule them with a rod of iron, and shalt break them in pieces like a potter’s vessel.
or
10 And now, O ye kings, understand: receive instruction, you that judge the earth.
11ab Serve ye the Lord with fear: and rejoice unto him with trembling.
or"
2024-04-26,catholic_leaf_archive,dated Catholic lectionary response archive,https://www.catholicleaf.com/mass-readings-and-reflection-april-26-2024/,"Psalm 2:6-7, 8-9, 10-11a (R. 7bc)","ps2:6-7,8-9,10-11a(r.7bc)",You are my son. It is I who have begotten you this day.,
2024-04-27,catholic_gallery_douay_archive,Douay-Rheims dated Mass-reading archive,https://www.catholicgallery.org/mass-reading/270424/,"Psalms 98: 1, 2-3ab, 3cd-4","ps98:1,2-3ab,3cd-4",All the ends of the earth have seen the saving power of God.,"or
1 Sing ye to the Lord anew canticle: because he hath done wonderful things. His right hand hath wrought for him salvation, and his arm is holy.
or
2 The Lord hath made known his salvation: he hath revealed his justice in the sight of the Gentiles.
3ab He hath remembered his mercy his truth toward the house of Israel.
or
3cd All the ends of the earth have seen the salvation of our God.
4 Sing joyfully to God, all the earth; make melody, rejoice and sing.
or"
2024-04-27,catholic_leaf_archive,dated Catholic lectionary response archive,https://www.catholicleaf.com/mass-readings-and-reflection-april-27-2024/,"Psalm 98:1, 2-3ab, 3cd-4","ps98:1,2-3ab,3cd-4",All the ends of the earth have seen the salvation of our God,
2024-04-28,catholic_gallery_douay_archive,Douay-Rheims dated Mass-reading archive,https://www.catholicgallery.org/mass-reading/280424/,"Psalms 22: 26-27, 28, 30, 31-32","ps22:26-27,28,30,31-32","I will praise you, Lord, in the assembly of your people.","or
26 With thee is my praise in a great church: I will pay my vows in the sight of them that fear him.
27 The poor shall eat and shall be filled: and they shall praise the Lord that seek him: their hearts shall live for ever and ever.
or
28 All the ends of the earth shall remember, and shall be converted to the Lord: And all the kindreds of the Gentiles shall adore in his sight.
30 All the fat ones of the earth have eaten and have adored: all they that go down to the earth shall fall before him.
or
31 And to him my soul shall live: and my seed shall serve him.
32 There shall be declared to the Lord a generation to come: and the heavens shall shew forth his justice to a people that shall be born, which the Lord hath made.
or"
2024-04-28,catholic_leaf_archive,dated Catholic lectionary response archive,https://www.catholicleaf.com/mass-readings-and-reflection-april-28-2024/,"Psalm 22:26b-27, 28 and 30, 31-32 (R. 26a)","ps22:26b-27,28,30,31-32(r.26a)","You are my praise, Lord, in the great assembly.",
2024-04-29,catholic_gallery_douay_archive,Douay-Rheims dated Mass-reading archive,https://www.catholicgallery.org/mass-reading/290424/,"Psalms 115: 1-2, 3-4, 15-16","ps115:1-2,3-4,15-16","Not to us, O Lord, but to your name give the glory.","or
1 Not to us, O Lord, not to us; but to thy name give glory.
2 For thy mercy, and for thy truth’s sake: lest the gentiles should say: Where is their God?
or
3 But our God is in heaven: he hath done all things whatsoever he would.
4 The idols of the gentiles are silver and gold, the works of the hands of men.
or
15 Blessed be you of the Lord, who made heaven and earth.
16 The heaven of heaven is the Lord’s: but the earth he has given to the children of men.
or"
2024-04-29,catholic_leaf_archive,dated Catholic lectionary response archive,https://www.catholicleaf.com/mass-readings-and-reflection-april-29-2024/,"Psalm 115:1-2, 3-4, 15-16 (R. 1ab)","ps115:1-2,3-4,15-16(r.1ab)","Not to us, O Lord, but to your name give the glory",
2024-04-30,catholic_gallery_douay_archive,Douay-Rheims dated Mass-reading archive,https://www.catholicgallery.org/mass-reading/300424/,"Psalms 145: 10-11, 12-13ab, 21","ps145:10-11,12-13ab,21","Your friends make known, O Lord, the glorious splendor of your kingdom.","or
10 Let all thy works, O lord, praise thee: and let thy saints bless thee.
11 They shall speak of the glory of thy kingdom: and shall tell of thy power:
or
12 To make thy might known to the sons of men: and the glory of the magnificence of thy kingdom.
13 Thy kingdom is a kingdom of all ages: and thy dominion endureth throughout all generations.
or
21 My mouth shall speak the praise of the Lord: and let all flesh bless thy holy name for ever; yea, for ever and ever.
or"
2024-04-30,catholic_leaf_archive,dated Catholic lectionary response archive,https://www.catholicleaf.com/mass-readings-and-reflection-april-30-2024/,"Psalm 145:10-11, 12-13ab, 21 (R. see 12a)","ps145:10-11,12-13ab,21(r.12a)","Your friends make known, O Lord, the glory of your reign.",
2024-05-01,catholic_gallery_douay_archive,Douay-Rheims dated Mass-reading archive,https://www.catholicgallery.org/mass-reading/010524/,"Psalms 122: 1-2, 3-4ab, 4cd-5","ps122:1-2,3-4ab,4cd-5",Let us go rejoicing to the house of the Lord.,"or
1 I rejoiced at the things that were said to me: We shall go into the house of the Lord.
2 Our feet were standing in thy courts, O Jerusalem.
or
3 Jerusalem, which is built as a city, which is compact together.
4ab For thither did the tribes go up, the tribes of the Lord.
or
4cd the testimony of Israel, to praise the name of the Lord.
5 Because their seats have sat in judgment, seats upon the house of David.
or"
2024-05-01,catholic_leaf_archive,dated Catholic lectionary response archive,https://www.catholicleaf.com/mass-readings-and-reflection-may-01-2024/,"Psalm 122:1-2, 3-4ab, 4cd-5 (R. see 1)","ps122:1-2,3-4ab,4cd-5(r.1)",Let us go rejoicing to the house of the Lord.,
2024-05-02,catholic_gallery_douay_archive,Douay-Rheims dated Mass-reading archive,https://www.catholicgallery.org/mass-reading/020524/,"Psalms 96: 1-2a, 2b-3, 10","ps96:1-2a,2b-3,10",Proclaim God’s marvelous deeds to all the nations.,"or
1 A canticle for David himself, when the house was built after the captivity. Sing ye to the Lord a new canticle: sing to the Lord, all the earth.
2a Sing ye to the Lord and bless his name.
or
2b shew forth his salvation from day to day.
3 Declare his glory among the Gentiles: his wonders among all people.
or
10 Say ye among the Gentiles, the Lord hath reigned. For he hath corrected the world, which shall not be moved: he will judge the people with justice.
or"
2024-05-02,catholic_leaf_archive,dated Catholic lectionary response archive,https://www.catholicleaf.com/mass-readings-and-reflection-may-02-2024/,"Psalm 96:1-2a, 2b-3, 10 (R. see 3)","ps96:1-2a,2b-3,10(r.3)",Tell among all the peoples the wonders of the Lord.,
2024-05-03,catholic_gallery_douay_archive,Douay-Rheims dated Mass-reading archive,https://www.catholicgallery.org/mass-reading/030524/,"Psalms 19: 2-3, 4-5","ps19:2-3,4-5",Their message goes out through all the earth.,"or
2 The heavens shew forth the glory of God, and the firmament declareth the work of his hands.
3 Day to day uttereth speech, and night to night sheweth knowledge.
or
4 There are no speeches nor languages, where their voices are not heard.
5 Their sound hath gone forth into all the earth: and their words unto the ends of the world.
or"
2024-05-03,catholic_leaf_archive,dated Catholic lectionary response archive,https://www.catholicleaf.com/mass-readings-and-reflection-may-03-2024/,"Psalm 19:2-3, 4-5 (R. 5a)","ps19:2-3,4-5(r.5a)",Their sound goes forth through all the earth.,
2024-05-04,catholic_gallery_douay_archive,Douay-Rheims dated Mass-reading archive,https://www.catholicgallery.org/mass-reading/040524/,"Psalms 100: 2, 3, 5","ps100:2,3,5",Let all the earth cry out to God with joy.,"or
2 Sing joyfully to God, all the earth: serve ye the Lord with gladness. Come in before his presence with exceeding great joy.
or
3 Know ye that the Lord he is God: he made us, and not we ourselves. We are his people and the sheep of his pasture.
or
5 For the Lord is sweet, his mercy endureth for ever, and his truth to generation and generation.
or"
2024-05-04,catholic_leaf_archive,dated Catholic lectionary response archive,https://www.catholicleaf.com/mass-readings-and-reflection-may-04-2024/,"Psalm 100:1b-2, 3, 5 (R. 1)","ps100:1b-2,3,5(r.1)",Cry out with joy to the Lord all the earth..,
2024-05-05,catholic_gallery_douay_archive,Douay-Rheims dated Mass-reading archive,https://www.catholicgallery.org/mass-reading/050524/,"Psalms 98: 1, 2-3, 3-4","ps98:1,2-3,3-4",The Lord has revealed to the nations his saving power.,"or
1 Sing ye to the Lord anew canticle: because he hath done wonderful things. His right hand hath wrought for him salvation, and his arm is holy.
or
2 The Lord hath made known his salvation: he hath revealed his justice in the sight of the Gentiles.
3ab He hath remembered his mercy his truth toward the house of Israel.
or
3cd All the ends of the earth have seen the salvation of our God.
4 Sing joyfully to God, all the earth; make melody, rejoice and sing.
or"
2024-05-05,catholic_leaf_archive,dated Catholic lectionary response archive,https://www.catholicleaf.com/mass-readings-and-reflection-may-05-2024/,"Psalm 98:1, 2-3ab, 3cd-4 (R. see 2)","ps98:1,2-3ab,3cd-4(r.2)",The Lord has shown his deliverance to the nations..,
2024-05-06,catholic_gallery_douay_archive,Douay-Rheims dated Mass-reading archive,https://www.catholicgallery.org/mass-reading/060524/,"Psalms 149: 1b-2, 3-4, 5-6a and 9b","ps149:1b-2,3-4,5-6a,9b",The Lord takes delight in his people.,"or
1b Sing ye to the Lord a new canticle: let his praise be in the church of the saints.
2 Let Israel rejoice in him that made him: and let the children of Sion be joyful in their king.
or
3 Let them praise his name in choir: let them sing to him with the timbrel and the psaltery.
4 For the Lord is well pleased with his people: and he will exalt the meek unto salvation.
or
5 The saints shall rejoice in glory: they shall be joyful in their beds.
6a The high praise of God shall be in their mouth.
9b This glory is to all his saints. Alleluia.
or"
2024-05-06,catholic_leaf_archive,dated Catholic lectionary response archive,https://www.catholicleaf.com/mass-readings-and-reflection-may-06-2024/,"Psalm 149:1-2, 3-4, 5-6a and 9b (R. 4a)","ps149:1-2,3-4,5-6a,9b(r.4a)",The Lord takes delight in his people.,
2024-05-07,catholic_gallery_douay_archive,Douay-Rheims dated Mass-reading archive,https://www.catholicgallery.org/mass-reading/070524/,"Psalms 138: 1-2ab, 2cde-3, 7c-8","ps138:1-2ab,2cde-3,7c-8","Your right hand saves me, O Lord.","or
1 I will praise thee, O lord, with my whole heart: for thou hast heard the words of my mouth. I will sing praise to thee in the sight of his angels:
2ab I will worship towards thy holy temple, and I will give glory to thy name.
or
2cde For thy mercy, and for thy truth: for thou hast magnified thy holy name above all.
3 In what day soever I shall call upon thee, hear me: thou shall multiply strength in my soul.
or
7c Thy right hand hath saved me.
8 The Lord will repay for me: thy mercy, O Lord, endureth for ever: O despise not the work of thy hands.
or"
2024-05-07,catholic_leaf_archive,dated Catholic lectionary response archive,https://www.catholicleaf.com/mass-readings-and-reflection-may-07-2024/,"Psalm 138:1-2a, 2bcd-3, 7c-8 (see 7c)","ps138:1-2a,2bcd-3,7c-8(7c)","With your right hand you save me, O Lord.",
2024-05-08,catholic_gallery_douay_archive,Douay-Rheims dated Mass-reading archive,https://www.catholicgallery.org/mass-reading/080524/,"Psalms 148: 1-2, 11-12, 13, 14","ps148:1-2,11-12,13,14",Heaven and earth are full of your glory.,"or
1 Praise ye the Lord from the heavens: praise ye him in the high places.
2 Praise ye him, all his angels: praise ye him, all his hosts.
or
11 Kings of the earth and all people: princes and all judges of the earth:
12 Young men and maidens: let the old with the younger,
or
13 Praise the name of the Lord: For his name alone is exalted. The praise of him is above heaven and earth.
or
14 He hath exalted the horn of his people. A hymn to all his saints: to the children of Israel, a people approaching to him. Alleluia.
or"
2024-05-08,catholic_leaf_archive,dated Catholic lectionary response archive,https://www.catholicleaf.com/mass-readings-and-reflection-may-08-2024/,"Psalm 148:1-2, 11-12, 13, 14","ps148:1-2,11-12,13,14",Heaven and earth are full of your glory,
2024-05-09,catholic_gallery_douay_archive,Douay-Rheims dated Mass-reading archive,https://www.catholicgallery.org/mass-reading/090524/,"Psalms 98: 1, 2-3ab, 3cd-4","ps98:1,2-3ab,3cd-4",The Lord has revealed to the nations his saving power.,"or
1 Sing ye to the Lord anew canticle: because he hath done wonderful things. His right hand hath wrought for him salvation, and his arm is holy.
or
2 The Lord hath made known his salvation: he hath revealed his justice in the sight of the Gentiles.
3ab He hath remembered his mercy his truth toward the house of Israel.
or
3cd All the ends of the earth have seen the salvation of our God.
4 Sing joyfully to God, all the earth; make melody, rejoice and sing.
or"
2024-05-09,catholic_leaf_archive,dated Catholic lectionary response archive,https://www.catholicleaf.com/mass-readings-and-reflection-may-09-2024/,"Psalm 98:1, 2-3ab, 3cd-4 (R. see 2b)","ps98:1,2-3ab,3cd-4(r.2b)",The Lord has shown his deliverance to the nations.,
2024-05-10,catholic_gallery_douay_archive,Douay-Rheims dated Mass-reading archive,https://www.catholicgallery.org/mass-reading/100524/,"Psalms 47: 2-3, 4-5, 6-7","ps47:2-3,4-5,6-7",God is king of all the earth.,"or
2 O clap your hands, all ye nations: shout unto God with the voice of Joy,
3 For the Lord is high, terrible: a great king over all the earth.
or
4 He hath subdued the people under us; and the nations under our feet.
5 He hath chosen for us his inheritance the beauty of Jacob which he hath loved.
or
6 God is ascended with jubilee, and the Lord with the sound of trumpet.
7 Sing praises to our God, sing ye: sing praises to our king, sing ye.
or"
2024-05-10,catholic_leaf_archive,dated Catholic lectionary response archive,https://www.catholicleaf.com/mass-readings-and-reflection-may-10-2024/,"Psalm 47:2-3, 4-5, 6-7 (R. 8a)","ps47:2-3,4-5,6-7(r.8a)",God is king of all the earth.,
2024-05-11,catholic_gallery_douay_archive,Douay-Rheims dated Mass-reading archive,https://www.catholicgallery.org/mass-reading/110524/,"Psalms 47: 2-3, 8-9, 10","ps47:2-3,8-9,10",God is king of all the earth.,"or
2 O clap your hands, all ye nations: shout unto God with the voice of Joy,
3 For the Lord is high, terrible: a great king over all the earth.
or
8 For God is the king of all the earth: sing ye wisely.
9 God shall reign over the nations: God sitteth on his holy throne.
or
10 The princes of the people are gathered together, with the God of Abraham: for the strong gods of the earth are exceedingly exalted.
or"
2024-05-11,catholic_leaf_archive,dated Catholic lectionary response archive,https://www.catholicleaf.com/mass-readings-and-reflection-may-11-2024/,"Psalm 47:2-3, 8-9, 10 (R.8a)","ps47:2-3,8-9,10(r.8a)",God is king of all the earth.,
2024-05-12,catholic_gallery_douay_archive,Douay-Rheims dated Mass-reading archive,https://www.catholicgallery.org/mass-reading/120524/,"Psalms 47: 2-3, 6-7, 8-9","ps47:2-3,6-7,8-9",God mounts his throne to shouts of joy: a blare of trumpets for the Lord.,"or
2 O clap your hands, all ye nations: shout unto God with the voice of Joy,
3 For the Lord is high, terrible: a great king over all the earth.
or
6 God is ascended with jubilee, and the Lord with the sound of trumpet.
7 Sing praises to our God, sing ye: sing praises to our king, sing ye.
or
8 For God is the king of all the earth: sing ye wisely.
9 God shall reign over the nations: God sitteth on his holy throne.
or"
2024-05-13,catholic_gallery_douay_archive,Douay-Rheims dated Mass-reading archive,https://www.catholicgallery.org/mass-reading/130524/,"Psalms 68: 2-3ab, 4-5acd, 6-7ab","ps68:2-3ab,4-5acd,6-7ab","Sing to God, O kingdoms of the earth.","or
2 Let God arise, and let his enemies be scattered: and let them that hate him flee from before his face.
3ab As smoke vanisheth, so let them vanish away: as wax melteth before the fire.
or
4 And let the just feast, and rejoice before God: and be delighted with gladness.
5acd Sing ye to God, sing a psalm to his name, make a way for him who ascendeth upon the west: the Lord is his name.
or
6 Who is the father of orphans, and the judge of widows. God in his holy place:
7ab God who maketh men of one manner to dwell in a house: Who bringeth out them that were bound in strength.
or"
2024-05-14,catholic_gallery_douay_archive,Douay-Rheims dated Mass-reading archive,https://www.catholicgallery.org/mass-reading/140524/,"Psalms 113: 1-2, 3-4, 5-6, 7-8","ps113:1-2,3-4,5-6,7-8",The Lord will give him a seat with the leaders of his people.,"or
1 Praise the Lord, ye children: praise ye the name of the Lord.
2 Blessed be the name of the Lord, from henceforth now and for ever.
or
3 From the rising of the sun unto the going down of the same, the name of the Lord is worthy of praise.
4 The Lord is high above all nations; and his glory above the heavens.
or
5 Who is as the Lord our God, who dwelleth on high:
6 And looketh down on the low things in heaven and in earth?
or
7 Raising up the needy from the earth, and lifting up the poor out of the dunghill:
8 That he may place him with princes, with the princes of his people.
or"
2024-05-15,catholic_gallery_douay_archive,Douay-Rheims dated Mass-reading archive,https://www.catholicgallery.org/mass-reading/150524/,"Psalms 68: 29-30, 33-35a, 35bc-36ab","ps68:29-30,33-35a,35bc-36ab","Sing to God, O kingdoms of the earth.","or
29 Command thy strength, O God: confirm, O God, what thou hast wrought in us.
30 From thy temple in Jerusalem, kings shall offer presents to thee.
or
33 Sing to God, ye kingdoms of the earth: sing ye to the Lord: Sing ye to God,
34-35a Who mounteth above the heaven of heavens, to the east. Behold he will give to his voice the voice of power:
or
35bc Give ye glory to God for Israel, his magnificence, and his power is in the clouds.
36ab God is wonderful in his saints: the God of Israel is he who will give power and strength to his people.
or"
2024-05-16,catholic_gallery_douay_archive,Douay-Rheims dated Mass-reading archive,https://www.catholicgallery.org/mass-reading/160524/,"Psalms 16: 1-2a and 5, 7-8, 9-10, 11","ps16:1-2a,5,7-8,9-10,11","Preserve me, O Lord, for I have put trust in thee.","or
1 Keep me safe, O God; you are my hope.
2a I have said to the Lord, thou art my God.
5 The Lord is the portion of my inheritance and of my cup: it is thou that wilt restore my inheritance to me.
or
7 I will bless the Lord, who hath given me understanding: moreover my reins also have corrected me even till night.
8 I set the Lord always in my sight: for he is at my right hand, that I be not moved.
or
9 Therefore my heart hath been glad, and my tongue hath rejoiced: moreover my flesh also shall rest in hope.
10 Because thou wilt not leave my soul in hell; nor wilt then give thy holy one to see corruption.
or
11 Thou hast made known to me the ways of life, thou shalt fill me with joy with thy countenance: at thy right hand are delights even to the end.
or"
2024-05-17,catholic_gallery_douay_archive,Douay-Rheims dated Mass-reading archive,https://www.catholicgallery.org/mass-reading/170524/,"Psalms 103: 1-2, 11-12, 19-20ab","ps103:1-2,11-12,19-20ab",The Lord has established his throne in heaven.,"or
1 Bless the Lord, O my soul: and let all that is within me bless his holy name.
2 Bless the Lord, O my soul, and never forget all he hath done for thee.
or
11 For according to the height of the heaven above the earth: he hath strengthened his mercy towards them that fear him.
12 As far as the east is from the west, so far hath he removed our iniquities from us.
or
19 The Lord hath prepared his throne in heaven: and his kingdom shall rule over all.
20ab Bless the Lord, all ye his angels: you that are mighty in strength, and execute his word.
or"
2024-05-18,catholic_gallery_douay_archive,Douay-Rheims dated Mass-reading archive,https://www.catholicgallery.org/mass-reading/180524/,"Psalms 11: 4, 5 and 7","ps11:4,5,7","The just will gaze on your face, O Lord.","or
4 The Lord is in his holy temple, the Lord’s throne is in heaven. His eyes look on the poor man: his eyelids examine the sons of men.
or
5 The Lord trieth the just and the wicked: but he that loveth iniquity hateth his own soul.
7 For the Lord is just, and hath loved justice: his countenance hath beheld righteousness.
or"
2024-05-19,catholic_gallery_douay_archive,Douay-Rheims dated Mass-reading archive,https://www.catholicgallery.org/mass-reading/190524/,"Psalms 104: 1, 24, 29-30, 31, 34","ps104:1,24,29-30,31,34","Lord, send out your Spirit, and renew the face of the earth.","or
1 Bless the Lord, O my soul: O Lord my God, thou art exceedingly great. Thou hast put on praise and beauty:
24 How great are thy works, O Lord? thou hast made all things in wisdom: the earth is filled with thy riches.
or
29 But if thou turnest away thy face, they shall be troubled: thou shalt take away their breath, and they shall fail, and shall return to their dust.
30 Thou shalt send forth thy spirit, and they shall be created: and thou shalt renew the face of the earth.
or
31 May the glory of the Lord endure for ever: the Lord shall rejoice in his works.
34 Let my speech be acceptable to him: but I will take delight in the Lord.
or"
2024-05-20,catholic_gallery_douay_archive,Douay-Rheims dated Mass-reading archive,https://www.catholicgallery.org/mass-reading/200524/,"Psalms 87: 1-2, 3 and 5, 6-7","ps87:1-2,3,5,6-7","Glorious things are told of you, O city of God.","1 For the sons of Core, a psalm of a canticle. The foundations thereof are in the holy mountains:
2 The Lord loveth the gates of Sion above all the tabernacles of Jacob.
3 Glorious things are said of thee, O city of God.
5 Shall not Sion say: This man and that man is born in her? and the Highest himself hath founded her.
6 The Lord shall tell in his writings of peoples and of princes, of them that have been in her.
7 The dwelling in thee is as it were of all rejoicing."
2024-05-20,catholic_leaf_archive,dated Catholic lectionary response archive,https://www.catholicleaf.com/mass-readings-and-reflection-may-20-2024/,"Psalm 87:1-2, 3 and 5, 6-7 (R. 3)","ps87:1-2,3,5,6-7(r.3)","Of you are told glorious things, O city of God!.",
2024-05-21,catholic_gallery_douay_archive,Douay-Rheims dated Mass-reading archive,https://www.catholicgallery.org/mass-reading/210524/,"Psalms 55: 7-8, 9-10a, 10b-11a, 23","ps55:7-8,9-10a,10b-11a,23","Throw your cares on the Lord, and he will support you.","7 And I said: Who will give me wings like a dove, and I will fly and be at rest?
8 Lo, I have gone far off flying away; and I abode in the wilderness.
9 I waited for him that hath saved me from pusillanimity of spirit, and a storm.
10a Cast down, O Lord, and divide their tongues.
10b I have seen iniquity and contradiction in the city.
11a Day and night shall iniquity surround it upon its walls.
23 Cast thy care upon the Lord, and he shall sustain thee: he shall not suffer the just to waver for ever."
2024-05-21,catholic_leaf_archive,dated Catholic lectionary response archive,https://www.catholicleaf.com/mass-readings-and-reflection-may-21-2024/,"Psalm 55:7-8, 9-10a, 10b-11, 23 (R. 23ab)","ps55:7-8,9-10a,10b-11,23(r.23ab)","Entrust your cares to the Lord, and he will support you.",
2024-05-22,catholic_gallery_douay_archive,Douay-Rheims dated Mass-reading archive,https://www.catholicgallery.org/mass-reading/220524/,"Psalms 49: 2-3, 6-7, 8-10, 11","ps49:2-3,6-7,8-10,11",Blessed are the poor in spirit; the Kingdom of heaven is theirs!,"2 Hear these things, all ye nations: give ear, all ye inhabitants of the world.
3 All you that are earthborn, and you sons of men: both rich and poor together.
6 Why shall I fear in the evil day? the iniquity of my heel shall encompass me.
7 They that trust in their own strength, and glory in the multitude of their riches,
8 No brother can redeem, nor shall man redeem: he shall not give to God his ransom,
9 Nor the price of the redemption of his soul: and shall labour for ever,
10 And shall still live unto the end.
11 He shall not see destruction, when he shall see the wise dying: the senseless and the fool shall perish together: And they shall leave their riches to strangers:"
2024-05-22,catholic_leaf_archive,dated Catholic lectionary response archive,https://www.catholicleaf.com/mass-readings-and-reflection-may-22-2024/,"Psalm 49:2-3, 6-7, 8-10, 11 (R. Mathew 5:3)","ps49:2-3,6-7,8-10,11(r.mathew5:3)","Blessed are the poor in spirit, for theirs is the kingdom of heaven.",
2024-05-23,catholic_gallery_douay_archive,Douay-Rheims dated Mass-reading archive,https://www.catholicgallery.org/mass-reading/230524/,"Psalms 49: 14-15ab, 15cd-16, 17-18, 19-20","ps49:14-15ab,15cd-16,17-18,19-20",Blessed are the poor in spirit; the Kingdom of heaven is theirs!,"14 This way of theirs is a stumblingblock to them: and afterwards they shall delight in their mouth.
15ab They are laid in hell like sheep: death shall feed upon them.
15cd The just shall have dominion over them in the morning; and their help shall decay in hell from their glory.
16 But God will redeem my soul from the hand of hell, when he shall receive me.
17 Be not thou afraid, when a man shall be made rich, and when the glory of his house shall be increased.
18 For when he shall die he shall take nothing away; nor shall his glory descend with him.
19 For in his lifetime his soul will be blessed: and he will praise thee when thou shalt do well to him.
20 He shall go in to the generations of his fathers: and he shall never see light."
2024-05-23,catholic_leaf_archive,dated Catholic lectionary response archive,https://www.catholicleaf.com/mass-readings-and-reflection-may-23-2024/,"Psalm 49:14-15c, 15d-16, 17-18, 19-20 (R. Matthew 5:3)","ps49:14-15c,15d-16,17-18,19-20(r.matthew5:3)","Blessed are the poor in spirit, for theirs is the kingdom of heaven.",
2024-05-24,catholic_gallery_douay_archive,Douay-Rheims dated Mass-reading archive,https://www.catholicgallery.org/mass-reading/240524/,"Psalms 103: 1-2, 3-4, 8-9, 11-12","ps103:1-2,3-4,8-9,11-12",The Lord is kind and merciful.,"1 Bless the Lord, O my soul: and let all that is within me bless his holy name.
2 Bless the Lord, O my soul, and never forget all he hath done for thee.
3 Who forgiveth all thy iniquities: who healeth all thy diseases.
4 Who redeemeth thy life from destruction: who crowneth thee with mercy and compassion.
8 The Lord is compassionate and merciful: longsuffering and plenteous in mercy.
9 He will not always be angry: nor will he threaten for ever.
11 For according to the height of the heaven above the earth: he hath strengthened his mercy towards them that fear him.
12 As far as the east is from the west, so far hath he removed our iniquities from us."
2024-05-24,catholic_leaf_archive,dated Catholic lectionary response archive,https://www.catholicleaf.com/mass-readings-and-reflection-may-24-2024/,"Psalm 103:1-2, 3-4, 8-9, 11-12 (R. 8a)","ps103:1-2,3-4,8-9,11-12(r.8a)",The Lord is compassionate and gracious.,
2024-05-25,catholic_gallery_douay_archive,Douay-Rheims dated Mass-reading archive,https://www.catholicgallery.org/mass-reading/250524/,"Psalms 141: 1-2, 3 and 8","ps141:1-2,3,8",Let my prayer come like incense before you.,"1 I have cried to the, O Lord, hear me: hearken to my voice, when I cry to thee.
2 Let my prayer be directed as incense in thy sight; the lifting up of my hands, as evening sacrifice.
3 Set a watch, O Lord, before my mouth: and a door round about my lips.
8 But o to thee, O Lord, Lord, are my eyes: in thee have I put my trust, take not away my soul."
2024-05-25,catholic_leaf_archive,dated Catholic lectionary response archive,https://www.catholicleaf.com/mass-readings-and-reflection-may-25-2024/,"Psalm 141:1-2, 3 and 8 (R. 2a)","ps141:1-2,3,8(r.2a)",Let my prayer be accepted as incense before you.,
2024-05-26,catholic_gallery_douay_archive,Douay-Rheims dated Mass-reading archive,https://www.catholicgallery.org/mass-reading/260524/,"Psalms 33: 4-5, 6, 9, 18-19, 20, 22","ps33:4-5,6,9,18-19,20,22",Blessed the people the Lord has chosen to be his own.,"4 For the word of the Lord is right, and all his works are done with faithfulness.
5 He loveth mercy and judgment; the earth is full of the mercy of the Lord.
6 By the word of the Lord the heavens were established; and all the power of them by the spirit of his mouth:
9 For he spoke and they were made: he commanded and they were created.
18 Behold the eyes of the Lord are on them that fear him: and on them that hope in his mercy.
19 To deliver their souls from death; and feed them in famine.
20 Our soul waiteth for the Lord: for he is our helper and protector.
22 Let thy mercy, O Lord, be upon us, as we have hoped in thee."
2024-05-26,catholic_leaf_archive,dated Catholic lectionary response archive,https://www.catholicleaf.com/mass-readings-and-reflection-may-26-2024/,"Psalm 33:4-5, 6 and 9, 18-19, 20 and 22 (R. see 12b)","ps33:4-5,6,9,18-19,20,22(r.12b)",Blessed the people the Lord has chosen as his heritage.,
2024-05-27,catholic_gallery_douay_archive,Douay-Rheims dated Mass-reading archive,https://www.catholicgallery.org/mass-reading/270524/,"Psalms 111: 1-2, 5-6, 9 and 10c","ps111:1-2,5-6,9,10c",The Lord will remember his covenant for ever.,"or
1 I will praise thee, O Lord, with my whole heart; in the council of the just: and in the congregation.
2 Great are the works of the Lord: sought out according to all his wills.
or
5 He hath given food to them that fear him. He will be mindful for ever of his covenant:
6 He will shew forth to his people the power of his works.
or
9 He hath sent redemption to his people: he hath commanded his covenant for ever. Holy and terrible is his name:
10c His praise continueth for ever and ever.
or"
2024-05-27,catholic_leaf_archive,dated Catholic lectionary response archive,https://www.catholicleaf.com/mass-readings-and-reflection-may-27-2024/,"Psalm 111:1b-2, 5-6, 9 and 10c (R. 5b)","ps111:1b-2,5-6,9,10c(r.5b)",The Lord keeps his covenant ever in mind.,
2024-05-28,catholic_gallery_douay_archive,Douay-Rheims dated Mass-reading archive,https://www.catholicgallery.org/mass-reading/280524/,"Psalms 98: 1, 2-3ab, 3cd-4","ps98:1,2-3ab,3cd-4",The Lord has made known his salvation.,"1 Sing ye to the Lord anew canticle: because he hath done wonderful things. His right hand hath wrought for him salvation, and his arm is holy.
2 The Lord hath made known his salvation: he hath revealed his justice in the sight of the Gentiles.
3ab He hath remembered his mercy his truth toward the house of Israel.
3cd All the ends of the earth have seen the salvation of our God.
4 Sing joyfully to God, all the earth; make melody, rejoice and sing."
2024-05-28,catholic_leaf_archive,dated Catholic lectionary response archive,https://www.catholicleaf.com/mass-readings-and-reflection-may-28-2024/,"Psalm 98:1, 2-3ab, 3cd-4 (R. 2a)","ps98:1,2-3ab,3cd-4(r.2a)",The Lord has made known his salvation.,
2024-05-29,catholic_gallery_douay_archive,Douay-Rheims dated Mass-reading archive,https://www.catholicgallery.org/mass-reading/290524/,"Psalms 147: 12-13, 14-15, 19-20","ps147:12-13,14-15,19-20","Praise the Lord, Jerusalem.","or
12 Praise the Lord, O Jerusalem: praise thy God, O Sion.
13 Because he hath strengthened the bolts of thy gates, he hath blessed thy children within thee.
or
14 Who hath placed peace in thy borders: and filleth thee with the fat of corn.
15 Who sendeth forth his speech to the earth: his word runneth swiftly.
or
19 Who declareth his word to Jacob: his justices and his judgments to Israel.
20 He hath not done in like manner to every nation: and his judgments he hath not made manifest to them. Alleluia.
or"
2024-05-29,catholic_leaf_archive,dated Catholic lectionary response archive,https://www.catholicleaf.com/mass-readings-and-reflection-may-29-2024/,"Psalm 147:12-13, 14-15, 19-20 (R. 12a)","ps147:12-13,14-15,19-20(r.12a)","O Jerusalem, glorify the Lord.",
2024-05-30,catholic_gallery_douay_archive,Douay-Rheims dated Mass-reading archive,https://www.catholicgallery.org/mass-reading/300524/,"Psalms 100: 2, 3, 4, 5","ps100:2,3,4,5",Come with joy into the presence of the Lord.,"2 Sing joyfully to God, all the earth: serve ye the Lord with gladness. Come in before his presence with exceeding great joy.
3 Know ye that the Lord he is God: he made us, and not we ourselves. We are his people and the sheep of his pasture.
4 Go ye into his gates with praise, into his courts with hymns: and give glory to him. Praise ye his name:
5 For the Lord is sweet, his mercy endureth for ever, and his truth to generation and generation."
2024-05-30,catholic_leaf_archive,dated Catholic lectionary response archive,https://www.catholicleaf.com/mass-readings-and-reflection-may-30-2024/,"Psalm 100:1-2, 3, 4, 5 (R. 2b)","ps100:1-2,3,4,5(r.2b)","Come before him, singing for joy.",
2024-05-31,catholic_gallery_douay_archive,Douay-Rheims dated Mass-reading archive,https://www.catholicgallery.org/mass-reading/310524/,"Isaiah 12: 2-3, 4bcd, 5-6","isaiah12:2-3,4bcd,5-6",Among you is the great and Holy One of Israel.,"2 Behold, God is my saviour, I will deal confidently, and will not fear: O because the Lord is my strength, and my praise, and he is become my salvation.
3 You shall draw waters with joy out of the saviour’s fountains:
4bcd Praise ye the Lord, and call upon his name: make his works known among the people: remember that his name is high.
5 Sing ye to the Lord, for he hath done great things: shew this forth in all the earth.
6 Rejoice, and praise, O thou habitation of Sion: for great is he that is in the midst of thee, the Holy One of Israel."
2024-05-31,catholic_leaf_archive,dated Catholic lectionary response archive,https://www.catholicleaf.com/mass-readings-and-reflection-may-31-2024/,"Psalm 12:2-3, 4bcde, 5-6 (R. 6b)","ps12:2-3,4bcde,5-6(r.6b)",Great in your midst is the Holy One of Israel.,
2024-06-01,catholic_gallery_douay_archive,Douay-Rheims dated Mass-reading archive,https://www.catholicgallery.org/mass-reading/010624/,"Psalms 63: 2, 3-4, 5-6","ps63:2,3-4,5-6","My soul is thirsting for you, O Lord my God.","2 O God, my God, to thee do I watch at break of day. For thee my soul hath thirsted; for thee my flesh, O how many ways!
3 In a desert land, and where there is no way, and no water: so in the sanctuary have I come before thee, to see thy power and thy glory.
4 For thy mercy is better than lives: thee my lips shall praise.
5 Thus will I bless thee all my life long: and in thy name I will lift up my hands.
6 Let my soul be filled as with marrow and fatness: and my mouth shall praise thee with joyful lips."
2024-06-01,catholic_leaf_archive,dated Catholic lectionary response archive,https://www.catholicleaf.com/mass-readings-and-reflection-june-01-2024/,"Psalm 63:2, 3-4, 5-6 (R. see 2b)","ps63:2,3-4,5-6(r.2b)","For you my soul is thirsting, O Lord, my God.",
2024-06-02,catholic_gallery_douay_archive,Douay-Rheims dated Mass-reading archive,https://www.catholicgallery.org/mass-reading/020624/,"Psalms 116: 12-13, 15-16, 17-18","ps116:12-13,15-16,17-18","I will take the cup of salvation, and call on the name of the Lord.","or
12 What shall I render to the Lord, for all the things he hath rendered unto me?
13 I will take the chalice of salvation; and I will call upon the name of the Lord.
or
15 Precious in the sight of the Lord is the death of his saints.
16 O Lord, for I am thy servant: I am thy servant, and the son of thy handmaid. Thou hast broken my bonds:
or
17 I will sacrifice to thee the sacrifice of praise, and I will call upon the name of the Lord.
18 I will pay my vows to the Lord in the sight of all his people:
or"
2024-06-02,catholic_leaf_archive,dated Catholic lectionary response archive,https://www.catholicleaf.com/mass-readings-and-reflection-june-02-2024/,"Psalm 116:12-13, 15 and 16bc, 17-18 (R. 13)","ps116:12-13,15,16bc,17-18(r.13)",The cup of salvation I will raise; I will call on the name of the Lord.,
2024-06-03,catholic_gallery_douay_archive,Douay-Rheims dated Mass-reading archive,https://www.catholicgallery.org/mass-reading/030624/,"Psalms 91: 1-2, 14-15b, 15c-16","ps91:1-2,14-15b,15c-16","In you, my God, I place my trust.","1 The praise of a canticle for David. He that dwelleth in the aid of the most High, shall abide under the protection of the God of Jacob.
2 He shall say to the Lord: Thou art my protector, and my refuge: my God, in him will I trust.
14 Because he hoped in me I will deliver him: I will protect him because he hath known my name.
15ab He shall cry to me, and I will hear him: I am with him in tribulation.
15c I will deliver him, and I will glorify him.
16 I will fill him with length of days; and I will shew him my salvation."
2024-06-03,catholic_leaf_archive,dated Catholic lectionary response archive,https://www.catholicleaf.com/mass-readings-and-reflection-june-03-2024/,"Psalm 91:1-2, 14-15ab, 15c-16 (R. see 2b)","ps91:1-2,14-15ab,15c-16(r.2b)","O my God, I trust in you",
2024-06-04,catholic_gallery_douay_archive,Douay-Rheims dated Mass-reading archive,https://www.catholicgallery.org/mass-reading/040624/,"Psalms 90: 2, 3-4, 10, 14 and 16","ps90:2,3-4,10,14,16","In every age, O Lord, you have been our refuge.","2 Before the mountains were made, or the earth and the world was formed; from eternity and to eternity thou art God.
3 Turn not man away to be brought low: and thou hast said: Be converted, O ye sons of men.
4 For a thousand years in thy sight are as yesterday, which is past. And as a watch in the night,
10 The days of our years in them are threescore and ten years. But if in the strong they be fourscore years: and what is more of them is labour and sorrow. For mildness is come upon us: and we shall be corrected.
14 We are filled in the morning with thy mercy: and we have rejoiced, and are delighted all our days.
16 Look upon thy servants and upon their works: and direct their children."
2024-06-04,catholic_leaf_archive,dated Catholic lectionary response archive,https://www.catholicleaf.com/mass-readings-and-reflection-june-04-2024/,"Psalm 90:2, 3-4, 10, 14 and 16 (R. 1)","ps90:2,3-4,10,14,16(r.1)","O Lord, you have been our refuge, from generation to generation",
2024-06-05,catholic_gallery_douay_archive,Douay-Rheims dated Mass-reading archive,https://www.catholicgallery.org/mass-reading/050624/,"Psalms 123: 1b-2ab, 2cdef","ps123:1b-2ab,2cdef","To you, O Lord, I lift up my eyes.","1b To thee have I lifted up my eyes, who dwellest in heaven.
2ab Behold as the eyes of the servants are on the hands of their masters.
2cdef As the eyes of the handmaid are on the hands of her mistress: so are our eyes unto the Lord our God, until he have mercy on us."
2024-06-05,catholic_leaf_archive,dated Catholic lectionary response archive,https://www.catholicleaf.com/mass-readings-and-reflection-june-05-2024/,"Psalm 123:1-2ab, 2cdef (R. 1a)","ps123:1-2ab,2cdef(r.1a)","To you, O Lord, have I lifted up my eyes.",
2024-06-06,catholic_gallery_douay_archive,Douay-Rheims dated Mass-reading archive,https://www.catholicgallery.org/mass-reading/060624/,"Psalms 25: 4-5ab, 8-9, 10 and 14","ps25:4-5ab,8-9,10,14","Teach me your ways, O Lord.","4 Let all them be confounded that act unjust things without cause. shew, O Lord, thy ways to me, and teach me thy paths.
5ab Direct me in thy truth, and teach me; for thou art God my Saviour.
8 The Lord is sweet and righteous: therefore he will give a law to sinners in the way.
9 He will guide the mild in judgment: he will teach the meek his ways.
10 All the ways of the Lord are mercy and truth, to them that seek after his covenant and his testimonies.
14 The Lord is a firmament to them that fear him: and his covenant shall be made manifest to them."
2024-06-06,catholic_leaf_archive,dated Catholic lectionary response archive,https://www.catholicleaf.com/mass-readings-and-reflection-june-06-2024/,"Psalm 25:4-5ab, 8-9, 10 and 14 (R. 4a)","ps25:4-5ab,8-9,10,14(r.4a)","O Lord, make me know your ways.",
2024-06-07,catholic_gallery_douay_archive,Douay-Rheims dated Mass-reading archive,https://www.catholicgallery.org/mass-reading/070624/,"Isaiah 12: 2-3, 4, 5-6","isaiah12:2-3,4,5-6",You will draw water joyfully from the springs of salvation.,"2 Behold, God is my saviour, I will deal confidently, and will not fear: O because the Lord is my strength, and my praise, and he is become my salvation.
3 You shall draw waters with joy out of the saviour’s fountains:
4 And you shall say in that day: Praise ye the Lord, and call upon his name: make his works known among the people: remember that his name is high.
5 Sing ye to the Lord, for he hath done great things: shew this forth in all the earth.
6 Rejoice, and praise, O thou habitation of Sion: for great is he that is in the midst of thee, the Holy One of Israel."
2024-06-08,catholic_gallery_douay_archive,Douay-Rheims dated Mass-reading archive,https://www.catholicgallery.org/mass-reading/080624/,"Psalms 71: 8-9, 14-15ab, 16-17, 22","ps71:8-9,14-15ab,16-17,22",I will sing of your salvation.,"8 Let my mouth be filled with praise, that I may sing thy glory; thy greatness all the day long.
9 Cast me not off in the time of old age: when my strength shall fail, do not thou forsake me.
14 But I will always hope; and will add to all thy praise.
15ab My mouth shall shew forth thy justice; thy salvation all the day long.
16 I will enter into the powers of the Lord: O Lord, I will be mindful of thy justice alone.
17 Thou hast taught me, O God, from my youth: and till now I will declare thy wonderful works.
22 For I will also confess to thee thy truth with the instruments of psaltery: O God, I will sing to thee with the harp, thou holy one of Israel."
2024-06-08,catholic_leaf_archive,dated Catholic lectionary response archive,https://www.catholicleaf.com/mass-readings-and-reflection-june-08-2024/,"Psalm 1 Samual 2: 1, 4-5, 6-7, 8abcd (R. see 1a)","ps1samual2:1,4-5,6-7,8abcd(r.1a)","My heart exults in the Lord, my Saviour.",
2024-06-09,catholic_gallery_douay_archive,Douay-Rheims dated Mass-reading archive,https://www.catholicgallery.org/mass-reading/090624/,"Psalms 130: 1-2, 3-4, 5-6, 7-8","ps130:1-2,3-4,5-6,7-8",With the Lord there is mercy and fullness of redemption.,"1 Out of the depths I have cried to thee, O Lord:
2 Lord, hear my voice. Let thy ears be attentive to the voice of my supplication.
3 If thou, O Lord, wilt mark iniquities: Lord, who shall stand it.
4 For with thee there is merciful forgiveness: and by reason of thy law, I have waited for thee, O Lord. My soul hath relied on his word:
5 My soul hath hoped in the Lord.
6 From the morning watch even until night, let Israel hope in the Lord.
7 Because with the Lord there is mercy: and with him plentiful redemption.
8 And he shall redeem Israel from all his iniquities."
2024-06-09,catholic_leaf_archive,dated Catholic lectionary response archive,https://www.catholicleaf.com/mass-readings-and-reflection-june-09-2024/,"Psalm 130:1-2, 3-4, 5-6, 7-8 (R. 7bc)","ps130:1-2,3-4,5-6,7-8(r.7bc)","With the Lord there is mercy, in him is plentiful redemption.",
2024-06-10,catholic_gallery_douay_archive,Douay-Rheims dated Mass-reading archive,https://www.catholicgallery.org/mass-reading/100624/,"Psalms 121: 1bc-2, 3-4, 5-6, 7-8","ps121:1bc-2,3-4,5-6,7-8","Our help is from the Lord, who made heaven and earth.","1bc I have lifted up my eyes to the mountains, from whence help shall come to me.
2 My help is from the Lord, who made heaven and earth.
3 May he not suffer thy foot to be moved: neither let him slumber that keepeth thee.
4 Behold he shall neither slumber nor sleep, that keepeth Israel.
5 The Lord is thy keeper, the Lord is thy protection upon thy right hand.
6 The sun shall not burn thee by day: nor the moon by night.
7 The Lord keepeth thee from all evil: may the Lord keep thy soul.
8 May the Lord keep thy going in and thy going out; from henceforth now and for ever."
2024-06-10,catholic_leaf_archive,dated Catholic lectionary response archive,https://www.catholicleaf.com/catholic-mass-readings-and-reflection-june-10-2024/,"Psalm 121:1-2, 3-4, 5-6, 7-8 (R. see 2)","ps121:1-2,3-4,5-6,7-8(r.2)","Our help shall come from the Lord, who made heaven and earth.",
2024-06-11,catholic_gallery_douay_archive,Douay-Rheims dated Mass-reading archive,https://www.catholicgallery.org/mass-reading/110624/,"Psalms 98: 1, 2-3ab, 3cd-4, 5-6","ps98:1,2-3ab,3cd-4,5-6",The Lord has revealed to the nations his saving power.,"1 Sing ye to the Lord anew canticle: because he hath done wonderful things. His right hand hath wrought for him salvation, and his arm is holy.
2 The Lord hath made known his salvation: he hath revealed his justice in the sight of the Gentiles.
3ab He hath remembered his mercy his truth toward the house of Israel.
3cd All the ends of the earth have seen the salvation of our God.
4 Sing joyfully to God, all the earth; make melody, rejoice and sing.
5 Sing praise to the Lord on the harp, on the harp, and with the voice of a psalm:
6 With long trumpets, and sound of comet. Make a joyful noise before the Lord our king:"
2024-06-11,catholic_leaf_archive,dated Catholic lectionary response archive,https://www.catholicleaf.com/mass-readings-and-reflection-june-11-2024/,"Psalm 98:1, 2-3ab, 3cd-4, 5-6 (R. 2b)","ps98:1,2-3ab,3cd-4,5-6(r.2b)",The Lord has shown his deliverance to the nations.,
2024-06-12,catholic_gallery_douay_archive,Douay-Rheims dated Mass-reading archive,https://www.catholicgallery.org/mass-reading/120624/,"Psalms 16: 1b-2ab, 4, 5ab and 8, 11","ps16:1b-2ab,4,5ab,8,11","Keep me safe, O God; you are my hope.","1b Preserve me, O Lord, for I have put trust in thee.
2ab I have said to the Lord, thou art my God.
4 Their infirmities were multiplied: afterwards they made haste. I will not gather together their meetings for blood offerings: nor will I be mindful of their names by my lips.
5ab The Lord is the portion of my inheritance and of my cup: it is thou that wilt restore my inheritance to me.
8 I set the Lord always in my sight: for he is at my right hand, that I be not moved.
11 Thou hast made known to me the ways of life, thou shalt fill me with joy with thy countenance: at thy right hand are delights even to the end."
2024-06-12,catholic_leaf_archive,dated Catholic lectionary response archive,https://www.catholicleaf.com/mass-readings-and-reflection-june-12-2024/,"Psalm 16:1-2a, 4, 5 and 8, 11 (R. 1)","ps16:1-2a,4,5,8,11(r.1)","Preserve me, O God, for in you I take refuge.",
2024-06-13,catholic_gallery_douay_archive,Douay-Rheims dated Mass-reading archive,https://www.catholicgallery.org/mass-reading/130624/,"Psalms 65: 10, 11, 12-13","ps65:10,11,12-13","It is right to praise you in Zion, O God.","10 Thou hast visited the earth, and hast plentifully watered it; thou hast many ways enriched it. The river of God is filled with water, thou hast prepared their food: for so is its preparation.
11 Fill up plentifully the streams thereof, multiply its fruits; it shall spring up and rejoice in its showers.
12 Thou shalt bless the crown of the year of thy goodness: and thy fields shall be filled with plenty.
13 The beautiful places of the wilderness shall grow fat: and the hills shall be girded about with joy,"
2024-06-13,catholic_leaf_archive,dated Catholic lectionary response archive,https://www.catholicleaf.com/mass-readings-and-reflection-june-13-2024/,"Psalm 65:10abcd, 10e-11, 12-13 (R. 2ab)","ps65:10abcd,10e-11,12-13(r.2ab)","Praise is due to you in Sion, O God.",
2024-06-14,catholic_gallery_douay_archive,Douay-Rheims dated Mass-reading archive,https://www.catholicgallery.org/mass-reading/140624/,"Psalms 27: 7-8a, 8b-9abc, 13-14","ps27:7-8a,8b-9abc,13-14","I long to see your face, O Lord.","7 Hear, O Lord, my voice, with which I have cried to thee: have mercy on me and hear me.
8a My heart hath said to thee: My face hath sought thee.
8b Thy face, O Lord, will I still seek.
9abc Turn not away thy face from me; decline not in thy wrath from thy servant. Be thou my helper, forsake me not.
13 I believe to see the good things of the Lord in the land of the living.
14 Expect the Lord, do manfully, and let thy heart take courage, and wait thou for the Lord."
2024-06-14,catholic_leaf_archive,dated Catholic lectionary response archive,https://www.catholicleaf.com/mass-readings-and-reflection-june-14-2024/,"Psalm 27:7-8ab, 8c-9abc, 13-14 (R. 8c)","ps27:7-8ab,8c-9abc,13-14(r.8c)","It is your face, O Lord, that I seek.",
2024-06-15,catholic_gallery_douay_archive,Douay-Rheims dated Mass-reading archive,https://www.catholicgallery.org/mass-reading/150624/,"Psalms 16: 1b-2a and 5, 7-8, 9-10","ps16:1b-2a,5,7-8,9-10","You are my inheritance, O Lord.","1b Preserve me, O Lord, for I have put trust in thee.
2a I have said to the Lord, thou art my God.
5 The Lord is the portion of my inheritance and of my cup: it is thou that wilt restore my inheritance to me.
7 I will bless the Lord, who hath given me understanding: moreover my reins also have corrected me even till night.
8 I set the Lord always in my sight: for he is at my right hand, that I be not moved.
9 Therefore my heart hath been glad, and my tongue hath rejoiced: moreover my flesh also shall rest in hope.
10 Because thou wilt not leave my soul in hell; nor wilt then give thy holy one to see corruption."
2024-06-15,catholic_leaf_archive,dated Catholic lectionary response archive,https://www.catholicleaf.com/mass-readings-and-reflection-june-15-2024/,"Psalm 16:1b-2a and 5, 7-8, 9-10 (R.See 5a)","ps16:1b-2a,5,7-8,9-10(r.5a)","It is you, O Lord, who are my portion.",
2024-06-16,catholic_gallery_douay_archive,Douay-Rheims dated Mass-reading archive,https://www.catholicgallery.org/mass-reading/160624/,"Psalms 92: 2-3, 13-14, 15-16","ps92:2-3,13-14,15-16","Lord, it is good to give thanks to you.","2 It is good to give praise to the Lord: and to sing to thy name, O most High.
3 To shew forth thy mercy in the morning, and thy truth in the night:
13 The just shall flourish like the palm tree: he shall grow up like the cedar of Libanus.
14 They that are planted in the house of the Lord shall flourish in the courts of the house of our God.
15 They shall still increase in a fruitful old age: and shall be well treated,
16 That they may shew, That the Lord our God is righteous, and there is no iniquity in him."
2024-06-16,catholic_leaf_archive,dated Catholic lectionary response archive,https://www.catholicleaf.com/mass-readings-and-reflection-june-16-2024/,"Psalm 92:2-3, 13-14, 15-16 (R. see 2a)","ps92:2-3,13-14,15-16(r.2a)","It is good to give thanks to you, O Lord.",
2024-06-17,catholic_gallery_douay_archive,Douay-Rheims dated Mass-reading archive,https://www.catholicgallery.org/mass-reading/170624/,"Psalms 5: 2-3ab, 4b-6, 7","ps5:2-3ab,4b-6,7","Lord, listen to my groaning.","2 Give ear, O Lord, to my words, understand my cry.
3ab Hearken to the voice of my prayer, O my King and my God.
4b O Lord, in the morning thou shalt hear my voice.
5 In the morning I will stand before thee, and will see: because thou art not a God that willest iniquity.
6 Neither shall the wicked dwell near thee: nor shall the unjust abide before thy eyes.
7 Thou hatest all the workers of iniquity: Thou wilt destroy all that speak a lie. The bloody and the deceitful man the Lord will abhor."
2024-06-17,catholic_leaf_archive,dated Catholic lectionary response archive,https://www.catholicleaf.com/mass-readings-and-reflection-june-17-2024/,"Psalm 5:2-3, 5-6, 7 (R. 2b)","ps5:2-3,5-6,7(r.2b)","O Lord, give heed to my sighs",
2024-06-18,catholic_gallery_douay_archive,Douay-Rheims dated Mass-reading archive,https://www.catholicgallery.org/mass-reading/180624/,"Psalms 51: 3-4, 5-6ab, 11 and 16","ps51:3-4,5-6ab,11,16","Be merciful, O Lord, for we have sinned.","3 Have mercy on me, O God, according to thy great mercy. And according to the multitude of thy tender mercies blot out my iniquity.
4 Wash me yet more from my iniquity, and cleanse me from my sin.
5 For I know my iniquity, and my sin is always before me.
6ab To thee only have I sinned, and have done evil before thee.
11 Turn away thy face from my sins, and blot out all my iniquities.
16 Deliver me from blood, O God, thou God of my salvation: and my tongue shall extol thy justice."
2024-06-18,catholic_leaf_archive,dated Catholic lectionary response archive,https://www.catholicleaf.com/mass-readings-and-reflection-june-18-2024/,"Psalm 51:3-4, 5-6ab, 11 and 16 (R. see 3a)","ps51:3-4,5-6ab,11,16(r.3a)","Have mercy, O Lord, for we have sinned.",
2024-06-19,catholic_gallery_douay_archive,Douay-Rheims dated Mass-reading archive,https://www.catholicgallery.org/mass-reading/190624/,"Psalms 31: 20, 21, 24","ps31:20,21,24","Let your hearts take comfort, all who hope in the Lord.","20 O how great is the multitude of thy sweetness, O Lord, which thou hast hidden for them that fear thee! Which thou hast wrought for them that hope in thee, in the sight of the sons of men.
21 Thou shalt hide them in the secret of thy face, from the disturbance of men. Thou shalt protect them in thy tabernacle from the contradiction of tongues.
24 O love the Lord, all ye his saints: for the Lord will require truth, and will repay them abundantly that act proudly."
2024-06-19,catholic_leaf_archive,dated Catholic lectionary response archive,https://www.catholicleaf.com/mass-readings-and-reflection-june-19-2024/,"Psalm 31:20, 21, 24 (R. 25)","ps31:20,21,24(r.25)","Be strong, let your heart take courage, all who hope in the Lord.",
2024-06-20,catholic_gallery_douay_archive,Douay-Rheims dated Mass-reading archive,https://www.catholicgallery.org/mass-reading/200624/,"Psalms 97: 1-2, 3-4, 5-6, 7","ps97:1-2,3-4,5-6,7","Rejoice in the Lord, you just!","1 The Lord hath reigned, let the earth rejoice: let many islands be glad.
2 Clouds and darkness are round about him: justice and judgment are the establishment of his throne.
3 A fire shall go before him, and shall burn his enemies round about.
4 His lightnings have shone forth to the world: the earth saw and trembled.
5 The mountains melted like wax, at the presence of the Lord: at the presence of the Lord of all the earth.
6 The heavens declared his justice: and all people saw his glory.
7 Let them be all confounded that adore graven things, and that glory in their idols. Adore him, all you his angels:"
2024-06-20,catholic_leaf_archive,dated Catholic lectionary response archive,https://www.catholicleaf.com/mass-readings-and-reflection-june-20-2024/,"Psalm 97:1-2, 3-4, 5-6, 7 (R. 12a)","ps97:1-2,3-4,5-6,7(r.12a)","Rejoice in the Lord, you just.",
2024-06-21,catholic_gallery_douay_archive,Douay-Rheims dated Mass-reading archive,https://www.catholicgallery.org/mass-reading/210624/,"Psalms 132: 11, 12, 13-14, 17-18","ps132:11,12,13-14,17-18",The Lord has chosen Zion for his dwelling.,"11 The Lord hath sworn truth to David, and he will not make it void: of the fruit of thy womb I will set upon thy throne.
12 If thy children will keep thy covenant, and these my testimonies which I shall teach them: Their children also for evermore shall sit upon thy throne.
13 For the Lord hath chosen Sion: he hath chosen it for his dwelling.
14 This is my rest for ever and ever: here will I dwell, for I have chosen it.
17 There will I bring forth a horn to David: I have prepared a lamp for my anointed.
18 His enemies I will clothe with confusion: but upon him will my sanctification flourish."
2024-06-21,catholic_leaf_archive,dated Catholic lectionary response archive,https://www.catholicleaf.com/mass-readings-and-reflection-june-21-2024/,"Psalm 132:11, 12, 13-14, 17-18 (R. 13)","ps132:11,12,13-14,17-18(r.13)",The Lord has chosen Sion; he has desired it for his dwelling.,
2024-06-22,catholic_gallery_douay_archive,Douay-Rheims dated Mass-reading archive,https://www.catholicgallery.org/mass-reading/220624/,"Psalms 89: 4-5, 29-30, 31-32, 33-34","ps89:4-5,29-30,31-32,33-34",Forever I will maintain my love for my servant.,"4 I have made a covenant with my elect: I have sworn to David my servant:
5 Thy seed will I settle for ever. And I will build up thy throne unto generation and generation.
29 I will keep my mercy for him for ever: and my covenant faithful to him.
30 And I will make his seed to endure for evermore: and his throne as the days of heaven.
31 And if his children forsake my law, and walk not in my judgments:
32 If they profane my justices: and keep not my commandments:
33 I will visit their iniquities with a rod: and their sins with stripes.
34 But my mercy I will not take away from him: nor will I suffer my truth to fail."
2024-06-22,catholic_leaf_archive,dated Catholic lectionary response archive,https://www.catholicleaf.com/mass-readings-and-reflection-june-22-2024/,"Psalm 89:4-5, 29-30, 31-32, 33-34 (R. 29a)","ps89:4-5,29-30,31-32,33-34(r.29a)",I will keep my faithful love for him always.,
2024-06-23,catholic_gallery_douay_archive,Douay-Rheims dated Mass-reading archive,https://www.catholicgallery.org/mass-reading/230624/,"Psalms 107: 23-24, 25-26, 28-29, 30-31","ps107:23-24,25-26,28-29,30-31","Give thanks to the Lord, his love is everlasting.","or
23 They that go down to the sea in ships, doing business in the great waters:
24 These have seen the works of the Lord, and his wonders in the deep.
or
25 He said the word, and there arose a storm of wind: and the waves thereof were lifted up.
26 They mount up to the heavens, and they go down to the depths: their soul pined away with evils.
or
28 And they cried to the Lord in their affliction: and he brought them out of their distresses.
29 And he turned the storm into a breeze: and its waves were still.
or
30 And they rejoiced because they were still: and he brought them to the haven which they wished for.
31 Let the mercies of the Lord give glory to him, and his wonderful works to the children of men.
or"
2024-06-23,catholic_leaf_archive,dated Catholic lectionary response archive,https://www.catholicleaf.com/mass-readings-and-reflection-june-23-2024/,"Psalm 107:23-24, 25-26, 28-29, 30-31 (R. 1)","ps107:23-24,25-26,28-29,30-31(r.1)",. O give thanks to the Lord for he is good; for his mercy endures forever!,
2024-06-24,catholic_gallery_douay_archive,Douay-Rheims dated Mass-reading archive,https://www.catholicgallery.org/mass-reading/240624/,"Psalms 139: 1b-3, 13-14ab, 14c-15","ps139:1b-3,13-14ab,14c-15","I praise you, for I am wonderfully made.","1 Lord, thou hast proved me, and known me:
2 Thou hast know my sitting down, and my rising up.
3 Thou hast understood my thoughts afar off: my path and my line thou hast searched out.
13 For thou hast possessed my reins: thou hast protected me from my mother’s womb.
14ab I will praise thee, for thou art fearfully magnified: wonderful are thy works.
14c My soul knoweth right well.
15 My bone is not hidden from thee, which thou hast made in secret: and my substance in the lower parts of the earth."
2024-06-24,catholic_leaf_archive,dated Catholic lectionary response archive,https://www.catholicleaf.com/mass-readings-and-reflection-june-24-2024/,"Psalm 139:1-3, 13-14, 15 (R. 14a)","ps139:1-3,13-14,15(r.14a)",I thank you who wonderfully made me.,
2024-06-25,catholic_gallery_douay_archive,Douay-Rheims dated Mass-reading archive,https://www.catholicgallery.org/mass-reading/250624/,"Psalms 48: 2-3ab, 3cd-4, 10-11","ps48:2-3ab,3cd-4,10-11",God upholds his city for ever.,"2 Great is the Lord, and exceedingly to be praised in the city of our God, in his holy mountain.
3ab With the joy of the whole earth is mount Sion founded.
3cd On the sides of the north, the city of the great king.
4 In her houses shall God be known, when he shall protect her.
10 We have received thy mercy, O God, in the midst of thy temple.
11 According to thy name, O God, so also is thy praise unto the ends of the earth: thy right hand is full of justice."
2024-06-25,catholic_leaf_archive,dated Catholic lectionary response archive,https://www.catholicleaf.com/mass-readings-and-reflection-june-25-2024/,"Psalm 48:2-3ab, 3cd-4, 10-11, (R. see 9cd)","ps48:2-3ab,3cd-4,10-11(r.9cd)",God establishes his city forever.,
2024-06-26,catholic_gallery_douay_archive,Douay-Rheims dated Mass-reading archive,https://www.catholicgallery.org/mass-reading/260624/,"Psalms 119: 33, 34, 36, 37, 40","ps119:33,34,36,37,40","Teach me the way of your decrees, O Lord.","33 Set before me for a law the way of thy justifications, O Lord: and I will always seek after it.
34 Give me understanding, and I will search thy law; and I will keep it with my whole heart.
36 Incline my heart into thy testimonies and not to covetousness.
37 Turn away my eyes that they may not behold vanity: quicken me in thy way.
40 Behold I have longed after thy precepts: quicken me in thy justice."
2024-06-26,catholic_leaf_archive,dated Catholic lectionary response archive,https://www.catholicleaf.com/mass-readings-and-reflection-june-26-2024/,"Psalm 119:33, 34, 35, 36, 37, 40 (R. 33a)","ps119:33,34,35,36,37,40(r.33a)","Lord, teach me the way of your statutes.",
2024-06-27,catholic_gallery_douay_archive,Douay-Rheims dated Mass-reading archive,https://www.catholicgallery.org/mass-reading/270624/,"Psalms 79: 1b-2, 3-5, 8, 9","ps79:1b-2,3-5,8,9","For the glory of your name, O Lord, deliver us.","1b O God, the heathens are come into thy inheritance, they have defiled thy holy temple: they have made Jerusalem as a place to keep fruit.
2 They have given the dead bodies of thy servants to be meat for the fowls of the air: the flesh of thy saints for the beasts of the earth.
3 They have poured out their blood as water, round about Jerusalem and there was none to bury them.
4 We are become a reproach to our neighbours: a scorn and derision to them that are round about us.
5 How long, O Lord, wilt thou be angry for ever: shall thy zeal be kindled like a fire?
8 Remember not our former iniquities: let thy mercies speedily prevent us, for we are become exceeding poor.
9 Help us, O God, our saviour: and for the glory of thy name, O Lord, deliver us: and forgive us our sins for thy name’s sake:"
2024-06-27,catholic_leaf_archive,dated Catholic lectionary response archive,https://www.catholicleaf.com/mass-readings-and-reflection-june-27-2024/,"Psalm 79:1-2, 3-5, 8, 9 (R. see 9bc)","ps79:1-2,3-5,8,9(r.9bc)","For the sake of the glory of your name, free us O Lord.",
2024-06-28,catholic_gallery_douay_archive,Douay-Rheims dated Mass-reading archive,https://www.catholicgallery.org/mass-reading/280624/,"Psalms 137: 1-2, 3, 4-5, 6","ps137:1-2,3,4-5,6","Let my tongue be silenced, if I ever forget you!","1 Upon the rivers of Babylon, there we sat and wept: when we remembered Sion:
2 On the willows in the midst thereof we hung up our instruments.
3 For there they that led us into captivity required of us the words of songs. And they that carried us away, said: Sing ye to us a hymn of the songs of Sion.
4 How shall we sing the song of the Lord in a strange land?
5 If I forget thee, O Jerusalem, let my right hand be forgotten.
6 Let my tongue cleave to my jaws, if I do not remember thee: If I make not Jerusalem the beginning of my joy."
2024-06-28,catholic_leaf_archive,dated Catholic lectionary response archive,https://www.catholicleaf.com/mass-readings-and-reflection-june-28-2024/,"Psalm 137:1-2, 3, 4-5, 6 (R. 6abc)","ps137:1-2,3,4-5,6(r.6abc)",O let my tongue cleave to my palate if I remember you not!,
2024-06-29,catholic_gallery_douay_archive,Douay-Rheims dated Mass-reading archive,https://www.catholicgallery.org/mass-reading/290624/,"Psalms 34: 2-3, 4-5, 6-7, 8-9","ps34:2-3,4-5,6-7,8-9",The angel of the Lord will rescue those who fear him.,"2 I will bless the Lord at all times, his praise shall be always in my mouth.
3 In the Lord shall my soul be praised: let the meek hear and rejoice.
4 O magnify the Lord with me; and let us extol his name together.
5 I sought the Lord, and he heard me; and he delivered me from all my troubles.
6 Come ye to him and be enlightened: and your faces shall not be confounded.
7 This poor man cried, and the Lord heard him: and saved him out of all his troubles.
8 The angel of the Lord shall encamp round about them that fear him: and shall deliver them.
9 O taste, and see that the Lord is sweet: blessed is the man that hopeth in him."
2024-06-29,catholic_leaf_archive,dated Catholic lectionary response archive,https://www.catholicleaf.com/mass-readings-and-reflection-june-29-2024/,"Psalm 34:2-3, 4-5, 6-7, 8-9","ps34:2-3,4-5,6-7,8-9",From all my terrors he set me free,
2024-06-30,catholic_gallery_douay_archive,Douay-Rheims dated Mass-reading archive,https://www.catholicgallery.org/mass-reading/300624/,"Psalms 30: 2, 4, 5-6, 11, 12, 13","ps30:2,4,5-6,11,12,13","I will praise you, Lord, for you have rescued me.","2 I will extol thee, O Lord, for thou hast upheld me: and hast not made my enemies to rejoice over me.
4 Thou hast brought forth, O Lord, my soul from hell: thou hast saved me from them that go down into the pit.
5 Sing to the Lord, O ye his saints: and give praise to the memory of his holiness.
6 For wrath is in his indignation; and life in his good will. In the evening weeping shall have place, and in the morning gladness.
11 The Lord hath heard, and hath had mercy on me: the Lord became my helper.
12 Thou hast turned for me my mourning into joy: thou hast cut my sackcloth, and hast compassed me with gladness:
13 To the end that my glory may sing to thee, and I may not regret: O Lord my God, I will give praise to thee for ever."
2024-06-30,catholic_leaf_archive,dated Catholic lectionary response archive,https://www.catholicleaf.com/mass-readings-and-reflection-june-30-2024/,"Psalm 30:2 and 4, 5-6, 11-12a, and 13b (R. 2a)","ps30:2,4,5-6,11-12a,13b(r.2a)","I will extol you, O Lord, for you have raised me up",
2024-07-01,catholic_gallery_douay_archive,Douay-Rheims dated Mass-reading archive,https://www.catholicgallery.org/mass-reading/010724/,"Psalms 50: 16bc-17, 18-19, 20-21, 22-23","ps50:16bc-17,18-19,20-21,22-23","Remember this, you who never think of God.","16bc Why dost thou declare my justices, and take my covenant in thy mouth?
17 Seeing thou hast hated discipline: and hast cast my words behind thee.
18 If thou didst see a thief thou didst run with him: and with adulterers thou hast been a partaker.
19 Thy mouth hath abounded with evil, and thy tongue framed deceits.
20 Sitting thou didst speak against thy brother, and didst lay a scandal against thy mother’s son:
21 These things hast thou done, and I was silent. Thou thoughtest unjustly that I should be like to thee: but I will reprove thee, and set before thy face.
22 Understand these things, you that forget God; lest he snatch you away, and there be none to deliver you.
23 The sacrifice of praise shall glorify me: and there is the way by which I will shew him the salvation of God."
2024-07-01,catholic_leaf_archive,dated Catholic lectionary response archive,https://www.catholicleaf.com/mass-readings-and-reflection-july-01-2024/,"Psalm 50:16bc-17, 18-20, 21, 22-23 (R. 22a)","ps50:16bc-17,18-20,21,22-23(r.22a)","Mark this, you who are forgetful of God",
2024-07-02,catholic_gallery_douay_archive,Douay-Rheims dated Mass-reading archive,https://www.catholicgallery.org/mass-reading/020724/,"Psalms 5: 4b-6, 7, 8","ps5:4b-6,7,8","Lead me in your justice, Lord.","4b O Lord, in the morning thou shalt hear my voice.
5 In the morning I will stand before thee, and will see: because thou art not a God that willest iniquity.
6 Neither shall the wicked dwell near thee: nor shall the unjust abide before thy eyes.
7 Thou hatest all the workers of iniquity: Thou wilt destroy all that speak a lie. The bloody and the deceitful man the Lord will abhor.
8 But as for me in the multitude of thy mercy, I will come into thy house; I will worship towards thy holy temple, in thy fear."
2024-07-02,catholic_leaf_archive,dated Catholic lectionary response archive,https://www.catholicleaf.com/mass-readings-and-reflection-july-02-2024/,"Psalm 5:5-6, 7, 8 (R. 9a)","ps5:5-6,7,8(r.9a)","Lead me, Lord, in your justice.",
2024-07-03,catholic_gallery_douay_archive,Douay-Rheims dated Mass-reading archive,https://www.catholicgallery.org/mass-reading/030724/,"Psalms 117: 1bc, 2","ps117:1bc,2",Go out to all the world and tell the Good News.,"1bc O praise the Lord, all ye nations: praise him, all ye people.
2 For his mercy is confirmed upon us: and the truth of the Lord remaineth for ever."
2024-07-03,catholic_leaf_archive,dated Catholic lectionary response archive,https://www.catholicleaf.com/mass-readings-and-reflection-july-03-2024/,"Psalm 116:12-13, 15 and 16bc, 17-18 (R. 9)","ps116:12-13,15,16bc,17-18(r.9)",I will walk in the presence of the Lord in the land of the living.,
2024-07-04,catholic_gallery_douay_archive,Douay-Rheims dated Mass-reading archive,https://www.catholicgallery.org/mass-reading/040724/,"Psalms 19: 8, 9, 10, 11","ps19:8,9,10,11","The judgments of the Lord are true, and all of them are just.","8 The law of the Lord is unspotted, converting souls: the testimony of the Lord is faithful, giving wisdom to little ones.
9 The justices of the Lord are right, rejoicing hearts: the commandment of the Lord is lightsome, enlightening the eyes.
10 The fear of the Lord is holy, enduring for ever and ever: the judgments of the Lord are true, justified in themselves.
11 More to be desired than gold and many precious stones: and sweeter than honey and the honeycomb."
2024-07-04,catholic_leaf_archive,dated Catholic lectionary response archive,https://www.catholicleaf.com/mass-readings-and-reflection-july-04-2024/,"Psalm 19:8, 9, 10, 11 (R. 10cd)","ps19:8,9,10,11(r.10cd)",". The judgments of the Lord are true; they are, all of them, just",
2024-07-05,catholic_gallery_douay_archive,Douay-Rheims dated Mass-reading archive,https://www.catholicgallery.org/mass-reading/050724/,"Psalms 119: 2, 10, 20, 30, 40, 131","ps119:2,10,20,30,40,131","One does not live by bread alone, but by every word that comes from the mouth of God.","2 Blessed are they who search his testimonies: that seek him with their whole heart.
10 With my whole heart have I sought after thee: let me not stray from thy commandments.
20 My soul hath coveted to long for thy justifications, at all times.
30 I have chosen the way of truth: thy judgments I have not forgotten.
40 Behold I have longed after thy precepts: quicken me in thy justice.
131 I opened my mouth and panted: because I longed for thy commandments."
2024-07-05,catholic_leaf_archive,dated Catholic lectionary response archive,https://www.catholicleaf.com/mass-readings-and-reflection-july-05-2024/,"Psalm 119:2, 10, 20, 30, 40, 131 (R. Matthew 4:4)","ps119:2,10,20,30,40,131(r.matthew4:4)","Man shall not live by bread alone, but by every word that comes from the mouth of God.",
2024-07-06,catholic_gallery_douay_archive,Douay-Rheims dated Mass-reading archive,https://www.catholicgallery.org/mass-reading/060724/,"Psalms 85: 9ab and 10, 11-12, 13-14","ps85:9ab,10,11-12,13-14",The Lord speaks of peace to his people.,"9ab I will hear what the Lord God will speak in me: for he will speak peace unto his people.
10 Surely his salvation is near to them that fear him: that glory may dwell in our land.
11 Mercy and truth have met each other: justice and peace have kissed.
12 Truth is sprung out of the earth: and justice hath looked down from heaven.
13 For the Lord will give goodness: and our earth shall yield her fruit.
14 Justice shall walk before him: and shall set his steps in the way."
2024-07-06,catholic_leaf_archive,dated Catholic lectionary response archive,https://www.catholicleaf.com/mass-readings-and-reflection-july-06-2024/,"Psalm 85:9, 11-12, 13-14","ps85:9,11-12,13-14",The Lord speaks of peace for his people.,
2024-07-07,catholic_gallery_douay_archive,Douay-Rheims dated Mass-reading archive,https://www.catholicgallery.org/mass-reading/070724/,"Psalms 123: 1-2, 2, 3-4","ps123:1-2,2,3-4","Our eyes are fixed on the Lord, pleading for his mercy.","1 To thee have I lifted up my eyes, who dwellest in heaven.
2a Behold as the eyes of the servants are on the hands of their masters.
2bcd As the eyes of the handmaid are on the hands of her mistress: so are our eyes unto the Lord our God, until he have mercy on us.
3 Have mercy on us, O Lord, have mercy on us: for we are greatly filled with contempt.
4 For our soul is greatly filled: we are a reproach to the rich, and contempt to the proud."
2024-07-07,catholic_leaf_archive,dated Catholic lectionary response archive,https://www.catholicleaf.com/mass-readings-and-reflection-july-07-2024/,"Psalm 123:1-2ab, 2cdef, 3-4 (R. 2ef)","ps123:1-2ab,2cdef,3-4(r.2ef)","Our eyes are on the Lord our God, till he show us his mercy.",
2024-07-08,catholic_gallery_douay_archive,Douay-Rheims dated Mass-reading archive,https://www.catholicgallery.org/mass-reading/080724/,"Psalms 145: 2-3, 4-5, 6-7, 8-9","ps145:2-3,4-5,6-7,8-9",The Lord is gracious and merciful.,"2 Every day I will bless thee: and I will praise thy name for ever; yea, for ever and ever.
3 Great is the Lord, and greatly to be praised: and of his greatness there is no end.
4 Generation and generation shall praise thy works: and they shall declare thy power.
5 They shall speak of the magnificence of the glory of thy holiness: and shall tell thy wondrous works.
6 And they shall speak of the might of thy terrible acts: and shall declare thy greatness.
7 They shall publish the memory of the abundance of thy sweetness: and shall rejoice in thy justice.
8 The Lord is gracious and merciful: patient and plenteous in mercy.
9 The Lord is sweet to all: and his tender mercies are over all his works."
2024-07-08,catholic_leaf_archive,dated Catholic lectionary response archive,https://www.catholicleaf.com/mass-readings-and-reflection-july-08-2024/,"Psalm 145:2-3, 4-5, 6-7, 8-9 (R. 8a)","ps145:2-3,4-5,6-7,8-9(r.8a)",The Lord is kind and full of compassion,
2024-07-09,catholic_gallery_douay_archive,Douay-Rheims dated Mass-reading archive,https://www.catholicgallery.org/mass-reading/090724/,"Psalms 115: 3-4, 5-6, 7ab-8, 9-10","ps115:3-4,5-6,7ab-8,9-10",The house of Israel trusts in the Lord.,"or
3 But our God is in heaven: he hath done all things whatsoever he would.
4 The idols of the gentiles are silver and gold, the works of the hands of men.
or
5 They have mouths and speak not: they have eyes and see not.
6 They have ears and hear not: they have noses and smell not.
or
7ab They have hands and feel not: they have feet and walk not.
8 Let them that make them become like unto them: and all such as trust in them.
or
9 The house of Israel hath hoped in the Lord: he is their helper and their protector.
10 The house of Aaron hath hoped in the Lord: he is their helper and their protector.
or"
2024-07-09,catholic_leaf_archive,dated Catholic lectionary response archive,https://www.catholicleaf.com/mass-readings-and-reflection-july-09-2024/,"Psalm 115:3-4, 5-6, 7ab and 8, 9-10 (R. 9a)","ps115:3-4,5-6,7ab,8,9-10(r.9a)","House of Israel, trust in the Lord",
2024-07-10,catholic_gallery_douay_archive,Douay-Rheims dated Mass-reading archive,https://www.catholicgallery.org/mass-reading/100724/,"Psalms 105: 2-3, 4-5, 6-7","ps105:2-3,4-5,6-7",Seek always the face of the Lord.,"or
2 Sing to him, yea sing praises to him: relate all his wondrous works.
3 Glory ye in his holy name: let the heart of them rejoice that seek the Lord.
or
4 Seek ye the Lord, and be strengthened: seek his face evermore.
5 Remember his marvellous works which he hath done; his wonders, and the judgments of his mouth.
or
6 O ye seed of Abraham his servant; ye sons of Jacob his chosen.
7 He is the Lord our God: his judgments are in all the earth.
or"
2024-07-10,catholic_leaf_archive,dated Catholic lectionary response archive,https://www.catholicleaf.com/mass-readings-and-reflection-july-10-2024/,"Psalm 105:2-3, 4-5, 6-7 (R. 4b)","ps105:2-3,4-5,6-7(r.4b)",Constantly seek the Lord’s face.,
2024-07-11,catholic_gallery_douay_archive,Douay-Rheims dated Mass-reading archive,https://www.catholicgallery.org/mass-reading/110724/,"Psalms 80: 2ac and 3b, 15-16","ps80:2ac,3b,15-16","Let us see your face, Lord, and we shall be saved.","2ac Give ear, O thou that rulest Israel: Thou that sittest upon the cherubims, shine forth
3b Stir up thy might.
15 Turn again, O God of hosts, look down from heaven, and see, and visit this vineyard:
16 And perfect the same which thy right hand hath planted: and upon the son of man whom thou hast confirmed for thyself."
2024-07-11,catholic_leaf_archive,dated Catholic lectionary response archive,https://www.catholicleaf.com/mass-readings-and-reflection-for-july-11-2024/,"Psalm 80:2ac and 3b, 15-16 (R. 4b)","ps80:2ac,3b,15-16(r.4b)","Let your face shine on us, Lord, and we shall be saved.",
2024-07-12,catholic_gallery_douay_archive,Douay-Rheims dated Mass-reading archive,https://www.catholicgallery.org/mass-reading/120724/,"Psalms 51: 3-4, 8-9, 12-13, 14 and 17","ps51:3-4,8-9,12-13,14,17",My mouth will declare your praise.,"3 Have mercy on me, O God, according to thy great mercy. And according to the multitude of thy tender mercies blot out my iniquity.
4 Wash me yet more from my iniquity, and cleanse me from my sin.
8 For behold thou hast loved truth: the uncertain and hidden things of thy wisdom thou hast made manifest to me.
9 Thou shalt sprinkle me with hyssop, and I shall be cleansed: thou shalt wash me, and I shall be made whiter than snow.
12 Create a clean heart in me, O God: and renew a right spirit within my bowels.
13 Cast me not away from thy face; and take not thy holy spirit from me.
14 Restore unto me the joy of thy salvation, and strengthen me with a perfect spirit.
17 O Lord, thou wilt open my lips: and my mouth shall declare thy praise."
2024-07-12,catholic_leaf_archive,dated Catholic lectionary response archive,https://www.catholicleaf.com/mass-readings-and-reflection-for-july-12-2024/,"Psalm 51:3-4, 8-9, 12-13, 14 and 17 (R. 17b)","ps51:3-4,8-9,12-13,14,17(r.17b)",My mouth shall proclaim your praise,
2024-07-13,catholic_gallery_douay_archive,Douay-Rheims dated Mass-reading archive,https://www.catholicgallery.org/mass-reading/130724/,"Psalms 93: 1ab, 1cd-2, 5","ps93:1ab,1cd-2,5",The Lord is king; he is robed in majesty.,"1ab The Lord hath reigned, he is clothed with beauty: the Lord is clothed with strength, and hath girded himself.
1cd For he hath established the world which shall not be moved.
2 Thy throne is prepared from of old: thou art from everlasting.
5 Thy testimonies are become exceedingly credible: holiness becometh thy house, O Lord, unto length of days."
2024-07-13,catholic_leaf_archive,dated Catholic lectionary response archive,https://www.catholicleaf.com/mass-readings-and-reflection-for-july-13-2024/,"Psalm 93:1ab, 1cd-2, 5 (R. 1a)","ps93:1ab,1cd-2,5(r.1a)","The Lord is king, with majesty enrobed",
2024-07-14,catholic_gallery_douay_archive,Douay-Rheims dated Mass-reading archive,https://www.catholicgallery.org/mass-reading/140724/,"Psalms 85: 9-10, 11-12, 13-14","ps85:9-10,11-12,13-14","Lord, let us see your kindness, and grant us your salvation.","9 I will hear what the Lord God will speak in me: for he will speak peace unto his people: And unto his saints: and unto them that are converted to the heart.
10 Surely his salvation is near to them that fear him: that glory may dwell in our land.
11 Mercy and truth have met each other: justice and peace have kissed.
12 Truth is sprung out of the earth: and justice hath looked down from heaven.
13 For the Lord will give goodness: and our earth shall yield her fruit.
14 Justice shall walk before him: and shall set his steps in the way."
2024-07-14,catholic_leaf_archive,dated Catholic lectionary response archive,https://www.catholicleaf.com/mass-readings-and-reflections-july-14-2024/,"Psalm 85:9ab, and 10, 11-12, 13-14 (R. 8)","ps85:9ab,10,11-12,13-14(r.8)","Let us see, O Lord, your mercy, and grant us your salvation.",
2024-07-15,catholic_gallery_douay_archive,Douay-Rheims dated Mass-reading archive,https://www.catholicgallery.org/mass-reading/150724/,"Psalms 50: 8-9, 16bc-17, 21 and 23","ps50:8-9,16bc-17,21,23",To the upright I will show the saving power of God.,"8 I will not reprove thee for thy sacrifices: and thy burnt offerings are always in my sight.
9 I will not take calves out of thy house: nor he goats out of thy flocks.
16bc Why dost thou declare my justices, and take my covenant in thy mouth?
17 Seeing thou hast hated discipline: and hast cast my words behind thee.
21 These things hast thou done, and I was silent. Thou thoughtest unjustly that I should be like to thee: but I will reprove thee, and set before thy face.
23 The sacrifice of praise shall glorify me: and there is the way by which I will shew him the salvation of God."
2024-07-15,catholic_leaf_archive,dated Catholic lectionary response archive,https://www.catholicleaf.com/mass-readings-and-reflections-july-15-2024/,"Psalm 50:8-9, 16bc-17, 21 and 23 (R. 23bc)","ps50:8-9,16bc-17,21,23(r.23bc)","To one whose way is blameless, I will show the salvation of God.",
2024-07-16,catholic_gallery_douay_archive,Douay-Rheims dated Mass-reading archive,https://www.catholicgallery.org/mass-reading/160724/,"Psalms 48: 2-3a, 3b-4, 5-6, 7-8","ps48:2-3a,3b-4,5-6,7-8",God upholds his city for ever.,"2 Great is the Lord, and exceedingly to be praised in the city of our God, in his holy mountain.
3a With the joy of the whole earth is mount Sion founded.
3b On the sides of the north, the city of the great king.
4 In her houses shall God be known, when he shall protect her.
5 For behold the kings of the earth assembled themselves: they gathered together.
6 So they saw, and they wondered, they were troubled, they were moved:
7 Trembling took hold of them. There were pains as of a woman in labour.
8 With a vehement wind thou shalt break in pieces the ships of Tharsis."
2024-07-16,catholic_leaf_archive,dated Catholic lectionary response archive,https://www.catholicleaf.com/mass-readings-and-reflections-july-16-2024/,"Psalm 48:2-3ab, 3c-4, 5-6, 7-8 (R. see 9cd)","ps48:2-3ab,3c-4,5-6,7-8(r.9cd)",God establishes his city forever.,
2024-07-17,catholic_gallery_douay_archive,Douay-Rheims dated Mass-reading archive,https://www.catholicgallery.org/mass-reading/170724/,"Psalms 94: 5-6, 7-8, 9-10, 14-15","ps94:5-6,7-8,9-10,14-15",The Lord will not abandon his people.,"5 Thy people, O Lord, they have brought low: and they have afflicted thy inheritance.
6 They have slain the widow and the stranger: and they have murdered the fatherless.
7 And they have said: The Lord shall not see: neither shall the God of Jacob understand.
8 Understand, ye senseless among the people: and, you fools, be wise at last.
9 He that planted the ear, shall he not hear? or he that formed the eye, doth he not consider?
10 He that chastiseth nations, shall he not rebuke: he that teacheth man knowledge?
14 For the Lord will not cast off his people: neither will he forsake his own inheritance.
15 Until justice be turned into judgment: and they that are near it are all the upright in heart."
2024-07-17,catholic_leaf_archive,dated Catholic lectionary response archive,https://www.catholicleaf.com/mass-readings-and-reflections-july-17-2024/,"Psalm 94:5-6, 7-8, 9-10, 14-15 (R. 14a)","ps94:5-6,7-8,9-10,14-15(r.14a)",The Lord will not abandon his people.,
2024-07-18,catholic_gallery_douay_archive,Douay-Rheims dated Mass-reading archive,https://www.catholicgallery.org/mass-reading/180724/,"Psalms 102: 13-14ab and 15, 16-18, 19-21","ps102:13-14ab,15,16-18,19-21",From heaven the Lord looks down on the earth.,"13 But thou, O Lord, endurest for ever: and thy memorial to all generations.
14ab Thou shalt arise and have mercy on Sion: for it is time to have mercy on it.
15 For the stones thereof have pleased thy servants: and they shall have pity on the earth thereof.
16 And the Gentiles shall fear thy name, O Lord, and all the kings of the earth thy glory.
17 For the Lord hath built up Sion: and he shall be seen in his glory.
18 He hath had regard to the prayer of the humble: and he hath not despised their petition.
19 Let these things be written unto another generation: and the people that shall be created shall praise the Lord:
20 Because he hath looked forth from his high sanctuary: from heaven the Lord hath looked upon the earth.
21 That he might hear the groans of them that are in fetters: that he might release the children of the slain:"
2024-07-18,catholic_leaf_archive,dated Catholic lectionary response archive,https://www.catholicleaf.com/mass-readings-and-reflections-july-18-2024/,"Psalm 102:13-14ab and 15, 16-18, 19-21 (R. 20b)","ps102:13-14ab,15,16-18,19-21(r.20b)",The Lord looked down from heaven to the earth.,
2024-07-19,catholic_gallery_douay_archive,Douay-Rheims dated Mass-reading archive,https://www.catholicgallery.org/mass-reading/190724/,"Isaiah 38: 10, 11, 12abcd, 16","isaiah38:10,11,12abcd,16","You saved my life, O Lord; I shall not die.","10 I said: In the midst of my days I shall go to the gates of hell: I sought for the residue of my years.
11 I said: I shall not see the Lord God in the land of the living. I shall behold man no more, nor the inhabitant of rest.
12abcd My generation is at an end, and it is rolled away from me, as a shepherd’s tent. My life is cut off, as by a weaver: whilst I was yet but beginning, he out me off.
16 O Lord, if man’s life be such, and the life of my spirit be in such things as these, thou shalt correct me, and make me to live."
2024-07-20,catholic_gallery_douay_archive,Douay-Rheims dated Mass-reading archive,https://www.catholicgallery.org/mass-reading/200724/,"Psalms 10: 1-2, 3-4, 7-8, 14","ps10:1-2,3-4,7-8,14","Do not forget the poor, O Lord!","1 Why, O Lord, hast thou retired afar off? why dost thou slight us in our wants, in the time of trouble?
2 Whilst the wicked man is proud, the poor is set on fire: they are caught in the counsels which they devise.
3 For the sinner is praised in the desires of his soul: and the unjust man is blessed.
4 The sinner hath provoked the Lord according to the multitude of his wrath he will not seek him:
7 His mouth is full of cursing, and of bitterness, and of deceit: under his tongue are labour and sorrow.
8 He sitteth in ambush with the rich in private places, that he may kill the innocent.
14 Thou seest it, for thou considerest labour and sorrow: that thou mayst deliver them into thy hands. To thee is the poor man left: thou wilt be a helper to the orphan."
2024-07-20,catholic_leaf_archive,dated Catholic lectionary response archive,https://www.catholicleaf.com/mass-readings-and-reflections-july-20-2024/,"Psalm 10:1-2, 3-4, 7-8, 14 (R. 12b)","ps10:1-2,3-4,7-8,14(r.12b)","Do not forget the poor, O Lord",
2024-07-21,catholic_gallery_douay_archive,Douay-Rheims dated Mass-reading archive,https://www.catholicgallery.org/mass-reading/210724/,"Psalms 23: 1-3, 3-4, 5, 6","ps23:1-3,3-4,5,6",The Lord is my shepherd; there is nothing I shall want.,"1 A psalm for David. The Lord ruleth me: and I shall want nothing.
2 He hath set me in a place of pasture. He hath brought me up, on the water of refreshment:
3a He hath converted my soul.
3bc He hath led me on the paths of justice, for his own name’s sake.
4 For though I should walk in the midst of the shadow of death, I will fear no evils, for thou art with me. Thy rod and thy staff, they have comforted me.
5 Thou hast prepared a table before me against them that afflict me. Thou hast anointed my head with oil; and my chalice which inebriateth me, how goodly is it!
6 And thy mercy will follow me all the days of my life. And that I may dwell in the house of the Lord unto length of days."
2024-07-21,catholic_leaf_archive,dated Catholic lectionary response archive,https://www.catholicleaf.com/mass-readings-and-reflections-july-21-2024/,"Psalm 23:1-3a, 3bc-4, 5, 6 (R. 1)","ps23:1-3a,3bc-4,5,6(r.1)",The Lord is my shepherd; there is nothing I shall want,
2024-07-22,catholic_gallery_douay_archive,Douay-Rheims dated Mass-reading archive,https://www.catholicgallery.org/mass-reading/220724/,"Psalms 63: 2, 3-4, 5-6, 8-9","ps63:2,3-4,5-6,8-9","My soul is thirsting for you, O Lord my God.","2 O God, my God, to thee do I watch at break of day. For thee my soul hath thirsted; for thee my flesh, O how many ways!
3 In a desert land, and where there is no way, and no water: so in the sanctuary have I come before thee, to see thy power and thy glory.
4 For thy mercy is better than lives: thee my lips shall praise.
5 Thus will I bless thee all my life long: and in thy name I will lift up my hands.
6 Let my soul be filled as with marrow and fatness: and my mouth shall praise thee with joyful lips.
8 Because thou hast been my helper. And I will rejoice under the covert of thy wings:
9 My soul hath stuck close to thee: thy right hand hath received me."
2024-07-22,catholic_leaf_archive,dated Catholic lectionary response archive,https://www.catholicleaf.com/mass-readings-and-reflections-july-22-2024/,"Psalm 63:2, 3-4, 5-6, 8-9 (R. see 2b)","ps63:2,3-4,5-6,8-9(r.2b)","For you my soul is thirsting, O Lord, my God.",
2024-07-23,catholic_gallery_douay_archive,Douay-Rheims dated Mass-reading archive,https://www.catholicgallery.org/mass-reading/230724/,"Psalms 85: 2-4, 5-6, 7-8","ps85:2-4,5-6,7-8","Lord, show us your mercy and love.","2 Lord, thou hast blessed thy land: thou hast turned away the captivity of Jacob.
3 Thou hast forgiven the iniquity of thy people: thou hast covered all their sins.
4 Thou hast mitigated all thy anger: thou hast turned away from the wrath of thy indignation.
5 Convert us, O God our saviour: and turn off thy anger from us.
6 Wilt thou be angry with us for ever: or wilt thou extend thy wrath from generation to generation?
7 Thou wilt turn, O God, and bring us to life: and thy people shall rejoice in thee.
8 shew us, O Lord, thy mercy; and grant us thy salvation."
2024-07-23,catholic_leaf_archive,dated Catholic lectionary response archive,https://www.catholicleaf.com/mass-readings-and-reflections-july-23-2024/,"Psalm 85:2-4, 5-6, 7-8 (R. 8a)","ps85:2-4,5-6,7-8(r.8a)","Let us see, O Lord, your mercy.",
2024-07-24,catholic_gallery_douay_archive,Douay-Rheims dated Mass-reading archive,https://www.catholicgallery.org/mass-reading/240724/,"Psalms 71: 1-2, 3-4a, 5-6ab, 15 and 17","ps71:1-2,3-4a,5-6ab,15,17",I will sing of your salvation.,"1 In thee, O Lord, I have hoped, let me never be put to confusion:
2 Deliver me in thy justice, and rescue me. Incline thy ear unto me, and save me.
3 Be thou unto me a God, a protector, and a place of strength: that thou mayst make me safe. For thou art my firmament and my refuge.
4a Deliver me, O my God, out of the hand of the sinner.
5 For thou art my patience, O Lord: my hope, O Lord, from my youth;
6ab By thee have I been confirmed from the womb: from my mother’s womb thou art my protector.
15 My mouth shall shew forth thy justice; thy salvation all the day long. Because I have not known learning,
17 Thou hast taught me, O God, from my youth: and till now I will declare thy wonderful works."
2024-07-24,catholic_leaf_archive,dated Catholic lectionary response archive,https://www.catholicleaf.com/mass-readings-and-reflections-july-24-2024/,"Psalm 71:1-2, 3-4a, 5-6ab, 15ab and 17 (R. see 15ab)","ps71:1-2,3-4a,5-6ab,15ab,17(r.15ab)","My mouth will tell of your salvation, Lord.",
2024-07-25,catholic_gallery_douay_archive,Douay-Rheims dated Mass-reading archive,https://www.catholicgallery.org/mass-reading/250724/,"Psalms 126: 1bc-2ab, 2cd-3, 4-5, 6","ps126:1bc-2ab,2cd-3,4-5,6",Those who sow in tears shall reap rejoicing.,"1bc When the lord brought back the captivity of Sion, we became like men comforted.
2ab Then was our mouth filled with gladness; and our tongue with joy.
2cd Then shall they say among the Gentiles: The Lord hath done great things for them.
3 The Lord hath done great things for us: we are become joyful.
4 Turn again our captivity, O Lord, as a stream in the south.
5 They that sow in tears shall reap in joy.
6 Going they went and wept, casting their seeds. But coming they shall come with joyfulness, carrying their sheaves."
2024-07-25,catholic_leaf_archive,dated Catholic lectionary response archive,https://www.catholicleaf.com/mass-readings-and-reflections-july-25-2024/,"Psalm 126:1-2ab, 2cd-3, 4-5, 6 (R. see 5)","ps126:1-2ab,2cd-3,4-5,6(r.5)",Those who are sowing in tears will sing when they reap.,
2024-07-26,catholic_gallery_douay_archive,Douay-Rheims dated Mass-reading archive,https://www.catholicgallery.org/mass-reading/260724/,"Jeremiah 31: 10, 11-12abcd, 13","jeremiah31:10,11-12abcd,13",The Lord will guard us as a shepherd guards his flock.,"10 Hear the word of the Lord, O ye nations, and declare it in the islands that are afar off, and say: He that scattered Israel will gather him: and he will keep him as the shepherd doth his flock.
11 For the Lord hath redeemed Jacob, and delivered him out of the hand of one that was mightier than he.
12abcd And they shall come, and shall give praise in mount Sion: and they shall flow together to the good things of the Lord, for the corn, and wine, and oil, and the increase of cattle and herds.
13 Then shall the virgin rejoice in the dance, the young men and old men together: and I will turn their mourning into joy, and will comfort them, and make them joyful after their sorrow."
2024-07-27,catholic_gallery_douay_archive,Douay-Rheims dated Mass-reading archive,https://www.catholicgallery.org/mass-reading/270724/,"Psalms 84: 3, 4, 5-6a and 8a, 11","ps84:3,4,5-6a,8a,11","How lovely is your dwelling place, Lord, mighty God!","3 My soul longeth and fainteth for the courts of the Lord. My heart and my flesh have rejoiced in the living God.
4 For the sparrow hath found herself a house, and the turtle a nest for herself where she may lay her young ones: Thy altars, O Lord of hosts, my king and my God.
5 Blessed are they that dwell in thy house, O Lord: they shall praise thee for ever and ever.
6a Blessed is the man whose help is from thee!
8a They shall go from virtue to virtue.
11 For better is one day in thy courts above thousands. I have chosen to be an abject in the house of my God, rather than to dwell in the tabernacles of sinners."
2024-07-27,catholic_leaf_archive,dated Catholic lectionary response archive,https://www.catholicleaf.com/mass-readings-and-reflections-july-27-2024/,"Psalm 84:3, 4, 5-6a and 8a, 11 (R. 2)","ps84:3,4,5-6a,8a,11(r.2)","How lovely is your dwelling place, O Lord of hosts!",
2024-07-28,catholic_gallery_douay_archive,Douay-Rheims dated Mass-reading archive,https://www.catholicgallery.org/mass-reading/280724/,"Psalms 145: 10-11, 15-16, 17-18","ps145:10-11,15-16,17-18",The hand of the Lord feeds us; he answers all our needs.,"10 Let all thy works, O lord, praise thee: and let thy saints bless thee.
11 They shall speak of the glory of thy kingdom: and shall tell of thy power:
15 The eyes of all hope in thee, O Lord: and thou givest them meat in due season.
16 Thou openest thy hand, and fillest with blessing every living creature.
17 The Lord is just in all his ways: and holy in all his works.
18 The Lord is nigh unto all them that call upon him: to all that call upon him in truth."
2024-07-28,catholic_leaf_archive,dated Catholic lectionary response archive,https://www.catholicleaf.com/mass-readings-and-reflections-july-28-2024/,"Psalm 145:10-11, 15-16, 17-18 (R. see 16)","ps145:10-11,15-16,17-18(r.16)","You open your hand, Lord, and you satisfy us",
2024-07-29,catholic_gallery_douay_archive,Douay-Rheims dated Mass-reading archive,https://www.catholicgallery.org/mass-reading/290724/,"Deuteronomy 32: 18-19, 20, 21","deuteronomy32:18-19,20,21",You have forgotten God who gave you birth.,"18 Thou hast forsaken the God that beget thee, and hast forgotten the Lord that created thee.
19 The Lord saw, and was moved to wrath: because his own sons and daughters provoked him.
20 And he said: I will hide my face from them, and will consider what their last end shall be: for it is a perverse generation, and unfaithful children.
21 They have provoked me with that which was no god, and have angered me with their vanities: and I will provoke them with that which is no people, and will vex them with a foolish nation."
2024-07-30,catholic_gallery_douay_archive,Douay-Rheims dated Mass-reading archive,https://www.catholicgallery.org/mass-reading/300724/,"Psalms 79: 8, 9, 11 and 13","ps79:8,9,11,13","For the glory of your name, O Lord, deliver us.","8 Remember not our former iniquities: let thy mercies speedily prevent us, for we are become exceeding poor.
9 Help us, O God, our saviour: and for the glory of thy name, O Lord, deliver us: and forgive us our sins for thy name’s sake:
11 Let the sighing of the prisoners come in before thee. According to the greatness of thy arm, take possession of the children of them that have been put to death.
13 But we thy people, and the sheep of thy pasture, will give thanks to thee for ever. We will shew forth thy praise, unto generation and generation."
2024-07-30,catholic_leaf_archive,dated Catholic lectionary response archive,https://www.catholicleaf.com/mass-readings-and-reflections-july-30-2024/,"Psalm 79:8, 9, 11, 13 (R. see 9bc)","ps79:8,9,11,13(r.9bc)","For the sake of the glory of your name, free us O Lord.",
2024-07-31,catholic_gallery_douay_archive,Douay-Rheims dated Mass-reading archive,https://www.catholicgallery.org/mass-reading/310724/,"Psalms 59: 2-3, 4, 10-11, 17, 18","ps59:2-3,4,10-11,17,18",God is my refuge on the day of distress.,"2 Deliver me from my enemies, O my God; and defend me from them that rise up against me.
3 Deliver me from them that work iniquity, and save me from bloody men.
4 For behold they have caught my soul: the mighty have rushed in upon me: Neither is it my iniquity, nor my sin, O Lord
10 I will keep my strength to thee: for thou art my protector:
11 My God, his mercy shall prevent me.
17 But I will sing thy strength: and will extol thy mercy in the morning. For thou art become my support, and my refuge, in the day of my trouble.
18 Unto thee, O my helper, will I sing, for thou art God my defence: my God my mercy."
2024-07-31,catholic_leaf_archive,dated Catholic lectionary response archive,https://www.catholicleaf.com/mass-readings-and-reflections-july-31-2024/,"Psalm 59:2-3, 4-5a, 10-11, 17, 18 (R. 17d)","ps59:2-3,4-5a,10-11,17,18(r.17d)",God is my refuge in the day of my distress.,
2024-08-01,catholic_gallery_douay_archive,Douay-Rheims dated Mass-reading archive,https://www.catholicgallery.org/mass-reading/010824/,"Psalms 146: 1b-2, 3-4, 5-6ab","ps146:1b-2,3-4,5-6ab",Blessed is he whose help is the God of Jacob.,"or
1b Praise the Lord, O my soul, in my life I will praise the Lord:
2 I will sing to my God as long as I shall be. Put not your trust in princes:
or
3 In the children of men, in whom there is no salvation.
4 His spirit shall go forth, and he shall return into his earth: in that day all their thoughts shall perish.
or
5 Blessed is he who hath the God of Jacob for his helper, whose hope is in the Lord his God:
6ab Who made heaven and earth, the sea, and all things that are in them.
or"
2024-08-01,catholic_leaf_archive,dated Catholic lectionary response archive,https://www.catholicleaf.com/mass-readings-and-reflections-august-01-2024/,"Psalm 146:1b-2, 3-4, 5-6ab (R. 5a)","ps146:1b-2,3-4,5-6ab(r.5a)",Blessed is he who is helped by Jacob’s God.,
2024-08-02,catholic_gallery_douay_archive,Douay-Rheims dated Mass-reading archive,https://www.catholicgallery.org/mass-reading/020824/,"Psalms 69: 5, 8-10, 14","ps69:5,8-10,14","Lord, in your great love, answer me.","5 They are multiplied above the hairs of my head, who hate me without cause. My enemies are grown strong who have wrongfully persecuted me: then did I pay that which I took not away.
8 Because for thy sake I have borne reproach; shame hath covered my face.
9 I am become a stranger to my brethren, and an alien to the sons of my mother.
10 For the zeal of thy house hath eaten me up: and the reproaches of them that reproached thee are fallen upon me.
14 But as for me, my prayer is to thee, O Lord; for the time of thy good pleasure, O God. In the multitude of thy mercy hear me, in the truth of thy salvation."
2024-08-02,catholic_leaf_archive,dated Catholic lectionary response archive,https://www.catholicleaf.com/mass-readings-and-reflections-august-02-2024/,"Psalm 69:5, 8-10, 14 (R. 14c)","ps69:5,8-10,14(r.14c)","In your great mercy, answer me, O Lord",
2024-08-03,catholic_gallery_douay_archive,Douay-Rheims dated Mass-reading archive,https://www.catholicgallery.org/mass-reading/030824/,"Psalms 69: 15-16, 30-31, 33-34","ps69:15-16,30-31,33-34","Lord, in your great love, answer me.","15 Draw me out of the mire, that I may not stick fast: deliver me from them that hate me, and out of the deep waters.
16 Let not the tempest of water drown me, nor the deep swallow me up: and let not the pit shut her mouth upon me.
30 But I am poor and sorrowful: thy salvation, O God, hath set me up.
31 I will praise the name of God with a canticle: and I will magnify him with praise.
33 Let the poor see and rejoice: seek ye God, and your soul shall live.
34 For the Lord hath heard the poor: and hath not despised his prisoners."
2024-08-03,catholic_leaf_archive,dated Catholic lectionary response archive,https://www.catholicleaf.com/mass-readings-and-reflections-august-03-2024/,"Psalm 69:15-16, 30-31, 33-34 (R. see 14)","ps69:15-16,30-31,33-34(r.14)","At an acceptable time, O Lord, answer me",
2024-08-04,catholic_gallery_douay_archive,Douay-Rheims dated Mass-reading archive,https://www.catholicgallery.org/mass-reading/040824/,"Psalms 78: 3-4, 23-24, 25, 54","ps78:3-4,23-24,25,54",The Lord gave them bread from heaven.,"3 How great things have we heard and known, and our fathers have told us.
4 They have not been hidden from their children, in another generation. Declaring the praises of the Lord, and his powers, and his wonders which he hath done.
23 And he had commanded the clouds from above, and had opened the doors of heaven.
24 And had rained down manna upon them to eat, and had given them the bread of heaven.
25 Man ate the bread of angels: he sent them provisions in abundance.
54 And he brought them into the mountain of his sanctuary: the mountain which his right hand had purchased."
2024-08-04,catholic_leaf_archive,dated Catholic lectionary response archive,https://www.catholicleaf.com/mass-readings-and-reflections-august-04-2024/,"Psalm 78:3 and 4bc, 23-24, 25 and 54 (R. 24b)","ps78:3,4bc,23-24,25,54(r.24b)",The Lord gave them bread from heaven,
2024-08-05,catholic_gallery_douay_archive,Douay-Rheims dated Mass-reading archive,https://www.catholicgallery.org/mass-reading/050824/,"Psalms 119: 29, 43, 79, 80, 95, 102","ps119:29,43,79,80,95,102","Lord, teach me your statutes.","29 Remove from me the way of iniquity: and out of thy law have mercy on me.
43 And take not thou the word of truth utterly out of my mouth: for in thy words have I hoped exceedingly.
79 Let them that fear thee turn to me and they that know thy testimonies.
80 Let my heart be undefiled in thy justifications, that I may not be confounded.
95 The wicked have waited for me to destroy me: but I have understood thy testimonies.
102 I have not declined from thy judgments, because thou hast set me a law."
2024-08-05,catholic_leaf_archive,dated Catholic lectionary response archive,https://www.catholicleaf.com/mass-readings-and-reflections-august-05-2024/,"Psalm 119:29, 43, 79, 80, 95, 102 (R. 68b)","ps119:29,43,79,80,95,102(r.68b)","Teach me your statutes, O Lord.",
2024-08-06,catholic_gallery_douay_archive,Douay-Rheims dated Mass-reading archive,https://www.catholicgallery.org/mass-reading/060824/,"Psalms 97: 1-2, 5-6, 9","ps97:1-2,5-6,9","The Lord is king, the Most High over all the earth.","1 For the same David, when his land was restored again to him. The Lord hath reigned, let the earth rejoice: let many islands be glad.
2 Clouds and darkness are round about him: justice and judgment are the establishment of his throne.
5 The mountains melted like wax, at the presence of the Lord: at the presence of the Lord of all the earth.
6 The heavens declared his justice: and all people saw his glory.
9 For thou art the most high Lord over all the earth: thou art exalted exceedingly above all gods."
2024-08-06,catholic_leaf_archive,dated Catholic lectionary response archive,https://www.catholicleaf.com/mass-readings-and-reflections-august-06-2024/,"Psalm 97:1-2, 5-6, 9 (R. see 1a, 9b)","ps97:1-2,5-6,9(r.1a,9b)","The Lord is king, most high above all the earth.",
2024-08-07,catholic_gallery_douay_archive,Douay-Rheims dated Mass-reading archive,https://www.catholicgallery.org/mass-reading/070824/,"Jeremiah 31: 10, 11-12ab, 13","jeremiah31:10,11-12ab,13",The Lord will guard us as a shepherd guards his flock.,"10 Hear the word of the Lord, O ye nations, and declare it in the islands that are afar off, and say: He that scattered Israel will gather him: and he will keep him as the shepherd doth his flock.
11 For the Lord hath redeemed Jacob, and delivered him out of the hand of one that was mightier than he.
12ab And they shall come, and shall give praise in mount Sion: and they shall flow together to the good things of the Lord.
13 Then shall the virgin rejoice in the dance, the young men and old men together: and I will turn their mourning into joy, and will comfort them, and make them joyful after their sorrow."
2024-08-08,catholic_gallery_douay_archive,Douay-Rheims dated Mass-reading archive,https://www.catholicgallery.org/mass-reading/080824/,"Psalms 51: 12-13, 14-15, 18-19","ps51:12-13,14-15,18-19","Create a clean heart in me, O God.","12 Create a clean heart in me, O God: and renew a right spirit within my bowels.
13 Cast me not away from thy face; and take not thy holy spirit from me.
14 Restore unto me the joy of thy salvation, and strengthen me with a perfect spirit.
15 I will teach the unjust thy ways: and the wicked shall be converted to thee.
18 For if thou hadst desired sacrifice, I would indeed have given it: with burnt offerings thou wilt not be delighted.
19 A sacrifice to God is an afflicted spirit: a contrite and humbled heart, O God, thou wilt not despise."
2024-08-08,catholic_leaf_archive,dated Catholic lectionary response archive,https://www.catholicleaf.com/mass-readings-and-reflections-august-08-2024/,"Psalm 51:12-13, 14-15, 18-19 (R. 12a)","ps51:12-13,14-15,18-19(r.12a)","Create a pure heart for me, O God.",
2024-08-09,catholic_gallery_douay_archive,Douay-Rheims dated Mass-reading archive,https://www.catholicgallery.org/mass-reading/090824/,"Deuteronomy 32: 35cd-36ab, 39abcd, 41","deuteronomy32:35cd-36ab,39abcd,41",It is I who deal death and give life.,"35cd The day of destruction is at hand, and the time makes haste to come.
36ab The Lord will judge his people, and will have mercy on his servants.
39abcd See ye that I alone am, and there is no other God besides me: I will kill and I will make to live: I will strike, and I will heal.
41 If I shall whet my sword as the lightning, and my hand take hold on judgment: I will render vengeance to my enemies, and repay them that hate me."
2024-08-10,catholic_gallery_douay_archive,Douay-Rheims dated Mass-reading archive,https://www.catholicgallery.org/mass-reading/100824/,"Psalms 112: 1-2, 5-6, 7-8, 9","ps112:1-2,5-6,7-8,9",Blessed the man who is gracious and lends to those in need.,"1 Blessed is the man that feareth the Lord: he shall delight exceedingly in his commandments.
2 His seed shall be mighty upon earth: the generation of the righteous shall be blessed.
5 Acceptable is the man that sheweth mercy and lendeth: he shall order his words with judgment:
6 Because he shall not be moved for ever.
7 The just shall be in everlasting remembrance: he shall not hear the evil hearing. His heart is ready to hope in the Lord:
8 His heart is strengthened, he shall not be moved until he look over his enemies.
9 He hath distributed, he hath given to the poor: his justice remaineth for ever and ever: his horn shall be exalted in glory."
2024-08-10,catholic_leaf_archive,dated Catholic lectionary response archive,https://www.catholicleaf.com/mass-readings-and-reflections-august-10-2024/,"Psalm 112:1b-2, 5-6, 7-8, 9 (R. 5a)","ps112:1b-2,5-6,7-8,9(r.5a)",It goes well for the man who deals generously and lends.,
2024-08-11,catholic_gallery_douay_archive,Douay-Rheims dated Mass-reading archive,https://www.catholicgallery.org/mass-reading/110824/,"Psalms 34: 2-3, 4-5, 6-7, 8-9","ps34:2-3,4-5,6-7,8-9",Taste and see the goodness of the Lord.,"2 I will bless the Lord at all times, his praise shall be always in my mouth.
3 In the Lord shall my soul be praised: let the meek hear and rejoice.
4 O magnify the Lord with me; and let us extol his name together.
5 I sought the Lord, and he heard me; and he delivered me from all my troubles.
6 Come ye to him and be enlightened: and your faces shall not be confounded.
7 This poor man cried, and the Lord heard him: and saved him out of all his troubles.
8 The angel of the Lord shall encamp round about them that fear him: and shall deliver them.
9 O taste, and see that the Lord is sweet: blessed is the man that hopeth in him."
2024-08-11,catholic_leaf_archive,dated Catholic lectionary response archive,https://www.catholicleaf.com/mass-readings-and-reflections-august-11-2024/,"Psalm 34:2-3, 4-5, 6-7, 8-9 (R. 9a)","ps34:2-3,4-5,6-7,8-9(r.9a)",Taste and see that the Lord is good,
2024-08-12,catholic_gallery_douay_archive,Douay-Rheims dated Mass-reading archive,https://www.catholicgallery.org/mass-reading/120824/,"Psalms 148: 1-2, 11-12, 13, 14","ps148:1-2,11-12,13,14",Heaven and earth are filled with your glory.,"or
1 Praise ye the Lord from the heavens: praise ye him in the high places.
2 Praise ye him, all his angels: praise ye him, all his hosts.
or
11 Kings of the earth and all people: princes and all judges of the earth:
12 Young men and maidens: let the old with the younger.
or
13 Praise the name of the Lord: For his name alone is exalted. The praise of him is above heaven and earth.
or
14 He hath exalted the horn of his people. A hymn to all his saints: to the children of Israel, a people approaching to him. Alleluia.
or"
2024-08-12,catholic_leaf_archive,dated Catholic lectionary response archive,https://www.catholicleaf.com/mass-readings-and-reflections-august-12-2024/,"Psalm 148:1-2, 11-12, 13, 14","ps148:1-2,11-12,13,14",Heaven and earth are full of your glory,
2024-08-13,catholic_gallery_douay_archive,Douay-Rheims dated Mass-reading archive,https://www.catholicgallery.org/mass-reading/130824/,"Psalms 119: 14, 24, 72, 103, 111, 131","ps119:14,24,72,103,111,131",How sweet to my taste is your promise!,"14 I have been delighted in the way of thy testimonies, as in all riches.
24 For thy testimonies are my meditation: and thy justifications my counsel.
72 The law of thy mouth is good to me, above thousands of gold and silver.
103 How sweet are thy words to my palate! more than honey to my mouth.
111 I have purchased thy testimonies for an inheritance for ever: because they are a joy to my heart.
131 I opened my mouth and panted: because I longed for thy commandments."
2024-08-14,catholic_gallery_douay_archive,Douay-Rheims dated Mass-reading archive,https://www.catholicgallery.org/mass-reading/140824/,"Psalms 113: 1-2, 3-4, 5-6","ps113:1-2,3-4,5-6",The glory of the Lord is higher than the skies.,"or
1 Praise the Lord, ye children: praise ye the name of the Lord.
2 Blessed be the name of the Lord, from henceforth now and for ever.
or
3 From the rising of the sun unto the going down of the same, the name of the Lord is worthy of praise.
4 The Lord is high above all nations; and his glory above the heavens.
or
5 Who is as the Lord our God, who dwelleth on high:
6 And looketh down on the low things in heaven and in earth?
or"
2024-08-14,catholic_leaf_archive,dated Catholic lectionary response archive,https://www.catholicleaf.com/mass-readings-and-reflections-august-14-2024/,"Psalm 113:1b-2, 3-4, 5-6 (R. see 4b)","ps113:1b-2,3-4,5-6(r.4b)",The glory of the Lord is above the heaven,
2024-08-15,catholic_gallery_douay_archive,Douay-Rheims dated Mass-reading archive,https://www.catholicgallery.org/mass-reading/150824/,"Psalms 45: 10, 11, 12, 16","ps45:10,11,12,16","The queen stands at your right hand, arrayed in gold.","10 The daughters of kings have delighted thee in thy glory. The queen stood on thy right hand, in gilded clothing; surrounded with variety.
11 Hearken, O daughter, and see, and incline thy ear: and forget thy people and thy father’s house.
12 And the king shall greatly desire thy beauty; for he is the Lord thy God, and him they shall adore.
16 They shall be brought with gladness and rejoicing: they shall be brought into the temple of the king."
2024-08-15,catholic_leaf_archive,dated Catholic lectionary response archive,https://www.catholicleaf.com/mass-readings-and-reflections-august-15-2024/,"Psalm 45:10, 11, 12, 16 (R. 10b)","ps45:10,11,12,16(r.10b)",On your right stands the queen in gold of Ophir.,
2024-08-16,catholic_gallery_douay_archive,Douay-Rheims dated Mass-reading archive,https://www.catholicgallery.org/mass-reading/160824/,"Isaiah 12: 2-3, 4bcd, 5-6","isaiah12:2-3,4bcd,5-6",You have turned from your anger.,"2 Behold, God is my saviour, I will deal confidently, and will not fear: O because the Lord is my strength, and my praise, and he is become my salvation.
3 You shall draw waters with joy out of the saviour’s fountains:
4bcd Praise ye the Lord, and call upon his name: make his works known among the people: remember that his name is high.
5 Sing ye to the Lord, for he hath done great things: shew this forth in all the earth.
6 Rejoice, and praise, O thou habitation of Sion: for great is he that is in the midst of thee, the Holy One of Israel."
2024-08-17,catholic_gallery_douay_archive,Douay-Rheims dated Mass-reading archive,https://www.catholicgallery.org/mass-reading/170824/,"Psalms 51: 12-13, 14-15, 18-19","ps51:12-13,14-15,18-19","Create a clean heart in me, O God.","12 Create a clean heart in me, O God: and renew a right spirit within my bowels.
13 Cast me not away from thy face; and take not thy holy spirit from me.
14 Restore unto me the joy of thy salvation, and strengthen me with a perfect spirit.
15 I will teach the unjust thy ways: and the wicked shall be converted to thee.
18 For if thou hadst desired sacrifice, I would indeed have given it: with burnt offerings thou wilt not be delighted.
19 A sacrifice to God is an afflicted spirit: a contrite and humbled heart, O God, thou wilt not despise."
2024-08-17,catholic_leaf_archive,dated Catholic lectionary response archive,https://www.catholicleaf.com/best-catholic-reflections-august-17-2024/,"Psalm 51:12-13, 14-15, 18-19 (R. 12a)","ps51:12-13,14-15,18-19(r.12a)","Create a pure heart for me, O God",
2024-08-18,catholic_gallery_douay_archive,Douay-Rheims dated Mass-reading archive,https://www.catholicgallery.org/mass-reading/180824/,"Psalms 34: 2-3, 10-11, 12-13, 14-15","ps34:2-3,10-11,12-13,14-15",Taste and see the goodness of the Lord.,"2 I will bless the Lord at all times, his praise shall be always in my mouth.
3 In the Lord shall my soul be praised: let the meek hear and rejoice.
10 Fear the Lord, all ye his saints: for there is no want to them that fear him.
11 The rich have wanted, and have suffered hunger: but they that seek the Lord shall not be deprived of any good.
12 Come, children, hearken to me: I will teach you the fear of the Lord.
13 Who is the man that desireth life: who loveth to see good days?
14 Keep thy tongue from evil, and thy lips from speaking guile.
15 Turn away from evil and do good: seek after peace and pursue it."
2024-08-18,catholic_leaf_archive,dated Catholic lectionary response archive,https://www.catholicleaf.com/best-catholic-reflections-august-18-2024/,"Psalm 34:2-3, 10-11, 12-13, 14-15 (R. 9a)","ps34:2-3,10-11,12-13,14-15(r.9a)",Taste and see that the Lord is good,
2024-08-19,catholic_gallery_douay_archive,Douay-Rheims dated Mass-reading archive,https://www.catholicgallery.org/mass-reading/190824/,"Deuteronomy 32: 18-19, 20, 21","deuteronomy32:18-19,20,21",You have forgotten God who gave you birth.,"18 Thou hast forsaken the God that beget thee, and hast forgotten the Lord that created thee.
19 The Lord saw, and was moved to wrath: because his own sons and daughters provoked him.
20 And he said: I will hide my face from them, and will consider what their last end shall be: for it is a perverse generation, and unfaithful children.
21 They have provoked me with that which was no god, and have angered me with their vanities: and I will provoke them with that which is no people, and will vex them with a foolish nation."
2024-08-20,catholic_gallery_douay_archive,Douay-Rheims dated Mass-reading archive,https://www.catholicgallery.org/mass-reading/200824/,"Deuteronomy 32: 26-27ab, 27cd-28, 30, 35cd-36ab","deuteronomy32:26-27ab,27cd-28,30,35cd-36ab",It is I who deal death and give life.,"26 I said: Where are they? I will make the memory of them to cease from among men.
27ab But for the wrath of the enemies I have deferred it: lest perhaps their enemies might be proud.
27cd Our mighty hand, and not the Lord, hath done all these things.
28 They are a nation without counsel, and without wisdom.
30 How should one pursue after a thousand, and two chase ten thousand? Was it not, because their God had sold them, and the Lord had shut them up?
35cd The day of destruction is at hand, and the time makes haste to come.
36ab The Lord will judge his people, and will have mercy on his servants."
2024-08-21,catholic_gallery_douay_archive,Douay-Rheims dated Mass-reading archive,https://www.catholicgallery.org/mass-reading/210824/,"Psalms 23: 1-3a, 3b-4, 5, 6","ps23:1-3a,3b-4,5,6",The Lord is my shepherd; there is nothing I shall want.,"1 The Lord ruleth me: and I shall want nothing.
2 He hath set me in a place of pasture. He hath brought me up, on the water of refreshment:
3a He hath converted my soul.
3b He hath led me on the paths of justice, for his own name’s sake.
4 For though I should walk in the midst of the shadow of death, I will fear no evils, for thou art with me. Thy rod and thy staff, they have comforted me.
5 Thou hast prepared a table before me against them that afflict me. Thou hast anointed my head with oil; and my chalice which inebriateth me, how goodly is it!
6 And thy mercy will follow me all the days of my life. And that I may dwell in the house of the Lord unto length of days."
2024-08-21,catholic_leaf_archive,dated Catholic lectionary response archive,https://www.catholicleaf.com/best-catholic-reflections-august-21-2024/,"Psalm 23:1-3a, 3b-4, 5, 6 (R. 1)","ps23:1-3a,3b-4,5,6(r.1)",The Lord is my shepherd; there is nothing I shall want.,
2024-08-22,catholic_gallery_douay_archive,Douay-Rheims dated Mass-reading archive,https://www.catholicgallery.org/mass-reading/220824/,"Psalms 51: 12-13, 14-15, 18-19","ps51:12-13,14-15,18-19",I will pour clean water on you and wash away all your sins.,"12 Create a clean heart in me, O God: and renew a right spirit within my bowels.
13 Cast me not away from thy face; and take not thy holy spirit from me.
14 Restore unto me the joy of thy salvation, and strengthen me with a perfect spirit.
15 I will teach the unjust thy ways: and the wicked shall be converted to thee.
18 For if thou hadst desired sacrifice, I would indeed have given it: with burnt offerings thou wilt not be delighted.
19 A sacrifice to God is an afflicted spirit: a contrite and humbled heart, O God, thou wilt not despise."
2024-08-22,catholic_leaf_archive,dated Catholic lectionary response archive,https://www.catholicleaf.com/best-catholic-reflections-august-22-2024/,"Psalm 51:12-13, 14-15, 18-19 (R. Ezekiel 36:25)","ps51:12-13,14-15,18-19(r.ezekiel36:25)","I will sprinkle clean water on you, and you shall be clean from all your uncleannesses.",
2024-08-23,catholic_gallery_douay_archive,Douay-Rheims dated Mass-reading archive,https://www.catholicgallery.org/mass-reading/230824/,"Psalms 107: 2-3, 4-5, 6-7, 8-9","ps107:2-3,4-5,6-7,8-9",Give thanks to the Lord; his love is everlasting.,"2 Let them say so that have been redeemed by the Lord, whom he hath redeemed from the hand of the enemy: and gathered out of the countries.
3 From the rising and the setting of the sun, from the north and from the sea.
4 They wandered in a wilderness, in a place without water: they found not the way of a city for their habitation.
5 They were hungry and thirsty: their soul fainted in them.
6 And they cried to the Lord in their tribulation: and he delivered them out of their distresses.
7 And he led them into the right way: that they might go to a city of habitation.
8 Let the mercies of the Lord give glory to him: and his wonderful works to the children of men.
9 For he hath satisfied the empty soul, and hath filled the hungry soul with good things."
2024-08-23,catholic_leaf_archive,dated Catholic lectionary response archive,https://www.catholicleaf.com/best-catholic-reflections-august-23-2024/,"Psalm 107:2-3, 4-5, 6-7, 8-9 (R. 1)","ps107:2-3,4-5,6-7,8-9(r.1)",O give thanks to the Lord for he is good; for his mercy endures forever!,
2024-08-24,catholic_gallery_douay_archive,Douay-Rheims dated Mass-reading archive,https://www.catholicgallery.org/mass-reading/240824/,"Psalms 145: 10-11, 12-13, 17-18","ps145:10-11,12-13,17-18","Your friends make known, O Lord, the glorious splendor of your Kingdom.","10 Let all thy works, O lord, praise thee: and let thy saints bless thee.
11 They shall speak of the glory of thy kingdom: and shall tell of thy power:
12 To make thy might known to the sons of men: and the glory of the magnificence of thy kingdom.
13 Thy kingdom is a kingdom of all ages: and thy dominion endureth throughout all generations. The Lord is faithful in all his words: and holy in all his works.
17 The Lord is just in all his ways: and holy in all his works.
18 The Lord is nigh unto all them that call upon him: to all that call upon him in truth."
2024-08-24,catholic_leaf_archive,dated Catholic lectionary response archive,https://www.catholicleaf.com/best-catholic-reflections-august-24-2024/,"Psalm 145:10-11, 12-13ab, 17-18","ps145:10-11,12-13ab,17-18","Your saints, O Lord, make known the glory of your reign",
2024-08-25,catholic_gallery_douay_archive,Douay-Rheims dated Mass-reading archive,https://www.catholicgallery.org/mass-reading/250824/,"Psalms 34: 2-3, 16-17, 18-19, 20-21, 22-23","ps34:2-3,16-17,18-19,20-21,22-23",Taste and see the goodness of the Lord.,"2 I will bless the Lord at all times, his praise shall be always in my mouth.
3 In the Lord shall my soul be praised: let the meek hear and rejoice.
16 The eyes of the Lord are upon the just: and his ears unto their prayers.
17 But the countenance of the Lord is against them that do evil things: to cut off the remembrance of them from the earth.
18 The just cried, and the Lord heard them: and delivered them out of all their troubles.
19 The Lord is nigh unto them that are of a contrite heart: and he will save the humble of spirit.
20 Many are the afflictions of the just; but out of them all will the Lord deliver them.
21 The Lord keepeth all their bones, not one of them shall be broken.
22 The death of the wicked is very evil: and they that hate the just shall be guilty.
23 The Lord will redeem the souls of his servants: and none of them that trust in him shall offend."
2024-08-25,catholic_leaf_archive,dated Catholic lectionary response archive,https://www.catholicleaf.com/best-catholic-reflections-august-25-2024/,"Psalm 34:2-3, 16-17, 18-19, 20-21, 22-23 (R. 9a)","ps34:2-3,16-17,18-19,20-21,22-23(r.9a)",Taste and see that the Lord is good,
2024-08-26,catholic_gallery_douay_archive,Douay-Rheims dated Mass-reading archive,https://www.catholicgallery.org/mass-reading/260824/,"Psalms 96: 1-2a, 2b-3, 4-5","ps96:1-2a,2b-3,4-5",Proclaim God’s marvelous deeds to all the nations.,"1 Sing ye to the Lord a new canticle: sing to the Lord, all the earth.
2a Sing ye to the Lord and bless his name.
2b Shew forth his salvation from day to day.
3 Declare his glory among the Gentiles: his wonders among all people.
4 For the Lord is great, and exceedingly to be praised: he is to be feared above all gods.
5 For all the gods of the Gentiles are devils: but the Lord made the heavens."
2024-08-26,catholic_leaf_archive,dated Catholic lectionary response archive,https://www.catholicleaf.com/best-catholic-reflections-august-26-2024/,"Psalm 96:1-2a, 2b-3, 4-5 (R. see 3)","ps96:1-2a,2b-3,4-5(r.3)",Tell among all the people the wonders of the Lord,
2024-08-27,catholic_gallery_douay_archive,Douay-Rheims dated Mass-reading archive,https://www.catholicgallery.org/mass-reading/270824/,"Psalms 96: 10, 11-12, 13","ps96:10,11-12,13",The Lord comes to judge the earth.,"10 Say ye among the Gentiles, the Lord hath reigned. For he hath corrected the world, which shall not be moved: he will judge the people with justice.
11 Let the heavens rejoice, and let the earth be glad, let the sea be moved, and the fulness thereof:
12 The fields and all things that are in them shall be joyful. Then shall all the trees of the woods rejoice
13 Before the face of the Lord, because he cometh: because he cometh to judge the earth. He shall judge the world with justice, and the people with his truth."
2024-08-27,catholic_leaf_archive,dated Catholic lectionary response archive,https://www.catholicleaf.com/best-catholic-reflections-august-27-2024/,"Psalm 96:10, 11-12a, 12b-13 (R. 13b)","ps96:10,11-12a,12b-13(r.13b)",The Lord comes to judge the earth,
2024-08-28,catholic_gallery_douay_archive,Douay-Rheims dated Mass-reading archive,https://www.catholicgallery.org/mass-reading/280824/,"Psalms 128: 1-2, 4-5","ps128:1-2,4-5",Blessed are those who fear the Lord.,"1 Blessed are all they that fear the Lord: that walk in his ways.
2 For thou shalt eat the labours of thy hands: blessed art thou, and it shall be well with thee.
4 Behold, thus shall the man be blessed that feareth the Lord.
5 May the Lord bless thee out of Sion: and mayest thou see the good things of Jerusalem all the days of thy life."
2024-08-28,catholic_leaf_archive,dated Catholic lectionary response archive,https://www.catholicleaf.com/best-catholic-reflections-august-28-2024/,"Psalm 128:1-2, 4-5 (R. see 1a)","ps128:1-2,4-5(r.1a)",Blessed are all who fear the Lord,
2024-08-29,catholic_gallery_douay_archive,Douay-Rheims dated Mass-reading archive,https://www.catholicgallery.org/mass-reading/290824/,"Psalms 145: 2-3, 4-5, 6-7","ps145:2-3,4-5,6-7","I will praise your name for ever, Lord.","2 Every day I will bless thee: and I will praise thy name for ever; yea, for ever and ever.
3 Great is the Lord, and greatly to be praised: and of his greatness there is no end.
4 Generation and generation shall praise thy works: and they shall declare thy power.
5 They shall speak of the magnificence of the glory of thy holiness: and shall tell thy wondrous works.
6 And they shall speak of the might of thy terrible acts: and shall declare thy greatness.
7 They shall publish the memory of the abundance of thy sweetness: and shall rejoice in thy justice."
2024-08-29,catholic_leaf_archive,dated Catholic lectionary response archive,https://www.catholicleaf.com/mass-readings-and-reflection-august-29-2024/,"Psalm 71:1-2, 3-4a, 5-6ab, 15ab and 17 (R. see 15ab)","ps71:1-2,3-4a,5-6ab,15ab,17(r.15ab)","My mouth will tell of your salvation, Lord",
2024-08-30,catholic_gallery_douay_archive,Douay-Rheims dated Mass-reading archive,https://www.catholicgallery.org/mass-reading/300824/,"Psalms 33: 1-2, 4-5, 10-11","ps33:1-2,4-5,10-11",The earth is full of the goodness of the Lord.,"1 Rejoice in the Lord, O ye just: praise becometh the upright.
2 Give praise to the Lord on the harp; sing to him with the psaltery, the instrument of ten strings.
4 For the word of the Lord is right, and all his works are done with faithfulness.
5 He loveth mercy and judgment; the earth is full of the mercy of the Lord.
10 The Lord bringeth to naught the counsels of nations; and he rejecteth the devices of people, and casteth away the counsels of princes.
11 But the counsel of the Lord standeth for ever: the thoughts of his heart to all generations."
2024-08-30,catholic_leaf_archive,dated Catholic lectionary response archive,https://www.catholicleaf.com/mass-readings-and-reflection-august-30-2024/,"Psalm 33:1-2, 4-5, 10-11 (R. 5b)","ps33:1-2,4-5,10-11(r.5b)",The Lord’s merciful love fills the earth,
2024-08-31,catholic_gallery_douay_archive,Douay-Rheims dated Mass-reading archive,https://www.catholicgallery.org/mass-reading/310824/,"Psalms 33: 12-13, 18-19, 20-21","ps33:12-13,18-19,20-21",Blessed the people the Lord has chosen to be his own.,"12 Blessed is the nation whose God is the Lord: the people whom he hath chosen for his inheritance.
13 The Lord hath looked from heaven: he hath beheld all the sons of men.
18 Behold the eyes of the Lord are on them that fear him: and on them that hope in his mercy.
19 To deliver their souls from death; and feed them in famine.
20 Our soul waiteth for the Lord: for he is our helper and protector.
21 For in him our heart shall rejoice: and in his holy name we have trusted."
2024-08-31,catholic_leaf_archive,dated Catholic lectionary response archive,https://www.catholicleaf.com/mass-readings-and-reflection-august-31-2024/,"Psalm 33:12-13, 18-19, 20-21 (R. 12)","ps33:12-13,18-19,20-21(r.12)",Blessed the people the Lord has chosen as his heritage,
2024-09-01,catholic_gallery_douay_archive,Douay-Rheims dated Mass-reading archive,https://www.catholicgallery.org/mass-reading/010924/,"Psalms 15: 2-3, 3-4, 4-5","ps15:2-3,3-4,4-5",One who does justice will live in the presence of the Lord.,"2 He that walketh without blemish, and worketh justice:
3 He that speaketh truth in his heart, who hath not used deceit in his tongue.
3 Nor hath done evil to his neighbour: nor taken up a reproach against his neighbours.
4 In his sight the malignant is brought to nothing: but he glorifieth them that fear the Lord.
5 He that hath not put out his money to usury, nor taken bribes against the innocent: He that doth these things shall not be moved for ever."
2024-09-01,catholic_leaf_archive,dated Catholic lectionary response archive,https://www.catholicleaf.com/mass-readings-and-reflections-september-01-24/,"Psalm 15:2-3a, 3bc-4ab, 5 (R. 1a)","ps15:2-3a,3bc-4ab,5(r.1a)","O Lord, who may abide in your tent?",
2024-09-02,catholic_gallery_douay_archive,Douay-Rheims dated Mass-reading archive,https://www.catholicgallery.org/mass-reading/020924/,"Psalms 119: 97, 98, 99, 100, 101, 102","ps119:97,98,99,100,101,102","Lord, I love your commands.","97 O how have I loved thy law, O Lord! it is my meditation all the day.
98 Through thy commandment, thou hast made me wiser than my enemies: for it is ever with me.
99 I have understood more than all my teachers: because thy testimonies are my meditation.
100 I have had understanding above ancients: because I have sought thy commandments.
101 I have restrained my feet from every evil way: that I may keep thy words.
102 I have not declined from thy judgments, because thou hast set me a law."
2024-09-02,catholic_leaf_archive,dated Catholic lectionary response archive,https://www.catholicleaf.com/mass-readings-and-reflection-sept-02-2024/,"Psalm 119:97, 98, 99, 100, 101, 102 (R. 97a)","ps119:97,98,99,100,101,102(r.97a)","O Lord, how I love your Law!",
2024-09-03,catholic_gallery_douay_archive,Douay-Rheims dated Mass-reading archive,https://www.catholicgallery.org/mass-reading/030924/,"Psalms 145: 8-9, 10-11, 12-13ab, 13cd-14","ps145:8-9,10-11,12-13ab,13cd-14",The Lord is just in all his ways.,"8 The Lord is gracious and merciful: patient and plenteous in mercy.
9 The Lord is sweet to all: and his tender mercies are over all his works.
10 Let all thy works, O lord, praise thee: and let thy saints bless thee.
11 They shall speak of the glory of thy kingdom: and shall tell of thy power:
12 To make thy might known to the sons of men: and the glory of the magnificence of thy kingdom.
13ab Thy kingdom is a kingdom of all ages: and thy dominion endureth throughout all generations.
13cd The Lord is faithful in all his words: and holy in all his works.
14 The Lord lifteth up all that fall: and setteth up all that are cast down."
2024-09-03,catholic_leaf_archive,dated Catholic lectionary response archive,https://www.catholicleaf.com/mass-readings-and-reflection-sept-03-2024/,"Psalm 145:8-9, 10-11, 12-13ab, 13cd-14 (R. 17a)","ps145:8-9,10-11,12-13ab,13cd-14(r.17a)",The Lord is just in all his ways.,
2024-09-04,catholic_gallery_douay_archive,Douay-Rheims dated Mass-reading archive,https://www.catholicgallery.org/mass-reading/040924/,"Psalms 33: 12-13, 14-15, 20-21","ps33:12-13,14-15,20-21",Blessed the people the Lord has chosen to be his own.,"12 Blessed is the nation whose God is the Lord: the people whom he hath chosen for his inheritance.
13 The Lord hath looked from heaven: he hath beheld all the sons of men.
14 From his habitation which he hath prepared, he hath looked upon all that dwell on the earth.
15 He who hath made the hearts of every one of them: who understandeth all their works.
20 Our soul waiteth for the Lord: for he is our helper and protector.
21 For in him our heart shall rejoice: and in his holy name we have trusted."
2024-09-04,catholic_leaf_archive,dated Catholic lectionary response archive,https://www.catholicleaf.com/mass-readings-and-reflection-sept-04-2024/,"Psalm 33:12-13, 14-15, 20-21 (R. 12b)","ps33:12-13,14-15,20-21(r.12b)",Blessed the people the Lord has chosen for his heritage.,
2024-09-05,catholic_gallery_douay_archive,Douay-Rheims dated Mass-reading archive,https://www.catholicgallery.org/mass-reading/050924/,"Psalms 24: 1bc-2, 3-4ab, 5-6","ps24:1bc-2,3-4ab,5-6",To the Lord belongs the earth and all that fills it.,"1bc The earth is the Lord’s and the fulness thereof: the world, and all they that dwell therein.
2 For he hath founded it upon the seas; and hath prepared it upon the rivers.
3 Who shall ascend into the mountain of the Lord: or who shall stand in his holy place?
4ab The innocent in hands, and clean of heart, who hath not taken his soul in vain.
5 He shall receive a blessing from the Lord, and mercy from God his Saviour.
6 This is the generation of them that seek him, of them that seek the face of the God of Jacob."
2024-09-05,catholic_leaf_archive,dated Catholic lectionary response archive,https://www.catholicleaf.com/mass-readings-and-reflection-sept-05-2024/,"Psalm 24:1-2, 3-4ab, 5-6 (R. 1a)","ps24:1-2,3-4ab,5-6(r.1a)",The Lord’s is the earth and its fullness.,
2024-09-06,catholic_gallery_douay_archive,Douay-Rheims dated Mass-reading archive,https://www.catholicgallery.org/mass-reading/060924/,"Psalms 37: 3-4, 5-6, 27-28, 39-40","ps37:3-4,5-6,27-28,39-40",The salvation of the just comes from the Lord.,"3 Trust in the Lord, and do good, and dwell in the land, and thou shalt be fed with its riches.
4 Delight in the Lord, and he will give thee the requests of thy heart.
5 Commit thy way to the Lord, and trust in him, and he will do it.
6 And he will bring forth thy justice as the light, and thy judgment as the noonday.
27 Decline from evil and do good, and dwell for ever and ever.
28 For the Lord loveth judgment, and will not forsake his saints: they shall be preserved for ever. The unjust shall be punished, and the seed of the wicked shall perish.
39 But the salvation of the just is from the Lord, and he is their protector in the time of trouble.
40 And the Lord will help them and deliver them: and he will rescue them from the wicked, and save them, because they have hoped in him."
2024-09-06,catholic_leaf_archive,dated Catholic lectionary response archive,https://www.catholicleaf.com/mass-readings-and-reflection-sept-06-2024/,"Psalm 37:3-4, 5-6, 27-28, 39-40 (R. 39a)","ps37:3-4,5-6,27-28,39-40(r.39a)",From the Lord comes the salvation of the just.,
2024-09-07,catholic_gallery_douay_archive,Douay-Rheims dated Mass-reading archive,https://www.catholicgallery.org/mass-reading/070924/,"Psalms 145: 17-18, 19-20, 21","ps145:17-18,19-20,21",The Lord is near to all who call upon him.,"17 The Lord is just in all his ways: and holy in all his works.
18 The Lord is nigh unto all them that call upon him: to all that call upon him in truth.
19 He will do the will of them that fear him: and he will hear their prayer, and save them.
20 The Lord keepeth all them that love him; but all the wicked he will destroy.
21 My mouth shall speak the praise of the Lord: and let all flesh bless thy holy name for ever; yea, for ever and ever."
2024-09-07,catholic_leaf_archive,dated Catholic lectionary response archive,https://www.catholicleaf.com/mass-readings-and-reflection-sept-07-2024/,"Psalm 145:17-18, 19-20, 21 (R. 18a)","ps145:17-18,19-20,21(r.18a)",The Lord is close to all who call him,
2024-09-08,catholic_gallery_douay_archive,Douay-Rheims dated Mass-reading archive,https://www.catholicgallery.org/mass-reading/080924/,"Psalms 146: 7, 8-9, 9-10","ps146:7,8-9,9-10","Praise the Lord, my soul!","or
7 Who keepeth truth for ever: who executeth judgment for them that suffer wrong: who giveth food to the hungry. The Lord looseth them that are fettered:
or
8 The Lord enlighteneth the blind. The Lord lifteth up them that are cast down: the Lord loveth the just.
9 The Lord keepeth the strangers.
or
9 He will support the fatherless and the widow: and the ways of sinners he will destroy.
10 The Lord shall reign for ever: thy God, O Sion, unto generation and generation.
or"
2024-09-08,catholic_leaf_archive,dated Catholic lectionary response archive,https://www.catholicleaf.com/mass-readings-and-reflections-sept-08-2024/,"Psalm 146:6c-7, 8-9a, 9bc-10 (R. 1)","ps146:6c-7,8-9a,9bc-10(r.1)","My soul, give praise to the Lord",
2024-09-09,catholic_gallery_douay_archive,Douay-Rheims dated Mass-reading archive,https://www.catholicgallery.org/mass-reading/090924/,"Psalms 5: 5-6, 7, 12","ps5:5-6,7,12","Lead me in your justice, Lord.","5 In the morning I will stand before thee, and will see: because thou art not a God that willest iniquity.
6 Neither shall the wicked dwell near thee: nor shall the unjust abide before thy eyes.
7 Thou hatest all the workers of iniquity: Thou wilt destroy all that speak a lie. The bloody and the deceitful man the Lord will abhor.
12 But let all them be glad that hope in thee: they shall rejoice for ever, and thou shalt dwell in them. And all they that love thy name shall glory in thee:"
2024-09-09,catholic_leaf_archive,dated Catholic lectionary response archive,https://www.catholicleaf.com/mass-readings-and-reflection-sept-09-2024/,"Psalm 5:5-6, 7, 12 (R. 9a)","ps5:5-6,7,12(r.9a)","Lead me, Lord, in your justice.",
2024-09-10,catholic_gallery_douay_archive,Douay-Rheims dated Mass-reading archive,https://www.catholicgallery.org/mass-reading/100924/,"Psalms 149: 1b-2, 3-4, 5-6a and 9b","ps149:1b-2,3-4,5-6a,9b",The Lord takes delight in his people.,"1 Sing ye to the Lord a new canticle: let his praise be in the church of the saints.
2 Let Israel rejoice in him that made him: and let the children of Sion be joyful in their king.
3 Let them praise his name in choir: let them sing to him with the timbrel and the psaltery.
4 For the Lord is well pleased with his people: and he will exalt the meek unto salvation.
5 The saints shall rejoice in glory: they shall be joyful in their beds.
6a The high praise of God shall be in their mouth.
9b This glory is to all his saints. Alleluia."
2024-09-10,catholic_leaf_archive,dated Catholic lectionary response archive,https://www.catholicleaf.com/mass-readings-and-reflection-sept-10-2024/,"Psalm 149:1b-2, 3-4, 5-6a and 9b (R. 4a)","ps149:1b-2,3-4,5-6a,9b(r.4a)",The Lord takes delight in his people,
2024-09-11,catholic_gallery_douay_archive,Douay-Rheims dated Mass-reading archive,https://www.catholicgallery.org/mass-reading/110924/,"Psalms 45: 11-12, 14-15, 16-17","ps45:11-12,14-15,16-17","Listen to me, daughter; see and bend your ear.","11 Hearken, O daughter, and see, and incline thy ear: and forget thy people and thy father’s house.
12 And the king shall greatly desire thy beauty; for he is the Lord thy God, and him they shall adore.
14 All the glory of the king’s daughter is within in golden borders,
15 Clothed round about with varieties. After her shall virgins be brought to the king: her neighbours shall be brought to thee.
16 They shall be brought with gladness and rejoicing: they shall be brought into the temple of the king.
17 Instead of thy fathers, sons are born to thee: thou shalt make them princes over all the earth."
2024-09-11,catholic_leaf_archive,dated Catholic lectionary response archive,https://www.catholicleaf.com/mass-readings-and-reflection-sept-11-2024/,"Psalm 45:11-12, 14-15, 16-17 (R. 11a)","ps45:11-12,14-15,16-17(r.11a)","Listen, O daughter; pay heed and give ear",
2024-09-12,catholic_gallery_douay_archive,Douay-Rheims dated Mass-reading archive,https://www.catholicgallery.org/mass-reading/120924/,"Psalms 139: 1b-3, 13-14ab, 23-24","ps139:1b-3,13-14ab,23-24","Guide me, Lord, along the everlasting way.","1 Lord, thou hast proved me, and known me:
2 Thou hast know my sitting down, and my rising up.
3 Thou hast understood my thoughts afar off: my path and my line thou hast searched out.
13 For thou hast possessed my reins: thou hast protected me from my mother’s womb.
14ab I will praise thee, for thou art fearfully magnified: wonderful are thy works.
23 Prove me, O God, and know my heart: examine me, and know my paths.
24 And see if there be in me the way of iniquity: and lead me in the eternal way."
2024-09-12,catholic_leaf_archive,dated Catholic lectionary response archive,https://www.catholicleaf.com/mass-readings-and-reflection-sept-12-2024/,"Psalm 139:1-3, 13-14ab, 23-24 (R. 24b)","ps139:1-3,13-14ab,23-24(r.24b)","Lead me, Lord, in the way everlasting.",
2024-09-13,catholic_gallery_douay_archive,Douay-Rheims dated Mass-reading archive,https://www.catholicgallery.org/mass-reading/130924/,"Psalms 84: 3, 4, 5-6, 12","ps84:3,4,5-6,12","How lovely is your dwelling place, Lord, mighty God!","3 My soul longeth and fainteth for the courts of the Lord. My heart and my flesh have rejoiced in the living God.
4 For the sparrow hath found herself a house, and the turtle a nest for herself where she may lay her young ones: Thy altars, O Lord of hosts, my king and my God.
5 Blessed are they that dwell in thy house, O Lord: they shall praise thee for ever and ever.
6 Blessed is the man whose help is from thee: in his heart he hath disposed to ascend by steps,
12 For God loveth mercy and truth: the Lord will give grace and glory. He will not deprive of good things them that walk in innocence."
2024-09-13,catholic_leaf_archive,dated Catholic lectionary response archive,https://www.catholicleaf.com/mass-readings-and-reflection-sept-13-2024/,"Psalm 84:3, 4, 5-6, 12 (R. 2)","ps84:3,4,5-6,12(r.2)","How lovely is your dwelling place, O Lord of hosts!",
2024-09-14,catholic_gallery_douay_archive,Douay-Rheims dated Mass-reading archive,https://www.catholicgallery.org/mass-reading/140924/,"Psalms 78: 1bc-2, 34-35, 36-37, 38","ps78:1bc-2,34-35,36-37,38",Do not forget the works of the Lord!,"1 Attend, O my people, to my law: incline your ears to the words of my mouth.
2 I will open my mouth in parables: I will utter propositions from the beginning.
34 When he slew them, then they sought him: and they returned, and came to him early in the morning.
35 And they remembered that God was their helper: and the most high God their redeemer.
36 And they loved him with their mouth: and with their tongue they lied unto him:
37 But their heart was not right with him: nor were they counted faithful in his covenant.
38 But he is merciful, and will forgive their sins: and will not destroy them. And many a time did he turn away his anger: and did not kindle all his wrath."
2024-09-14,catholic_leaf_archive,dated Catholic lectionary response archive,https://www.catholicleaf.com/mass-readings-and-reflection-sept-14-2024/,"Psalm 78:1BC-2, 34-35, 36-37, 38 R. (see 7b)","ps78:1bc-2,34-35,36-37,38r.(7b)",Never forget the deeds of the Lord!,
2024-09-15,catholic_gallery_douay_archive,Douay-Rheims dated Mass-reading archive,https://www.catholicgallery.org/mass-reading/150924/,"Psalms 116: 1-2, 3-4, 5-6, 8-9","ps116:1-2,3-4,5-6,8-9","I will walk before the Lord, in the land of the living.","or
1 I have loved, because the Lord will hear the voice of my prayer.
2 Because he hath inclined his ear unto me: and in my days I will call upon him.
or
3 The sorrows of death have encompassed me: and the perils of hell have found me. I met with trouble and sorrow:
4 And I called upon the name of the Lord. O Lord, deliver my soul.
or
5 The Lord is merciful and just, and our God sheweth mercy.
6 The Lord is the keeper of little ones: I was little and he delivered me.
or
8 For he hath delivered my soul from death: my eyes from tears, my feet from falling.
9 I will please the Lord in the land of the living.
or"
2024-09-15,catholic_leaf_archive,dated Catholic lectionary response archive,https://www.catholicleaf.com/mass-readings-and-reflections-sept-15-2024/,"Psalm 116:1-2, 3-4, 5-6, 8-9 (R. 9)","ps116:1-2,3-4,5-6,8-9(r.9)",I will walk in the presence of the Lord in the land of the living.,
2024-09-16,catholic_gallery_douay_archive,Douay-Rheims dated Mass-reading archive,https://www.catholicgallery.org/mass-reading/160924/,"Psalms 40: 7-8a, 8b-9, 10, 17","ps40:7-8a,8b-9,10,17",Proclaim the death of the Lord until he comes again.,"7 Sacrifice and oblation thou didst not desire; but thou hast pierced ears for me. Burnt offering and sin offering thou didst not require:
8a Then said I, Behold I come.
8b In the head of the book it is written of me,
9 That I should do thy will: O my God, I have desired it, and thy law in the midst of my heart.
10 I have declared thy justice in a great church, lo, I will not restrain my lips: O Lord, thou knowest it.
17 Let all that seek thee rejoice and be glad in thee: and let such as love thy salvation say always: The Lord be magnified."
2024-09-16,catholic_leaf_archive,dated Catholic lectionary response archive,https://www.catholicleaf.com/mass-readings-and-reflection-sept-16-2024/,"Psalm 40:7-8a, 8b-9, 10, 17 (R. 1 Corinthians 11:26b)","ps40:7-8a,8b-9,10,17(r.1corinthians11:26b)",Proclaim the Lord’s death until he comes.,
2024-09-17,catholic_gallery_douay_archive,Douay-Rheims dated Mass-reading archive,https://www.catholicgallery.org/mass-reading/170924/,"Psalms 100: 1b-2, 3, 4, 5","ps100:1b-2,3,4,5",We are his people: the sheep of his flock.,"1b-2 Sing joyfully to God, all the earth: serve ye the Lord with gladness. Come in before his presence with exceeding great joy.
3 Know ye that the Lord he is God: he made us, and not we ourselves. We are his people and the sheep of his pasture.
4 Go ye into his gates with praise, into his courts with hymns: and give glory to him. Praise ye his name:
5 For the Lord is sweet, his mercy endureth for ever, and his truth to generation and generation."
2024-09-17,catholic_leaf_archive,dated Catholic lectionary response archive,https://www.catholicleaf.com/mass-readings-and-reflection-sept-17-2024/,"Psalm 100:1-2, 3, 4, 5 (R. 3c)","ps100:1-2,3,4,5(r.3c)","We are his people, the sheep of his flock.",
2024-09-18,catholic_gallery_douay_archive,Douay-Rheims dated Mass-reading archive,https://www.catholicgallery.org/mass-reading/180924/,"Psalms 33: 2-3, 4-5, 12 and 22","ps33:2-3,4-5,12,22",Blessed the people the Lord has chosen to be his own.,"2 Give praise to the Lord on the harp; sing to him with the psaltery, the instrument of ten strings.
3 Sing to him a new canticle, sing well unto him with a loud noise.
4 For the word of the Lord is right, and all his works are done with faithfulness.
5 He loveth mercy and judgment; the earth is full of the mercy of the Lord.
12 Blessed is the nation whose God is the Lord: the people whom he hath chosen for his inheritance.
22 Let thy mercy, O Lord, be upon us, as we have hoped in thee."
2024-09-18,catholic_leaf_archive,dated Catholic lectionary response archive,https://www.catholicleaf.com/mass-readings-and-reflection-sept-18-2024/,"Psalm 33:2-3, 4-5, 12 and 22 (R. 12b)","ps33:2-3,4-5,12,22(r.12b)",Blessed the people the Lord has chosen as his heritage.,
2024-09-19,catholic_gallery_douay_archive,Douay-Rheims dated Mass-reading archive,https://www.catholicgallery.org/mass-reading/190924/,"Psalms 118: 1b-2, 16ab-17, 28","ps118:1b-2,16ab-17,28","Give thanks to the Lord, for he is good.","1 Give praise to Lord, for he is good: for his mercy endureth for ever.
2 Let Israel now say that he is good: that his mercy endureth for ever.
16ab The right hand of the Lord hath exulted me: the right hand of the Lord hath wrought strength.
17 I shall not die, but live: and shall declare the works of the Lord.
28 Thou art my God, and I will praise thee: thou art my God, and I will exalt thee. I will praise thee, because thou hast heard me, and art become my salvation."
2024-09-19,catholic_leaf_archive,dated Catholic lectionary response archive,https://www.catholicleaf.com/mass-readings-and-reflection-sept-19-2024/,"Psalm 118:1-2, 15c-17, 28 (R. 1a)","ps118:1-2,15c-17,28(r.1a)","Give praise to the Lord, for he is good",
2024-09-20,catholic_gallery_douay_archive,Douay-Rheims dated Mass-reading archive,https://www.catholicgallery.org/mass-reading/200924/,"Psalms 17: 1bcd, 6-7, 8b and 15","ps17:1bcd,6-7,8b,15","Lord, when your glory appears, my joy will be full.","1 Hear, O Lord, my justice: attend to my supplication. Give ear unto my prayer, which proceedeth not from deceitful lips.
6 I have cried to thee, for thou, O God, hast heard me: O incline thy ear unto me, and hear my words.
7 shew forth thy wonderful mercies; thou who savest them that trust in thee.
8b Protect me under the shadow of thy wings.
15 But as for me, I will appear before thy sight in justice: I shall be satisfied when thy glory shall appear."
2024-09-20,catholic_leaf_archive,dated Catholic lectionary response archive,https://www.catholicleaf.com/mass-readings-and-reflection-sept-20-2024/,"Psalm 17:1, 6-7, 8 and 15 (R. 15b)","ps17:1,6-7,8,15(r.15b)","When I awake, O Lord, I shall be filled with the vision of your presence",
2024-09-21,catholic_gallery_douay_archive,Douay-Rheims dated Mass-reading archive,https://www.catholicgallery.org/mass-reading/210924/,"Psalms 19: 2-3, 4-5","ps19:2-3,4-5",Their message goes out through all the earth.,"2 The heavens shew forth the glory of God, and the firmament declareth the work of his hands.
3 Day to day uttereth speech, and night to night sheweth knowledge.
4 There are no speeches nor languages, where their voices are not heard.
5 Their sound hath gone forth into all the earth: and their words unto the ends of the world."
2024-09-21,catholic_leaf_archive,dated Catholic lectionary response archive,https://www.catholicleaf.com/mass-readings-and-reflection-sept-21-2024/,"Psalm 19:2-3, 4-5 (R. 5a)","ps19:2-3,4-5(r.5a)",Their sound goes forth through all the earth,
2024-09-22,catholic_gallery_douay_archive,Douay-Rheims dated Mass-reading archive,https://www.catholicgallery.org/mass-reading/220924/,"Psalms 54: 3-4, 5, 6 and 8","ps54:3-4,5,6,8",The Lord upholds my life.,"3 Save me, O God, by thy name, and judge me in thy strength.
4 O God, hear my prayer: give ear to the words of my mouth.
5 For strangers have risen up against me; and the mighty have sought after my soul: and they have not set God before their eyes.
6 For behold God is my helper: and the Lord is the protector of my soul.
8 I will freely sacrifice to thee, and will give praise, O God, to thy name: because it is good:"
2024-09-22,catholic_leaf_archive,dated Catholic lectionary response archive,https://www.catholicleaf.com/mass-readings-and-reflections-sept-22-2024/,"Psalm 54:3-4, 5, 6 and 8 (R. see 6b)","ps54:3-4,5,6,8(r.6b)","Behold, the Lord is the upholder of my life.",
2024-09-23,catholic_gallery_douay_archive,Douay-Rheims dated Mass-reading archive,https://www.catholicgallery.org/mass-reading/230924/,"Psalms 15: 2-3a, 3bc-4ab, 5","ps15:2-3a,3bc-4ab,5","The just one shall live on your holy mountain, O Lord.","2 He that walketh without blemish, and worketh justice:
3a He that speaketh truth in his heart, who hath not used deceit in his tongue.
3bc Nor hath done evil to his neighbour: nor taken up a reproach against his neighbours.
4ab In his sight the malignant is brought to nothing: but he glorifieth them that fear the Lord.
5 He that hath not put out his money to usury, nor taken bribes against the innocent: He that doth these things shall not be moved for ever."
2024-09-23,catholic_leaf_archive,dated Catholic lectionary response archive,https://www.catholicleaf.com/mass-readings-and-reflection-sept-23-2024/,"Psalm 15:2-3a, 3bc-4ab, 5 (R. see 1b)","ps15:2-3a,3bc-4ab,5(r.1b)","Who shall dwell on your holy mountain, O Lord?",
2024-09-24,catholic_gallery_douay_archive,Douay-Rheims dated Mass-reading archive,https://www.catholicgallery.org/mass-reading/240924/,"Psalms 119: 1, 27, 30, 34, 35, 44","ps119:1,27,30,34,35,44","Guide me, Lord, in the way of your commands.","1 ALEPH. Blessed are the undefiled in the way, who walk in the law of the Lord.
27 Make me to understand the way of thy justifications: and I shall be exercised in thy wondrous works.
30 I have chosen the way of truth: thy judgments I have not forgotten.
34 Give me understanding, and I will search thy law; and I will keep it with my whole heart.
35 Lead me into the path of thy commandments; for this same I have desired.
44 So shall I always keep thy law, for ever and ever."
2024-09-24,catholic_leaf_archive,dated Catholic lectionary response archive,https://www.catholicleaf.com/mass-readings-and-reflection-sept-24-2024/,"Psalm 119:1, 27, 30, 34, 35, 44 (R. 35a)","ps119:1,27,30,34,35,44(r.35a)","Guide me, Lord, in the path of your commands.",
2024-09-25,catholic_gallery_douay_archive,Douay-Rheims dated Mass-reading archive,https://www.catholicgallery.org/mass-reading/250924/,"Psalms 119: 29, 72, 89, 101, 104, 163","ps119:29,72,89,101,104,163","Your word, O Lord, is a lamp for my feet.","29 Remove from me the way of iniquity: and out of thy law have mercy on me.
72 The law of thy mouth is good to me, above thousands of gold and silver.
89 LAMED. For ever, O Lord, thy word standeth firm in heaven.
101 I have restrained my feet from every evil way: that I may keep thy words.
104 By thy commandments I have had understanding: therefore have I hated every way of iniquity.
163 I have hated and abhorred iniquity; but I have loved thy law."
2024-09-25,catholic_leaf_archive,dated Catholic lectionary response archive,https://www.catholicleaf.com/mass-readings-and-reflection-sept-25-2024/,"Psalm 119:29, 72, 89, 101, 104, 163 (R. 105a)","ps119:29,72,89,101,104,163(r.105a)","Your word is lamp for my feet, Lord.",
2024-09-26,catholic_gallery_douay_archive,Douay-Rheims dated Mass-reading archive,https://www.catholicgallery.org/mass-reading/260924/,"Psalms 90: 3-4, 5-6, 12-13, 14 and 17bc","ps90:3-4,5-6,12-13,14,17bc","In every age, O Lord, you have been our refuge.","3 Turn not man away to be brought low: and thou hast said: Be converted, O ye sons of men.
4 For a thousand years in thy sight are as yesterday, which is past. And as a watch in the night,
5 Things that are counted nothing, shall their years be.
6 In the morning man shall grow up like grass; in the morning he shall flourish and pass away: in the evening he shall fall, grow dry, and wither.
12 Can number thy wrath? So make thy right hand known: and men learned in heart, in wisdom.
13 Return, O Lord, how long? and be entreated in favour of thy servants.
14 We are filled in the morning with thy mercy: and we have rejoiced, and are delighted all our days.
17bc Direct thou the works of our hands over us; yea, the work of our hands do thou direct."
2024-09-26,catholic_leaf_archive,dated Catholic lectionary response archive,https://www.catholicleaf.com/mass-readings-and-reflection-sept-26-2024/,"Psalm 90:3-4, 5-6, 12-13, 14 and 17 (R. 1)","ps90:3-4,5-6,12-13,14,17(r.1)","O Lord, you have been our refuge, from generation to generation.",
2024-09-27,catholic_gallery_douay_archive,Douay-Rheims dated Mass-reading archive,https://www.catholicgallery.org/mass-reading/270924/,"Psalms 144: 1b and 2abc, 3-4","ps144:1b,2abc,3-4","Blessed be the Lord, my Rock!","1b Blessed be the Lord my God,
2abc My mercy, and my refuge: my support, and my deliverer: My protector, and I have hoped in him.
3 Lord, what is man, that thou art made known to him? or the son of man, that thou makest account of him?
4 Man is like to vanity: his days pass away like a shadow."
2024-09-27,catholic_leaf_archive,dated Catholic lectionary response archive,https://www.catholicleaf.com/mass-readings-and-reflection-sept-27-2024/,"Psalm 144:1a and 2abc, 3-4 (R. 1a)","ps144:1a,2abc,3-4(r.1a)","Blest be the Lord, my rock.",
2024-09-28,catholic_gallery_douay_archive,Douay-Rheims dated Mass-reading archive,https://www.catholicgallery.org/mass-reading/280924/,"Psalms 90: 3-4, 5-6, 12-13, 14 and 17","ps90:3-4,5-6,12-13,14,17","In every age, O Lord, you have been our refuge.","3 Turn not man away to be brought low: and thou hast said: Be converted, O ye sons of men.
4 For a thousand years in thy sight are as yesterday, which is past. And as a watch in the night,
5 Things that are counted nothing, shall their years be.
6 In the morning man shall grow up like grass; in the morning he shall flourish and pass away: in the evening he shall fall, grow dry, and wither.
12 Can number thy wrath? So make thy right hand known: and men learned in heart, in wisdom.
13 Return, O Lord, how long? and be entreated in favour of thy servants.
14 We are filled in the morning with thy mercy: and we have rejoiced, and are delighted all our days.
17 And let the brightness of the Lord our God be upon us: and direct thou the works of our hands over us; yea, the work of our hands do thou direct."
2024-09-28,catholic_leaf_archive,dated Catholic lectionary response archive,https://www.catholicleaf.com/mass-readings-and-reflection-sept-28-2024/,"Psalm 90:3-4, 5-6, 12-13, 14 & 17(R. 1)","ps90:3-4,5-6,12-13,14&17(r.1)","O Lord you have been our refuge, from generation to generation",
2024-09-29,catholic_gallery_douay_archive,Douay-Rheims dated Mass-reading archive,https://www.catholicgallery.org/mass-reading/290924/,"Psalms 19: 8, 10, 12-13, 14","ps19:8,10,12-13,14",The precepts of the Lord give joy to the heart.,"8 The law of the Lord is unspotted, converting souls: the testimony of the Lord is faithful, giving wisdom to little ones.
10 The fear of the Lord is holy, enduring for ever and ever: the judgments of the Lord are true, justified in themselves.
12 For thy servant keepeth them, and in keeping them there is a great reward.
13 Who can understand sins? from my secret ones cleanse me, O Lord:
14 And from those of others spare thy servant. If they shall have no dominion over me, then shall I be without spot: and I shall be cleansed from the greatest sin."
2024-09-29,catholic_leaf_archive,dated Catholic lectionary response archive,https://www.catholicleaf.com/mass-readings-and-reflections-sept-29-2024/,"Psalm 19:8, 10, 12-13, 14 (R. see 9ab)","ps19:8,10,12-13,14(r.9ab)",The precepts of the Lord are right; they gladden the heart.,
2024-09-30,catholic_gallery_douay_archive,Douay-Rheims dated Mass-reading archive,https://www.catholicgallery.org/mass-reading/300924/,"Psalms 17: 1bcd, 2-3, 6-7","ps17:1bcd,2-3,6-7",Incline your ear to me and hear my word.,"1 Hear, O Lord, my justice: attend to my supplication. Give ear unto my prayer, which proceedeth not from deceitful lips.
2 Let my judgment come forth from thy countenance: let thy eyes behold the things that are equitable.
3 Thou hast proved my heart, and visited it by night, thou hast tried me by fire: and iniquity hath not been found in me.
6 I have cried to thee, for thou, O God, hast heard me: O incline thy ear unto me, and hear my words.
7 shew forth thy wonderful mercies; thou who savest them that trust in thee."
2024-09-30,catholic_leaf_archive,dated Catholic lectionary response archive,https://www.catholicleaf.com/mass-readings-and-reflection-sept-30-2024/,"Psalm 17:1, 2-3, 6-7 (R. 6b)","ps17:1,2-3,6-7(r.6b)","Lord, turn your ear to me; hear my words.",
2024-10-01,catholic_gallery_douay_archive,Douay-Rheims dated Mass-reading archive,https://www.catholicgallery.org/mass-reading/011024/,"Psalms 88: 2-3, 4-5, 6, 7-8","ps88:2-3,4-5,6,7-8","Let my prayer come before you, Lord.","2 O Lord, the God of my salvation: I have cried in the day, and in the night before thee.
3 Let my prayer come in before thee: incline thy ear to my petition.
4 For my soul is filled with evils: and my life hath drawn nigh to hell.
5 I am counted among them that go down to the pit: I am become as a man without help,
6 Free among the dead. Like the slain sleeping in the sepulchres, whom thou rememberest no more: and they are cast off from thy hand.
7 They have laid me in the lower pit: in the dark places, and in the shadow of death.
8 Thy wrath is strong over me: and all thy waves thou hast brought in upon me."
2024-10-01,catholic_leaf_archive,dated Catholic lectionary response archive,https://www.catholicleaf.com/mass-readings-and-reflection-oct-01-2024/,"Psalm 88:2-3, 4-5a, 5b-6, 7-8 (R. 3a)","ps88:2-3,4-5a,5b-6,7-8(r.3a)","Let my prayer come into your presence, O Lord.",
2024-10-02,catholic_gallery_douay_archive,Douay-Rheims dated Mass-reading archive,https://www.catholicgallery.org/mass-reading/021024/,"Psalms 88: 10bc-11, 12-13, 14-15","ps88:10bc-11,12-13,14-15","Let my prayer come before you, Lord.","10bc All the day I cried to thee, O Lord: I stretched out my hands to thee.
11 Wilt thou shew wonders to the dead? or shall physicians raise to life, and give praise to thee?
12 Shall any one in the sepulchre declare thy mercy: and thy truth in destruction?
13 Shall thy wonders be known in the dark; and thy justice in the land of forgetfulness?
14 But I, O Lord, have cried to thee: and in the morning my prayer shall prevent thee.
15 Lord, why castest thou off my prayer: why turnest thou away thy face from me?"
2024-10-02,catholic_leaf_archive,dated Catholic lectionary response archive,https://www.catholicleaf.com/mass-readings-and-reflection-oct-02-2024/,"Psalm 88:10bc-11, 12-13, 14-15 (R. 3a)","ps88:10bc-11,12-13,14-15(r.3a)","Let my prayer come into your presence, O Lord.",
2024-10-03,catholic_gallery_douay_archive,Douay-Rheims dated Mass-reading archive,https://www.catholicgallery.org/mass-reading/031024/,"Psalms 27: 7-8a, 8b-9abc, 13-14","ps27:7-8a,8b-9abc,13-14",I believe that I shall see the good things of the Lord in the land of the living.,"7 Hear, O Lord, my voice, with which I have cried to thee: have mercy on me and hear me.
8a My heart hath said to thee: My face hath sought thee.
8b, 9abc Thy face, O Lord, will I still seek. Turn not away thy face from me; decline not in thy wrath from thy servant. Be thou my helper, forsake me not.
13 I believe to see the good things of the Lord in the land of the living.
14 Expect the Lord, do manfully, and let thy heart take courage, and wait thou for the Lord."
2024-10-03,catholic_leaf_archive,dated Catholic lectionary response archive,https://www.catholicleaf.com/mass-readings-and-reflection-oct-03-2024/,"Psalm 27:7-8b, 8c-9abc, 13-14 (R. 13)","ps27:7-8b,8c-9abc,13-14(r.13)",I believe I shall see the Lord’s goodness in the land of the living,
2024-10-04,catholic_gallery_douay_archive,Douay-Rheims dated Mass-reading archive,https://www.catholicgallery.org/mass-reading/041024/,"Psalms 139: 1-3, 7-8, 9-10, 13-14ab","ps139:1-3,7-8,9-10,13-14ab","Guide me, Lord, along the everlasting way.","1 Lord, thou hast proved me, and known me:
2 Thou hast know my sitting down, and my rising up.
3 Thou hast understood my thoughts afar off: my path and my line thou hast searched out.
7 Whither shall I go from thy spirit? or whither shall I flee from thy face?
8 If I ascend into heaven, thou art there: if I descend into hell, thou art present.
9 If I take my wings early in the morning, and dwell in the uttermost parts of the sea:
10 Even there also shall thy hand lead me: and thy right hand shall hold me.
13 For thou hast possessed my reins: thou hast protected me from my mother’s womb.
14 I will praise thee, for thou art fearfully magnified: wonderful are thy works."
2024-10-04,catholic_leaf_archive,dated Catholic lectionary response archive,https://www.catholicleaf.com/mass-readings-and-reflection-oct-04-2024/,"Psalm 139:1-3, 7-8, 9-10, 13-14ab (R. 24b)","ps139:1-3,7-8,9-10,13-14ab(r.24b)","Lead me, Lord, in the way everlasting",
2024-10-05,catholic_gallery_douay_archive,Douay-Rheims dated Mass-reading archive,https://www.catholicgallery.org/mass-reading/051024/,"Psalms 119: 66, 71, 75, 91, 125, 130","ps119:66,71,75,91,125,130","Lord, let your face shine on me.","66 Teach me goodness and discipline and knowledge; for I have believed thy commandments.
71 It is good for me that thou hast humbled me, that I may learn thy justifications.
75 I know, O Lord, that thy judgments are equity: and in thy truth thou hast humbled me.
91 By thy ordinance the day goeth on: for all things serve thee.
125 I am thy servant: give me understanding that I may know thy testimonies.
130 The declaration of thy words giveth light: and giveth understanding to little ones."
2024-10-05,catholic_leaf_archive,dated Catholic lectionary response archive,https://www.catholicleaf.com/mass-readings-and-reflection-oct-05-2024/,"Psalm 119:66, 71, 75, 91, 125, 130","ps119:66,71,75,91,125,130","O Lord, let your face shine forth on your servant.",
2024-10-06,catholic_gallery_douay_archive,Douay-Rheims dated Mass-reading archive,https://www.catholicgallery.org/mass-reading/061024/,"Psalms 128: 1-2, 3, 4-5, 6","ps128:1-2,3,4-5,6",May the Lord bless us all the days of our lives.,"1 Blessed are all they that fear the Lord: that walk in his ways.
2 For thou shalt eat the labours of thy hands: blessed art thou, and it shall be well with thee.
3 Thy wife as a fruitful vine, on the sides of thy house.
4 Behold, thus shall the man be blessed that feareth the Lord.
5 May the Lord bless thee out of Sion: and mayest thou see the good things of Jerusalem all the days of thy life.
6 And mayest thou see thy children’s children, peace upon Israel."
2024-10-06,catholic_leaf_archive,dated Catholic lectionary response archive,https://www.catholicleaf.com/mass-readings-and-reflections-october-06-2024/,"Psalm 128:1-2, 3, 4-5, 6 (R. see 5)","ps128:1-2,3,4-5,6(r.5)",May the Lord bless us all the days of our lives.,
2024-10-07,catholic_gallery_douay_archive,Douay-Rheims dated Mass-reading archive,https://www.catholicgallery.org/mass-reading/071024/,"Psalms 111: 1b-2, 7-8, 9 and 10c","ps111:1b-2,7-8,9,10c",The Lord will remember his covenant for ever.,"or
1 I will praise thee, O Lord, with my whole heart; in the council of the just: and in the congregation.
2 Great are the works of the Lord: sought out according to all his wills.
or
7 That he may give them the inheritance of the Gentiles: the works of his hands are truth and judgment.
8 All his commandments are faithful: confirmed for ever and ever, made in truth and equity.
or
9 He hath sent redemption to his people: he hath commanded his covenant for ever. Holy and terrible is his name:
10c His praise continueth for ever and ever.
or"
2024-10-07,catholic_leaf_archive,dated Catholic lectionary response archive,https://www.catholicleaf.com/mass-readings-and-reflection-oct-07-2024/,"Psalm 111:1b-2, 7-8, 9 and 10c (R. 5b)","ps111:1b-2,7-8,9,10c(r.5b)",The Lord keeps his covenant ever in mind.,
2024-10-08,catholic_gallery_douay_archive,Douay-Rheims dated Mass-reading archive,https://www.catholicgallery.org/mass-reading/081024/,"Psalms 139: 1b-3, 13-14ab, 14c-15","ps139:1b-3,13-14ab,14c-15","Guide me, Lord, along the everlasting way.","1 Lord, thou hast proved me, and known me:
2 Thou hast know my sitting down, and my rising up.
3 Thou hast understood my thoughts afar off: my path and my line thou hast searched out.
13 For thou hast possessed my reins: thou hast protected me from my mother’s womb.
14ab I will praise thee, for thou art fearfully magnified: wonderful are thy works.
14c My soul knoweth right well.
15 My bone is not hidden from thee, which thou hast made in secret: and my substance in the lower parts of the earth."
2024-10-08,catholic_leaf_archive,dated Catholic lectionary response archive,https://www.catholicleaf.com/mass-readings-and-reflection-oct-08-2024/,"Psalm 139:1-3, 13-14, 15 (R. 24b)","ps139:1-3,13-14,15(r.24b)","Lead me, Lord, in the way everlasting.",
2024-10-09,catholic_gallery_douay_archive,Douay-Rheims dated Mass-reading archive,https://www.catholicgallery.org/mass-reading/091024/,"Psalms 117: 1bc, 2","ps117:1bc,2","Go out to all the world, and tell the Good News.","1 O praise the Lord, all ye nations: praise him, all ye people.
2 For his mercy is confirmed upon us: and the truth of the Lord remaineth for ever."
2024-10-09,catholic_leaf_archive,dated Catholic lectionary response archive,https://www.catholicleaf.com/mass-readings-and-reflection-oct-09-2024/,"Psalm 117:1, 2 (R. Mark 16:15)","ps117:1,2(r.mark16:15)",Go into all the world and proclaim the gospel.,
2024-10-10,catholic_gallery_douay_archive,Douay-Rheims dated Mass-reading archive,https://www.catholicgallery.org/mass-reading/101024/,"Luke 1: 69, 70-71, 72, 73-75","luke1:69,70-71,72,73-75","Blessed be the Lord, the God of Israel; he has come to his people.","69 And hath raised up an horn of salvation to us, in the house of David his servant:
70 As he spoke by the mouth of his holy prophets, who are from the beginning:
71 Salvation from our enemies, and from the hand of all that hate us.
72 To perform mercy to our fathers, and to remember his holy testament,
73 The oath, which he swore to Abraham our father, that he would grant to us,
74 That being delivered from the hand of our enemies, we may serve him without fear,
75 In holiness and justice before him, all our days."
2024-10-11,catholic_gallery_douay_archive,Douay-Rheims dated Mass-reading archive,https://www.catholicgallery.org/mass-reading/111024/,"Psalms 111: 1b-2, 3-4, 5-6","ps111:1b-2,3-4,5-6",The Lord will remember his covenant for ever.,"1 I will praise thee, O Lord, with my whole heart; in the council of the just: and in the congregation.
2 Great are the works of the Lord: sought out according to all his wills.
3 His work is praise and magnificence: and his justice continueth for ever and ever.
4 He hath made a remembrance of his wonderful works, being a merciful and gracious Lord:
5 He hath given food to them that fear him. He will be mindful for ever of his covenant:
6 He will shew forth to his people the power of his works."
2024-10-11,catholic_leaf_archive,dated Catholic lectionary response archive,https://www.catholicleaf.com/mass-readings-and-reflection-oct-11-2024/,"Psalm 111:1b-2, 3-4, 5-6 (R. 5b)","ps111:1b-2,3-4,5-6(r.5b)",The Lord keeps his covenant ever in mind.,
2024-10-12,catholic_gallery_douay_archive,Douay-Rheims dated Mass-reading archive,https://www.catholicgallery.org/mass-reading/121024/,"Psalms 105: 2-3, 4-5, 6-7","ps105:2-3,4-5,6-7",The Lord remembers his covenant for ever.,"or
2 Sing to him, yea sing praises to him: relate all his wondrous works.
3 Glory ye in his holy name: let the heart of them rejoice that seek the Lord.
or
4 Seek ye the Lord, and be strengthened: seek his face evermore.
5 Remember his marvellous works which he hath done; his wonders, and the judgments of his mouth.
or
6 O ye seed of Abraham his servant; ye sons of Jacob his chosen.
7 He is the Lord our God: his judgments are in all the earth.
or"
2024-10-12,catholic_leaf_archive,dated Catholic lectionary response archive,https://www.catholicleaf.com/mass-readings-and-reflection-oct-12-2024/,"Psalm 105:2-3, 4-5, 6-7 (R. 8a)","ps105:2-3,4-5,6-7(r.8a)",The Lord remembers his covenant forever. or: Alleluia.,
2024-10-13,catholic_gallery_douay_archive,Douay-Rheims dated Mass-reading archive,https://www.catholicgallery.org/mass-reading/131024/,"Psalms 90: 12-13, 14-15, 16-17","ps90:12-13,14-15,16-17","Fill us with your love, O Lord, and we will sing for joy!","12 Can number thy wrath? So make thy right hand known: and men learned in heart, in wisdom.
13 Return, O Lord, how long? and be entreated in favour of thy servants.
14 We are filled in the morning with thy mercy: and we have rejoiced, and are delighted all our days.
15 We have rejoiced for the days in which thou hast humbled us: for the years in which we have seen evils.
16 Look upon thy servants and upon their works: and direct their children.
17 And let the brightness of the Lord our God be upon us: and direct thou the works of our hands over us; yea, the work of our hands do thou direct."
2024-10-13,catholic_leaf_archive,dated Catholic lectionary response archive,https://www.catholicleaf.com/mass-readings-and-reflections-october-13-2024/,"Psalm 90:12-13, 14-15, 16-17 (R. see 14)","ps90:12-13,14-15,16-17(r.14)","Fill us with your merciful love, O Lord, and we shall exult.",
2024-10-14,catholic_gallery_douay_archive,Douay-Rheims dated Mass-reading archive,https://www.catholicgallery.org/mass-reading/141024/,"Psalms 113: 1b-2, 3-4, 5a and 6-7","ps113:1b-2,3-4,5a,6-7",Blessed be the name of the Lord forever.,"or
1 Praise the Lord, ye children: praise ye the name of the Lord.
2 Blessed be the name of the Lord, from henceforth now and for ever.
or
3 From the rising of the sun unto the going down of the same, the name of the Lord is worthy of praise.
4 The Lord is high above all nations; and his glory above the heavens.
or
5 Who is as the Lord our God, who dwelleth on high:
6 And looketh down on the low things in heaven and in earth?
7 Raising up the needy from the earth, and lifting up the poor out of the dunghill:
or"
2024-10-14,catholic_leaf_archive,dated Catholic lectionary response archive,https://www.catholicleaf.com/mass-readings-and-reflection-oct-14-2024/,"Psalm 113:1b-2, 3-4, 5a and 6-7 (R. see 2)","ps113:1b-2,3-4,5a,6-7(r.2)",May the name of the Lord be blest for evermore.,
2024-10-15,catholic_gallery_douay_archive,Douay-Rheims dated Mass-reading archive,https://www.catholicgallery.org/mass-reading/151024/,"Psalms 119: 41, 43, 44, 45, 47, 48","ps119:41,43,44,45,47,48","Let your mercy come to me, O Lord.","41 Let thy mercy also come upon me, O Lord: thy salvation according to thy word.
43 And take not thou the word of truth utterly out of my mouth: for in thy words have I hoped exceedingly.
44 So shall I always keep thy law, for ever and ever.
45 And I walked at large: because I have sought after thy commandments.
47 I meditated also on thy commandments, which I loved.
48 And I lifted up my hands to thy commandments, which I loved: and I was exercised in thy justifications."
2024-10-15,catholic_leaf_archive,dated Catholic lectionary response archive,https://www.catholicleaf.com/mass-readings-and-reflection-oct-15-2024/,"Psalm 119:41, 43, 44, 45, 47, 48 (R. 41a)","ps119:41,43,44,45,47,48(r.41a)","Lord, let your mercy come upon me",
2024-10-16,catholic_gallery_douay_archive,Douay-Rheims dated Mass-reading archive,https://www.catholicgallery.org/mass-reading/161024/,"Psalms 1: 1-2, 3, 4 and 6","ps1:1-2,3,4,6","Those who follow you, Lord, will have the light of life.","1 Blessed is the man who hath not walked in the counsel of the ungodly, nor stood in the way of sinners, nor sat in the chair of pestilence.
2 But his will is in the law of the Lord, and on his law he shall meditate day and night.
3 And he shall be like a tree which is planted near the running waters, which shall bring forth its fruit, in due season. And his leaf shall not fall off: and all whatsoever he shall do shall prosper.
4 Not so the wicked, not so: but like the dust, which the wind driveth from the face of the earth.
6 For the Lord knoweth the way of the just: and the way of the wicked shall perish."
2024-10-16,catholic_leaf_archive,dated Catholic lectionary response archive,https://www.catholicleaf.com/mass-readings-and-reflection-oct-16-2024/,"Psalm 1:1-2, 3, 4 and 6 (R. see John 8:12)","ps1:1-2,3,4,6(r.john8:12)","Whoever follows you, Lord, will have the light of life.",
2024-10-17,catholic_gallery_douay_archive,Douay-Rheims dated Mass-reading archive,https://www.catholicgallery.org/mass-reading/171024/,"Psalms 98: 1, 2-3ab, 3cd-4, 5-6","ps98:1,2-3ab,3cd-4,5-6",The Lord has made known his salvation.,"1 Sing ye to the Lord a new canticle: because he hath done wonderful things. His right hand hath wrought for him salvation, and his arm is holy.
2 The Lord hath made known his salvation: he hath revealed his justice in the sight of the Gentiles.
3ab He hath remembered his mercy his truth toward the house of Israel.
3cd All the ends of the earth have seen the salvation of our God.
4 Sing joyfully to God, all the earth; make melody, rejoice and sing.
5 Sing praise to the Lord on the harp, on the harp, and with the voice of a psalm:
6 With long trumpets, and sound of comet. Make a joyful noise before the Lord our king:"
2024-10-17,catholic_leaf_archive,dated Catholic lectionary response archive,https://www.catholicleaf.com/mass-readings-and-reflection-oct-17-2024/,"Psalm 98:1, 2-3ab, 3cd-4, 5-6 (R. 2a)","ps98:1,2-3ab,3cd-4,5-6(r.2a)",The Lord has made known his salvation.,
2024-10-18,catholic_gallery_douay_archive,Douay-Rheims dated Mass-reading archive,https://www.catholicgallery.org/mass-reading/181024/,"Psalms 145: 10-11, 12-13, 17-18","ps145:10-11,12-13,17-18","Your friends make known, O Lord, the glorious splendor of your Kingdom.","10 Let all thy works, O lord, praise thee: and let thy saints bless thee.
11 They shall speak of the glory of thy kingdom: and shall tell of thy power:
12 To make thy might known to the sons of men: and the glory of the magnificence of thy kingdom.
13 Thy kingdom is a kingdom of all ages: and thy dominion endureth throughout all generations. The Lord is faithful in all his words: and holy in all his works.
17 The Lord is just in all his ways: and holy in all his works.
18 The Lord is nigh unto all them that call upon him: to all that call upon him in truth."
2024-10-18,catholic_leaf_archive,dated Catholic lectionary response archive,https://www.catholicleaf.com/mass-readings-and-reflection-oct-18-2024/,"Psalm 145:10-11, 12-13ab, 17-18 (R. see 12ab)","ps145:10-11,12-13ab,17-18(r.12ab)","Your saints, O Lord, make known the glory of your reign.",
2024-10-19,catholic_gallery_douay_archive,Douay-Rheims dated Mass-reading archive,https://www.catholicgallery.org/mass-reading/191024/,"Psalms 8: 2-3ab, 4-5, 6-7","ps8:2-3ab,4-5,6-7",You have given your Son rule over the works of your hands.,"2 O Lord our Lord, how admirable is thy name in the whole earth! For thy magnificence is elevated above the heavens.
3ab Out of the mouth of infants and of sucklings thou hast perfected praise, because of thy enemies.
4 For I will behold thy heavens, the works of thy fingers: the moon and the stars which thou hast founded.
5 What is man that thou art mindful of him? or the son of man that thou visitest him?
6 Thou hast made him a little less than the angels, thou hast crowned him with glory and honour:
7 And hast set him over the works of thy hands."
2024-10-19,catholic_leaf_archive,dated Catholic lectionary response archive,https://www.catholicleaf.com/mass-readings-and-reflection-oct-19-2024/,"Psalm 8:2-3a, 4-5, 6-7 (R. see 7a)","ps8:2-3a,4-5,6-7(r.7a)",You have given your Son power over the works of your hands.,
2024-10-20,catholic_gallery_douay_archive,Douay-Rheims dated Mass-reading archive,https://www.catholicgallery.org/mass-reading/201024/,"Psalms 33: 4-5, 18-19, 20, 22","ps33:4-5,18-19,20,22","Lord, let your mercy be on us, as we place our trust in you.","4 For the word of the Lord is right, and all his works are done with faithfulness.
5 He loveth mercy and judgment; the earth is full of the mercy of the Lord.
18 Behold the eyes of the Lord are on them that fear him: and on them that hope in his mercy.
19 To deliver their souls from death; and feed them in famine.
20 Our soul waiteth for the Lord: for he is our helper and protector.
22 Let thy mercy, O Lord, be upon us, as we have hoped in thee."
2024-10-20,catholic_leaf_archive,dated Catholic lectionary response archive,https://www.catholicleaf.com/mass-readings-and-reflections-october-20-2024/,"Psalm 33:4-5, 18-19, 20 and 22 (R. 22)","ps33:4-5,18-19,20,22(r.22)","May your merciful love be upon us, as we hope in you, O Lord.",
2024-10-21,catholic_gallery_douay_archive,Douay-Rheims dated Mass-reading archive,https://www.catholicgallery.org/mass-reading/211024/,"Psalms 100: 2, 3, 4ab, 4c-5","ps100:2,3,4ab,4c-5","The Lord made us, we belong to him.","2 Sing joyfully to God, all the earth: serve ye the Lord with gladness. Come in before his presence with exceeding great joy.
3 Know ye that the Lord he is God: he made us, and not we ourselves. We are his people and the sheep of his pasture.
4ab Go ye into his gates with praise, into his courts with hymns.
4c Give glory to him. Praise ye his name.
5 For the Lord is sweet, his mercy endureth for ever, and his truth to generation and generation."
2024-10-21,catholic_leaf_archive,dated Catholic lectionary response archive,https://www.catholicleaf.com/mass-readings-and-reflection-oct-21-2024/,"Psalm 100:1-2, 3, 4, 5 (R. 3b)","ps100:1-2,3,4,5(r.3b)",The Lord made us; we belong to him.,
2024-10-22,catholic_gallery_douay_archive,Douay-Rheims dated Mass-reading archive,https://www.catholicgallery.org/mass-reading/221024/,"Psalms 85: 9ab-10, 11-12, 13-14","ps85:9ab-10,11-12,13-14",The Lord speaks of peace to his people.,"9ab I will hear what the Lord God will speak in me: for he will speak peace unto his people.
10 Surely his salvation is near to them that fear him: that glory may dwell in our land.
11 Mercy and truth have met each other: justice and peace have kissed.
12 Truth is sprung out of the earth: and justice hath looked down from heaven.
13 For the Lord will give goodness: and our earth shall yield her fruit.
14 Justice shall walk before him: and shall set his steps in the way."
2024-10-22,catholic_leaf_archive,dated Catholic lectionary response archive,https://www.catholicleaf.com/mass-readings-and-reflection-oct-22-2024/,"Psalm 85:9ab and 10, 11-12, 13-14 (R. see 9b)","ps85:9ab,10,11-12,13-14(r.9b)",The Lord speaks of peace for his people.,
2024-10-23,catholic_gallery_douay_archive,Douay-Rheims dated Mass-reading archive,https://www.catholicgallery.org/mass-reading/231024/,"Isaiah 12: 2-3, 4bcd, 5-6","isaiah12:2-3,4bcd,5-6",You will draw water joyfully from the springs of salvation.,"2 Behold, God is my saviour, I will deal confidently, and will not fear: O because the Lord is my strength, and my praise, and he is become my salvation.
3 You shall draw waters with joy out of the saviour’s fountains:
4bcd Praise ye the Lord, and call upon his name: make his works known among the people: remember that his name is high.
5 Sing ye to the Lord, for he hath done great things: shew this forth in all the earth.
6 Rejoice, and praise, O thou habitation of Sion: for great is he that is in the midst of thee, the Holy One of Israel."
2024-10-24,catholic_gallery_douay_archive,Douay-Rheims dated Mass-reading archive,https://www.catholicgallery.org/mass-reading/241024/,"Psalms 33: 1-2, 4-5, 11-12, 18-19","ps33:1-2,4-5,11-12,18-19",The earth is full of the goodness of the Lord.,"1 Rejoice in the Lord, O ye just: praise becometh the upright.
2 Give praise to the Lord on the harp; sing to him with the psaltery, the instrument of ten strings.
4 For the word of the Lord is right, and all his works are done with faithfulness.
5 He loveth mercy and judgment; the earth is full of the mercy of the Lord.
11 But the counsel of the Lord standeth for ever: the thoughts of his heart to all generations.
12 Blessed is the nation whose God is the Lord: the people whom he hath chosen for his inheritance.
18 Behold the eyes of the Lord are on them that fear him: and on them that hope in his mercy.
19 To deliver their souls from death; and feed them in famine."
2024-10-24,catholic_leaf_archive,dated Catholic lectionary response archive,https://www.catholicleaf.com/mass-readings-and-reflection-oct-24-2024/,"Psalm 33:1-2, 4-5, 11-12, 18-19 (R. 5b)","ps33:1-2,4-5,11-12,18-19(r.5b)",The Lord’s merciful love fills the earth.,
2024-10-25,catholic_gallery_douay_archive,Douay-Rheims dated Mass-reading archive,https://www.catholicgallery.org/mass-reading/251024/,"Psalms 24: 1-2, 3-4ab, 5-6","ps24:1-2,3-4ab,5-6","Lord, this is the people that longs to see your face.","1 On the first day of the week, a psalm for David. The earth is the Lord’s and the fulness thereof: the world, and all they that dwell therein.
2 For he hath founded it upon the seas; and hath prepared it upon the rivers.
3 Who shall ascend into the mountain of the Lord: or who shall stand in his holy place?
4ab The innocent in hands, and clean of heart, who hath not taken his soul in vain.
5 He shall receive a blessing from the Lord, and mercy from God his Saviour.
6 This is the generation of them that seek him, of them that seek the face of the God of Jacob."
2024-10-25,catholic_leaf_archive,dated Catholic lectionary response archive,https://www.catholicleaf.com/mass-readings-and-reflection-oct-25-2024/,"Psalm 24:1-2, 3-4ab, 5-6 (R. see 6)","ps24:1-2,3-4ab,5-6(r.6)","These are the people who seek your face, O Lord.",
2024-10-26,catholic_gallery_douay_archive,Douay-Rheims dated Mass-reading archive,https://www.catholicgallery.org/mass-reading/261024/,"Psalms 122: 1-2, 3-4ab, 4cd-5","ps122:1-2,3-4ab,4cd-5",Let us go rejoicing to the house of the Lord.,"1 I rejoiced at the things that were said to me: We shall go into the house of the Lord.
2 Our feet were standing in thy courts, O Jerusalem.
3 Jerusalem, which is built as a city, which is compact together.
4ab For thither did the tribes go up, the tribes of the Lord.
4cd The testimony of Israel, to praise the name of the Lord.
5 Because their seats have sat in judgment, seats upon the house of David."
2024-10-26,catholic_leaf_archive,dated Catholic lectionary response archive,https://www.catholicleaf.com/mass-readings-and-reflection-oct-26-2024/,"Psalm 122:1-2, 3-4ab, 4cd-5 (R. see 1)","ps122:1-2,3-4ab,4cd-5(r.1)",Let us go rejoicing to the house of the Lord.,
2024-10-27,catholic_gallery_douay_archive,Douay-Rheims dated Mass-reading archive,https://www.catholicgallery.org/mass-reading/271024/,"Psalms 126: 1-2, 2-3, 4-5, 6","ps126:1-2,2-3,4-5,6",The Lord has done great things for us; we are filled with joy.,"1 When the lord brought back the captivity of Sion, we became like men comforted.
2 Then was our mouth filled with gladness; and our tongue with joy.
2 Then shall they say among the Gentiles: The Lord hath done great things for them.
3 The Lord hath done great things for us: we are become joyful.
4 Turn again our captivity, O Lord, as a stream in the south.
5 They that sow in tears shall reap in joy.
6 Going they went and wept, casting their seeds. But coming they shall come with joyfulness, carrying their sheaves."
2024-10-27,catholic_leaf_archive,dated Catholic lectionary response archive,https://www.catholicleaf.com/mass-readings-and-reflections-october-27-2024/,"Psalm 126:1-2ab, 2cd-3, 4-5, 6 (R. see 3)","ps126:1-2ab,2cd-3,4-5,6(r.3)","What great deeds the Lord worked for us! Indeed, we were glad.",
2024-10-28,catholic_gallery_douay_archive,Douay-Rheims dated Mass-reading archive,https://www.catholicgallery.org/mass-reading/281024/,"Psalms 19: 2-3, 4-5","ps19:2-3,4-5",Their message goes out through all the earth.,"2 The heavens shew forth the glory of God, and the firmament declareth the work of his hands.
3 Day to day uttereth speech, and night to night sheweth knowledge.
4 There are no speeches nor languages, where their voices are not heard.
5 Their sound hath gone forth into all the earth: and their words unto the ends of the world."
2024-10-28,catholic_leaf_archive,dated Catholic lectionary response archive,https://www.catholicleaf.com/mass-readings-and-reflection-oct-28-2024/,"Psalm 19:2-3, 4-5 (R. 5a)","ps19:2-3,4-5(r.5a)",Their sound goes forth through all the earth.,
2024-10-29,catholic_gallery_douay_archive,Douay-Rheims dated Mass-reading archive,https://www.catholicgallery.org/mass-reading/291024/,"Psalms 128: 1-2, 3, 4-5","ps128:1-2,3,4-5",Blessed are those who fear the Lord.,"1 Blessed are all they that fear the Lord: that walk in his ways.
2 For thou shalt eat the labours of thy hands: blessed art thou, and it shall be well with thee.
3 Thy wife as a fruitful vine, on the sides of thy house.
4 Behold, thus shall the man be blessed that feareth the Lord.
5 May the Lord bless thee out of Sion: and mayest thou see the good things of Jerusalem all the days of thy life."
2024-10-29,catholic_leaf_archive,dated Catholic lectionary response archive,https://www.catholicleaf.com/mass-readings-and-reflection-oct-29-2024/,"Psalm 128:1-2, 3, 4-5 (R. 1a)","ps128:1-2,3,4-5(r.1a)",Blessed are all who fear the Lord.,
2024-10-30,catholic_gallery_douay_archive,Douay-Rheims dated Mass-reading archive,https://www.catholicgallery.org/mass-reading/301024/,"Psalms 145: 10-11, 12-13ab, 13cd-14","ps145:10-11,12-13ab,13cd-14",The Lord is faithful in all his words.,"10 Let all thy works, O lord, praise thee: and let thy saints bless thee.
11 They shall speak of the glory of thy kingdom: and shall tell of thy power:
12 To make thy might known to the sons of men: and the glory of the magnificence of thy kingdom.
13ab Thy kingdom is a kingdom of all ages: and thy dominion endureth throughout all generations.
13cd The Lord is faithful in all his words: and holy in all his works.
14 The Lord lifteth up all that fall: and setteth up all that are cast down."
2024-10-30,catholic_leaf_archive,dated Catholic lectionary response archive,https://www.catholicleaf.com/mass-readings-and-reflection-oct-30-2024/,"Psalm 145:10-11, 12-13ab, 13cd-14 (R. 13c)","ps145:10-11,12-13ab,13cd-14(r.13c)",The Lord is faithful in all his words.,
2024-10-31,catholic_gallery_douay_archive,Douay-Rheims dated Mass-reading archive,https://www.catholicgallery.org/mass-reading/311024/,"Psalms 144: 1b, 2, 9-10","ps144:1b,2,9-10","Blessed be the Lord, my Rock!","1 Blessed be the Lord my God, who teacheth my hands to fight, and my fingers to war.
2 My mercy, and my refuge: my support, and my deliverer: My protector, and I have hoped in him: who subdueth my people under me.
9 To thee, O God, I will sing a new canticle: on the psaltery and an instrument of ten strings I will sing praises to thee.
10 Who givest salvation to kings: who hast redeemed thy servant David from the malicious sword:"
2024-10-31,catholic_leaf_archive,dated Catholic lectionary response archive,https://www.catholicleaf.com/mass-readings-and-reflection-oct-31-2024/,"Psalm 144:1, 2, 9-10 (R. 1a)","ps144:1,2,9-10(r.1a)","Blest be the Lord, my rock.",
2024-11-01,catholic_gallery_douay_archive,Douay-Rheims dated Mass-reading archive,https://www.catholicgallery.org/mass-reading/011124/,"Psalms 24: 1b-2, 3-4ab, 5-6","ps24:1b-2,3-4ab,5-6","Lord, this is the people that longs to see your face.","1bc The earth is the Lord’s and the fulness thereof: the world, and all they that dwell therein.
2 For he hath founded it upon the seas; and hath prepared it upon the rivers.
3 Who shall ascend into the mountain of the Lord: or who shall stand in his holy place?
4ab The innocent in hands, and clean of heart, who hath not taken his soul in vain.
5 He shall receive a blessing from the Lord, and mercy from God his Saviour.
6 This is the generation of them that seek him, of them that seek the face of the God of Jacob."
2024-11-01,catholic_leaf_archive,dated Catholic lectionary response archive,https://www.catholicleaf.com/mass-readings-and-reflections-nov-01-2024/,"Psalm 24:1-2, 3-4ab, 5-6 (R. see 6)","ps24:1-2,3-4ab,5-6(r.6)","These are the people who seek your face, O Lord.",
2024-11-02,catholic_gallery_douay_archive,Douay-Rheims dated Mass-reading archive,https://www.catholicgallery.org/mass-reading/021124/,"Psalms 23: 1-3a, 3b-4, 5, 6","ps23:1-3a,3b-4,5,6",The Lord is my shepherd; there is nothing I shall want.,"or
1 The Lord ruleth me: and I shall want nothing.
2 He hath set me in a place of pasture. He hath brought me up, on the water of refreshment:
3a He hath converted my soul.
or
3b He hath led me on the paths of justice, for his own name’s sake.
4 For though I should walk in the midst of the shadow of death, I will fear no evils, for thou art with me. Thy rod and thy staff, they have comforted me.
or
5 Thou hast prepared a table before me against them that afflict me. Thou hast anointed my head with oil; and my chalice which inebriateth me, how goodly is it!
or
6 And thy mercy will follow me all the days of my life. And that I may dwell in the house of the Lord unto length of days.
or"
2024-11-02,catholic_leaf_archive,dated Catholic lectionary response archive,https://www.catholicleaf.com/mass-readings-and-reflections-nov-02-2024/,"Psalm 23:1-3, 4, 5, 6 (R. 1)","ps23:1-3,4,5,6(r.1)",The Lord is my shepherd; there is nothing I shall want.,
2024-11-03,catholic_gallery_douay_archive,Douay-Rheims dated Mass-reading archive,https://www.catholicgallery.org/mass-reading/031124/,"Psalms 18: 2-3, 3-4, 47, 51","ps18:2-3,3-4,47,51","I love you, Lord, my strength.","2 I will love thee, O Lord, my strength:
3ab The Lord is my firmament, my refuge, and my deliverer.
3cd My God is my helper, and in him will I put my trust. My protector and the horn of my salvation, and my support.
4 Praising I will call upon the Lord: and I shall be saved from my enemies.
47 The Lord liveth, and blessed be my God, and let the God of my salvation be exalted:
51 Giving great deliverance to his king, and shewing mercy to David his anointed: and to his seed for ever."
2024-11-03,catholic_leaf_archive,dated Catholic lectionary response archive,https://www.catholicleaf.com/mass-readings-and-reflections-nov-03-2024/,"Psalm 18:2-3a, 3bc-4, 47 and 51ab (R. 2)","ps18:2-3a,3bc-4,47,51ab(r.2)","I love you, Lord, my strength",
2024-11-04,catholic_gallery_douay_archive,Douay-Rheims dated Mass-reading archive,https://www.catholicgallery.org/mass-reading/041124/,"Psalms 131: 1bcde, 2, 3","ps131:1bcde,2,3","In you, O Lord, I have found my peace.","1 Lord, my heart is not exalted: nor are my eyes lofty. Neither have I walked in great matters, nor in wonderful things above me.
2 If I was not humbly minded, but exalted my soul: As a child that is weaned is towards his mother, so reward in my soul.
3 Let Israel hope in the Lord, from henceforth now and for ever."
2024-11-04,catholic_leaf_archive,dated Catholic lectionary response archive,https://www.catholicleaf.com/mass-readings-and-reflection-nov-04-2024/,"Psalm 131:1, 2, 3","ps131:1,2,3","Keep my soul in peace at your side, O Lord.",
2024-11-05,catholic_gallery_douay_archive,Douay-Rheims dated Mass-reading archive,https://www.catholicgallery.org/mass-reading/051124/,"Psalms 22: 26b-27, 28, 29-30, 31-32","ps22:26b-27,28,29-30,31-32","I will praise you, Lord, in the assembly of your people.","26b I will pay my vows in the sight of them that fear him.
27 The poor shall eat and shall be filled: and they shall praise the Lord that seek him: their hearts shall live for ever and ever.
28 All the ends of the earth shall remember, and shall be converted to the Lord: And all the kindreds of the Gentiles shall adore in his sight.
29 For the kingdom is the Lord’s; and he shall have dominion over the nations.
30 All the fat ones of the earth have eaten and have adored: all they that go down to the earth shall fall before him.
31 And to him my soul shall live: and my seed shall serve him.
32 There shall be declared to the Lord a generation to come: and the heavens shall shew forth his justice to a people that shall be born, which the Lord hath made."
2024-11-05,catholic_leaf_archive,dated Catholic lectionary response archive,https://www.catholicleaf.com/mass-readings-and-reflection-nov-05-2024/,"Psalm 22:26b-27, 28, 29-30, 31-32","ps22:26b-27,28,29-30,31-32","You are my praise, Lord, in the great assembly",
2024-11-06,catholic_gallery_douay_archive,Douay-Rheims dated Mass-reading archive,https://www.catholicgallery.org/mass-reading/061124/,"Psalms 27: 1, 4, 13-14","ps27:1,4,13-14",The Lord is my light and my salvation.,"1 The psalm of David before he was anointed. The Lord is my light and my salvation, whom shall I fear? The Lord is the protector of my life: of whom shall I be afraid?
4 One thing I have asked of the Lord, this will I seek after; that I may dwell in the house of the Lord all the days of my life. That I may see the delight of the Lord, and may visit his temple.
13 I believe to see the good things of the Lord in the land of the living.
14 Expect the Lord, do manfully, and let thy heart take courage, and wait thou for the Lord."
2024-11-06,catholic_leaf_archive,dated Catholic lectionary response archive,https://www.catholicleaf.com/mass-readings-and-reflection-nov-06-2024/,"Psalm 27:1, 4, 13-14 (R. 1a)","ps27:1,4,13-14(r.1a)",The Lord is my light and my salvation.,
2024-11-07,catholic_gallery_douay_archive,Douay-Rheims dated Mass-reading archive,https://www.catholicgallery.org/mass-reading/071124/,"Psalms 105: 2-3, 4-5, 6-7","ps105:2-3,4-5,6-7",Let hearts rejoice who search for the Lord.,"or
2 Sing to him, yea sing praises to him: relate all his wondrous works.
3 Glory ye in his holy name: let the heart of them rejoice that seek the Lord.
or
4 Seek ye the Lord, and be strengthened: seek his face evermore.
5 Remember his marvellous works which he hath done; his wonders, and the judgments of his mouth.
or
6 O ye seed of Abraham his servant; ye sons of Jacob his chosen.
7 He is the Lord our God: his judgments are in all the earth.
or"
2024-11-07,catholic_leaf_archive,dated Catholic lectionary response archive,https://www.catholicleaf.com/mass-readings-and-reflection-nov-07-2024/,"Psalm 105:2-3, 4-5, 6-7 (R. 3b)","ps105:2-3,4-5,6-7(r.3b)",Let the hearts that seek the Lord rejoice.,
2024-11-08,catholic_gallery_douay_archive,Douay-Rheims dated Mass-reading archive,https://www.catholicgallery.org/mass-reading/081124/,"Psalms 122: 1-2, 3-4ab, 4cd-5","ps122:1-2,3-4ab,4cd-5",Let us go rejoicing to the house of the Lord.,"1 I rejoiced at the things that were said to me: We shall go into the house of the Lord.
2 Our feet were standing in thy courts, O Jerusalem.
3 Jerusalem, which is built as a city, which is compact together.
4ab For thither did the tribes go up, the tribes of the Lord.
4cd The testimony of Israel, to praise the name of the Lord.
5 Because their seats have sat in judgment, seats upon the house of David."
2024-11-08,catholic_leaf_archive,dated Catholic lectionary response archive,https://www.catholicleaf.com/mass-readings-and-reflection-nov-08-2024/,"Psalm 122:1-2, 3-4ab, 4cd-5 (R. see 1)","ps122:1-2,3-4ab,4cd-5(r.1)",Let us go rejoicing to the house of the Lord,
2024-11-09,catholic_gallery_douay_archive,Douay-Rheims dated Mass-reading archive,https://www.catholicgallery.org/mass-reading/091124/,"Psalms 46: 2-3, 5-6, 8-9","ps46:2-3,5-6,8-9","The waters of the river gladden the city of God, the holy dwelling of the Most High!","2 Our God is our refuge and strength: a helper in troubles, which have found us exceedingly.
3 Therefore we will not fear, when the earth shall be troubled; and the mountains shall be removed into the heart of the sea.
5 The stream of the river maketh the city of God joyful: the most High hath sanctified his own tabernacle.
6 God is in the midst thereof, it shall not be moved: God will help it in the morning early.
8 The Lord of armies is with us: the God of Jacob is our protector.
9 Come and behold ye the works of the Lord: what wonders he hath done upon earth,"
2024-11-09,catholic_leaf_archive,dated Catholic lectionary response archive,https://www.catholicleaf.com/mass-readings-and-reflections-nov-09-2024/,"Psalm 46:2-3, 5-6, 8-9 (R. 5)","ps46:2-3,5-6,8-9(r.5)","The waters of a river give joy to God’s city, the holy place, the dwelling of the Most High.",
2024-11-10,catholic_gallery_douay_archive,Douay-Rheims dated Mass-reading archive,https://www.catholicgallery.org/mass-reading/101124/,"Psalms 146: 7, 8-9, 9-10","ps146:7,8-9,9-10","Praise the Lord, my soul!","or
7 Who keepeth truth for ever: who executeth judgment for them that suffer wrong: who giveth food to the hungry. The Lord looseth them that are fettered:
or
8 The Lord enlighteneth the blind. The Lord lifteth up them that are cast down: the Lord loveth the just.
9a The Lord keepeth the strangers.
or
9bc He will support the fatherless and the widow: and the ways of sinners he will destroy.
10 The Lord shall reign for ever: thy God, O Sion, unto generation and generation.
or"
2024-11-10,catholic_leaf_archive,dated Catholic lectionary response archive,https://www.catholicleaf.com/mass-readings-and-reflections-nov-10-2024/,"Psalm 146:6c-7, 8-9a, 9bc-10 (R. 1)","ps146:6c-7,8-9a,9bc-10(r.1)","My soul, give praise to the Lord",
2024-11-11,catholic_gallery_douay_archive,Douay-Rheims dated Mass-reading archive,https://www.catholicgallery.org/mass-reading/111124/,"Psalms 24: 1b-2, 3-4ab, 5-6","ps24:1b-2,3-4ab,5-6","Lord, this is the people that longs to see your face.","1b The earth is the Lord’s and the fulness thereof: the world, and all they that dwell therein.
2 For he hath founded it upon the seas; and hath prepared it upon the rivers.
3 Who shall ascend into the mountain of the Lord: or who shall stand in his holy place?
4ab The innocent in hands, and clean of heart, who hath not taken his soul in vain.
5 He shall receive a blessing from the Lord, and mercy from God his Saviour.
6 This is the generation of them that seek him, of them that seek the face of the God of Jacob."
2024-11-11,catholic_leaf_archive,dated Catholic lectionary response archive,https://www.catholicleaf.com/mass-readings-and-reflection-nov-11-2024/,"Psalm 24:1-2, 3-4ab, 5-6 (R. see 6)","ps24:1-2,3-4ab,5-6(r.6)","These are the people who seek your face, O Lord",
2024-11-12,catholic_gallery_douay_archive,Douay-Rheims dated Mass-reading archive,https://www.catholicgallery.org/mass-reading/121124/,"Psalms 37: 3-4, 18 and 23, 27 and 29","ps37:3-4,18,23,27,29",The salvation of the just comes from the Lord.,"3 Trust in the Lord, and do good, and dwell in the land, and thou shalt be fed with its riches.
4 Delight in the Lord, and he will give thee the requests of thy heart.
18 The Lord knoweth the days of undefiled; and their inheritance shall be for ever.
23 With the Lord shall the steps of a man be directed, and he shall like well his way.
27 Decline from evil and do good, and dwell for ever and ever.
29 But the just shall inherit the land, and shall dwell therein for evermore."
2024-11-12,catholic_leaf_archive,dated Catholic lectionary response archive,https://www.catholicleaf.com/mass-readings-and-reflection-nov-12-2024/,"Psalm 37:3-4, 18 and 23, 27 and 29 (R. 39a)","ps37:3-4,18,23,27,29(r.39a)",From the Lord comes the salvation of the just,
2024-11-13,catholic_gallery_douay_archive,Douay-Rheims dated Mass-reading archive,https://www.catholicgallery.org/mass-reading/131124/,"Psalms 23: 1b-3a, 3bc-4, 5, 6","ps23:1b-3a,3bc-4,5,6",The Lord is my shepherd; there is nothing I shall want.,"1 The Lord ruleth me: and I shall want nothing.
2 He hath set me in a place of pasture. He hath brought me up, on the water of refreshment:
3a He hath converted my soul.
3bc He hath led me on the paths of justice, for his own name’s sake.
4 For though I should walk in the midst of the shadow of death, I will fear no evils, for thou art with me. Thy rod and thy staff, they have comforted me.
5 Thou hast prepared a table before me against them that afflict me. Thou hast anointed my head with oil; and my chalice which inebriateth me, how goodly is it!
6 And thy mercy will follow me all the days of my life. And that I may dwell in the house of the Lord unto length of days."
2024-11-13,catholic_leaf_archive,dated Catholic lectionary response archive,https://www.catholicleaf.com/mass-readings-and-reflection-nov-13-2024/,"Psalm 23:1-3a, 3b-4, 5, 6 (R. 1)","ps23:1-3a,3b-4,5,6(r.1)",The Lord is my shepherd; there is nothing I shall want,
2024-11-14,catholic_gallery_douay_archive,Douay-Rheims dated Mass-reading archive,https://www.catholicgallery.org/mass-reading/141124/,"Psalms 146: 7, 8-9a, 9bc-10","ps146:7,8-9a,9bc-10",Blessed is he whose help is the God of Jacob.,"or
7 Who keepeth truth for ever: who executeth judgment for them that suffer wrong: who giveth food to the hungry. The Lord looseth them that are fettered:
or
8 The Lord enlighteneth the blind. The Lord lifteth up them that are cast down: the Lord loveth the just.
9a The Lord keepeth the strangers.
or
9bc He will support the fatherless and the widow: and the ways of sinners he will destroy.
10 The Lord shall reign for ever: thy God, O Sion, unto generation and generation.
or"
2024-11-14,catholic_leaf_archive,dated Catholic lectionary response archive,https://www.catholicleaf.com/mass-readings-and-reflection-nov-14-2024/,"Psalm 146:6c-7, 8-9a, 9bc-10 (R. 5a)","ps146:6c-7,8-9a,9bc-10(r.5a)",Blessed is he who is helped by Jacob’s God,
2024-11-15,catholic_gallery_douay_archive,Douay-Rheims dated Mass-reading archive,https://www.catholicgallery.org/mass-reading/151124/,"Psalms 119: 1, 2, 10, 11, 17, 18","ps119:1,2,10,11,17,18",Blessed are they who follow the law of the Lord!,"1 ALEPH. Blessed are the undefiled in the way, who walk in the law of the Lord.
2 Blessed are they who search his testimonies: that seek him with their whole heart.
10 With my whole heart have I sought after thee: let me not stray from thy commandments.
11 Thy words have I hidden in my heart, that I may not sin against thee.
17 GIMEL. Give bountifully to thy servant, enliven me: and I shall keep thy words.
18 Open thou my eyes: and I will consider the wondrous things of thy law."
2024-11-15,catholic_leaf_archive,dated Catholic lectionary response archive,https://www.catholicleaf.com/mass-readings-and-reflection-nov-15-2024/,"Psalm 119:1, 2, 10, 11, 17, 18 (R. 1b)","ps119:1,2,10,11,17,18(r.1b)",Blessed are those who walk in the law of the Lord!,
2024-11-16,catholic_gallery_douay_archive,Douay-Rheims dated Mass-reading archive,https://www.catholicgallery.org/mass-reading/161124/,"Psalms 112: 1-2, 3-4, 5-6","ps112:1-2,3-4,5-6",Blessed the man who fears the Lord.,"or
1 Blessed is the man that feareth the Lord: he shall delight exceedingly in his commandments.
2 His seed shall be mighty upon earth: the generation of the righteous shall be blessed.
or
3 Glory and wealth shall be in his house: and his justice remaineth for ever and ever.
4 To the righteous a light is risen up in darkness: he is merciful, and compassionate and just.
or
5 Acceptable is the man that sheweth mercy and lendeth: he shall order his words with judgment:
6 Because he shall not be moved for ever.
or"
2024-11-16,catholic_leaf_archive,dated Catholic lectionary response archive,https://www.catholicleaf.com/mass-readings-and-reflection-nov-16-2024/,"Psalm 112:1b-2, 3-4, 5-6 (R. 1b)","ps112:1b-2,3-4,5-6(r.1b)",Blessed the man who fears the Lord. or: Alleluia,
2024-11-17,catholic_gallery_douay_archive,Douay-Rheims dated Mass-reading archive,https://www.catholicgallery.org/mass-reading/171124/,"Psalms 16: 5, 8, 9-10, 11","ps16:5,8,9-10,11","You are my inheritance, O Lord!","5 The Lord is the portion of my inheritance and of my cup: it is thou that wilt restore my inheritance to me.
8 I set the Lord always in my sight: for he is at my right hand, that I be not moved.
9 Therefore my heart hath been glad, and my tongue hath rejoiced: moreover my flesh also shall rest in hope.
10 Because thou wilt not leave my soul in hell; nor wilt then give thy holy one to see corruption.
11 Thou hast made known to me the ways of life, thou shalt fill me with joy with thy countenance: at thy right hand are delights even to the end."
2024-11-17,catholic_leaf_archive,dated Catholic lectionary response archive,https://www.catholicleaf.com/mass-readings-and-reflections-nov-17-2024/,"Psalm 16:5 and 8, 9-10, 11 (R. 1)","ps16:5,8,9-10,11(r.1)","Preserve me, O God, for in you I take refuge.",
2024-11-18,catholic_gallery_douay_archive,Douay-Rheims dated Mass-reading archive,https://www.catholicgallery.org/mass-reading/181124/,"Psalms 1: 1-2, 3, 4 and 6","ps1:1-2,3,4,6",Those who are victorious I will feed from the tree of life.,"1 Blessed is the man who hath not walked in the counsel of the ungodly, nor stood in the way of sinners, nor sat in the chair of pestilence.
2 But his will is in the law of the Lord, and on his law he shall meditate day and night.
3 And he shall be like a tree which is planted near the running waters, which shall bring forth its fruit, in due season. And his leaf shall not fall off: and all whatsoever he shall do shall prosper.
4 Not so the wicked, not so: but like the dust, which the wind driveth from the face of the earth.
6 For the Lord knoweth the way of the just: and the way of the wicked shall perish."
2024-11-18,catholic_leaf_archive,dated Catholic lectionary response archive,https://www.catholicleaf.com/mass-readings-and-reflection-nov-18-2024/,"Psalm 1:1-2, 3, 4 and 6 (R. Revelation 2:7b)","ps1:1-2,3,4,6(r.revelation2:7b)","To the one who conquers, I will grant to eat of the tree of life.",
2024-11-19,catholic_gallery_douay_archive,Douay-Rheims dated Mass-reading archive,https://www.catholicgallery.org/mass-reading/191124/,"Psalms 15: 2-3a, 3bc-4ab, 5","ps15:2-3a,3bc-4ab,5",I will seat the victor beside me on my throne.,"2 He that walketh without blemish, and worketh justice:
3a He that speaketh truth in his heart, who hath not used deceit in his tongue.
3bc Nor hath done evil to his neighbour: nor taken up a reproach against his neighbours.
4ab In his sight the malignant is brought to nothing: but he glorifieth them that fear the Lord.
5 He that hath not put out his money to usury, nor taken bribes against the innocent: He that doth these things shall not be moved for ever."
2024-11-19,catholic_leaf_archive,dated Catholic lectionary response archive,https://www.catholicleaf.com/mass-readings-and-reflection-nov-19-2024/,"Psalm 15:2-3a, 3bc-4ab, 5 (R. Revelation 3:21)","ps15:2-3a,3bc-4ab,5(r.revelation3:21)","The one who conquers, I will grant him to sit with me one my throne.",
2024-11-20,catholic_gallery_douay_archive,Douay-Rheims dated Mass-reading archive,https://www.catholicgallery.org/mass-reading/201124/,"Psalms 150: 1b-2, 3-4, 5-6","ps150:1b-2,3-4,5-6","Holy, holy, holy Lord, mighty God!","1 Praise ye the Lord in his holy places: praise ye him in the firmament of his power.
2 Praise ye him for his mighty acts: praise ye him according to the multitude of his greatness.
3 Praise him with sound of trumpet: praise him with psaltery and harp.
4 Praise him with timbrel and choir: praise him with strings and organs.
5 Praise him on high sounding cymbals: praise him on cymbals of joy:
6 Let every spirit praise the Lord. Alleluia."
2024-11-20,catholic_leaf_archive,dated Catholic lectionary response archive,https://www.catholicleaf.com/mass-readings-and-reflection-nov-20-2024/,"Psalm 150:1b-2, 3-4, 5-6 (R. Revelation 4:8b)","ps150:1b-2,3-4,5-6(r.revelation4:8b)","Holy, holy, holy is the Lord God Almighty",
2024-11-21,catholic_gallery_douay_archive,Douay-Rheims dated Mass-reading archive,https://www.catholicgallery.org/mass-reading/211124/,"Psalms 149: 1b-2, 3-4, 5-6a and 9b","ps149:1b-2,3-4,5-6a,9b",The Lamb has made us a kingdom of priests to serve our God.,"or
1 Sing ye to the Lord a new canticle: let his praise be in the church of the saints.
2 Let Israel rejoice in him that made him: and let the children of Sion be joyful in their king.
or
3 Let them praise his name in choir: let them sing to him with the timbrel and the psaltery.
4 For the Lord is well pleased with his people: and he will exalt the meek unto salvation.
or
5 The saints shall rejoice in glory: they shall be joyful in their beds.
6a The high praise of God shall be in their mouth.:
9b This glory is to all his saints. Alleluia.
or"
2024-11-21,catholic_leaf_archive,dated Catholic lectionary response archive,https://www.catholicleaf.com/mass-readings-and-reflection-nov-21-2024/,"Psalm 149:1b-2, 3-4, 5-6a and 9bc (R. Revelation 5:10)","ps149:1b-2,3-4,5-6a,9bc(r.revelation5:10)",You have made us a kingdom and priests to our God.,
2024-11-22,catholic_gallery_douay_archive,Douay-Rheims dated Mass-reading archive,https://www.catholicgallery.org/mass-reading/221124/,"Psalms 119: 14, 24, 72, 103, 111, 131","ps119:14,24,72,103,111,131",How sweet to my taste is your promise!,"14 I have been delighted in the way of thy testimonies, as in all riches.
24 For thy testimonies are my meditation: and thy justifications my counsel.
72 The law of thy mouth is good to me, above thousands of gold and silver.
103 How sweet are thy words to my palate! more than honey to my mouth.
111 I have purchased thy testimonies for an inheritance for ever: because they are a joy to my heart.
131 I opened my mouth and panted: because I longed for thy commandments."
2024-11-22,catholic_leaf_archive,dated Catholic lectionary response archive,https://www.catholicleaf.com/mass-readings-and-reflection-nov-22-2024/,"Psalm 119:14, 24, 72, 103, 111, 131 (R. 103a)","ps119:14,24,72,103,111,131(r.103a)","How sweet is your promise to my tongue, O Lord!",
2024-11-23,catholic_gallery_douay_archive,Douay-Rheims dated Mass-reading archive,https://www.catholicgallery.org/mass-reading/231124/,"Psalms 144: 1, 2, 9-10","ps144:1,2,9-10","Blessed be the Lord, my Rock!","1 Blessed be the Lord my God, who teacheth my hands to fight, and my fingers to war.
2 My mercy, and my refuge: my support, and my deliverer: My protector, and I have hoped in him: who subdueth my people under me.
9 To thee, O God, I will sing a new canticle: on the psaltery and an instrument of ten strings I will sing praises to thee.
10 Who givest salvation to kings: who hast redeemed thy servant David from the malicious sword."
2024-11-23,catholic_leaf_archive,dated Catholic lectionary response archive,https://www.catholicleaf.com/mass-readings-and-reflection-nov-23-2024/,"Psalm 144:1, 2, 9-10 (R. 1a)","ps144:1,2,9-10(r.1a)","Blest be the Lord, my rock!",
2024-11-24,catholic_gallery_douay_archive,Douay-Rheims dated Mass-reading archive,https://www.catholicgallery.org/mass-reading/241124/,"Psalms 93: 1abc, 1d-2, 5","ps93:1abc,1d-2,5",The LORD is king; he is robed in majesty.,"1abc The Lord hath reigned, he is clothed with beauty: the Lord is clothed with strength, and hath girded himself.
1d For he hath established the world which shall not be moved.
2 Thy throne is prepared from of old: thou art from everlasting.
5 Thy testimonies are become exceedingly credible: holiness becometh thy house, O Lord, unto length of days."
2024-11-24,catholic_leaf_archive,dated Catholic lectionary response archive,https://www.catholicleaf.com/mass-readings-and-reflections-nov-24-2024/,"Psalm 93:1abc, 1d-2, 5 (R. see 1a)","ps93:1abc,1d-2,5(r.1a)","The Lord is king, with majesty enrobed.",
2024-11-25,catholic_gallery_douay_archive,Douay-Rheims dated Mass-reading archive,https://www.catholicgallery.org/mass-reading/251124/,"Psalms 24: 1bc-2, 3-4ab, 5-6","ps24:1bc-2,3-4ab,5-6","Lord, this is the people that longs to see your face.","1bc The earth is the Lord’s and the fulness thereof: the world, and all they that dwell therein.
2 For he hath founded it upon the seas; and hath prepared it upon the rivers.
3 Who shall ascend into the mountain of the Lord: or who shall stand in his holy place?
4 The innocent in hands, and clean of heart, who hath not taken his soul in vain.
5 He shall receive a blessing from the Lord, and mercy from God his Saviour.
6 This is the generation of them that seek him, of them that seek the face of the God of Jacob."
2024-11-25,catholic_leaf_archive,dated Catholic lectionary response archive,https://www.catholicleaf.com/mass-readings-and-reflection-nov-25-2024/,"Psalm 24:1-2, 3-4ab, 5-6 (R. see 6)","ps24:1-2,3-4ab,5-6(r.6)","These are the people who seek your face, O Lord.",
2024-11-26,catholic_gallery_douay_archive,Douay-Rheims dated Mass-reading archive,https://www.catholicgallery.org/mass-reading/261124/,"Psalms 96: 10, 11-12, 13","ps96:10,11-12,13",The Lord comes to judge the earth.,"10 Say ye among the Gentiles, the Lord hath reigned. For he hath corrected the world, which shall not be moved: he will judge the people with justice.
11 Let the heavens rejoice, and let the earth be glad, let the sea be moved, and the fulness thereof:
12 The fields and all things that are in them shall be joyful. Then shall all the trees of the woods rejoice
13 Before the face of the Lord, because he cometh: because he cometh to judge the earth. He shall judge the world with justice, and the people with his truth."
2024-11-26,catholic_leaf_archive,dated Catholic lectionary response archive,https://www.catholicleaf.com/mass-readings-and-reflection-nov-26-2024/,"Psalm 96:10, 11-12, 13 (R. 13b)","ps96:10,11-12,13(r.13b)",The Lord comes to judge the earth.,
2024-11-27,catholic_gallery_douay_archive,Douay-Rheims dated Mass-reading archive,https://www.catholicgallery.org/mass-reading/271124/,"Psalms 98: 1, 2-3ab, 7-8, 9","ps98:1,2-3ab,7-8,9","Great and wonderful are all your works, Lord, mighty God!","1 Sing ye to the Lord a new canticle: because he hath done wonderful things. His right hand hath wrought for him salvation, and his arm is holy.
2 The Lord hath made known his salvation: he hath revealed his justice in the sight of the Gentiles.
3ab He hath remembered his mercy his truth toward the house of Israel.
7 Let the sea be moved and the fulness thereof: the world and they that dwell therein.
8 The rivers shall clap their hands, the mountains shall rejoice together
9 At the presence of the Lord: because he cometh to judge the earth. He shall judge the world with justice, and the people with equity."
2024-11-27,catholic_leaf_archive,dated Catholic lectionary response archive,https://www.catholicleaf.com/mass-readings-and-reflection-nov-27-2024/,"Psalm 98:1, 2-3ab, 7-8, 9 (R. Revelation 15:3b)","ps98:1,2-3ab,7-8,9(r.revelation15:3b)","Great and amazing are your deeds, O Lord God Almighty!",
2024-11-28,catholic_gallery_douay_archive,Douay-Rheims dated Mass-reading archive,https://www.catholicgallery.org/mass-reading/281124/,"Psalms 100: 2, 3, 4, 5","ps100:2,3,4,5",Blessed are they who are called to the wedding feast of the Lamb.,"2 Sing joyfully to God, all the earth: serve ye the Lord with gladness. Come in before his presence with exceeding great joy.
3 Know ye that the Lord he is God: he made us, and not we ourselves. We are his people and the sheep of his pasture.
4 Go ye into his gates with praise, into his courts with hymns: and give glory to him. Praise ye his name:
5 For the Lord is sweet, his mercy endureth for ever, and his truth to generation and generation."
2024-11-28,catholic_leaf_archive,dated Catholic lectionary response archive,https://www.catholicleaf.com/mass-readings-and-reflection-nov-28-2024/,"Psalm 100:1-2, 3, 4, 5 (R. Revelation 19:9a)","ps100:1-2,3,4,5(r.revelation19:9a)",Blessed are those who are invited to the marriage supper of the Lamb.,
2024-11-29,catholic_gallery_douay_archive,Douay-Rheims dated Mass-reading archive,https://www.catholicgallery.org/mass-reading/291124/,"Psalms 84: 3, 4, 5-6a and 8a","ps84:3,4,5-6a,8a",Here God lives among his people.,"3 My soul longeth and fainteth for the courts of the Lord. My heart and my flesh have rejoiced in the living God.
4 For the sparrow hath found herself a house, and the turtle a nest for herself where she may lay her young ones: Thy altars, O Lord of hosts, my king and my God.
5 Blessed are they that dwell in thy house, O Lord: they shall praise thee for ever and ever.
6a Blessed is the man whose help is from thee.
8a For the law giver shall give a blessing, they shall go from virtue to virtue."
2024-11-29,catholic_leaf_archive,dated Catholic lectionary response archive,https://www.catholicleaf.com/mass-readings-and-reflection-nov-29-2024/,"Psalm 84:3, 4, 5-6a and 8a (R. Revelation 21:3b)","ps84:3,4,5-6a,8a(r.revelation21:3b)","Behold, the dwelling of God is with men.",
2024-11-30,catholic_gallery_douay_archive,Douay-Rheims dated Mass-reading archive,https://www.catholicgallery.org/mass-reading/301124/,"Psalms 19: 8, 9, 10, 11","ps19:8,9,10,11","The judgments of the Lord are true, and all of them are just.","or
8 The law of the Lord is unspotted, converting souls: the testimony of the Lord is faithful, giving wisdom to little ones.
or
9 The justices of the Lord are right, rejoicing hearts: the commandment of the Lord is lightsome, enlightening the eyes.
or
10 The fear of the Lord is holy, enduring for ever and ever: the judgments of the Lord are true, justified in themselves.
or
11 More to be desired than gold and many precious stones: and sweeter than honey and the honeycomb.
or"
2024-11-30,catholic_leaf_archive,dated Catholic lectionary response archive,https://www.catholicleaf.com/mass-readings-and-reflection-nov-30-2024/,"Psalm 19:2-3, 4-5 (R. 5a)","ps19:2-3,4-5(r.5a)",Their sound goes forth through all the earth,
2024-12-01,catholic_gallery_douay_archive,Douay-Rheims dated Mass-reading archive,https://www.catholicgallery.org/mass-reading/011224/,"Psalms 25: 4-5, 8-9, 10, 14","ps25:4-5,8-9,10,14","To you, O Lord, I lift my soul.","4 Let all them be confounded that act unjust things without cause. shew, O Lord, thy ways to me, and teach me thy paths.
5 Direct me in thy truth, and teach me; for thou art God my Saviour; and on thee have I waited all the day long.
8 The Lord is sweet and righteous: therefore he will give a law to sinners in the way.
9 He will guide the mild in judgment: he will teach the meek his ways.
10 All the ways of the Lord are mercy and truth, to them that seek after his covenant and his testimonies.
14 The Lord is a firmament to them that fear him: and his covenant shall be made manifest to them."
2024-12-01,catholic_leaf_archive,dated Catholic lectionary response archive,https://www.catholicleaf.com/mass-readings-and-reflections-dec-01-2024/,"Psalm 25:4-5, 8-9, 10, 14","ps25:4-5,8-9,10,14","To you, O Lord, I lift my soul.",
2024-12-02,catholic_gallery_douay_archive,Douay-Rheims dated Mass-reading archive,https://www.catholicgallery.org/mass-reading/021224/,"Psalms 122: 1-2, 3-4b, 4cd-5, 6-7, 8-9","ps122:1-2,3-4b,4cd-5,6-7,8-9",Let us go rejoicing to the house of the Lord.,"1 I rejoiced at the things that were said to me: We shall go into the house of the Lord.
2 Our feet were standing in thy courts, O Jerusalem.
3 Jerusalem, which is built as a city, which is compact together.
4ab For thither did the tribes go up, the tribes of the Lord.
4cd The testimony of Israel, to praise the name of the Lord.
5 Because their seats have sat in judgment, seats upon the house of David.
6 Pray ye for the things that are for the peace of Jerusalem: and abundance for them that love thee.
7 Let peace be in thy strength: and abundance in thy towers.
8 For the sake of my brethren, and of my neighbours, I spoke peace of thee.
9 Because of the house of the Lord our God, I have sought good things for thee."
2024-12-02,catholic_leaf_archive,dated Catholic lectionary response archive,https://www.catholicleaf.com/mass-readings-and-reflection-dec-02-2024/,"Psalm 122:1-2, 3-4b, 4cd-5, 6-7, 8-9 (R. see 1)","ps122:1-2,3-4b,4cd-5,6-7,8-9(r.1)",Let us go rejoicing to the house of the Lord.,
2024-12-03,catholic_gallery_douay_archive,Douay-Rheims dated Mass-reading archive,https://www.catholicgallery.org/mass-reading/031224/,"Psalms 72: 1-2, 7-8, 12-13, 17","ps72:1-2,7-8,12-13,17","Justice shall flourish in his time, and fullness of peace for ever.","2 Give to the king thy judgment, O God: and to the king’s son thy justice: To judge thy people with justice, and thy poor with judgment.
7 In his days shall justice spring up, and abundance of peace, till the moon be taken sway.
8 And he shall rule from sea to sea, and from the river unto the ends of the earth.
12 For he shall deliver the poor from the mighty: and the needy that had no helper.
13 He shall spare the poor and needy: and he shall save the souls of the poor.
17 Let his name be blessed for evermore: his name continueth before the sun. And in him shall all the tribes of the earth be blessed: all nations shall magnify him."
2024-12-03,catholic_leaf_archive,dated Catholic lectionary response archive,https://www.catholicleaf.com/mass-readings-and-reflection-dec-03-2024/,"Psalm 72:1-2, 7-8, 12-13, 17 (R. see 7)","ps72:1-2,7-8,12-13,17(r.7)","Justice shall flourish in his time, and fullness of peace for ever.",
2024-12-04,catholic_gallery_douay_archive,Douay-Rheims dated Mass-reading archive,https://www.catholicgallery.org/mass-reading/041224/,"Psalms 23: 1-3a, 3b-4, 5, 6","ps23:1-3a,3b-4,5,6",I shall live in the house of the Lord all the days of my life.,"1 The Lord ruleth me: and I shall want nothing.
2 He hath set me in a place of pasture. He hath brought me up, on the water of refreshment:
3a He hath converted my soul.
3b He hath led me on the paths of justice, for his own name’s sake.
4 For though I should walk in the midst of the shadow of death, I will fear no evils, for thou art with me. Thy rod and thy staff, they have comforted me.
5 Thou hast prepared a table before me against them that afflict me. Thou hast anointed my head with oil; and my chalice which inebriateth me, how goodly is it!
6 And thy mercy will follow me all the days of my life. And that I may dwell in the house of the Lord unto length of days."
2024-12-04,catholic_leaf_archive,dated Catholic lectionary response archive,https://www.catholicleaf.com/mass-readings-and-reflection-dec-04-2024/,"Psalm 23:1-3a, 3b-4, 5, 6 (R. see 6cd)","ps23:1-3a,3b-4,5,6(r.6cd)",I shall live in the house of the Lord all the days of my life.,
2024-12-05,catholic_gallery_douay_archive,Douay-Rheims dated Mass-reading archive,https://www.catholicgallery.org/mass-reading/051224/,"Psalms 118: 1 and 8-9, 19-21, 25-27a","ps118:1,8-9,19-21,25-27a",Blessed is he who comes in the name of the Lord.,"or
1 Give praise to Lord, for he is good: for his mercy endureth for ever.
8 It is good to confide in the Lord, rather than to have confidence in man.
9 It is good to trust in the Lord, rather than to trust in princes.
or
19 Open ye to me the gates of justice: I will go into them, and give praise to the Lord.
20 This is the gate of the Lord, the just shall enter into it.
21 I will give glory to thee because thou hast heard me: and art become my salvation.
or
25 O Lord, save me: O Lord, give good success.
26 Blessed be he that cometh in the name Lord. We have blessed you out of the house of the Lord.
27a The Lord is God, and he hath shone upon us.
or"
2024-12-05,catholic_leaf_archive,dated Catholic lectionary response archive,https://www.catholicleaf.com/mass-readings-and-reflection-dec-05-2024/,"Psalm 118:1 and 8-9, 19-21, 25-27a (R. 26a)","ps118:1,8-9,19-21,25-27a(r.26a)",Blessed is he who comes in the name of the Lord.,
2024-12-06,catholic_gallery_douay_archive,Douay-Rheims dated Mass-reading archive,https://www.catholicgallery.org/mass-reading/061224/,"Psalms 27: 1, 4, 13-14","ps27:1,4,13-14",The Lord is my light and my salvation.,"1 The psalm of David before he was anointed. The Lord is my light and my salvation, whom shall I fear? The Lord is the protector of my life: of whom shall I be afraid?
4 One thing I have asked of the Lord, this will I seek after; that I may dwell in the house of the Lord all the days of my life. That I may see the delight of the Lord, and may visit his temple.
13 I believe to see the good things of the Lord in the land of the living.
14 Expect the Lord, do manfully, and let thy heart take courage, and wait thou for the Lord."
2024-12-06,catholic_leaf_archive,dated Catholic lectionary response archive,https://www.catholicleaf.com/mass-readings-and-reflection-dec-06-2024/,"Psalm 27:1, 4, 13-14 (R. 1a)","ps27:1,4,13-14(r.1a)",The Lord is my light and my salvation.,
2024-12-07,catholic_gallery_douay_archive,Douay-Rheims dated Mass-reading archive,https://www.catholicgallery.org/mass-reading/071224/,"Psalms 147: 1-2, 3-4, 5-6","ps147:1-2,3-4,5-6",Blessed are all who wait for the Lord.,"1 Praise ye the Lord, because psalm is good: to our God be joyful and comely praise.
2 The Lord buildeth up Jerusalem: he will gather together the dispersed of Israel.
3 Who healeth the broken of heart, and bindeth up their bruises.
4 Who telleth the number of the stars: and calleth them all by their names.
5 Great is our Lord, and great is his power: and of his wisdom there is no number.
6 The Lord lifteth up the meek, and bringeth the wicked down even to the ground."
2024-12-07,catholic_leaf_archive,dated Catholic lectionary response archive,https://www.catholicleaf.com/mass-readings-and-reflection-dec-07-2024/,"Psalm 147:1-2, 3-4, 5-6 (R. see Isaiah 30:18)","ps147:1-2,3-4,5-6(r.isaiah30:18)",Blessed are all those who wait for the Lord.,
2024-12-08,catholic_gallery_douay_archive,Douay-Rheims dated Mass-reading archive,https://www.catholicgallery.org/mass-reading/081224/,"Psalms 126: 1-2, 2-3, 4-5, 6","ps126:1-2,2-3,4-5,6",The Lord has done great things for us; we are filled with joy.,"1 When the lord brought back the captivity of Sion, we became like men comforted.
2ab Then was our mouth filled with gladness; and our tongue with joy.
2cd Then shall they say among the Gentiles: The Lord hath done great things for them.
3 The Lord hath done great things for us: we are become joyful.
4 Turn again our captivity, O Lord, as a stream in the south.
5 They that sow in tears shall reap in joy.
6 Going they went and wept, casting their seeds. But coming they shall come with joyfulness, carrying their sheaves."
2024-12-08,catholic_leaf_archive,dated Catholic lectionary response archive,https://www.catholicleaf.com/mass-readings-and-reflections-dec-08-2024/,"Psalm 126:1-2, 2-3, 4-5, 6","ps126:1-2,2-3,4-5,6",The Lord has done great things for us; we are filled with joy.,
2024-12-09,catholic_gallery_douay_archive,Douay-Rheims dated Mass-reading archive,https://www.catholicgallery.org/mass-reading/091224/,"Psalms 98: 1, 2-3ab, 3cd-4","ps98:1,2-3ab,3cd-4","Sing to the Lord a new song, for he has done marvelous deeds.","1 Sing ye to the Lord anew canticle: because he hath done wonderful things. His right hand hath wrought for him salvation, and his arm is holy.
2 The Lord hath made known his salvation: he hath revealed his justice in the sight of the Gentiles.
3ab He hath remembered his mercy his truth toward the house of Israel.
3cd All the ends of the earth have seen the salvation of our God.
4 Sing joyfully to God, all the earth; make melody, rejoice and sing."
2024-12-09,catholic_leaf_archive,dated Catholic lectionary response archive,https://www.catholicleaf.com/mass-readings-and-reflection-dec-09-2024/,"Psalm 98:1, 2-3ab, 3cd-4 (R. 1ab)","ps98:1,2-3ab,3cd-4(r.1ab)","Sing to the Lord a new song, for he has done marvellous deeds.",
2024-12-10,catholic_gallery_douay_archive,Douay-Rheims dated Mass-reading archive,https://www.catholicgallery.org/mass-reading/101224/,"Psalms 96: 1-2, 3 and 10ac, 11-12, 13","ps96:1-2,3,10ac,11-12,13",The Lord our God comes with power.,"1 Sing ye to the Lord a new canticle: sing to the Lord, all the earth.
2 Sing ye to the Lord and bless his name: shew forth his salvation from day to day.
3 Declare his glory among the Gentiles: his wonders among all people.
10 Say ye among the Gentiles, the Lord hath reigned. he will judge the people with justice.
11 Let the heavens rejoice, and let the earth be glad, let the sea be moved, and the fulness thereof:
12 The fields and all things that are in them shall be joyful. Then shall all the trees of the woods rejoice
13 Before the face of the Lord, because he cometh: because he cometh to judge the earth. He shall judge the world with justice, and the people with his truth."
2024-12-10,catholic_leaf_archive,dated Catholic lectionary response archive,https://www.catholicleaf.com/mass-readings-and-reflection-dec-10-2024/,"Psalm 96:1-2, 3 and 10ac, 11-12, 13 (R. see Isaiah 40:10ab)","ps96:1-2,3,10ac,11-12,13(r.isaiah40:10ab)",The Lord our God comes with power.,
2024-12-11,catholic_gallery_douay_archive,Douay-Rheims dated Mass-reading archive,https://www.catholicgallery.org/mass-reading/111224/,"Psalms 103: 1-2, 3-4, 8 and 10","ps103:1-2,3-4,8,10","O bless the Lord, my soul!","1 Bless the Lord, O my soul: and let all that is within me bless his holy name.
2 Bless the Lord, O my soul, and never forget all he hath done for thee.
3 Who forgiveth all thy iniquities: who healeth all thy diseases.
4 Who redeemeth thy life from destruction: who crowneth thee with mercy and compassion.
8 The Lord is compassionate and merciful: longsuffering and plenteous in mercy.
10 He hath not dealt with us according to our sins: nor rewarded us according to our iniquities."
2024-12-11,catholic_leaf_archive,dated Catholic lectionary response archive,https://www.catholicleaf.com/mass-readings-and-reflection-dec-11-2024/,"Psalm 103:1-2, 3-4, 8 and 10 (R. 1a)","ps103:1-2,3-4,8,10(r.1a)","O bless the Lord, my soul!",
2024-12-12,catholic_gallery_douay_archive,Douay-Rheims dated Mass-reading archive,https://www.catholicgallery.org/mass-reading/121224/,"Judith 13: 18bcde, 19","judith13:18bcde,19",You are the highest honor of our race.,"18bcde Blessed art thou, O daughter, by the Lord the most high God, above all women upon the earth. Blessed be the Lord who made heaven and earth.
19 And all the people said: So be it, so be it. And Achior being called for came, and Judith said to him: The God of Israel, to whom thou gavest testimony, that he revengeth himself of his enemies, he hath cut off the head of all the unbelievers this night by my hand."
2024-12-12,catholic_leaf_archive,dated Catholic lectionary response archive,https://www.catholicleaf.com/mass-readings-and-reflection-dec-12-2024/,"Psalm 145:1 and 9, 10-11, 12-13ab (R. 8)","ps145:1,9,10-11,12-13ab(r.8)","The Lord is gracious and merciful; slow to anger, and of great kindness.",
2024-12-13,catholic_gallery_douay_archive,Douay-Rheims dated Mass-reading archive,https://www.catholicgallery.org/mass-reading/131224/,"Psalms 1: 1-2, 3, 4 and 6","ps1:1-2,3,4,6","Those who follow you, Lord, will have the light of life.","1 Blessed is the man who hath not walked in the counsel of the ungodly, nor stood in the way of sinners, nor sat in the chair of pestilence.
2 But his will is in the law of the Lord, and on his law he shall meditate day and night.
3 And he shall be like a tree which is planted near the running waters, which shall bring forth its fruit, in due season. And his leaf shall not fall off: and all whatsoever he shall do shall prosper.
4 Not so the wicked, not so: but like the dust, which the wind driveth from the face of the earth.
6 For the Lord knoweth the way of the just: and the way of the wicked shall perish."
2024-12-13,catholic_leaf_archive,dated Catholic lectionary response archive,https://www.catholicleaf.com/mass-readings-and-reflection-dec-13-2024/,"Psalm 1:1-2, 3, 4 and 6 (R. see John 8:12)","ps1:1-2,3,4,6(r.john8:12)","Those who follow you, Lord, will have the light of life.",
2024-12-14,catholic_gallery_douay_archive,Douay-Rheims dated Mass-reading archive,https://www.catholicgallery.org/mass-reading/141224/,"Psalms 80: 2ac and 3b, 15-16, 18-19","ps80:2ac,3b,15-16,18-19","Lord, make us turn to you; let us see your face and we shall be saved.","2ac Give ear, O thou that rulest Israel: Thou that sittest upon the cherubims, shine forth
3b Stir up thy might.
15 Turn again, O God of hosts, look down from heaven, and see, and visit this vineyard:
16 And perfect the same which thy right hand hath planted: and upon the son of man whom thou hast confirmed for thyself.
18 Let thy hand be upon the man of thy right hand: and upon the son of man whom thou hast confirmed for thyself.
19 And we depart not from thee, thou shalt quicken us: and we will call upon thy name."
2024-12-14,catholic_leaf_archive,dated Catholic lectionary response archive,https://www.catholicleaf.com/mass-readings-and-reflection-dec-14-2024/,"Psalm 80:2ac & 3b, 15-16a, 18-19 (R. 4)","ps80:2ac&3b,15-16a,18-19(r.4)","O God, bring us back; let your face shine on us, and we shall be saved",
2024-12-15,catholic_gallery_douay_archive,Douay-Rheims dated Mass-reading archive,https://www.catholicgallery.org/mass-reading/151224/,"Isaiah 12: 2-3, 4, 5-6","isaiah12:2-3,4,5-6",Cry out with joy and gladness: for among you is the great and Holy One of Israel.,"2 Behold, God is my saviour, I will deal confidently, and will not fear: O because the Lord is my strength, and my praise, and he is become my salvation.
3 You shall draw waters with joy out of the saviour’s fountains:
4 And you shall say in that day: Praise ye the Lord, and call upon his name: make his works known among the people: remember that his name is high.
5 Sing ye to the Lord, for he hath done great things: shew this forth in all the earth.
6 Rejoice, and praise, O thou habitation of Sion: for great is he that is in the midst of thee, the Holy One of Israel."
2024-12-16,catholic_gallery_douay_archive,Douay-Rheims dated Mass-reading archive,https://www.catholicgallery.org/mass-reading/161224/,"Psalms 25: 4-5ab, 6 and 7bc, 8-9","ps25:4-5ab,6,7bc,8-9","Teach me your ways, O Lord.","4 Let all them be confounded that act unjust things without cause. shew, O Lord, thy ways to me, and teach me thy paths.
5ab Direct me in thy truth, and teach me; for thou art God my Saviour.
6 Remember, O Lord, thy bowels of compassion; and thy mercies that are from the beginning of the world.
7bc According to thy mercy remember thou me: for thy goodness’ sake, O Lord.
8 The Lord is sweet and righteous: therefore he will give a law to sinners in the way.
9 He will guide the mild in judgment: he will teach the meek his ways."
2024-12-16,catholic_leaf_archive,dated Catholic lectionary response archive,https://www.catholicleaf.com/mass-readings-and-reflection-dec-16-2024/,"Psalm 25:4-5ab, 6 and 7bc, 8-9 (R. 4)","ps25:4-5ab,6,7bc,8-9(r.4)","Teach me your ways, O Lord.",
2024-12-17,catholic_gallery_douay_archive,Douay-Rheims dated Mass-reading archive,https://www.catholicgallery.org/mass-reading/171224/,"Psalms 72: 1-2, 3-4ab, 7-8, 17","ps72:1-2,3-4ab,7-8,17","Justice shall flourish in his time, and fullness of peace for ever.","1, 2 Give to the king thy judgment, O God: and to the king’s son thy justice: To judge thy people with justice, and thy poor with judgment.
3 Let the mountains receive peace for the people: and the hills justice.
4ab He shall judge the poor of the people, and he shall save the children of the poor.
7 In his days shall justice spring up, and abundance of peace, till the moon be taken sway.
8 And he shall rule from sea to sea, and from the river unto the ends of the earth.
17 Let his name be blessed for evermore: his name continueth before the sun. And in him shall all the tribes of the earth be blessed: all nations shall magnify him."
2024-12-17,catholic_leaf_archive,dated Catholic lectionary response archive,https://www.catholicleaf.com/mass-readings-and-reflection-dec-17-2024/,"Psalm 72:1-2, 3-4ab, 7-8, 17 (R. see 7)","ps72:1-2,3-4ab,7-8,17(r.7)","Justice shall flourish in his time, and fullness of peace for ever.",
2024-12-18,catholic_gallery_douay_archive,Douay-Rheims dated Mass-reading archive,https://www.catholicgallery.org/mass-reading/181224/,"Psalms 72: 1-2, 12-13, 18-19","ps72:1-2,12-13,18-19","Justice shall flourish in his time, and fullness of peace for ever.","1, 2 Give to the king thy judgment, O God: and to the king’s son thy justice: To judge thy people with justice, and thy poor with judgment.
12 For he shall deliver the poor from the mighty: and the needy that had no helper.
13 He shall spare the poor and needy: and he shall save the souls of the poor.
18 Blessed be the Lord, the God of Israel, who alone doth wonderful things.
19 And blessed be the name of his majesty for ever: and the whole earth shall be filled with his majesty. So be it. So be it."
2024-12-18,catholic_leaf_archive,dated Catholic lectionary response archive,https://www.catholicleaf.com/mass-readings-and-reflection-dec-18-2024/,"Psalm 72:1-2, 12-13, 18-19 (R. see 7)","ps72:1-2,12-13,18-19(r.7)","Justice shall flourish in his time, and fullness of peace for ever.",
2024-12-19,catholic_gallery_douay_archive,Douay-Rheims dated Mass-reading archive,https://www.catholicgallery.org/mass-reading/191224/,"Psalms 71: 3-4a, 5-6ab, 16-17","ps71:3-4a,5-6ab,16-17","My mouth shall be filled with your praise, and I will sing your glory!","3 Be thou unto me a God, a protector, and a place of strength: that thou mayst make me safe. For thou art my firmament and my refuge.
4a Deliver me, O my God, out of the hand of the sinner.
5 For thou art my patience, O Lord: my hope, O Lord, from my youth;
6ab By thee have I been confirmed from the womb: from my mother’s womb thou art my protector.
16 I will enter into the powers of the Lord: O Lord, I will be mindful of thy justice alone.
17 Thou hast taught me, O God, from my youth: and till now I will declare thy wonderful works."
2024-12-19,catholic_leaf_archive,dated Catholic lectionary response archive,https://www.catholicleaf.com/mass-readings-and-reflection-dec-19-2024/,"Psalm 71:3-4a, 5-6ab, 16-17 (R. see 8)","ps71:3-4a,5-6ab,16-17(r.8)","My mouth shall be filled with your praise, and I will sing your glory!",
2024-12-20,catholic_gallery_douay_archive,Douay-Rheims dated Mass-reading archive,https://www.catholicgallery.org/mass-reading/201224/,"Psalms 24: 1-2, 3-4ab, 5-6","ps24:1-2,3-4ab,5-6",Let the Lord enter; he is the king of glory.,"1 On the first day of the week, a psalm for David. The earth is the Lord’s and the fulness thereof: the world, and all they that dwell therein.
2 For he hath founded it upon the seas; and hath prepared it upon the rivers.
3 Who shall ascend into the mountain of the Lord: or who shall stand in his holy place?
4 The innocent in hands, and clean of heart, who hath not taken his soul in vain.
5 He shall receive a blessing from the Lord, and mercy from God his Saviour.
6 This is the generation of them that seek him, of them that seek the face of the God of Jacob."
2024-12-20,catholic_leaf_archive,dated Catholic lectionary response archive,https://www.catholicleaf.com/mass-readings-and-reflection-dec-20-2024/,"Psalm 24:1-2, 3-4ab, 5-6 (R. see 7c and 10b)","ps24:1-2,3-4ab,5-6(r.7c,10b)",Let the Lord enter; he is the king of glory!,
2024-12-21,catholic_gallery_douay_archive,Douay-Rheims dated Mass-reading archive,https://www.catholicgallery.org/mass-reading/211224/,"Psalms 33: 2-3, 11-12, 20-21","ps33:2-3,11-12,20-21","Exult, you just, in the Lord! Sing to him a new song.","2 Give praise to the Lord on the harp; sing to him with the psaltery, the instrument of ten strings.
3 Sing to him a new canticle, sing well unto him with a loud noise.
11 But the counsel of the Lord standeth for ever: the thoughts of his heart to all generations.
12 Blessed is the nation whose God is the Lord: the people whom he hath chosen for his inheritance.
20 Our soul waiteth for the Lord: for he is our helper and protector.
21 For in him our heart shall rejoice: and in his holy name we have trusted."
2024-12-21,catholic_leaf_archive,dated Catholic lectionary response archive,https://www.catholicleaf.com/mass-readings-and-reflection-dec-21-2024/,"Psalm 33:2-3, 11-12, 20-21 (R. 1a, 3a)","ps33:2-3,11-12,20-21(r.1a,3a)","Ring out your joy to the Lord, O you just; O Sing him a song that is new",
2024-12-22,catholic_gallery_douay_archive,Douay-Rheims dated Mass-reading archive,https://www.catholicgallery.org/mass-reading/221224/,"Psalms 80: 2-3, 15-16, 18-19","ps80:2-3,15-16,18-19","Lord, make us turn to you; let us see your face and we shall be saved.","2 Give ear, O thou that rulest Israel: thou that leadest Joseph like a sheep. Thou that sittest upon the cherubims, shine forth
3 Before Ephraim, Benjamin, and Manasses. Stir up thy might, and come to save us.
15 Turn again, O God of hosts, look down from heaven, and see, and visit this vineyard:
16 And perfect the same which thy right hand hath planted: and upon the son of man whom thou hast confirmed for thyself.
18 Let thy hand be upon the man of thy right hand: and upon the son of man whom thou hast confirmed for thyself.
19 And we depart not from thee, thou shalt quicken us: and we will call upon thy name."
2024-12-22,catholic_leaf_archive,dated Catholic lectionary response archive,https://www.catholicleaf.com/mass-readings-and-reflections-dec-22-2024/,"Psalm 80:2-3, 15-16, 18-19 (R. 4)","ps80:2-3,15-16,18-19(r.4)","Lord, make us turn to you; let us see your face and we shall be saved.",
2024-12-23,catholic_gallery_douay_archive,Douay-Rheims dated Mass-reading archive,https://www.catholicgallery.org/mass-reading/231224/,"Psalms 25: 4-5ab, 8-9, 10 and 14","ps25:4-5ab,8-9,10,14",Lift up your heads and see; your redemption is near at hand.,"4 Let all them be confounded that act unjust things without cause. shew, O Lord, thy ways to me, and teach me thy paths.
5ab Direct me in thy truth, and teach me; for thou art God my Saviour.
8 The Lord is sweet and righteous: therefore he will give a law to sinners in the way.
9 He will guide the mild in judgment: he will teach the meek his ways.
10 All the ways of the Lord are mercy and truth, to them that seek after his covenant and his testimonies.
14 The Lord is a firmament to them that fear him: and his covenant shall be made manifest to them."
2024-12-23,catholic_leaf_archive,dated Catholic lectionary response archive,https://www.catholicleaf.com/mass-readings-and-reflection-dec-23-2024/,"Psalm 25:4-5ab, 8-9, 10 and 14 (R. see Luke 21:28)","ps25:4-5ab,8-9,10,14(r.luke21:28)",Lift up your heads and see; your redemption is near at hand.,
2024-12-24,catholic_gallery_douay_archive,Douay-Rheims dated Mass-reading archive,https://www.catholicgallery.org/mass-reading/241224/,"Psalms 89: 2-3, 4-5, 27 and 29","ps89:2-3,4-5,27,29",For ever I will sing the goodness of the Lord.,"2 The mercies of the Lord I will sing for ever. I will shew forth thy truth with my mouth to generation and generation.
3 For thou hast said: Mercy shall be built up for ever in the heavens: thy truth shall be prepared in them.
4 I have made a covenant with my elect: I have sworn to David my servant:
5 Thy seed will I settle for ever. And I will build up thy throne unto generation and generation.
27 He shall cry out to me: Thou art my father: my God, and the support of my salvation.
29 I will keep my mercy for him for ever: and my covenant faithful to him."
2024-12-24,catholic_leaf_archive,dated Catholic lectionary response archive,https://www.catholicleaf.com/mass-readings-and-reflection-dec-24-2024/,"Psalm 89:2-3, 4-5, 27 and 29 (R. 2)","ps89:2-3,4-5,27,29(r.2)",For ever I will sing the goodness of the Lord,
2024-12-25,catholic_gallery_douay_archive,Douay-Rheims dated Mass-reading archive,https://www.catholicgallery.org/mass-reading/251224/,"Psalms 98: 1, 2-3, 3-4, 5-6","ps98:1,2-3,3-4,5-6",All the ends of the earth have seen the saving power of God.,"1 Sing ye to the Lord anew canticle: because he hath done wonderful things. His right hand hath wrought for him salvation, and his arm is holy.
2 The Lord hath made known his salvation: he hath revealed his justice in the sight of the Gentiles.
3ab He hath remembered his mercy his truth toward the house of Israel.
3cd All the ends of the earth have seen the salvation of our God.
4 Sing joyfully to God, all the earth; make melody, rejoice and sing.
5 Sing praise to the Lord on the harp, on the harp, and with the voice of a psalm:
6 With long trumpets, and sound of comet. Make a joyful noise before the Lord our king:"
2024-12-25,catholic_leaf_archive,dated Catholic lectionary response archive,https://www.catholicleaf.com/mass-readings-and-reflection-dec-25-2024/,"Psalm 98:1, 2-3, 3-4, 5-6 (R. 3c)","ps98:1,2-3,3-4,5-6(r.3c)",All the ends of the earth have seen the saving power of God,
2024-12-26,catholic_gallery_douay_archive,Douay-Rheims dated Mass-reading archive,https://www.catholicgallery.org/mass-reading/261224/,"Psalms 31: 3cd-4, 6 and 8ab, 16bc and 17","ps31:3cd-4,6,8ab,16bc,17","Into your hands, O Lord, I commend my spirit.","3cd Be thou unto me a God, a protector, and a house of refuge, to save me.
4 For thou art my strength and my refuge; and for thy name’s sake thou wilt lead me, and nourish me.
6 Into thy hands I commend my spirit: thou hast redeemed me, O Lord, the God of truth.
8ab I will be glad and rejoice in thy mercy.
16bc Deliver me out of the hands of my enemies; and from them that persecute me.
17 Make thy face to shine upon thy servant; save me in thy mercy."
2024-12-26,catholic_leaf_archive,dated Catholic lectionary response archive,https://www.catholicleaf.com/mass-readings-and-reflection-dec-26-2024/,"Psalm 31:3cd-4, 6 and 8ab, 16bc and 17 (R. 6)","ps31:3cd-4,6,8ab,16bc,17(r.6)","Into your hands, O Lord, I commend my spirit.",
2024-12-27,catholic_gallery_douay_archive,Douay-Rheims dated Mass-reading archive,https://www.catholicgallery.org/mass-reading/271224/,"Psalms 97: 1-2, 5-6, 11-12","ps97:1-2,5-6,11-12","Rejoice in the Lord, you just!","1 The Lord hath reigned, let the earth rejoice: let many islands be glad.
2 Clouds and darkness are round about him: justice and judgment are the establishment of his throne.
5 The mountains melted like wax, at the presence of the Lord: at the presence of the Lord of all the earth.
6 The heavens declared his justice: and all people saw his glory.
11 Light is risen to the just, and joy to the right of heart.
12 Rejoice, ye just, in the Lord: and give praise to the remembrance of his holiness."
2024-12-27,catholic_leaf_archive,dated Catholic lectionary response archive,https://www.catholicleaf.com/mass-readings-and-reflection-dec-27-2024/,"Psalm 97:1-2, 5-6, 11-12 (R. 12)","ps97:1-2,5-6,11-12(r.12)","Rejoice in the Lord, you just!",
2024-12-28,catholic_gallery_douay_archive,Douay-Rheims dated Mass-reading archive,https://www.catholicgallery.org/mass-reading/281224/,"Psalms 124: 2-3, 4-5, 7b-8","ps124:2-3,4-5,7b-8",Our soul has been rescued like a bird from the fowler’s snare.,"2 If it had not been that the Lord was with us, When men rose up against us,
3 Perhaps they had swallowed us up alive. When their fury was enkindled against us,
4 Perhaps the waters had swallowed us up.
5 Our soul hath passed through a torrent: perhaps our soul had passed through a water insupportable.
7b The snare is broken, and we are delivered.
8 Our help is in the name of the Lord, who made heaven and earth."
2024-12-28,catholic_leaf_archive,dated Catholic lectionary response archive,https://www.catholicleaf.com/mass-readings-and-reflection-dec-28-2024/,"Psalm 124:2-3, 4-5, 7cd-8 (R. 7)","ps124:2-3,4-5,7cd-8(r.7)",Our soul has been rescued like a bird from the fowler’s snare.,
2024-12-29,catholic_gallery_douay_archive,Douay-Rheims dated Mass-reading archive,https://www.catholicgallery.org/mass-reading/291224/,"Psalms 84: 2-3, 5-6, 9-10 or Psalms 128: 1-2, 3, 4-5","ps84:2-3,5-6,9-10orpsalms128:1-2,3,4-5","Blessed are they who dwell in your house, O Lord.","2 How lovely are thy tabernacles, O Lord of host!
3 My soul longeth and fainteth for the courts of the Lord. My heart and my flesh have rejoiced in the living God.
5 Blessed are they that dwell in thy house, O Lord: they shall praise thee for ever and ever.
6 Blessed is the man whose help is from thee: in his heart he hath disposed to ascend by steps,
9 O Lord God of hosts, hear my prayer: give ear, O God of Jacob.
10 Behold, O God our protector: and look on the face of thy Christ.
Or
1 Blessed are all they that fear the Lord: that walk in his ways.
2 For thou shalt eat the labours of thy hands: blessed art thou, and it shall be well with thee.
3 Thy wife as a fruitful vine, on the sides of thy house.
4 Behold, thus shall the man be blessed that feareth the Lord.
5 May the Lord bless thee out of Sion: and mayest thou see the good things of Jerusalem all the days of thy life."
2024-12-29,catholic_leaf_archive,dated Catholic lectionary response archive,https://www.catholicleaf.com/mass-readings-and-reflection-dec-29-2024/,"Psalm 84:2-3, 5-6, 9-10 (R. 5a)","ps84:2-3,5-6,9-10(r.5a)","Blessed are they who dwell in your house, O Lord.",
2024-12-30,catholic_gallery_douay_archive,Douay-Rheims dated Mass-reading archive,https://www.catholicgallery.org/mass-reading/301224/,"Psalms 96: 7-8a, 8b-9, 10","ps96:7-8a,8b-9,10",Let the heavens be glad and the earth rejoice!,"7 Bring ye to the Lord, O ye kindreds of the Gentiles, bring ye to the Lord glory and honour:
8a Bring to the Lord glory unto his name.
8b Bring up sacrifices, and come into his courts:
9 Adore ye the Lord in his holy court. Let all the earth be moved at his presence.
10 Say ye among the Gentiles, the Lord hath reigned. For he hath corrected the world, which shall not be moved: he will judge the people with justice."
2024-12-30,catholic_leaf_archive,dated Catholic lectionary response archive,https://www.catholicleaf.com/mass-readings-and-reflection-dec-30-2024/,"Psalm 96:7-8a, 8b-9, 10 (R. 11a)","ps96:7-8a,8b-9,10(r.11a)",Let the heavens be glad and the earth rejoice!,
2024-12-31,catholic_gallery_douay_archive,Douay-Rheims dated Mass-reading archive,https://www.catholicgallery.org/mass-reading/311224/,"Psalms 96: 1-2, 11-12, 13","ps96:1-2,11-12,13",Let the heavens be glad and the earth rejoice!,"1 Sing ye to the Lord a new canticle: sing to the Lord, all the earth.
2 Sing ye to the Lord and bless his name: shew forth his salvation from day to day.
11 Let the heavens rejoice, and let the earth be glad, let the sea be moved, and the fulness thereof:
12 The fields and all things that are in them shall be joyful. Then shall all the trees of the woods rejoice
13 Before the face of the Lord, because he cometh: because he cometh to judge the earth. He shall judge the world with justice, and the people with his truth."
2024-12-31,catholic_leaf_archive,dated Catholic lectionary response archive,https://www.catholicleaf.com/mass-readings-and-reflection-dec-31-2024/,"Psalm 96:1-2, 11-12, 13 (R. 11a)","ps96:1-2,11-12,13(r.11a)",Let the heavens be glad and the earth rejoice!,
2025-01-01,catholic_gallery_douay_archive,Douay-Rheims dated Mass-reading archive,https://www.catholicgallery.org/mass-reading/010125/,"Psalms 67: 2-3, 5, 6, 8","ps67:2-3,5,6,8",May God bless us in his mercy.,"2 May God have mercy on us, and bless us: may he cause the light of his countenance to shine upon us, and may he have mercy on us.
3 That we may know thy way upon earth: thy salvation in all nations.
5 Let the nations be glad and rejoice: for thou judgest the people with justice, and directest the nations upon earth.
6 Let the people, O God, confess to thee: let all the people give praise to thee:
8 May God bless us: and all the ends of the earth fear him."
2025-01-01,catholic_leaf_archive,dated Catholic lectionary response archive,https://www.catholicleaf.com/mass-readings-and-reflections-jan-01-2025/,"Psalm 67:2-3, 5, 6, 8 (R. 2a)","ps67:2-3,5,6,8(r.2a)",May God bless us in his mercy.,
2025-01-02,catholic_gallery_douay_archive,Douay-Rheims dated Mass-reading archive,https://www.catholicgallery.org/mass-reading/020125/,"Psalms 98: 1, 2-3ab, 3cd-4","ps98:1,2-3ab,3cd-4",All the ends of the earth have seen the saving power of God.,"1 Sing ye to the Lord anew canticle: because he hath done wonderful things. His right hand hath wrought for him salvation, and his arm is holy.
2 The Lord hath made known his salvation: he hath revealed his justice in the sight of the Gentiles.
3ab He hath remembered his mercy his truth toward the house of Israel.
3cd All the ends of the earth have seen the salvation of our God.
4 Sing joyfully to God, all the earth; make melody, rejoice and sing."
2025-01-02,catholic_leaf_archive,dated Catholic lectionary response archive,https://www.catholicleaf.com/mass-readings-and-reflection-jan-02-2025/,"Psalm 98:1, 2-3ab, 3cd-4 (R. 3cd)","ps98:1,2-3ab,3cd-4(r.3cd)",All the ends of the earth have seen the saving power of God.,
2025-01-03,catholic_gallery_douay_archive,Douay-Rheims dated Mass-reading archive,https://www.catholicgallery.org/mass-reading/030125/,"Psalms 98: 1, 3cd-4, 5-6","ps98:1,3cd-4,5-6",All the ends of the earth have seen the saving power of God.,"1 Sing ye to the Lord anew canticle: because he hath done wonderful things. His right hand hath wrought for him salvation, and his arm is holy.
3cd All the ends of the earth have seen the salvation of our God.
4 Sing joyfully to God, all the earth; make melody, rejoice and sing.
5 Sing praise to the Lord on the harp, on the harp, and with the voice of a psalm:
6 With long trumpets, and sound of comet. Make a joyful noise before the Lord our king:"
2025-01-03,catholic_leaf_archive,dated Catholic lectionary response archive,https://www.catholicleaf.com/mass-readings-and-reflection-jan-03-2025/,"Psalm 98:1, 3cd-4, 5-6 (R. 3cd)","ps98:1,3cd-4,5-6(r.3cd)",All the ends of the earth have seen the saving power of God.,
2025-01-04,catholic_gallery_douay_archive,Douay-Rheims dated Mass-reading archive,https://www.catholicgallery.org/mass-reading/040125/,"Psalms 98: 1, 7-8, 9","ps98:1,7-8,9",All the ends of the earth have seen the saving power of God.,"1 Sing ye to the Lord anew canticle: because he hath done wonderful things. His right hand hath wrought for him salvation, and his arm is holy.
7 Let the sea be moved and the fulness thereof: the world and they that dwell therein.
8 The rivers shall clap their hands, the mountains shall rejoice together
9 At the presence of the Lord: because he cometh to judge the earth. He shall judge the world with justice, and the people with equity."
2025-01-04,catholic_leaf_archive,dated Catholic lectionary response archive,https://www.catholicleaf.com/mass-readings-and-reflection-jan-04-2025/,"Psalm 98:1, 7-9ab, 9cd (R. 3cd)","ps98:1,7-9ab,9cd(r.3cd)",All the ends of the earth have seen the saving power of God.,
2025-01-05,catholic_gallery_douay_archive,Douay-Rheims dated Mass-reading archive,https://www.catholicgallery.org/mass-reading/050125/,"Psalms 72: 1-2, 7-8, 10-11, 12-13","ps72:1-2,7-8,10-11,12-13","Lord, every nation on earth will adore you.","1-2 Give to the king thy judgment, O God: and to the king’s son thy justice: To judge thy people with justice, and thy poor with judgment.
7 In his days shall justice spring up, and abundance of peace, till the moon be taken sway.
8 And he shall rule from sea to sea, and from the river unto the ends of the earth.
10 The kings of Tharsis and the islands shall offer presents: the kings of the Arabians and of Saba shall bring gifts:
11 And all kings of the earth shall adore him: all nations shall serve him.
12 For he shall deliver the poor from the mighty: and the needy that had no helper.
13 He shall spare the poor and needy: and he shall save the souls of the poor."
2025-01-05,catholic_leaf_archive,dated Catholic lectionary response archive,https://www.catholicleaf.com/mass-readings-and-reflections-jan-05-2025/,"Psalm 72:1-2, 7-8, 10-11, 12-13 (R. See 11)","ps72:1-2,7-8,10-11,12-13(r.11)","Lord, every nation on earth will adore you.",
2025-01-06,catholic_gallery_douay_archive,Douay-Rheims dated Mass-reading archive,https://www.catholicgallery.org/mass-reading/060125/,"Psalms 2: 7bc-8, 10-11","ps2:7bc-8,10-11",I will give you all the nations for an inheritance.,"7bc The Lord hath said to me: Thou art my son, this day have I begotten thee.
8 Ask of me, and I will give thee the Gentiles for thy inheritance, and the utmost parts of the earth for thy possession.
10 And now, O ye kings, understand: receive instruction, you that judge the earth.
11 Serve ye the Lord with fear: and rejoice unto him with trembling."
2025-01-06,catholic_leaf_archive,dated Catholic lectionary response archive,https://www.catholicleaf.com/mass-readings-and-reflection-jan-06-2025/,"Psalm 2:7bc-8, 10-12a (R. 8ab)","ps2:7bc-8,10-12a(r.8ab)",I will give you all the nations for an inheritance.,
2025-01-07,catholic_gallery_douay_archive,Douay-Rheims dated Mass-reading archive,https://www.catholicgallery.org/mass-reading/070125/,"Psalms 72: 1-2, 3-4, 7-8","ps72:1-2,3-4,7-8","Lord, every nation on earth will adore you.","1-2 Give to the king thy judgment, O God: and to the king’s son thy justice: To judge thy people with justice, and thy poor with judgment.
3 Let the mountains receive peace for the people: and the hills justice.
4 He shall judge the poor of the people, and he shall save the children of the poor: and he shall humble the oppressor.
7 In his days shall justice spring up, and abundance of peace, till the moon be taken sway.
8 And he shall rule from sea to sea, and from the river unto the ends of the earth."
2025-01-07,catholic_leaf_archive,dated Catholic lectionary response archive,https://www.catholicleaf.com/mass-readings-and-reflection-jan-07-2025/,"Psalm 72:1-2, 3-4, 7-8 (R. see 11)","ps72:1-2,3-4,7-8(r.11)","Lord, every nation on earth will adore you.",
2025-01-08,catholic_gallery_douay_archive,Douay-Rheims dated Mass-reading archive,https://www.catholicgallery.org/mass-reading/080125/,"Psalms 72: 1-2, 10, 12-13","ps72:1-2,10,12-13","Lord, every nation on earth will adore you.","1-2 Give to the king thy judgment, O God: and to the king’s son thy justice: To judge thy people with justice, and thy poor with judgment.
10 The kings of Tharsis and the islands shall offer presents: the kings of the Arabians and of Saba shall bring gifts:
12 For he shall deliver the poor from the mighty: and the needy that had no helper.
13 He shall spare the poor and needy: and he shall save the souls of the poor."
2025-01-08,catholic_leaf_archive,dated Catholic lectionary response archive,https://www.catholicleaf.com/mass-readings-and-reflection-jan-08-2025/,"Psalm 72:1-2, 10, 12-13 (R. see 11)","ps72:1-2,10,12-13(r.11)","Lord, every nation on earth will adore you.",
2025-01-09,catholic_gallery_douay_archive,Douay-Rheims dated Mass-reading archive,https://www.catholicgallery.org/mass-reading/090125/,"Psalms 72: 1-2, 14 and 15bc, 17","ps72:1-2,14,15bc,17","Lord, every nation on earth will adore you.","1-2 Give to the king thy judgment, O God: and to the king’s son thy justice: To judge thy people with justice, and thy poor with judgment.
14 He shall redeem their souls from usuries and iniquity: and their names shall be honourable in his sight.
15bc For him they shall always adore: they shall bless him all the day.
17 Let his name be blessed for evermore: his name continueth before the sun. And in him shall all the tribes of the earth be blessed: all nations shall magnify him."
2025-01-09,catholic_leaf_archive,dated Catholic lectionary response archive,https://www.catholicleaf.com/mass-readings-and-reflection-jan-09-2025/,"Psalm 72:1-2, 14 and 15bc, 17 (R. see 11)","ps72:1-2,14,15bc,17(r.11)","Lord, every nation on earth will adore you.",
2025-01-10,catholic_gallery_douay_archive,Douay-Rheims dated Mass-reading archive,https://www.catholicgallery.org/mass-reading/100125/,"Psalms 147: 12-13, 14-15, 19-20","ps147:12-13,14-15,19-20","Praise the Lord, Jerusalem.","or
12 Praise the Lord, O Jerusalem: praise thy God, O Sion.
13 Because he hath strengthened the bolts of thy gates, he hath blessed thy children within thee.
or
14 Who hath placed peace in thy borders: and filleth thee with the fat of corn.
15 Who sendeth forth his speech to the earth: his word runneth swiftly.
or
19 Who declareth his word to Jacob: his justices and his judgments to Israel.
20 He hath not done in like manner to every nation: and his judgments he hath not made manifest to them. Alleluia.
or"
2025-01-10,catholic_leaf_archive,dated Catholic lectionary response archive,https://www.catholicleaf.com/mass-readings-and-reflection-jan-10-2025/,"Psalm 147:12-13, 14-15, 19-20 (R. 12a)","ps147:12-13,14-15,19-20(r.12a)","Praise the Lord, Jerusalem.",
2025-01-11,catholic_gallery_douay_archive,Douay-Rheims dated Mass-reading archive,https://www.catholicgallery.org/mass-reading/110125/,"Psalms 149: 1-2, 3-4, 5 and 6a and 9b","ps149:1-2,3-4,5,6a,9b",The Lord takes delight in his people.,"or
1 Sing ye to the Lord a new canticle: let his praise be in the church of the saints.
2 Let Israel rejoice in him that made him: and let the children of Sion be joyful in their king.
or
3 Let them praise his name in choir: let them sing to him with the timbrel and the psaltery.
4 For the Lord is well pleased with his people: and he will exalt the meek unto salvation.
or
5 The saints shall rejoice in glory: they shall be joyful in their beds.
6a The high praise of God shall be in their mouth.
9b This glory is to all his saints. Alleluia.
or"
2025-01-11,catholic_leaf_archive,dated Catholic lectionary response archive,https://www.catholicleaf.com/mass-readings-and-reflection-jan-11-2025/,"Psalm 149:1b-2,3-4,5-6a and 9b (R.4a)","ps149:1b-2,3-4,5-6a,9b(r.4a)",The Lord takes delight in his people or Alleluia,
2025-01-12,catholic_gallery_douay_archive,Douay-Rheims dated Mass-reading archive,https://www.catholicgallery.org/mass-reading/120125/,"Psalms 104: 1b-2, 3-4, 24-25, 27-28, 29-30","ps104:1b-2,3-4,24-25,27-28,29-30","O bless the Lord, my soul.","1b O Lord my God, thou art exceedingly great. Thou hast put on praise and beauty:
2 And art clothed with light as with a garment. Who stretchest out the heaven like a pavilion:
3 Who coverest the higher rooms thereof with water. Who makest the clouds thy chariot: who walkest upon the wings of the winds.
4 Who makest thy angels spirits: and thy ministers a burning fire.
24 How great are thy works, O Lord? thou hast made all things in wisdom: the earth is filled with thy riches.
25 So is this great sea, which stretcheth wide its arms: there are creeping things without number: Creatures little and great.
27 All expect of thee that thou give them food in season.
28 What thou givest to them they shall gather up: when thou openest thy hand, they shall all be filled with good.
29 But if thou turnest away thy face, they shall be troubled: thou shalt take away their breath, and they shall fail, and shall return to their dust.
30 Thou shalt send forth thy spirit, and they shall be created: and thou shalt renew the face of the earth."
2025-01-12,catholic_leaf_archive,dated Catholic lectionary response archive,https://www.catholicleaf.com/mass-readings-and-reflection-jan-12-2025/,"Psalm 104:1b-2, 3-4, 24-25, 27-28, 29-30 (R. 1)","ps104:1b-2,3-4,24-25,27-28,29-30(r.1)","O bless the Lord, my soul",
2025-01-13,catholic_gallery_douay_archive,Douay-Rheims dated Mass-reading archive,https://www.catholicgallery.org/mass-reading/130125/,"Psalms 97: 1 and 2b, 6 and 7c, 9","ps97:1,2b,6,7c,9",Let all his angels worship him.,"1 The Lord hath reigned, let the earth rejoice: let many islands be glad.
2b Justice and judgment are the establishment of his throne.
6 The heavens declared his justice: and all people saw his glory.
7c Adore him, all you his angels:
9 For thou art the most high Lord over all the earth: thou art exalted exceedingly above all gods."
2025-01-13,catholic_leaf_archive,dated Catholic lectionary response archive,https://www.catholicleaf.com/mass-readings-and-reflection-jan-13-2025/,"Psalm 97:1 and 2b, 6 and 7c, 9 (R. see 7c)","ps97:1,2b,6,7c,9(r.7c)",Let all his angels worship him.,
2025-01-14,catholic_gallery_douay_archive,Douay-Rheims dated Mass-reading archive,https://www.catholicgallery.org/mass-reading/140125/,"Psalms 8: 2ab and 5, 6-7, 8-9","ps8:2ab,5,6-7,8-9",You have given your Son rule over the works of your hands.,"2ab O Lord our Lord, how admirable is thy name in the whole earth!
5 What is man that thou art mindful of him? or the son of man that thou visitest him?
6 Thou hast made him a little less than the angels, thou hast crowned him with glory and honour:
7 And hast set him over the works of thy hands.
8 Thou hast subjected all things under his feet, all sheep and oxen: moreover the beasts also of the fields.
9 The birds of the air, and the fishes of the sea, that pass through the paths of the sea."
2025-01-14,catholic_leaf_archive,dated Catholic lectionary response archive,https://www.catholicleaf.com/mass-readings-and-reflection-jan-14-2025/,"Psalm 8:2ab and 5, 6-7, 8-9 (R. see 7)","ps8:2ab,5,6-7,8-9(r.7)",You have given your Son rule over the works of your hands.,
2025-01-15,catholic_gallery_douay_archive,Douay-Rheims dated Mass-reading archive,https://www.catholicgallery.org/mass-reading/150125/,"Psalms 105: 1-2, 3-4, 6-7, 8-9","ps105:1-2,3-4,6-7,8-9",The Lord remembers his covenant for ever.,"or
1 Alleluia. Give glory to the Lord, and call upon his name: declare his deeds among the Gentiles.
2 Sing to him, yea sing praises to him: relate all his wondrous works.
or
3 Glory ye in his holy name: let the heart of them rejoice that seek the Lord.
4 Seek ye the Lord, and be strengthened: seek his face evermore.
or
6 O ye seed of Abraham his servant; ye sons of Jacob his chosen.
7 He is the Lord our God: his judgments are in all the earth.
or
8 He hath remembered his covenant for ever: the word which he commanded to a thousand generations.
9 Which he made to Abraham; and his oath to Isaac:
or"
2025-01-15,catholic_leaf_archive,dated Catholic lectionary response archive,https://www.catholicleaf.com/mass-readings-and-reflection-jan-15-2025/,"Psalm 105:1-2, 3-4, 6-7, 8-9 (R. 8a)","ps105:1-2,3-4,6-7,8-9(r.8a)",The Lord remembers his covenant for ever.,
2025-01-16,catholic_gallery_douay_archive,Douay-Rheims dated Mass-reading archive,https://www.catholicgallery.org/mass-reading/160125/,"Psalms 95: 6-7c, 8-9, 10-11","ps95:6-7c,8-9,10-11","If today you hear his voice, harden not your hearts.","6 Come let us adore and fall down: and weep before the Lord that made us.
7c For he is the Lord our God: and we are the people of his pasture and the sheep of his hand.
8 Today if you shall hear his voice, harden not your hearts:
9 As in the provocation, according to the day of temptation in the wilderness: where your fathers tempted me, they proved me, and saw my works.
10 Forty years long was I offended with that generation, and I said: These always err in heart.
11 And these men have not known my ways: so I swore in my wrath that they shall not enter into my rest."
2025-01-16,catholic_leaf_archive,dated Catholic lectionary response archive,https://www.catholicleaf.com/mass-readings-and-reflection-jan-16-2025/,"Psalm 95:6-7c, 8-9, 10-11 (R. 8)","ps95:6-7c,8-9,10-11(r.8)","If today you hear his voice, harden not your hearts.",
2025-01-17,catholic_gallery_douay_archive,Douay-Rheims dated Mass-reading archive,https://www.catholicgallery.org/mass-reading/170125/,"Psalms 78: 3 and 4bc, 6c-7, 8","ps78:3,4bc,6c-7,8",Do not forget the works of the Lord!,"3 How great things have we heard and known, and our fathers have told us.
4bc They have not been hidden from their children, in another generation. Declaring the praises of the Lord, and his powers, and his wonders which he hath done.
6c The children that should be born and should rise up, and declare them to their children.
7 That they may put their hope in God and may not forget the works of God: and may seek his commandments.
8 That they may not become like their fathers, a perverse and exasperating generation. A generation that set not their heart aright: and whose spirit was not faithful to God."
2025-01-17,catholic_leaf_archive,dated Catholic lectionary response archive,https://www.catholicleaf.com/mass-readings-and-reflection-jan-17-2025/,"Psalm 78:3 & 4bc, 6c-7, 8 (R. see 7b)","ps78:3&4bc,6c-7,8(r.7b)",Do not forget the works of the Lord!,
2025-01-18,catholic_gallery_douay_archive,Douay-Rheims dated Mass-reading archive,https://www.catholicgallery.org/mass-reading/180125/,"Psalms 19: 8, 9, 10, 15","ps19:8,9,10,15","Your words, Lord, are Spirit and life.","8 The law of the Lord is unspotted, converting souls: the testimony of the Lord is faithful, giving wisdom to little ones.
9 The justices of the Lord are right, rejoicing hearts: the commandment of the Lord is lightsome, enlightening the eyes.
10 The fear of the Lord is holy, enduring for ever and ever: the judgments of the Lord are true, justified in themselves.
15 And the words of my mouth shall be such as may please: and the meditation of my heart always in thy sight. O Lord, my helper, and my redeemer."
2025-01-18,catholic_leaf_archive,dated Catholic lectionary response archive,https://www.catholicleaf.com/mass-readings-and-reflection-jan-18-2025/,"Psalm 19:8, 9, 10, 15 (R.see John 6:63c)","ps19:8,9,10,15(r.john6:63c)","Your words, O Lord, are spirit and life",
2025-01-19,catholic_gallery_douay_archive,Douay-Rheims dated Mass-reading archive,https://www.catholicgallery.org/mass-reading/190125/,"Psalms 96: 1-2a, 2b-3, 7-8, 9-10","ps96:1-2a,2b-3,7-8,9-10",Proclaim his marvelous deeds to all the nations.,"1 Sing ye to the Lord a new canticle: sing to the Lord, all the earth.
2a Sing ye to the Lord and bless his name.
2b Shew forth his salvation from day to day.
3 Declare his glory among the Gentiles: his wonders among all people.
7 Bring ye to the Lord, O ye kindreds of the Gentiles, bring ye to the Lord glory and honour:
8 Bring to the Lord glory unto his name. Bring up sacrifices, and come into his courts:
9 Adore ye the Lord in his holy court. Let all the earth be moved at his presence.
10 Say ye among the Gentiles, the Lord hath reigned. For he hath corrected the world, which shall not be moved: he will judge the people with justice."
2025-01-19,catholic_leaf_archive,dated Catholic lectionary response archive,https://www.catholicleaf.com/mass-readings-and-reflection-jan-19-2025/,"Psalm 96:1-2, 2-3, 7-8, 9-10 (R. 3)","ps96:1-2,2-3,7-8,9-10(r.3)",Proclaim his marvellous deeds to all the nations.,
2025-01-20,catholic_gallery_douay_archive,Douay-Rheims dated Mass-reading archive,https://www.catholicgallery.org/mass-reading/200125/,"Psalms 110: 1, 2, 3, 4","ps110:1,2,3,4","You are a priest for ever, in the line of Melchizedek.","1 The Lord said to my Lord: Sit thou at my right hand: Until I make thy enemies thy footstool.
2 The Lord will send forth the sceptre of thy power out of Sion: rule thou in the midst of thy enemies.
3 With thee is the principality in the day of thy strength: in the brightness of the saints: from the womb before the day star I begot thee.
4 The Lord hath sworn, and he will not repent: Thou art a priest for ever according to the order of Melchisedech."
2025-01-20,catholic_leaf_archive,dated Catholic lectionary response archive,https://www.catholicleaf.com/mass-readings-and-reflection-jan-20-2025/,"Psalm 110:1, 2, 3, 4 (R. 4b)","ps110:1,2,3,4(r.4b)","You are a priest for ever, in the line of Melchizedek.",
2025-01-21,catholic_gallery_douay_archive,Douay-Rheims dated Mass-reading archive,https://www.catholicgallery.org/mass-reading/210125/,"Psalms 111: 1-2, 4-5, 9 and 10c","ps111:1-2,4-5,9,10c",The Lord will remember his covenant for ever.,"or
1 I will praise thee, O Lord, with my whole heart; in the council of the just: and in the congregation.
2 Great are the works of the Lord: sought out according to all his wills.
or
4 He hath made a remembrance of his wonderful works, being a merciful and gracious Lord:
5 He hath given food to them that fear him. He will be mindful for ever of his covenant:
or
9 He hath sent redemption to his people: he hath commanded his covenant for ever. Holy and terrible is his name:
10c His praise continueth for ever and ever.
or"
2025-01-21,catholic_leaf_archive,dated Catholic lectionary response archive,https://www.catholicleaf.com/mass-readings-and-reflection-jan-21-2025/,"Psalm 111:1-2, 4-5, 9, 10c (R. 5)","ps111:1-2,4-5,9,10c(r.5)",The Lord will remember his covenant for ever.,
2025-01-22,catholic_gallery_douay_archive,Douay-Rheims dated Mass-reading archive,https://www.catholicgallery.org/mass-reading/220125/,"Psalms 110: 1, 2, 3, 4","ps110:1,2,3,4","You are a priest for ever, in the line of Melchizedek.","1 The Lord said to my Lord: Sit thou at my right hand: Until I make thy enemies thy footstool.
2 The Lord will send forth the sceptre of thy power out of Sion: rule thou in the midst of thy enemies.
3 With thee is the principality in the day of thy strength: in the brightness of the saints: from the womb before the day star I begot thee.
4 The Lord hath sworn, and he will not repent: Thou art a priest for ever according to the order of Melchisedech."
2025-01-22,catholic_leaf_archive,dated Catholic lectionary response archive,https://www.catholicleaf.com/mass-readings-and-reflection-jan-22-2025/,"Psalm 110:1, 2, 3, 4 (R. 4b)","ps110:1,2,3,4(r.4b)","You are a priest for ever, in the line of Melchizedek.",
2025-01-23,catholic_gallery_douay_archive,Douay-Rheims dated Mass-reading archive,https://www.catholicgallery.org/mass-reading/230125/,"Psalms 40: 7-8a, 8b-9, 10, 17","ps40:7-8a,8b-9,10,17","Here am I, Lord; I come to do your will.","7 Sacrifice and oblation thou didst not desire; but thou hast pierced ears for me. Burnt offering and sin offering thou didst not require:
8a Then said I, Behold I come.
8b In the head of the book it is written of me
9 That I should do thy will: O my God, I have desired it, and thy law in the midst of my heart.
10 I have declared thy justice in a great church, lo, I will not restrain my lips: O Lord, thou knowest it.
17 Let all that seek thee rejoice and be glad in thee: and let such as love thy salvation say always: The Lord be magnified."
2025-01-23,catholic_leaf_archive,dated Catholic lectionary response archive,https://www.catholicleaf.com/mass-readings-and-reflection-jan-23-2025/,"Psalm 40:7-8a, 8b-9, 10, 17 (R. 8a and 9a)","ps40:7-8a,8b-9,10,17(r.8a,9a)","Here am I, Lord; I come to do your will.",
2025-01-24,catholic_gallery_douay_archive,Douay-Rheims dated Mass-reading archive,https://www.catholicgallery.org/mass-reading/240125/,"Psalms 85: 8 and 10, 11-12, 13-14","ps85:8,10,11-12,13-14",Kindness and truth shall meet.,"8 shew us, O Lord, thy mercy; and grant us thy salvation.
10 Surely his salvation is near to them that fear him: that glory may dwell in our land.
11 Mercy and truth have met each other: justice and peace have kissed.
12 Truth is sprung out of the earth: and justice hath looked down from heaven.
13 For the Lord will give goodness: and our earth shall yield her fruit.
14 Justice shall walk before him: and shall set his steps in the way."
2025-01-24,catholic_leaf_archive,dated Catholic lectionary response archive,https://www.catholicleaf.com/mass-readings-and-reflection-jan-24-2025/,"Psalm 85:8, 10, 11-12, 13-14 (R. 11a)","ps85:8,10,11-12,13-14(r.11a)",Kindness and truth shall meet.,
2025-01-25,catholic_gallery_douay_archive,Douay-Rheims dated Mass-reading archive,https://www.catholicgallery.org/mass-reading/250125/,"Psalms 117: 1bc, 2","ps117:1bc,2","Go out to all the world, and tell the Good News.","or
1bc O praise the Lord, all ye nations: praise him, all ye people.
or
2 For his mercy is confirmed upon us: and the truth of the Lord remaineth for ever.
or"
2025-01-25,catholic_leaf_archive,dated Catholic lectionary response archive,https://www.catholicleaf.com/mass-readings-and-reflection-jan-25-2025/,"Psalm 117:1, 2 (R. Mark 16:15)","ps117:1,2(r.mark16:15)",Go into all the world and proclaim the gospel.,
2025-01-26,catholic_gallery_douay_archive,Douay-Rheims dated Mass-reading archive,https://www.catholicgallery.org/mass-reading/260125/,"Psalms 19: 8, 9, 10, 15","ps19:8,9,10,15","Your words, Lord, are Spirit and life.","8 The law of the Lord is unspotted, converting souls: the testimony of the Lord is faithful, giving wisdom to little ones.
9 The justices of the Lord are right, rejoicing hearts: the commandment of the Lord is lightsome, enlightening the eyes.
10 The fear of the Lord is holy, enduring for ever and ever: the judgments of the Lord are true, justified in themselves.
15 And the words of my mouth shall be such as may please: and the meditation of my heart always in thy sight. O Lord, my helper, and my redeemer."
2025-01-26,catholic_leaf_archive,dated Catholic lectionary response archive,https://www.catholicleaf.com/mass-readings-and-reflection-jan-26-2025/,"Psalm 19:8, 9, 10, 15 (R. see John 6:63c)","ps19:8,9,10,15(r.john6:63c)","Your words, Lord, are Spirit and life.",
2025-01-27,catholic_gallery_douay_archive,Douay-Rheims dated Mass-reading archive,https://www.catholicgallery.org/mass-reading/270125/,"Psalms 98: 1, 2-3ab, 3cd-4, 5-6","ps98:1,2-3ab,3cd-4,5-6","Sing to the Lord a new song, for he has done marvelous deeds.","1 Sing ye to the Lord anew canticle: because he hath done wonderful things. His right hand hath wrought for him salvation, and his arm is holy.
2 The Lord hath made known his salvation: he hath revealed his justice in the sight of the Gentiles.
3ab He hath remembered his mercy his truth toward the house of Israel.
3cd All the ends of the earth have seen the salvation of our God.
4 Sing joyfully to God, all the earth; make melody, rejoice and sing.
5 Sing praise to the Lord on the harp, on the harp, and with the voice of a psalm:
6 With long trumpets, and sound of comet. Make a joyful noise before the Lord our king:"
2025-01-27,catholic_leaf_archive,dated Catholic lectionary response archive,https://www.catholicleaf.com/mass-readings-and-reflection-jan-27-2025/,"Psalm 98:1, 2-3ab, 3cd-4, 5-6 (R. 1a)","ps98:1,2-3ab,3cd-4,5-6(r.1a)","Sing to the Lord a new song, for he has done marvellous deeds.",
2025-01-28,catholic_gallery_douay_archive,Douay-Rheims dated Mass-reading archive,https://www.catholicgallery.org/mass-reading/280125/,"Psalms 40: 2 and 4ab, 7-8a, 10, 11","ps40:2,4ab,7-8a,10,11",Here am I Lord; I come to do your will.,"2 With expectation I have waited for the Lord, and he was attentive to me.
4ab And he put a new canticle into my mouth, a song to our God.
7 Sacrifice and oblation thou didst not desire; but thou hast pierced ears for me. Burnt offering and sin offering thou didst not require:
8a Then said I, Behold I come.
10 I have declared thy justice in a great church, lo, I will not restrain my lips: O Lord, thou knowest it.
11 I have not hid thy justice within my heart: I have declared thy truth and thy salvation. I have not concealed thy mercy and thy truth from a great council."
2025-01-28,catholic_leaf_archive,dated Catholic lectionary response archive,https://www.catholicleaf.com/mass-readings-and-reflection-jan-28-2025/,"Psalm 40:2, 4ab, 7-8a, 10, 11 (R. 8a and 9a)","ps40:2,4ab,7-8a,10,11(r.8a,9a)",Here am I Lord; I come to do your will.,
2025-01-29,catholic_gallery_douay_archive,Douay-Rheims dated Mass-reading archive,https://www.catholicgallery.org/mass-reading/290125/,"Psalms 110: 1, 2, 3, 4","ps110:1,2,3,4","You are a priest for ever, in the line of Melchizedek.","1 The Lord said to my Lord: Sit thou at my right hand: Until I make thy enemies thy footstool.
2 The Lord will send forth the sceptre of thy power out of Sion: rule thou in the midst of thy enemies.
3 With thee is the principality in the day of thy strength: in the brightness of the saints: from the womb before the day star I begot thee.
4 The Lord hath sworn, and he will not repent: Thou art a priest for ever according to the order of Melchisedech."
2025-01-29,catholic_leaf_archive,dated Catholic lectionary response archive,https://www.catholicleaf.com/mass-readings-and-reflection-jan-29-2025/,"Psalm 110:1, 2, 3, 4 (R. 4b)","ps110:1,2,3,4(r.4b)","You are a priest for ever, in the line of Melchizedek.",
2025-01-30,catholic_gallery_douay_archive,Douay-Rheims dated Mass-reading archive,https://www.catholicgallery.org/mass-reading/300125/,"Psalms 24: 1-2, 3-4ab, 5-6","ps24:1-2,3-4ab,5-6","Lord, this is the people that longs to see your face.","1 The earth is the Lord’s and the fulness thereof: the world, and all they that dwell therein.
2 For he hath founded it upon the seas; and hath prepared it upon the rivers.
3 Who shall ascend into the mountain of the Lord: or who shall stand in his holy place?
4ab The innocent in hands, and clean of heart, who hath not taken his soul in vain.
5 He shall receive a blessing from the Lord, and mercy from God his Saviour.
6 This is the generation of them that seek him, of them that seek the face of the God of Jacob."
2025-01-30,catholic_leaf_archive,dated Catholic lectionary response archive,https://www.catholicleaf.com/mass-readings-and-reflection-jan-30-2025/,"Psalm 24:1-2, 3-4ab, 5-6 (R. see 6)","ps24:1-2,3-4ab,5-6(r.6)","Lord, this is the people that longs to see your face.",
2025-01-31,catholic_gallery_douay_archive,Douay-Rheims dated Mass-reading archive,https://www.catholicgallery.org/mass-reading/310125/,"Psalms 37: 3-4, 5-6, 23-24, 39-40","ps37:3-4,5-6,23-24,39-40",The salvation of the just comes from the Lord.,"3 Trust in the Lord, and do good, and dwell in the land, and thou shalt be fed with its riches.
4 Delight in the Lord, and he will give thee the requests of thy heart.
5 Commit thy way to the Lord, and trust in him, and he will do it.
6 And he will bring forth thy justice as the light, and thy judgment as the noonday.
23 With the Lord shall the steps of a man be directed, and he shall like well his way.
24 When he shall fall he shall not be bruised, for the Lord putteth his hand under him.
39 But the salvation of the just is from the Lord, and he is their protector in the time of trouble.
40 And the Lord will help them and deliver them: and he will rescue them from the wicked, and save them, because they have hoped in him."
2025-01-31,catholic_leaf_archive,dated Catholic lectionary response archive,https://www.catholicleaf.com/mass-readings-and-reflection-jan-31-2025/,"Psalm 37:3-4, 5-6, 23-24, 39-40 (R. 39a)","ps37:3-4,5-6,23-24,39-40(r.39a)",The salvation of the just comes from the Lord.,
2025-02-01,catholic_gallery_douay_archive,Douay-Rheims dated Mass-reading archive,https://www.catholicgallery.org/mass-reading/010225/,"Luke 1: 69, 70-72, 73-75","luke1:69,70-72,73-75",Blessed be the Lord the God of Israel; he has come to his people.,"69 And hath raised up an horn of salvation to us, in the house of David his servant:
70 As he spoke by the mouth of his holy prophets, who are from the beginning:
71 Salvation from our enemies, and from the hand of all that hate us:
72 To perform mercy to our fathers, and to remember his holy testament,
73 The oath, which he swore to Abraham our father, that he would grant to us,
74 That being delivered from the hand of our enemies, we may serve him without fear,
75 In holiness and justice before him, all our days."
2025-02-02,catholic_gallery_douay_archive,Douay-Rheims dated Mass-reading archive,https://www.catholicgallery.org/mass-reading/020225/,"Psalms 24: 7, 8, 9, 10","ps24:7,8,9,10",Who is this king of glory? It is the Lord!,"7 Lift up your gates, O ye princes, and be ye lifted up, O eternal gates: and the King of Glory shall enter in.
8 Who is this King of Glory? the Lord who is strong and mighty: the Lord mighty in battle.
9 Lift up your gates, O ye princes, and be ye lifted up, O eternal gates: and the King of Glory shall enter in.
10 Who is this King of Glory? the Lord of hosts, he is the King of Glory."
2025-02-02,catholic_leaf_archive,dated Catholic lectionary response archive,https://www.catholicleaf.com/mass-readings-and-reflection-jan-02-2025-2/,"Psalm 24:7, 8, 9, 10 (R. 8)","ps24:7,8,9,10(r.8)",Who is this king of glory? It is the Lord!,
2025-02-03,catholic_gallery_douay_archive,Douay-Rheims dated Mass-reading archive,https://www.catholicgallery.org/mass-reading/030225/,"Psalms 31: 20, 21, 22, 23, 24","ps31:20,21,22,23,24","Let your hearts take comfort, all who hope in the Lord.","20 O how great is the multitude of thy sweetness, O Lord, which thou hast hidden for them that fear thee! Which thou hast wrought for them that hope in thee, in the sight of the sons of men.
21 Thou shalt hide them in the secret of thy face, from the disturbance of men. Thou shalt protect them in thy tabernacle from the contradiction of tongues.
22 Blessed be the Lord, for he hath shewn his wonderful mercy to me in a fortified city.
23 But I said in the excess of my mind: I am cast away from before thy eyes. Therefore thou hast heard the voice of my prayer, when I cried to thee.
24 O love the Lord, all ye his saints: for the Lord will require truth, and will repay them abundantly that act proudly."
2025-02-03,catholic_leaf_archive,dated Catholic lectionary response archive,https://www.catholicleaf.com/mass-readings-and-reflection-feb-03-2025/,"Psalm 31:20, 21, 22, 23, 24 (R. 25)","ps31:20,21,22,23,24(r.25)","Let your hearts take comfort, all who hope in the Lord.",
2025-02-04,catholic_gallery_douay_archive,Douay-Rheims dated Mass-reading archive,https://www.catholicgallery.org/mass-reading/040225/,"Psalms 22: 26b-27, 28 and 30, 31-32","ps22:26b-27,28,30,31-32","They will praise you, Lord, who long for you.","26b I will pay my vows in the sight of them that fear him.
27 The poor shall eat and shall be filled: and they shall praise the Lord that seek him: their hearts shall live for ever and ever.
28 All the ends of the earth shall remember, and shall be converted to the Lord: And all the kindreds of the Gentiles shall adore in his sight.
30 All the fat ones of the earth have eaten and have adored: all they that go down to the earth shall fall before him.
31 And to him my soul shall live: and my seed shall serve him.
32 There shall be declared to the Lord a generation to come: and the heavens shall shew forth his justice to a people that shall be born, which the Lord hath made."
2025-02-04,catholic_leaf_archive,dated Catholic lectionary response archive,https://www.catholicleaf.com/mass-readings-and-reflection-feb-04-2025/,"Psalm 22:26b-27, 28 and 30, 31-32 (R. see 27b)","ps22:26b-27,28,30,31-32(r.27b)","They will praise you, Lord, who long for you.",
2025-02-05,catholic_gallery_douay_archive,Douay-Rheims dated Mass-reading archive,https://www.catholicgallery.org/mass-reading/050225/,"Psalms 103: 1-2, 13-14, 17-18a","ps103:1-2,13-14,17-18a",The Lord’s kindness is everlasting to those who fear him.,"1 Bless the Lord, O my soul: and let all that is within me bless his holy name.
2 Bless the Lord, O my soul, and never forget all he hath done for thee.
13 As a father hath compassion on his children, so hath the Lord compassion on them that fear him:
14 For he knoweth our frame. He remembereth that we are dust:
17 But the mercy of the Lord is from eternity and unto eternity upon them that fear him: And his justice unto children’s children,
18a To such as keep his covenant."
2025-02-05,catholic_leaf_archive,dated Catholic lectionary response archive,https://www.catholicleaf.com/mass-readings-and-reflection-feb-05-2025/,"Psalm 103:1-2, 13-14, 17-18a (R. see 17)","ps103:1-2,13-14,17-18a(r.17)",The Lord’s kindness is everlasting to those who fear him.,
2025-02-06,catholic_gallery_douay_archive,Douay-Rheims dated Mass-reading archive,https://www.catholicgallery.org/mass-reading/060225/,"Psalms 48: 2-3ab, 3cd-4, 9, 10-11","ps48:2-3ab,3cd-4,9,10-11","O God, we ponder your mercy within your temple.","2 Great is the Lord, and exceedingly to be praised in the city of our God, in his holy mountain.
3ab With the joy of the whole earth.
3cd Mount Sion founded, on the sides of the north, the city of the great king.
4 In her houses shall God be known, when he shall protect her.
9 As we have heard, so have we seen, in the city of the Lord of hosts, in the city of our God: God hath founded it for ever.
10 We have received thy mercy, O God, in the midst of thy temple.
11 According to thy name, O God, so also is thy praise unto the ends of the earth: thy right hand is full of justice."
2025-02-06,catholic_leaf_archive,dated Catholic lectionary response archive,https://www.catholicleaf.com/mass-readings-and-reflection-feb-06-2025/,"Psalm 48:2-3ab, 3cd-4, 9, 10-11 (R. see 10)","ps48:2-3ab,3cd-4,9,10-11(r.10)","O God, we ponder your mercy within your temple.",
2025-02-07,catholic_gallery_douay_archive,Douay-Rheims dated Mass-reading archive,https://www.catholicgallery.org/mass-reading/070225/,"Psalms 27: 1, 3, 5, 8b-9abc","ps27:1,3,5,8b-9abc",The Lord is my light and my salvation.,"1 The Lord is my light and my salvation, whom shall I fear? The Lord is the protector of my life: of whom shall I be afraid?
3 If armies in camp should stand together against me, my heart shall not fear. If a battle should rise up against me, in this will I be confident.
5 For he hath hidden me in his tabernacle; in the day of evils, he hath protected me in the secret place of his tabernacle.
8b Thy face, O Lord, will I still seek.
9abc Turn not away thy face from me; decline not in thy wrath from thy servant. Be thou my helper, forsake me not."
2025-02-07,catholic_leaf_archive,dated Catholic lectionary response archive,https://www.catholicleaf.com/mass-readings-and-reflection-feb-07-2025/,"Psalm 27:1, 3, 5, 8b-9abc (R. 1a)","ps27:1,3,5,8b-9abc(r.1a)",The Lord is my light and my salvation.,
2025-02-08,catholic_gallery_douay_archive,Douay-Rheims dated Mass-reading archive,https://www.catholicgallery.org/mass-reading/080225/,"Psalms 23: 1-3a, 3b-4, 5, 6","ps23:1-3a,3b-4,5,6",The Lord is my shepherd; there is nothing I shall want.,"1 The Lord ruleth me: and I shall want nothing.
2 He hath set me in a place of pasture. He hath brought me up, on the water of refreshment:
3a He hath converted my soul.
3b He hath led me on the paths of justice, for his own name’s sake.
4 For though I should walk in the midst of the shadow of death, I will fear no evils, for thou art with me. Thy rod and thy staff, they have comforted me.
5 Thou hast prepared a table before me against them that afflict me. Thou hast anointed my head with oil; and my chalice which inebriateth me, how goodly is it!
6 And thy mercy will follow me all the days of my life. And that I may dwell in the house of the Lord unto length of days."
2025-02-08,catholic_leaf_archive,dated Catholic lectionary response archive,https://www.catholicleaf.com/mass-readings-and-reflection-feb-08-2025/,"Psalm 23:1-3a, 3b-4, 5, 6 (R. 1)","ps23:1-3a,3b-4,5,6(r.1)",The Lord is my shepherd; there is nothing I shall want.,
2025-02-09,catholic_gallery_douay_archive,Douay-Rheims dated Mass-reading archive,https://www.catholicgallery.org/mass-reading/090225/,"Psalms 138: 1-2ab, 2cd-3, 4-5, 7c-8","ps138:1-2ab,2cd-3,4-5,7c-8","In the sight of the angels I will sing your praises, Lord.","1 I will praise thee, O lord, with my whole heart: for thou hast heard the words of my mouth. I will sing praise to thee in the sight of his angels:
2ab I will worship towards thy holy temple, and I will give glory to thy name.
2cd For thy mercy, and for thy truth: for thou hast magnified thy holy name above all.
3 In what day soever I shall call upon thee, hear me: thou shall multiply strength in my soul.
4 May all the kings of the earth give glory to thee: for they have heard all the words of thy mouth.
5 And let them sing in the ways of the Lord: for great is the glory of the Lord.
7c Your right hand hath saved me.
8 The Lord will repay for me: thy mercy, O Lord, endureth for ever: O despise not the work of thy hands."
2025-02-09,catholic_leaf_archive,dated Catholic lectionary response archive,https://www.catholicleaf.com/mass-readings-and-reflection-feb-09-2025/,"Psalm 138:1-2, 2-3, 4-5, 7-8 (R. 1c)","ps138:1-2,2-3,4-5,7-8(r.1c)","In the sight of the angels I will sing your praises, Lord.",
2025-02-10,catholic_gallery_douay_archive,Douay-Rheims dated Mass-reading archive,https://www.catholicgallery.org/mass-reading/100225/,"Psalms 104: 1-2a, 5-6, 10 and 12, 24 and 35c","ps104:1-2a,5-6,10,12,24,35c",May the Lord be glad in his works.,"1 For David himself. Bless the Lord, O my soul: O Lord my God, thou art exceedingly great. Thou hast put on praise and beauty:
2a And art clothed with light as with a garment.
5 Who hast founded the earth upon its own bases: it shall not be moved for ever and ever.
6 The deep like a garment is its clothing: above the mountains shall the waters stand.
10 Thou sendest forth springs in the vales: between the midst of the hills the waters shall pass.
12 Over them the birds of the air shall dwell: from the midst of the rocks they shall give forth their voices.
24 How great are thy works, O Lord? thou hast made all things in wisdom: the earth is filled with thy riches.
35c O my soul, bless thou the Lord."
2025-02-11,catholic_gallery_douay_archive,Douay-Rheims dated Mass-reading archive,https://www.catholicgallery.org/mass-reading/110225/,"Psalms 8: 4-5, 6-7, 8-9","ps8:4-5,6-7,8-9","O Lord, our God, how wonderful your name in all the earth!","4 For I will behold thy heavens, the works of thy fingers: the moon and the stars which thou hast founded.
5 What is man that thou art mindful of him? or the son of man that thou visitest him?
6 Thou hast made him a little less than the angels, thou hast crowned him with glory and honour:
7 And hast set him over the works of thy hands.
8 Thou hast subjected all things under his feet, all sheep and oxen: moreover the beasts also of the fields.
9 The birds of the air, and the fishes of the sea, that pass through the paths of the sea."
2025-02-12,catholic_gallery_douay_archive,Douay-Rheims dated Mass-reading archive,https://www.catholicgallery.org/mass-reading/120225/,"Psalms 104: 1-2a, 27-28, 29bc-30","ps104:1-2a,27-28,29bc-30","O bless the Lord, my soul!","1 Bless the Lord, O my soul: O Lord my God, thou art exceedingly great. Thou hast put on praise and beauty:
2a And art clothed with light as with a garment.
27 All expect of thee that thou give them food in season.
28 What thou givest to them they shall gather up: when thou openest thy hand, they shall all be filled with good.
29bc If thou shalt take away their breath, and they shall fail, and shall return to their dust.
30 Thou shalt send forth thy spirit, and they shall be created: and thou shalt renew the face of the earth."
2025-02-13,catholic_gallery_douay_archive,Douay-Rheims dated Mass-reading archive,https://www.catholicgallery.org/mass-reading/130225/,"Psalms 128: 1-2, 3, 4-5","ps128:1-2,3,4-5",Blessed are those who fear the Lord.,"1 Blessed are all they that fear the Lord: that walk in his ways.
2 For thou shalt eat the labours of thy hands: blessed art thou, and it shall be well with thee.
3 Thy wife as a fruitful vine, on the sides of thy house.
4 Behold, thus shall the man be blessed that feareth the Lord.
5 May the Lord bless thee out of Sion: and mayest thou see the good things of Jerusalem all the days of thy life."
2025-02-14,catholic_gallery_douay_archive,Douay-Rheims dated Mass-reading archive,https://www.catholicgallery.org/mass-reading/140225/,"Psalms 32: 1-2, 5, 6, 7","ps32:1-2,5,6,7",Blessed are those whose sins are forgiven.,"1 To David himself, understanding. Blessed are they whose iniquities are forgiven, and whose sins are covered.
2 Blessed is the man to whom the Lord hath not imputed sin, and in whose spirit there is no guile.
5 I have acknowledged my sin to thee, and my injustice I have not concealed. I said I will confess against myself my injustice to the Lord: and thou hast forgiven the wickedness of my sin.
6 For this shall every one that is holy pray to thee in a seasonable time. And yet in a flood of many waters, they shall not come nigh unto him.
7 Thou art my refuge from the trouble which hath encompassed me: my joy, deliver me from them that surround me."
2025-02-15,catholic_gallery_douay_archive,Douay-Rheims dated Mass-reading archive,https://www.catholicgallery.org/mass-reading/150225/,"Psalms 90: 2, 3-4abc, 5-6, 12-13","ps90:2,3-4abc,5-6,12-13","In every age, O Lord, you have been our refuge.","2 Before the mountains were made, or the earth and the world was formed; from eternity and to eternity thou art God.
3 Turn not man away to be brought low: and thou hast said: Be converted, O ye sons of men.
4abc For a thousand years in thy sight are as yesterday, which is past. And as a watch in the night.
5 Things that are counted nothing, shall their years be.
6 In the morning man shall grow up like grass; in the morning he shall flourish and pass away: in the evening he shall fall, grow dry, and wither.
12 Can number thy wrath? So make thy right hand known: and men learned in heart, in wisdom.
13 Return, O Lord, how long? and be entreated in favour of thy servants."
2025-02-16,catholic_gallery_douay_archive,Douay-Rheims dated Mass-reading archive,https://www.catholicgallery.org/mass-reading/160225/,"Psalms 1: 1-2, 3, 4 and 6","ps1:1-2,3,4,6",Blessed are they who hope in the Lord.,"1 Blessed is the man who hath not walked in the counsel of the ungodly, nor stood in the way of sinners, nor sat in the chair of pestilence.
2 But his will is in the law of the Lord, and on his law he shall meditate day and night.
3 And he shall be like a tree which is planted near the running waters, which shall bring forth its fruit, in due season. And his leaf shall not fall off: and all whatsoever he shall do shall prosper.
4 Not so the wicked, not so: but like the dust, which the wind driveth from the face of the earth.
6 For the Lord knoweth the way of the just: and the way of the wicked shall perish."
2025-02-16,catholic_leaf_archive,dated Catholic lectionary response archive,https://www.catholicleaf.com/mass-readings-and-reflection-feb-16-2025/,"Psalm 1:1-2, 3, 4 and 6 (R. 40:5a)","ps1:1-2,3,4,6(r.40:5a)",Blessed the man who has placed his trust in the Lord.,
2025-02-17,catholic_gallery_douay_archive,Douay-Rheims dated Mass-reading archive,https://www.catholicgallery.org/mass-reading/170225/,"Psalms 50: 1 and 8, 16bc-17, 20-21","ps50:1,8,16bc-17,20-21",Offer to God a sacrifice of praise.,"1 The God of gods, the Lord hath spoken: and he hath called the earth. From the rising of the sun, to the going down thereof:
8 I will not reprove thee for thy sacrifices: and thy burnt offerings are always in my sight.
16bc Why dost thou declare my justices, and take my covenant in thy mouth?
17 Seeing thou hast hated discipline: and hast cast my words behind thee.
20 Sitting thou didst speak against thy brother, and didst lay a scandal against thy mother’s son:
21 These things hast thou done, and I was silent. Thou thoughtest unjustly that I should be like to thee: but I will reprove thee, and set before thy face."
2025-02-17,catholic_leaf_archive,dated Catholic lectionary response archive,https://www.catholicleaf.com/mass-readings-and-reflection-feb-17-2025/,"Psalm 50:1,8, 16bc-17, 20-21 (R. 14a)","ps50:1,8,16bc-17,20-21(r.14a)",Offer to God a sacrifice of praise.,
2025-02-18,catholic_gallery_douay_archive,Douay-Rheims dated Mass-reading archive,https://www.catholicgallery.org/mass-reading/180225/,"Psalms 29: 1a and 2, 3ac-4, 3b and 9c-10","ps29:1a,2,3ac-4,3b,9c-10",The Lord will bless his people with peace.,"1a Bring to the Lord, O ye children of God.
2 Bring to the Lord glory and honour: bring to the Lord glory to his name: adore ye the Lord in his holy court.
3ac The voice of the Lord is upon the waters; The Lord is upon many waters.
4 The voice of the Lord is in power; the voice of the Lord in magnificence.
3b The God of majesty hath thundered.
9c The voice of the Lord prepareth the stags: and he will discover the thick woods: and in his temple all shall speak his glory.
10 The Lord maketh the flood to dwell: and the Lord shall sit king for ever."
2025-02-18,catholic_leaf_archive,dated Catholic lectionary response archive,https://www.catholicleaf.com/mass-readings-and-reflection-feb-18-2025/,"Psalm 29:1a, 2, 3ac-4, 3b & 9c-10 (R. 11b)","ps29:1a,2,3ac-4,3b&9c-10(r.11b)",The Lord will bless his people with peace.,
2025-02-19,catholic_gallery_douay_archive,Douay-Rheims dated Mass-reading archive,https://www.catholicgallery.org/mass-reading/190225/,"Psalms 116: 12-13, 14-15, 18-19","ps116:12-13,14-15,18-19","To you, Lord, I will offer a sacrifice of praise.","or
12 What shall I render to the Lord, for all the things he hath rendered unto me?
13 I will take the chalice of salvation; and I will call upon the name of the Lord.
or
14 I will pay my vows to the Lord before all his people:
15 Precious in the sight of the Lord is the death of his saints.
or
18 I will pay my vows to the Lord in the sight of all his people:
19 In the courts of the house of the Lord, in the midst of thee, O Jerusalem.
or"
2025-02-19,catholic_leaf_archive,dated Catholic lectionary response archive,https://www.catholicleaf.com/mass-readings-and-reflection-feb-19-2025/,"Psalm 116:12-13, 14-15, 18-19 (R. 17a)","ps116:12-13,14-15,18-19(r.17a)","To you, Lord, I will offer a sacrifice of praise.",
2025-02-20,catholic_gallery_douay_archive,Douay-Rheims dated Mass-reading archive,https://www.catholicgallery.org/mass-reading/200225/,"Psalms 102: 16-18, 19-21, 29 and 22-23","ps102:16-18,19-21,29,22-23",From heaven the Lord looks down on the earth.,"16 And the Gentiles shall fear thy name, O Lord, and all the kings of the earth thy glory.
17 For the Lord hath built up Sion: and he shall be seen in his glory.
18 He hath had regard to the prayer of the humble: and he hath not despised their petition.
19 Let these things be written unto another generation: and the people that shall be created shall praise the Lord:
20 Because he hath looked forth from his high sanctuary: from heaven the Lord hath looked upon the earth.
21 That he might hear the groans of them that are in fetters: that he might release the children of the slain.
29 The children of thy servants shall continue: and their seed shall be directed for ever.
22 That they may declare the name of the Lord in Sion: and his praise in Jerusalem;
23 When the people assemble together, and kings, to serve the Lord."
2025-02-20,catholic_leaf_archive,dated Catholic lectionary response archive,https://www.catholicleaf.com/mass-readings-and-reflection-feb-20-2025/,"Psalm 102:16-18, 19-21, 29 and 22-23 (R. 20b)","ps102:16-18,19-21,29,22-23(r.20b)","To you, Lord, I will offer a sacrifice of praise.",
2025-02-21,catholic_gallery_douay_archive,Douay-Rheims dated Mass-reading archive,https://www.catholicgallery.org/mass-reading/210225/,"Psalms 33: 10-11, 12-13, 14-15","ps33:10-11,12-13,14-15",Blessed the people the Lord has chosen to be his own.,"10 The Lord bringeth to naught the counsels of nations; and he rejecteth the devices of people, and casteth away the counsels of princes.
11 But the counsel of the Lord standeth for ever: the thoughts of his heart to all generations.
12 Blessed is the nation whose God is the Lord: the people whom he hath chosen for his inheritance.
13 The Lord hath looked from heaven: he hath beheld all the sons of men.
14 From his habitation which he hath prepared, he hath looked upon all that dwell on the earth.
15 He who hath made the hearts of every one of them: who understandeth all their works."
2025-02-21,catholic_leaf_archive,dated Catholic lectionary response archive,https://www.catholicleaf.com/mass-readings-and-reflection-feb-21-2025/,"Psalm 33:10-11, 12-13, 14-15 (R. 12)","ps33:10-11,12-13,14-15(r.12)",Blessed the people the Lord has chosen to be his own.,
2025-02-22,catholic_gallery_douay_archive,Douay-Rheims dated Mass-reading archive,https://www.catholicgallery.org/mass-reading/220225/,"Psalms 23: 1-3a, 4, 5, 6","ps23:1-3a,4,5,6",The Lord is my shepherd; there is nothing I shall want.,"1 The Lord ruleth me: and I shall want nothing.
2 He hath set me in a place of pasture. He hath brought me up, on the water of refreshment:
3a He hath converted my soul.
4 For though I should walk in the midst of the shadow of death, I will fear no evils, for thou art with me. Thy rod and thy staff, they have comforted me.
5 Thou hast prepared a table before me against them that afflict me. Thou hast anointed my head with oil; and my chalice which inebriateth me, how goodly is it!
6 And thy mercy will follow me all the days of my life. And that I may dwell in the house of the Lord unto length of days."
2025-02-22,catholic_leaf_archive,dated Catholic lectionary response archive,https://www.catholicleaf.com/mass-readings-and-reflection-feb-22-2025/,"Psalm 23:1-3a, 4, 5, 6 (R. 1)","ps23:1-3a,4,5,6(r.1)",The Lord is my shepherd; there is nothing I shall want.,
2025-02-23,catholic_gallery_douay_archive,Douay-Rheims dated Mass-reading archive,https://www.catholicgallery.org/mass-reading/230225/,"Psalms 103: 1-2, 3-4, 8, 10, 12-13","ps103:1-2,3-4,8,10,12-13",The Lord is kind and merciful.,"1 Bless the Lord, O my soul: and let all that is within me bless his holy name.
2 Bless the Lord, O my soul, and never forget all he hath done for thee.
3 Who forgiveth all thy iniquities: who healeth all thy diseases.
4 Who redeemeth thy life from destruction: who crowneth thee with mercy and compassion.
8 The Lord is compassionate and merciful: longsuffering and plenteous in mercy.
10 He hath not dealt with us according to our sins: nor rewarded us according to our iniquities.
12 As far as the east is from the west, so far hath he removed our iniquities from us.
13 As a father hath compassion on his children, so hath the Lord compassion on them that fear him:"
2025-02-23,catholic_leaf_archive,dated Catholic lectionary response archive,https://www.catholicleaf.com/mass-readings-and-reflection-feb-23-2025/,"Psalm 103:1-2, 3-4, 8, 10, 12-13 (R. 8a)","ps103:1-2,3-4,8,10,12-13(r.8a)",The Lord is kind and merciful.,
2025-02-24,catholic_gallery_douay_archive,Douay-Rheims dated Mass-reading archive,https://www.catholicgallery.org/mass-reading/240225/,"Psalms 93: 1ab, 1cd-2, 5","ps93:1ab,1cd-2,5",The Lord is king; he is robed in majesty.,"1ab The Lord hath reigned, he is clothed with beauty: the Lord is clothed with strength.
1cd And hath girded himself. For he hath established the world which shall not be moved.
2 Thy throne is prepared from of old: thou art from everlasting.
5 Thy testimonies are become exceedingly credible: holiness becometh thy house, O Lord, unto length of days."
2025-02-24,catholic_leaf_archive,dated Catholic lectionary response archive,https://www.catholicleaf.com/mass-readings-and-reflection-feb-24-2025/,"Psalm 93:1ab, 1cd-2, 5 (R. 1a)","ps93:1ab,1cd-2,5(r.1a)",The Lord is King; he is robed in majesty.,
2025-02-25,catholic_gallery_douay_archive,Douay-Rheims dated Mass-reading archive,https://www.catholicgallery.org/mass-reading/250225/,"Psalms 37: 3-4, 18-19, 27-28, 39-40","ps37:3-4,18-19,27-28,39-40","Commit your life to the Lord, and he will help you.","3 Trust in the Lord, and do good, and dwell in the land, and thou shalt be fed with its riches.
4 Delight in the Lord, and he will give thee the requests of thy heart.
18 The Lord knoweth the days of undefiled; and their inheritance shall be for ever.
19 They shall not be confounded in the evil time; and in the days of famine they shall be filled:
27 Decline from evil and do good, and dwell for ever and ever.
28 For the Lord loveth judgment, and will not forsake his saints: they shall be preserved for ever. The unjust shall be punished, and the seed of the wicked shall perish.
39 But the salvation of the just is from the Lord, and he is their protector in the time of trouble.
40 And the Lord will help them and deliver them: and he will rescue them from the wicked, and save them, because they have hoped in him."
2025-02-25,catholic_leaf_archive,dated Catholic lectionary response archive,https://www.catholicleaf.com/mass-readings-and-reflection-feb-25-2025/,"Psalm 84:3, 4,5 and 10, 11 (R.)","ps84:3,4,5,10,11(r.)","How lovely is your dwelling-place, Lord, mighty God!",
2025-02-26,catholic_gallery_douay_archive,Douay-Rheims dated Mass-reading archive,https://www.catholicgallery.org/mass-reading/260225/,"Psalms 119: 165, 168, 171, 172, 174, 175","ps119:165,168,171,172,174,175","O Lord, great peace have they who love your law.","165 Much peace have they that love thy law, and to them there is no stumbling block.
168 I have kept thy commandments and thy testimonies: because all my ways are in thy sight.
171 My lips shall utter a hymn, when thou shalt teach me thy justifications.
172 My tongue shall pronounce thy word: because all thy commandments are justice.
174 I have longed for thy salvation, O Lord; and thy law is my meditation.
175 My soul shall live and shall praise thee: and thy judgments shall help me."
2025-02-26,catholic_leaf_archive,dated Catholic lectionary response archive,https://www.catholicleaf.com/mass-readings-and-reflection-feb-26-2025/,"Psalm 119:165, 168, 171, 172, 174, 175 (R. 165a)","ps119:165,168,171,172,174,175(r.165a)","O Lord, great peace have they who love your law.",
2025-02-27,catholic_gallery_douay_archive,Douay-Rheims dated Mass-reading archive,https://www.catholicgallery.org/mass-reading/270225/,"Psalms 1: 1-2, 3, 4 and 6","ps1:1-2,3,4,6",Blessed are they who hope in the Lord.,"1 Blessed is the man who hath not walked in the counsel of the ungodly, nor stood in the way of sinners, nor sat in the chair of pestilence.
2 But his will is in the law of the Lord, and on his law he shall meditate day and night.
3 And he shall be like a tree which is planted near the running waters, which shall bring forth its fruit, in due season. And his leaf shall not fall off: and all whatsoever he shall do shall prosper.
4 Not so the wicked, not so: but like the dust, which the wind driveth from the face of the earth.
6 For the Lord knoweth the way of the just: and the way of the wicked shall perish."
2025-02-27,catholic_leaf_archive,dated Catholic lectionary response archive,https://www.catholicleaf.com/mass-readings-and-reflection-feb-27-2025/,"Psalm 1:1-2, 3, 4 and 6 (R. 40:5a)","ps1:1-2,3,4,6(r.40:5a)",Blessed are they who hope in the Lord.,
2025-02-28,catholic_gallery_douay_archive,Douay-Rheims dated Mass-reading archive,https://www.catholicgallery.org/mass-reading/280225/,"Psalms 119: 12, 16, 18, 27, 34, 35","ps119:12,16,18,27,34,35","Guide me, Lord, in the way of your commands.","12 Blessed art thou, O Lord: teach me thy justifications.
16 I will think of thy justifications: I will not forget thy words.
18 Open thou my eyes: and I will consider the wondrous things of thy law.
27 Make me to understand the way of thy justifications: and I shall be exercised in thy wondrous works.
34 Give me understanding, and I will search thy law; and I will keep it with my whole heart.
35 Lead me into the path of thy commandments; for this same I have desired."
2025-02-28,catholic_leaf_archive,dated Catholic lectionary response archive,https://www.catholicleaf.com/mass-readings-and-reflection-feb-28-2025/,"Psalm 119:12, 16, 18, 27, 34, 35 (R. 35a)","ps119:12,16,18,27,34,35(r.35a)","Guide me, Lord, in the way of your commands.",
2025-03-01,catholic_gallery_douay_archive,Douay-Rheims dated Mass-reading archive,https://www.catholicgallery.org/mass-reading/010325/,"Psalms 103: 13-14, 15-16, 17-18","ps103:13-14,15-16,17-18",The Lord’s kindness is everlasting to those who fear him.,"13 As a father hath compassion on his children, so hath the Lord compassion on them that fear him:
14 For he knoweth our frame. He remembereth that we are dust:
15 Man’s days are as grass, as the flower of the field so shall he flourish.
16 For the spirit shall pass in him, and he shall not be: and he shall know his place no more.
17 But the mercy of the Lord is from eternity and unto eternity upon them that fear him: And his justice unto children’s children,
18 To such as keep his covenant, And are mindful of his commandments to do them."
2025-03-01,catholic_leaf_archive,dated Catholic lectionary response archive,https://www.catholicleaf.com/mass-readings-and-reflection-mar-01-2025/,"Psalm 103:13-14, 15-16, 17-18a","ps103:13-14,15-16,17-18a",The mercy of the Lord is everlasting upon those who hold him in fear.,
2025-03-02,catholic_gallery_douay_archive,Douay-Rheims dated Mass-reading archive,https://www.catholicgallery.org/mass-reading/020325/,"Psalms 92: 2-3, 13-14, 15-16","ps92:2-3,13-14,15-16","Lord, it is good to give thanks to you.","2 It is good to give praise to the Lord: and to sing to thy name, O most High.
3 To shew forth thy mercy in the morning, and thy truth in the night:
13 The just shall flourish like the palm tree: he shall grow up like the cedar of Libanus.
14 They that are planted in the house of the Lord shall flourish in the courts of the house of our God.
15 They shall still increase in a fruitful old age: and shall be well treated,
16 That they may shew, That the Lord our God is righteous, and there is no iniquity in him."
2025-03-02,catholic_leaf_archive,dated Catholic lectionary response archive,https://www.catholicleaf.com/mass-readings-and-reflection-mar-02-2025/,"Psalm 92:2-3, 13-14, 15-16 (R. see 2a)","ps92:2-3,13-14,15-16(r.2a)","Lord, it is good to give thanks to you",
2025-03-03,catholic_gallery_douay_archive,Douay-Rheims dated Mass-reading archive,https://www.catholicgallery.org/mass-reading/030325/,"Psalms 32: 1-2, 5, 6, 7","ps32:1-2,5,6,7",Let the just exult and rejoice in the Lord.,"or
1 To David himself, understanding. Blessed are they whose iniquities are forgiven, and whose sins are covered.
2 Blessed is the man to whom the Lord hath not imputed sin, and in whose spirit there is no guile.
or
5 I have acknowledged my sin to thee, and my injustice I have not concealed. I said I will confess against myself my injustice to the Lord: and thou hast forgiven the wickedness of my sin.
or
6 For this shall every one that is holy pray to thee in a seasonable time. And yet in a flood of many waters, they shall not come nigh unto him.
or
7 Thou art my refuge from the trouble which hath encompassed me: my joy, deliver me from them that surround me.
or"
2025-03-03,catholic_leaf_archive,dated Catholic lectionary response archive,https://www.catholicleaf.com/mass-readings-and-reflection-mar-03-2025/,"Psalm 32:1-2, 5, 6, 7 (R. 11a)","ps32:1-2,5,6,7(r.11a)",Let the just exult and rejoice in the Lord.,
2025-03-04,catholic_gallery_douay_archive,Douay-Rheims dated Mass-reading archive,https://www.catholicgallery.org/mass-reading/040325/,"Psalms 50: 5-6, 7-8, 14 and 23","ps50:5-6,7-8,14,23",To the upright I will show the saving power of God.,"5 Gather ye together his saints to him: who set his covenant before sacrifices.
6 And the heavens shall declare his justice: for God is judge.
7 Hear, O my people, and I will speak: O Israel, and I will testify to thee: I am God, thy God.
8 I will not reprove thee for thy sacrifices: and thy burnt offerings are always in my sight.
14 Offer to God the sacrifice of praise: and pay thy vows to the most High.
23 The sacrifice of praise shall glorify me: and there is the way by which I will shew him the salvation of God."
2025-03-04,catholic_leaf_archive,dated Catholic lectionary response archive,https://www.catholicleaf.com/mass-readings-and-reflection-mar-04-2025/,"Psalm 50:5-6, 7-8, 14, 23 (R. 23b)","ps50:5-6,7-8,14,23(r.23b)",To the upright I will show the saving power of God.,
2025-03-05,catholic_gallery_douay_archive,Douay-Rheims dated Mass-reading archive,https://www.catholicgallery.org/mass-reading/050325/,"Psalms 51: 3-4, 5-6ab, 12-13, 14 and 17","ps51:3-4,5-6ab,12-13,14,17","Be merciful, O Lord, for we have sinned.","3 Have mercy on me, O God, according to thy great mercy. And according to the multitude of thy tender mercies blot out my iniquity.
4 Wash me yet more from my iniquity, and cleanse me from my sin.
5 For I know my iniquity, and my sin is always before me.
6ab To thee only have I sinned, and have done evil before thee.
12 Create a clean heart in me, O God: and renew a right spirit within my bowels.
13 Cast me not away from thy face; and take not thy holy spirit from me.
14 Restore unto me the joy of thy salvation, and strengthen me with a perfect spirit.
17 O Lord, thou wilt open my lips: and my mouth shall declare thy praise."
2025-03-05,catholic_leaf_archive,dated Catholic lectionary response archive,https://www.catholicleaf.com/mass-readings-and-reflection-mar-05-2025/,"Psalm 51:3-4, 5-6ab, 12-13, 14 and 17 (R. see 3a)","ps51:3-4,5-6ab,12-13,14,17(r.3a)","Be merciful, O Lord, for we have sinned.",
2025-03-06,catholic_gallery_douay_archive,Douay-Rheims dated Mass-reading archive,https://www.catholicgallery.org/mass-reading/060325/,"Psalms 1: 1-2, 3, 4 and 6","ps1:1-2,3,4,6",Blessed are they who hope in the Lord.,"1 Blessed is the man who hath not walked in the counsel of the ungodly, nor stood in the way of sinners, nor sat in the chair of pestilence.
2 But his will is in the law of the Lord, and on his law he shall meditate day and night.
3 And he shall be like a tree which is planted near the running waters, which shall bring forth its fruit, in due season. And his leaf shall not fall off: and all whatsoever he shall do shall prosper.
4 Not so the wicked, not so: but like the dust, which the wind driveth from the face of the earth.
6 For the Lord knoweth the way of the just: and the way of the wicked shall perish.
Verse Before the Gospel: Matthew 4: 17
17 Repent, says the Lord; the Kingdom of heaven is at hand."
2025-03-06,catholic_leaf_archive,dated Catholic lectionary response archive,https://www.catholicleaf.com/mass-readings-and-reflection-mar-06-2025/,"Psalm 1:1-2, 3, 4 and 6 (R. 40:5a)","ps1:1-2,3,4,6(r.40:5a)",Blessed are they who hope in the Lord.,
2025-03-07,catholic_gallery_douay_archive,Douay-Rheims dated Mass-reading archive,https://www.catholicgallery.org/mass-reading/070325/,"Psalms 51: 3-4, 5-6ab, 18-19","ps51:3-4,5-6ab,18-19","A heart contrite and humbled, O God, you will not spurn.","3 Have mercy on me, O God, according to thy great mercy. And according to the multitude of thy tender mercies blot out my iniquity.
4 Wash me yet more from my iniquity, and cleanse me from my sin.
5 For I know my iniquity, and my sin is always before me.
6ab To thee only have I sinned, and have done evil before thee.
18 For if thou hadst desired sacrifice, I would indeed have given it: with burnt offerings thou wilt not be delighted.
19 A sacrifice to God is an afflicted spirit: a contrite and humbled heart, O God, thou wilt not despise.
Verse Before the Gospel: Amos 5: 14
14 Seek good and not evil so that you may live, and the Lord will be with you."
2025-03-07,catholic_leaf_archive,dated Catholic lectionary response archive,https://www.catholicleaf.com/mass-readings-and-reflection-mar-07-2025/,"Psalm 51:3-4, 5-6ab, 18-19 (R. 19b)","ps51:3-4,5-6ab,18-19(r.19b)","A heart contrite and humbled, O God, you will not spurn.",
2025-03-08,catholic_gallery_douay_archive,Douay-Rheims dated Mass-reading archive,https://www.catholicgallery.org/mass-reading/080325/,"Psalms 86: 1-2, 3-4, 5-6","ps86:1-2,3-4,5-6","Teach me your way, O Lord, that I may walk in your truth.","1 A prayer for David himself. Incline thy ear, O Lord, and hear me: for I am needy and poor.
2 Preserve my soul, for I am holy: save thy servant, O my God, that trusteth in thee.
3 Have mercy on me, O Lord, for I have cried to thee all the day.
4 Give joy to the soul of thy servant, for to thee, O Lord, I have lifted up my soul.
5 For thou, O Lord, art sweet and mild: and plenteous in mercy to all that call upon thee.
6 Give ear, O Lord, to my prayer: and attend to the voice of my petition.
Verse Before the Gospel: Ezekiel 33: 11
11 I take no pleasure in the death of the wicked man, says the Lord, but rather in his conversion, that he may live."
2025-03-08,catholic_leaf_archive,dated Catholic lectionary response archive,https://www.catholicleaf.com/mass-readings-and-reflection-mar-08-2025/,"Psalm 86:1-2, 3-4, 5-6 (R. 11ab)","ps86:1-2,3-4,5-6(r.11ab)","Teach me, O Lord, your way, so that I may walk in your truth.",
2025-03-09,catholic_gallery_douay_archive,Douay-Rheims dated Mass-reading archive,https://www.catholicgallery.org/mass-reading/090325/,"Psalms 91: 1-2, 10-11, 12-13, 14-15","ps91:1-2,10-11,12-13,14-15","Be with me, Lord, when I am in trouble.","1 He that dwelleth in the aid of the most High, shall abide under the protection of the God of Jacob.
2 He shall say to the Lord: Thou art my protector, and my refuge: my God, in him will I trust.
10 There shall no evil come to thee: nor shall the scourge come near thy dwelling.
11 For he hath given his angels charge over thee; to keep thee in all thy ways.
12 In their hands they shall bear thee up: lest thou dash thy foot against a stone.
13 Thou shalt walk upon the asp and the basilisk: and thou shalt trample under foot the lion and the dragon.
14 Because he hoped in me I will deliver him: I will protect him because he hath known my name.
15 He shall cry to me, and I will hear him: I am with him in tribulation, I will deliver him, and I will glorify him."
2025-03-09,catholic_leaf_archive,dated Catholic lectionary response archive,https://www.catholicleaf.com/mass-readings-and-reflection-mar-09-2025/,"Psalm 91:1-2, 10-11, 12-13, 14-15 (R. cf 15b)","ps91:1-2,10-11,12-13,14-15(r.15b)","Be with me, Lord, when I am in trouble.",
2025-03-10,catholic_gallery_douay_archive,Douay-Rheims dated Mass-reading archive,https://www.catholicgallery.org/mass-reading/100325/,"Psalms 19: 8, 9, 10, 15","ps19:8,9,10,15","Your words, Lord, are Spirit and life.","8 The law of the Lord is unspotted, converting souls: the testimony of the Lord is faithful, giving wisdom to little ones.
9 The justices of the Lord are right, rejoicing hearts: the commandment of the Lord is lightsome, enlightening the eyes.
10 The fear of the Lord is holy, enduring for ever and ever: the judgments of the Lord are true, justified in themselves.
15 And the words of my mouth shall be such as may please: and the meditation of my heart always in thy sight. O Lord, my helper, and my redeemer.
Verse Before the Gospel: Second Corinthians 6: 2b
2b Behold, now is a very acceptable time; behold, now is the day of salvation."
2025-03-10,catholic_leaf_archive,dated Catholic lectionary response archive,https://www.catholicleaf.com/mass-readings-and-reflection-mar-10-2025/,"Psalm 19:8, 9, 10, 15 (R. John 6:63b)","ps19:8,9,10,15(r.john6:63b)","Your words, Lord, are Spirit and life",
2025-03-11,catholic_gallery_douay_archive,Douay-Rheims dated Mass-reading archive,https://www.catholicgallery.org/mass-reading/110325/,"Psalms 34: 4-5, 6-7, 16-17, 18-19","ps34:4-5,6-7,16-17,18-19",From all their distress God rescues the just.,"4 O magnify the Lord with me; and let us extol his name together.
5 I sought the Lord, and he heard me; and he delivered me from all my troubles.
6 Come ye to him and be enlightened: and your faces shall not be confounded.
7 This poor man cried, and the Lord heard him: and saved him out of all his troubles.
16 The eyes of the Lord are upon the just: and his ears unto their prayers.
17 But the countenance of the Lord is against them that do evil things: to cut off the remembrance of them from the earth.
18 The just cried, and the Lord heard them: and delivered them out of all their troubles.
19 The Lord is nigh unto them that are of a contrite heart: and he will save the humble of spirit.
Verse Before the Gospel: Matthew 4: 4b
4b One does not live on bread alone, but on every word that comes forth from the mouth of God."
2025-03-11,catholic_leaf_archive,dated Catholic lectionary response archive,https://www.catholicleaf.com/mass-readings-and-reflection-mar-11-2025/,"Psalm 34:4-5, 6-7, 16-17, 18-19 (R. 18b)","ps34:4-5,6-7,16-17,18-19(r.18b)",From all their distress God rescues the just.,
2025-03-12,catholic_gallery_douay_archive,Douay-Rheims dated Mass-reading archive,https://www.catholicgallery.org/mass-reading/120325/,"Psalms 51: 3-4, 12-13, 18-19","ps51:3-4,12-13,18-19","A heart contrite and humbled, O God, you will not spurn.","3 Have mercy on me, O God, according to thy great mercy. And according to the multitude of thy tender mercies blot out my iniquity.
4 Wash me yet more from my iniquity, and cleanse me from my sin.
12 Create a clean heart in me, O God: and renew a right spirit within my bowels.
13 Cast me not away from thy face; and take not thy holy spirit from me.
18 For if thou hadst desired sacrifice, I would indeed have given it: with burnt offerings thou wilt not be delighted.
19 A sacrifice to God is an afflicted spirit: a contrite and humbled heart, O God, thou wilt not despise.
Verse Before the Gospel: Joel 2: 12-13
12-13 Even now, says the LORD, return to me with your whole heart for I am gracious and merciful."
2025-03-12,catholic_leaf_archive,dated Catholic lectionary response archive,https://www.catholicleaf.com/mass-readings-and-reflection-mar-12-2025/,"Psalm 51:3-4, 12-13, 18-19 (R. 19b)","ps51:3-4,12-13,18-19(r.19b)","A heart contrite and humbled, O God, you will not spurn",
2025-03-13,catholic_gallery_douay_archive,Douay-Rheims dated Mass-reading archive,https://www.catholicgallery.org/mass-reading/130325/,"Psalms 138: 1-2ab, 2cde-3, 7c-8","ps138:1-2ab,2cde-3,7c-8","Lord, on the day I called for help, you answered me.","1 I will praise thee, O lord, with my whole heart: for thou hast heard the words of my mouth. I will sing praise to thee in the sight of his angels:
2ab I will worship towards thy holy temple, and I will give glory to thy name.
2cde For thy mercy, and for thy truth: for thou hast magnified thy holy name above all.
3 In what day soever I shall call upon thee, hear me: thou shall multiply strength in my soul.
7c Thy right hand hath saved me.
8 The Lord will repay for me: thy mercy, O Lord, endureth for ever: O despise not the work of thy hands.
Verse Before the Gospel: Psalms 51: 12a,14a
12a, 14a A clean heart create for me, O God; give me back the joy of your salvation."
2025-03-13,catholic_leaf_archive,dated Catholic lectionary response archive,https://www.catholicleaf.com/mass-readings-and-reflection-mar-13-2025/,"Psalm 138:1-2ab, 2cde-3, 7c-8 (R. 3a)","ps138:1-2ab,2cde-3,7c-8(r.3a)","Lord, on the day I called for help, you answered me.",
2025-03-14,catholic_gallery_douay_archive,Douay-Rheims dated Mass-reading archive,https://www.catholicgallery.org/mass-reading/140325/,"Psalms 130: 1-2, 3-4, 5-6, 7-8","ps130:1-2,3-4,5-6,7-8","If you, O Lord, mark iniquities, who can stand?","1 Out of the depths I have cried to thee, O Lord:
2 Lord, hear my voice. Let thy ears be attentive to the voice of my supplication.
3 If thou, O Lord, wilt mark iniquities: Lord, who shall stand it.
4 For with thee there is merciful forgiveness: and by reason of thy law, I have waited for thee, O Lord. My soul hath relied on his word:
5 My soul hath hoped in the Lord.
6 From the morning watch even until night, let Israel hope in the Lord.
7 Because with the Lord there is mercy: and with him plentiful redemption.
8 And he shall redeem Israel from all his iniquities.
Verse Before the Gospel: Ezekiel 18: 31
31 Cast away from you all the crimes you have committed, says the LORD, and make for yourselves a new heart and a new spirit."
2025-03-14,catholic_leaf_archive,dated Catholic lectionary response archive,https://www.catholicleaf.com/mass-readings-and-reflection-mar-14-2025/,"Psalm 130:1-2, 3-4, 5-7a, 7bc-8 (R. 3)","ps130:1-2,3-4,5-7a,7bc-8(r.3)","If you, O Lord, mark iniquities, who can stand?",
2025-03-15,catholic_gallery_douay_archive,Douay-Rheims dated Mass-reading archive,https://www.catholicgallery.org/mass-reading/150325/,"Psalms 119: 1-2, 4-5, 7-8","ps119:1-2,4-5,7-8",Blessed are they who follow the law of the Lord!,"1 Blessed are the undefiled in the way, who walk in the law of the Lord.
2 Blessed are they who search his testimonies: that seek him with their whole heart.
4 Thou hast commanded thy commandments to be kept most diligently.
5 O! that my ways may be directed to keep thy justifications.
7 I will praise thee with uprightness of heart, when I shall have learned the judgments of thy justice.
8 I will keep thy justifications: O! do not thou utterly forsake me.
Verse Before the Gospel: Second Corinthians 6: 2b
2b Behold, now is a very acceptable time; behold, now is the day of salvation."
2025-03-15,catholic_leaf_archive,dated Catholic lectionary response archive,https://www.catholicleaf.com/mass-readings-and-reflection-mar-15-2025/,"Psalm 119:1-2, 4-5, 7-8 (R. 1b)","ps119:1-2,4-5,7-8(r.1b)",Blessed are those who walk in the law of the Lord!,
2025-03-16,catholic_gallery_douay_archive,Douay-Rheims dated Mass-reading archive,https://www.catholicgallery.org/mass-reading/160325/,"Psalms 27: 1, 7-8, 8-9, 13-14","ps27:1,7-8,8-9,13-14",The Lord is my light and my salvation.,"1 The Lord is my light and my salvation, whom shall I fear? The Lord is the protector of my life: of whom shall I be afraid?
7 Hear, O Lord, my voice, with which I have cried to thee: have mercy on me and hear me.
8ab My heart hath said to thee: My face hath sought thee.
8c Thy face, O Lord, will I still seek.
9 Turn not away thy face from me; decline not in thy wrath from thy servant. Be thou my helper, forsake me not; do not thou despise me, O God my Saviour.
13 I believe to see the good things of the Lord in the land of the living.
14 Expect the Lord, do manfully, and let thy heart take courage, and wait thou for the Lord."
2025-03-16,catholic_leaf_archive,dated Catholic lectionary response archive,https://www.catholicleaf.com/mass-readings-and-reflection-mar-16-2025/,"Psalm 27:1, 7-8, 8-9, 13-14 (R. 1a)","ps27:1,7-8,8-9,13-14(r.1a)",The Lord is my light and my salvation.,
2025-03-17,catholic_gallery_douay_archive,Douay-Rheims dated Mass-reading archive,https://www.catholicgallery.org/mass-reading/170325/,"Psalms 79: 8, 9, 11 and 13","ps79:8,9,11,13","Lord, do not deal with us according to our sins.","8 Remember not our former iniquities: let thy mercies speedily prevent us, for we are become exceeding poor.
9 Help us, O God, our saviour: and for the glory of thy name, O Lord, deliver us: and forgive us our sins for thy name’s sake:
11 Let the sighing of the prisoners come in before thee. According to the greatness of thy arm, take possession of the children of them that have been put to death.
13 But we thy people, and the sheep of thy pasture, will give thanks to thee for ever. We will shew forth thy praise, unto generation and generation.
Verse Before the Gospel: John 6: 63c, 68c
63c, 68cYour words, Lord, are Spirit and life; you have the words of everlasting life."
2025-03-17,catholic_leaf_archive,dated Catholic lectionary response archive,https://www.catholicleaf.com/mass-readings-and-reflection-mar-17-2025/,"Psalm 79:8, 9, 11 and 13 (R. see 103:10a)","ps79:8,9,11,13(r.103:10a)","Lord, do not deal with us according to our sins.",
2025-03-18,catholic_gallery_douay_archive,Douay-Rheims dated Mass-reading archive,https://www.catholicgallery.org/mass-reading/180325/,"Psalms 50: 8-9, 16bc-17, 21 and 23","ps50:8-9,16bc-17,21,23",To the upright I will show the saving power of God.,"8 I will not reprove thee for thy sacrifices: and thy burnt offerings are always in my sight.
9 I will not take calves out of thy house: nor he goats out of thy flocks.
16bc Why dost thou declare my justices, and take my covenant in thy mouth?
17 Seeing thou hast hated discipline: and hast cast my words behind thee.
21 These things hast thou done, and I was silent. Thou thoughtest unjustly that I should be like to thee: but I will reprove thee, and set before thy face.
23 The sacrifice of praise shall glorify me: and there is the way by which I will shew him the salvation of God.
Verse Before the Gospel: Ezekiel 18: 31
31 Cast away from you all the crimes you have committed, says the LORD, and make for yourselves a new heart and a new spirit."
2025-03-18,catholic_leaf_archive,dated Catholic lectionary response archive,https://www.catholicleaf.com/mass-readings-and-reflection-mar-18-2025/,"Psalm 50:8-9, 16bc-17, 21 and 23 (R. 23b)","ps50:8-9,16bc-17,21,23(r.23b)",To the upright I will show the saving power of God.,
2025-03-19,catholic_gallery_douay_archive,Douay-Rheims dated Mass-reading archive,https://www.catholicgallery.org/mass-reading/190325/,"Psalms 89: 2-3, 4-5, 27 and 29","ps89:2-3,4-5,27,29",The son of David will live for ever.,"2 The mercies of the Lord I will sing for ever. I will shew forth thy truth with my mouth to generation and generation.
3 For thou hast said: Mercy shall be built up for ever in the heavens: thy truth shall be prepared in them.
4 I have made a covenant with my elect: I have sworn to David my servant:
5 Thy seed will I settle for ever. And I will build up thy throne unto generation and generation.
27 He shall cry out to me: Thou art my father: my God, and the support of my salvation.
29 I will keep my mercy for him for ever: and my covenant faithful to him."
2025-03-19,catholic_leaf_archive,dated Catholic lectionary response archive,https://www.catholicleaf.com/mass-readings-and-reflection-mar-19-2025/,"Psalm 89:2-3, 4-5, 27 and 29 (R. 37)","ps89:2-3,4-5,27,29(r.37)",The son of David will live for ever.,
2025-03-20,catholic_gallery_douay_archive,Douay-Rheims dated Mass-reading archive,https://www.catholicgallery.org/mass-reading/200325/,"Psalms 1: 1-2, 3, 4 and 6","ps1:1-2,3,4,6",Blessed is the man whose trust is in the name of the Lord.,"1 Blessed is the man who hath not walked in the counsel of the ungodly, nor stood in the way of sinners, nor sat in the chair of pestilence.
2 But his will is in the law of the Lord, and on his law he shall meditate day and night.
3 And he shall be like a tree which is planted near the running waters, which shall bring forth its fruit, in due season. And his leaf shall not fall off: and all whatsoever he shall do shall prosper.
4 Not so the wicked, not so: but like the dust, which the wind driveth from the face of the earth.
6 For the Lord knoweth the way of the just: and the way of the wicked shall perish.
Verse Before the Gospel: Luke 8: 15
15 Blessed are they who in a good and perfect heart, hearing the word, keep it, and bring forth fruit in patience."
2025-03-20,catholic_leaf_archive,dated Catholic lectionary response archive,https://www.catholicleaf.com/mass-readings-and-reflection-mar-20-2025/,"Psalm 1:1-2, 3, 4 and 6 (R. 40:5a)","ps1:1-2,3,4,6(r.40:5a)",Blessed are they who hope in the Lord.,
2025-03-21,catholic_gallery_douay_archive,Douay-Rheims dated Mass-reading archive,https://www.catholicgallery.org/mass-reading/210325/,"Psalms 105: 16-17, 18-19, 20-21","ps105:16-17,18-19,20-21",Remember the marvels the Lord has done.,"16 And he called a famine upon the land: and he broke in pieces all the support of bread.
17 He sent a man before them: Joseph, who was sold for a slave.
18 They humbled his feet in fetters: the iron pierced his soul,
19 Until his word came. The word of the Lord inflamed him.
20 The king sent, and he released him: the ruler of the people, and he set him at liberty.
21 He made him master of his house, and ruler of all his possession.
Verse Before the Gospel: John 3: 16
16 God so loved the world that he gave his only-begotten Son; so that everyone who believes in him might have eternal life."
2025-03-21,catholic_leaf_archive,dated Catholic lectionary response archive,https://www.catholicleaf.com/mass-readings-and-reflection-mar-21-2025/,"Psalm 105:16-17, 18-19, 20-21 (R. 5a)","ps105:16-17,18-19,20-21(r.5a)",Remember the marvels the Lord has done.,
2025-03-22,catholic_gallery_douay_archive,Douay-Rheims dated Mass-reading archive,https://www.catholicgallery.org/mass-reading/220325/,"Psalms 103: 1-2, 3-4, 9-10, 11-12","ps103:1-2,3-4,9-10,11-12",The Lord is kind and merciful.,"1 For David himself. Bless the Lord, O my soul: and let all that is within me bless his holy name.
2 Bless the Lord, O my soul, and never forget all he hath done for thee.
3 Who forgiveth all thy iniquities: who healeth all thy diseases.
4 Who redeemeth thy life from destruction: who crowneth thee with mercy and compassion.
9 He will not always be angry: nor will he threaten for ever.
10 He hath not dealt with us according to our sins: nor rewarded us according to our iniquities.
11 For according to the height of the heaven above the earth: he hath strengthened his mercy towards them that fear him.
12 As far as the east is from the west, so far hath he removed our iniquities from us.
Verse Before the Gospel: Luke 15: 18
18 I will get up and go to my father and shall say to him, Father, I have sinned against heaven and against you."
2025-03-22,catholic_leaf_archive,dated Catholic lectionary response archive,https://www.catholicleaf.com/mass-readings-and-reflection-mar-22-2025/,"Psalm 103:1-2, 3-4, 9-10, 11-12 (R. 8a)","ps103:1-2,3-4,9-10,11-12(r.8a)",The Lord is compassionate and gracious.,
2025-03-23,catholic_gallery_douay_archive,Douay-Rheims dated Mass-reading archive,https://www.catholicgallery.org/mass-reading/230325/,"Psalms 103: 1-2, 3-4, 6-7, 8, 11","ps103:1-2,3-4,6-7,8,11",The Lord is kind and merciful.,"1 Bless the Lord, O my soul: and let all that is within me bless his holy name.
2 Bless the Lord, O my soul, and never forget all he hath done for thee.
3 Who forgiveth all thy iniquities: who healeth all thy diseases.
4 Who redeemeth thy life from destruction: who crowneth thee with mercy and compassion.
6 The Lord doth mercies, and judgment for all that suffer wrong.
7 He hath made his ways known to Moses: his wills to the children of Israel.
8 The Lord is compassionate and merciful: longsuffering and plenteous in mercy.
11 For according to the height of the heaven above the earth: he hath strengthened his mercy towards them that fear him."
2025-03-23,catholic_leaf_archive,dated Catholic lectionary response archive,https://www.catholicleaf.com/mass-readings-and-reflection-mar-23-2025/,"Psalm 103: 1-2, 3-4, 6-7, 8, 11 (R. 8a)","ps103:1-2,3-4,6-7,8,11(r.8a)",The Lord is kind and merciful.,
2025-03-24,catholic_gallery_douay_archive,Douay-Rheims dated Mass-reading archive,https://www.catholicgallery.org/mass-reading/240325/,"Psalms 42: 2, 3; 43: 3, 4","ps42:2,3,43:3,4",Athirst is my soul for the living God. When shall I go and behold the face of God?,"2 As the hart panteth after the fountains of water; so my soul panteth after thee, O God.
3 My soul hath thirsted after the strong living God; when shall I come and appear before the face of God?
43:3 Send forth thy light and thy truth: they have conducted me, and brought me unto thy holy hill, and into thy tabernacles.
4 And I will go in to the altar of God: to God who giveth joy to my youth. To thee, O God my God, I will give praise upon the harp: why art thou sad, O my soul?
Verse Before the Gospel: Psalms 130: 5, 7
5, 7 I hope in the LORD, I trust in his word; with him there is kindness and plenteous redemption."
2025-03-24,catholic_leaf_archive,dated Catholic lectionary response archive,https://www.catholicleaf.com/mass-readings-and-reflection-mar-24-2025/,"Psalm 42:2, 3; 43:3, 4 (R. 42:3)","ps42:2,3,43:3,4(r.42:3)","My soul is thirsting for God, the living God. When can I enter and appear before the face of God?",
2025-03-25,catholic_gallery_douay_archive,Douay-Rheims dated Mass-reading archive,https://www.catholicgallery.org/mass-reading/250325/,"Psalms 40: 7-8a, 8b-9, 10, 11","ps40:7-8a,8b-9,10,11","Here I am, Lord; I come to do your will.","7 Sacrifice and oblation thou didst not desire; but thou hast pierced ears for me. Burnt offering and sin offering thou didst not require:
8a Then said I, Behold I come.
8 In the head of the book it is written of me
9 That I should do thy will: O my God, I have desired it, and thy law in the midst of my heart.
10 I have declared thy justice in a great church, lo, I will not restrain my lips: O Lord, thou knowest it.
11 I have not hid thy justice within my heart: I have declared thy truth and thy salvation. I have not concealed thy mercy and thy truth from a great council."
2025-03-25,catholic_leaf_archive,dated Catholic lectionary response archive,https://www.catholicleaf.com/mass-readings-and-reflection-mar-25-2025/,"Psalm 40:7-8a, 8b-9, 10, 11 (R. See 8a and 9a)","ps40:7-8a,8b-9,10,11(r.8a,9a)","See, I have come, Lord, to do your will",
2025-03-26,catholic_gallery_douay_archive,Douay-Rheims dated Mass-reading archive,https://www.catholicgallery.org/mass-reading/260325/,"Psalms 147: 12-13, 15-16, 19-20","ps147:12-13,15-16,19-20","Praise the Lord, Jerusalem.","12 Praise the Lord, O Jerusalem: praise thy God, O Sion.
13 Because he hath strengthened the bolts of thy gates, he hath blessed thy children within thee.
15 Who sendeth forth his speech to the earth: his word runneth swiftly.
16 Who giveth snow like wool: scattereth mists like ashes.
19 Who declareth his word to Jacob: his justices and his judgments to Israel.
20 He hath not done in like manner to every nation: and his judgments he hath not made manifest to them. Alleluia.
Verse Before the Gospel: John 6: 63c, 68c
63c, 68c Your words, Lord, are Spirit and life; you have the words of everlasting life."
2025-03-26,catholic_leaf_archive,dated Catholic lectionary response archive,https://www.catholicleaf.com/mass-readings-and-reflection-mar-26-2025/,"Psalm 147:12-13, 15-16, 19-20 (R. 12a)","ps147:12-13,15-16,19-20(r.12a)","O Jerusalem, glorify the Lord!",
2025-03-27,catholic_gallery_douay_archive,Douay-Rheims dated Mass-reading archive,https://www.catholicgallery.org/mass-reading/270325/,"Psalms 95: 1-2, 6-7, 8-9","ps95:1-2,6-7,8-9","If today you hear his voice, harden not your hearts.","1 Come let us praise the Lord with joy: let us joyfully sing to God our saviour.
2 Let us come before his presence with thanksgiving; and make a joyful noise to him with psalms.
6 Come let us adore and fall down: and weep before the Lord that made us.
7 For he is the Lord our God: and we are the people of his pasture and the sheep of his hand.
8 Today if you shall hear his voice, harden not your hearts:
9 As in the provocation, according to the day of temptation in the wilderness: where your fathers tempted me, they proved me, and saw my works.
Verse Before the Gospel: Joel 2: 12-13
12-13 Even now, says the LORD, return to me with your whole heart, for I am gracious and merciful."
2025-03-27,catholic_leaf_archive,dated Catholic lectionary response archive,https://www.catholicleaf.com/mass-readings-and-reflection-mar-27-2025/,"Psalm 95:1-2, 6-7, 8-9 (R. 8)","ps95:1-2,6-7,8-9(r.8)",O that today you would listen to his voice! Harden not your hearts.,
2025-03-28,catholic_gallery_douay_archive,Douay-Rheims dated Mass-reading archive,https://www.catholicgallery.org/mass-reading/280325/,"Psalms 81: 6c-8a, 8bc-9, 10-11ab, 14 and 17","ps81:6c-8a,8bc-9,10-11ab,14,17",I am the Lord your God: hear my voice.,"6c He heard a tongue which he knew not.
7 He removed his back from the burdens: his hands had served in baskets.
8a Thou calledst upon me in affliction, and I delivered thee.
8bc I heard thee in the secret place of tempest: I proved thee at the waters of contradiction.
9 Hear, O my people, and I will testify to thee: O Israel, if thou wilt hearken to me,
10 There shall be no new god in thee: neither shalt thou adore a strange god.
11ab For I am the Lord thy God, who brought thee out of the land of Egypt.
14 If my people had heard me: if Israel had walked in my ways:
17 And he fed them with the fat of wheat, and filled them with honey out of the rock.
Verse Before the Gospel: Matthew 4: 17
17 Repent, says the Lord; the Kingdom of heaven is at hand."
2025-03-28,catholic_leaf_archive,dated Catholic lectionary response archive,https://www.catholicleaf.com/mass-readings-and-reflection-mar-28-2025/,"Psalm 81:6c-8a, 8bc-9, 10-11ab, 14 and 17 (R. see 11 and 9a)","ps81:6c-8a,8bc-9,10-11ab,14,17(r.11,9a)",I am the Lord your God; listen to my voice.,
2025-03-29,catholic_gallery_douay_archive,Douay-Rheims dated Mass-reading archive,https://www.catholicgallery.org/mass-reading/290325/,"Psalms 51: 3-4, 18-19, 20-21ab","ps51:3-4,18-19,20-21ab","It is mercy I desire, and not sacrifice.","3 Have mercy on me, O God, according to thy great mercy. And according to the multitude of thy tender mercies blot out my iniquity.
4 Wash me yet more from my iniquity, and cleanse me from my sin.
18 For if thou hadst desired sacrifice, I would indeed have given it: with burnt offerings thou wilt not be delighted.
19 A sacrifice to God is an afflicted spirit: a contrite and humbled heart, O God, thou wilt not despise.
20 Deal favourably, O Lord, in thy good will with Sion; that the walls of Jerusalem may be built up.
21ab Then shalt thou accept the sacrifice of justice, oblations and whole burnt offerings.
Verse Before the Gospel: Psalms 95: 8
8 If today you hear his voice, harden not your hearts."
2025-03-29,catholic_leaf_archive,dated Catholic lectionary response archive,https://www.catholicleaf.com/mass-readings-and-reflection-mar-29-2025/,"Psalm 51:3-4,18-19,20-21ab (Hos 6:6)","ps51:3-4,18-19,20-21ab(hos6:6)","I desire steadfast love, and not sacrifice.",
2025-03-30,catholic_gallery_douay_archive,Douay-Rheims dated Mass-reading archive,https://www.catholicgallery.org/mass-reading/300325/,"Psalms 34: 2-3, 4-5, 6-7","ps34:2-3,4-5,6-7",Taste and see the goodness of the Lord.,"2 I will bless the Lord at all times, his praise shall be always in my mouth.
3 In the Lord shall my soul be praised: let the meek hear and rejoice.
4 O magnify the Lord with me; and let us extol his name together.
5 I sought the Lord, and he heard me; and he delivered me from all my troubles.
6 Come ye to him and be enlightened: and your faces shall not be confounded.
7 This poor man cried, and the Lord heard him: and saved him out of all his troubles."
2025-03-30,catholic_leaf_archive,dated Catholic lectionary response archive,https://www.catholicleaf.com/mass-readings-and-reflection-mar-30-2025/,"Psalm 103: 1-2, 3-4, 6-7, 8, 11 (R. 8a)","ps103:1-2,3-4,6-7,8,11(r.8a)",Taste and see that the Lord is good,
2025-03-31,catholic_gallery_douay_archive,Douay-Rheims dated Mass-reading archive,https://www.catholicgallery.org/mass-reading/310325/,"Psalms 30: 2 and 4, 5-6, 11-12a and 13b","ps30:2,4,5-6,11-12a,13b","I will praise you, Lord, for you have rescued me.","2 I will extol thee, O Lord, for thou hast upheld me: and hast not made my enemies to rejoice over me.
4 Thou hast brought forth, O Lord, my soul from hell: thou hast saved me from them that go down into the pit.
5 Sing to the Lord, O ye his saints: and give praise to the memory of his holiness.
6 For wrath is in his indignation; and life in his good will. In the evening weeping shall have place, and in the morning gladness.
11 The Lord hath heard, and hath had mercy on me: the Lord became my helper.
12 Thou hast turned for me my mourning into joy:
13b O Lord my God, I will give praise to thee for ever.
Verse Before the Gospel: Amos 5: 14
14 Seek good and not evil so that you may live, and the LORD will be with you."
2025-03-31,catholic_leaf_archive,dated Catholic lectionary response archive,https://www.catholicleaf.com/mass-readings-and-reflection-mar-31-2025/,"Psalm 30:2 and 4, 5-6, 11-12a and 13b (R. 2a)","ps30:2,4,5-6,11-12a,13b(r.2a)","I will extol you, Lord, for you have raised me up",
2025-04-01,catholic_gallery_douay_archive,Douay-Rheims dated Mass-reading archive,https://www.catholicgallery.org/mass-reading/010425/,"Psalms 46: 2-3, 5-6, 8-9","ps46:2-3,5-6,8-9",The Lord of hosts is with us; our stronghold is the God of Jacob.,"2 Our God is our refuge and strength: a helper in troubles, which have found us exceedingly.
3 Therefore we will not fear, when the earth shall be troubled; and the mountains shall be removed into the heart of the sea.
5 The stream of the river maketh the city of God joyful: the most High hath sanctified his own tabernacle.
6 God is in the midst thereof, it shall not be moved: God will help it in the morning early.
8 The Lord of armies is with us: the God of Jacob is our protector.
9 Come and behold ye the works of the Lord: what wonders he hath done upon earth,
Verse Before the Gospel: Psalms 51: 12a, 14a
12a, 14a A clean heart create for me, O God; give me back the joy of your salvation."
2025-04-01,catholic_leaf_archive,dated Catholic lectionary response archive,https://www.catholicleaf.com/mass-readings-and-reflection-apr-01-2025/,"Psalm 46:2-3, 5-6, 8-9 (R. 8)","ps46:2-3,5-6,8-9(r.8)",The Lord of hosts is with us; the God of Jacob is our stronghold.,
2025-04-02,catholic_gallery_douay_archive,Douay-Rheims dated Mass-reading archive,https://www.catholicgallery.org/mass-reading/020425/,"Psalms 145: 8-9, 13cd-14, 17-18","ps145:8-9,13cd-14,17-18",The Lord is gracious and merciful.,"8 The Lord is gracious and merciful: patient and plenteous in mercy.
9 The Lord is sweet to all: and his tender mercies are over all his works.
13cd The Lord is faithful in all his words: and holy in all his works.
14 The Lord lifteth up all that fall: and setteth up all that are cast down.
17 The Lord is just in all his ways: and holy in all his works.
18 The Lord is nigh unto all them that call upon him: to all that call upon him in truth.
Verse Before the Gospel: John 11: 25a, 26
25a, 26 I am the resurrection and the life, says the Lord; whoever believes in me will never die."
2025-04-02,catholic_leaf_archive,dated Catholic lectionary response archive,https://www.catholicleaf.com/mass-readings-and-reflection-apr-02-2025/,"Psalm 145:8-9, 13cd-14, 17-18 (R. 8a)","ps145:8-9,13cd-14,17-18(r.8a)",The Lord is kind and full of compassion,
2025-04-03,catholic_gallery_douay_archive,Douay-Rheims dated Mass-reading archive,https://www.catholicgallery.org/mass-reading/030425/,"Psalms 106: 19-20, 21-22, 23","ps106:19-20,21-22,23","Remember us, O Lord, as you favor your people.","19 They made also a calf in Horeb: and they adored the graven thing.
20 And they changed their glory into the likeness of a calf that eateth grass.
21 They forgot God, who saved them, who had done great things in Egypt,
22 Wondrous works in the land of Cham: terrible things in the Red Sea.
23 And he said that he would destroy them: had not Moses his chosen stood before him in the breach: To turn away his wrath, lest he should destroy them.
Verse Before the Gospel: John 3: 16
16 God so loved the world that he gave his only-begotten Son, so that everyone who believes in him might have eternal life."
2025-04-03,catholic_leaf_archive,dated Catholic lectionary response archive,https://www.catholicleaf.com/mass-readings-and-reflection-apr-03-2025/,"Psalm 106:19-20, 21-22, 23 (R. 4a)","ps106:19-20,21-22,23(r.4a)","O Lord, remember us with the favour you show to your people",
2025-04-04,catholic_gallery_douay_archive,Douay-Rheims dated Mass-reading archive,https://www.catholicgallery.org/mass-reading/040425/,"Psalms 34: 17-18, 19-20, 21 and 23","ps34:17-18,19-20,21,23",The Lord is close to the brokenhearted.,"17 But the countenance of the Lord is against them that do evil things: to cut off the remembrance of them from the earth.
18 The just cried, and the Lord heard them: and delivered them out of all their troubles.
19 The Lord is nigh unto them that are of a contrite heart: and he will save the humble of spirit.
20 Many are the afflictions of the just; but out of them all will the Lord deliver them.
21 The Lord keepeth all their bones, not one of them shall be broken.
23 The Lord will redeem the souls of his servants: and none of them that trust in him shall offend.
Verse Before the Gospel: Matthew 4: 4b
4b One does not live on bread alone, but on every word that comes forth from the mouth of God."
2025-04-04,catholic_leaf_archive,dated Catholic lectionary response archive,https://www.catholicleaf.com/mass-readings-and-reflection-apr-04-2025/,"Psalm 34:17-18, 19-20, 21 and 23 (R. 19a)","ps34:17-18,19-20,21,23(r.19a)",The Lord is close to the broken-hearted.,
2025-04-05,catholic_gallery_douay_archive,Douay-Rheims dated Mass-reading archive,https://www.catholicgallery.org/mass-reading/050425/,"Psalms 7: 2-3, 9bc-10, 11-12","ps7:2-3,9bc-10,11-12","O Lord, my God, in you I take refuge.","2 O Lord my God, in thee have I put my trust: save me from all them that persecute me, and deliver me.
3 Lest at any time he seize upon my soul like a lion, while there is no one to redeem me, nor to save.
9bc Judge me, O Lord, according to my justice, and according to my innocence in me.
10 The wickedness of sinners shall be brought to nought: and thou shalt direct the just: the searcher of hearts and reins is God.
11 Just is my help from the Lord: who saveth the upright of heart.
12 God is a just judge, strong and patient: is he angry every day?
Verse Before the Gospel: Luke 8: 15
15 Blessed are they who have kept the word with a generous heart and yield a harvest through perseverance."
2025-04-05,catholic_leaf_archive,dated Catholic lectionary response archive,https://www.catholicleaf.com/mass-readings-and-reflection-apr-05-2025/,"Psalm 7:2-3, 9bc-10, 11-12 (R. 2a)","ps7:2-3,9bc-10,11-12(r.2a)","O Lord, my God, I take refuge in you",
2025-04-06,catholic_gallery_douay_archive,Douay-Rheims dated Mass-reading archive,https://www.catholicgallery.org/mass-reading/060425/,"Psalms 126: 1-2ab, 2cd-3, 4-5, 6","ps126:1-2ab,2cd-3,4-5,6",The Lord has done great things for us; we are filled with joy.,"1 When the lord brought back the captivity of Sion, we became like men comforted.
2ab Then was our mouth filled with gladness; and our tongue with joy.
2cd Then shall they say among the Gentiles: The Lord hath done great things for them.
3 The Lord hath done great things for us: we are become joyful.
4 Turn again our captivity, O Lord, as a stream in the south.
5 They that sow in tears shall reap in joy.
6 Going they went and wept, casting their seeds. But coming they shall come with joyfulness, carrying their sheaves."
2025-04-06,catholic_leaf_archive,dated Catholic lectionary response archive,https://www.catholicleaf.com/mass-readings-and-reflection-apr-06-2025/,"Psalm 126:1-2ab, 2cd-3, 4-5, 6 (R. see 3)","ps126:1-2ab,2cd-3,4-5,6(r.3)","What great deeds the Lord worked for us! Indeed, we were glad.",
2025-04-07,catholic_gallery_douay_archive,Douay-Rheims dated Mass-reading archive,https://www.catholicgallery.org/mass-reading/070425/,"Psalms 23: 1-3a, 3b-4, 5, 6","ps23:1-3a,3b-4,5,6",Even though I walk in the dark valley I fear no evil; for you are at my side.,"1 The Lord ruleth me: and I shall want nothing.
2 He hath set me in a place of pasture. He hath brought me up, on the water of refreshment:
3a He hath converted my soul.
3b He hath led me on the paths of justice, for his own name’s sake.
4 For though I should walk in the midst of the shadow of death, I will fear no evils, for thou art with me. Thy rod and thy staff, they have comforted me.
5 Thou hast prepared a table before me against them that afflict me. Thou hast anointed my head with oil; and my chalice which inebriateth me, how goodly is it!
6 And thy mercy will follow me all the days of my life. And that I may dwell in the house of the Lord unto length of days.
Verse Before the Gospel: Ezekiel 33: 11
11 I take no pleasure in the death of the wicked man, says the Lord, but rather in his conversion, that he may live."
2025-04-07,catholic_leaf_archive,dated Catholic lectionary response archive,https://www.catholicleaf.com/mass-readings-and-reflection-apr-07-2025/,"Psalm 23:1-3a, 3b-4, 5, 6 (R. 4ab)","ps23:1-3a,3b-4,5,6(r.4ab)","Though I should walk in the valley of the shadow of death, no evil would I fear, for you are with me.",
2025-04-08,catholic_gallery_douay_archive,Douay-Rheims dated Mass-reading archive,https://www.catholicgallery.org/mass-reading/080425/,"Psalms 102: 2-3, 16-18, 19-21","ps102:2-3,16-18,19-21","O Lord, hear my prayer, and let my cry come to you.","2 Hear, O Lord, my prayer: and let my cry come to thee.
3 Turn not away thy face from me: in the day when I am in trouble, incline thy ear to me. In what day soever I shall call upon thee, hear me speedily.
16 And the Gentiles shall fear thy name, O Lord, and all the kings of the earth thy glory.
17 For the Lord hath built up Sion: and he shall be seen in his glory.
18 He hath had regard to the prayer of the humble: and he hath not despised their petition.
19 Let these things be written unto another generation: and the people that shall be created shall praise the Lord:
20 Because he hath looked forth from his high sanctuary: from heaven the Lord hath looked upon the earth.
21 That he might hear the groans of them that are in fetters: that he might release the children of the slain:
Verse Before the Gospel
The seed is the word of God, Christ is the sower; all who come to him will live for ever."
2025-04-08,catholic_leaf_archive,dated Catholic lectionary response archive,https://www.catholicleaf.com/mass-readings-and-reflection-apr-08-2025/,"Psalm 102:2-3, 16-18, 19-21 (R. 2)","ps102:2-3,16-18,19-21(r.2)","O Lord, hear my prayer, and let my cry come to you.",
2025-04-09,catholic_gallery_douay_archive,Douay-Rheims dated Mass-reading archive,https://www.catholicgallery.org/mass-reading/090425/,"Daniel 3: 52, 53, 54, 55, 56","daniel3:52,53,54,55,56",Glory and praise for ever!,"52 Blessed art thou, O Lord the God of our fathers: and worthy to be praised, and glorified, and exalted above all for ever: and blessed is the holy name of thy glory: and worthy to be praised, and exalted above all in all ages.
53 Blessed art thou in the holy temple of thy glory: and exceedingly to be praised, and exceeding glorious for ever.
54 Blessed art thou on the throne of thy kingdom, and exceedingly to be praised, and exalted above all for ever.
55 Blessed art thou, that beholdest the depths, and sittest upon the cherubims: and worthy to be praised and exalted above all for ever.
56 Blessed art thou in the firmament of heaven: and worthy of praise, and glorious for ever.
Verse Before the Gospel: Luke 8: 15
15 Blessed are they who have kept the word with a generous heart and yield a harvest through perseverance."
2025-04-10,catholic_gallery_douay_archive,Douay-Rheims dated Mass-reading archive,https://www.catholicgallery.org/mass-reading/100425/,"Psalms 105: 4-5, 6-7, 8-9","ps105:4-5,6-7,8-9",The Lord remembers his covenant for ever.,"4 Seek ye the Lord, and be strengthened: seek his face evermore.
5 Remember his marvellous works which he hath done; his wonders, and the judgments of his mouth.
6 O ye seed of Abraham his servant; ye sons of Jacob his chosen.
7 He is the Lord our God: his judgments are in all the earth.
8 He hath remembered his covenant for ever: the word which he commanded to a thousand generations.
9 Which he made to Abraham; and his oath to Isaac:
Verse Before the Gospel: Psalms 95: 8
8 If today you hear his voice, harden not your hearts."
2025-04-10,catholic_leaf_archive,dated Catholic lectionary response archive,https://www.catholicleaf.com/mass-readings-and-reflection-apr-10-2025/,"Psalm 105:4-5, 6-7, 8-9 (R. 8a)","ps105:4-5,6-7,8-9(r.8a)",The Lord remembers his covenant forever.,
2025-04-11,catholic_gallery_douay_archive,Douay-Rheims dated Mass-reading archive,https://www.catholicgallery.org/mass-reading/110425/,"Psalms 18: 2-3a, 3bc-4, 5-6, 7","ps18:2-3a,3bc-4,5-6,7","In my distress I called upon the Lord, and he heard my voice.","2 I will love thee, O Lord, my strength:
3a The Lord is my firmament, my refuge, and my deliverer.
3bc My God is my helper, and in him will I put my trust. My protector and the horn of my salvation, and my support.
4 Praising I will call upon the Lord: and I shall be saved from my enemies.
5 The sorrows of death surrounded me: and the torrents of iniquity troubled me.
6 The sorrows of hell encompassed me: and the snares of death prevented me.
7 In my affliction I called upon the Lord, and I cried to my God: And he heard my voice from his holy temple: and my cry before him came into his ears.
Verse Before the Gospel: John 6: 63c, 68c
63c, 68cYour words, Lord, are Spirit and life; you have the words of everlasting life."
2025-04-11,catholic_leaf_archive,dated Catholic lectionary response archive,https://www.catholicleaf.com/mass-readings-and-reflection-apr-11-2025/,"Psalm 18:2-3a, 3bc-4, 5-6, 7 (R. see 7)","ps18:2-3a,3bc-4,5-6,7(r.7)","In my anguish I called to the Lord, and he heard me.",
2025-04-12,catholic_gallery_douay_archive,Douay-Rheims dated Mass-reading archive,https://www.catholicgallery.org/mass-reading/120425/,"Jeremiah 31: 10, 11-12, 13","jeremiah31:10,11-12,13","The Lord will guard us, as a shepherd guards his flock.","10 Hear the word of the Lord, O ye nations, and declare it in the islands that are afar off, and say: He that scattered Israel will gather him: and he will keep him as the shepherd doth his flock.
11 For the Lord hath redeemed Jacob, and delivered him out of the hand of one that was mightier than he.
12 And they shall come, and shall give praise in mount Sion: and they shall flow together to the good things of the Lord, for the corn, and wine, and oil, and the increase of cattle and herds.
13 Then shall the virgin rejoice in the dance, the young men and old men together: and I will turn their mourning into joy, and will comfort them, and make them joyful after their sorrow.
Verse Before the Gospel: Ezekiel 18: 31
31 Cast away from you all the crimes you have committed, says the LORD, and make for yourselves a new heart and a new spirit."
2025-04-13,catholic_gallery_douay_archive,Douay-Rheims dated Mass-reading archive,https://www.catholicgallery.org/mass-reading/130425/,"Psalms 22: 8-9, 17-18, 19-20, 23-24","ps22:8-9,17-18,19-20,23-24","My God, my God, why have you abandoned me?","8 All they that saw me have laughed me to scorn: they have spoken with the lips, and wagged the head.
9 He hoped in the Lord, let him deliver him: let him save him, seeing he delighteth in him.
17 For many dogs have encompassed me: the council of the malignant hath besieged me. They have dug my hands and feet.
18 They have numbered all my bones. And they have looked and stared upon me.
19 They parted my garments amongst them; and upon my vesture they cast lots.
20 But thou, O Lord, remove not thy help to a distance from me; look towards my defence.
23 I will declare thy name to my brethren: in the midst of the church will I praise thee.
24 Ye that fear the Lord, praise him: all ye the seed of Jacob, glorify him."
2025-04-13,catholic_leaf_archive,dated Catholic lectionary response archive,https://www.catholicleaf.com/mass-readings-and-reflection-apr-13-2025/,"Psalm 22:8-9, 17-18a, 19-20, 23-24 (R. 2a)","ps22:8-9,17-18a,19-20,23-24(r.2a)","My God, my God, why have you forsaken me?",
2025-04-14,catholic_gallery_douay_archive,Douay-Rheims dated Mass-reading archive,https://www.catholicgallery.org/mass-reading/140425/,"Psalms 27: 1, 2, 3, 13-14","ps27:1,2,3,13-14",The Lord is my light and my salvation.,"1 The psalm of David before he was anointed. The Lord is my light and my salvation, whom shall I fear? The Lord is the protector of my life: of whom shall I be afraid?
2 Whilst the wicked draw near against me, to eat my flesh. My enemies that trouble me, have themselves been weakened, and have fallen.
3 If armies in camp should stand together against me, my heart shall not fear. If a battle should rise up against me, in this will I be confident.
13 I believe to see the good things of the Lord in the land of the living.
14 Expect the Lord, do manfully, and let thy heart take courage, and wait thou for the Lord.
Verse Before the Gospel
Hail to you, our King; you alone are compassionate with our faults."
2025-04-14,catholic_leaf_archive,dated Catholic lectionary response archive,https://www.catholicleaf.com/mass-readings-and-reflection-april-14-2025/,"Psalm 27:1, 2, 3, 13-14 (R. 1a)","ps27:1,2,3,13-14(r.1a)",The Lord is my light and my salvation.,
2025-04-15,catholic_gallery_douay_archive,Douay-Rheims dated Mass-reading archive,https://www.catholicgallery.org/mass-reading/150425/,"Psalms 71: 1-2, 3-4a, 5ab-6ab, 15 and 17","ps71:1-2,3-4a,5ab-6ab,15,17",I will sing of your salvation.,"1 Of the sons of Jonadab, and the former captives. In thee, O Lord, I have hoped, let me never be put to confusion:
2 Deliver me in thy justice, and rescue me. Incline thy ear unto me, and save me.
3 Be thou unto me a God, a protector, and a place of strength: that thou mayst make me safe. For thou art my firmament and my refuge.
4a Deliver me, O my God, out of the hand of the sinner.
5ab For thou art my patience, O Lord: my hope, O Lord, from my youth;
6ab By thee have I been confirmed from the womb: from my mother’s womb thou art my protector.
15 My mouth shall shew forth thy justice; thy salvation all the day long. Because I have not known learning,
17 Thou hast taught me, O God, from my youth: and till now I will declare thy wonderful works.
Verse Before the Gospel
Hail to you, our King, obedient to the Father; you were led to your crucifixion like a gentle lamb to the slaughter."
2025-04-15,catholic_leaf_archive,dated Catholic lectionary response archive,https://www.catholicleaf.com/mass-readings-and-reflection-april-15-2025/,"Psalm 71:1-2, 3-4a, 5-6ab, 15ab and 17 (R. see 15ab)","ps71:1-2,3-4a,5-6ab,15ab,17(r.15ab)","My mouth will tell of your salvation, Lord.",
2025-04-16,catholic_gallery_douay_archive,Douay-Rheims dated Mass-reading archive,https://www.catholicgallery.org/mass-reading/160425/,"Psalms 69: 8-10, 21-22, 31 and 33-34","ps69:8-10,21-22,31,33-34","Lord, in your great love, answer me.","8 Because for thy sake I have borne reproach; shame hath covered my face.
9 I am become a stranger to my brethren, and an alien to the sons of my mother.
10 For the zeal of thy house hath eaten me up: and the reproaches of them that reproached thee are fallen upon me.
21 In thy sight are all they that afflict me; my heart hath expected reproach and misery. And I looked for one that would grieve together with me, but there was none: and for one that would comfort me, and I found none.
22 And they gave me gall for my food, and in my thirst they gave me vinegar to drink.
31 I will praise the name of God with a canticle: and I will magnify him with praise.
33 Let the poor see and rejoice: seek ye God, and your soul shall live.
34 For the Lord hath heard the poor: and hath not despised his prisoners.
Verse Before the Gospel
Hail to you, our King; you alone are compassionate with our errors.
Or
Hail to you, our King, obedient to the Father; you were led to your crucifixion like a gentle lamb to the slaughter."
2025-04-16,catholic_leaf_archive,dated Catholic lectionary response archive,https://www.catholicleaf.com/mass-readings-and-reflection-april-16-2025/,"Psalm 69:8-10, 21-22, 31 and 33-34 (R. 14c, b)(R. see 15ab)","ps69:8-10,21-22,31,33-34(r,15ab)(r.14c,b)","In your great mercy, answer me, O Lord, for a time of your favour.",
2025-04-17,catholic_gallery_douay_archive,Douay-Rheims dated Mass-reading archive,https://www.catholicgallery.org/mass-reading/170425/,"Psalms 116: 12-13, 15-16bc, 17-18","ps116:12-13,15-16bc,17-18",Our blessing-cup is a communion with the Blood of Christ.,"12 What shall I render to the Lord, for all the things he hath rendered unto me?
13 I will take the chalice of salvation; and I will call upon the name of the Lord.
15 Precious in the sight of the Lord is the death of his saints.
16bc I am thy servant: I am thy servant, and the son of thy handmaid. Thou hast broken my bonds:
17 I will sacrifice to thee the sacrifice of praise, and I will call upon the name of the Lord.
18 I will pay my vows to the Lord in the sight of all his people:"
2025-04-17,catholic_leaf_archive,dated Catholic lectionary response archive,https://www.catholicleaf.com/mass-readings-and-reflection-apr-17-2025/,"Psalm 116:12-13, 15 and 16bc, 17-18 (R. see 1 Corinthians 10:16)","ps116:12-13,15,16bc,17-18(r.1corinthians10:16)",The cup of blessing is a participation in the blood of Christ.,
2025-04-18,catholic_gallery_douay_archive,Douay-Rheims dated Mass-reading archive,https://www.catholicgallery.org/mass-reading/180425/,"Psalms 31: 2, 6, 12-13, 15-16, 17, 25","ps31:2,6,12-13,15-16,17,25","Father, into your hands I commend my spirit.","2 In thee, O Lord, have I hoped, let me never be confounded: deliver me in thy justice.
6 Into thy hands I commend my spirit: thou hast redeemed me, O Lord, the God of truth.
12 I am become a reproach among all my enemies, and very much to my neighbours; and a fear to my acquaintance. They that saw me without fled from me.
13 I am forgotten as one dead from the heart. I am become as a vessel that is destroyed.
15 But I have put my trust in thee, O Lord: I said: Thou art my God.
16 My lots are in thy hands. Deliver me out of the hands of my enemies; and from them that persecute me.
17 Make thy face to shine upon thy servant; save me in thy mercy.
25 Do ye manfully, and let your heart be strengthened, all ye that hope in the Lord."
2025-04-18,catholic_leaf_archive,dated Catholic lectionary response archive,https://www.catholicleaf.com/mass-readings-and-reflection-apr-18-2025/,"Psalm 31:2 and 6, 12-13, 15-16, 17 and 25 (R. Luke 23:46b)","ps31:2,6,12-13,15-16,17,25(r.luke23:46b)","Father, into your hands I commend my spirit!",
2025-04-19,catholic_gallery_douay_archive,Douay-Rheims dated Mass-reading archive,https://www.catholicgallery.org/mass-reading/190425/,"Psalms 118: 1-2, 16-17, 22-23","ps118:1-2,16-17,22-23","Alleluia, alleluia, alleluia.","1 Give praise to Lord, for he is good: for his mercy endureth for ever.
2 Let Israel now say that he is good: that his mercy endureth for ever.
16 The right hand of the Lord hath wrought strength: the right hand of the Lord hath exulted me: the right hand of the Lord hath wrought strength.
17 I shall not die, but live: and shall declare the works of the Lord.
22 The stone which the builders rejected; the same is become the head of the corner.
23 This is the Lord’s doing: and it is wonderful in our eyes."
2025-04-19,catholic_leaf_archive,dated Catholic lectionary response archive,https://www.catholicleaf.com/mass-readings-and-reflection-apr-19-2025/,"Psalm 118:1-2, 15c-17, 22-23 (R. 24)","ps118:1-2,15c-17,22-23(r.24)",This is the day the Lord has made; let us rejoice in it and be glad. Or: Alleluia.,
2025-04-20,catholic_gallery_douay_archive,Douay-Rheims dated Mass-reading archive,https://www.catholicgallery.org/mass-reading/200425/,"Psalms 118: 1-2, 16-17, 22-23","ps118:1-2,16-17,22-23",This is the day the Lord has made; let us rejoice and be glad.,"or
1 Give praise to Lord, for he is good: for his mercy endureth for ever.
2 Let Israel now say that he is good: that his mercy endureth for ever.
or
16 The right hand of the Lord hath wrought strength: the right hand of the Lord hath exulted me: the right hand of the Lord hath wrought strength.
17 I shall not die, but live: and shall declare the works of the Lord.
or
22 The stone which the builders rejected; the same is become the head of the corner.
23 This is the Lord’s doing: and it is wonderful in our eyes.
or"
2025-04-20,catholic_leaf_archive,dated Catholic lectionary response archive,https://www.catholicleaf.com/mass-readings-and-reflection-apr-20-2025/,"Psalm 118:1-2, 15c-17, 22-23 (R. 24)","ps118:1-2,15c-17,22-23(r.24)",This is the day the Lord has made; let us rejoice in it and be glad. Or: Alleluia.,
2025-04-21,catholic_gallery_douay_archive,Douay-Rheims dated Mass-reading archive,https://www.catholicgallery.org/mass-reading/210425/,"Psalms 16: 1-2a and 5, 7-8, 9-10, 11","ps16:1-2a,5,7-8,9-10,11","Keep me safe, O God; you are my hope.","or
1 Preserve me, O Lord, for I have put trust in thee.
2a I have said to the Lord, thou art my God.
5 The Lord is the portion of my inheritance and of my cup: it is thou that wilt restore my inheritance to me.
or
7 I will bless the Lord, who hath given me understanding: moreover my reins also have corrected me even till night.
8 I set the Lord always in my sight: for he is at my right hand, that I be not moved.
or
9 Therefore my heart hath been glad, and my tongue hath rejoiced: moreover my flesh also shall rest in hope.
10 Because thou wilt not leave my soul in hell; nor wilt then give thy holy one to see corruption.
or
11 Thou hast made known to me the ways of life, thou shalt fill me with joy with thy countenance: at thy right hand are delights even to the end.
or"
2025-04-22,catholic_gallery_douay_archive,Douay-Rheims dated Mass-reading archive,https://www.catholicgallery.org/mass-reading/220425/,"Psalms 33: 4-5, 18-19, 20 and 22","ps33:4-5,18-19,20,22",The earth is full of the goodness of the Lord.,"or
4 For the word of the Lord is right, and all his works are done with faithfulness.
5 He loveth mercy and judgment; the earth is full of the mercy of the Lord.
or
18 Behold the eyes of the Lord are on them that fear him: and on them that hope in his mercy.
19 To deliver their souls from death; and feed them in famine.
or
20 Our soul waiteth for the Lord: for he is our helper and protector.
22 Let thy mercy, O Lord, be upon us, as we have hoped in thee.
or"
2025-04-23,catholic_gallery_douay_archive,Douay-Rheims dated Mass-reading archive,https://www.catholicgallery.org/mass-reading/230425/,"Psalms 105: 1-2, 3-4, 6-7, 8-9","ps105:1-2,3-4,6-7,8-9","Rejoice, O hearts that seek the Lord.","or
1 Alleluia. Give glory to the Lord, and call upon his name: declare his deeds among the Gentiles.
2 Sing to him, yea sing praises to him: relate all his wondrous works.
or
3 Glory ye in his holy name: let the heart of them rejoice that seek the Lord.
4 Seek ye the Lord, and be strengthened: seek his face evermore.
or
6 O ye seed of Abraham his servant; ye sons of Jacob his chosen.
7 He is the Lord our God: his judgments are in all the earth.
or
8 He hath remembered his covenant for ever: the word which he commanded to a thousand generations.
9 Which he made to Abraham; and his oath to Isaac:
or"
2025-04-24,catholic_gallery_douay_archive,Douay-Rheims dated Mass-reading archive,https://www.catholicgallery.org/mass-reading/240425/,"Psalms 8: 2ab and 5, 6-7, 8-9","ps8:2ab,5,6-7,8-9","O Lord, our God, how wonderful your name in all the earth!","or
2ab O Lord our Lord, how admirable is thy name in the whole earth!
5 What is man that thou art mindful of him? or the son of man that thou visitest him?
or
6 Thou hast made him a little less than the angels, thou hast crowned him with glory and honour:
7 And hast set him over the works of thy hands.
or
8 Thou hast subjected all things under his feet, all sheep and oxen: moreover the beasts also of the fields.
9 The birds of the air, and the fishes of the sea, that pass through the paths of the sea.
or"
2025-04-25,catholic_gallery_douay_archive,Douay-Rheims dated Mass-reading archive,https://www.catholicgallery.org/mass-reading/250425/,"Psalms 118: 1-2 and 4, 22-24, 25-27a","ps118:1-2,4,22-24,25-27a",The stone rejected by the builders has become the cornerstone.,"or
1 Give praise to Lord, for he is good: for his mercy endureth for ever.
2 Let Israel now say that he is good: that his mercy endureth for ever.
4 Let them that fear the Lord now say, that his mercy endureth for ever.
or
22 The stone which the builders rejected; the same is become the head of the corner.
23 This is the Lord’s doing: and it is wonderful in our eyes.
24 This is the day which the Lord hath made: let us be glad and rejoice therein.
or
25 O Lord, save me: O Lord, give good success.
26 Blessed be he that cometh in the name Lord. We have blessed you out of the house of the Lord.
27a The Lord is God, and he hath shone upon us.
or"
2025-04-26,catholic_gallery_douay_archive,Douay-Rheims dated Mass-reading archive,https://www.catholicgallery.org/mass-reading/260425/,"Psalms 118: 1 and 14-15ab, 16-18, 19-21","ps118:1,14-15ab,16-18,19-21","I will give thanks to you, for you have answered me.","or
1 Give praise to Lord, for he is good: for his mercy endureth for ever.
14 The Lord is my strength and my praise: and he is become my salvation.
15ab The voice of rejoicing and of salvation is in the tabernacles of the just.
or
16 The right hand of the Lord hath wrought strength: the right hand of the Lord hath exulted me: the right hand of the Lord hath wrought strength.
17 I shall not die, but live: and shall declare the works of the Lord.
18 The Lord chastising hath chastised me: but he hath not delivered me over to death.
or
19 Open ye to me the gates of justice: I will go into them, and give praise to the Lord.
20 This is the gate of the Lord, the just shall enter into it.
21 I will give glory to thee because thou hast heard me: and art become my salvation.
or"
2025-04-27,catholic_gallery_douay_archive,Douay-Rheims dated Mass-reading archive,https://www.catholicgallery.org/mass-reading/270425/,"Psalms 118: 2-4, 13-15, 22-24","ps118:2-4,13-15,22-24","Give thanks to the Lord for he is good, his love is everlasting.","or
2 Let Israel now say that he is good: that his mercy endureth for ever.
3 Let the house of Aaron now say, that his mercy endureth for ever.
4 Let them that fear the Lord now say, that his mercy endureth for ever.
or
13 Being pushed I was overturned that I might fall: but the Lord supported me.
14 The Lord is my strength and my praise: and he is become my salvation.
15 The voice of rejoicing and of salvation is in the tabernacles of the just.
or
22 The stone which the builders rejected; the same is become the head of the corner.
23 This is the Lord’s doing: and it is wonderful in our eyes.
24 This is the day which the Lord hath made: let us be glad and rejoice therein.
or"
2025-04-28,catholic_gallery_douay_archive,Douay-Rheims dated Mass-reading archive,https://www.catholicgallery.org/mass-reading/280425/,"Psalms 2: 1-3, 4-6, 7-9","ps2:1-3,4-6,7-9",Blessed are all who take refuge in the Lord.,"or
1 Why have the Gentiles raged, and the people devised vain things?
2 The kings of the earth stood up, and the princes met together, against the Lord and against his Christ.
3 Let us break their bonds asunder: and let us cast away their yoke from us.
or
4 He that dwelleth in heaven shall laugh at them: and the Lord shall deride them.
5 Then shall he speak to them in his anger, and trouble them in his rage.
6 But I am appointed king by him over Sion his holy mountain, preaching his commandment.
or
7 The Lord hath said to me: Thou art my son, this day have I begotten thee.
8 Ask of me, and I will give thee the Gentiles for thy inheritance, and the utmost parts of the earth for thy possession.
9 Thou shalt rule them with a rod of iron, and shalt break them in pieces like a potter’s vessel.
or"
2025-04-28,catholic_leaf_archive,dated Catholic lectionary response archive,https://www.catholicleaf.com/mass-readings-and-reflection-april-28-2025/,"Psalm 2:1-3, 4-7a, 7b-9","ps2:1-3,4-7a,7b-9",Blessed are all who take refuge in the Lord. Or: Alleluia.,
2025-04-29,catholic_gallery_douay_archive,Douay-Rheims dated Mass-reading archive,https://www.catholicgallery.org/mass-reading/290425/,"Psalms 93: 1ab, 1cd-2, 5","ps93:1ab,1cd-2,5",The Lord is king; he is robed in majesty.,"or
1ab The Lord hath reigned, he is clothed with beauty: the Lord is clothed with strength, and hath girded himself.
or
1cd For he hath established the world which shall not be moved.
2 Thy throne is prepared from of old: thou art from everlasting.
or
5 Thy testimonies are become exceedingly credible: holiness becometh thy house, O Lord, unto length of days.
or"
2025-04-29,catholic_leaf_archive,dated Catholic lectionary response archive,https://www.catholicleaf.com/mass-readings-and-reflection-april-29-2025/,"Psalm 93:1ab, 1cd-2, 5 R.(1a)","ps93:1ab,1cd-2,5r.(1a)","The Lord is king, with majesty enrobed. Or: Alleluia.",
2025-04-30,catholic_gallery_douay_archive,Douay-Rheims dated Mass-reading archive,https://www.catholicgallery.org/mass-reading/300425/,"Psalms 34: 2-3, 4-5, 6-7, 8-9","ps34:2-3,4-5,6-7,8-9",The Lord hears the cry of the poor.,"or
2 I will bless the Lord at all times, his praise shall be always in my mouth.
3 In the Lord shall my soul be praised: let the meek hear and rejoice.
or
4 O magnify the Lord with me; and let us extol his name together.
5 I sought the Lord, and he heard me; and he delivered me from all my troubles.
or
6 Come ye to him and be enlightened: and your faces shall not be confounded.
7 This poor man cried, and the Lord heard him: and saved him out of all his troubles.
or
8 The angel of the Lord shall encamp round about them that fear him: and shall deliver them.
9 O taste, and see that the Lord is sweet: blessed is the man that hopeth in him.
or"
2025-04-30,catholic_leaf_archive,dated Catholic lectionary response archive,https://www.catholicleaf.com/mass-readings-and-reflection-april-30-2025/,"Psalm 34:2-3, 4-5, 6-7, 8-9","ps34:2-3,4-5,6-7,8-9","The Lowly one called, and the Lord heard him Or: Alleluia.",
2025-05-01,catholic_gallery_douay_archive,Douay-Rheims dated Mass-reading archive,https://www.catholicgallery.org/mass-reading/010525/,"Psalms 34: 2 and 9, 17-18, 19-20","ps34:2,9,17-18,19-20",The Lord hears the cry of the poor.,"or
2 I will bless the Lord at all times, his praise shall be always in my mouth.
9 O taste, and see that the Lord is sweet: blessed is the man that hopeth in him.
or
17 But the countenance of the Lord is against them that do evil things: to cut off the remembrance of them from the earth.
18 The just cried, and the Lord heard them: and delivered them out of all their troubles.
or
19 The Lord is nigh unto them that are of a contrite heart: and he will save the humble of spirit.
20 Many are the afflictions of the just; but out of them all will the Lord deliver them.
or"
2025-05-01,catholic_leaf_archive,dated Catholic lectionary response archive,https://www.catholicleaf.com/mass-readings-and-reflection-may-01-2025/,"Psalm 90: 2, 3-4, 12-13, 14 and 16 (R.17c)","ps90:2,3-4,12-13,14,16(r.17c)","Give success to the work of our hands, O Lord. Or: Alleluia.",
2025-05-02,catholic_gallery_douay_archive,Douay-Rheims dated Mass-reading archive,https://www.catholicgallery.org/mass-reading/020525/,"Psalms 27: 1, 4, 13-14","ps27:1,4,13-14",One thing I seek: to dwell in the house of the Lord.,"or
1 The psalm of David before he was anointed. The Lord is my light and my salvation, whom shall I fear? The Lord is the protector of my life: of whom shall I be afraid?
or
4 One thing I have asked of the Lord, this will I seek after; that I may dwell in the house of the Lord all the days of my life. That I may see the delight of the Lord, and may visit his temple.
or
13 I believe to see the good things of the Lord in the land of the living.
14 Expect the Lord, do manfully, and let thy heart take courage, and wait thou for the Lord.
or"
2025-05-02,catholic_leaf_archive,dated Catholic lectionary response archive,https://www.catholicleaf.com/mass-readings-and-reflection-may-02-2025/,"Psalm 27:1, 4, 13-14 (R.4ac)","ps27:1,4,13-14(r.4ac)","There is one thing I ask of the Lord, to live in the house of the Lord Or: Alleluia.",
2025-05-03,catholic_gallery_douay_archive,Douay-Rheims dated Mass-reading archive,https://www.catholicgallery.org/mass-reading/030525/,"Psalms 19: 2-3, 4-5","ps19:2-3,4-5",Their message goes out through all the earth.,"or
2 The heavens shew forth the glory of God, and the firmament declareth the work of his hands.
3 Day to day uttereth speech, and night to night sheweth knowledge.
or
4 There are no speeches nor languages, where their voices are not heard.
5 Their sound hath gone forth into all the earth: and their words unto the ends of the world.
or"
2025-05-03,catholic_leaf_archive,dated Catholic lectionary response archive,https://www.catholicleaf.com/mass-readings-and-reflection-may-03-2025/,"Psalm 19:2-3, 4-5 (R.5a)","ps19:2-3,4-5(r.5a)",Their Sound goes forth through all the earth Or: Alleluia.,
2025-05-04,catholic_gallery_douay_archive,Douay-Rheims dated Mass-reading archive,https://www.catholicgallery.org/mass-reading/040525/,"Psalms 30: 2 and 4, 5-6, 11-12, 13","ps30:2,4,5-6,11-12,13","I will praise you, Lord, for you have rescued me.","or
2 I will extol thee, O Lord, for thou hast upheld me: and hast not made my enemies to rejoice over me.
4 Thou hast brought forth, O Lord, my soul from hell: thou hast saved me from them that go down into the pit.
or
5 Sing to the Lord, O ye his saints: and give praise to the memory of his holiness.
6 For wrath is in his indignation; and life in his good will. In the evening weeping shall have place, and in the morning gladness.
or
11 The Lord hath heard, and hath had mercy on me: the Lord became my helper.
12 Thou hast turned for me my mourning into joy: thou hast cut my sackcloth, and hast compassed me with gladness:
or
13 To the end that my glory may sing to thee, and I may not regret: O Lord my God, I will give praise to thee for ever.
or"
2025-05-05,catholic_gallery_douay_archive,Douay-Rheims dated Mass-reading archive,https://www.catholicgallery.org/mass-reading/050525/,"Psalms 119: 23-24, 26-27, 29-30","ps119:23-24,26-27,29-30",Blessed are they who follow the law of the Lord!,"or
23 For princes sat, and spoke against me: but thy servant was employed in thy justifications.
24 For thy testimonies are my meditation: and thy justifications my counsel.
or
26 I have declared my ways, and thou hast heard me: teach me thy justifications.
27 Make me to understand the way of thy justifications: and I shall be exercised in thy wondrous works.
or
29 Remove from me the way of iniquity: and out of thy law have mercy on me.
30 I have chosen the way of truth: thy judgments I have not forgotten.
or"
2025-05-05,catholic_leaf_archive,dated Catholic lectionary response archive,https://www.catholicleaf.com/mass-readings-and-reflection-may-05-2025/,"Psalm 119:23-24, 26-27, 29-30 (R. 1ab)","ps119:23-24,26-27,29-30(r.1ab)",Blessed are those who walk in the law of the Lord. Or: Alleluia.,
2025-05-06,catholic_gallery_douay_archive,Douay-Rheims dated Mass-reading archive,https://www.catholicgallery.org/mass-reading/060525/,"Psalms 31: 3cd-4, 6 and 7b and 8a, 17 and 21ab","ps31:3cd-4,6,7b,8a,17,21ab","Into your hands, O Lord, I commend my spirit.","or
3cd Be thou unto me a God, a protector, and a house of refuge, to save me.
4 For thou art my strength and my refuge; and for thy name’s sake thou wilt lead me, and nourish me.
or
6 Into thy hands I commend my spirit: thou hast redeemed me, O Lord, the God of truth.
7b But I have hoped in the Lord:
8a I will be glad and rejoice in thy mercy.
or
17 Make thy face to shine upon thy servant; save me in thy mercy.
21ab Thou shalt hide them in the secret of thy face, from the disturbance of men.
or"
2025-05-06,catholic_leaf_archive,dated Catholic lectionary response archive,https://www.catholicleaf.com/mass-readings-and-reflection-may-06-2025/,"Psalm 31:3cd-4, 6 and 7b and 8a, 17 and 21ab (R. 6a)","ps31:3cd-4,6,7b,8a,17,21ab(r.6a)","Into your hands, O Lord, I commend my spirit. Or: Alleluia.",
2025-05-07,catholic_gallery_douay_archive,Douay-Rheims dated Mass-reading archive,https://www.catholicgallery.org/mass-reading/070525/,"Psalms 66: 1-3a, 4-5, 6-7a","ps66:1-3a,4-5,6-7a",Let all the earth cry out to God with joy.,"or
1 Shout with joy to God, all the earth,
2 Sing ye a psalm to his name; give glory to his praise.
3a Say unto God, How terrible are thy works, O Lord!
or
4 Let all the earth adore thee, and sing to thee: let it sing a psalm to thy name.
5 Come and see the works of God; who is terrible in his counsels over the sons of men.
or
6 Who turneth the sea into dry land, in the river they shall pass on foot: there shall we rejoice in him.
7a Who by his power ruleth for ever.
or"
2025-05-07,catholic_leaf_archive,dated Catholic lectionary response archive,https://www.catholicleaf.com/mass-readings-and-reflection-may-07-2025/,"Psalm 66:1-3a, 4-5, 6-7a (R. 1)","ps66:1-3a,4-5,6-7a(r.1)","Cry out with joy to God, all the earth. Or: Alleluia.",
2025-05-08,catholic_gallery_douay_archive,Douay-Rheims dated Mass-reading archive,https://www.catholicgallery.org/mass-reading/080525/,"Psalms 66: 8-9, 16-17, 20","ps66:8-9,16-17,20",Let all the earth cry out to God with joy.,"or
8 O bless our God, ye Gentiles: and make the voice of his praise to be heard.
9 Who hath set my soul to live: and hath not suffered my feet to be moved:
or
16 Come and hear, all ye that fear God, and I will tell you what great things he hath done for my soul.
17 I cried to him with my mouth: and I extolled him with my tongue.
20 Blessed be God, who hath not turned away my prayer, nor his mercy from me.
or"
2025-05-08,catholic_leaf_archive,dated Catholic lectionary response archive,https://www.catholicleaf.com/mass-readings-and-reflection-may-08-2025/,"Psalm 66:8-9, 16-17, 20 (R. 1)","ps66:8-9,16-17,20(r.1)","Cry out with joy to God, all the earth. Or: Alleluia.",
2025-05-09,catholic_gallery_douay_archive,Douay-Rheims dated Mass-reading archive,https://www.catholicgallery.org/mass-reading/090525/,"Psalms 117: 1, 2","ps117:1,2",Go out to all the world and tell the Good News.,"or
1 O praise the Lord, all ye nations: praise him, all ye people.
or
2 For his mercy is confirmed upon us: and the truth of the Lord remaineth for ever.
or"
2025-05-09,catholic_leaf_archive,dated Catholic lectionary response archive,https://www.catholicleaf.com/mass-readings-and-reflection-may-09-2025/,"Psalm 117:1bc, 2 (R. 16:15)","ps117:1bc,2(r.16:15)","Go into all the world, and proclaim the Gospel Or: Alleluia.",
2025-05-10,catholic_gallery_douay_archive,Douay-Rheims dated Mass-reading archive,https://www.catholicgallery.org/mass-reading/100525/,"Psalms 116: 12-13, 14-15, 16-17","ps116:12-13,14-15,16-17",How shall I make a return to the Lord for all the good he has done for me?,"or
12 What shall I render to the Lord, for all the things he hath rendered unto me?
13 I will take the chalice of salvation; and I will call upon the name of the Lord.
or
14 I will pay my vows to the Lord before all his people:
15 Precious in the sight of the Lord is the death of his saints.
or
16 O Lord, for I am thy servant: I am thy servant, and the son of thy handmaid. Thou hast broken my bonds:
17 I will sacrifice to thee the sacrifice of praise, and I will call upon the name of the Lord.
or"
2025-05-10,catholic_leaf_archive,dated Catholic lectionary response archive,https://www.catholicleaf.com/mass-readings-and-reflection-may-10-2025/,"Psalm 116:12-13, 14-15, 16-17 (R. 12)","ps116:12-13,14-15,16-17(r.12)",How can I repay the Lord for all his goodness to me? Or: Alleluia.,
2025-05-11,catholic_gallery_douay_archive,Douay-Rheims dated Mass-reading archive,https://www.catholicgallery.org/mass-reading/110525/,"Psalms 100: 1-2, 3, 5","ps100:1-2,3,5","We are his people, the sheep of his flock.","or
1-2 Sing joyfully to God, all the earth: serve ye the Lord with gladness. Come in before his presence with exceeding great joy.
or
3 Know ye that the Lord he is God: he made us, and not we ourselves. We are his people and the sheep of his pasture.
or
5 For the Lord is sweet, his mercy endureth for ever, and his truth to generation and generation.
or"
2025-05-11,catholic_leaf_archive,dated Catholic lectionary response archive,https://www.catholicleaf.com/mass-readings-and-reflection-apr-11-2025-2/,"Psalm 100:1-2, 3, 5 (R. 3c)","ps100:1-2,3,5(r.3c)","We are his people, the sheep of his flock. Or: Alleluia.",
2025-05-12,catholic_gallery_douay_archive,Douay-Rheims dated Mass-reading archive,https://www.catholicgallery.org/mass-reading/120525/,Psalms 42: 2-3; 43: 3-4,"ps42:2-3,43:3-4",Athirst is my soul for the living God.,"or
2 As the hart panteth after the fountains of water; so my soul panteth after thee, O God.
3 My soul hath thirsted after the strong living God; when shall I come and appear before the face of God?
or
43:3 Send forth thy light and thy truth: they have conducted me, and brought me unto thy holy hill, and into thy tabernacles.
or
4 And I will go in to the altar of God: to God who giveth joy to my youth. To thee, O God my God, I will give praise upon the harp: why art thou sad, O my soul?
or"
2025-05-12,catholic_leaf_archive,dated Catholic lectionary response archive,https://www.catholicleaf.com/mass-readings-and-reflection-may-12-2025/,"Psalm 42:2-3; 43:3, 4 (R. see 3a)","ps42:2-3,43:3,4(r.3a)","My soul is thirsting for you, the living God. Or: Alleluia.",
2025-05-13,catholic_gallery_douay_archive,Douay-Rheims dated Mass-reading archive,https://www.catholicgallery.org/mass-reading/130525/,"Psalms 87: 1b-3, 4-5, 6-7","ps87:1b-3,4-5,6-7","All you nations, praise the Lord.","or
1b His foundations thereof are in the holy mountains:
2 The Lord loveth the gates of Sion above all the tabernacles of Jacob.
3 Glorious things are said of thee, O city of God.
or
4 I will be mindful of Rahab and of Babylon knowing me. Behold the foreigners, and Tyre, and the people of the Ethiopians, these were there.
5 Shall not Sion say: This man and that man is born in her? and the Highest himself hath founded her.
or
6 The Lord shall tell in his writings of peoples and of princes, of them that have been in her.
7 The dwelling in thee is as it were of all rejoicing.
or"
2025-05-13,catholic_leaf_archive,dated Catholic lectionary response archive,https://www.catholicleaf.com/mass-readings-and-reflection-may-13-2025/,"Psalm 87:1b-3, 4-5, 6-7 (R. 117:1a)","ps87:1b-3,4-5,6-7(r.117:1a)","O praise the Lord, all you nations. Or: Alleluia.",
2025-05-14,catholic_gallery_douay_archive,Douay-Rheims dated Mass-reading archive,https://www.catholicgallery.org/mass-reading/140525/,"Psalms 113: 1-2, 3-4, 5-6, 7-8","ps113:1-2,3-4,5-6,7-8",The Lord will give him a seat with the leaders of his people.,"or
1 Praise the Lord, ye children: praise ye the name of the Lord.
2 Blessed be the name of the Lord, from henceforth now and for ever.
or
3 From the rising of the sun unto the going down of the same, the name of the Lord is worthy of praise.
4 The Lord is high above all nations; and his glory above the heavens.
or
5 Who is as the Lord our God, who dwelleth on high:
6 And looketh down on the low things in heaven and in earth?
or
7 Raising up the needy from the earth, and lifting up the poor out of the dunghill:
8 That he may place him with princes, with the princes of his people.
or"
2025-05-14,catholic_leaf_archive,dated Catholic lectionary response archive,https://www.catholicleaf.com/mass-readings-and-reflection-may-14-2025/,"Psalm 113:1-2, 3-4, 5-6, 7-8 (R. 8)","ps113:1-2,3-4,5-6,7-8(r.8)",The Lord set them with the princes of his people. Or: Alleluia.,
2025-05-15,catholic_gallery_douay_archive,Douay-Rheims dated Mass-reading archive,https://www.catholicgallery.org/mass-reading/150525/,"Psalms 89: 2-3, 21-22, 25 and 27","ps89:2-3,21-22,25,27",For ever I will sing the goodness of the Lord.,"or
2 The mercies of the Lord I will sing for ever. I will shew forth thy truth with my mouth to generation and generation.
3 For thou hast said: Mercy shall be built up for ever in the heavens: thy truth shall be prepared in them.
or
21 I have found David my servant: with my holy oil I have anointed him.
22 For my hand shall help him: and my arm shall strengthen him.
or
25 And my truth and my mercy shall be with him: and in my name shall his horn be exalted.
27 He shall cry out to me: Thou art my father: my God, and the support of my salvation.
or"
2025-05-15,catholic_leaf_archive,dated Catholic lectionary response archive,https://www.catholicleaf.com/mass-readings-and-reflection-may-15-2025/,"Psalm 89:2-3, 21-22, 25 and 27 (R. 2)","ps89:2-3,21-22,25,27(r.2)","I will sing forever of your mercies, O Lord. Or: Alleluia.",
2025-05-16,catholic_gallery_douay_archive,Douay-Rheims dated Mass-reading archive,https://www.catholicgallery.org/mass-reading/160525/,"Psalms 2: 6-7, 8-9, 10-11ab","ps2:6-7,8-9,10-11ab",You are my Son; this day I have begotten you.,"or
6 But I am appointed king by him over Sion his holy mountain, preaching his commandment.
7 The Lord hath said to me: Thou art my son, this day have I begotten thee.
or
8 Ask of me, and I will give thee the Gentiles for thy inheritance, and the utmost parts of the earth for thy possession.
9 Thou shalt rule them with a rod of iron, and shalt break them in pieces like a potter’s vessel.
or
10 And now, O ye kings, understand: receive instruction, you that judge the earth.
11ab Serve ye the Lord with fear: and rejoice unto him with trembling.
or"
2025-05-16,catholic_leaf_archive,dated Catholic lectionary response archive,https://www.catholicleaf.com/mass-readings-and-reflection-may-16-2025/,"Psalm 89:2-3, 21-22, 25 and 27 (R. 2)","ps89:2-3,21-22,25,27(r.2)",You are my son. It is I who have begotten you this day. Or: Alleluia.,
2025-05-17,catholic_gallery_douay_archive,Douay-Rheims dated Mass-reading archive,https://www.catholicgallery.org/mass-reading/170525/,"Psalms 98: 1, 2-3ab, 3cd-4","ps98:1,2-3ab,3cd-4",All the ends of the earth have seen the saving power of God.,"or
1 Sing ye to the Lord anew canticle: because he hath done wonderful things. His right hand hath wrought for him salvation, and his arm is holy.
or
2 The Lord hath made known his salvation: he hath revealed his justice in the sight of the Gentiles.
3ab He hath remembered his mercy his truth toward the house of Israel.
or
3cd All the ends of the earth have seen the salvation of our God.
4 Sing joyfully to God, all the earth; make melody, rejoice and sing.
or"
2025-05-17,catholic_leaf_archive,dated Catholic lectionary response archive,https://www.catholicleaf.com/mass-readings-and-reflection-may-17-2025/,"Psalm 98:1, 2-3ab, 3cd-4 (R. 3cd)","ps98:1,2-3ab,3cd-4(r.3cd)",All the ends of the earth have seen the salvation of our God. Or: Alleluia.,
2025-05-18,catholic_gallery_douay_archive,Douay-Rheims dated Mass-reading archive,https://www.catholicgallery.org/mass-reading/180525/,"Psalms 145: 8-9, 10-11, 12-13","ps145:8-9,10-11,12-13","I will praise your name for ever, my king and my God.","or
8 The Lord is gracious and merciful: patient and plenteous in mercy.
9 The Lord is sweet to all: and his tender mercies are over all his works.
or
10 Let all thy works, O lord, praise thee: and let thy saints bless thee.
11 They shall speak of the glory of thy kingdom: and shall tell of thy power:
or
12 To make thy might known to the sons of men: and the glory of the magnificence of thy kingdom.
13 Thy kingdom is a kingdom of all ages: and thy dominion endureth throughout all generations. The Lord is faithful in all his words: and holy in all his works.
or"
2025-05-18,catholic_leaf_archive,dated Catholic lectionary response archive,https://www.catholicleaf.com/mass-readings-and-reflection-may-18-2025/,"Psalm 145:8-9, 10-11, 12-13 (R. cf 1)","ps145:8-9,10-11,12-13(r.1)","I will bless you name forever, my king and my God. Or: Alleluia.",
2025-05-19,catholic_gallery_douay_archive,Douay-Rheims dated Mass-reading archive,https://www.catholicgallery.org/mass-reading/190525/,"Psalms 115: 1-2, 3-4, 15-16","ps115:1-2,3-4,15-16","Not to us, O Lord, but to your name give the glory.","or
1 Not to us, O Lord, not to us; but to thy name give glory.
2 For thy mercy, and for thy truth’s sake: lest the gentiles should say: Where is their God?
or
3 But our God is in heaven: he hath done all things whatsoever he would.
4 The idols of the gentiles are silver and gold, the works of the hands of men.
or
15 Blessed be you of the Lord, who made heaven and earth.
16 The heaven of heaven is the Lord’s: but the earth he has given to the children of men.
or"
2025-05-19,catholic_leaf_archive,dated Catholic lectionary response archive,https://www.catholicleaf.com/mass-readings-and-reflection-may-19-2025/,"Psalm 115:1-2, 3-4, 15-16 (R. 1ab)","ps115:1-2,3-4,15-16(r.1ab)","Not to us, O Lord, but to your name give the glory. Or: Alleluia.",
2025-05-20,catholic_gallery_douay_archive,Douay-Rheims dated Mass-reading archive,https://www.catholicgallery.org/mass-reading/200525/,"Psalms 145: 10-11, 12-13ab, 21","ps145:10-11,12-13ab,21","Your friends make known, O Lord, the glorious splendor of your kingdom.","or
10 Let all thy works, O lord, praise thee: and let thy saints bless thee.
11 They shall speak of the glory of thy kingdom: and shall tell of thy power:
or
12 To make thy might known to the sons of men: and the glory of the magnificence of thy kingdom.
13 Thy kingdom is a kingdom of all ages: and thy dominion endureth throughout all generations.
or
21 My mouth shall speak the praise of the Lord: and let all flesh bless thy holy name for ever; yea, for ever and ever.
or"
2025-05-20,catholic_leaf_archive,dated Catholic lectionary response archive,https://www.catholicleaf.com/mass-readings-and-reflection-may-20-2025/,"Psalm 145:10-11, 12-13ab, 21 (R. see 12)","ps145:10-11,12-13ab,21(r.12)","Your friends make known, O Lord, the glory of your reign. Or: Alleluia.",
2025-05-21,catholic_gallery_douay_archive,Douay-Rheims dated Mass-reading archive,https://www.catholicgallery.org/mass-reading/210525/,"Psalms 122: 1-2, 3-4ab, 4cd-5","ps122:1-2,3-4ab,4cd-5",Let us go rejoicing to the house of the Lord.,"or
1 I rejoiced at the things that were said to me: We shall go into the house of the Lord.
2 Our feet were standing in thy courts, O Jerusalem.
or
3 Jerusalem, which is built as a city, which is compact together.
4ab For thither did the tribes go up, the tribes of the Lord.
or
4cd the testimony of Israel, to praise the name of the Lord.
5 Because their seats have sat in judgment, seats upon the house of David.
or"
2025-05-21,catholic_leaf_archive,dated Catholic lectionary response archive,https://www.catholicleaf.com/mass-readings-and-reflection-may-21-2025/,"Psalm 122:1-2, 3-4ab, 4cd-5 (R. see 1)","ps122:1-2,3-4ab,4cd-5(r.1)",Let us go rejoicing to the house of the Lord. Or: Alleluia.,
2025-05-22,catholic_gallery_douay_archive,Douay-Rheims dated Mass-reading archive,https://www.catholicgallery.org/mass-reading/220525/,"Psalms 96: 1-2a, 2b-3, 10","ps96:1-2a,2b-3,10",Proclaim God’s marvelous deeds to all the nations.,"or
1 A canticle for David himself, when the house was built after the captivity. Sing ye to the Lord a new canticle: sing to the Lord, all the earth.
2a Sing ye to the Lord and bless his name.
or
2b shew forth his salvation from day to day.
3 Declare his glory among the Gentiles: his wonders among all people.
or
10 Say ye among the Gentiles, the Lord hath reigned. For he hath corrected the world, which shall not be moved: he will judge the people with justice.
or"
2025-05-22,catholic_leaf_archive,dated Catholic lectionary response archive,https://www.catholicleaf.com/mass-readings-and-reflection-may-22-2025/,"Psalm 96:1-2a, 2b-3, 10 (R. 3)","ps96:1-2a,2b-3,10(r.3)",Tell among all the peoples the wonders of the Lord. Or: Alleluia.,
2025-05-23,catholic_gallery_douay_archive,Douay-Rheims dated Mass-reading archive,https://www.catholicgallery.org/mass-reading/230525/,"Psalms 57: 8-9, 10 and 12","ps57:8-9,10,12","I will give you thanks among the peoples, O Lord.","or
8 My heart is ready, O God, my heart is ready: I will Sing, and rehearse a psalm.
9 Arise, O my glory, arise psaltery and harp: I will arise early.
or
10 I will give praise to thee, O Lord, among the people: I will sing a psalm to thee among the nations.
12 Be thou exalted, O God, above the heavens: and thy glory above all the earth.
or"
2025-05-23,catholic_leaf_archive,dated Catholic lectionary response archive,https://www.catholicleaf.com/mass-readings-and-reflection-may-23-2025/,"Psalm 57:8-9, 10 and 12 (R. 10a)","ps57:8-9,10,12(r.10a)","I will give you thanks among the peoples, O Lord. Or: Alleluia.",
2025-05-24,catholic_gallery_douay_archive,Douay-Rheims dated Mass-reading archive,https://www.catholicgallery.org/mass-reading/240525/,"Psalms 100: 2, 3, 5","ps100:2,3,5",Let all the earth cry out to God with joy.,"or
2 Sing joyfully to God, all the earth: serve ye the Lord with gladness. Come in before his presence with exceeding great joy.
or
3 Know ye that the Lord he is God: he made us, and not we ourselves. We are his people and the sheep of his pasture.
or
5 For the Lord is sweet, his mercy endureth for ever, and his truth to generation and generation.
or"
2025-05-24,catholic_leaf_archive,dated Catholic lectionary response archive,https://www.catholicleaf.com/mass-readings-and-reflection-may-24-2025/,"Psalm 100:1b-2, 3, 5 (R. 1a)","ps100:1b-2,3,5(r.1a)",Cry out with joy to the Lord all the earth. Or: Alleluia.,
2025-05-25,catholic_gallery_douay_archive,Douay-Rheims dated Mass-reading archive,https://www.catholicgallery.org/mass-reading/250525/,"Psalms 67: 2-3, 5, 6 and 8","ps67:2-3,5,6,8","O God, let all the nations praise you!","or
2 May God have mercy on us, and bless us: may he cause the light of his countenance to shine upon us, and may he have mercy on us.
3 That we may know thy way upon earth: thy salvation in all nations.
or
5 Let the nations be glad and rejoice: for thou judgest the people with justice, and directest the nations upon earth.
or
6 Let the people, O God, confess to thee: let all the people give praise to thee:
8 May God bless us: and all the ends of the earth fear him.
or"
2025-05-25,catholic_leaf_archive,dated Catholic lectionary response archive,https://www.catholicleaf.com/mass-readings-and-reflection-may-25-2025/,"Psalm 67:2-3, 5, 6, 8 (R. 4)","ps67:2-3,5,6,8(r.4)","Let the peoples praise you, O God; let all the peoples praise you!. Or: Alleluia.",
2025-05-26,catholic_gallery_douay_archive,Douay-Rheims dated Mass-reading archive,https://www.catholicgallery.org/mass-reading/260525/,"Psalms 149: 1b-2, 3-4, 5-6a and 9b","ps149:1b-2,3-4,5-6a,9b",The Lord takes delight in his people.,"or
1b Sing ye to the Lord a new canticle: let his praise be in the church of the saints.
2 Let Israel rejoice in him that made him: and let the children of Sion be joyful in their king.
or
3 Let them praise his name in choir: let them sing to him with the timbrel and the psaltery.
4 For the Lord is well pleased with his people: and he will exalt the meek unto salvation.
or
5 The saints shall rejoice in glory: they shall be joyful in their beds.
6a The high praise of God shall be in their mouth.
9b This glory is to all his saints. Alleluia.
or"
2025-05-26,catholic_leaf_archive,dated Catholic lectionary response archive,https://www.catholicleaf.com/mass-readings-and-reflection-may-26-2025/,"Psalm 149:1-2, 3-4, 5-6a and 9b (R. 4a)","ps149:1-2,3-4,5-6a,9b(r.4a)",The Lord takes delight in his people. Or: Alleluia.,
2025-05-27,catholic_gallery_douay_archive,Douay-Rheims dated Mass-reading archive,https://www.catholicgallery.org/mass-reading/270525/,"Psalms 138: 1-2ab, 2cde-3, 7c-8","ps138:1-2ab,2cde-3,7c-8","Your right hand saves me, O Lord.","or
1 I will praise thee, O lord, with my whole heart: for thou hast heard the words of my mouth. I will sing praise to thee in the sight of his angels:
2ab I will worship towards thy holy temple, and I will give glory to thy name.
or
2cde For thy mercy, and for thy truth: for thou hast magnified thy holy name above all.
3 In what day soever I shall call upon thee, hear me: thou shall multiply strength in my soul.
or
Thy right hand hath saved me.
7c Thy right hand hath saved me.
8 The Lord will repay for me: thy mercy, O Lord, endureth for ever: O despise not the work of thy hands.
or"
2025-05-27,catholic_leaf_archive,dated Catholic lectionary response archive,https://www.catholicleaf.com/mass-readings-and-reflection-may-27-2025/,"Psalm 138:1-2ab, 2cde-3, 7c-8 (R. 7c)","ps138:1-2ab,2cde-3,7c-8(r.7c)","With your right hand you save me, O Lord. Or: Alleluia.",
2025-05-28,catholic_gallery_douay_archive,Douay-Rheims dated Mass-reading archive,https://www.catholicgallery.org/mass-reading/280525/,"Psalms 148: 1-2, 11-12, 13, 14","ps148:1-2,11-12,13,14",Heaven and earth are full of your glory.,"or
1 Praise ye the Lord from the heavens: praise ye him in the high places.
2 Praise ye him, all his angels: praise ye him, all his hosts.
or
11 Kings of the earth and all people: princes and all judges of the earth:
12 Young men and maidens: let the old with the younger,
or
13 Praise the name of the Lord: For his name alone is exalted. The praise of him is above heaven and earth.
or
14 He hath exalted the horn of his people. A hymn to all his saints: to the children of Israel, a people approaching to him. Alleluia.
or"
2025-05-28,catholic_leaf_archive,dated Catholic lectionary response archive,https://www.catholicleaf.com/mass-readings-and-reflection-may-28-2025/,"Psalm 148:1-2, 11-12, 13, 14 (R.)","ps148:1-2,11-12,13,14(r.)",Heaven and earth are full of your glory. Or: Alleluia.,
2025-05-29,catholic_gallery_douay_archive,Douay-Rheims dated Mass-reading archive,https://www.catholicgallery.org/mass-reading/290525/,"Psalms 98: 1, 2-3ab, 3cd-4","ps98:1,2-3ab,3cd-4",The Lord has revealed to the nations his saving power.,"or
1 Sing ye to the Lord anew canticle: because he hath done wonderful things. His right hand hath wrought for him salvation, and his arm is holy.
or
2 The Lord hath made known his salvation: he hath revealed his justice in the sight of the Gentiles.
3ab He hath remembered his mercy his truth toward the house of Israel.
or
3cd All the ends of the earth have seen the salvation of our God.
4 Sing joyfully to God, all the earth; make melody, rejoice and sing.
or"
2025-05-29,catholic_leaf_archive,dated Catholic lectionary response archive,https://www.catholicleaf.com/mass-readings-and-reflection-may-29-2025/,"Psalm 98:1, 2-3ab, 3cd-4 (R. see 2b)","ps98:1,2-3ab,3cd-4(r.2b)",The Lord has shown his deliverance to the nations. Or: Alleluia.,
2025-05-30,catholic_gallery_douay_archive,Douay-Rheims dated Mass-reading archive,https://www.catholicgallery.org/mass-reading/300525/,"Psalms 47: 2-3, 4-5, 6-7","ps47:2-3,4-5,6-7",God is king of all the earth.,"or
2 O clap your hands, all ye nations: shout unto God with the voice of Joy,
3 For the Lord is high, terrible: a great king over all the earth.
or
4 He hath subdued the people under us; and the nations under our feet.
5 He hath chosen for us his inheritance the beauty of Jacob which he hath loved.
or
6 God is ascended with jubilee, and the Lord with the sound of trumpet.
7 Sing praises to our God, sing ye: sing praises to our king, sing ye.
or"
2025-05-30,catholic_leaf_archive,dated Catholic lectionary response archive,https://www.catholicleaf.com/mass-readings-and-reflection-may-30-2025/,"Psalm 47:2-3, 4-5, 6-7 (R. 8a)","ps47:2-3,4-5,6-7(r.8a)",God is king of all the earth. Or: Alleluia.,
2025-05-31,catholic_gallery_douay_archive,Douay-Rheims dated Mass-reading archive,https://www.catholicgallery.org/mass-reading/310525/,"Isaiah 12: 2-3, 4bcd, 5-6","isaiah12:2-3,4bcd,5-6",Among you is the great and Holy One of Israel.,"2 Behold, God is my saviour, I will deal confidently, and will not fear: O because the Lord is my strength, and my praise, and he is become my salvation.
3 You shall draw waters with joy out of the saviour’s fountains:
4bcd Praise ye the Lord, and call upon his name: make his works known among the people: remember that his name is high.
5 Sing ye to the Lord, for he hath done great things: shew this forth in all the earth.
6 Rejoice, and praise, O thou habitation of Sion: for great is he that is in the midst of thee, the Holy One of Israel."
2025-06-01,catholic_gallery_douay_archive,Douay-Rheims dated Mass-reading archive,https://www.catholicgallery.org/mass-reading/010625/,"Psalms 47: 2-3, 6-7, 8-9","ps47:2-3,6-7,8-9",God mounts his throne to shouts of joy: a blare of trumpets for the Lord.,"or
2 O clap your hands, all ye nations: shout unto God with the voice of Joy,
3 For the Lord is high, terrible: a great king over all the earth.
or
6 God is ascended with jubilee, and the Lord with the sound of trumpet.
7 Sing praises to our God, sing ye: sing praises to our king, sing ye.
or
8 For God is the king of all the earth: sing ye wisely.
9 God shall reign over the nations: God sitteth on his holy throne.
or"
2025-06-01,catholic_leaf_archive,dated Catholic lectionary response archive,https://www.catholicleaf.com/mass-readings-and-reflection-june-01-2025/,"Psalm 47:2-3, 6-7, 8-9 (R. 6)","ps47:2-3,6-7,8-9(r.6)",God goes up with shouts of joy. The Lord goes up with trumpet blast. Or: Alleluia.,
2025-06-02,catholic_gallery_douay_archive,Douay-Rheims dated Mass-reading archive,https://www.catholicgallery.org/mass-reading/020625/,"Psalms 68: 2-3ab, 4-5acd, 6-7ab","ps68:2-3ab,4-5acd,6-7ab","Sing to God, O kingdoms of the earth.","or
2 Let God arise, and let his enemies be scattered: and let them that hate him flee from before his face.
3ab As smoke vanisheth, so let them vanish away: as wax melteth before the fire.
or
4 And let the just feast, and rejoice before God: and be delighted with gladness.
5acd Sing ye to God, sing a psalm to his name, make a way for him who ascendeth upon the west: the Lord is his name.
or
6 Who is the father of orphans, and the judge of widows. God in his holy place:
7ab God who maketh men of one manner to dwell in a house: Who bringeth out them that were bound in strength.
or"
2025-06-02,catholic_leaf_archive,dated Catholic lectionary response archive,https://www.catholicleaf.com/mass-readings-and-reflection-june-02-2025/,"Psalm 68:2-3ab, 4-5 acd, 6-7ab R. (33a)","ps68:2-3ab,4-5acd,6-7abr.(33a)","You kingdoms of the earth, sing to God. Or: Alleluia.",
2025-06-03,catholic_gallery_douay_archive,Douay-Rheims dated Mass-reading archive,https://www.catholicgallery.org/mass-reading/030625/,"Psalms 68: 10-11, 20-21","ps68:10-11,20-21","Sing to God, O kingdoms of the earth.","or
10 Thou shalt set aside for thy inheritance a free rain, O God: and it was weakened, but thou hast made it perfect.
11 In it shall thy animals dwell; in thy sweetness, O God, thou hast provided for the poor.
or
20 Blessed be the Lord day by day: the God of our salvation will make our journey prosperous to us.
21 Our God is the God of salvation: and of the Lord, of the Lord are the issues from death.
or"
2025-06-03,catholic_leaf_archive,dated Catholic lectionary response archive,https://www.catholicleaf.com/mass-readings-and-reflection-june-03-2025/,"Psalm 68:10-11, 20-21 R. (33a)","ps68:10-11,20-21r.(33a)","You kingdoms of the earth, sing to God, sing to God. Or: Alleluia.",
2025-06-04,catholic_gallery_douay_archive,Douay-Rheims dated Mass-reading archive,https://www.catholicgallery.org/mass-reading/040625/,"Psalms 68: 29-30, 33-35a, 35bc-36ab","ps68:29-30,33-35a,35bc-36ab","Sing to God, O kingdoms of the earth.","or
29 Command thy strength, O God: confirm, O God, what thou hast wrought in us.
30 From thy temple in Jerusalem, kings shall offer presents to thee.
or
33 Sing to God, ye kingdoms of the earth: sing ye to the Lord: Sing ye to God,
34-35a Who mounteth above the heaven of heavens, to the east. Behold he will give to his voice the voice of power:
or
35bc Give ye glory to God for Israel, his magnificence, and his power is in the clouds.
36ab God is wonderful in his saints: the God of Israel is he who will give power and strength to his people.
or"
2025-06-04,catholic_leaf_archive,dated Catholic lectionary response archive,https://www.catholicleaf.com/mass-readings-and-reflection-june-04-2025/,"Psalm 68:29-30, 33-35a, 35bc-36ab R. (33a)","ps68:29-30,33-35a,35bc-36abr.(33a)","You kingdoms of the earth, sing to God, sing to God. Or: Alleluia.",
2025-06-05,catholic_gallery_douay_archive,Douay-Rheims dated Mass-reading archive,https://www.catholicgallery.org/mass-reading/050625/,"Psalms 16: 1-2a and 5, 7-8, 9-10, 11","ps16:1-2a,5,7-8,9-10,11","Preserve me, O Lord, for I have put trust in thee.","or
1 Keep me safe, O God; you are my hope.
2a I have said to the Lord, thou art my God.
5 The Lord is the portion of my inheritance and of my cup: it is thou that wilt restore my inheritance to me.
or
7 I will bless the Lord, who hath given me understanding: moreover my reins also have corrected me even till night.
8 I set the Lord always in my sight: for he is at my right hand, that I be not moved.
or
9 Therefore my heart hath been glad, and my tongue hath rejoiced: moreover my flesh also shall rest in hope.
10 Because thou wilt not leave my soul in hell; nor wilt then give thy holy one to see corruption.
or
11 Thou hast made known to me the ways of life, thou shalt fill me with joy with thy countenance: at thy right hand are delights even to the end.
or"
2025-06-05,catholic_leaf_archive,dated Catholic lectionary response archive,https://www.catholicleaf.com/mass-readings-and-reflection-june-05-2025/,"Psalm 16:1-2a and 5, 7-8, 9-10, 11 R.(1)","ps16:1-2a,5,7-8,9-10,11r.(1)","Preserve me, O God, for in you I take refuge. Or: Alleluia.",
2025-06-06,catholic_gallery_douay_archive,Douay-Rheims dated Mass-reading archive,https://www.catholicgallery.org/mass-reading/060625/,"Psalms 103: 1-2, 11-12, 19-20ab","ps103:1-2,11-12,19-20ab",The Lord has established his throne in heaven.,"or
1 Bless the Lord, O my soul: and let all that is within me bless his holy name.
2 Bless the Lord, O my soul, and never forget all he hath done for thee.
or
11 For according to the height of the heaven above the earth: he hath strengthened his mercy towards them that fear him.
12 As far as the east is from the west, so far hath he removed our iniquities from us.
or
19 The Lord hath prepared his throne in heaven: and his kingdom shall rule over all.
20ab Bless the Lord, all ye his angels: you that are mighty in strength, and execute his word.
or"
2025-06-06,catholic_leaf_archive,dated Catholic lectionary response archive,https://www.catholicleaf.com/mass-readings-and-reflection-june-06-2025/,"Psalm 103:1-2, 11-12, 19-20ab R. (19a)","ps103:1-2,11-12,19-20abr.(19a)",The Lord has fixed his throne in heaven. Or: Alleluia.,
2025-06-07,catholic_gallery_douay_archive,Douay-Rheims dated Mass-reading archive,https://www.catholicgallery.org/mass-reading/070625/,"Psalms 11: 4, 5 and 7","ps11:4,5,7","The just will gaze on your face, O Lord.","or
4 The Lord is in his holy temple, the Lord’s throne is in heaven. His eyes look on the poor man: his eyelids examine the sons of men.
or
5 The Lord trieth the just and the wicked: but he that loveth iniquity hateth his own soul.
7 For the Lord is just, and hath loved justice: his countenance hath beheld righteousness.
or"
2025-06-07,catholic_leaf_archive,dated Catholic lectionary response archive,https://www.catholicleaf.com/mass-readings-and-reflection-june-07-2025/,"Psalm 11:4, 5 and 7 R. (see 7b)","ps11:4,5,7r.(7b)","The upright shall behold your face, O Lord. Or: Alleluia.",
2025-06-08,catholic_gallery_douay_archive,Douay-Rheims dated Mass-reading archive,https://www.catholicgallery.org/mass-reading/080625/,"Psalms 104: 1, 24, 29-30, 31, 34","ps104:1,24,29-30,31,34","Lord, send out your Spirit, and renew the face of the earth.","or
1 Bless the Lord, O my soul: O Lord my God, thou art exceedingly great. Thou hast put on praise and beauty:
24 How great are thy works, O Lord? thou hast made all things in wisdom: the earth is filled with thy riches.
or
29 But if thou turnest away thy face, they shall be troubled: thou shalt take away their breath, and they shall fail, and shall return to their dust.
30 Thou shalt send forth thy spirit, and they shall be created: and thou shalt renew the face of the earth.
or
31 May the glory of the Lord endure for ever: the Lord shall rejoice in his works.
34 Let my speech be acceptable to him: but I will take delight in the Lord.
or"
2025-06-08,catholic_leaf_archive,dated Catholic lectionary response archive,https://www.catholicleaf.com/mass-readings-and-reflection-june-08-2025/,"Psalm 104:1, 24, 29-30, 31, 34 R. (cf. 30)","ps104:1,24,29-30,31,34r.(30)","Lord, send froth your spirit, and renew the face of the earth. Or: Alleluia.",
2025-06-09,catholic_gallery_douay_archive,Douay-Rheims dated Mass-reading archive,https://www.catholicgallery.org/mass-reading/090625/,"Psalms 87: 1-2, 3 and 5, 6-7","ps87:1-2,3,5,6-7","Glorious things are told of you, O city of God.","1 For the sons of Core, a psalm of a canticle. The foundations thereof are in the holy mountains:
2 The Lord loveth the gates of Sion above all the tabernacles of Jacob.
3 Glorious things are said of thee, O city of God.
5 Shall not Sion say: This man and that man is born in her? and the Highest himself hath founded her.
6 The Lord shall tell in his writings of peoples and of princes, of them that have been in her.
7 The dwelling in thee is as it were of all rejoicing."
2025-06-09,catholic_leaf_archive,dated Catholic lectionary response archive,https://www.catholicleaf.com/mass-readings-and-reflection-june-09-2025/,"Psalm 34: 2-3, 4-5, 6-7, 8-9 (R. 9a)","ps34:2-3,4-5,6-7,8-9(r.9a)",Taste and see that the Lord is good.,
2025-06-10,catholic_gallery_douay_archive,Douay-Rheims dated Mass-reading archive,https://www.catholicgallery.org/mass-reading/100625/,"Psalms 119: 129, 130, 131, 132, 133, 135","ps119:129,130,131,132,133,135","Lord, let your face shine on me.","129 PHE. Thy testimonies are wonderful: therefore my soul hath sought them.
130 The declaration of thy words giveth light: and giveth understanding to little ones.
131 I opened my mouth and panted: because I longed for thy commandments.
132 Look thou upon me, and have mercy on me, according to the judgment of them that love thy name.
133 Direct my steps according to thy word: and let no iniquity have dominion over me.
135 Make thy face to shine upon thy servant: and teach me thy justifications."
2025-06-10,catholic_leaf_archive,dated Catholic lectionary response archive,https://www.catholicleaf.com/mass-readings-and-reflection-june-10-2025/,"Psalm 119:129, 130, 131, 132, 133, 135 R. (135a)","ps119:129,130,131,132,133,135r.(135a)",Let your face shine forth on your servant,
2025-06-11,catholic_gallery_douay_archive,Douay-Rheims dated Mass-reading archive,https://www.catholicgallery.org/mass-reading/110625/,"Psalms 98: 1, 2-3ab, 3cd-4, 5-6","ps98:1,2-3ab,3cd-4,5-6",The Lord has revealed to the nations his saving power.,"1 Sing ye to the Lord anew canticle: because he hath done wonderful things. His right hand hath wrought for him salvation, and his arm is holy.
2 The Lord hath made known his salvation: he hath revealed his justice in the sight of the Gentiles.
3ab He hath remembered his mercy his truth toward the house of Israel.
3cd All the ends of the earth have seen the salvation of our God.
4 Sing joyfully to God, all the earth; make melody, rejoice and sing.
5 Sing praise to the Lord on the harp, on the harp, and with the voice of a psalm:
6 With long trumpets, and sound of comet. Make a joyful noise before the Lord our king:"
2025-06-11,catholic_leaf_archive,dated Catholic lectionary response archive,https://www.catholicleaf.com/mass-readings-and-reflection-june-11-2025/,"Psalm 98:1, 2-3ab, 3cd-4, 5-6 R. (see 2b)","ps98:1,2-3ab,3cd-4,5-6r.(2b)",The Lord has shown his deliverance to the nations,
2025-06-12,catholic_gallery_douay_archive,Douay-Rheims dated Mass-reading archive,https://www.catholicgallery.org/mass-reading/120625/,"Psalms 85: 9ab and 10, 11-12, 13-14","ps85:9ab,10,11-12,13-14",The glory of the Lord will dwell in our land.,"9ab I will hear what the Lord God will speak in me: for he will speak peace unto his people.
10 Surely his salvation is near to them that fear him: that glory may dwell in our land.
11 Mercy and truth have met each other: justice and peace have kissed.
12 Truth is sprung out of the earth: and justice hath looked down from heaven.
13 For the Lord will give goodness: and our earth shall yield her fruit.
14 Justice shall walk before him: and shall set his steps in the way."
2025-06-13,catholic_gallery_douay_archive,Douay-Rheims dated Mass-reading archive,https://www.catholicgallery.org/mass-reading/130625/,"Psalms 116: 10-11, 15-16, 17-18","ps116:10-11,15-16,17-18","To you, Lord, I will offer a sacrifice of praise.","or
10 I have believed, therefore have I spoken; but I have been humbled exceedingly.
11 I said in my excess: Every man is a liar.
or
15 Precious in the sight of the Lord is the death of his saints.
16 O Lord, for I am thy servant: I am thy servant, and the son of thy handmaid. Thou hast broken my bonds:
or
17 I will sacrifice to thee the sacrifice of praise, and I will call upon the name of the Lord.
18 I will pay my vows to the Lord in the sight of all his people:
or"
2025-06-14,catholic_gallery_douay_archive,Douay-Rheims dated Mass-reading archive,https://www.catholicgallery.org/mass-reading/140625/,"Psalms 103: 1-2, 3-4, 9-10, 11-12","ps103:1-2,3-4,9-10,11-12",The Lord is kind and merciful.,"1 Bless the Lord, O my soul: and let all that is within me bless his holy name.
2 Bless the Lord, O my soul, and never forget all he hath done for thee.
3 Who forgiveth all thy iniquities: who healeth all thy diseases.
4 Who redeemeth thy life from destruction: who crowneth thee with mercy and compassion.
9 He will not always be angry: nor will he threaten for ever.
10 He hath not dealt with us according to our sins: nor rewarded us according to our iniquities.
11 For according to the height of the heaven above the earth: he hath strengthened his mercy towards them that fear him.
12 As far as the east is from the west, so far hath he removed our iniquities from us."
2025-06-15,catholic_gallery_douay_archive,Douay-Rheims dated Mass-reading archive,https://www.catholicgallery.org/mass-reading/150625/,"Psalms 8: 4-5, 6-7, 8-9","ps8:4-5,6-7,8-9","O Lord, our God, how wonderful your name in all the earth!","4 For I will behold thy heavens, the works of thy fingers: the moon and the stars which thou hast founded.
5 What is man that thou art mindful of him? or the son of man that thou visitest him?
6 Thou hast made him a little less than the angels, thou hast crowned him with glory and honour:
7 And hast set him over the works of thy hands.
8 Thou hast subjected all things under his feet, all sheep and oxen: moreover the beasts also of the fields.
9 The birds of the air, and the fishes of the sea, that pass through the paths of the sea."
2025-06-15,catholic_leaf_archive,dated Catholic lectionary response archive,https://www.catholicleaf.com/mass-readings-and-reflection-june-15-2025/,"Psalm 8:4-5, 6-7, 8-9 R (2a)","ps8:4-5,6-7,8-9r(2a)","O Lord, our Lord, how majestic is your name through all the earth!",
2025-06-16,catholic_gallery_douay_archive,Douay-Rheims dated Mass-reading archive,https://www.catholicgallery.org/mass-reading/160625/,"Psalms 98: 1, 2b, 3ab, 3cd-4","ps98:1,2b,3ab,3cd-4",The Lord has made known his salvation.,"1 Sing ye to the Lord anew canticle: because he hath done wonderful things. His right hand hath wrought for him salvation, and his arm is holy.
2b He hath revealed his justice in the sight of the Gentiles.
3ab He hath remembered his mercy his truth toward the house of Israel.
3cd All the ends of the earth have seen the salvation of our God.
4 Sing joyfully to God, all the earth; make melody, rejoice and sing."
2025-06-16,catholic_leaf_archive,dated Catholic lectionary response archive,https://www.catholicleaf.com/mass-readings-and-reflection-june-16-2025/,"Psalm 98:1, 2b, 3ab, 3cd-4 R.(2a)","ps98:1,2b,3ab,3cd-4r.(2a)",The Lord is compassionate and gracious,
2025-06-17,catholic_gallery_douay_archive,Douay-Rheims dated Mass-reading archive,https://www.catholicgallery.org/mass-reading/170625/,"Psalms 146: 2, 5-6ab, 6c-7, 8-9a","ps146:2,5-6ab,6c-7,8-9a","Praise the Lord, my soul!","or
2 I will sing to my God as long as I shall be. Put not your trust in princes:
or
5 Blessed is he who hath the God of Jacob for his helper, whose hope is in the Lord his God:
6 Who made heaven and earth, the sea, and all things that are in them.
or
7 Who keepeth truth for ever: who executeth judgment for them that suffer wrong: who giveth food to the hungry. The Lord looseth them that are fettered:
or
8 The Lord enlighteneth the blind. The Lord lifteth up them that are cast down: the Lord loveth the just.
9a The Lord keepeth the strangers.
or"
2025-06-18,catholic_gallery_douay_archive,Douay-Rheims dated Mass-reading archive,https://www.catholicgallery.org/mass-reading/180625/,"Psalms 112: 1bc-2, 3-4, 9","ps112:1bc-2,3-4,9",Blessed the man who fears the Lord.,"or
1 Blessed is the man that feareth the Lord: he shall delight exceedingly in his commandments.
2 His seed shall be mighty upon earth: the generation of the righteous shall be blessed.
or
3 Glory and wealth shall be in his house: and his justice remaineth for ever and ever.
4 To the righteous a light is risen up in darkness: he is merciful, and compassionate and just.
or
9 He hath distributed, he hath given to the poor: his justice remaineth for ever and ever: his horn shall be exalted in glory.
or"
2025-06-19,catholic_gallery_douay_archive,Douay-Rheims dated Mass-reading archive,https://www.catholicgallery.org/mass-reading/190625/,"Psalms 111: 1b-2, 3-4, 7-8","ps111:1b-2,3-4,7-8","Your works, O Lord, are justice and truth.","or
1 I will praise thee, O Lord, with my whole heart; in the council of the just: and in the congregation.
2 Great are the works of the Lord: sought out according to all his wills.
or
3 His work is praise and magnificence: and his justice continueth for ever and ever.
4 He hath made a remembrance of his wonderful works, being a merciful and gracious Lord:
or
7 That he may give them the inheritance of the Gentiles: the works of his hands are truth and judgment.
8 All his commandments are faithful: confirmed for ever and ever, made in truth and equity.
or"
2025-06-19,catholic_leaf_archive,dated Catholic lectionary response archive,https://www.catholicleaf.com/mass-readings-and-reflection-june-19-2025/,"Psalm 111:1b-2, 3-4, 7-8 R.(7a)","ps111:1b-2,3-4,7-8r.(7a)",The Lord’s handiwork is justice and truth,
2025-06-20,catholic_gallery_douay_archive,Douay-Rheims dated Mass-reading archive,https://www.catholicgallery.org/mass-reading/200625/,"Psalms 34: 2-3, 4-5, 6-7","ps34:2-3,4-5,6-7",From all their distress God rescues the just.,"2 I will bless the Lord at all times, his praise shall be always in my mouth.
3 In the Lord shall my soul be praised: let the meek hear and rejoice.
4 O magnify the Lord with me; and let us extol his name together.
5 I sought the Lord, and he heard me; and he delivered me from all my troubles.
6 Come ye to him and be enlightened: and your faces shall not be confounded.
7 This poor man cried, and the Lord heard him: and saved him out of all his troubles."
2025-06-20,catholic_leaf_archive,dated Catholic lectionary response archive,https://www.catholicleaf.com/mass-readings-and-reflection-june-20-2025/,"Psalm 34:2-3, 4-5, 6-7 R. (see 18b)","ps34:2-3,4-5,6-7r.(18b)",The Lord rescues them in all their distress,
2025-06-21,catholic_gallery_douay_archive,Douay-Rheims dated Mass-reading archive,https://www.catholicgallery.org/mass-reading/210625/,"Psalms 34: 8-9, 10-11, 12-13","ps34:8-9,10-11,12-13",Taste and see the goodness of the Lord.,"8 The angel of the Lord shall encamp round about them that fear him: and shall deliver them.
9 O taste, and see that the Lord is sweet: blessed is the man that hopeth in him.
10 Fear the Lord, all ye his saints: for there is no want to them that fear him.
11 The rich have wanted, and have suffered hunger: but they that seek the Lord shall not be deprived of any good.
12 Come, children, hearken to me: I will teach you the fear of the Lord.
13 Who is the man that desireth life: who loveth to see good days?"
2025-06-21,catholic_leaf_archive,dated Catholic lectionary response archive,https://www.catholicleaf.com/mass-readings-and-reflection-june-21-2025/,"Psalm 34:8-9, 10-11, 12-13 R.(9a)","ps34:8-9,10-11,12-13r.(9a)",Taste and see that the Lord is good,
2025-06-22,catholic_gallery_douay_archive,Douay-Rheims dated Mass-reading archive,https://www.catholicgallery.org/mass-reading/220625/,"Psalms 110: 1, 2, 3, 4","ps110:1,2,3,4","You are a priest forever, in the line of Melchizedek.","1 The Lord said to my Lord: Sit thou at my right hand: Until I make thy enemies thy footstool.
2 The Lord will send forth the sceptre of thy power out of Sion: rule thou in the midst of thy enemies.
3 With thee is the principality in the day of thy strength: in the brightness of the saints: from the womb before the day star I begot thee.
4 The Lord hath sworn, and he will not repent: Thou art a priest for ever according to the order of Melchisedech."
2025-06-22,catholic_leaf_archive,dated Catholic lectionary response archive,https://www.catholicleaf.com/mass-readings-and-reflection-june-22-2025/,"Psalm 8:4-5, 6-7, 8-9 R (2a)","ps8:4-5,6-7,8-9r(2a)","You are a priest forever, in the line of Melchizedek",
2025-06-23,catholic_gallery_douay_archive,Douay-Rheims dated Mass-reading archive,https://www.catholicgallery.org/mass-reading/230625/,"Psalms 33: 12-13, 18-19, 20 and 22","ps33:12-13,18-19,20,22",Blessed the people the Lord has chosen to be his own.,"12 Blessed is the nation whose God is the Lord: the people whom he hath chosen for his inheritance.
13 The Lord hath looked from heaven: he hath beheld all the sons of men.
18 Behold the eyes of the Lord are on them that fear him: and on them that hope in his mercy.
19 To deliver their souls from death; and feed them in famine.
20 Our soul waiteth for the Lord: for he is our helper and protector.
22 Let thy mercy, O Lord, be upon us, as we have hoped in thee."
2025-06-24,catholic_gallery_douay_archive,Douay-Rheims dated Mass-reading archive,https://www.catholicgallery.org/mass-reading/240625/,"Psalms 139: 1b-3, 13-14ab, 14c-15","ps139:1b-3,13-14ab,14c-15","I praise you, for I am wonderfully made.","1 Lord, thou hast proved me, and known me:
2 Thou hast know my sitting down, and my rising up.
3 Thou hast understood my thoughts afar off: my path and my line thou hast searched out.
13 For thou hast possessed my reins: thou hast protected me from my mother’s womb.
14ab I will praise thee, for thou art fearfully magnified: wonderful are thy works.
14c My soul knoweth right well.
15 My bone is not hidden from thee, which thou hast made in secret: and my substance in the lower parts of the earth."
2025-06-24,catholic_leaf_archive,dated Catholic lectionary response archive,https://www.catholicleaf.com/mass-readings-and-reflection-june-24-2025/,"Psalm 139:1b-3, 13-14ab, 14c-15 R.(14)","ps139:1b-3,13-14ab,14c-15r.(14)",I thank you who wonderfully made me.,
2025-06-25,catholic_gallery_douay_archive,Douay-Rheims dated Mass-reading archive,https://www.catholicgallery.org/mass-reading/250625/,"Psalms 105: 1-2, 3-4, 6-7, 8-9","ps105:1-2,3-4,6-7,8-9",The Lord remembers his covenant for ever.,"or
1 Alleluia. Give glory to the Lord, and call upon his name: declare his deeds among the Gentiles.
2 Sing to him, yea sing praises to him: relate all his wondrous works.
or
3 Glory ye in his holy name: let the heart of them rejoice that seek the Lord.
4 Seek ye the Lord, and be strengthened: seek his face evermore.
or
6 O ye seed of Abraham his servant; ye sons of Jacob his chosen.
7 He is the Lord our God: his judgments are in all the earth.
or
8 He hath remembered his covenant for ever: the word which he commanded to a thousand generations.
9 Which he made to Abraham; and his oath to Isaac:
or"
2025-06-26,catholic_gallery_douay_archive,Douay-Rheims dated Mass-reading archive,https://www.catholicgallery.org/mass-reading/260625/,"Psalms 106: 1b-2, 3-4a, 4b-5","ps106:1b-2,3-4a,4b-5","Give thanks to the Lord, for he is good.","or
1b Give glory to the Lord, for he is good: for his mercy endureth for ever.
2 Who shall declare the powers of the Lord? who shall set forth all his praises?
or
3 Blessed are they that keep judgment, and do justice at all times.
4a Remember us, O Lord, in the favour of thy people.
or
4b Visit us with thy salvation.
5 That we may see the good of thy chosen, that we may rejoice in the joy of thy nation: that thou mayst be praised with thy inheritance.
or"
2025-06-26,catholic_leaf_archive,dated Catholic lectionary response archive,https://www.catholicleaf.com/mass-readings-and-reflection-june-26-2025/,"Psalm 106:1b-2, 3-4a, 4b-5 R. (1b)","ps106:1b-2,3-4a,4b-5r.(1b)","O give thanks to the Lord, for he is good.",
2025-06-27,catholic_gallery_douay_archive,Douay-Rheims dated Mass-reading archive,https://www.catholicgallery.org/mass-reading/270625/,"Psalms 23: 1-3a, 3b-4, 5, 6","ps23:1-3a,3b-4,5,6",The Lord is my shepherd; there is nothing I shall want.,"1 The Lord ruleth me: and I shall want nothing.
2 He hath set me in a place of pasture. He hath brought me up, on the water of refreshment:
3a He hath converted my soul.
3b He hath led me on the paths of justice, for his own name’s sake.
4 For though I should walk in the midst of the shadow of death, I will fear no evils, for thou art with me. Thy rod and thy staff, they have comforted me.
5 Thou hast prepared a table before me against them that afflict me. Thou hast anointed my head with oil; and my chalice which inebriateth me, how goodly is it!
6 And thy mercy will follow me all the days of my life. And that I may dwell in the house of the Lord unto length of days."
2025-06-27,catholic_leaf_archive,dated Catholic lectionary response archive,https://www.catholicleaf.com/mass-readings-and-reflection-june-27-2025/,"Psalm 23:1-3a, 3b-4, 5, 6. R.(1)","ps23:1-3a,3b-4,5,6.r.(1)",The Lord is my shepherd; there is nothing I shall want.,
2025-06-28,catholic_gallery_douay_archive,Douay-Rheims dated Mass-reading archive,https://www.catholicgallery.org/mass-reading/280625/,"Luke 1: 46-47, 48-49, 50 and 53, 54-55","luke1:46-47,48-49,50,53,54-55",The Lord has remembered his mercy.,"46 And Mary said: My soul doth magnify the Lord.
47 And my spirit hath rejoiced in God my Saviour.
48 Because he hath regarded the humility of his handmaid; for behold from henceforth all generations shall call me blessed.
49 Because he that is mighty, hath done great things to me; and holy is his name.
50 And his mercy is from generation unto generations, to them that fear him.
53 He hath filled the hungry with good things; and the rich he hath sent empty away.
54 He hath received Israel his servant, being mindful of his mercy:
55 As he spoke to our fathers, to Abraham and to his seed for ever."
2025-06-29,catholic_gallery_douay_archive,Douay-Rheims dated Mass-reading archive,https://www.catholicgallery.org/mass-reading/290625/,"Psalms 34: 2-3, 4-5, 6-7, 8-9","ps34:2-3,4-5,6-7,8-9",The angel of the Lord will rescue those who fear him.,"2 I will bless the Lord at all times, his praise shall be always in my mouth.
3 In the Lord shall my soul be praised: let the meek hear and rejoice.
4 O magnify the Lord with me; and let us extol his name together.
5 I sought the Lord, and he heard me; and he delivered me from all my troubles.
6 Come ye to him and be enlightened: and your faces shall not be confounded.
7 This poor man cried, and the Lord heard him: and saved him out of all his troubles.
8 The angel of the Lord shall encamp round about them that fear him: and shall deliver them.
9 O taste, and see that the Lord is sweet: blessed is the man that hopeth in him."
2025-06-29,catholic_leaf_archive,dated Catholic lectionary response archive,https://www.catholicleaf.com/mass-readings-and-reflection-june-29-2025/,"Psalm 34:2-3, 4-5, 6-7, 8-9 (R.5)","ps34:2-3,4-5,6-7,8-9(r.5)",From all my terrors he set me free.,
2025-06-30,catholic_gallery_douay_archive,Douay-Rheims dated Mass-reading archive,https://www.catholicgallery.org/mass-reading/300625/,"Psalms 103: 1b-2, 3-4, 8-9, 10-11","ps103:1b-2,3-4,8-9,10-11",The Lord is kind and merciful.,"1 Bless the Lord, O my soul: and let all that is within me bless his holy name.
2 Bless the Lord, O my soul, and never forget all he hath done for thee.
3 Who forgiveth all thy iniquities: who healeth all thy diseases.
4 Who redeemeth thy life from destruction: who crowneth thee with mercy and compassion.
8 The Lord is compassionate and merciful: longsuffering and plenteous in mercy.
9 He will not always be angry: nor will he threaten for ever.
10 He hath not dealt with us according to our sins: nor rewarded us according to our iniquities.
11 For according to the height of the heaven above the earth: he hath strengthened his mercy towards them that fear him."
2025-06-30,catholic_leaf_archive,dated Catholic lectionary response archive,https://www.catholicleaf.com/mass-readings-and-reflection-june-30-2025/,"Psalm 103:1b-2, 3-4, 8-9, 10-11 R. (8a)","ps103:1b-2,3-4,8-9,10-11r.(8a)",The Lord is compassionate and gracious,
2025-07-01,catholic_gallery_douay_archive,Douay-Rheims dated Mass-reading archive,https://www.catholicgallery.org/mass-reading/010725/,"Psalms 26: 2-3, 9-10, 11-12","ps26:2-3,9-10,11-12","O Lord, your mercy is before my eyes.","2 Prove me, O Lord, and try me; burn my reins and my heart.
3 For thy mercy is before my eyes; and I am well pleased with thy truth.
9 Take not away my soul, O God, with the wicked: nor my life with bloody men:
10 In whose hands are iniquities: their right hand is filled with gifts.
11 But as for me, I have walked in my innocence: redeem me, and have mercy on me.
12 My foot hath stood in the direct way: in the churches I will bless thee, O Lord."
2025-07-01,catholic_leaf_archive,dated Catholic lectionary response archive,https://www.catholicleaf.com/mass-readings-and-reflection-july-01-2025/,"Psalm 26:2-3, 9-10, 11-12 R.(3a)","ps26:2-3,9-10,11-12r.(3a)","O Lord, you mercy is before my eyes.",
2025-07-02,catholic_gallery_douay_archive,Douay-Rheims dated Mass-reading archive,https://www.catholicgallery.org/mass-reading/020725/,"Psalms 34: 7-8, 10-11, 12-13","ps34:7-8,10-11,12-13",The Lord hears the cry of the poor.,"7 This poor man cried, and the Lord heard him: and saved him out of all his troubles.
8 The angel of the Lord shall encamp round about them that fear him: and shall deliver them.
10 Fear the Lord, all ye his saints: for there is no want to them that fear him.
11 The rich have wanted, and have suffered hunger: but they that seek the Lord shall not be deprived of any good.
12 Come, children, hearken to me: I will teach you the fear of the Lord.
13 Who is the man that desireth life: who loveth to see good days?"
2025-07-02,catholic_leaf_archive,dated Catholic lectionary response archive,https://www.catholicleaf.com/mass-readings-and-reflection-july-02-2025/,"Psalm 34:7-8, 10-11, 12-13 R.(7a)","ps34:7-8,10-11,12-13r.(7a)","The lowly one called, and the Lord heard him",
2025-07-03,catholic_gallery_douay_archive,Douay-Rheims dated Mass-reading archive,https://www.catholicgallery.org/mass-reading/030725/,"Psalms 117: 1bc, 2","ps117:1bc,2",Go out to all the world and tell the Good News.,"1bc O praise the Lord, all ye nations: praise him, all ye people.
2 For his mercy is confirmed upon us: and the truth of the Lord remaineth for ever."
2025-07-03,catholic_leaf_archive,dated Catholic lectionary response archive,https://www.catholicleaf.com/mass-readings-and-reflection-july-03-2025/,"Psalm 117:1bc, 2 R. (Mark 16:15)","ps117:1bc,2r.(mark16:15)",Go into all the world and proclaim the gospel,
2025-07-04,catholic_gallery_douay_archive,Douay-Rheims dated Mass-reading archive,https://www.catholicgallery.org/mass-reading/040725/,"Psalms 106: 1b-2, 3-4a, 4b-5","ps106:1b-2,3-4a,4b-5","Give thanks to the Lord, for he is good.","1 Give glory to the Lord, for he is good: for his mercy endureth for ever.
2 Who shall declare the powers of the Lord? who shall set forth all his praises?
3 Blessed are they that keep judgment, and do justice at all times.
4a Remember us, O Lord, in the favour of thy people.
4b Visit us with thy salvation.
5 That we may see the good of thy chosen, that we may rejoice in the joy of thy nation: that thou mayst be praised with thy inheritance."
2025-07-04,catholic_leaf_archive,dated Catholic lectionary response archive,https://www.catholicleaf.com/mass-readings-and-reflection-july-04-2025/,"Psalm 106:1b-2, 3-4a, 4b-5 R. (1b)","ps106:1b-2,3-4a,4b-5r.(1b)","O give thanks to the Lord, for he is good",
2025-07-05,catholic_gallery_douay_archive,Douay-Rheims dated Mass-reading archive,https://www.catholicgallery.org/mass-reading/050725/,"Psalms 135: 1b-2, 3-4, 5-6","ps135:1b-2,3-4,5-6",Praise the Lord for the Lord is good!,"or
1b Praise ye the name of the Lord: O you his servants, praise the Lord:
2 You that stand in the house of the Lord, in the courts of the house of our God.
or
3 Praise ye the Lord, for the Lord is good: sing ye to his name, for it is sweet.
4 For the Lord hath chosen Jacob unto himself: Israel for his own possession.
or
5 For I have known that the Lord is great, and our God is above all gods.
6 Whatsoever the Lord hath pleased he hath done, in heaven, in earth, in the sea, and in all the deeps.
or"
2025-07-05,catholic_leaf_archive,dated Catholic lectionary response archive,https://www.catholicleaf.com/mass-readings-and-reflection-july-05-2025/,"Psalm 135:1b-2, 3-4, 5-6 R.(3a)","ps135:1b-2,3-4,5-6r.(3a)","Praise the Lord, for the Lord is good.",
2025-07-06,catholic_gallery_douay_archive,Douay-Rheims dated Mass-reading archive,https://www.catholicgallery.org/mass-reading/060725/,"Psalms 66: 1-3, 4-5, 6-7, 16 and 20","ps66:1-3,4-5,6-7,16,20",Let all the earth cry out to God with joy.,"1 Shout with joy to God, all the earth,
2 Sing ye a psalm to his name; give glory to his praise.
3 Say unto God, How terrible are thy works, O Lord!
4 Let all the earth adore thee, and sing to thee: let it sing a psalm to thy name.
5 Come and see the works of God; who is terrible in his counsels over the sons of men.
6 Who turneth the sea into dry land, in the river they shall pass on foot: there shall we rejoice in him.
7 Who by his power ruleth for ever: his eyes behold the nations; let not them that provoke him he exalted in themselves.
16 Come and hear, all ye that fear God, and I will tell you what great things he hath done for my soul.
20 Blessed be God, who hath not turned away my prayer, nor his mercy from me."
2025-07-06,catholic_leaf_archive,dated Catholic lectionary response archive,https://www.catholicleaf.com/mass-readings-and-reflection-july-06-2025/,"Psalm 66:1-3, 4-5, 6-7, 16, 20 R. (1)","ps66:1-3,4-5,6-7,16,20r.(1)",From all my terrors he set me free.,
2025-07-07,catholic_gallery_douay_archive,Douay-Rheims dated Mass-reading archive,https://www.catholicgallery.org/mass-reading/070725/,"Psalms 91: 1-2, 3-4, 14-15ab","ps91:1-2,3-4,14-15ab","In you, my God, I place my trust.","1 The praise of a canticle for David. He that dwelleth in the aid of the most High, shall abide under the protection of the God of Jacob.
2 He shall say to the Lord: Thou art my protector, and my refuge: my God, in him will I trust.
3 For he hath delivered me from the snare of the hunters: and from the sharp word.
4 He will overshadow thee with his shoulders: and under his wings thou shalt trust.
14 Because he hoped in me I will deliver him: I will protect him because he hath known my name.
15ab He shall cry to me, and I will hear him: I am with him in tribulation."
2025-07-07,catholic_leaf_archive,dated Catholic lectionary response archive,https://www.catholicleaf.com/mass-readings-and-reflection-july-07-2025/,"Psalm 91:1-2, 3-4, 14-15ab R.(see 2b)","ps91:1-2,3-4,14-15abr.(2b)","O my God, I trust in you.",
2025-07-08,catholic_gallery_douay_archive,Douay-Rheims dated Mass-reading archive,https://www.catholicgallery.org/mass-reading/080725/,"Psalms 17: 1b, 2-3, 6-7ab, 8b and 15","ps17:1b,2-3,6-7ab,8b,15","In justice, I shall behold your face, O Lord.","1 Hear, O Lord, my justice: attend to my supplication. Give ear unto my prayer, which proceedeth not from deceitful lips.
2 Let my judgment come forth from thy countenance: let thy eyes behold the things that are equitable.
3 Thou hast proved my heart, and visited it by night, thou hast tried me by fire: and iniquity hath not been found in me.
6 I have cried to thee, for thou, O God, hast heard me: O incline thy ear unto me, and hear my words.
7ab shew forth thy wonderful mercies; thou who savest them that trust in thee.
8b Protect me under the shadow of thy wings.
15 But as for me, I will appear before thy sight in justice: I shall be satisfied when thy glory shall appear."
2025-07-08,catholic_leaf_archive,dated Catholic lectionary response archive,https://www.catholicleaf.com/mass-readings-and-reflection-july-08-2025/,"Psalm 17:1b, 2-3, 6-7ab, 8b and 15 R.(15a)","ps17:1b,2-3,6-7ab,8b,15r.(15a)",In justice I shall behold your face,
2025-07-09,catholic_gallery_douay_archive,Douay-Rheims dated Mass-reading archive,https://www.catholicgallery.org/mass-reading/090725/,"Psalms 33: 2-3, 10-11, 18-19","ps33:2-3,10-11,18-19","Lord, let your mercy be on us, as we place our trust in you.","2 Give praise to the Lord on the harp; sing to him with the psaltery, the instrument of ten strings.
3 Sing to him a new canticle, sing well unto him with a loud noise.
10 The Lord bringeth to naught the counsels of nations; and he rejecteth the devices of people, and casteth away the counsels of princes.
11 But the counsel of the Lord standeth for ever: the thoughts of his heart to all generations.
18 Behold the eyes of the Lord are on them that fear him: and on them that hope in his mercy.
19 To deliver their souls from death; and feed them in famine."
2025-07-09,catholic_leaf_archive,dated Catholic lectionary response archive,https://www.catholicleaf.com/mass-readings-and-reflection-july-09-2025/,"Psalm 33:2-3, 10-11, 18-19 R. (22)","ps33:2-3,10-11,18-19r.(22)","May your merciful love be upon us as we hope in you, O Lord.",
2025-07-10,catholic_gallery_douay_archive,Douay-Rheims dated Mass-reading archive,https://www.catholicgallery.org/mass-reading/100725/,"Psalms 105: 16-17, 18-19, 20-21","ps105:16-17,18-19,20-21",Remember the marvels the Lord has done.,"or
16 And he called a famine upon the land: and he broke in pieces all the support of bread.
17 He sent a man before them: Joseph, who was sold for a slave.
or
18 They humbled his feet in fetters: the iron pierced his soul,
19 Until his word came. The word of the Lord inflamed him.
or
20 The king sent, and he released him: the ruler of the people, and he set him at liberty.
21 He made him master of his house, and ruler of all his possession.
or"
2025-07-10,catholic_leaf_archive,dated Catholic lectionary response archive,https://www.catholicleaf.com/mass-readings-and-reflection-july-10-2025/,"Psalm 105:16-17, 18-19, 20-21 (R. 5a)","ps105:16-17,18-19,20-21(r.5a)",Remember the wonders the Lord has done.,
2025-07-11,catholic_gallery_douay_archive,Douay-Rheims dated Mass-reading archive,https://www.catholicgallery.org/mass-reading/110725/,"Psalms 37: 3-4, 18-19, 27-28, 39-40","ps37:3-4,18-19,27-28,39-40",The salvation of the just comes from the Lord.,"3 Trust in the Lord, and do good, and dwell in the land, and thou shalt be fed with its riches.
4 Delight in the Lord, and he will give thee the requests of thy heart.
18 The Lord knoweth the days of undefiled; and their inheritance shall be for ever.
19 They shall not be confounded in the evil time; and in the days of famine they shall be filled:
27 Decline from evil and do good, and dwell for ever and ever.
28 For the Lord loveth judgment, and will not forsake his saints: they shall be preserved for ever. The unjust shall be punished, and the seed of the wicked shall perish.
39 But the salvation of the just is from the Lord, and he is their protector in the time of trouble.
40 And the Lord will help them and deliver them: and he will rescue them from the wicked, and save them, because they have hoped in him."
2025-07-11,catholic_leaf_archive,dated Catholic lectionary response archive,https://www.catholicleaf.com/mass-readings-and-reflection-july-11-2025/,"Psalm 37:3-4, 18-19, 27-28, 39-40 (R. 39a)","ps37:3-4,18-19,27-28,39-40(r.39a)",From the Lord comes the salvation of the just.,
2025-07-12,catholic_gallery_douay_archive,Douay-Rheims dated Mass-reading archive,https://www.catholicgallery.org/mass-reading/120725/,"Psalms 105: 1-2, 3-4, 6-7","ps105:1-2,3-4,6-7",Be glad you lowly ones; may your hearts be glad!,"1 Alleluia. Give glory to the Lord, and call upon his name: declare his deeds among the Gentiles.
2 Sing to him, yea sing praises to him: relate all his wondrous works.
3 Glory ye in his holy name: let the heart of them rejoice that seek the Lord.
4 Seek ye the Lord, and be strengthened: seek his face evermore.
6 O ye seed of Abraham his servant; ye sons of Jacob his chosen.
7 He is the Lord our God: his judgments are in all the earth."
2025-07-12,catholic_leaf_archive,dated Catholic lectionary response archive,https://www.catholicleaf.com/mass-readings-and-reflection-july-12-2025/,"Psalm 105:1-2, 3-4, 6-7 (R. see Psalm 69:33)","ps105:1-2,3-4,6-7(r.psalm69:33)","You who are poor seek God, and your hearts will revive.",
2025-07-13,catholic_gallery_douay_archive,Douay-Rheims dated Mass-reading archive,https://www.catholicgallery.org/mass-reading/130725/,"Psalms 69: 14, 17, 30-31, 33-34, 36, 37 or Psalms 19: 8, 9, 10, 11","ps69:14,17,30-31,33-34,36,37orpsalms19:8,9,10,11","Turn to the Lord in your need, and you will live.","14 But as for me, my prayer is to thee, O Lord; for the time of thy good pleasure, O God. In the multitude of thy mercy hear me, in the truth of thy salvation.
17 Hear me, O Lord, for thy mercy is kind; look upon me according to the multitude of thy tender mercies.
30 But I am poor and sorrowful: thy salvation, O God, hath set me up.
31 I will praise the name of God with a canticle: and I will magnify him with praise.
33 Let the poor see and rejoice: seek ye God, and your soul shall live.
34 For the Lord hath heard the poor: and hath not despised his prisoners.
36 For God will save Sion, and the cities of Juda shall be built up. And they shall dwell there, and acquire it by inheritance.
37 And the seed of his servants shall possess it; and they that love his name shall dwell therein.
Or
8 The law of the Lord is unspotted, converting souls: the testimony of the Lord is faithful, giving wisdom to little ones.
9 The justices of the Lord are right, rejoicing hearts: the commandment of the Lord is lightsome, enlightening the eyes.
10 The fear of the Lord is holy, enduring for ever and ever: the judgments of the Lord are true, justified in themselves.
11 More to be desired than gold and many precious stones: and sweeter than honey and the honeycomb."
2025-07-13,catholic_leaf_archive,dated Catholic lectionary response archive,https://www.catholicleaf.com/mass-readings-and-reflection-july-13-2025/,"Psalm 69:14, 17, 30-31, 33-34, 36, 37 R. (cf. 33)","ps69:14,17,30-31,33-34,36,37r.(33)","You who are poor, seek God and your hearts will revive",
2025-07-14,catholic_gallery_douay_archive,Douay-Rheims dated Mass-reading archive,https://www.catholicgallery.org/mass-reading/140725/,"Psalms 124: 1b-3, 4-6, 7-8","ps124:1b-3,4-6,7-8",Our help is in the name of the Lord.,"1b If it had not been that the Lord was with us, let Israel now say:
2 If it had not been that the Lord was with us, When men rose up against us,
3 Perhaps they had swallowed us up alive. When their fury was enkindled against us.
4 Perhaps the waters had swallowed us up.
5 Our soul hath passed through a torrent: perhaps our soul had passed through a water insupportable.
6 Blessed be the Lord, who hath not given us to be a prey to their teeth.
7 Our soul hath been delivered as a sparrow out of the snare of the fowlers. The snare is broken, and we are delivered.
8 Our help is in the name of the Lord, who made heaven and earth."
2025-07-14,catholic_leaf_archive,dated Catholic lectionary response archive,https://www.catholicleaf.com/mass-readings-and-reflection-july-14-2025/,"Psalm 124:1-3, 4-6, 7-8 (R. 8a)","ps124:1-3,4-6,7-8(r.8a)",Our help is in the name of the Lord.,
2025-07-15,catholic_gallery_douay_archive,Douay-Rheims dated Mass-reading archive,https://www.catholicgallery.org/mass-reading/150725/,"Psalms 69: 3, 14, 30-31, 33-34","ps69:3,14,30-31,33-34","Turn to the Lord in your need, and you will live.","3 I stick fast in the mire of the deep: and there is no sure standing. I am come into the depth of the sea: and a tempest hath overwhelmed me.
14 But as for me, my prayer is to thee, O Lord; for the time of thy good pleasure, O God. In the multitude of thy mercy hear me, in the truth of thy salvation.
30 But I am poor and sorrowful: thy salvation, O God, hath set me up.
31 I will praise the name of God with a canticle: and I will magnify him with praise.
33 Let the poor see and rejoice: seek ye God, and your soul shall live.
34 For the Lord hath heard the poor: and hath not despised his prisoners."
2025-07-15,catholic_leaf_archive,dated Catholic lectionary response archive,https://www.catholicleaf.com/mass-readings-and-reflection-july-15-2025/,"Psalm 69:3, 14, 30-31, 33-34 (R. see 33)","ps69:3,14,30-31,33-34(r.33)","You who are poor, seek God and your heart will revive.",
2025-07-16,catholic_gallery_douay_archive,Douay-Rheims dated Mass-reading archive,https://www.catholicgallery.org/mass-reading/160725/,"Psalms 103: 1b-2, 3-4, 6-7","ps103:1b-2,3-4,6-7",The Lord is kind and merciful.,"1b Bless the Lord, O my soul: and let all that is within me bless his holy name.
2 Bless the Lord, O my soul, and never forget all he hath done for thee.
3 Who forgiveth all thy iniquities: who healeth all thy diseases.
4 Who redeemeth thy life from destruction: who crowneth thee with mercy and compassion.
6 The Lord doth mercies, and judgment for all that suffer wrong.
7 He hath made his ways known to Moses: his wills to the children of Israel."
2025-07-16,catholic_leaf_archive,dated Catholic lectionary response archive,https://www.catholicleaf.com/mass-readings-and-reflection-july-16-2025/,"Psalm 103:1-2, 3-4, 6-7 (R. 8a)","ps103:1-2,3-4,6-7(r.8a)",The Lord is compassionate and gracious.,
2025-07-17,catholic_gallery_douay_archive,Douay-Rheims dated Mass-reading archive,https://www.catholicgallery.org/mass-reading/170725/,"Psalms 105: 1 and 5, 8-9, 24-25, 26-27","ps105:1,5,8-9,24-25,26-27",The Lord remembers his covenant for ever.,"or
1 Alleluia. Give glory to the Lord, and call upon his name: declare his deeds among the Gentiles.
5 Remember his marvellous works which he hath done; his wonders, and the judgments of his mouth.
or
8 He hath remembered his covenant for ever: the word which he commanded to a thousand generations.
9 Which he made to Abraham; and his oath to Isaac:
or
24 And he increased his people exceedingly: and strengthened them over their enemies,
25 He turned their heart to hate his people: and to deal deceitfully with his servants.
or
26 He sent Moses his servant: Aaron the man whom he had chosen.
27 He gave them power to shew his signs, and his wonders in the land of Cham.
or"
2025-07-17,catholic_leaf_archive,dated Catholic lectionary response archive,https://www.catholicleaf.com/mass-readings-and-reflection-july-17-2025/,"Psalm 105:1 and 5, 8–9, 24–25, 26–27 (R. 8a)","ps105:1,5,8-9,24-25,26-27(r.8a)",The Lord remembers his covenant forever.,
2025-07-18,catholic_gallery_douay_archive,Douay-Rheims dated Mass-reading archive,https://www.catholicgallery.org/mass-reading/180725/,"Psalms 116: 12-13, 15 and 16bc, 17-18","ps116:12-13,15,16bc,17-18","I will take the cup of salvation, and call on the name of the Lord.","12 What shall I render to the Lord, for all the things he hath rendered unto me?
13 I will take the chalice of salvation; and I will call upon the name of the Lord.
15 Precious in the sight of the Lord is the death of his saints.
16bc I am thy servant, and the son of thy handmaid. Thou hast broken my bonds:
17 I will sacrifice to thee the sacrifice of praise, and I will call upon the name of the Lord.
18 I will pay my vows to the Lord in the sight of all his people:"
2025-07-18,catholic_leaf_archive,dated Catholic lectionary response archive,https://www.catholicleaf.com/mass-readings-and-reflection-july-18-2025/,"Psalm 116:12-13, 15-16bc, 17-18 (R. 13)","ps116:12-13,15-16bc,17-18(r.13)",The cup of salvation I will raise; I will call on the name of the Lord.,
2025-07-19,catholic_gallery_douay_archive,Douay-Rheims dated Mass-reading archive,https://www.catholicgallery.org/mass-reading/190725/,"Psalms 136: 1 and 23-24, 10-12, 13-15","ps136:1,23-24,10-12,13-15",His mercy endures forever.,"or
1 Praise the Lord, for he is good: for his mercy endureth for ever.
23 For he was mindful of us in our affliction: for his mercy endureth for ever.
24 And he redeemed us from our enemies: for his mercy endureth for ever.
or
10 Who smote Egypt with their firstborn: for his mercy endureth for ever.
11 Who brought Israel from among them: for his mercy endureth for ever.
12 With a mighty hand and a stretched out arm: for his mercy endureth for ever.
or
13 Who divided the Red Sea into parts: for his mercy endureth for ever.
14 And brought out Israel through the midst thereof: for his mercy endureth for ever.
15 And overthrew Pharao and his host in the Red Sea: for his mercy endureth for ever.
or"
2025-07-19,catholic_leaf_archive,dated Catholic lectionary response archive,https://www.catholicleaf.com/mass-readings-and-reflection-july-19-2025/,"Psalm 136:1 and 23-24, 10-12, 13-15","ps136:1,23-24,10-12,13-15",For his mercy endures forever,
2025-07-20,catholic_gallery_douay_archive,Douay-Rheims dated Mass-reading archive,https://www.catholicgallery.org/mass-reading/200725/,"Psalms 15: 2-3ab, 3cd-4, 5","ps15:2-3ab,3cd-4,5",He who does justice will live in the presence of the Lord.,"2 He that walketh without blemish, and worketh justice:
3ab He that speaketh truth in his heart, who hath not used deceit in his tongue.
3cd Nor hath done evil to his neighbour: nor taken up a reproach against his neighbours.
4 In his sight the malignant is brought to nothing: but he glorifieth them that fear the Lord.
5 He that hath not put out his money to usury, nor taken bribes against the innocent: He that doth these things shall not be moved for ever."
2025-07-20,catholic_leaf_archive,dated Catholic lectionary response archive,https://www.catholicleaf.com/mass-readings-and-reflection-july-20-2025/,"Psalm 15:2-3, 3-4, 5 R.(1a)","ps15:2-3,3-4,5r.(1a)","O Lord, who may abide in your tent?",
2025-07-21,catholic_gallery_douay_archive,Douay-Rheims dated Mass-reading archive,https://www.catholicgallery.org/mass-reading/210725/,"Exodus 15: 1bc-2, 3-4, 5-6","exodus15:1bc-2,3-4,5-6",Let us sing to the Lord; he has covered himself in glory.,"1bc Let us sing to the Lord: for he is gloriously magnified, the horse and the rider he hath thrown into the sea.
2 The Lord is my strength and my praise, and he is become salvation to me: he is my God and I will glorify him: the God of my father, and I will exalt him.
3 The Lord is as a man of war, Almighty is his name.
4 Pharao’s chariots and his army he hath cast into the sea: his chosen captains are drowned in the Red Sea.
5 The depths have covered them, they are sunk to the bottom like a stone.
6 Thy right hand, O Lord, is magnified in strength: thy right hand, O Lord, hath slain the enemy."
2025-07-22,catholic_gallery_douay_archive,Douay-Rheims dated Mass-reading archive,https://www.catholicgallery.org/mass-reading/220725/,"Psalms 63: 2, 3-4, 5-6, 8-9","ps63:2,3-4,5-6,8-9","My soul is thirsting for you, O Lord my God.","2 O God, my God, to thee do I watch at break of day. For thee my soul hath thirsted; for thee my flesh, O how many ways!
3 In a desert land, and where there is no way, and no water: so in the sanctuary have I come before thee, to see thy power and thy glory.
4 For thy mercy is better than lives: thee my lips shall praise.
5 Thus will I bless thee all my life long: and in thy name I will lift up my hands.
6 Let my soul be filled as with marrow and fatness: and my mouth shall praise thee with joyful lips.
8 Because thou hast been my helper. And I will rejoice under the covert of thy wings:
9 My soul hath stuck close to thee: thy right hand hath received me."
2025-07-22,catholic_leaf_archive,dated Catholic lectionary response archive,https://www.catholicleaf.com/mass-readings-and-reflection-july-22-2025/,"Psalm 63:2, 3-4, 5-6, 8-9 (R. see 2b)","ps63:2,3-4,5-6,8-9(r.2b)","For you my soul is thirsting, O Lord, my God.",
2025-07-23,catholic_gallery_douay_archive,Douay-Rheims dated Mass-reading archive,https://www.catholicgallery.org/mass-reading/230725/,"Psalms 78: 18-19, 23-24, 25-26, 27-28","ps78:18-19,23-24,25-26,27-28",The Lord gave them bread from heaven.,"18 And they tempted God in their hearts, by asking meat for their desires.
19 And they spoke ill of God: they said: Can God furnish a table in the wilderness?
23 And he had commanded the clouds from above, and had opened the doors of heaven.
24 And had rained down manna upon them to eat, and had given them the bread of heaven.
25 Man ate the bread of angels: he sent them provisions in abundance.
26 He removed the south wind from heaven: and by his power brought in the southwest wind.
27 And he rained upon them flesh as dust: and feathered fowls like as the sand of the sea.
28 And they fell in the midst of their camp, round about their pavilions."
2025-07-23,catholic_leaf_archive,dated Catholic lectionary response archive,https://www.catholicleaf.com/mass-readings-and-reflection-july-23-2025/,"Psalm 78:18-19, 23-24, 25-26, 27-28, (R. 24b)","ps78:18-19,23-24,25-26,27-28(r.24b)",The Lord gave them bread from heaven.,
2025-07-24,catholic_gallery_douay_archive,Douay-Rheims dated Mass-reading archive,https://www.catholicgallery.org/mass-reading/240725/,"Daniel 3: 52, 53, 54, 55, 56","daniel3:52,53,54,55,56",Glory and praise for ever!,"52 Blessed art thou, O Lord the God of our fathers: and worthy to be praised, and glorified, and exalted above all for ever: and blessed is the holy name of thy glory: and worthy to be praised, and exalted above all in all ages.
53 Blessed art thou in the holy temple of thy glory: and exceedingly to be praised, and exceeding glorious for ever.
54 Blessed art thou on the throne of thy kingdom, and exceedingly to be praised, and exalted above all for ever.
55 Blessed art thou, that beholdest the depths, and sittest upon the cherubims: and worthy to be praised and exalted above all for ever.
56 Blessed art thou in the firmament of heaven: and worthy of praise, and glorious for ever."
2025-07-25,catholic_gallery_douay_archive,Douay-Rheims dated Mass-reading archive,https://www.catholicgallery.org/mass-reading/250725/,"Psalms 126: 1bc-2ab, 2cd-3, 4-5, 6","ps126:1bc-2ab,2cd-3,4-5,6",Those who sow in tears shall reap rejoicing.,"1bc When the lord brought back the captivity of Sion, we became like men comforted.
2ab Then was our mouth filled with gladness; and our tongue with joy.
2cd Then shall they say among the Gentiles: The Lord hath done great things for them.
3 The Lord hath done great things for us: we are become joyful.
4 Turn again our captivity, O Lord, as a stream in the south.
5 They that sow in tears shall reap in joy.
6 Going they went and wept, casting their seeds. But coming they shall come with joyfulness, carrying their sheaves."
2025-07-25,catholic_leaf_archive,dated Catholic lectionary response archive,https://www.catholicleaf.com/mass-readings-and-reflection-july-25-2025/,"Psalm 126:1-2ab, 2cd-3, 4-5, 6 (R. see 5)","ps126:1-2ab,2cd-3,4-5,6(r.5)",Those who are sowing in tears will sing when they reap.,
2025-07-26,catholic_gallery_douay_archive,Douay-Rheims dated Mass-reading archive,https://www.catholicgallery.org/mass-reading/260725/,"Psalms 50: 1b-2, 5-6, 14-15","ps50:1b-2,5-6,14-15",Offer to God a sacrifice of praise.,"1b The God of gods, the Lord hath spoken: and he hath called the earth. From the rising of the sun, to the going down thereof:
2 Out of Sion the loveliness of his beauty.
5 Gather ye together his saints to him: who set his covenant before sacrifices.
6 And the heavens shall declare his justice: for God is judge.
14 Offer to God the sacrifice of praise: and pay thy vows to the most High.
15 And call upon me in the day of trouble: I will deliver thee, and thou shalt glorify me."
2025-07-26,catholic_leaf_archive,dated Catholic lectionary response archive,https://www.catholicleaf.com/mass-readings-and-reflection-july-26-2025/,"Psalm 50: 1-2, 5-6, 14-15 (R. see 14)","ps50:1-2,5-6,14-15(r.14)",Give your praise as a sacrifice to God,
2025-07-27,catholic_gallery_douay_archive,Douay-Rheims dated Mass-reading archive,https://www.catholicgallery.org/mass-reading/270725/,"Psalms 138: 1-2, 2-3, 6-7, 7-8","ps138:1-2,2-3,6-7,7-8","Lord, on the day I called for help, you answered me.","1 I will praise thee, O lord, with my whole heart: for thou hast heard the words of my mouth. I will sing praise to thee in the sight of his angels:
2ab I will worship towards thy holy temple, and I will give glory to thy name.
2cd For thy mercy, and for thy truth: for thou hast magnified thy holy name above all.
3 In what day soever I shall call upon thee, hear me: thou shall multiply strength in my soul.
6 For the Lord is high, and looketh on the low: and the high he knoweth afar off.
7abc If I shall walk in the midst of tribulation, thou wilt quicken me: and thou hast stretched forth thy hand against the wrath of my enemies.
7d Thy right hand hath saved me.
8 The Lord will repay for me: thy mercy, O Lord, endureth for ever: O despise not the work of thy hands."
2025-07-27,catholic_leaf_archive,dated Catholic lectionary response archive,https://www.catholicleaf.com/mass-readings-and-reflection-july-27-2025/,"Psalm 138:1-2, 2-3, 6-7, 7-8 R.(3a)","ps138:1-2,2-3,6-7,7-8r.(3a)","On the day I called, you answered me, O Lord",
2025-07-28,catholic_gallery_douay_archive,Douay-Rheims dated Mass-reading archive,https://www.catholicgallery.org/mass-reading/280725/,"Psalms 106: 19-20, 21-22, 23","ps106:19-20,21-22,23","Give thanks to the Lord, for he is good.","19 They made also a calf in Horeb: and they adored the graven thing.
20 And they changed their glory into the likeness of a calf that eateth grass.
21 They forgot God, who saved them, who had done great things in Egypt,
22 Wondrous works in the land of Cham: terrible things in the Red Sea.
23 And he said that he would destroy them: had not Moses his chosen stood before him in the breach: To turn away his wrath, lest he should destroy them."
2025-07-28,catholic_leaf_archive,dated Catholic lectionary response archive,https://www.catholicleaf.com/mass-readings-and-reflection-july-28-2025/,"Psalm 106:19-20, 21-22, 23 (R. 1b)","ps106:19-20,21-22,23(r.1b)",O give thanks to the Lord for he is good.,
2025-07-29,catholic_gallery_douay_archive,Douay-Rheims dated Mass-reading archive,https://www.catholicgallery.org/mass-reading/290725/,"Psalms 103: 6-7, 8-9, 10-11, 12-13","ps103:6-7,8-9,10-11,12-13",The Lord is kind and merciful.,"6 The Lord doth mercies, and judgment for all that suffer wrong.
7 He hath made his ways known to Moses: his wills to the children of Israel.
8 The Lord is compassionate and merciful: longsuffering and plenteous in mercy.
9 He will not always be angry: nor will he threaten for ever.
10 He hath not dealt with us according to our sins: nor rewarded us according to our iniquities.
11 For according to the height of the heaven above the earth: he hath strengthened his mercy towards them that fear him.
12 As far as the east is from the west, so far hath he removed our iniquities from us.
13 As a father hath compassion on his children, so hath the Lord compassion on them that fear him:"
2025-07-29,catholic_leaf_archive,dated Catholic lectionary response archive,https://www.catholicleaf.com/mass-readings-and-reflection-july-29-2025/,"Psalm 103:6-7, 8-9, 10-11, 12-13 (R. 8a)","ps103:6-7,8-9,10-11,12-13(r.8a)",The Lord is compassionate and gracious.,
2025-07-30,catholic_gallery_douay_archive,Douay-Rheims dated Mass-reading archive,https://www.catholicgallery.org/mass-reading/300725/,"Psalms 99: 5, 6, 7, 9","ps99:5,6,7,9",Holy is the Lord our God.,"5 Exalt ye the Lord our God, and adore his footstool, for it is holy.
6 Moses and Aaron among his priests: and Samuel among them that call upon his name. They called upon the Lord, and he heard them:
7 He spoke to them in the pillar of the cloud. They kept his testimonies, and the commandment which he gave them.
9 Exalt ye the Lord our God, and adore at his holy mountain: for the Lord our God is holy."
2025-07-30,catholic_leaf_archive,dated Catholic lectionary response archive,https://www.catholicleaf.com/mass-readings-and-reflection-july-30-2025/,"Psalm 99:5, 6, 7, 9 (R. see 9c)","ps99:5,6,7,9(r.9c)","You are holy, O Lord our God.",
2025-07-31,catholic_gallery_douay_archive,Douay-Rheims dated Mass-reading archive,https://www.catholicgallery.org/mass-reading/310725/,"Psalms 84: 3, 4, 5-6a and 8a, 11","ps84:3,4,5-6a,8a,11","How lovely is your dwelling place, O Lord, mighty God!","3 My soul longeth and fainteth for the courts of the Lord. My heart and my flesh have rejoiced in the living God.
4 For the sparrow hath found herself a house, and the turtle a nest for herself where she may lay her young ones: Thy altars, O Lord of hosts, my king and my God.
5 Blessed are they that dwell in thy house, O Lord: they shall praise thee for ever and ever.
6a Blessed is the man whose help is from thee.
8a They shall go from virtue to virtue.
11 For better is one day in thy courts above thousands. I have chosen to be an abject in the house of my God, rather than to dwell in the tabernacles of sinners."
2025-07-31,catholic_leaf_archive,dated Catholic lectionary response archive,https://www.catholicleaf.com/mass-readings-and-reflection-july-31-2025/,"Psalm 84:3, 4, 5-6a, and 8a, 11 (R. 2)","ps84:3,4,5-6a,8a,11(r.2)","How lovely is your dwelling place, O Lord of hosts.",
2025-08-01,catholic_gallery_douay_archive,Douay-Rheims dated Mass-reading archive,https://www.catholicgallery.org/mass-reading/010825/,"Psalms 81: 3-4, 5-6, 10-11ab","ps81:3-4,5-6,10-11ab",Sing with joy to God our help.,"3 Take a psalm, and bring hither the timbrel: the pleasant psaltery with the harp.
4 Blow up the trumpet on the new moon, on the noted day of your solemnity.
5 For it is a commandment in Israel, and a judgment to the God of Jacob.
6 He ordained it for a testimony in Joseph, when he came out of the land of Egypt: he heard a tongue which he knew not.
10 There shall be no new god in thee: neither shalt thou adore a strange god.
11ab For I am the Lord thy God, who brought thee out of the land of Egypt."
2025-08-01,catholic_leaf_archive,dated Catholic lectionary response archive,https://www.catholicleaf.com/mass-readings-and-reflection-august-01-2025/,"Psalm 81:3-4, 5-6ab, 10-11ab (R. 2a)","ps81:3-4,5-6ab,10-11ab(r.2a)",Sing joyfully to God our strength.,
2025-08-02,catholic_gallery_douay_archive,Douay-Rheims dated Mass-reading archive,https://www.catholicgallery.org/mass-reading/020825/,"Psalms 67: 2-3, 5, 7-8","ps67:2-3,5,7-8","O God, let all the nations praise you!","2 May God have mercy on us, and bless us: may he cause the light of his countenance to shine upon us, and may he have mercy on us.
3 That we may know thy way upon earth: thy salvation in all nations.
5 Let the nations be glad and rejoice: for thou judgest the people with justice, and directest the nations upon earth.
7 The earth hath yielded her fruit. May God, our God bless us,
8 May God bless us: and all the ends of the earth fear him."
2025-08-02,catholic_leaf_archive,dated Catholic lectionary response archive,https://www.catholicleaf.com/mass-readings-and-reflection-august-02-2025/,"Psalm 67:2-3, 5, 7-8 (R. 4)","ps67:2-3,5,7-8(r.4)",Sing joyfully to God our strength.,
2025-08-03,catholic_gallery_douay_archive,Douay-Rheims dated Mass-reading archive,https://www.catholicgallery.org/mass-reading/030825/,"Psalms 90: 3-4, 5-6, 12-13, 14 and 17","ps90:3-4,5-6,12-13,14,17","In every age, O Lord, you have been our refuge.","3 Turn not man away to be brought low: and thou hast said: Be converted, O ye sons of men.
4 For a thousand years in thy sight are as yesterday, which is past. And as a watch in the night,
5 Things that are counted nothing, shall their years be.
6 In the morning man shall grow up like grass; in the morning he shall flourish and pass away: in the evening he shall fall, grow dry, and wither.
12 Can number thy wrath? So make thy right hand known: and men learned in heart, in wisdom.
13 Return, O Lord, how long? and be entreated in favour of thy servants.
14 We are filled in the morning with thy mercy: and we have rejoiced, and are delighted all our days.
17 And let the brightness of the Lord our God be upon us: and direct thou the works of our hands over us; yea, the work of our hands do thou direct."
2025-08-03,catholic_leaf_archive,dated Catholic lectionary response archive,https://www.catholicleaf.com/mass-readings-and-reflection-august-03-2025/,"Psalm 90:3-4, 5-6, 12-13, 14 and 17 R. (1)","ps90:3-4,5-6,12-13,14,17r.(1)","O Lord, you have been our refuge, from generation to generation",
2025-08-04,catholic_gallery_douay_archive,Douay-Rheims dated Mass-reading archive,https://www.catholicgallery.org/mass-reading/040825/,"Psalms 81: 12-13, 14-15, 16-17","ps81:12-13,14-15,16-17",Sing with joy to God our help.,"12 But my people heard not my voice: and Israel hearkened not to me.
13 So I let them go according to the desires of their heart: they shall walk in their own inventions.
14 If my people had heard me: if Israel had walked in my ways:
15 I should soon have humbled their enemies, and laid my hand on them that troubled them.
16 The enemies of the Lord have lied to him: and their time shall be for ever.
17 And he fed them with the fat of wheat, and filled them with honey out of the rock."
2025-08-04,catholic_leaf_archive,dated Catholic lectionary response archive,https://www.catholicleaf.com/mass-readings-and-reflection-august-04-2025/,"Psalm 81:12-13, 14-15, 16-17 (R. 2a)","ps81:12-13,14-15,16-17(r.2a)",Sing joyfully to God our strength.,
2025-08-05,catholic_gallery_douay_archive,Douay-Rheims dated Mass-reading archive,https://www.catholicgallery.org/mass-reading/050825/,"Psalms 51: 3-4, 5-6ab, 6cd-7, 12-13","ps51:3-4,5-6ab,6cd-7,12-13","Be merciful, O Lord, for we have sinned.","3 Have mercy on me, O God, according to thy great mercy. And according to the multitude of thy tender mercies blot out my iniquity.
4 Wash me yet more from my iniquity, and cleanse me from my sin.
5 For I know my iniquity, and my sin is always before me.
6ab To thee only have I sinned, and have done evil before thee.
6cd That thou mayst be justified in thy words and mayst overcome when thou art judged.
7 For behold I was conceived in iniquities; and in sins did my mother conceive me.
12 Create a clean heart in me, O God: and renew a right spirit within my bowels.
13 Cast me not away from thy face; and take not thy holy spirit from me."
2025-08-05,catholic_leaf_archive,dated Catholic lectionary response archive,https://www.catholicleaf.com/mass-readings-and-reflection-august-05-2025/,"Psalm 51:3-4, 5-6ab, 6cd-7, 12-13 (R. see 3a)","ps51:3-4,5-6ab,6cd-7,12-13(r.3a)","Have mercy, O Lord, for we have sinned.",
2025-08-06,catholic_gallery_douay_archive,Douay-Rheims dated Mass-reading archive,https://www.catholicgallery.org/mass-reading/060825/,"Psalms 97: 1-2, 5-6, 9","ps97:1-2,5-6,9","The Lord is king, the Most High over all the earth.","1 For the same David, when his land was restored again to him. The Lord hath reigned, let the earth rejoice: let many islands be glad.
2 Clouds and darkness are round about him: justice and judgment are the establishment of his throne.
5 The mountains melted like wax, at the presence of the Lord: at the presence of the Lord of all the earth.
6 The heavens declared his justice: and all people saw his glory.
9 For thou art the most high Lord over all the earth: thou art exalted exceedingly above all gods."
2025-08-06,catholic_leaf_archive,dated Catholic lectionary response archive,https://www.catholicleaf.com/mass-readings-and-reflection-august-06-2025/,"Psalm 97:1-2, 5-6, 9 (R. see 1a, 9b)","ps97:1-2,5-6,9(r.1a,9b)","The Lord is king, most high above all the earth.",
2025-08-07,catholic_gallery_douay_archive,Douay-Rheims dated Mass-reading archive,https://www.catholicgallery.org/mass-reading/070825/,"Psalms 95: 1-2, 6-7, 8-9","ps95:1-2,6-7,8-9","If today you hear his voice, harden not your hearts.","1 Come let us praise the Lord with joy: let us joyfully sing to God our saviour.
2 Let us come before his presence with thanksgiving; and make a joyful noise to him with psalms.
6 Come let us adore and fall down: and weep before the Lord that made us.
7 For he is the Lord our God: and we are the people of his pasture and the sheep of his hand.
8 Today if you shall hear his voice, harden not your hearts:
9 As in the provocation, according to the day of temptation in the wilderness: where your fathers tempted me, they proved me, and saw my works."
2025-08-08,catholic_gallery_douay_archive,Douay-Rheims dated Mass-reading archive,https://www.catholicgallery.org/mass-reading/080825/,"Psalms 77: 12-13, 14-15, 16 and 21","ps77:12-13,14-15,16,21",I remember the deeds of the Lord.,"12 I remembered the works of the Lord: for I will be mindful of thy wonders from the beginning.
13 And I will meditate on all thy works: and will be employed in thy inventions.
14 Thy way, O God, is in the holy place: who is the great God like our God?
15 Thou art the God that dost wonders. Thou hast made thy power known among the nations:
16 With thy arm thou hast redeemed thy people the children of Jacob and of Joseph.
21 Thou hast conducted thy people like sheep, by the hand of Moses and Aaron."
2025-08-08,catholic_leaf_archive,dated Catholic lectionary response archive,https://www.catholicleaf.com/mass-readings-and-reflection-august-08-2025/,"Psalm 77:12-13, 14-15, 16 and 21 (R. 12a)","ps77:12-13,14-15,16,21(r.12a)",I remember the deeds of the Lord.,
2025-08-09,catholic_gallery_douay_archive,Douay-Rheims dated Mass-reading archive,https://www.catholicgallery.org/mass-reading/090825/,"Psalms 18: 2-3a, 3c-4, 47 and 51","ps18:2-3a,3c-4,47,51","I love you, Lord, my strength.","2 I will love thee, O Lord, my strength:
3a The Lord is my firmament, my refuge, and my deliverer.
3c My God is my helper, and in him will I put my trust. My protector and the horn of my salvation, and my support.
4 Praising I will call upon the Lord: and I shall be saved from my enemies.
47 The Lord liveth, and blessed be my God, and let the God of my salvation be exalted:
51 Giving great deliverance to his king, and shewing mercy to David his anointed: and to his seed for ever."
2025-08-09,catholic_leaf_archive,dated Catholic lectionary response archive,https://www.catholicleaf.com/mass-readings-and-reflection-august-09-2025/,"Psalm 18:2-3a, 3bc-4, 4 and 51ab (R.2)","ps18:2-3a,3bc-4,4,51ab(r.2)","I love you, Lord, my strength.",
2025-08-10,catholic_gallery_douay_archive,Douay-Rheims dated Mass-reading archive,https://www.catholicgallery.org/mass-reading/100825/,"Psalms 33: 1, 12, 18-19, 20-22","ps33:1,12,18-19,20-22",Blessed the people the Lord has chosen to be his own.,"1 Rejoice in the Lord, O ye just: praise becometh the upright.
12 Blessed is the nation whose God is the Lord: the people whom he hath chosen for his inheritance.
18 Behold the eyes of the Lord are on them that fear him: and on them that hope in his mercy.
19 To deliver their souls from death; and feed them in famine.
20 Our soul waiteth for the Lord: for he is our helper and protector.
21 For in him our heart shall rejoice: and in his holy name we have trusted.
22 Let thy mercy, O Lord, be upon us, as we have hoped in thee."
2025-08-10,catholic_leaf_archive,dated Catholic lectionary response archive,https://www.catholicleaf.com/mass-readings-and-reflection-august-10-2025/,"Psalm 33:1, 12, 18-19, 20-22 R.(12b)","ps33:1,12,18-19,20-22r.(12b)",Blessed the people the Lord has chosen as his heritage,
2025-08-11,catholic_gallery_douay_archive,Douay-Rheims dated Mass-reading archive,https://www.catholicgallery.org/mass-reading/110825/,"Psalms 147: 12-13, 14-15, 19-20","ps147:12-13,14-15,19-20","Praise the Lord, Jerusalem.","12 Praise the Lord, O Jerusalem: praise thy God, O Sion.
13 Because he hath strengthened the bolts of thy gates, he hath blessed thy children within thee.
14 Who hath placed peace in thy borders: and filleth thee with the fat of corn.
15 Who sendeth forth his speech to the earth: his word runneth swiftly.
19 Who declareth his word to Jacob: his justices and his judgments to Israel.
20 He hath not done in like manner to every nation: and his judgments he hath not made manifest to them. Alleluia."
2025-08-11,catholic_leaf_archive,dated Catholic lectionary response archive,https://www.catholicleaf.com/mass-readings-and-reflection-august-11-2025/,"Psalm 147:12-13, 14-15, 19-20 (R. 12a)","ps147:12-13,14-15,19-20(r.12a)","O Jerusalem, glorify the Lord!",
2025-08-12,catholic_gallery_douay_archive,Douay-Rheims dated Mass-reading archive,https://www.catholicgallery.org/mass-reading/120825/,"Deuteronomy 32: 3-4ab, 7, 8, 9 and 12","deuteronomy32:3-4ab,7,8,9,12",The portion of the Lord is his people.,"3 Because I will invoke the name of the Lord: give ye magnificence to our God.
4ab The works of God are perfect, and all his ways are judgments.
7 Remember the days of old, think upon every generation: ask thy father, and he will declare to thee: thy elders and they will tell thee.
8 When the Most High divided the nations: when he separated the sons of Adam, he appointed the bounds of people according to the number of the children of Israel.
9 But the Lord’s portion is his people: Jacob the lot of his inheritance.
12 The Lord alone was his leader: and there was no strange god with him."
2025-08-13,catholic_gallery_douay_archive,Douay-Rheims dated Mass-reading archive,https://www.catholicgallery.org/mass-reading/130825/,"Psalms 66: 1-3a, 5 and 8, 16-17","ps66:1-3a,5,8,16-17",Blessed be God who filled my soul with fire!,"1 Unto the end, a canticle of a psalm of the resurrection. Shout with joy to God, all the earth,
2 Sing ye a psalm to his name; give glory to his praise.
3a Say unto God, How terrible are thy works, O Lord!
5 Come and see the works of God; who is terrible in his counsels over the sons of men.
8 O bless our God, ye Gentiles: and make the voice of his praise to be heard.
16 Come and hear, all ye that fear God, and I will tell you what great things he hath done for my soul.
17 I cried to him with my mouth: and I extolled him with my tongue."
2025-08-13,catholic_leaf_archive,dated Catholic lectionary response archive,https://www.catholicleaf.com/mass-readings-and-reflection-august-13-2025/,"Psalm 66:1-3a 5 and 8, 16-17 (R. see 20a, 9a)","ps66:1-3a5,8,16-17(r.20a,9a)","Blest be God, who gave life to my soul.",
2025-08-14,catholic_gallery_douay_archive,Douay-Rheims dated Mass-reading archive,https://www.catholicgallery.org/mass-reading/140825/,"Psalms 114: 1-2, 3-4, 5-6","ps114:1-2,3-4,5-6",Alleluia!,"1 When Israel went out of Egypt, the house of Jacob from a barbarous people:
2 Judea made his sanctuary, Israel his dominion.
3 The sea saw and fled: Jordan was turned back.
4 The mountains skipped like rams, and the hills like the lambs of the flock.
5 What ailed thee, O thou sea, that thou didst flee: and thou, O Jordan, that thou wast turned back?
6 Ye mountains, that ye skipped like rams, and ye hills, like lambs of the flock?"
2025-08-14,catholic_leaf_archive,dated Catholic lectionary response archive,https://www.catholicleaf.com/mass-readings-and-reflection-august-14-2025/,"Psalm 114:1-2, 3-4, 5-6","ps114:1-2,3-4,5-6",Alleluia,
2025-08-15,catholic_gallery_douay_archive,Douay-Rheims dated Mass-reading archive,https://www.catholicgallery.org/mass-reading/150825/,"Psalms 45: 10, 11, 12, 16","ps45:10,11,12,16","The queen stands at your right hand, arrayed in gold.","10 The daughters of kings have delighted thee in thy glory. The queen stood on thy right hand, in gilded clothing; surrounded with variety.
11 Hearken, O daughter, and see, and incline thy ear: and forget thy people and thy father’s house.
12 And the king shall greatly desire thy beauty; for he is the Lord thy God, and him they shall adore.
16 They shall be brought with gladness and rejoicing: they shall be brought into the temple of the king."
2025-08-15,catholic_leaf_archive,dated Catholic lectionary response archive,https://www.catholicleaf.com/mass-readings-and-reflection-august-15-2025/,"Psalm 45:10, 11, 12, 16 (R. 10b)","ps45:10,11,12,16(r.10b)",On your right stands the queen in gold of Ophir.,
2025-08-16,catholic_gallery_douay_archive,Douay-Rheims dated Mass-reading archive,https://www.catholicgallery.org/mass-reading/160825/,"Psalms 16: 1-2a and 5, 7-8, 11","ps16:1-2a,5,7-8,11","You are my inheritance, O Lord.","1 Preserve me, O Lord, for I have put trust in thee.
2a I have said to the Lord, thou art my God.
5 The Lord is the portion of my inheritance and of my cup: it is thou that wilt restore my inheritance to me.
7 I will bless the Lord, who hath given me understanding: moreover my reins also have corrected me even till night.
8 I set the Lord always in my sight: for he is at my right hand, that I be not moved.
11 Thou hast made known to me the ways of life, thou shalt fill me with joy with thy countenance: at thy right hand are delights even to the end."
2025-08-16,catholic_leaf_archive,dated Catholic lectionary response archive,https://www.catholicleaf.com/mass-readings-and-reflection-august-16-2025/,"Psalm 16:1-2a and 5, 7-8, 11 R. (see 5a)","ps16:1-2a,5,7-8,11r.(5a)","It is you, O Lord, who are my portion.",
2025-08-17,catholic_gallery_douay_archive,Douay-Rheims dated Mass-reading archive,https://www.catholicgallery.org/mass-reading/170825/,"Psalms 40: 2, 3, 4, 18","ps40:2,3,4,18","Lord, come to my aid!","2 With expectation I have waited for the Lord, and he was attentive to me.
3 And he heard my prayers, and brought me out of the pit of misery and the mire of dregs. And he set my feet upon a rock, and directed my steps.
4 And he put a new canticle into my mouth, a song to our God. Many shall see, and shall fear: and they shall hope in the Lord.
18 But I am a beggar and poor: the Lord is careful for me. Thou art my helper and my protector: O my God, be not slack."
2025-08-17,catholic_leaf_archive,dated Catholic lectionary response archive,https://www.catholicleaf.com/mass-readings-and-reflection-august-17-2025/,"Psalm 40:2, 3, 4, 18 R. (14b)","ps40:2,3,4,18r.(14b)","Lord, make haste to help me!",
2025-08-18,catholic_gallery_douay_archive,Douay-Rheims dated Mass-reading archive,https://www.catholicgallery.org/mass-reading/180825/,"Psalms 106: 34-35, 36-37, 39-40, 43ab and 44","ps106:34-35,36-37,39-40,43ab,44","Remember us, O Lord, as you favor your people.","34 They did not destroy the nations of which the Lord spoke unto them.
35 And they were mingled among the heathens, and learned their works:
36 And served their idols, and it became a stumblingblock to them.
37 And they sacrificed their sons, and their daughters to devils.
39 And was defiled with their works: and they went aside after their own inventions.
40 And the Lord was exceedingly angry with his people: and he abhorred his inheritance.
43ab Many times did he deliver them. But they provoked him with their counsel.
44 And he saw when they were in tribulation: and he heard their prayer."
2025-08-18,catholic_leaf_archive,dated Catholic lectionary response archive,https://www.catholicleaf.com/mass-readings-and-reflection-august-18-2025/,"Psalm 106:34-35, 36-37, 39-40, 43ab and 44 (R. see 4ab)","ps106:34-35,36-37,39-40,43ab,44(r.4ab)","O Lord, remember us with the favour you show to your people.",
2025-08-19,catholic_gallery_douay_archive,Douay-Rheims dated Mass-reading archive,https://www.catholicgallery.org/mass-reading/190825/,"Psalms 85: 9, 11-12, 13-14","ps85:9,11-12,13-14",The Lord speaks of peace to his people.,"9 I will hear what the Lord God will speak in me: for he will speak peace unto his people: And unto his saints: and unto them that are converted to the heart.
11 Mercy and truth have met each other: justice and peace have kissed.
12 Truth is sprung out of the earth: and justice hath looked down from heaven.
13 For the Lord will give goodness: and our earth shall yield her fruit.
14 Justice shall walk before him: and shall set his steps in the way."
2025-08-19,catholic_leaf_archive,dated Catholic lectionary response archive,https://www.catholicleaf.com/mass-readings-and-reflection-august-19-2025/,"Psalm 85:9, 11-12, 13-14 (R. see 9b)","ps85:9,11-12,13-14(r.9b)",The Lord speaks of peace for his people.,
2025-08-20,catholic_gallery_douay_archive,Douay-Rheims dated Mass-reading archive,https://www.catholicgallery.org/mass-reading/200825/,"Psalms 21: 2-3, 4-5, 6-7","ps21:2-3,4-5,6-7","Lord, in your strength the king is glad.","2 In thy strength, O Lord, the king shall joy; and in thy salvation he shall rejoice exceedingly.
3 Thou hast given him his heart’s desire: and hast not withholden from him the will of his lips.
4 For thou hast prevented him with blessings of sweetness: thou hast set on his head a crown of precious stones.
5 He asked life of thee: and thou hast given him length of days for ever and ever.
6 His glory is great in thy salvation: glory and great beauty shalt thou lay upon him.
7 For thou shalt give him to be a blessing for ever and ever: thou shalt make him joyful in gladness with thy countenance."
2025-08-20,catholic_leaf_archive,dated Catholic lectionary response archive,https://www.catholicleaf.com/mass-readings-and-reflection-august-20-2025/,"Psalm 21:2-3, 4-5, 6-7 (R. 2a)","ps21:2-3,4-5,6-7(r.2a)","In your strength, O Lord, the king rejoices.",
2025-08-21,catholic_gallery_douay_archive,Douay-Rheims dated Mass-reading archive,https://www.catholicgallery.org/mass-reading/210825/,"Psalms 40: 5, 7-8a, 8b-9, 10","ps40:5,7-8a,8b-9,10","Here I am, Lord; I come to do your will.","5 Blessed is the man whose trust is in the name of the Lord; and who hath not had regard to vanities, and lying follies.
7 Sacrifice and oblation thou didst not desire; but thou hast pierced ears for me. Burnt offering and sin offering thou didst not require:
8a Then said I, Behold I come.
8b In the head of the book it is written of me
9 That I should do thy will: O my God, I have desired it, and thy law in the midst of my heart.
10 I have declared thy justice in a great church, lo, I will not restrain my lips: O Lord, thou knowest it."
2025-08-21,catholic_leaf_archive,dated Catholic lectionary response archive,https://www.catholicleaf.com/mass-readings-and-reflection-august-21-2025/,"Psalm 40:5, 7-8a, 8b-9, 10 R.(8a and 9a)","ps40:5,7-8a,8b-9,10r.(8a,9a)","See, I have come, Lord, to do your will",
2025-08-22,catholic_gallery_douay_archive,Douay-Rheims dated Mass-reading archive,https://www.catholicgallery.org/mass-reading/220825/,"Psalms 146: 5-6ab, 6c-7, 8-9a, 9bc-10","ps146:5-6ab,6c-7,8-9a,9bc-10","Praise the Lord, my soul!","5 Blessed is he who hath the God of Jacob for his helper, whose hope is in the Lord his God:
6 Who made heaven and earth, the sea, and all things that are in them.
7 Who keepeth truth for ever: who executeth judgment for them that suffer wrong: who giveth food to the hungry. The Lord looseth them that are fettered:
8 The Lord enlighteneth the blind. The Lord lifteth up them that are cast down: the Lord loveth the just.
9a The Lord keepeth the strangers
9bc He will support the fatherless and the widow: and the ways of sinners he will destroy.
10 The Lord shall reign for ever: thy God, O Sion, unto generation and generation."
2025-08-22,catholic_leaf_archive,dated Catholic lectionary response archive,https://www.catholicleaf.com/mass-readings-and-reflection-august-22-2025/,"Psalm 146:5-6ab, 6c-7, 8-9a, 9bc-10 (R. 1b)","ps146:5-6ab,6c-7,8-9a,9bc-10(r.1b)","My soul, give praise to the Lord!",
2025-08-23,catholic_gallery_douay_archive,Douay-Rheims dated Mass-reading archive,https://www.catholicgallery.org/mass-reading/230825/,"Psalms 128: 1b-2, 3, 4, 5","ps128:1b-2,3,4,5",See how the Lord blesses those who fear him.,"1 Blessed are all they that fear the Lord: that walk in his ways.
2 For thou shalt eat the labours of thy hands: blessed art thou, and it shall be well with thee.
3 Thy wife as a fruitful vine, on the sides of thy house.
4 Behold, thus shall the man be blessed that feareth the Lord.
5 May the Lord bless thee out of Sion: and mayest thou see the good things of Jerusalem all the days of thy life."
2025-08-23,catholic_leaf_archive,dated Catholic lectionary response archive,https://www.catholicleaf.com/mass-readings-and-reflection-august-23-2025/,"Psalm 128:1-2, 3, 4, 5 (R. 4)","ps128:1-2,3,4,5(r.4)",Indeed thus shall be blessed the man who fears the Lord.,
2025-08-24,catholic_gallery_douay_archive,Douay-Rheims dated Mass-reading archive,https://www.catholicgallery.org/mass-reading/240825/,"Psalms 117: 1, 2","ps117:1,2",Go out to all the world and tell the Good News.,"or
1 O praise the Lord, all ye nations: praise him, all ye people.
or
2 For his mercy is confirmed upon us: and the truth of the Lord remaineth for ever.
or"
2025-08-24,catholic_leaf_archive,dated Catholic lectionary response archive,https://www.catholicleaf.com/mass-readings-and-reflection-august-24-2025/,"Psalm 117:1, 2 R.(Mk 16:15)","ps117:1,2r.(mk16:15)",Go into all the world and proclaim the gospel.,
2025-08-25,catholic_gallery_douay_archive,Douay-Rheims dated Mass-reading archive,https://www.catholicgallery.org/mass-reading/250825/,"Psalms 149: 1b-2, 3-4, 5-6a and 9b","ps149:1b-2,3-4,5-6a,9b",The Lord takes delight in his people.,"or
1 Sing ye to the Lord a new canticle: let his praise be in the church of the saints.
2 Let Israel rejoice in him that made him: and let the children of Sion be joyful in their king.
or
3 Let them praise his name in choir: let them sing to him with the timbrel and the psaltery.
4 For the Lord is well pleased with his people: and he will exalt the meek unto salvation.
or
5 The saints shall rejoice in glory: they shall be joyful in their beds.
6a The high praise of God shall be in their mouth
9b This glory is to all his saints. Alleluia.
or"
2025-08-26,catholic_gallery_douay_archive,Douay-Rheims dated Mass-reading archive,https://www.catholicgallery.org/mass-reading/260825/,"Psalms 139: 1-3, 4-6","ps139:1-3,4-6","You have searched me and you know me, Lord.","1 Lord, thou hast proved me, and known me:
2 Thou hast know my sitting down, and my rising up.
3 Thou hast understood my thoughts afar off: my path and my line thou hast searched out.
4 And thou hast foreseen all my ways: for there is no speech in my tongue.
5 Behold, O Lord, thou hast known all things, the last and those of old: thou hast formed me, and hast laid thy hand upon me.
6 Thy knowledge is become wonderful to me: it is high, and I cannot reach to it."
2025-08-26,catholic_leaf_archive,dated Catholic lectionary response archive,https://www.catholicleaf.com/mass-readings-and-reflection-august-26-2025/,"Psalm 139:1-3, 4-6 R. (1)","ps139:1-3,4-6r.(1)","O Lord, you search me and you know me.",
2025-08-27,catholic_gallery_douay_archive,Douay-Rheims dated Mass-reading archive,https://www.catholicgallery.org/mass-reading/270825/,"Psalms 139: 7-8, 9-10, 11-12ab","ps139:7-8,9-10,11-12ab","You have searched me and you know me, Lord.","7 Whither shall I go from thy spirit? or whither shall I flee from thy face?
8 If I ascend into heaven, thou art there: if I descend into hell, thou art present.
9 If I take my wings early in the morning, and dwell in the uttermost parts of the sea:
10 Even there also shall thy hand lead me: and thy right hand shall hold me.
11 And I said: Perhaps darkness shall cover me: and night shall be my light in my pleasures.
12ab But darkness shall not be dark to thee, and night shall be light as day."
2025-08-27,catholic_leaf_archive,dated Catholic lectionary response archive,https://www.catholicleaf.com/mass-readings-and-reflection-august-27-2025/,"Psalm 139:7-8, 9-10, 11-12ab R. (1)","ps139:7-8,9-10,11-12abr.(1)","O Lord, you search me and you know me.",
2025-08-28,catholic_gallery_douay_archive,Douay-Rheims dated Mass-reading archive,https://www.catholicgallery.org/mass-reading/280825/,"Psalms 90: 3-5a, 12-13, 14 and 17","ps90:3-5a,12-13,14,17","Fill us with your love, O Lord, and we will sing for joy!","3 Turn not man away to be brought low: and thou hast said: Be converted, O ye sons of men.
4 For a thousand years in thy sight are as yesterday, which is past. And as a watch in the night.
12 Can number thy wrath? So make thy right hand known: and men learned in heart, in wisdom.
13 Return, O Lord, how long? and be entreated in favour of thy servants.
14 We are filled in the morning with thy mercy: and we have rejoiced, and are delighted all our days.
17 And let the brightness of the Lord our God be upon us: and direct thou the works of our hands over us; yea, the work of our hands do thou direct."
2025-08-28,catholic_leaf_archive,dated Catholic lectionary response archive,https://www.catholicleaf.com/mass-readings-and-reflection-august-28-2025/,"Psalm 90:3-5a, 12-13, 14 and 17 R. (14)","ps90:3-5a,12-13,14,17r.(14)","Fill us with your merciful love, O Lord, and we shall exult",
2025-08-29,catholic_gallery_douay_archive,Douay-Rheims dated Mass-reading archive,https://www.catholicgallery.org/mass-reading/290825/,"Psalms 97: 1 and 2b, 5-6, 10, 11-12","ps97:1,2b,5-6,10,11-12","Rejoice in the Lord, you just!","1 The Lord hath reigned, let the earth rejoice: let many islands be glad.
2b Justice and judgment are the establishment of his throne.
5 The mountains melted like wax, at the presence of the Lord: at the presence of the Lord of all the earth.
6 The heavens declared his justice: and all people saw his glory.
10 You that love the Lord, hate evil: the Lord preserveth the souls of his saints, he will deliver them out of the hand of the sinner.
11 Light is risen to the just, and joy to the right of heart.
12 Rejoice, ye just, in the Lord: and give praise to the remembrance of his holiness."
2025-08-29,catholic_leaf_archive,dated Catholic lectionary response archive,https://www.catholicleaf.com/mass-readings-and-reflection-august-29-2025/,"Psalm 71:1-2, 3-4a, 5-6ab, 15ab and 17 R.(see 15ab)","ps71:1-2,3-4a,5-6ab,15ab,17r.(15ab)","My mouth will tell of your salvation, Lord",
2025-08-30,catholic_gallery_douay_archive,Douay-Rheims dated Mass-reading archive,https://www.catholicgallery.org/mass-reading/300825/,"Psalms 98: 1, 7-8, 9","ps98:1,7-8,9",The Lord comes to rule the earth with justice.,"1 Sing ye to the Lord anew canticle: because he hath done wonderful things. His right hand hath wrought for him salvation, and his arm is holy.
7 Let the sea be moved and the fulness thereof: the world and they that dwell therein.
8 The rivers shall clap their hands, the mountains shall rejoice together
9 At the presence of the Lord: because he cometh to judge the earth. He shall judge the world with justice, and the people with equity."
2025-08-30,catholic_leaf_archive,dated Catholic lectionary response archive,https://www.catholicleaf.com/mass-readings-and-reflection-august-30-2025/,"Psalm 98:1, 7-8, 9 R. (9)","ps98:1,7-8,9r.(9)",The Lord comes to judge the people with fairness,
2025-08-31,catholic_gallery_douay_archive,Douay-Rheims dated Mass-reading archive,https://www.catholicgallery.org/mass-reading/310825/,"Psalms 68: 4-5, 6-7, 10-11","ps68:4-5,6-7,10-11","God, in your goodness, you have made a home for the poor.","4 Let the just feast, and rejoice before God: and be delighted with gladness.
5 Sing ye to God, sing a psalm to his name, make a way for him who ascendeth upon the west: the Lord is his name. Rejoice ye before him: but the wicked shall be troubled at his presence,
6 Who is the father of orphans, and the judge of widows. God in his holy place:
7 God who maketh men of one manner to dwell in a house: Who bringeth out them that were bound in strength; in like manner them that provoke, that dwell in sepulchres.
10 Thou shalt set aside for thy inheritance a free rain, O God: and it was weakened, but thou hast made it perfect.
11 In it shall thy animals dwell; in thy sweetness, O God, thou hast provided for the poor."
2025-08-31,catholic_leaf_archive,dated Catholic lectionary response archive,https://www.catholicleaf.com/mass-readings-and-reflection-august-31-2025/,"Psalm 68:4-5, 6-7, 10-11 R. (cf. 11b)","ps68:4-5,6-7,10-11r.(11b)","In your goodness, O God, you provided for the poor.",
2025-09-01,catholic_gallery_douay_archive,Douay-Rheims dated Mass-reading archive,https://www.catholicgallery.org/mass-reading/010925/,"Psalms 96: 1 and 3, 4-5, 11-12, 13","ps96:1,3,4-5,11-12,13",The Lord comes to judge the earth.,"1 Sing ye to the Lord a new canticle: sing to the Lord, all the earth.
3 Declare his glory among the Gentiles: his wonders among all people.
4 For the Lord is great, and exceedingly to be praised: he is to be feared above all gods.
5 For all the gods of the Gentiles are devils: but the Lord made the heavens.
11 Let the heavens rejoice, and let the earth be glad, let the sea be moved, and the fulness thereof:
12 The fields and all things that are in them shall be joyful. Then shall all the trees of the woods rejoice
13 Before the face of the Lord, because he cometh: because he cometh to judge the earth. He shall judge the world with justice, and the people with his truth."
2025-09-01,catholic_leaf_archive,dated Catholic lectionary response archive,https://www.catholicleaf.com/mass-readings-and-reflection-sept-01-2025/,"Psalm 96:1 and 3, 4-5, 11-12, 13 (R. 13b)","ps96:1,3,4-5,11-12,13(r.13b)",The Lord comes to judge the earth,
2025-09-02,catholic_gallery_douay_archive,Douay-Rheims dated Mass-reading archive,https://www.catholicgallery.org/mass-reading/020925/,"Psalms 27: 1, 4, 13-14","ps27:1,4,13-14",I believe that I shall see the good things of the Lord in the land of the living.,"1 The Lord is my light and my salvation, whom shall I fear? The Lord is the protector of my life: of whom shall I be afraid?
4 One thing I have asked of the Lord, this will I seek after; that I may dwell in the house of the Lord all the days of my life. That I may see the delight of the Lord, and may visit his temple.
13 I believe to see the good things of the Lord in the land of the living.
14 Expect the Lord, do manfully, and let thy heart take courage, and wait thou for the Lord."
2025-09-02,catholic_leaf_archive,dated Catholic lectionary response archive,https://www.catholicleaf.com/mass-readings-and-reflection-sept-02-2025/,"Psalm 27:1, 4, 13-14 (R. 13)","ps27:1,4,13-14(r.13)",I believe I shall see the Lord’s goodness in the land of the living.,
2025-09-03,catholic_gallery_douay_archive,Douay-Rheims dated Mass-reading archive,https://www.catholicgallery.org/mass-reading/030925/,"Psalms 52: 10, 11","ps52:10,11",I trust in the mercy of God for ever.,"10 But I, as a fruitful olive tree in the house of God, have hoped in the mercy of God for ever, yea for ever and ever.
11 I will praise thee for ever, because thou hast done it: and I will wait on thy name, for it is good in the sight of thy saints."
2025-09-03,catholic_leaf_archive,dated Catholic lectionary response archive,https://www.catholicleaf.com/mass-readings-and-reflection-sept-03-2025/,"Psalm 52:10, 11 (R. 10cd)","ps52:10,11(r.10cd)","I trust in the mercy of God, forever and ever.",
2025-09-04,catholic_gallery_douay_archive,Douay-Rheims dated Mass-reading archive,https://www.catholicgallery.org/mass-reading/040925/,"Psalms 98: 2-3ab, 3cd-4, 5-6","ps98:2-3ab,3cd-4,5-6",The Lord has made known his salvation.,"2 The Lord hath made known his salvation: he hath revealed his justice in the sight of the Gentiles.
3ab He hath remembered his mercy his truth toward the house of Israel.
3cd All the ends of the earth have seen the salvation of our God.
4 Sing joyfully to God, all the earth; make melody, rejoice and sing.
5 Sing praise to the Lord on the harp, on the harp, and with the voice of a psalm:
6 With long trumpets, and sound of comet. Make a joyful noise before the Lord our king."
2025-09-04,catholic_leaf_archive,dated Catholic lectionary response archive,https://www.catholicleaf.com/mass-readings-and-reflection-sept-04-2025/,"Psalm 98:2-3ab, 3cd-4, 5-6 (R. 2a)","ps98:2-3ab,3cd-4,5-6(r.2a)",The Lord has made known his salvation.,
2025-09-05,catholic_gallery_douay_archive,Douay-Rheims dated Mass-reading archive,https://www.catholicgallery.org/mass-reading/050925/,"Psalms 100: 1b-2, 3, 4, 5","ps100:1b-2,3,4,5",Come with joy into the presence of the Lord.,"2 Sing joyfully to God, all the earth: serve ye the Lord with gladness. Come in before his presence with exceeding great joy.
3 Know ye that the Lord he is God: he made us, and not we ourselves. We are his people and the sheep of his pasture.
4 Go ye into his gates with praise, into his courts with hymns: and give glory to him. Praise ye his name:
5 For the Lord is sweet, his mercy endureth for ever, and his truth to generation and generation."
2025-09-05,catholic_leaf_archive,dated Catholic lectionary response archive,https://www.catholicleaf.com/mass-readings-and-reflection-sept-05-2025/,"Psalm 100:1b-2, 3, 4, 5 R. (2b)","ps100:1b-2,3,4,5r.(2b)","Come before the Lord, singing for joy",
2025-09-06,catholic_gallery_douay_archive,Douay-Rheims dated Mass-reading archive,https://www.catholicgallery.org/mass-reading/060925/,"Psalms 54: 3-4, 6 and 8","ps54:3-4,6,8",God himself is my help.,"3 Save me, O God, by thy name, and judge me in thy strength.
4 O God, hear my prayer: give ear to the words of my mouth.
6 For behold God is my helper: and the Lord is the protector of my soul.
8 I will freely sacrifice to thee, and will give praise, O God, to thy name: because it is good."
2025-09-06,catholic_leaf_archive,dated Catholic lectionary response archive,https://www.catholicleaf.com/mass-readings-and-reflection-sept-06-2025/,"Psalm 54:3-4, 6 and 8 (R. 6a)","ps54:3-4,6,8(r.6a)","See, I have God for my help.",
2025-09-07,catholic_gallery_douay_archive,Douay-Rheims dated Mass-reading archive,https://www.catholicgallery.org/mass-reading/070925/,"Psalms 90: 3-4, 5-6, 12-13, 14 and 17","ps90:3-4,5-6,12-13,14,17","In every age, O Lord, you have been our refuge.","3 Turn not man away to be brought low: and thou hast said: Be converted, O ye sons of men.
4 For a thousand years in thy sight are as yesterday, which is past. And as a watch in the night,
5 Things that are counted nothing, shall their years be.
6 In the morning man shall grow up like grass; in the morning he shall flourish and pass away: in the evening he shall fall, grow dry, and wither.
12 Can number thy wrath? So make thy right hand known: and men learned in heart, in wisdom.
13 Return, O Lord, how long? and be entreated in favour of thy servants.
14 We are filled in the morning with thy mercy: and we have rejoiced, and are delighted all our days.
17 And let the brightness of the Lord our God be upon us: and direct thou the works of our hands over us; yea, the work of our hands do thou direct."
2025-09-07,catholic_leaf_archive,dated Catholic lectionary response archive,https://www.catholicleaf.com/mass-readings-and-reflection-sept-07-2025/,"Psalm 90:3-4, 5-6, 12-13, 14 and 17 (R. 1)","ps90:3-4,5-6,12-13,14,17(r.1)","O Lord, you have been our refuge, from generation to generation.",
2025-09-08,catholic_gallery_douay_archive,Douay-Rheims dated Mass-reading archive,https://www.catholicgallery.org/mass-reading/080925/,"Psalms 13: 6ab, 6c","ps13:6ab,6c",With delight I rejoice in the Lord.,"6ab But I have trusted in thy mercy. My heart shall rejoice in thy salvation.
6c I will sing to the Lord, who giveth me good things."
2025-09-08,catholic_leaf_archive,dated Catholic lectionary response archive,https://www.catholicleaf.com/mass-readings-and-reflection-sept-08-2025/,"Psalm 13:6, 7a (R. Isaiah 61:10a)","ps13:6,7a(r.isaiah61:10a)",I will greatly rejoice in the Lord.,
2025-09-09,catholic_gallery_douay_archive,Douay-Rheims dated Mass-reading archive,https://www.catholicgallery.org/mass-reading/090925/,"Psalms 145: 1b-2, 8-9, 10-11","ps145:1b-2,8-9,10-11",The Lord is compassionate toward all his works.,"1 I will extol thee, O God my king: and I will bless thy name for ever; yea, for ever and ever.
2 Every day I will bless thee: and I will praise thy name for ever; yea, for ever and ever.
8 The Lord is gracious and merciful: patient and plenteous in mercy.
9 The Lord is sweet to all: and his tender mercies are over all his works.
10 Let all thy works, O lord, praise thee: and let thy saints bless thee.
11 They shall speak of the glory of thy kingdom: and shall tell of thy power."
2025-09-09,catholic_leaf_archive,dated Catholic lectionary response archive,https://www.catholicleaf.com/mass-readings-and-reflection-sept-09-2025/,"Psalm 145:1-2, 8-9, 10-11 (R. 9a)","ps145:1-2,8-9,10-11(r.9a)",How good is the Lord to all.,
2025-09-10,catholic_gallery_douay_archive,Douay-Rheims dated Mass-reading archive,https://www.catholicgallery.org/mass-reading/100925/,"Psalms 145: 2-3, 10-11, 12-13ab","ps145:2-3,10-11,12-13ab",The Lord is compassionate toward all his works.,"2 Every day I will bless thee: and I will praise thy name for ever; yea, for ever and ever.
3 Great is the Lord, and greatly to be praised: and of his greatness there is no end.
10 Let all thy works, O lord, praise thee: and let thy saints bless thee.
11 They shall speak of the glory of thy kingdom: and shall tell of thy power:
12 To make thy might known to the sons of men: and the glory of the magnificence of thy kingdom.
13ab Thy kingdom is a kingdom of all ages: and thy dominion endureth throughout all generations."
2025-09-10,catholic_leaf_archive,dated Catholic lectionary response archive,https://www.catholicleaf.com/mass-readings-and-reflection-sept-10-2025/,"Psalm 145:2-3, 10-11, 12-13ab (R. 9a)","ps145:2-3,10-11,12-13ab(r.9a)",How good is the Lord to all.,
2025-09-11,catholic_gallery_douay_archive,Douay-Rheims dated Mass-reading archive,https://www.catholicgallery.org/mass-reading/110925/,"Psalms 150: 1b-2, 3-4, 5-6","ps150:1b-2,3-4,5-6",Let everything that breathes praise the Lord!,"1 Praise ye the Lord in his holy places: praise ye him in the firmament of his power.
2 Praise ye him for his mighty acts: praise ye him according to the multitude of his greatness.
3 Praise him with sound of trumpet: praise him with psaltery and harp.
4 Praise him with timbrel and choir: praise him with strings and organs.
5 Praise him on high sounding cymbals: praise him on cymbals of joy:
6 Let every spirit praise the Lord. Alleluia."
2025-09-11,catholic_leaf_archive,dated Catholic lectionary response archive,https://www.catholicleaf.com/mass-readings-and-reflection-sept-11-2025/,"Psalm 150:1b-2, 3-4, 5-6 R.(6)","ps150:1b-2,3-4,5-6r.(6)",Let everything that breathes praise the Lord!,
2025-09-12,catholic_gallery_douay_archive,Douay-Rheims dated Mass-reading archive,https://www.catholicgallery.org/mass-reading/120925/,"Psalms 16: 1b-2a and 5, 7-8, 11","ps16:1b-2a,5,7-8,11","You are my inheritance, O Lord.","1b Preserve me, O Lord, for I have put trust in thee.
2a I have said to the Lord, thou art my God.
5 The Lord is the portion of my inheritance and of my cup: it is thou that wilt restore my inheritance to me.
7 I will bless the Lord, who hath given me understanding: moreover my reins also have corrected me even till night.
8 I set the Lord always in my sight: for he is at my right hand, that I be not moved.
11 Thou hast made known to me the ways of life, thou shalt fill me with joy with thy countenance: at thy right hand are delights even to the end."
2025-09-12,catholic_leaf_archive,dated Catholic lectionary response archive,https://www.catholicleaf.com/mass-readings-and-reflection-sept-12-2025/,"Psalm 16:1-2a and 5, 7-8, 11 (R. see 5a)","ps16:1-2a,5,7-8,11(r.5a)","It is you, O Lord, who are my portion.",
2025-09-13,catholic_gallery_douay_archive,Douay-Rheims dated Mass-reading archive,https://www.catholicgallery.org/mass-reading/130925/,"Psalms 113: 1b-2, 3-4, 5a and 6-7","ps113:1b-2,3-4,5a,6-7",Blessed be the name of the Lord for ever.,"1 Praise the Lord, ye children: praise ye the name of the Lord.
2 Blessed be the name of the Lord, from henceforth now and for ever.
3 From the rising of the sun unto the going down of the same, the name of the Lord is worthy of praise.
4 The Lord is high above all nations; and his glory above the heavens.
5a Who is as the Lord our God,
6 And looketh down on the low things in heaven and in earth?
7 Raising up the needy from the earth, and lifting up the poor out of the dunghill:"
2025-09-13,catholic_leaf_archive,dated Catholic lectionary response archive,https://www.catholicleaf.com/mass-readings-and-reflection-sept-13-2025/,"Psalm 113:1-2, 3-4, 5a and 6-7 (R. see 2)","ps113:1-2,3-4,5a,6-7(r.2)",May the name of the Lord be blest for evermore.,
2025-09-14,catholic_gallery_douay_archive,Douay-Rheims dated Mass-reading archive,https://www.catholicgallery.org/mass-reading/140925/,"Psalms 78: 1bc-2, 34-35, 36-37, 38","ps78:1bc-2,34-35,36-37,38",Do not forget the works of the Lord!,"1 Attend, O my people, to my law: incline your ears to the words of my mouth.
2 I will open my mouth in parables: I will utter propositions from the beginning.
34 When he slew them, then they sought him: and they returned, and came to him early in the morning.
35 And they remembered that God was their helper: and the most high God their redeemer.
36 And they loved him with their mouth: and with their tongue they lied unto him:
37 But their heart was not right with him: nor were they counted faithful in his covenant.
38 But he is merciful, and will forgive their sins: and will not destroy them. And many a time did he turn away his anger: and did not kindle all his wrath."
2025-09-14,catholic_leaf_archive,dated Catholic lectionary response archive,https://www.catholicleaf.com/mass-readings-and-reflection-sept-14-2025/,"Psalm 78:1bc-2, 34-35, 36-37, 38 R. (see 7b)","ps78:1bc-2,34-35,36-37,38r.(7b)",Never forget the deeds of the Lord,
2025-09-15,catholic_gallery_douay_archive,Douay-Rheims dated Mass-reading archive,https://www.catholicgallery.org/mass-reading/150925/,"Psalms 28: 2, 7, 8-9","ps28:2,7,8-9","Blessed be the Lord, for he has heard my prayer.","2 Hear, O Lord, the voice of my supplication, when I pray to thee; when I lift up my hands to thy holy temple.
7 The Lord is my helper and my protector: in him hath my heart confided, and I have been helped. And my flesh hath flourished again, and with my will I will give praise to him.
8 The Lord is the strength of his people, and the protector of the salvation of his anointed.
9 Save, O Lord, thy people, and bless thy inheritance: and rule them and exalt them for ever."
2025-09-15,catholic_leaf_archive,dated Catholic lectionary response archive,https://www.catholicleaf.com/mass-readings-and-reflection-sept-15-2025/,"Psalm 28:2, 7, 8-9 (R. 6)","ps28:2,7,8-9(r.6)","Blest be the Lord, for he has heard the sound of my appeal.",
2025-09-16,catholic_gallery_douay_archive,Douay-Rheims dated Mass-reading archive,https://www.catholicgallery.org/mass-reading/160925/,"Psalms 101: 1b-2ab, 2cd-3ab, 5, 6","ps101:1b-2ab,2cd-3ab,5,6",I will walk with blameless heart.,"1b Mercy and judgment I will sing to thee, O Lord: I will sing,
2ab And I will understand in the unspotted way, when thou shalt come to me.
2cd I walked in the innocence of my heart, in the midst of my house.
3ab I did not set before my eyes any unjust thing.
5 The man that in private detracted his neighbour, him did I persecute. With him that had a proud eye, and an unsatiable heart, I would not eat.
6 My eyes were upon the faithful of the earth, to sit with me: the man that walked in the perfect way, he served me."
2025-09-16,catholic_leaf_archive,dated Catholic lectionary response archive,https://www.catholicleaf.com/mass-readings-and-reflection-sept-16-2025/,"Psalm 101:1-2ab, 2cd-3ab, 5, 6 (R. 2c)","ps101:1-2ab,2cd-3ab,5,6(r.2c)",I will walk with blameless heart.,
2025-09-17,catholic_gallery_douay_archive,Douay-Rheims dated Mass-reading archive,https://www.catholicgallery.org/mass-reading/170925/,"Psalms 111: 1-2, 3-4, 5-6","ps111:1-2,3-4,5-6",How great are the works of the Lord!,"1 I will praise thee, O Lord, with my whole heart; in the council of the just: and in the congregation.
2 Great are the works of the Lord: sought out according to all his wills.
3 His work is praise and magnificence: and his justice continueth for ever and ever.
4 He hath made a remembrance of his wonderful works, being a merciful and gracious Lord:
5 He hath given food to them that fear him. He will be mindful for ever of his covenant:
6 He will shew forth to his people the power of his works."
2025-09-17,catholic_leaf_archive,dated Catholic lectionary response archive,https://www.catholicleaf.com/mass-readings-and-reflection-sept-17-2025/,"Psalm 111:1b-2, 3-4, 5-6, (R. 2a)","ps111:1b-2,3-4,5-6(r.2a)",Great are the works of the Lord.,
2025-09-18,catholic_gallery_douay_archive,Douay-Rheims dated Mass-reading archive,https://www.catholicgallery.org/mass-reading/180925/,"Psalms 111: 7-8, 9, 10","ps111:7-8,9,10",How great are the works of the Lord!,"7 That he may give them the inheritance of the Gentiles: the works of his hands are truth and judgment.
8 All his commandments are faithful: confirmed for ever and ever, made in truth and equity.
9 He hath sent redemption to his people: he hath commanded his covenant for ever. Holy and terrible is his name:
10 The fear of the Lord is the beginning of wisdom. A good understanding to all that do it: his praise continueth for ever and ever."
2025-09-18,catholic_leaf_archive,dated Catholic lectionary response archive,https://www.catholicleaf.com/mass-readings-and-reflection-sept-18-2025/,"Psalm 111:7-8, 9, 10 R.(2)","ps111:7-8,9,10r.(2)",Great are the works of the Lord.,
2025-09-19,catholic_gallery_douay_archive,Douay-Rheims dated Mass-reading archive,https://www.catholicgallery.org/mass-reading/190925/,"Psalms 49: 6-7, 8-10, 17-18, 19-20","ps49:6-7,8-10,17-18,19-20",Blessed the poor in spirit; the Kingdom of heaven is theirs!,"6 Why shall I fear in the evil day? the iniquity of my heel shall encompass me.
7 They that trust in their own strength, and glory in the multitude of their riches,
8 No brother can redeem, nor shall man redeem: he shall not give to God his ransom,
9 Nor the price of the redemption of his soul: and shall labour for ever,
10 And shall still live unto the end.
17 Be not thou afraid, when a man shall be made rich, and when the glory of his house shall be increased.
18 For when he shall die he shall take nothing away; nor shall his glory descend with him.
19 For in his lifetime his soul will be blessed: and he will praise thee when thou shalt do well to him.
20 He shall go in to the generations of his fathers: and he shall never see light."
2025-09-19,catholic_leaf_archive,dated Catholic lectionary response archive,https://www.catholicleaf.com/mass-readings-and-reflection-sept-19-2025/,"Psalm 49:6-7, 8-10, 17-18, 19-20 (R. Matthew 5:3)","ps49:6-7,8-10,17-18,19-20(r.matthew5:3)","Blessed are the poor in spirit, for theirs is the kingdom of heaven.",
2025-09-20,catholic_gallery_douay_archive,Douay-Rheims dated Mass-reading archive,https://www.catholicgallery.org/mass-reading/200925/,"Psalms 100: 1b-2, 3, 4, 5","ps100:1b-2,3,4,5",Come with joy into the presence of the Lord.,"2 Sing joyfully to God, all the earth: serve ye the Lord with gladness. Come in before his presence with exceeding great joy.
3 Know ye that the Lord he is God: he made us, and not we ourselves. We are his people and the sheep of his pasture.
4 Go ye into his gates with praise, into his courts with hymns: and give glory to him. Praise ye his name:
5 For the Lord is sweet, his mercy endureth for ever, and his truth to generation and generation."
2025-09-20,catholic_leaf_archive,dated Catholic lectionary response archive,https://www.catholicleaf.com/mass-readings-and-reflection-sept-20-2025/,"Psalm 100:1b-2, 3, 4, 5 R. (2)","ps100:1b-2,3,4,5r.(2)","Come before the Lord, Singing for Joy.",
2025-09-21,catholic_gallery_douay_archive,Douay-Rheims dated Mass-reading archive,https://www.catholicgallery.org/mass-reading/210925/,"Psalms 113: 1-2, 4-6, 7-8","ps113:1-2,4-6,7-8",Praise the Lord who lifts up the poor.,"or
1 Praise the Lord, ye children: praise ye the name of the Lord.
2 Blessed be the name of the Lord, from henceforth now and for ever.
or
4 The Lord is high above all nations; and his glory above the heavens.
5 Who is as the Lord our God, who dwelleth on high:
6 And looketh down on the low things in heaven and in earth?
or
7 Raising up the needy from the earth, and lifting up the poor out of the dunghill:
8 That he may place him with princes, with the princes of his people.
or"
2025-09-21,catholic_leaf_archive,dated Catholic lectionary response archive,https://www.catholicleaf.com/mass-readings-and-reflection-sept-21-2025/,"Psalm 113:1-2, 4-6, 7-8 R. (cf. 1a, 7b)","ps113:1-2,4-6,7-8r.(1a,7b)","Praise the Lord, who raises the poor from the dust",
2025-09-22,catholic_gallery_douay_archive,Douay-Rheims dated Mass-reading archive,https://www.catholicgallery.org/mass-reading/220925/,"Psalms 126: 1b-2ab, 2cd-3, 4-5, 6","ps126:1b-2ab,2cd-3,4-5,6",The Lord has done marvels for us.,"1 When the lord brought back the captivity of Sion, we became like men comforted.
2ab Then was our mouth filled with gladness; and our tongue with joy.
2cd Then shall they say among the Gentiles: The Lord hath done great things for them.
3 The Lord hath done great things for us: we are become joyful.
4 Turn again our captivity, O Lord, as a stream in the south.
5 They that sow in tears shall reap in joy.
6 Going they went and wept, casting their seeds. But coming they shall come with joyfulness, carrying their sheaves."
2025-09-22,catholic_leaf_archive,dated Catholic lectionary response archive,https://www.catholicleaf.com/mass-readings-and-reflection-sept-22-2025/,"Psalm 126:1-2ab, 2cd-3, 4-5, 6 (R. 3a)","ps126:1-2ab,2cd-3,4-5,6(r.3a)",What great deeds the Lord worked for us!,
2025-09-23,catholic_gallery_douay_archive,Douay-Rheims dated Mass-reading archive,https://www.catholicgallery.org/mass-reading/230925/,"Psalms 122: 1-2, 3-4ab, 4cd-5","ps122:1-2,3-4ab,4cd-5",Let us go rejoicing to the house of the Lord.,"1 I rejoiced at the things that were said to me: We shall go into the house of the Lord.
2 Our feet were standing in thy courts, O Jerusalem.
3 Jerusalem, which is built as a city, which is compact together.
4ab For thither did the tribes go up, the tribes of the Lord.
4cd The testimony of Israel, to praise the name of the Lord.
5 Because their seats have sat in judgment, seats upon the house of David."
2025-09-23,catholic_leaf_archive,dated Catholic lectionary response archive,https://www.catholicleaf.com/mass-readings-and-reflection-sept-23-2025/,"Psalm 122:1-2, 3-4ab, 4cd-5 (R. see 1)","ps122:1-2,3-4ab,4cd-5(r.1)",Let us go rejoicing to the house of the Lord.,
2025-09-24,catholic_gallery_douay_archive,Douay-Rheims dated Mass-reading archive,https://www.catholicgallery.org/mass-reading/240925/,"Tobit 13: 2, 3-4a, 6, 8","tobit13:2,3-4a,6,8","Blessed be God, who lives for ever.","2 For thou scourgest, and thou savest: thou leadest down to hell, and bringest up again: and there is none that can escape thy hand.
3 Give glory to the Lord, ye children of Israel, and praise him in the sight of the Gentiles: Because he hath therefore scattered you among the Gentiles.
6abc See then what he hath done with us, and with fear and trembling give ye glory to him: and extol the eternal King of worlds in your works.
6def As for me, I will praise him in the land of my captivity: because he hath shewn his majesty toward a sinful nation.
8 I and my soul will rejoice in him. Bless ye the Lord, all his elect, keep days of joy, and give glory to him."
2025-09-25,catholic_gallery_douay_archive,Douay-Rheims dated Mass-reading archive,https://www.catholicgallery.org/mass-reading/250925/,"Psalms 149: 1b-2, 3-4, 5-6a and 9b","ps149:1b-2,3-4,5-6a,9b",The Lord takes delight in his people.,"1 Sing ye to the Lord a new canticle: let his praise be in the church of the saints.
2 Let Israel rejoice in him that made him: and let the children of Sion be joyful in their king.
3 Let them praise his name in choir: let them sing to him with the timbrel and the psaltery.
4 For the Lord is well pleased with his people: and he will exalt the meek unto salvation.
5 The saints shall rejoice in glory: they shall be joyful in their beds.
6a The high praise of God shall be in their mouth.
9b This glory is to all his saints. Alleluia."
2025-09-25,catholic_leaf_archive,dated Catholic lectionary response archive,https://www.catholicleaf.com/mass-readings-and-reflection-sept-25-2025/,"Psalm 149:1b-2, 3-4, 5-6a and 9b (R. 4a)","ps149:1b-2,3-4,5-6a,9b(r.4a)",The Lord takes delight in his people.,
2025-09-26,catholic_gallery_douay_archive,Douay-Rheims dated Mass-reading archive,https://www.catholicgallery.org/mass-reading/260925/,"Psalms 43: 1, 2, 3, 4","ps43:1,2,3,4","Hope in God; I will praise him, my savior and my God.","1 Judge me, O God, and distinguish my cause from the nation that is not holy: deliver me from the unjust and deceitful man.
2 For thou art God my strength: why hast thou cast me off? and why do I go sorrowful whilst the enemy afflicteth me?
3 Send forth thy light and thy truth: they have conducted me, and brought me unto thy holy hill, and into thy tabernacles.
4 And I will go in to the altar of God: to God who giveth joy to my youth. To thee, O God my God, I will give praise upon the harp: why art thou sad, O my soul?"
2025-09-26,catholic_leaf_archive,dated Catholic lectionary response archive,https://www.catholicleaf.com/mass-readings-and-reflection-sept-26-2025/,"Psalm 43:1, 2, 3, 4 R.(5)","ps43:1,2,3,4r.(5)","Hope in God; I will praise him yet again, my saving presence and my God",
2025-09-27,catholic_gallery_douay_archive,Douay-Rheims dated Mass-reading archive,https://www.catholicgallery.org/mass-reading/270925/,"Jeremiah 31: 10, 11-12ab, 13","jeremiah31:10,11-12ab,13",The Lord will guard us as a shepherd guards his flock.,"10 Hear the word of the Lord, O ye nations, and declare it in the islands that are afar off, and say: He that scattered Israel will gather him: and he will keep him as the shepherd doth his flock.
11 For the Lord hath redeemed Jacob, and delivered him out of the hand of one that was mightier than he.
12ab And they shall come, and shall give praise in mount Sion: and they shall flow together to the good things of the Lord.
13 Then shall the virgin rejoice in the dance, the young men and old men together: and I will turn their mourning into joy, and will comfort them, and make them joyful after their sorrow."
2025-09-28,catholic_gallery_douay_archive,Douay-Rheims dated Mass-reading archive,https://www.catholicgallery.org/mass-reading/280925/,"Psalms 146: 7, 8-9, 9-10","ps146:7,8-9,9-10","Praise the Lord, my soul!","or
7 Who keepeth truth for ever: who executeth judgment for them that suffer wrong: who giveth food to the hungry. The Lord looseth them that are fettered:
or
8 The Lord enlighteneth the blind. The Lord lifteth up them that are cast down: the Lord loveth the just.
9a The Lord keepeth the strangers.
or
9bc He will support the fatherless and the widow: and the ways of sinners he will destroy.
10 The Lord shall reign for ever: thy God, O Sion, unto generation and generation.
or"
2025-09-28,catholic_leaf_archive,dated Catholic lectionary response archive,https://www.catholicleaf.com/mass-readings-and-reflection-sept-28-2025/,"Psalm 146:7, 8-9, 9-10 R. (1b)","ps146:7,8-9,9-10r.(1b)","Come, Lord and save us",
2025-09-29,catholic_gallery_douay_archive,Douay-Rheims dated Mass-reading archive,https://www.catholicgallery.org/mass-reading/290925/,"Psalms 138: 1-2ab, 2cde-3, 4-5","ps138:1-2ab,2cde-3,4-5","In the sight of the angels I will sing your praises, Lord.","1 I will praise thee, O lord, with my whole heart: for thou hast heard the words of my mouth. I will sing praise to thee in the sight of his angels:
2ab I will worship towards thy holy temple, and I will give glory to thy name.
2cde For thy mercy, and for thy truth: for thou hast magnified thy holy name above all.
3 In what day soever I shall call upon thee, hear me: thou shall multiply strength in my soul.
4 May all the kings of the earth give glory to thee: for they have heard all the words of thy mouth.
5 And let them sing in the ways of the Lord: for great is the glory of the Lord."
2025-09-29,catholic_leaf_archive,dated Catholic lectionary response archive,https://www.catholicleaf.com/mass-readings-and-reflection-sept-29-2025/,"Psalm 138:1-2a, 2bcd-3, 4-5 (R. 1c)","ps138:1-2a,2bcd-3,4-5(r.1c)","In the presence of the angels I praise you, O Lord.",
2025-09-30,catholic_gallery_douay_archive,Douay-Rheims dated Mass-reading archive,https://www.catholicgallery.org/mass-reading/300925/,"Psalms 87: 1b-3, 4-5, 6-7","ps87:1b-3,4-5,6-7",God is with us.,"1b The foundations thereof are in the holy mountains:
2 The Lord loveth the gates of Sion above all the tabernacles of Jacob.
3 Glorious things are said of thee, O city of God.
4 I will be mindful of Rahab and of Babylon knowing me. Behold the foreigners, and Tyre, and the people of the Ethiopians, these were there.
5 Shall not Sion say: This man and that man is born in her? and the Highest himself hath founded her.
6 The Lord shall tell in his writings of peoples and of princes, of them that have been in her.
7 The dwelling in thee is as it were of all rejoicing."
2025-09-30,catholic_leaf_archive,dated Catholic lectionary response archive,https://www.catholicleaf.com/mass-readings-and-reflection-sept-30-2025/,"Psalm 87:1-3, 4-5, 6-7 (R. Zechariah 8:23)","ps87:1-3,4-5,6-7(r.zechariah8:23)",God is with us.,
2025-10-01,catholic_gallery_douay_archive,Douay-Rheims dated Mass-reading archive,https://www.catholicgallery.org/mass-reading/011025/,"Psalms 137: 1-2, 3, 4-5, 6","ps137:1-2,3,4-5,6",Let my tongue be silenced if I ever forget you!,"1 Upon the rivers of Babylon, there we sat and wept: when we remembered Sion:
2 On the willows in the midst thereof we hung up our instruments.
3 For there they that led us into captivity required of us the words of songs. And they that carried us away, said: Sing ye to us a hymn of the songs of Sion.
4 How shall we sing the song of the Lord in a strange land?
5 If I forget thee, O Jerusalem, let my right hand be forgotten.
6 Let my tongue cleave to my jaws, if I do not remember thee: If I make not Jerusalem the beginning of my joy."
2025-10-01,catholic_leaf_archive,dated Catholic lectionary response archive,https://www.catholicleaf.com/mass-readings-and-reflection-october-01-2025/,"Psalm 137:1-2, 3, 4-5, 6 R. (6ab)","ps137:1-2,3,4-5,6r.(6ab)",O let my tongue cleave to my palate if I remember you not,
2025-10-02,catholic_gallery_douay_archive,Douay-Rheims dated Mass-reading archive,https://www.catholicgallery.org/mass-reading/021025/,"Psalms 19: 8, 9, 10, 11","ps19:8,9,10,11",The precepts of the Lord give joy to the heart.,"8 The law of the Lord is unspotted, converting souls: the testimony of the Lord is faithful, giving wisdom to little ones.
9 The justices of the Lord are right, rejoicing hearts: the commandment of the Lord is lightsome, enlightening the eyes.
10 The fear of the Lord is holy, enduring for ever and ever: the judgments of the Lord are true, justified in themselves.
11 More to be desired than gold and many precious stones: and sweeter than honey and the honeycomb."
2025-10-02,catholic_leaf_archive,dated Catholic lectionary response archive,https://www.catholicleaf.com/mass-readings-and-reflection-october-02-2025/,"Psalm 19:8, 9, 10, 11 (R. 9ab)","ps19:8,9,10,11(r.9ab)",The precepts of the Lord are right; they gladden the heart.,
2025-10-03,catholic_gallery_douay_archive,Douay-Rheims dated Mass-reading archive,https://www.catholicgallery.org/mass-reading/031025/,"Psalms 79: 1b-2, 3-5, 8, 9","ps79:1b-2,3-5,8,9","For the glory of your name, O Lord, deliver us.","1 O God, the heathens are come into thy inheritance, they have defiled thy holy temple: they have made Jerusalem as a place to keep fruit.
2 They have given the dead bodies of thy servants to be meat for the fowls of the air: the flesh of thy saints for the beasts of the earth.
3 They have poured out their blood as water, round about Jerusalem and there was none to bury them.
4 We are become a reproach to our neighbours: a scorn and derision to them that are round about us.
5 How long, O Lord, wilt thou be angry for ever: shall thy zeal be kindled like a fire?
8 Remember not our former iniquities: let thy mercies speedily prevent us, for we are become exceeding poor.
9 Help us, O God, our saviour: and for the glory of thy name, O Lord, deliver us: and forgive us our sins for thy name’s sake:"
2025-10-03,catholic_leaf_archive,dated Catholic lectionary response archive,https://www.catholicleaf.com/mass-readings-and-reflection-october-03-2025/,"Psalm 79:1-2, 3-5, 8, 9 (R. see 9bc)","ps79:1-2,3-5,8,9(r.9bc)","For the sake of the glory of your name, free us O Lord.",
2025-10-04,catholic_gallery_douay_archive,Douay-Rheims dated Mass-reading archive,https://www.catholicgallery.org/mass-reading/041025/,"Psalms 69: 33-35, 36-37","ps69:33-35,36-37",The Lord listens to the poor.,"33 Let the poor see and rejoice: seek ye God, and your soul shall live.
34 For the Lord hath heard the poor: and hath not despised his prisoners.
35 Let the heavens and the earth praise him; the sea, and every thing that creepeth therein.
36 For God will save Sion, and the cities of Juda shall be built up. And they shall dwell there, and acquire it by inheritance.
37 And the seed of his servants shall possess it; and they that love his name shall dwell therein."
2025-10-04,catholic_leaf_archive,dated Catholic lectionary response archive,https://www.catholicleaf.com/mass-readings-and-reflection-october-04-2025/,"Psalm 69:33-35, 36-37 (R. 34a)","ps69:33-35,36-37(r.34a)",The Lord listens to the needy.,
2025-10-05,catholic_gallery_douay_archive,Douay-Rheims dated Mass-reading archive,https://www.catholicgallery.org/mass-reading/051025/,"Psalms 95: 1-2, 6-7, 8-9","ps95:1-2,6-7,8-9","If today you hear his voice, harden not your hearts.","1 Come let us praise the Lord with joy: let us joyfully sing to God our saviour.
2 Let us come before his presence with thanksgiving; and make a joyful noise to him with psalms.
6 Come let us adore and fall down: and weep before the Lord that made us.
7 For he is the Lord our God: and we are the people of his pasture and the sheep of his hand.
8 Today if you shall hear his voice, harden not your hearts:
9 As in the provocation, according to the day of temptation in the wilderness: where your fathers tempted me, they proved me, and saw my works."
2025-10-05,catholic_leaf_archive,dated Catholic lectionary response archive,https://www.catholicleaf.com/mass-readings-and-reflection-october-05-2025/,"Psalm 95:1-2, 6-7, 8-9 R. (8)","ps95:1-2,6-7,8-9r.(8)",O that today you would listen to his voice! Harden not your hearts,
2025-10-06,catholic_gallery_douay_archive,Douay-Rheims dated Mass-reading archive,https://www.catholicgallery.org/mass-reading/061025/,"Jonah 2: 3, 4, 5, 8","jonah2:3,4,5,8","You will rescue my life from the pit, O Lord.","3 And he said: I cried out of my affliction to the Lord, and he heard me: I cried out of the belly of hell, and thou hast heard my voice.
4 And thou hast cast me forth into the deep in the heart of the sea, and a flood hath compassed me: all thy billows, and thy waves have passed over me.
5 And I said: I am cast away out of the sight of thy eyes: but yet I shall see thy holy temple again.
8 When my soul was in distress within me, I remembered the Lord: that my prayer may come to thee, unto thy holy temple."
2025-10-07,catholic_gallery_douay_archive,Douay-Rheims dated Mass-reading archive,https://www.catholicgallery.org/mass-reading/071025/,"Psalms 130: 1b-2, 3-4ab, 7-8","ps130:1b-2,3-4ab,7-8","If you, O Lord, mark iniquities, who can stand?","1b Out of the depths I have cried to thee, O Lord:
2 Lord, hear my voice. Let thy ears be attentive to the voice of my supplication.
3 If thou, O Lord, wilt mark iniquities: Lord, who shall stand it.
4ab For with thee there is merciful forgiveness: and by reason of thy law.
7 Because with the Lord there is mercy: and with him plentiful redemption.
8 And he shall redeem Israel from all his iniquities."
2025-10-07,catholic_leaf_archive,dated Catholic lectionary response archive,https://www.catholicleaf.com/mass-readings-and-reflection-october-07-2025/,"Psalm 130:1-2, 3-4, 7bc-8 (R. 3)","ps130:1-2,3-4,7bc-8(r.3)","If you, O Lord, should mark iniquities, Lord, who could stand?",
2025-10-08,catholic_gallery_douay_archive,Douay-Rheims dated Mass-reading archive,https://www.catholicgallery.org/mass-reading/081025/,"Psalms 86: 3-4, 5-6, 9-10","ps86:3-4,5-6,9-10","Lord, you are merciful and gracious.","3 Have mercy on me, O Lord, for I have cried to thee all the day.
4 Give joy to the soul of thy servant, for to thee, O Lord, I have lifted up my soul.
5 For thou, O Lord, art sweet and mild: and plenteous in mercy to all that call upon thee.
6 Give ear, O Lord, to my prayer: and attend to the voice of my petition.
9 All the nations thou hast made shall come and adore before thee, O Lord: and they shall glorify thy name.
10 For thou art great and dost wonderful things: thou art God alone."
2025-10-08,catholic_leaf_archive,dated Catholic lectionary response archive,https://www.catholicleaf.com/mass-readings-and-reflection-october-08-2025/,"Psalm 86:3-4, 5-6, 9-10 (R. see 15)","ps86:3-4,5-6,9-10(r.15)","You are slow to anger, O Lord, and abundant in mercy.",
2025-10-09,catholic_gallery_douay_archive,Douay-Rheims dated Mass-reading archive,https://www.catholicgallery.org/mass-reading/091025/,"Psalms 1: 1-2, 3, 4 and 6","ps1:1-2,3,4,6",Blessed are they who hope in the Lord.,"1 Blessed is the man who hath not walked in the counsel of the ungodly, nor stood in the way of sinners, nor sat in the chair of pestilence.
2 But his will is in the law of the Lord, and on his law he shall meditate day and night.
3 And he shall be like a tree which is planted near the running waters, which shall bring forth its fruit, in due season. And his leaf shall not fall off: and all whatsoever he shall do shall prosper.
4 Not so the wicked, not so: but like the dust, which the wind driveth from the face of the earth.
6 For the Lord knoweth the way of the just: and the way of the wicked shall perish."
2025-10-09,catholic_leaf_archive,dated Catholic lectionary response archive,https://www.catholicleaf.com/mass-readings-and-reflection-october-09-2025/,"Psalm 1:1-2, 3, 4 and 6 (Psalm 40:5ab)","ps1:1-2,3,4,6(psalm40:5ab)",Blessed the man who has placed his trust in the Lord.,
2025-10-10,catholic_gallery_douay_archive,Douay-Rheims dated Mass-reading archive,https://www.catholicgallery.org/mass-reading/101025/,"Psalms 9: 2-3, 6 and 16, 8-9","ps9:2-3,6,16,8-9",The Lord will judge the world with justice.,"2 I will give praise to thee, O Lord, with my whole heart: I will relate all thy wonders.
3 I will be glad and rejoice in thee: I will sing to thy name, O thou most high.
6 Thou hast rebuked the Gentiles, and the wicked one hath perished: thou hast blotted out their name for ever and ever.
16 I will rejoice in thy salvation: the Gentiles have stuck fast in the destruction which they have prepared. Their foot hath been taken in the very snare which they hid.
8 But the Lord remaineth for ever. He hath prepared his throne in judgment:
9 And he shall judge the world in equity, he shall judge the people in justice."
2025-10-10,catholic_leaf_archive,dated Catholic lectionary response archive,https://www.catholicleaf.com/mass-readings-and-reflection-october-10-2025/,"Psalm 9:2-3, 6 and 16, 8-9 (R. see 9a)","ps9:2-3,6,16,8-9(r.9a)",The Lord will judge the world with justice,
2025-10-11,catholic_gallery_douay_archive,Douay-Rheims dated Mass-reading archive,https://www.catholicgallery.org/mass-reading/111025/,"Psalms 97: 1-2, 5-6, 11-12","ps97:1-2,5-6,11-12","Rejoice in the Lord, you just!","1 For the same David, when his land was restored again to him. The Lord hath reigned, let the earth rejoice: let many islands be glad.
2 Clouds and darkness are round about him: justice and judgment are the establishment of his throne.
5 The mountains melted like wax, at the presence of the Lord: at the presence of the Lord of all the earth.
6 The heavens declared his justice: and all people saw his glory.
11 Light is risen to the just, and joy to the right of heart.
12 Rejoice, ye just, in the Lord: and give praise to the remembrance of his holiness."
2025-10-11,catholic_leaf_archive,dated Catholic lectionary response archive,https://www.catholicleaf.com/mass-readings-and-reflection-october-11-2025/,"Psalm 97:1-2, 5-6, 11-12 (R. 12a)","ps97:1-2,5-6,11-12(r.12a)","Rejoice in the Lord, you just.",
2025-10-12,catholic_gallery_douay_archive,Douay-Rheims dated Mass-reading archive,https://www.catholicgallery.org/mass-reading/121025/,"Psalms 98: 1, 2-3ab, 3c-4","ps98:1,2-3ab,3c-4",The Lord has revealed to the nations his saving power.,"1 Sing ye to the Lord anew canticle: because he hath done wonderful things. His right hand hath wrought for him salvation, and his arm is holy.
2 The Lord hath made known his salvation: he hath revealed his justice in the sight of the Gentiles.
3ab He hath remembered his mercy his truth toward the house of Israel.
3c All the ends of the earth have seen the salvation of our God.
4 Sing joyfully to God, all the earth; make melody, rejoice and sing."
2025-10-12,catholic_leaf_archive,dated Catholic lectionary response archive,https://www.catholicleaf.com/mass-readings-and-reflection-october-12-2025/,"Psalm 98:1, 2-3, 3-4 R. (2b)","ps98:1,2-3,3-4r.(2b)",The Lord has revealed to the nations his saving power,
2025-10-13,catholic_gallery_douay_archive,Douay-Rheims dated Mass-reading archive,https://www.catholicgallery.org/mass-reading/131025/,"Psalms 98: 1, 2-3ab, 3cd-4","ps98:1,2-3ab,3cd-4",The Lord has made known his salvation.,"1 Sing ye to the Lord anew canticle: because he hath done wonderful things. His right hand hath wrought for him salvation, and his arm is holy.
2 The Lord hath made known his salvation: he hath revealed his justice in the sight of the Gentiles.
3ab He hath remembered his mercy his truth toward the house of Israel.
3cd All the ends of the earth have seen the salvation of our God.
4 Sing joyfully to God, all the earth; make melody, rejoice and sing."
2025-10-13,catholic_leaf_archive,dated Catholic lectionary response archive,https://www.catholicleaf.com/mass-readings-and-reflection-october-13-2025/,"Psalm 98:1, 2-3ab, 3cd-4 (R. 2a)","ps98:1,2-3ab,3cd-4(r.2a)",The Lord has made known his salvation.,
2025-10-14,catholic_gallery_douay_archive,Douay-Rheims dated Mass-reading archive,https://www.catholicgallery.org/mass-reading/141025/,"Psalms 19: 2-3, 4-5","ps19:2-3,4-5",The heavens proclaim the glory of God.,"2 The heavens shew forth the glory of God, and the firmament declareth the work of his hands.
3 Day to day uttereth speech, and night to night sheweth knowledge.
4 There are no speeches nor languages, where their voices are not heard.
5 Their sound hath gone forth into all the earth: and their words unto the ends of the world."
2025-10-14,catholic_leaf_archive,dated Catholic lectionary response archive,https://www.catholicleaf.com/mass-readings-and-reflection-october-14-2025/,"Psalm 19:2-3, 4-5 (R. 2a)","ps19:2-3,4-5(r.2a)",The heavens declare the glory of God.,
2025-10-15,catholic_gallery_douay_archive,Douay-Rheims dated Mass-reading archive,https://www.catholicgallery.org/mass-reading/151025/,"Psalms 62: 2-3, 6-7, 9","ps62:2-3,6-7,9","Lord, you give back to everyone according to his works.","2 Shall not my soul be subject to God? for from him is my salvation.
3 For he is my God and my saviour: he is my protector, I shall be moved no more.
6 But be thou, O my soul, subject to God: for from him is my patience.
7 For he is my God and my saviour: he is my helper, I shall not be moved.
9 Trust in him, all ye congregation of people: pour out your hearts before him. God is our helper for ever."
2025-10-15,catholic_leaf_archive,dated Catholic lectionary response archive,https://www.catholicleaf.com/mass-readings-and-reflection-october-15-2025/,"Psalm 62:2-3, 6-7, 9 R. (13b)","ps62:2-3,6-7,9r.(13b)","O Lord, you repay each man according to his deeds",
2025-10-16,catholic_gallery_douay_archive,Douay-Rheims dated Mass-reading archive,https://www.catholicgallery.org/mass-reading/161025/,"Psalms 130: 1b-2, 3-4, 5-6ab","ps130:1b-2,3-4,5-6ab","With the Lord there is mercy, and fullness of redemption.","1 Out of the depths I have cried to thee, O Lord:
2 Lord, hear my voice. Let thy ears be attentive to the voice of my supplication.
3 If thou, O Lord, wilt mark iniquities: Lord, who shall stand it.
4 For with thee there is merciful forgiveness: and by reason of thy law, I have waited for thee, O Lord.
5 My soul hath relied on his word. My soul hath hoped in the Lord.
6 From the morning watch even until night, let Israel hope in the Lord."
2025-10-16,catholic_leaf_archive,dated Catholic lectionary response archive,https://www.catholicleaf.com/mass-readings-and-reflection-october-16-2025/,"Psalm 130:1-2, 3-4, 5-6ab (R. 7bc)","ps130:1-2,3-4,5-6ab(r.7bc)","For with the Lord there is mercy, in him is plentiful redemption.",
2025-10-17,catholic_gallery_douay_archive,Douay-Rheims dated Mass-reading archive,https://www.catholicgallery.org/mass-reading/171025/,"Psalms 32: 1b-2, 5, 11","ps32:1b-2,5,11","I turn to you, Lord, in time of trouble, and you fill me with the joy of salvation.","1 Blessed are they whose iniquities are forgiven, and whose sins are covered.
2 Blessed is the man to whom the Lord hath not imputed sin, and in whose spirit there is no guile.
5 I have acknowledged my sin to thee, and my injustice I have not concealed. I said I will confess against myself my injustice to the Lord: and thou hast forgiven the wickedness of my sin.
11 Be glad in the Lord, and rejoice, ye just, and glory, all ye right of heart."
2025-10-17,catholic_leaf_archive,dated Catholic lectionary response archive,https://www.catholicleaf.com/mass-readings-and-reflection-october-17-2025/,"Psalm 32:1-2, 5, 11 (R. see 7)","ps32:1-2,5,11(r.7)",You are a hiding place for me; you surround me with cries of deliverance,
2025-10-18,catholic_gallery_douay_archive,Douay-Rheims dated Mass-reading archive,https://www.catholicgallery.org/mass-reading/181025/,"Psalms 145: 10-11, 12-13, 17-18","ps145:10-11,12-13,17-18","Your friends make known, O Lord, the glorious splendor of your Kingdom.","10 Let all thy works, O lord, praise thee: and let thy saints bless thee.
11 They shall speak of the glory of thy kingdom: and shall tell of thy power:
12 To make thy might known to the sons of men: and the glory of the magnificence of thy kingdom.
13 Thy kingdom is a kingdom of all ages: and thy dominion endureth throughout all generations. The Lord is faithful in all his words: and holy in all his works.
17 The Lord is just in all his ways: and holy in all his works.
18 The Lord is nigh unto all them that call upon him: to all that call upon him in truth."
2025-10-18,catholic_leaf_archive,dated Catholic lectionary response archive,https://www.catholicleaf.com/mass-readings-and-reflection-october-18-2025/,"Psalm 145:10-11, 12-13ab, 17-18 (R. see 12ab)","ps145:10-11,12-13ab,17-18(r.12ab)","Your saints, O Lord, make known the glory of your reign.",
2025-10-19,catholic_gallery_douay_archive,Douay-Rheims dated Mass-reading archive,https://www.catholicgallery.org/mass-reading/191025/,"Psalms 121: 1-2, 3-4, 5-6, 7-8","ps121:1-2,3-4,5-6,7-8","Our help is from the Lord, who made heaven and earth.","1 I have lifted up my eyes to the mountains, from whence help shall come to me.
2 My help is from the Lord, who made heaven and earth.
3 May he not suffer thy foot to be moved: neither let him slumber that keepeth thee.
4 Behold he shall neither slumber nor sleep, that keepeth Israel.
5 The Lord is thy keeper, the Lord is thy protection upon thy right hand.
6 The sun shall not burn thee by day: nor the moon by night.
7 The Lord keepeth thee from all evil: may the Lord keep thy soul.
8 May the Lord keep thy going in and thy going out; from henceforth now and for ever."
2025-10-19,catholic_leaf_archive,dated Catholic lectionary response archive,https://www.catholicleaf.com/mass-readings-and-reflection-october-19-2025/,"Psalm 121:1-2, 3-4, 5-6, 7-8 R.(cf. 2)","ps121:1-2,3-4,5-6,7-8r.(2)","Our help comes from the Lord, who made heaven and earth",
2025-10-20,catholic_gallery_douay_archive,Douay-Rheims dated Mass-reading archive,https://www.catholicgallery.org/mass-reading/201025/,"Luke 1: 69-70, 71-72, 73-75","luke1:69-70,71-72,73-75","Blessed be the Lord, the God of Israel; he has come to his people.","69 And hath raised up an horn of salvation to us, in the house of David his servant:
70 As he spoke by the mouth of his holy prophets, who are from the beginning:
71 Salvation from our enemies, and from the hand of all that hate us:
72 To perform mercy to our fathers, and to remember his holy testament,
73 The oath, which he swore to Abraham our father, that he would grant to us,
74 That being delivered from the hand of our enemies, we may serve him without fear,
75 In holiness and justice before him, all our days."
2025-10-21,catholic_gallery_douay_archive,Douay-Rheims dated Mass-reading archive,https://www.catholicgallery.org/mass-reading/211025/,"Psalms 40: 7-8a, 8b-9, 10, 17","ps40:7-8a,8b-9,10,17","Here I am, Lord; I come to do your will.","7 Sacrifice and oblation thou didst not desire; but thou hast pierced ears for me. Burnt offering and sin offering thou didst not require:
8a Then said I, Behold I come.
8b In the head of the book it is written of me
9 That I should do thy will: O my God, I have desired it, and thy law in the midst of my heart.
10 I have declared thy justice in a great church, lo, I will not restrain my lips: O Lord, thou knowest it.
17 Let all that seek thee rejoice and be glad in thee: and let such as love thy salvation say always: The Lord be magnified."
2025-10-21,catholic_leaf_archive,dated Catholic lectionary response archive,https://www.catholicleaf.com/mass-readings-and-reflection-october-21-2025/,"Psalm 40:7-8a, 8b-9, 10, 17 (R. see 8a, 9a)","ps40:7-8a,8b-9,10,17(r.8a,9a)","See, I have come, Lord, to do your will.",
2025-10-22,catholic_gallery_douay_archive,Douay-Rheims dated Mass-reading archive,https://www.catholicgallery.org/mass-reading/221025/,"Psalms 124: 1b-3, 4-6, 7-8","ps124:1b-3,4-6,7-8",Our help is in the name of the Lord.,"2 If it had not been that the Lord was with us, When men rose up against us,
3 Perhaps they had swallowed us up alive. When their fury was enkindled against us,
4 Perhaps the waters had swallowed us up.
5 Our soul hath passed through a torrent: perhaps our soul had passed through a water insupportable.
6 Blessed be the Lord, who hath not given us to be a prey to their teeth.
7 Our soul hath been delivered as a sparrow out of the snare of the fowlers. The snare is broken, and we are delivered.
8 Our help is in the name of the Lord, who made heaven and earth."
2025-10-22,catholic_leaf_archive,dated Catholic lectionary response archive,https://www.catholicleaf.com/mass-readings-and-reflection-october-22-2025/,"Psalm 124:1-3, 4-6, 7-8 (R. 8a)","ps124:1-3,4-6,7-8(r.8a)",Our help is in the name of the Lord.,
2025-10-23,catholic_gallery_douay_archive,Douay-Rheims dated Mass-reading archive,https://www.catholicgallery.org/mass-reading/231025/,"Psalms 1: 1-2, 3, 4 and 6","ps1:1-2,3,4,6",Blessed are they who hope in the Lord.,"1 Blessed is the man who hath not walked in the counsel of the ungodly, nor stood in the way of sinners, nor sat in the chair of pestilence.
2 But his will is in the law of the Lord, and on his law he shall meditate day and night.
3 And he shall be like a tree which is planted near the running waters, which shall bring forth its fruit, in due season. And his leaf shall not fall off: and all whatsoever he shall do shall prosper.
4 Not so the wicked, not so: but like the dust, which the wind driveth from the face of the earth.
6 For the Lord knoweth the way of the just: and the way of the wicked shall perish."
2025-10-23,catholic_leaf_archive,dated Catholic lectionary response archive,https://www.catholicleaf.com/mass-readings-and-reflection-october-23-2025/,"Psalm 1:1-2, 3, 4 and 6 (R. Psalm 40:5ab)","ps1:1-2,3,4,6(r.psalm40:5ab)",Blessed the man who has placed his trust in the Lord.,
2025-10-24,catholic_gallery_douay_archive,Douay-Rheims dated Mass-reading archive,https://www.catholicgallery.org/mass-reading/241025/,"Psalms 119: 66, 68, 76, 77, 93, 94","ps119:66,68,76,77,93,94","Lord, teach me your statutes.","66 Teach me goodness and discipline and knowledge; for I have believed thy commandments.
68 Thou art good; and in thy goodness teach me thy justifications.
76 O! let thy mercy be for my comfort, according to thy word unto thy servant.
77 Let thy tender mercies come unto me, and I shall live: for thy law is my meditation.
93 Thy justifications I will never forget: for by them thou hast given me life.
94 I am thine, save thou me: for I have sought thy justifications."
2025-10-24,catholic_leaf_archive,dated Catholic lectionary response archive,https://www.catholicleaf.com/mass-readings-and-reflection-october-24-2025/,"Psalm 119:66, 68, 76, 77, 93, 94 (R. 68b)","ps119:66,68,76,77,93,94(r.68b)","Teach me your statutes, O Lord.",
2025-10-25,catholic_gallery_douay_archive,Douay-Rheims dated Mass-reading archive,https://www.catholicgallery.org/mass-reading/251025/,"Psalms 24: 1b-2, 3-4ab, 5-6","ps24:1b-2,3-4ab,5-6","Lord, this is the people that longs to see your face.","1b The earth is the Lord’s and the fulness thereof: the world, and all they that dwell therein.
2 For he hath founded it upon the seas; and hath prepared it upon the rivers.
3 Who shall ascend into the mountain of the Lord: or who shall stand in his holy place?
4 The innocent in hands, and clean of heart, who hath not taken his soul in vain.
5 He shall receive a blessing from the Lord, and mercy from God his Saviour.
6 This is the generation of them that seek him, of them that seek the face of the God of Jacob."
2025-10-25,catholic_leaf_archive,dated Catholic lectionary response archive,https://www.catholicleaf.com/mass-readings-and-reflection-october-25-2025/,"Psalm 24:1b-2, 3-4ab, 5-6 R.(see 6)","ps24:1b-2,3-4ab,5-6r.(6)","These are the people who seek your face, O Lord.",
2025-10-26,catholic_gallery_douay_archive,Douay-Rheims dated Mass-reading archive,https://www.catholicgallery.org/mass-reading/261025/,"Psalms 34: 2-3, 17-18, 19, 23","ps34:2-3,17-18,19,23",The Lord hears the cry of the poor.,"2 I will bless the Lord at all times, his praise shall be always in my mouth.
3 In the Lord shall my soul be praised: let the meek hear and rejoice.
17 But the countenance of the Lord is against them that do evil things: to cut off the remembrance of them from the earth.
18 The just cried, and the Lord heard them: and delivered them out of all their troubles.
19 The Lord is nigh unto them that are of a contrite heart: and he will save the humble of spirit.
23 The Lord will redeem the souls of his servants: and none of them that trust in him shall offend."
2025-10-26,catholic_leaf_archive,dated Catholic lectionary response archive,https://www.catholicleaf.com/mass-readings-and-reflection-october-26-2025/,"Psalm 34:2-3, 17-18, 19 and 23 (R. see 7a)","ps34:2-3,17-18,19,23(r.7a)","The lowly one called, and the Lord heard him",
2025-10-27,catholic_gallery_douay_archive,Douay-Rheims dated Mass-reading archive,https://www.catholicgallery.org/mass-reading/271025/,"Psalms 68: 2 and 4, 6-7ab, 20-21","ps68:2,4,6-7ab,20-21",Our God is the God of salvation.,"2 Let God arise, and let his enemies be scattered: and let them that hate him flee from before his face.
4 And let the just feast, and rejoice before God: and be delighted with gladness.
6 Who is the father of orphans, and the judge of widows. God in his holy place:
7 God who maketh men of one manner to dwell in a house: Who bringeth out them that were bound in strength; in like manner them that provoke, that dwell in sepulchres.
20 Blessed be the Lord day by day: the God of our salvation will make our journey prosperous to us.
21 Our God is the God of salvation: and of the Lord, of the Lord are the issues from death."
2025-10-27,catholic_leaf_archive,dated Catholic lectionary response archive,https://www.catholicleaf.com/mass-readings-and-reflection-october-27-2025/,"Psalm 68:2 and 4, 6-7ab, 20-21 (R. 21a)","ps68:2,4,6-7ab,20-21(r.21a)",This God of ours is a God who saves.,
2025-10-28,catholic_gallery_douay_archive,Douay-Rheims dated Mass-reading archive,https://www.catholicgallery.org/mass-reading/281025/,"Psalms 19: 2-3, 4-5","ps19:2-3,4-5",Their message goes out through all the earth.,"2 The heavens shew forth the glory of God, and the firmament declareth the work of his hands.
3 Day to day uttereth speech, and night to night sheweth knowledge.
4 There are no speeches nor languages, where their voices are not heard.
5 Their sound hath gone forth into all the earth: and their words unto the ends of the world."
2025-10-28,catholic_leaf_archive,dated Catholic lectionary response archive,https://www.catholicleaf.com/mass-readings-and-reflection-october-28-2025/,"Psalm 19:2-3, 4-5 (R. 5a)","ps19:2-3,4-5(r.5a)",Their sound goes forth through all the earth.,
2025-10-29,catholic_gallery_douay_archive,Douay-Rheims dated Mass-reading archive,https://www.catholicgallery.org/mass-reading/291025/,"Psalms 13: 4-5, 6","ps13:4-5,6","My hope, O Lord, is in your mercy.","4 Consider, and hear me, O Lord my God. Enlighten my eyes that I never sleep in death:
5 Lest at any time my enemy say: I have prevailed against him. They that trouble me will rejoice when I am moved:
6 But I have trusted in thy mercy. My heart shall rejoice in thy salvation: I will sing to the Lord, who giveth me good things: yea I will sing to the name of the Lord the most high."
2025-10-29,catholic_leaf_archive,dated Catholic lectionary response archive,https://www.catholicleaf.com/mass-readings-and-reflection-october-29-2025/,"Psalm 13:4-5, 6-7 (R. 6a)","ps13:4-5,6-7(r.6a)","I trust in your merciful love, O Lord.",
2025-10-30,catholic_gallery_douay_archive,Douay-Rheims dated Mass-reading archive,https://www.catholicgallery.org/mass-reading/301025/,"Psalms 109: 21-22, 26-27, 30-31","ps109:21-22,26-27,30-31","Save me, O Lord, in your mercy.","21 But thou, O Lord, do with for thy names sake: because thy mercy is sweet. Do thou deliver me.
22 For I am poor and needy, and my heart is troubled within me.
26 Help me, O Lord my God; save me according to thy mercy.
27 And let them know that this is thy hand: and that thou, O Lord, hast done it.
30 I will give great thanks to the Lord with my mouth: and in the midst of many I will praise him.
31 Because he hath stood at the right hand of the poor, to save my soul from persecutors."
2025-10-30,catholic_leaf_archive,dated Catholic lectionary response archive,https://www.catholicleaf.com/mass-readings-and-reflection-october-30-2025/,"Psalm 109:21-22, 26-27, 30-31 (R. 26b)","ps109:21-22,26-27,30-31(r.26b)","Save me, Lord, with your merciful love.",
2025-10-31,catholic_gallery_douay_archive,Douay-Rheims dated Mass-reading archive,https://www.catholicgallery.org/mass-reading/311025/,"Psalms 147: 12-13, 14-15, 19-20","ps147:12-13,14-15,19-20","Praise the Lord, Jerusalem.","12 Praise the Lord, O Jerusalem: praise thy God, O Sion.
13 Because he hath strengthened the bolts of thy gates, he hath blessed thy children within thee.
14 Who hath placed peace in thy borders: and filleth thee with the fat of corn.
15 Who sendeth forth his speech to the earth: his word runneth swiftly.
19 Who declareth his word to Jacob: his justices and his judgments to Israel.
20 He hath not done in like manner to every nation: and his judgments he hath not made manifest to them. Alleluia."
2025-10-31,catholic_leaf_archive,dated Catholic lectionary response archive,https://www.catholicleaf.com/mass-readings-and-reflection-october-31-2025/,"Psalm 147:12-13, 14-15, 19-20 (R. 12a)","ps147:12-13,14-15,19-20(r.12a)","Save me, Lord, with your merciful love.",
2025-11-01,catholic_gallery_douay_archive,Douay-Rheims dated Mass-reading archive,https://www.catholicgallery.org/mass-reading/011125/,"Psalms 24: 1b-2, 3-4ab, 5-6","ps24:1b-2,3-4ab,5-6","Lord, this is the people that longs to see your face.","1bc The earth is the Lord’s and the fulness thereof: the world, and all they that dwell therein.
2 For he hath founded it upon the seas; and hath prepared it upon the rivers.
3 Who shall ascend into the mountain of the Lord: or who shall stand in his holy place?
4ab The innocent in hands, and clean of heart, who hath not taken his soul in vain.
5 He shall receive a blessing from the Lord, and mercy from God his Saviour.
6 This is the generation of them that seek him, of them that seek the face of the God of Jacob."
2025-11-01,catholic_leaf_archive,dated Catholic lectionary response archive,https://www.catholicleaf.com/mass-readings-and-reflection-november-01-2025/,"Psalm 24:1-2, 3-4ab, 5-6 (R. see 6)","ps24:1-2,3-4ab,5-6(r.6)","These are the people who seek your face, O Lord.",
2025-11-02,catholic_gallery_douay_archive,Douay-Rheims dated Mass-reading archive,https://www.catholicgallery.org/mass-reading/021125/,"Psalms 23: 1-3a, 3b-4, 5, 6","ps23:1-3a,3b-4,5,6",The Lord is my shepherd; there is nothing I shall want.,"or
1 The Lord ruleth me: and I shall want nothing.
2 He hath set me in a place of pasture. He hath brought me up, on the water of refreshment:
3a He hath converted my soul.
or
3b He hath led me on the paths of justice, for his own name’s sake.
4 For though I should walk in the midst of the shadow of death, I will fear no evils, for thou art with me. Thy rod and thy staff, they have comforted me.
or
5 Thou hast prepared a table before me against them that afflict me. Thou hast anointed my head with oil; and my chalice which inebriateth me, how goodly is it!
or
6 And thy mercy will follow me all the days of my life. And that I may dwell in the house of the Lord unto length of days.
or"
2025-11-02,catholic_leaf_archive,dated Catholic lectionary response archive,https://www.catholicleaf.com/mass-readings-and-reflection-november-02-2025/,"Psalm 23:1-3, 4, 5, 6 (R. 1)","ps23:1-3,4,5,6(r.1)",The Lord is my shepherd; there is nothing I shall want.,
2025-11-03,catholic_gallery_douay_archive,Douay-Rheims dated Mass-reading archive,https://www.catholicgallery.org/mass-reading/031125/,"Psalms 69: 30-31, 33-34, 36","ps69:30-31,33-34,36","Lord, in your great love, answer me.","30 But I am poor and sorrowful: thy salvation, O God, hath set me up.
31 I will praise the name of God with a canticle: and I will magnify him with praise.
33 Let the poor see and rejoice: seek ye God, and your soul shall live.
34 For the Lord hath heard the poor: and hath not despised his prisoners.
36 For God will save Sion, and the cities of Juda shall be built up. And they shall dwell there, and acquire it by inheritance."
2025-11-03,catholic_leaf_archive,dated Catholic lectionary response archive,https://www.catholicleaf.com/mass-readings-and-reflection-november-03-2025/,"Psalm 69:30-31, 33-34, 36-37 (R. 14c)","ps69:30-31,33-34,36-37(r.14c)","In your great mercy, answer me, O Lord.",
2025-11-04,catholic_gallery_douay_archive,Douay-Rheims dated Mass-reading archive,https://www.catholicgallery.org/mass-reading/041125/,"Psalms 131: 1bcde, 2, 3","ps131:1bcde,2,3","In you, O Lord, I have found my peace.","1bcde Lord, my heart is not exalted: nor are my eyes lofty. Neither have I walked in great matters, nor in wonderful things above me.
2 If I was not humbly minded, but exalted my soul: As a child that is weaned is towards his mother, so reward in my soul.
3 Let Israel hope in the Lord, from henceforth now and for ever."
2025-11-04,catholic_leaf_archive,dated Catholic lectionary response archive,https://www.catholicleaf.com/mass-readings-and-reflection-november-04-2025/,"Psalm 131:1, 2, 3","ps131:1,2,3","Keep my soul in peace at your side, O Lord",
2025-11-05,catholic_gallery_douay_archive,Douay-Rheims dated Mass-reading archive,https://www.catholicgallery.org/mass-reading/051125/,"Psalms 112: 1b-2, 4-5, 9","ps112:1b-2,4-5,9",Blessed the man who is gracious and lends to those in need.,"or
1 Blessed is the man that feareth the Lord: he shall delight exceedingly in his commandments.
2 His seed shall be mighty upon earth: the generation of the righteous shall be blessed.
or
4 To the righteous a light is risen up in darkness: he is merciful, and compassionate and just.
5 Acceptable is the man that sheweth mercy and lendeth: he shall order his words with judgment:
or
9 He hath distributed, he hath given to the poor: his justice remaineth for ever and ever: his horn shall be exalted in glory.
or"
2025-11-05,catholic_leaf_archive,dated Catholic lectionary response archive,https://www.catholicleaf.com/mass-readings-and-reflection-november-05-2025/,"Psalm 112:1b-2, 4-5, 9 (R. 5a)","ps112:1b-2,4-5,9(r.5a)",It goes well for the man who deals generously and lends.,
2025-11-06,catholic_gallery_douay_archive,Douay-Rheims dated Mass-reading archive,https://www.catholicgallery.org/mass-reading/061125/,"Psalms 27: 1bcde, 4, 13-14","ps27:1bcde,4,13-14",I believe that I shall see the good things of the Lord in the land of the living.,"1 The Lord is my light and my salvation, whom shall I fear? The Lord is the protector of my life: of whom shall I be afraid?
4 One thing I have asked of the Lord, this will I seek after; that I may dwell in the house of the Lord all the days of my life. That I may see the delight of the Lord, and may visit his temple.
13 I believe to see the good things of the Lord in the land of the living.
14 Expect the Lord, do manfully, and let thy heart take courage, and wait thou for the Lord."
2025-11-06,catholic_leaf_archive,dated Catholic lectionary response archive,https://www.catholicleaf.com/mass-readings-and-reflection-november-06-2025/,"Psalm 27:1bcde, 4, 13-14 R. ( 13)","ps27:1bcde,4,13-14r.(13)",I believe I shall see the Lord’s goodness in the land of the living,
2025-11-07,catholic_gallery_douay_archive,Douay-Rheims dated Mass-reading archive,https://www.catholicgallery.org/mass-reading/071125/,"Psalms 98: 1, 2-3ab, 3cd-4","ps98:1,2-3ab,3cd-4",The Lord has revealed to the nations his saving power.,"1 Sing ye to the Lord anew canticle: because he hath done wonderful things. His right hand hath wrought for him salvation, and his arm is holy.
2 The Lord hath made known his salvation: he hath revealed his justice in the sight of the Gentiles.
3ab He hath remembered his mercy his truth toward the house of Israel.
3cd All the ends of the earth have seen the salvation of our God.
4 Sing joyfully to God, all the earth; make melody, rejoice and sing."
2025-11-07,catholic_leaf_archive,dated Catholic lectionary response archive,https://www.catholicleaf.com/mass-readings-and-reflection-november-07-2025/,"Psalm 98:1, 2-3ab, 3cd-4 (R. see 2b)","ps98:1,2-3ab,3cd-4(r.2b)",The Lord has shown his deliverance to the nations,
2025-11-08,catholic_gallery_douay_archive,Douay-Rheims dated Mass-reading archive,https://www.catholicgallery.org/mass-reading/081125/,"Psalms 145: 2-3, 4-5, 10-11","ps145:2-3,4-5,10-11","I will praise your name for ever, Lord.","2 Every day I will bless thee: and I will praise thy name for ever; yea, for ever and ever.
3 Great is the Lord, and greatly to be praised: and of his greatness there is no end.
4 Generation and generation shall praise thy works: and they shall declare thy power.
5 They shall speak of the magnificence of the glory of thy holiness: and shall tell thy wondrous works.
10 Let all thy works, O lord, praise thee: and let thy saints bless thee.
11 They shall speak of the glory of thy kingdom: and shall tell of thy power:"
2025-11-08,catholic_leaf_archive,dated Catholic lectionary response archive,https://www.catholicleaf.com/mass-readings-and-reflection-november-08-2025/,"Psalm 145:2-3, 4-5, 10-11 (R. see 1)","ps145:2-3,4-5,10-11(r.1)","I will bless your name forever, my king and my God.",
2025-11-09,catholic_gallery_douay_archive,Douay-Rheims dated Mass-reading archive,https://www.catholicgallery.org/mass-reading/091125/,"Psalms 46: 2-3, 5-6, 8-9","ps46:2-3,5-6,8-9","The waters of the river gladden the city of God, the holy dwelling of the Most High!","2 Our God is our refuge and strength: a helper in troubles, which have found us exceedingly.
3 Therefore we will not fear, when the earth shall be troubled; and the mountains shall be removed into the heart of the sea.
5 The stream of the river maketh the city of God joyful: the most High hath sanctified his own tabernacle.
6 God is in the midst thereof, it shall not be moved: God will help it in the morning early.
8 The Lord of armies is with us: the God of Jacob is our protector.
9 Come and behold ye the works of the Lord: what wonders he hath done upon earth,"
2025-11-09,catholic_leaf_archive,dated Catholic lectionary response archive,https://www.catholicleaf.com/mass-readings-and-reflection-november-09-2025/,"Psalm 46:2-3, 5-6, 8-9 (R. 5)","ps46:2-3,5-6,8-9(r.5)","The waters of a river give joy to God’s city, the holy place, the dwelling of the Most High.",
2025-11-10,catholic_gallery_douay_archive,Douay-Rheims dated Mass-reading archive,https://www.catholicgallery.org/mass-reading/101125/,"Psalms 139: 1b-3, 4-6, 7-8, 9-10","ps139:1b-3,4-6,7-8,9-10","Guide me, Lord, along the everlasting way.","1 Lord, thou hast proved me, and known me:
2 Thou hast know my sitting down, and my rising up.
3 Thou hast understood my thoughts afar off: my path and my line thou hast searched out.
4 And thou hast foreseen all my ways: for there is no speech in my tongue.
5 Behold, O Lord, thou hast known all things, the last and those of old: thou hast formed me, and hast laid thy hand upon me.
6 Thy knowledge is become wonderful to me: it is high, and I cannot reach to it.
7 Whither shall I go from thy spirit? or whither shall I flee from thy face?
8 If I ascend into heaven, thou art there: if I descend into hell, thou art present.
9 If I take my wings early in the morning, and dwell in the uttermost parts of the sea:
10 Even there also shall thy hand lead me: and thy right hand shall hold me."
2025-11-10,catholic_leaf_archive,dated Catholic lectionary response archive,https://www.catholicleaf.com/mass-readings-and-reflection-november-10-2025/,"Psalm 139:1-3, 4-6, 7-8, 9-10 (R. 24b)","ps139:1-3,4-6,7-8,9-10(r.24b)","Lead me, Lord, in the way everlasting.",
2025-11-11,catholic_gallery_douay_archive,Douay-Rheims dated Mass-reading archive,https://www.catholicgallery.org/mass-reading/111125/,"Psalms 34: 2-3, 16-17, 18-19","ps34:2-3,16-17,18-19",I will bless the Lord at all times.,"2 I will bless the Lord at all times, his praise shall be always in my mouth.
3 In the Lord shall my soul be praised: let the meek hear and rejoice.
16 The eyes of the Lord are upon the just: and his ears unto their prayers.
17 But the countenance of the Lord is against them that do evil things: to cut off the remembrance of them from the earth.
18 The just cried, and the Lord heard them: and delivered them out of all their troubles.
19 The Lord is nigh unto them that are of a contrite heart: and he will save the humble of spirit."
2025-11-11,catholic_leaf_archive,dated Catholic lectionary response archive,https://www.catholicleaf.com/mass-readings-and-reflection-november-11-2025/,"Psalm 34:2-3, 16-17, 18-19 (R. 2a)","ps34:2-3,16-17,18-19(r.2a)",I will bless the Lord at all times.,
2025-11-12,catholic_gallery_douay_archive,Douay-Rheims dated Mass-reading archive,https://www.catholicgallery.org/mass-reading/121125/,"Psalms 82: 3-4, 6-7","ps82:3-4,6-7","Rise up, O God, bring judgment to the earth.","3 Judge for the needy and fatherless: do justice to the humble and the poor.
4 Rescue the poor; and deliver the needy out of the hand of the sinner.
6 I have said: You are gods and all of you the sons of the most High.
7 But you like men shall die: and shall fall like one of the princes."
2025-11-12,catholic_leaf_archive,dated Catholic lectionary response archive,https://www.catholicleaf.com/mass-readings-and-reflection-november-12-2025/,"Psalm 82:3-4, 6-7 (R. 8a)","ps82:3-4,6-7(r.8a)","Arise, O God; judge the earth!",
2025-11-13,catholic_gallery_douay_archive,Douay-Rheims dated Mass-reading archive,https://www.catholicgallery.org/mass-reading/131125/,"Psalms 119: 89, 90, 91, 130, 135, 175","ps119:89,90,91,130,135,175","Your word is for ever, O Lord.","89 LAMED. For ever, O Lord, thy word standeth firm in heaven.
90 Thy truth unto all generations: thou hast founded the earth, and it continueth.
91 By thy ordinance the day goeth on: for all things serve thee.
130 The declaration of thy words giveth light: and giveth understanding to little ones.
135 Make thy face to shine upon thy servant: and teach me thy justifications.
175 My soul shall live and shall praise thee: and thy judgments shall help me."
2025-11-13,catholic_leaf_archive,dated Catholic lectionary response archive,https://www.catholicleaf.com/mass-readings-and-reflection-november-13-2025/,"Psalm 119:89, 90, 91, 130, 135, 175 (R. 89a)","ps119:89,90,91,130,135,175(r.89a)","Forever is your word, O Lord.",
2025-11-14,catholic_gallery_douay_archive,Douay-Rheims dated Mass-reading archive,https://www.catholicgallery.org/mass-reading/141125/,"Psalms 19: 2-3, 4-5ab","ps19:2-3,4-5ab",The heavens proclaim the glory of God.,"2 The heavens shew forth the glory of God, and the firmament declareth the work of his hands.
3 Day to day uttereth speech, and night to night sheweth knowledge.
4 There are no speeches nor languages, where their voices are not heard.
5 Their sound hath gone forth into all the earth: and their words unto the ends of the world."
2025-11-14,catholic_leaf_archive,dated Catholic lectionary response archive,https://www.catholicleaf.com/mass-readings-and-reflection-november-14-2025/,"Psalm 19:2-3, 4-5 (R. 2a)","ps19:2-3,4-5(r.2a)",The heavens declare the glory of God.,
2025-11-15,catholic_gallery_douay_archive,Douay-Rheims dated Mass-reading archive,https://www.catholicgallery.org/mass-reading/151125/,"Psalms 105: 2-3, 36-37, 42-43","ps105:2-3,36-37,42-43",Remember the marvels the Lord has done!,"or
2 Sing to him, yea sing praises to him: relate all his wondrous works.
3 Glory ye in his holy name: let the heart of them rejoice that seek the Lord.
or
36 And he slew all the firstborn in their land: the firstfruits of all their labour.
37 And he brought them out with silver and gold: and there was not among their tribes one that was feeble.
or
42 Because he remembered his holy word, which he had spoken to his servant Abraham.
43 And he brought forth his people with joy, and his chosen with gladness.
or"
2025-11-15,catholic_leaf_archive,dated Catholic lectionary response archive,https://www.catholicleaf.com/mass-readings-and-reflection-november-15-2025/,"Psalm 105:2-3, 36-37, 42-43 (R. 5a)","ps105:2-3,36-37,42-43(r.5a)",Remember the wonders the Lord has done.,
2025-11-16,catholic_gallery_douay_archive,Douay-Rheims dated Mass-reading archive,https://www.catholicgallery.org/mass-reading/161125/,"Psalms 98: 5-6, 7-8, 9","ps98:5-6,7-8,9",The Lord comes to rule the earth with justice.,"5 Sing praise to the Lord on the harp, on the harp, and with the voice of a psalm.
6 With long trumpets, and sound of comet. Make a joyful noise before the Lord our king.
7 Let the sea be moved and the fulness thereof: the world and they that dwell therein.
8 The rivers shall clap their hands, the mountains shall rejoice together
9 At the presence of the Lord: because he cometh to judge the earth. He shall judge the world with justice, and the people with equity."
2025-11-16,catholic_leaf_archive,dated Catholic lectionary response archive,https://www.catholicleaf.com/mass-readings-and-reflection-november-16-2025/,"Psalm 98:5-6, 7-9a, 9bcd (R. see 9cd)","ps98:5-6,7-9a,9bcd(r.9cd)",The Lord comes to judge the peoples with fairness.,
2025-11-17,catholic_gallery_douay_archive,Douay-Rheims dated Mass-reading archive,https://www.catholicgallery.org/mass-reading/171125/,"Psalms 119: 53, 61, 134, 150, 155, 158","ps119:53,61,134,150,155,158","Give me life, O Lord, and I will do your commands.","53 A fainting hath taken hold of me, because of the wicked that forsake thy law.
61 The cords of the wicked have encompassed me: but I have not forgotten thy law.
134 Redeem me from the calumnies of men: that I may keep thy commandments.
150 They that persecute me have drawn nigh to iniquity; but they are gone far off from the law.
155 Salvation is far from sinners; because they have not sought thy justifications.
158 I beheld the transgressors, and I pined away; because they kept not thy word."
2025-11-17,catholic_leaf_archive,dated Catholic lectionary response archive,https://www.catholicleaf.com/mass-readings-and-reflection-november-17-2025/,"Psalm 119:53, 61, 134, 150, 155, 158 (R. see 88)","ps119:53,61,134,150,155,158(r.88)","Give me life, O Lord, and I will keep your commands.",
2025-11-18,catholic_gallery_douay_archive,Douay-Rheims dated Mass-reading archive,https://www.catholicgallery.org/mass-reading/181125/,"Psalms 3: 2-3, 4-5, 6-7","ps3:2-3,4-5,6-7",The Lord upholds me.,"2 Why, O Lord, are they multiplied that afflict me? many are they who rise up against me.
3 Many say to my soul: There is no salvation for him in his God.
4 But thou, O Lord art my protector, my glory, and the lifter up of my head.
5 I have cried to the Lord with my voice: and he hath heard me from his holy hill.
6 I have slept and taken my rest: and I have risen up, because the Lord hath protected me.
7 I will not fear thousands of the people, surrounding me: arise, O Lord; save me, O my God."
2025-11-18,catholic_leaf_archive,dated Catholic lectionary response archive,https://www.catholicleaf.com/mass-readings-and-reflection-november-18-2025/,"Psalm 3:2-3, 4-5, 6-7 (R. 6b)","ps3:2-3,4-5,6-7(r.6b)",The Lord upholds me.,
2025-11-19,catholic_gallery_douay_archive,Douay-Rheims dated Mass-reading archive,https://www.catholicgallery.org/mass-reading/191125/,"Psalms 17: 1bcd, 5-6, 8b and 15","ps17:1bcd,5-6,8b,15","Lord, when your glory appears, my joy will be full.","1 Hear, O Lord, my justice: attend to my supplication. Give ear unto my prayer, which proceedeth not from deceitful lips.
5 Perfect thou my goings in thy paths: that my footsteps be not moved.
6 I have cried to thee, for thou, O God, hast heard me: O incline thy ear unto me, and hear my words.
8b Keep me, as the apple of thy eye. Protect me under the shadow of thy wings.
15 But as for me, I will appear before thy sight in justice: I shall be satisfied when thy glory shall appear."
2025-11-19,catholic_leaf_archive,dated Catholic lectionary response archive,https://www.catholicleaf.com/mass-readings-and-reflection-november-19-2025/,"Psalm 17:1, 5-6, 8 and 15 (R. 15b)","ps17:1,5-6,8,15(r.15b)","When I awake, O Lord, I shall be filled with the vision of your presence.",
2025-11-20,catholic_gallery_douay_archive,Douay-Rheims dated Mass-reading archive,https://www.catholicgallery.org/mass-reading/201125/,"Psalms 50: 1b-2, 5-6, 14-15","ps50:1b-2,5-6,14-15",To the upright I will show the saving power of God.,"1 The God of gods, the Lord hath spoken: and he hath called the earth. From the rising of the sun, to the going down thereof:
2 Out of Sion the loveliness of his beauty.
5 Gather ye together his saints to him: who set his covenant before sacrifices.
6 And the heavens shall declare his justice: for God is judge.
14 Offer to God the sacrifice of praise: and pay thy vows to the most High.
15 And call upon me in the day of trouble: I will deliver thee, and thou shalt glorify me."
2025-11-20,catholic_leaf_archive,dated Catholic lectionary response archive,https://www.catholicleaf.com/mass-readings-and-reflection-november-20-2025/,"Psalm 50:1-2, 5-6, 14-15 (R. 23bc)","ps50:1-2,5-6,14-15(r.23bc)","To one whose way is blameless, I will show the salvation of God.",
2025-11-21,catholic_gallery_douay_archive,Douay-Rheims dated Mass-reading archive,https://www.catholicgallery.org/mass-reading/211125/,"First Chronicles 29: 10bcd, 11abc, 11d-12a, 12bcd","firstchronicles29:10bcd,11abc,11d-12a,12bcd","We praise your glorious name, O mighty God.","10bcd Blessed art thou, O Lord the God of Israel, our father from eternity to eternity.
11abc Thine, O Lord, is magnificence, and power, and glory, and victory: and to thee is praise: for all that is in heaven, and in earth, is thine.
11d Thine is the kingdom, O Lord, and thou art above all princes.
12a Thine are riches, and thine is glory.
12bcd Thou hast dominion over all, in thy hand is power and might: in thy hand greatness, and the empire of all things."
2025-11-22,catholic_gallery_douay_archive,Douay-Rheims dated Mass-reading archive,https://www.catholicgallery.org/mass-reading/221125/,"Psalms 9: 2-3, 4 and 6, 16 and 19","ps9:2-3,4,6,16,19","I will rejoice in your salvation, O Lord.","2 I will give praise to thee, O Lord, with my whole heart: I will relate all thy wonders.
3 I will be glad and rejoice in thee: I will sing to thy name, O thou most high.
4 When my enemy shall be turned back: they shall be weakened and perish before thy face.
6 Thou hast rebuked the Gentiles, and the wicked one hath perished: thou hast blotted out their name for ever and ever.
16 I will rejoice in thy salvation: the Gentiles have stuck fast in the destruction which they have prepared. Their foot hath been taken in the very snare which they hid.
19 For the poor man shall not be forgotten to the end: the patience of the poor shall not perish for ever."
2025-11-22,catholic_leaf_archive,dated Catholic lectionary response archive,https://www.catholicleaf.com/mass-readings-and-reflection-november-22-2025/,"Psalm 9:2-3, 4 and 6, 16 and 19 (R. see 15c)","ps9:2-3,4,6,16,19(r.15c)","I will rejoice in your salvation, O Lord.",
2025-11-23,catholic_gallery_douay_archive,Douay-Rheims dated Mass-reading archive,https://www.catholicgallery.org/mass-reading/231125/,"Psalms 122: 1-2, 3-4ab, 4cd-5","ps122:1-2,3-4ab,4cd-5",Let us go rejoicing to the house of the Lord.,"1 I rejoiced at the things that were said to me: We shall go into the house of the Lord.
2 Our feet were standing in thy courts, O Jerusalem.
3 Jerusalem, which is built as a city, which is compact together.
4ab For thither did the tribes go up, the tribes of the Lord.
4cd The testimony of Israel, to praise the name of the Lord.
5 Because their seats have sat in judgment, seats upon the house of David."
2025-11-23,catholic_leaf_archive,dated Catholic lectionary response archive,https://www.catholicleaf.com/mass-readings-and-reflection-november-23-2025/,"Psalm 122:1-2, 3-4, 4-5 R. (cf. 1)","ps122:1-2,3-4,4-5r.(1)",Let us go rejoicing to the house of the Lord.,
2025-11-24,catholic_gallery_douay_archive,Douay-Rheims dated Mass-reading archive,https://www.catholicgallery.org/mass-reading/241125/,"Daniel 3: 52, 53, 54, 55, 56","daniel3:52,53,54,55,56",Glory and praise for ever!,"52 Blessed art thou, O Lord the God of our fathers: and worthy to be praised, and glorified, and exalted above all for ever: and blessed is the holy name of thy glory: and worthy to be praised, and exalted above all in all ages.
53 Blessed art thou in the holy temple of thy glory: and exceedingly to be praised, and exceeding glorious for ever.
54 Blessed art thou on the throne of thy kingdom, and exceedingly to be praised, and exalted above all for ever.
55 Blessed art thou, that beholdest the depths, and sittest upon the cherubims: and worthy to be praised and exalted above all for ever.
56 Blessed art thou in the firmament of heaven: and worthy of praise, and glorious for ever."
2025-11-25,catholic_gallery_douay_archive,Douay-Rheims dated Mass-reading archive,https://www.catholicgallery.org/mass-reading/251125/,"Daniel 3: 57, 58, 59, 60, 61","daniel3:57,58,59,60,61",Give glory and eternal praise to him.,"57 All ye works of the Lord, bless the Lord: praise and exalt him above all for ever.
58 O ye angels of the Lord, bless the Lord: praise and exalt him above all for ever.
59 O ye heavens, bless the Lord: praise and exalt him above all for ever.
60 O all ye waters that are above the heavens, bless the Lord; praise and exalt him above all for ever.
61 O all ye powers of the Lord, bless the Lord: praise and exalt him above all for ever."
2025-11-26,catholic_gallery_douay_archive,Douay-Rheims dated Mass-reading archive,https://www.catholicgallery.org/mass-reading/261125/,"Daniel 3: 62, 63, 64, 65, 66, 67","daniel3:62,63,64,65,66,67",Give glory and eternal praise to him.,"62 O ye sun and moon, bless the Lord: praise and exalt him above all for ever.
63 O ye stars of heaven, bless the Lord: praise and exalt him above all for ever.
64 O every shower and dew, bless ye the Lord: praise and exalt him above all for ever.
65 O all ye spirits of God, bless the Lord: praise and exalt him above all for ever.
66 O ye fire and heat, bless the Lord: praise and exalt him above all for ever.
67 O ye cold and heat, bless the Lord: praise and exalt him above all for ever."
2025-11-27,catholic_gallery_douay_archive,Douay-Rheims dated Mass-reading archive,https://www.catholicgallery.org/mass-reading/271125/,"Daniel 3: 68, 69, 70, 71, 72, 73, 74","daniel3:68,69,70,71,72,73,74",Give glory and eternal praise to him.,"68 O ye dews and hoar frosts, bless the Lord: praise and exalt him above all for ever.
69 O ye frost and cold, bless the Lord: praise and exalt him above all for ever.
70 O ye ice and snow, bless the Lord: praise and exalt him above all for ever.
71 O ye nights and days, bless the Lord: praise and exalt him above all for ever.
72 O ye light and darkness, bless the Lord: praise and exalt him above all for ever.
73 O ye lightnings and clouds, bless the Lord: praise and exalt him above all for ever.
74 O let the earth bless the Lord: let it praise and exalt him above all for ever."
2025-11-28,catholic_gallery_douay_archive,Douay-Rheims dated Mass-reading archive,https://www.catholicgallery.org/mass-reading/281125/,"Daniel 3: 75, 76, 77, 78, 79, 80, 81","daniel3:75,76,77,78,79,80,81",Give glory and eternal praise to him!,"75 O ye mountains and hills, bless the Lord: praise and exalt him above all for ever.
76 O all ye things that spring up in the earth, bless the Lord: praise and exalt him above all for ever.
77 O ye fountains, bless the Lord: praise and exalt him above all for ever.
78 O ye seas and rivers, bless the Lord: praise and exalt him above all for ever.
79 O ye whales, and all that move in the waters, bless the Lord: praise and exalt him above all for ever.
80 O all ye fowls of the air, bless the Lord: praise and exalt him above all for ever.
81 O all ye beasts and cattle, bless the Lord: praise and exalt him above all for ever."
2025-11-29,catholic_gallery_douay_archive,Douay-Rheims dated Mass-reading archive,https://www.catholicgallery.org/mass-reading/291125/,"Daniel 3: 82, 83, 84, 85, 86, 87","daniel3:82,83,84,85,86,87",Give glory and eternal praise to him.,"82 O ye sons of men, bless the Lord, praise and exalt him above all for ever.
83 O let Israel bless the Lord: let them praise and exalt him above all for ever.
84 O ye priests of the Lord, bless the Lord: praise and exalt him above all for ever.
85 O ye servants of the Lord, bless the Lord: praise and exalt him above all for ever.
86 O ye spirits and souls of the just, bless the Lord: praise and exalt him above all for ever.
87 O ye holy and humble of heart, bless the Lord: praise and exalt him above all for ever."
2025-11-30,catholic_gallery_douay_archive,Douay-Rheims dated Mass-reading archive,https://www.catholicgallery.org/mass-reading/301125/,"Psalms 122: 1-2, 3-4ab, 4cd-5, 6-7, 8-9","ps122:1-2,3-4ab,4cd-5,6-7,8-9",Let us go rejoicing to the house of the Lord.,"1 I rejoiced at the things that were said to me: We shall go into the house of the Lord.
2 Our feet were standing in thy courts, O Jerusalem.
3 Jerusalem, which is built as a city, which is compact together.
4ab For thither did the tribes go up, the tribes of the Lord.
4cd The testimony of Israel, to praise the name of the Lord.
5 Because their seats have sat in judgment, seats upon the house of David.
6 Pray ye for the things that are for the peace of Jerusalem: and abundance for them that love thee.
7 Let peace be in thy strength: and abundance in thy towers.
8 For the sake of my brethren, and of my neighbours, I spoke peace of thee.
9 Because of the house of the Lord our God, I have sought good things for thee."
2025-11-30,catholic_leaf_archive,dated Catholic lectionary response archive,https://www.catholicleaf.com/mass-readings-and-reflection-november-30-2025/,"Psalm 122: 1-2, 3-4, 4-5, 6-7, 8-9","ps122:1-2,3-4,4-5,6-7,8-9",We shall go rejoicing to the house of the Lord,
